strategy,side,entry_time,entry_px,sl,tp,exit_time,exit_px,outcome,pts,risk,r,hour,reason
s100_m3_combo,SELL,2025-01-06 06:34:00+00:00,2631.24,2632.75,2627.47,2025-01-06 07:06:00+00:00,2632.75,SL,-1.96,1.51,-1.298,6,S100_OB_SHORT
s100_m3_combo,SELL,2025-01-06 14:22:00+00:00,2620.47,2627.3,2603.39,2025-01-06 14:31:00+00:00,2627.3,SL,-7.28,6.83,-1.0659,14,S100_FVG_SHORT
s100_m3_combo,SELL,2025-01-06 15:19:00+00:00,2630.81,2632.35,2626.96,2025-01-06 15:22:00+00:00,2632.35,SL,-1.99,1.54,-1.2922,15,S100_OB_SHORT
s100_m3_combo,BUY,2025-01-07 01:44:00+00:00,2638.85,2637.3,2642.72,2025-01-07 02:25:00+00:00,2637.3,SL,-2.0,1.55,-1.2903,1,S100_RSI3_MOMO_LONG
s100_m3_combo,BUY,2025-01-07 05:27:00+00:00,2642.48,2640.9,2646.44,2025-01-07 06:08:00+00:00,2646.44,TP,3.51,1.58,2.2215,5,S100_FVG_LONG
s100_m3_combo,BUY,2025-01-07 08:06:00+00:00,2642.2,2640.51,2646.43,2025-01-07 09:08:00+00:00,2640.51,SL,-2.14,1.69,-1.2663,8,S100_FVG_LONG
s100_m3_combo,BUY,2025-01-07 13:17:00+00:00,2655.7,2653.8,2660.45,2025-01-07 13:20:00+00:00,2660.45,TP,4.3,1.9,2.2632,13,S100_RSI3_MOMO_LONG
s100_m3_combo,BUY,2025-01-07 13:27:00+00:00,2658.53,2655.97,2664.94,2025-01-07 14:17:00+00:00,2655.97,SL,-3.01,2.56,-1.1758,13,S100_FVG_LONG
s100_m3_combo,BUY,2025-01-07 14:35:00+00:00,2662.41,2660.2,2667.92,2025-01-07 14:45:00+00:00,2660.2,SL,-2.66,2.21,-1.2036,14,S100_RSI3_MOMO_LONG
s100_m3_combo,BUY,2025-01-07 15:38:00+00:00,2645.85,2642.79,2653.51,2025-01-07 16:19:00+00:00,2653.51,TP,7.21,3.06,2.3562,15,S100_OB_LONG
s100_m3_combo,BUY,2025-01-08 13:59:00+00:00,2660.22,2657.9,2666.04,2025-01-08 14:36:00+00:00,2666.04,TP,5.37,2.32,2.3147,13,S100_RSI3_MOMO_LONG
s100_m3_combo,BUY,2025-01-08 14:47:00+00:00,2662.44,2660.6,2667.04,2025-01-08 15:00:00+00:00,2660.6,SL,-2.29,1.84,-1.2446,14,S100_OB_LONG
s100_m3_combo,BUY,2025-01-09 13:30:00+00:00,2674.64,2672.87,2679.06,2025-01-09 13:57:00+00:00,2672.87,SL,-2.22,1.77,-1.2542,13,S100_FVG_LONG
s100_m3_combo,BUY,2025-01-09 14:41:00+00:00,2674.39,2672.51,2679.11,2025-01-09 14:59:00+00:00,2672.51,SL,-2.33,1.88,-1.2394,14,S100_RSI3_MOMO_LONG
s100_m3_combo,BUY,2025-01-09 14:59:00+00:00,2673.17,2671.48,2677.39,2025-01-09 15:09:00+00:00,2671.48,SL,-2.14,1.69,-1.2663,14,S100_FVG_LONG
s100_m3_combo,BUY,2025-01-09 15:36:00+00:00,2673.72,2671.86,2678.38,2025-01-09 15:46:00+00:00,2671.86,SL,-2.31,1.86,-1.2419,15,S100_FVG_LONG
s100_m3_combo,BUY,2025-01-10 07:30:00+00:00,2676.86,2674.78,2682.09,2025-01-10 07:41:00+00:00,2674.78,SL,-2.53,2.08,-1.2163,7,S100_OB_LONG
s100_m3_combo,BUY,2025-01-10 14:23:00+00:00,2684.86,2682.57,2690.61,2025-01-10 14:29:00+00:00,2690.61,TP,5.3,2.29,2.3144,14,S100_OB_LONG
s100_m3_combo,BUY,2025-01-10 14:38:00+00:00,2686.82,2685.17,2690.96,2025-01-10 14:39:00+00:00,2685.17,SL,-2.1,1.65,-1.2727,14,S100_OB_LONG
s100_m3_combo,BUY,2025-01-10 15:06:00+00:00,2687.22,2685.72,2690.94,2025-01-10 15:10:00+00:00,2690.94,TP,3.27,1.5,2.18,15,S100_OB_LONG
s100_m3_combo,BUY,2025-01-10 15:17:00+00:00,2692.41,2688.48,2702.25,2025-01-10 16:04:00+00:00,2688.48,SL,-4.38,3.93,-1.1145,15,S100_RSI3_MOMO_LONG
s100_m3_combo,SELL,2025-01-13 01:18:00+00:00,2683.61,2685.17,2679.7,2025-01-13 01:26:00+00:00,2679.7,TP,3.46,1.56,2.2179,1,S100_FVG_SHORT
s100_m3_combo,SELL,2025-01-13 01:28:00+00:00,2681.51,2683.73,2675.94,2025-01-13 01:37:00+00:00,2683.73,SL,-2.67,2.22,-1.2027,1,S100_OB_SHORT
s100_m3_combo,SELL,2025-01-13 13:11:00+00:00,2668.49,2671.13,2661.87,2025-01-13 13:20:00+00:00,2671.13,SL,-3.09,2.64,-1.1705,13,S100_RSI3_MOMO_SHORT
s100_m3_combo,SELL,2025-01-13 15:19:00+00:00,2671.08,2673.08,2666.08,2025-01-13 15:24:00+00:00,2666.08,TP,4.55,2.0,2.275,15,S100_OB_SHORT
s100_m3_combo,SELL,2025-01-13 15:31:00+00:00,2665.9,2667.76,2661.26,2025-01-13 15:38:00+00:00,2667.76,SL,-2.31,1.86,-1.2419,15,S100_FVG_SHORT
s100_m3_combo,SELL,2025-01-14 13:46:00+00:00,2667.65,2671.81,2657.24,2025-01-14 14:58:00+00:00,2664.89,TIME,2.31,4.16,0.5553,13,S100_OB_SHORT
s100_m3_combo,BUY,2025-01-15 13:20:00+00:00,2684.8,2683.0,2689.32,2025-01-15 13:24:00+00:00,2683.0,SL,-2.25,1.8,-1.25,13,S100_OB_LONG
s100_m3_combo,BUY,2025-01-15 13:37:00+00:00,2686.93,2684.3,2693.53,2025-01-15 13:58:00+00:00,2693.53,TP,6.15,2.63,2.3384,13,S100_FVG_LONG
s100_m3_combo,BUY,2025-01-15 14:06:00+00:00,2691.53,2689.59,2696.38,2025-01-15 14:09:00+00:00,2689.59,SL,-2.39,1.94,-1.232,14,S100_FVG_LONG
s100_m3_combo,BUY,2025-01-16 01:08:00+00:00,2699.41,2697.72,2703.64,2025-01-16 01:50:00+00:00,2697.72,SL,-2.14,1.69,-1.2663,1,S100_RSI3_MOMO_LONG
s100_m3_combo,SELL,2025-01-16 06:22:00+00:00,2692.05,2693.68,2687.99,2025-01-16 06:43:00+00:00,2693.68,SL,-2.08,1.63,-1.2761,6,S100_FVG_SHORT
s100_m3_combo,BUY,2025-01-16 07:52:00+00:00,2698.37,2696.79,2702.31,2025-01-16 08:18:00+00:00,2702.31,TP,3.49,1.58,2.2089,7,S100_OB_LONG
s100_m3_combo,BUY,2025-01-16 08:24:00+00:00,2702.34,2700.79,2706.2,2025-01-16 08:31:00+00:00,2700.79,SL,-2.0,1.55,-1.2903,8,S100_FVG_LONG
s100_m3_combo,BUY,2025-01-16 14:10:00+00:00,2717.01,2715.51,2720.76,2025-01-16 14:11:00+00:00,2715.51,SL,-1.95,1.5,-1.3,14,S100_OB_LONG
s100_m3_combo,BUY,2025-01-16 15:00:00+00:00,2717.45,2715.84,2721.47,2025-01-16 15:06:00+00:00,2715.84,SL,-2.06,1.61,-1.2795,15,S100_OB_LONG
s100_m3_combo,SELL,2025-01-17 14:02:00+00:00,2704.28,2706.36,2699.08,2025-01-17 14:05:00+00:00,2706.36,SL,-2.53,2.08,-1.2163,14,S100_RSI3_MOMO_SHORT
s100_m3_combo,SELL,2025-01-20 01:42:00+00:00,2691.41,2693.07,2687.24,2025-01-20 01:51:00+00:00,2693.07,SL,-2.11,1.66,-1.2711,1,S100_FVG_SHORT
s100_m3_combo,BUY,2025-01-21 01:18:00+00:00,2709.98,2708.2,2714.43,2025-01-21 01:41:00+00:00,2714.43,TP,4.0,1.78,2.2472,1,S100_FVG_LONG
s100_m3_combo,BUY,2025-01-21 02:00:00+00:00,2717.84,2716.16,2722.04,2025-01-21 02:10:00+00:00,2722.04,TP,3.75,1.68,2.2321,2,S100_FVG_LONG
s100_m3_combo,BUY,2025-01-21 04:31:00+00:00,2726.59,2724.94,2730.72,2025-01-21 04:42:00+00:00,2724.94,SL,-2.1,1.65,-1.2727,4,S100_OB_LONG
s100_m3_combo,BUY,2025-01-21 06:22:00+00:00,2728.26,2726.29,2733.16,2025-01-21 06:28:00+00:00,2726.29,SL,-2.42,1.97,-1.2284,6,S100_FVG_LONG
s100_m3_combo,BUY,2025-01-22 07:24:00+00:00,2749.55,2747.73,2754.08,2025-01-22 07:51:00+00:00,2754.08,TP,4.08,1.82,2.2418,7,S100_FVG_LONG
s100_m3_combo,SELL,2025-01-23 13:19:00+00:00,2743.07,2744.75,2738.86,2025-01-23 13:25:00+00:00,2738.86,TP,3.76,1.68,2.2381,13,S100_OB_SHORT
s100_m3_combo,SELL,2025-01-23 13:29:00+00:00,2740.85,2742.58,2736.53,2025-01-23 13:31:00+00:00,2742.58,SL,-2.18,1.73,-1.2601,13,S100_OB_SHORT
s100_m3_combo,SELL,2025-01-23 14:40:00+00:00,2744.88,2746.85,2739.96,2025-01-23 14:59:00+00:00,2746.85,SL,-2.42,1.97,-1.2284,14,S100_OB_SHORT
s100_m3_combo,SELL,2025-01-23 15:16:00+00:00,2744.93,2746.71,2740.45,2025-01-23 15:39:00+00:00,2746.71,SL,-2.23,1.78,-1.2528,15,S100_OB_SHORT
s100_m3_combo,BUY,2025-01-24 08:53:00+00:00,2774.2,2772.64,2778.1,2025-01-24 09:36:00+00:00,2772.64,SL,-2.01,1.56,-1.2885,8,S100_FVG_LONG
s100_m3_combo,BUY,2025-01-24 14:08:00+00:00,2784.09,2782.53,2787.97,2025-01-24 14:11:00+00:00,2782.53,SL,-2.01,1.56,-1.2885,14,S100_RSI3_MOMO_LONG
s100_m3_combo,BUY,2025-01-24 14:48:00+00:00,2779.57,2777.78,2784.05,2025-01-24 14:49:00+00:00,2777.78,SL,-2.24,1.79,-1.2514,14,S100_FVG_LONG
s100_m3_combo,BUY,2025-01-24 15:54:00+00:00,2778.39,2776.26,2783.74,2025-01-24 15:56:00+00:00,2776.26,SL,-2.58,2.13,-1.2113,15,S100_OB_LONG
s100_m3_combo,SELL,2025-01-27 01:45:00+00:00,2764.62,2766.45,2760.05,2025-01-27 02:13:00+00:00,2760.05,TP,4.12,1.83,2.2514,1,S100_FVG_SHORT
s100_m3_combo,SELL,2025-01-27 02:39:00+00:00,2755.94,2758.32,2750.0,2025-01-27 02:43:00+00:00,2758.32,SL,-2.83,2.38,-1.1891,2,S100_OB_SHORT
s100_m3_combo,SELL,2025-01-27 04:04:00+00:00,2760.36,2762.06,2756.12,2025-01-27 04:38:00+00:00,2756.12,TP,3.79,1.7,2.2294,4,S100_OB_SHORT
s100_m3_combo,SELL,2025-01-27 13:29:00+00:00,2758.01,2759.94,2753.19,2025-01-27 13:43:00+00:00,2753.19,TP,4.37,1.93,2.2642,13,S100_RSI3_MOMO_SHORT
s100_m3_combo,SELL,2025-01-27 13:48:00+00:00,2754.49,2756.07,2750.56,2025-01-27 13:49:00+00:00,2756.07,SL,-2.03,1.58,-1.2848,13,S100_FVG_SHORT
s100_m3_combo,SELL,2025-01-27 14:10:00+00:00,2754.76,2756.44,2750.54,2025-01-27 14:24:00+00:00,2750.54,TP,3.77,1.68,2.244,14,S100_FVG_SHORT
s100_m3_combo,SELL,2025-01-27 15:14:00+00:00,2741.66,2744.84,2733.71,2025-01-27 15:22:00+00:00,2744.84,SL,-3.63,3.18,-1.1415,15,S100_RSI3_MOMO_SHORT
s100_m3_combo,BUY,2025-01-28 13:39:00+00:00,2748.72,2747.01,2752.99,2025-01-28 13:42:00+00:00,2747.01,SL,-2.16,1.71,-1.2632,13,S100_FVG_LONG
s100_m3_combo,BUY,2025-01-28 15:17:00+00:00,2756.0,2754.05,2760.87,2025-01-28 16:29:00+00:00,2757.505,TIME,1.055,1.95,0.541,15,S100_RSI3_MOMO_LONG
s100_m3_combo,BUY,2025-01-30 13:06:00+00:00,2781.84,2780.27,2785.77,2025-01-30 13:16:00+00:00,2780.27,SL,-2.02,1.57,-1.2866,13,S100_FVG_LONG
s100_m3_combo,BUY,2025-01-30 13:47:00+00:00,2784.46,2782.74,2788.76,2025-01-30 14:17:00+00:00,2782.74,SL,-2.17,1.72,-1.2616,13,S100_RSI3_MOMO_LONG
s100_m3_combo,BUY,2025-01-30 14:17:00+00:00,2783.39,2781.39,2788.4,2025-01-30 14:35:00+00:00,2781.39,SL,-2.45,2.0,-1.225,14,S100_FVG_LONG
s100_m3_combo,BUY,2025-01-30 15:01:00+00:00,2787.74,2786.1,2791.86,2025-01-30 15:40:00+00:00,2791.86,TP,3.67,1.64,2.2378,15,S100_FVG_LONG
s100_m3_combo,BUY,2025-01-31 15:19:00+00:00,2812.43,2809.69,2819.3,2025-01-31 15:23:00+00:00,2809.69,SL,-3.19,2.74,-1.1642,15,S100_FVG_LONG
s100_m3_combo,SELL,2025-02-03 01:13:00+00:00,2786.04,2787.65,2782.01,2025-02-03 01:17:00+00:00,2782.01,TP,3.58,1.61,2.2236,1,S100_FVG_SHORT
s100_m3_combo,SELL,2025-02-03 02:00:00+00:00,2782.47,2784.07,2778.48,2025-02-03 02:04:00+00:00,2778.48,TP,3.54,1.6,2.2125,2,S100_OB_SHORT
s100_m3_combo,SELL,2025-02-03 02:10:00+00:00,2778.95,2781.29,2773.12,2025-02-03 02:26:00+00:00,2781.29,SL,-2.79,2.34,-1.1923,2,S100_FVG_SHORT
s100_m3_combo,SELL,2025-02-03 02:53:00+00:00,2777.58,2779.32,2773.23,2025-02-03 03:37:00+00:00,2773.23,TP,3.9,1.74,2.2414,2,S100_OB_SHORT
s100_m3_combo,SELL,2025-02-03 04:24:00+00:00,2780.22,2781.91,2776.0,2025-02-03 05:12:00+00:00,2781.91,SL,-2.14,1.69,-1.2663,4,S100_FVG_SHORT
s100_m3_combo,SELL,2025-02-03 06:47:00+00:00,2786.11,2787.8,2781.86,2025-02-03 07:02:00+00:00,2787.8,SL,-2.14,1.69,-1.2663,6,S100_OB_SHORT
s100_m3_combo,BUY,2025-02-03 13:02:00+00:00,2811.14,2809.38,2815.56,2025-02-03 13:07:00+00:00,2809.38,SL,-2.21,1.76,-1.2557,13,S100_RSI3_MOMO_LONG
s100_m3_combo,BUY,2025-02-03 15:00:00+00:00,2828.71,2825.06,2837.84,2025-02-03 15:07:00+00:00,2825.06,SL,-4.1,3.65,-1.1233,15,S100_OB_LONG
s100_m3_combo,BUY,2025-02-04 04:00:00+00:00,2820.53,2818.85,2824.73,2025-02-04 04:19:00+00:00,2818.85,SL,-2.13,1.68,-1.2679,4,S100_FVG_LONG
s100_m3_combo,SELL,2025-02-04 07:31:00+00:00,2808.97,2810.66,2804.74,2025-02-04 07:41:00+00:00,2810.66,SL,-2.14,1.69,-1.2663,7,S100_FVG_SHORT
s100_m3_combo,SELL,2025-02-04 08:44:00+00:00,2812.75,2814.97,2807.2,2025-02-04 08:47:00+00:00,2814.97,SL,-2.67,2.22,-1.2027,8,S100_RSI3_MOMO_SHORT
s100_m3_combo,BUY,2025-02-04 14:12:00+00:00,2832.01,2828.82,2839.99,2025-02-04 14:33:00+00:00,2839.99,TP,7.53,3.19,2.3605,14,S100_OB_LONG
s100_m3_combo,BUY,2025-02-04 14:44:00+00:00,2840.11,2837.53,2846.54,2025-02-04 15:39:00+00:00,2837.53,SL,-3.03,2.58,-1.1744,14,S100_RSI3_MOMO_LONG
s100_m3_combo,BUY,2025-02-05 02:15:00+00:00,2852.3,2849.64,2858.96,2025-02-05 02:31:00+00:00,2849.64,SL,-3.11,2.66,-1.1692,2,S100_FVG_LONG
s100_m3_combo,BUY,2025-02-05 14:11:00+00:00,2864.93,2862.33,2871.41,2025-02-05 14:50:00+00:00,2871.41,TP,6.03,2.6,2.3192,14,S100_RSI3_MOMO_LONG
s100_m3_combo,BUY,2025-02-05 14:54:00+00:00,2870.64,2868.56,2875.86,2025-02-05 15:00:00+00:00,2875.86,TP,4.77,2.08,2.2933,14,S100_FVG_LONG
s100_m3_combo,BUY,2025-02-05 15:06:00+00:00,2873.8,2871.78,2878.84,2025-02-05 15:07:00+00:00,2871.78,SL,-2.47,2.02,-1.2228,15,S100_FVG_LONG
s100_m3_combo,BUY,2025-02-05 15:22:00+00:00,2874.56,2871.74,2881.6,2025-02-05 15:51:00+00:00,2881.6,TP,6.59,2.82,2.3369,15,S100_OB_LONG
s100_m3_combo,BUY,2025-02-05 15:55:00+00:00,2880.57,2878.94,2884.65,2025-02-05 16:03:00+00:00,2878.94,SL,-2.08,1.63,-1.2761,15,S100_FVG_LONG
s100_m3_combo,BUY,2025-02-06 13:22:00+00:00,2862.32,2860.6,2866.65,2025-02-06 13:28:00+00:00,2860.6,SL,-2.17,1.72,-1.2616,13,S100_OB_LONG
s100_m3_combo,SELL,2025-02-06 13:48:00+00:00,2859.99,2861.86,2855.32,2025-02-06 14:08:00+00:00,2855.32,TP,4.22,1.87,2.2567,13,S100_FVG_SHORT
s100_m3_combo,SELL,2025-02-06 14:11:00+00:00,2855.03,2857.0,2850.12,2025-02-06 14:17:00+00:00,2857.0,SL,-2.42,1.97,-1.2284,14,S100_RSI3_MOMO_SHORT
s100_m3_combo,SELL,2025-02-06 15:13:00+00:00,2842.55,2846.43,2832.86,2025-02-06 15:17:00+00:00,2846.43,SL,-4.33,3.88,-1.116,15,S100_FVG_SHORT
s100_m3_combo,BUY,2025-02-07 01:28:00+00:00,2862.95,2861.45,2866.68,2025-02-07 01:52:00+00:00,2866.68,TP,3.28,1.5,2.1867,1,S100_FVG_LONG
s100_m3_combo,SELL,2025-02-07 13:34:00+00:00,2861.72,2864.39,2855.07,2025-02-07 13:36:00+00:00,2864.39,SL,-3.12,2.67,-1.1685,13,S100_OB_SHORT
s100_m3_combo,BUY,2025-02-07 14:51:00+00:00,2873.73,2871.76,2878.65,2025-02-07 15:04:00+00:00,2878.65,TP,4.47,1.97,2.269,14,S100_OB_LONG
s100_m3_combo,BUY,2025-02-07 15:32:00+00:00,2884.2,2881.61,2890.69,2025-02-07 15:53:00+00:00,2881.61,SL,-3.04,2.59,-1.1737,15,S100_RSI3_MOMO_LONG
s100_m3_combo,BUY,2025-02-10 01:12:00+00:00,2875.16,2873.1,2880.31,2025-02-10 01:13:00+00:00,2873.1,SL,-2.51,2.06,-1.2184,1,S100_FVG_LONG
s100_m3_combo,BUY,2025-02-10 02:10:00+00:00,2871.61,2869.72,2876.31,2025-02-10 03:22:00+00:00,2874.175,TIME,2.115,1.89,1.119,2,S100_FVG_LONG
s100_m3_combo,BUY,2025-02-10 06:53:00+00:00,2887.98,2885.64,2893.82,2025-02-10 07:30:00+00:00,2893.82,TP,5.39,2.34,2.3034,6,S100_FVG_LONG
s100_m3_combo,BUY,2025-02-10 08:00:00+00:00,2894.76,2892.65,2900.01,2025-02-10 08:19:00+00:00,2892.65,SL,-2.56,2.11,-1.2133,8,S100_FVG_LONG
s100_m3_combo,BUY,2025-02-10 14:47:00+00:00,2906.78,2904.35,2912.87,2025-02-10 15:59:00+00:00,2909.095,TIME,1.865,2.43,0.7675,14,S100_RSI3_MOMO_LONG
s100_m3_combo,BUY,2025-02-11 01:44:00+00:00,2931.88,2929.19,2938.59,2025-02-11 02:11:00+00:00,2938.59,TP,6.26,2.69,2.3271,1,S100_RSI3_MOMO_LONG
s100_m3_combo,BUY,2025-02-11 02:19:00+00:00,2938.68,2936.54,2944.01,2025-02-11 02:33:00+00:00,2936.54,SL,-2.59,2.14,-1.2103,2,S100_FVG_LONG
s100_m3_combo,BUY,2025-02-11 05:47:00+00:00,2923.16,2921.62,2927.01,2025-02-11 06:04:00+00:00,2927.01,TP,3.4,1.54,2.2078,5,S100_RSI3_MOMO_LONG
s100_m3_combo,BUY,2025-02-11 06:12:00+00:00,2926.88,2925.25,2930.94,2025-02-11 06:16:00+00:00,2925.25,SL,-2.08,1.63,-1.2761,6,S100_FVG_LONG
s100_m3_combo,SELL,2025-02-11 08:17:00+00:00,2912.42,2913.92,2908.66,2025-02-11 08:19:00+00:00,2913.92,SL,-1.95,1.5,-1.3,8,S100_OB_SHORT
s100_m3_combo,SELL,2025-02-12 01:21:00+00:00,2891.69,2893.35,2887.53,2025-02-12 01:32:00+00:00,2887.53,TP,3.71,1.66,2.2349,1,S100_OB_SHORT
s100_m3_combo,SELL,2025-02-12 03:22:00+00:00,2889.97,2891.57,2885.95,2025-02-12 04:32:00+00:00,2885.95,TP,3.57,1.6,2.2312,3,S100_FVG_SHORT
s100_m3_combo,SELL,2025-02-12 06:46:00+00:00,2888.68,2890.33,2884.55,2025-02-12 06:50:00+00:00,2890.33,SL,-2.1,1.65,-1.2727,6,S100_FVG_SHORT
s100_m3_combo,SELL,2025-02-12 13:48:00+00:00,2875.8,2878.37,2869.35,2025-02-12 13:54:00+00:00,2878.37,SL,-3.02,2.57,-1.1751,13,S100_OB_SHORT
s100_m3_combo,BUY,2025-02-12 14:35:00+00:00,2897.26,2893.28,2907.23,2025-02-12 14:43:00+00:00,2893.28,SL,-4.43,3.98,-1.1131,14,S100_RSI3_MOMO_LONG
s100_m3_combo,BUY,2025-02-12 15:32:00+00:00,2894.26,2891.38,2901.44,2025-02-12 16:44:00+00:00,2897.4,TIME,2.69,2.88,0.934,15,S100_RSI3_MOMO_LONG
s100_m3_combo,BUY,2025-02-13 01:47:00+00:00,2904.87,2903.36,2908.64,2025-02-13 02:32:00+00:00,2908.64,TP,3.32,1.51,2.1987,1,S100_RSI3_MOMO_LONG
s100_m3_combo,BUY,2025-02-13 07:51:00+00:00,2917.64,2915.4,2923.22,2025-02-13 07:57:00+00:00,2915.4,SL,-2.69,2.24,-1.2009,7,S100_FVG_LONG
s100_m3_combo,SELL,2025-02-13 13:55:00+00:00,2910.2,2912.54,2904.34,2025-02-13 14:11:00+00:00,2912.54,SL,-2.79,2.34,-1.1923,13,S100_FVG_SHORT
s100_m3_combo,SELL,2025-02-13 14:31:00+00:00,2911.73,2913.81,2906.52,2025-02-13 14:38:00+00:00,2913.81,SL,-2.53,2.08,-1.2163,14,S100_OB_SHORT
s100_m3_combo,BUY,2025-02-13 15:42:00+00:00,2918.57,2916.51,2923.73,2025-02-13 16:36:00+00:00,2916.51,SL,-2.51,2.06,-1.2184,15,S100_FVG_LONG
s100_m3_combo,SELL,2025-02-14 13:08:00+00:00,2926.57,2928.27,2922.34,2025-02-14 13:16:00+00:00,2928.27,SL,-2.15,1.7,-1.2647,13,S100_RSI3_MOMO_SHORT
s100_m3_combo,SELL,2025-02-14 13:52:00+00:00,2921.63,2926.41,2909.68,2025-02-14 14:21:00+00:00,2926.41,SL,-5.23,4.78,-1.0941,13,S100_FVG_SHORT
s100_m3_combo,SELL,2025-02-14 15:36:00+00:00,2900.68,2904.24,2891.81,2025-02-14 15:40:00+00:00,2904.24,SL,-4.01,3.56,-1.1264,15,S100_FVG_SHORT
s100_m3_combo,SELL,2025-02-17 01:00:00+00:00,2883.72,2885.39,2879.56,2025-02-17 01:03:00+00:00,2885.39,SL,-2.12,1.67,-1.2695,1,S100_RSI3_MOMO_SHORT
s100_m3_combo,SELL,2025-02-17 01:48:00+00:00,2893.96,2896.67,2887.19,2025-02-17 01:55:00+00:00,2896.67,SL,-3.16,2.71,-1.1661,1,S100_OB_SHORT
s100_m3_combo,BUY,2025-02-17 02:45:00+00:00,2898.2,2895.79,2904.2,2025-02-17 03:45:00+00:00,2904.2,TP,5.55,2.41,2.3029,2,S100_FVG_LONG
s100_m3_combo,BUY,2025-02-17 05:30:00+00:00,2902.84,2900.98,2907.52,2025-02-17 05:35:00+00:00,2900.98,SL,-2.31,1.86,-1.2419,5,S100_FVG_LONG
s100_m3_combo,BUY,2025-02-17 07:45:00+00:00,2901.22,2899.41,2905.75,2025-02-17 07:52:00+00:00,2899.41,SL,-2.26,1.81,-1.2486,7,S100_FVG_LONG
s100_m3_combo,BUY,2025-02-17 08:51:00+00:00,2900.55,2898.45,2905.83,2025-02-17 09:18:00+00:00,2905.83,TP,4.83,2.1,2.3,8,S100_FVG_LONG
s100_m3_combo,BUY,2025-02-18 04:01:00+00:00,2908.44,2906.19,2914.07,2025-02-18 05:12:00+00:00,2914.07,TP,5.18,2.25,2.3022,4,S100_OB_LONG
s100_m3_combo,BUY,2025-02-18 06:11:00+00:00,2913.76,2912.0,2918.14,2025-02-18 06:28:00+00:00,2912.0,SL,-2.21,1.76,-1.2557,6,S100_RSI3_MOMO_LONG
s100_m3_combo,BUY,2025-02-18 14:05:00+00:00,2920.91,2919.31,2924.89,2025-02-18 14:16:00+00:00,2919.31,SL,-2.05,1.6,-1.2813,14,S100_RSI3_MOMO_LONG
s100_m3_combo,BUY,2025-02-18 14:50:00+00:00,2925.93,2923.95,2930.88,2025-02-18 15:34:00+00:00,2923.95,SL,-2.43,1.98,-1.2273,14,S100_RSI3_MOMO_LONG
s100_m3_combo,BUY,2025-02-19 01:55:00+00:00,2938.03,2936.28,2942.4,2025-02-19 02:10:00+00:00,2936.28,SL,-2.2,1.75,-1.2571,1,S100_FVG_LONG
s100_m3_combo,BUY,2025-02-19 06:09:00+00:00,2934.91,2933.21,2939.15,2025-02-19 06:17:00+00:00,2933.21,SL,-2.15,1.7,-1.2647,6,S100_FVG_LONG
s100_m3_combo,SELL,2025-02-19 13:19:00+00:00,2939.64,2941.98,2933.82,2025-02-19 13:52:00+00:00,2933.82,TP,5.37,2.34,2.2949,13,S100_OB_SHORT
s100_m3_combo,SELL,2025-02-19 15:22:00+00:00,2936.38,2938.71,2930.54,2025-02-19 15:32:00+00:00,2938.71,SL,-2.78,2.33,-1.1931,15,S100_OB_SHORT
s100_m3_combo,SELL,2025-02-19 15:51:00+00:00,2935.18,2939.15,2925.28,2025-02-19 16:00:00+00:00,2925.28,TP,9.45,3.97,2.3804,15,S100_OB_SHORT
s100_m3_combo,BUY,2025-02-20 02:56:00+00:00,2940.34,2937.86,2946.55,2025-02-20 04:08:00+00:00,2941.375,TIME,0.585,2.48,0.2359,2,S100_FVG_LONG
s100_m3_combo,BUY,2025-02-20 08:27:00+00:00,2953.28,2951.08,2958.8,2025-02-20 09:36:00+00:00,2951.08,SL,-2.65,2.2,-1.2045,8,S100_FVG_LONG
s100_m3_combo,SELL,2025-02-20 13:53:00+00:00,2936.72,2940.62,2926.99,2025-02-20 14:05:00+00:00,2926.99,TP,9.28,3.9,2.3795,13,S100_FVG_SHORT
s100_m3_combo,SELL,2025-02-20 14:35:00+00:00,2935.12,2937.66,2928.78,2025-02-20 14:38:00+00:00,2937.66,SL,-2.99,2.54,-1.1772,14,S100_OB_SHORT
s100_m3_combo,SELL,2025-02-20 15:06:00+00:00,2936.22,2940.39,2925.78,2025-02-20 16:18:00+00:00,2938.54,TIME,-2.77,4.17,-0.6643,15,S100_OB_SHORT
s100_m3_combo,SELL,2025-02-21 01:54:00+00:00,2930.34,2933.25,2923.07,2025-02-21 02:06:00+00:00,2933.25,SL,-3.36,2.91,-1.1546,1,S100_FVG_SHORT
s100_m3_combo,SELL,2025-02-21 03:23:00+00:00,2930.87,2932.8,2926.04,2025-02-21 03:32:00+00:00,2932.8,SL,-2.38,1.93,-1.2332,3,S100_RSI3_MOMO_SHORT
s100_m3_combo,SELL,2025-02-21 04:54:00+00:00,2928.87,2930.44,2924.95,2025-02-21 05:32:00+00:00,2924.95,TP,3.47,1.57,2.2102,4,S100_FVG_SHORT
s100_m3_combo,BUY,2025-02-21 13:53:00+00:00,2932.75,2930.51,2938.35,2025-02-21 14:00:00+00:00,2930.51,SL,-2.69,2.24,-1.2009,13,S100_RSI3_MOMO_LONG
s100_m3_combo,BUY,2025-02-21 14:32:00+00:00,2932.53,2930.88,2936.66,2025-02-21 14:34:00+00:00,2930.88,SL,-2.1,1.65,-1.2727,14,S100_OB_LONG
s100_m3_combo,BUY,2025-02-21 14:57:00+00:00,2933.78,2931.43,2939.68,2025-02-21 15:01:00+00:00,2931.43,SL,-2.8,2.35,-1.1915,14,S100_FVG_LONG
s100_m3_combo,SELL,2025-02-24 01:15:00+00:00,2924.82,2926.53,2920.56,2025-02-24 01:30:00+00:00,2926.53,SL,-2.16,1.71,-1.2632,1,S100_FVG_SHORT
s100_m3_combo,BUY,2025-02-24 03:20:00+00:00,2942.7,2940.45,2948.34,2025-02-24 03:51:00+00:00,2940.45,SL,-2.7,2.25,-1.2,3,S100_OB_LONG
s100_m3_combo,BUY,2025-02-24 04:34:00+00:00,2941.13,2938.6,2947.46,2025-02-24 04:54:00+00:00,2938.6,SL,-2.98,2.53,-1.1779,4,S100_OB_LONG
s100_m3_combo,BUY,2025-02-24 08:58:00+00:00,2946.67,2944.44,2952.26,2025-02-24 09:16:00+00:00,2944.44,SL,-2.68,2.23,-1.2018,8,S100_FVG_LONG
s100_m3_combo,BUY,2025-02-24 13:34:00+00:00,2949.56,2947.43,2954.88,2025-02-24 14:00:00+00:00,2954.88,TP,4.87,2.13,2.2864,13,S100_OB_LONG
s100_m3_combo,BUY,2025-02-24 14:46:00+00:00,2941.75,2936.96,2953.73,2025-02-24 15:01:00+00:00,2936.96,SL,-5.24,4.79,-1.0939,14,S100_OB_LONG
s100_m3_combo,SELL,2025-02-24 15:11:00+00:00,2934.94,2936.68,2930.6,2025-02-24 15:14:00+00:00,2936.68,SL,-2.19,1.74,-1.2586,15,S100_FVG_SHORT
s100_m3_combo,SELL,2025-02-25 08:03:00+00:00,2931.45,2933.5,2926.34,2025-02-25 08:12:00+00:00,2933.5,SL,-2.5,2.05,-1.2195,8,S100_OB_SHORT
s100_m3_combo,BUY,2025-02-25 14:40:00+00:00,2940.32,2938.48,2944.91,2025-02-25 14:45:00+00:00,2938.48,SL,-2.29,1.84,-1.2446,14,S100_OB_LONG
s100_m3_combo,SELL,2025-02-25 15:08:00+00:00,2931.01,2933.77,2924.13,2025-02-25 15:17:00+00:00,2924.13,TP,6.43,2.76,2.3297,15,S100_RSI3_MOMO_SHORT
s100_m3_combo,BUY,2025-02-26 01:27:00+00:00,2928.03,2925.94,2933.25,2025-02-26 01:38:00+00:00,2925.94,SL,-2.54,2.09,-1.2153,1,S100_FVG_LONG
s100_m3_combo,SELL,2025-02-26 06:26:00+00:00,2911.59,2913.64,2906.48,2025-02-26 07:00:00+00:00,2906.48,TP,4.66,2.05,2.2732,6,S100_FVG_SHORT
s100_m3_combo,SELL,2025-02-26 08:20:00+00:00,2912.41,2914.26,2907.77,2025-02-26 08:48:00+00:00,2914.26,SL,-2.3,1.85,-1.2432,8,S100_RSI3_MOMO_SHORT
s100_m3_combo,SELL,2025-02-26 13:03:00+00:00,2912.76,2914.67,2907.96,2025-02-26 13:55:00+00:00,2907.96,TP,4.35,1.91,2.2775,13,S100_OB_SHORT
s100_m3_combo,SELL,2025-02-26 14:41:00+00:00,2892.96,2896.64,2883.76,2025-02-26 14:45:00+00:00,2896.64,SL,-4.13,3.68,-1.1223,14,S100_RSI3_MOMO_SHORT
s100_m3_combo,SELL,2025-02-26 14:45:00+00:00,2897.07,2898.82,2892.68,2025-02-26 14:47:00+00:00,2898.82,SL,-2.2,1.75,-1.2571,14,S100_FVG_SHORT
s100_m3_combo,BUY,2025-02-27 01:52:00+00:00,2915.75,2913.7,2920.88,2025-02-27 01:53:00+00:00,2913.7,SL,-2.5,2.05,-1.2195,1,S100_FVG_LONG
s100_m3_combo,SELL,2025-02-27 04:57:00+00:00,2898.46,2900.14,2894.27,2025-02-27 05:03:00+00:00,2894.27,TP,3.74,1.68,2.2262,4,S100_FVG_SHORT
s100_m3_combo,SELL,2025-02-27 05:27:00+00:00,2893.72,2895.38,2889.6,2025-02-27 05:38:00+00:00,2889.6,TP,3.67,1.66,2.2108,5,S100_FVG_SHORT
s100_m3_combo,SELL,2025-02-27 05:41:00+00:00,2891.59,2894.43,2884.5,2025-02-27 05:45:00+00:00,2894.43,SL,-3.29,2.84,-1.1585,5,S100_OB_SHORT
s100_m3_combo,SELL,2025-02-27 07:02:00+00:00,2893.99,2895.54,2890.1,2025-02-27 07:23:00+00:00,2895.54,SL,-2.0,1.55,-1.2903,7,S100_RSI3_MOMO_SHORT
s100_m3_combo,SELL,2025-02-27 07:34:00+00:00,2892.75,2895.14,2886.77,2025-02-27 08:09:00+00:00,2886.77,TP,5.53,2.39,2.3138,7,S100_FVG_SHORT
s100_m3_combo,SELL,2025-02-27 08:09:00+00:00,2889.45,2891.69,2883.83,2025-02-27 08:27:00+00:00,2883.83,TP,5.17,2.24,2.308,8,S100_RSI3_MOMO_SHORT
s100_m3_combo,SELL,2025-02-27 08:37:00+00:00,2882.92,2884.43,2879.13,2025-02-27 08:39:00+00:00,2884.43,SL,-1.96,1.51,-1.298,8,S100_FVG_SHORT
s100_m3_combo,SELL,2025-02-27 13:34:00+00:00,2888.43,2891.24,2881.41,2025-02-27 13:55:00+00:00,2891.24,SL,-3.26,2.81,-1.1601,13,S100_OB_SHORT
s100_m3_combo,SELL,2025-02-27 15:53:00+00:00,2872.91,2876.16,2864.8,2025-02-27 16:04:00+00:00,2876.16,SL,-3.7,3.25,-1.1385,15,S100_RSI3_MOMO_SHORT
s100_m3_combo,SELL,2025-02-28 01:20:00+00:00,2880.27,2881.86,2876.29,2025-02-28 01:30:00+00:00,2881.86,SL,-2.04,1.59,-1.283,1,S100_FVG_SHORT
s100_m3_combo,SELL,2025-02-28 03:48:00+00:00,2865.82,2868.27,2859.67,2025-02-28 04:10:00+00:00,2859.67,TP,5.7,2.45,2.3265,3,S100_FVG_SHORT
s100_m3_combo,SELL,2025-02-28 04:40:00+00:00,2861.68,2864.2,2855.4,2025-02-28 04:48:00+00:00,2864.2,SL,-2.97,2.52,-1.1786,4,S100_OB_SHORT
s100_m3_combo,SELL,2025-02-28 07:30:00+00:00,2859.91,2861.54,2855.85,2025-02-28 08:15:00+00:00,2855.85,TP,3.61,1.63,2.2147,7,S100_FVG_SHORT
s100_m3_combo,SELL,2025-02-28 08:25:00+00:00,2855.5,2857.67,2850.07,2025-02-28 09:03:00+00:00,2857.67,SL,-2.62,2.17,-1.2074,8,S100_FVG_SHORT
s100_m3_combo,SELL,2025-02-28 13:33:00+00:00,2854.89,2858.05,2846.98,2025-02-28 13:38:00+00:00,2858.05,SL,-3.61,3.16,-1.1424,13,S100_OB_SHORT
s100_m3_combo,SELL,2025-02-28 13:53:00+00:00,2852.51,2855.92,2843.99,2025-02-28 14:07:00+00:00,2843.99,TP,8.07,3.41,2.3666,13,S100_RSI3_MOMO_SHORT
s100_m3_combo,SELL,2025-02-28 14:35:00+00:00,2844.01,2847.5,2835.27,2025-02-28 14:55:00+00:00,2835.27,TP,8.29,3.49,2.3754,14,S100_RSI3_MOMO_SHORT
s100_m3_combo,SELL,2025-02-28 15:01:00+00:00,2836.2,2839.03,2829.15,2025-02-28 15:10:00+00:00,2839.03,SL,-3.28,2.83,-1.159,15,S100_OB_SHORT
s100_m3_combo,BUY,2025-03-03 03:41:00+00:00,2864.84,2863.07,2869.28,2025-03-03 04:53:00+00:00,2867.965,TIME,2.675,1.77,1.5113,3,S100_RSI3_MOMO_LONG
s100_m3_combo,SELL,2025-03-03 08:34:00+00:00,2861.26,2863.05,2856.81,2025-03-03 08:36:00+00:00,2863.05,SL,-2.24,1.79,-1.2514,8,S100_FVG_SHORT
s100_m3_combo,BUY,2025-03-03 13:38:00+00:00,2874.82,2872.49,2880.63,2025-03-03 13:41:00+00:00,2872.49,SL,-2.78,2.33,-1.1931,13,S100_RSI3_MOMO_LONG
s100_m3_combo,BUY,2025-03-03 14:41:00+00:00,2879.88,2877.45,2885.94,2025-03-03 14:45:00+00:00,2877.45,SL,-2.88,2.43,-1.1852,14,S100_FVG_LONG
s100_m3_combo,BUY,2025-03-03 15:09:00+00:00,2878.89,2876.48,2884.91,2025-03-03 15:21:00+00:00,2884.91,TP,5.57,2.41,2.3112,15,S100_OB_LONG
s100_m3_combo,BUY,2025-03-04 01:59:00+00:00,2888.41,2886.7,2892.68,2025-03-04 02:06:00+00:00,2886.7,SL,-2.16,1.71,-1.2632,1,S100_RSI3_MOMO_LONG
s100_m3_combo,BUY,2025-03-04 15:17:00+00:00,2908.24,2902.62,2922.27,2025-03-04 15:22:00+00:00,2902.62,SL,-6.07,5.62,-1.0801,15,S100_OB_LONG
s100_m3_combo,SELL,2025-03-04 15:24:00+00:00,2905.89,2907.86,2900.98,2025-03-04 15:31:00+00:00,2907.86,SL,-2.42,1.97,-1.2284,15,S100_FVG_SHORT
s100_m3_combo,SELL,2025-03-04 15:57:00+00:00,2906.07,2908.27,2900.54,2025-03-04 16:12:00+00:00,2908.27,SL,-2.65,2.2,-1.2045,15,S100_OB_SHORT
s100_m3_combo,SELL,2025-03-05 02:40:00+00:00,2907.16,2908.87,2902.9,2025-03-05 02:57:00+00:00,2902.9,TP,3.81,1.71,2.2281,2,S100_OB_SHORT
s100_m3_combo,SELL,2025-03-05 04:02:00+00:00,2909.78,2912.34,2903.39,2025-03-05 04:23:00+00:00,2912.34,SL,-3.01,2.56,-1.1758,4,S100_FVG_SHORT
s100_m3_combo,SELL,2025-03-05 13:54:00+00:00,2897.3,2900.33,2889.73,2025-03-05 13:59:00+00:00,2900.33,SL,-3.48,3.03,-1.1485,13,S100_FVG_SHORT
s100_m3_combo,SELL,2025-03-05 15:01:00+00:00,2913.4,2916.05,2906.77,2025-03-05 15:05:00+00:00,2916.05,SL,-3.1,2.65,-1.1698,15,S100_OB_SHORT
s100_m3_combo,BUY,2025-03-05 15:38:00+00:00,2922.75,2919.04,2932.03,2025-03-05 15:42:00+00:00,2919.04,SL,-4.16,3.71,-1.1213,15,S100_RSI3_MOMO_LONG
s100_m3_combo,SELL,2025-03-06 13:24:00+00:00,2904.53,2907.11,2898.07,2025-03-06 13:35:00+00:00,2907.11,SL,-3.03,2.58,-1.1744,13,S100_FVG_SHORT
s100_m3_combo,BUY,2025-03-06 15:06:00+00:00,2917.86,2915.17,2924.58,2025-03-06 15:21:00+00:00,2915.17,SL,-3.14,2.69,-1.1673,15,S100_FVG_LONG
s100_m3_combo,BUY,2025-03-06 15:48:00+00:00,2913.34,2911.6,2917.72,2025-03-06 16:22:00+00:00,2917.72,TP,3.93,1.74,2.2586,15,S100_FVG_LONG
s100_m3_combo,SELL,2025-03-07 02:12:00+00:00,2904.06,2906.14,2898.86,2025-03-07 02:22:00+00:00,2906.14,SL,-2.53,2.08,-1.2163,2,S100_FVG_SHORT
s100_m3_combo,BUY,2025-03-07 15:00:00+00:00,2926.66,2924.28,2932.62,2025-03-07 15:20:00+00:00,2924.28,SL,-2.83,2.38,-1.1891,15,S100_FVG_LONG
s100_m3_combo,SELL,2025-03-10 02:52:00+00:00,2912.09,2913.59,2908.33,2025-03-10 04:04:00+00:00,2911.745,TIME,-0.105,1.5,-0.07,2,S100_FVG_SHORT
s100_m3_combo,SELL,2025-03-10 15:12:00+00:00,2904.38,2905.93,2900.49,2025-03-10 15:22:00+00:00,2905.93,SL,-2.0,1.55,-1.2903,15,S100_FVG_SHORT
s100_m3_combo,SELL,2025-03-11 01:11:00+00:00,2882.82,2885.23,2876.81,2025-03-11 01:13:00+00:00,2885.23,SL,-2.86,2.41,-1.1867,1,S100_RSI3_MOMO_SHORT
s100_m3_combo,BUY,2025-03-11 08:06:00+00:00,2901.38,2899.58,2905.86,2025-03-11 08:20:00+00:00,2905.86,TP,4.03,1.8,2.2389,8,S100_OB_LONG
s100_m3_combo,BUY,2025-03-11 08:20:00+00:00,2905.87,2904.25,2909.92,2025-03-11 08:46:00+00:00,2909.92,TP,3.6,1.62,2.2222,8,S100_RSI3_MOMO_LONG
s100_m3_combo,BUY,2025-03-11 14:00:00+00:00,2916.16,2912.32,2925.76,2025-03-11 14:41:00+00:00,2912.32,SL,-4.29,3.84,-1.1172,14,S100_FVG_LONG
s100_m3_combo,BUY,2025-03-11 15:14:00+00:00,2919.59,2917.62,2924.5,2025-03-11 15:20:00+00:00,2917.62,SL,-2.42,1.97,-1.2284,15,S100_RSI3_MOMO_LONG
s100_m3_combo,BUY,2025-03-11 15:20:00+00:00,2918.11,2916.48,2922.21,2025-03-11 15:22:00+00:00,2916.48,SL,-2.08,1.63,-1.2761,15,S100_FVG_LONG
s100_m3_combo,BUY,2025-03-12 03:06:00+00:00,2918.07,2916.27,2922.59,2025-03-12 03:52:00+00:00,2916.27,SL,-2.25,1.8,-1.25,3,S100_FVG_LONG
s100_m3_combo,BUY,2025-03-12 14:47:00+00:00,2919.86,2918.03,2924.45,2025-03-12 15:01:00+00:00,2924.45,TP,4.14,1.83,2.2623,14,S100_RSI3_MOMO_LONG
s100_m3_combo,BUY,2025-03-12 15:15:00+00:00,2926.24,2924.74,2930.0,2025-03-12 15:18:00+00:00,2924.74,SL,-1.95,1.5,-1.3,15,S100_FVG_LONG
s100_m3_combo,BUY,2025-03-12 15:50:00+00:00,2927.92,2926.03,2932.64,2025-03-12 16:09:00+00:00,2932.64,TP,4.27,1.89,2.2593,15,S100_RSI3_MOMO_LONG
s100_m3_combo,BUY,2025-03-13 08:36:00+00:00,2943.44,2941.92,2947.25,2025-03-13 08:55:00+00:00,2941.92,SL,-1.97,1.52,-1.2961,8,S100_FVG_LONG
s100_m3_combo,BUY,2025-03-13 13:14:00+00:00,2942.59,2940.58,2947.62,2025-03-13 13:35:00+00:00,2947.62,TP,4.58,2.01,2.2786,13,S100_OB_LONG
s100_m3_combo,BUY,2025-03-13 13:50:00+00:00,2948.0,2946.14,2952.65,2025-03-13 14:03:00+00:00,2952.65,TP,4.2,1.86,2.2581,13,S100_FVG_LONG
s100_m3_combo,BUY,2025-03-13 15:35:00+00:00,2973.05,2971.15,2977.81,2025-03-13 15:39:00+00:00,2977.81,TP,4.31,1.9,2.2684,15,S100_OB_LONG
s100_m3_combo,BUY,2025-03-13 15:44:00+00:00,2974.8,2972.25,2981.19,2025-03-13 15:45:00+00:00,2972.25,SL,-3.0,2.55,-1.1765,15,S100_OB_LONG
s100_m3_combo,BUY,2025-03-14 01:49:00+00:00,2986.13,2984.44,2990.36,2025-03-14 02:59:00+00:00,2984.44,SL,-2.14,1.69,-1.2663,1,S100_FVG_LONG
s100_m3_combo,BUY,2025-03-14 03:24:00+00:00,2987.76,2985.87,2992.5,2025-03-14 03:55:00+00:00,2992.5,TP,4.29,1.89,2.2698,3,S100_FVG_LONG
s100_m3_combo,SELL,2025-03-14 07:12:00+00:00,2983.32,2984.85,2979.47,2025-03-14 07:31:00+00:00,2984.85,SL,-1.98,1.53,-1.2941,7,S100_FVG_SHORT
s100_m3_combo,SELL,2025-03-14 14:01:00+00:00,2987.49,2990.25,2980.6,2025-03-14 14:09:00+00:00,2990.25,SL,-3.21,2.76,-1.163,14,S100_FVG_SHORT
s100_m3_combo,SELL,2025-03-14 14:36:00+00:00,2985.5,2987.42,2980.7,2025-03-14 15:04:00+00:00,2980.7,TP,4.35,1.92,2.2656,14,S100_FVG_SHORT
s100_m3_combo,SELL,2025-03-17 14:01:00+00:00,2989.41,2990.97,2985.52,2025-03-17 14:04:00+00:00,2990.97,SL,-2.01,1.56,-1.2885,14,S100_OB_SHORT
s100_m3_combo,BUY,2025-03-17 15:50:00+00:00,2997.28,2995.63,3001.39,2025-03-17 16:02:00+00:00,2995.63,SL,-2.1,1.65,-1.2727,15,S100_RSI3_MOMO_LONG
s100_m3_combo,BUY,2025-03-18 03:26:00+00:00,3013.39,3011.01,3019.37,2025-03-18 03:37:00+00:00,3011.01,SL,-2.83,2.38,-1.1891,3,S100_OB_LONG
s100_m3_combo,BUY,2025-03-18 05:49:00+00:00,3012.66,3011.03,3016.75,2025-03-18 06:07:00+00:00,3016.75,TP,3.64,1.63,2.2331,5,S100_FVG_LONG
s100_m3_combo,BUY,2025-03-18 06:11:00+00:00,3015.65,3013.86,3020.12,2025-03-18 06:20:00+00:00,3013.86,SL,-2.24,1.79,-1.2514,6,S100_FVG_LONG
s100_m3_combo,BUY,2025-03-18 13:26:00+00:00,3036.8,3035.02,3041.25,2025-03-18 13:32:00+00:00,3035.02,SL,-2.23,1.78,-1.2528,13,S100_RSI3_MOMO_LONG
s100_m3_combo,BUY,2025-03-18 13:57:00+00:00,3034.7,3032.29,3040.7,2025-03-18 14:00:00+00:00,3032.29,SL,-2.86,2.41,-1.1867,13,S100_FVG_LONG
s100_m3_combo,BUY,2025-03-18 14:39:00+00:00,3029.16,3027.64,3032.97,2025-03-18 14:46:00+00:00,3027.64,SL,-1.97,1.52,-1.2961,14,S100_OB_LONG
s100_m3_combo,BUY,2025-03-19 06:00:00+00:00,3044.04,3042.15,3048.77,2025-03-19 06:10:00+00:00,3042.15,SL,-2.34,1.89,-1.2381,6,S100_FVG_LONG
s100_m3_combo,SELL,2025-03-19 08:50:00+00:00,3027.76,3029.47,3023.47,2025-03-19 09:05:00+00:00,3023.47,TP,3.84,1.71,2.2456,8,S100_RSI3_MOMO_SHORT
s100_m3_combo,SELL,2025-03-19 14:50:00+00:00,3028.12,3030.03,3023.36,2025-03-19 15:07:00+00:00,3030.03,SL,-2.36,1.91,-1.2356,14,S100_RSI3_MOMO_SHORT
s100_m3_combo,SELL,2025-03-20 15:35:00+00:00,3039.07,3040.82,3034.69,2025-03-20 15:47:00+00:00,3040.82,SL,-2.2,1.75,-1.2571,15,S100_OB_SHORT
s100_m3_combo,SELL,2025-03-21 02:17:00+00:00,3035.39,3036.95,3031.47,2025-03-21 03:09:00+00:00,3031.47,TP,3.47,1.56,2.2244,2,S100_RSI3_MOMO_SHORT
s100_m3_combo,SELL,2025-03-21 07:43:00+00:00,3031.17,3032.8,3027.09,2025-03-21 08:00:00+00:00,3032.8,SL,-2.08,1.63,-1.2761,7,S100_OB_SHORT
s100_m3_combo,SELL,2025-03-21 08:26:00+00:00,3027.61,3029.49,3022.93,2025-03-21 08:31:00+00:00,3029.49,SL,-2.33,1.88,-1.2394,8,S100_RSI3_MOMO_SHORT
s100_m3_combo,SELL,2025-03-21 14:22:00+00:00,3007.4,3009.61,3001.87,2025-03-21 14:28:00+00:00,3009.61,SL,-2.66,2.21,-1.2036,14,S100_FVG_SHORT
s100_m3_combo,BUY,2025-03-24 02:35:00+00:00,3021.95,3020.26,3026.19,2025-03-24 02:40:00+00:00,3020.26,SL,-2.14,1.69,-1.2663,2,S100_OB_LONG
s100_m3_combo,BUY,2025-03-24 08:38:00+00:00,3025.09,3023.4,3029.32,2025-03-24 09:00:00+00:00,3029.32,TP,3.78,1.69,2.2367,8,S100_FVG_LONG
s100_m3_combo,SELL,2025-03-24 14:11:00+00:00,3023.09,3024.74,3018.98,2025-03-24 14:24:00+00:00,3018.98,TP,3.66,1.65,2.2182,14,S100_FVG_SHORT
s100_m3_combo,SELL,2025-03-24 15:08:00+00:00,3008.51,3011.69,3000.57,2025-03-24 15:13:00+00:00,3011.69,SL,-3.63,3.18,-1.1415,15,S100_FVG_SHORT
s100_m3_combo,BUY,2025-03-25 08:50:00+00:00,3021.51,3019.81,3025.78,2025-03-25 09:06:00+00:00,3019.81,SL,-2.15,1.7,-1.2647,8,S100_RSI3_MOMO_LONG
s100_m3_combo,BUY,2025-03-25 13:02:00+00:00,3022.41,3020.67,3026.78,2025-03-25 13:35:00+00:00,3026.78,TP,3.92,1.74,2.2529,13,S100_RSI3_MOMO_LONG
s100_m3_combo,BUY,2025-03-25 14:10:00+00:00,3033.87,3031.07,3040.87,2025-03-25 14:12:00+00:00,3031.07,SL,-3.25,2.8,-1.1607,14,S100_FVG_LONG
s100_m3_combo,SELL,2025-03-26 13:59:00+00:00,3016.72,3019.06,3010.85,2025-03-26 14:07:00+00:00,3019.06,SL,-2.79,2.34,-1.1923,13,S100_RSI3_MOMO_SHORT
s100_m3_combo,SELL,2025-03-26 14:31:00+00:00,3017.47,3019.85,3011.51,2025-03-26 14:42:00+00:00,3019.85,SL,-2.83,2.38,-1.1891,14,S100_OB_SHORT
s100_m3_combo,SELL,2025-03-26 15:06:00+00:00,3014.47,3017.86,3006.01,2025-03-26 15:15:00+00:00,3017.86,SL,-3.84,3.39,-1.1327,15,S100_FVG_SHORT
s100_m3_combo,BUY,2025-03-27 06:07:00+00:00,3031.34,3029.46,3036.05,2025-03-27 06:09:00+00:00,3029.46,SL,-2.33,1.88,-1.2394,6,S100_OB_LONG
s100_m3_combo,BUY,2025-03-27 08:57:00+00:00,3036.32,3034.43,3041.04,2025-03-27 09:57:00+00:00,3041.04,TP,4.27,1.89,2.2593,8,S100_FVG_LONG
s100_m3_combo,BUY,2025-03-27 14:07:00+00:00,3043.06,3040.26,3050.07,2025-03-27 14:20:00+00:00,3050.07,TP,6.56,2.8,2.3429,14,S100_FVG_LONG
s100_m3_combo,BUY,2025-03-27 14:30:00+00:00,3050.3,3048.63,3054.46,2025-03-27 14:39:00+00:00,3054.46,TP,3.71,1.67,2.2216,14,S100_OB_LONG
s100_m3_combo,BUY,2025-03-27 14:44:00+00:00,3055.18,3052.4,3062.11,2025-03-27 15:56:00+00:00,3053.855,TIME,-1.775,2.78,-0.6385,14,S100_RSI3_MOMO_LONG
s100_m3_combo,BUY,2025-03-28 01:56:00+00:00,3072.53,3070.73,3077.05,2025-03-28 02:08:00+00:00,3077.05,TP,4.07,1.8,2.2611,1,S100_RSI3_MOMO_LONG
s100_m3_combo,BUY,2025-03-28 07:24:00+00:00,3085.47,3083.23,3091.09,2025-03-28 07:28:00+00:00,3083.23,SL,-2.69,2.24,-1.2009,7,S100_OB_LONG
s100_m3_combo,BUY,2025-03-28 13:33:00+00:00,3073.7,3071.34,3079.61,2025-03-28 13:49:00+00:00,3079.61,TP,5.46,2.36,2.3136,13,S100_OB_LONG
s100_m3_combo,BUY,2025-03-28 14:16:00+00:00,3079.62,3076.75,3086.8,2025-03-28 14:29:00+00:00,3076.75,SL,-3.32,2.87,-1.1568,14,S100_FVG_LONG
s100_m3_combo,BUY,2025-03-31 02:24:00+00:00,3098.88,3096.87,3103.89,2025-03-31 02:25:00+00:00,3096.87,SL,-2.46,2.01,-1.2239,2,S100_OB_LONG
s100_m3_combo,BUY,2025-03-31 02:40:00+00:00,3103.89,3100.91,3111.35,2025-03-31 02:50:00+00:00,3100.91,SL,-3.43,2.98,-1.151,2,S100_FVG_LONG
s100_m3_combo,BUY,2025-03-31 03:08:00+00:00,3109.36,3105.99,3117.79,2025-03-31 03:22:00+00:00,3105.99,SL,-3.82,3.37,-1.1335,3,S100_RSI3_MOMO_LONG
s100_m3_combo,BUY,2025-03-31 05:26:00+00:00,3112.75,3110.53,3118.3,2025-03-31 05:32:00+00:00,3110.53,SL,-2.67,2.22,-1.2027,5,S100_RSI3_MOMO_LONG
s100_m3_combo,BUY,2025-03-31 06:00:00+00:00,3115.53,3113.41,3120.84,2025-03-31 06:09:00+00:00,3120.84,TP,4.86,2.12,2.2925,6,S100_FVG_LONG
s100_m3_combo,BUY,2025-03-31 06:09:00+00:00,3120.09,3117.58,3126.35,2025-03-31 06:13:00+00:00,3126.35,TP,5.81,2.51,2.3147,6,S100_RSI3_MOMO_LONG
s100_m3_combo,BUY,2025-03-31 06:19:00+00:00,3121.34,3119.52,3125.86,2025-03-31 06:24:00+00:00,3119.52,SL,-2.27,1.82,-1.2473,6,S100_FVG_LONG
s100_m3_combo,BUY,2025-03-31 07:08:00+00:00,3121.58,3119.06,3127.87,2025-03-31 07:35:00+00:00,3119.06,SL,-2.97,2.52,-1.1786,7,S100_FVG_LONG
s100_m3_combo,BUY,2025-03-31 08:57:00+00:00,3123.11,3121.25,3127.75,2025-03-31 09:06:00+00:00,3121.25,SL,-2.31,1.86,-1.2419,8,S100_OB_LONG
s100_m3_combo,SELL,2025-03-31 13:51:00+00:00,3107.32,3109.61,3101.59,2025-03-31 13:53:00+00:00,3109.61,SL,-2.74,2.29,-1.1965,13,S100_FVG_SHORT
s100_m3_combo,BUY,2025-04-01 02:01:00+00:00,3133.53,3132.02,3137.32,2025-04-01 02:09:00+00:00,3137.32,TP,3.34,1.51,2.2119,2,S100_OB_LONG
s100_m3_combo,BUY,2025-04-01 02:15:00+00:00,3138.54,3136.55,3143.53,2025-04-01 02:27:00+00:00,3143.53,TP,4.54,1.99,2.2814,2,S100_FVG_LONG
s100_m3_combo,BUY,2025-04-01 02:33:00+00:00,3142.55,3139.8,3149.44,2025-04-01 03:45:00+00:00,3145.38,TIME,2.38,2.75,0.8655,2,S100_FVG_LONG
s100_m3_combo,BUY,2025-04-01 05:40:00+00:00,3146.7,3145.17,3150.52,2025-04-01 05:42:00+00:00,3145.17,SL,-1.98,1.53,-1.2941,5,S100_FVG_LONG
s100_m3_combo,BUY,2025-04-01 06:21:00+00:00,3132.05,3128.93,3139.83,2025-04-01 07:33:00+00:00,3130.15,TIME,-2.35,3.12,-0.7532,6,S100_OB_LONG
s100_m3_combo,SELL,2025-04-01 08:54:00+00:00,3131.09,3132.69,3127.11,2025-04-01 09:10:00+00:00,3132.69,SL,-2.05,1.6,-1.2813,8,S100_FVG_SHORT
s100_m3_combo,SELL,2025-04-01 15:22:00+00:00,3129.64,3131.65,3124.6,2025-04-01 15:40:00+00:00,3124.6,TP,4.59,2.01,2.2836,15,S100_OB_SHORT
s100_m3_combo,SELL,2025-04-01 15:41:00+00:00,3124.19,3126.63,3118.09,2025-04-01 15:52:00+00:00,3118.09,TP,5.65,2.44,2.3156,15,S100_RSI3_MOMO_SHORT
s100_m3_combo,BUY,2025-04-02 01:22:00+00:00,3130.68,3128.16,3137.01,2025-04-02 02:34:00+00:00,3131.745,TIME,0.615,2.52,0.244,1,S100_FVG_LONG
s100_m3_combo,BUY,2025-04-02 03:09:00+00:00,3131.29,3128.39,3138.55,2025-04-02 03:33:00+00:00,3128.39,SL,-3.35,2.9,-1.1552,3,S100_OB_LONG
s100_m3_combo,BUY,2025-04-02 13:38:00+00:00,3128.45,3126.2,3134.05,2025-04-02 13:45:00+00:00,3126.2,SL,-2.7,2.25,-1.2,13,S100_FVG_LONG
s100_m3_combo,BUY,2025-04-02 14:51:00+00:00,3128.16,3125.61,3134.53,2025-04-02 14:56:00+00:00,3125.61,SL,-3.0,2.55,-1.1765,14,S100_FVG_LONG
s100_m3_combo,BUY,2025-04-02 15:33:00+00:00,3127.01,3123.23,3136.48,2025-04-02 16:45:00+00:00,3133.12,TIME,5.66,3.78,1.4974,15,S100_OB_LONG
s100_m3_combo,BUY,2025-04-03 01:05:00+00:00,3153.59,3149.43,3163.97,2025-04-03 01:12:00+00:00,3149.43,SL,-4.61,4.16,-1.1082,1,S100_RSI3_MOMO_LONG
s100_m3_combo,BUY,2025-04-03 03:09:00+00:00,3148.39,3144.58,3157.92,2025-04-03 04:21:00+00:00,3148.645,TIME,-0.195,3.81,-0.0512,3,S100_FVG_LONG
s100_m3_combo,SELL,2025-04-03 05:11:00+00:00,3136.76,3139.11,3130.87,2025-04-03 05:17:00+00:00,3130.87,TP,5.44,2.35,2.3149,5,S100_RSI3_MOMO_SHORT
s100_m3_combo,SELL,2025-04-03 05:21:00+00:00,3133.62,3135.73,3128.35,2025-04-03 05:26:00+00:00,3128.35,TP,4.82,2.11,2.2844,5,S100_FVG_SHORT
s100_m3_combo,SELL,2025-04-03 05:30:00+00:00,3130.82,3132.64,3126.3,2025-04-03 05:33:00+00:00,3126.3,TP,4.07,1.82,2.2363,5,S100_FVG_SHORT
s100_m3_combo,SELL,2025-04-03 05:35:00+00:00,3129.53,3131.35,3125.0,2025-04-03 05:36:00+00:00,3131.35,SL,-2.27,1.82,-1.2473,5,S100_OB_SHORT
s100_m3_combo,SELL,2025-04-03 05:54:00+00:00,3131.03,3133.03,3126.04,2025-04-03 05:55:00+00:00,3133.03,SL,-2.45,2.0,-1.225,5,S100_OB_SHORT
s100_m3_combo,SELL,2025-04-03 06:23:00+00:00,3126.13,3129.58,3117.51,2025-04-03 06:30:00+00:00,3117.51,TP,8.17,3.45,2.3681,6,S100_RSI3_MOMO_SHORT
s100_m3_combo,SELL,2025-04-03 06:33:00+00:00,3122.33,3126.87,3110.98,2025-04-03 06:46:00+00:00,3126.87,SL,-4.99,4.54,-1.0991,6,S100_FVG_SHORT
s100_m3_combo,SELL,2025-04-03 08:13:00+00:00,3129.53,3132.13,3123.03,2025-04-03 09:25:00+00:00,3125.9,TIME,3.18,2.6,1.2231,8,S100_OB_SHORT
s100_m3_combo,SELL,2025-04-03 13:37:00+00:00,3076.42,3078.92,3070.17,2025-04-03 13:38:00+00:00,3078.92,SL,-2.95,2.5,-1.18,13,S100_OB_SHORT
s100_m3_combo,BUY,2025-04-03 14:57:00+00:00,3129.49,3122.97,3145.8,2025-04-03 15:07:00+00:00,3122.97,SL,-6.97,6.52,-1.069,14,S100_FVG_LONG
s100_m3_combo,BUY,2025-04-03 15:45:00+00:00,3110.35,3106.65,3119.59,2025-04-03 15:53:00+00:00,3106.65,SL,-4.15,3.7,-1.1216,15,S100_OB_LONG
s100_m3_combo,SELL,2025-04-04 02:47:00+00:00,3093.51,3097.02,3084.75,2025-04-04 02:58:00+00:00,3097.02,SL,-3.96,3.51,-1.1282,2,S100_RSI3_MOMO_SHORT
s100_m3_combo,SELL,2025-04-04 03:23:00+00:00,3092.53,3095.04,3086.24,2025-04-04 03:31:00+00:00,3095.04,SL,-2.96,2.51,-1.1793,3,S100_OB_SHORT
s100_m3_combo,SELL,2025-04-04 04:59:00+00:00,3100.69,3103.18,3094.46,2025-04-04 05:04:00+00:00,3103.18,SL,-2.94,2.49,-1.1807,4,S100_FVG_SHORT
s100_m3_combo,SELL,2025-04-04 06:32:00+00:00,3102.54,3104.56,3097.49,2025-04-04 07:02:00+00:00,3097.49,TP,4.6,2.02,2.2772,6,S100_RSI3_MOMO_SHORT
s100_m3_combo,SELL,2025-04-04 07:06:00+00:00,3098.48,3101.07,3092.01,2025-04-04 07:08:00+00:00,3101.07,SL,-3.04,2.59,-1.1737,7,S100_FVG_SHORT
s100_m3_combo,SELL,2025-04-04 07:24:00+00:00,3097.22,3099.65,3091.12,2025-04-04 07:26:00+00:00,3099.65,SL,-2.88,2.43,-1.1852,7,S100_FVG_SHORT
s100_m3_combo,SELL,2025-04-04 07:44:00+00:00,3093.92,3097.03,3086.14,2025-04-04 08:18:00+00:00,3086.14,TP,7.33,3.11,2.3569,7,S100_RSI3_MOMO_SHORT
s100_m3_combo,SELL,2025-04-04 08:24:00+00:00,3085.88,3087.46,3081.93,2025-04-04 08:25:00+00:00,3087.46,SL,-2.03,1.58,-1.2848,8,S100_FVG_SHORT
s100_m3_combo,SELL,2025-04-04 08:32:00+00:00,3082.36,3085.38,3074.81,2025-04-04 08:55:00+00:00,3085.38,SL,-3.47,3.02,-1.149,8,S100_RSI3_MOMO_SHORT
s100_m3_combo,SELL,2025-04-04 13:32:00+00:00,3073.2,3079.48,3057.5,2025-04-04 13:40:00+00:00,3079.48,SL,-6.73,6.28,-1.0717,13,S100_RSI3_MOMO_SHORT
s100_m3_combo,SELL,2025-04-04 14:14:00+00:00,3048.91,3055.75,3031.79,2025-04-04 14:23:00+00:00,3055.75,SL,-7.29,6.84,-1.0658,14,S100_RSI3_MOMO_SHORT
s100_m3_combo,SELL,2025-04-04 14:24:00+00:00,3058.37,3062.91,3047.01,2025-04-04 14:30:00+00:00,3047.01,TP,10.91,4.54,2.4031,14,S100_FVG_SHORT
s100_m3_combo,SELL,2025-04-04 14:52:00+00:00,3038.44,3043.22,3026.48,2025-04-04 14:53:00+00:00,3043.22,SL,-5.23,4.78,-1.0941,14,S100_FVG_SHORT
s100_m3_combo,SELL,2025-04-04 15:12:00+00:00,3038.52,3049.37,3011.4,2025-04-04 16:24:00+00:00,3023.025,TIME,15.045,10.85,1.3866,15,S100_OB_SHORT
s100_m3_combo,SELL,2025-04-07 01:55:00+00:00,3044.77,3054.74,3019.85,2025-04-07 02:09:00+00:00,3054.74,SL,-10.42,9.97,-1.0451,1,S100_OB_SHORT
s100_m3_combo,BUY,2025-04-07 02:11:00+00:00,3052.86,3043.62,3075.98,2025-04-07 02:25:00+00:00,3043.62,SL,-9.69,9.24,-1.0487,2,S100_RSI3_MOMO_LONG
s100_m3_combo,BUY,2025-04-07 02:25:00+00:00,3047.63,3039.08,3069.0,2025-04-07 02:32:00+00:00,3039.08,SL,-9.0,8.55,-1.0526,2,S100_FVG_LONG
s100_m3_combo,BUY,2025-04-07 03:43:00+00:00,3029.07,3027.19,3033.79,2025-04-07 03:44:00+00:00,3027.19,SL,-2.33,1.88,-1.2394,3,S100_OB_LONG
s100_m3_combo,BUY,2025-04-07 04:06:00+00:00,3024.41,3019.14,3037.58,2025-04-07 05:04:00+00:00,3037.58,TP,12.72,5.27,2.4137,4,S100_FVG_LONG
s100_m3_combo,BUY,2025-04-07 06:46:00+00:00,3025.36,3022.43,3032.67,2025-04-07 06:50:00+00:00,3022.43,SL,-3.38,2.93,-1.1536,6,S100_FVG_LONG
s100_m3_combo,SELL,2025-04-07 07:16:00+00:00,3017.91,3020.64,3011.11,2025-04-07 07:17:00+00:00,3020.64,SL,-3.18,2.73,-1.1648,7,S100_FVG_SHORT
s100_m3_combo,SELL,2025-04-07 08:00:00+00:00,3019.66,3023.47,3010.11,2025-04-07 08:05:00+00:00,3023.47,SL,-4.26,3.81,-1.1181,8,S100_FVG_SHORT
s100_m3_combo,BUY,2025-04-07 08:58:00+00:00,3032.64,3029.92,3039.45,2025-04-07 09:00:00+00:00,3029.92,SL,-3.17,2.72,-1.1654,8,S100_FVG_LONG
s100_m3_combo,SELL,2025-04-07 13:13:00+00:00,3027.61,3030.51,3020.36,2025-04-07 13:32:00+00:00,3020.36,TP,6.8,2.9,2.3448,13,S100_OB_SHORT
s100_m3_combo,SELL,2025-04-07 13:40:00+00:00,3011.8,3020.98,2988.88,2025-04-07 14:11:00+00:00,3020.98,SL,-9.63,9.18,-1.049,13,S100_FVG_SHORT
s100_m3_combo,SELL,2025-04-07 14:44:00+00:00,3001.7,3006.39,2989.96,2025-04-07 14:45:00+00:00,3006.39,SL,-5.14,4.69,-1.0959,14,S100_FVG_SHORT
s100_m3_combo,SELL,2025-04-07 15:16:00+00:00,2987.89,2995.67,2968.43,2025-04-07 15:18:00+00:00,2995.67,SL,-8.23,7.78,-1.0578,15,S100_FVG_SHORT
s100_m3_combo,BUY,2025-04-08 01:38:00+00:00,2999.51,2994.69,3011.56,2025-04-08 02:50:00+00:00,3003.435,TIME,3.475,4.82,0.721,1,S100_RSI3_MOMO_LONG
s100_m3_combo,BUY,2025-04-08 03:24:00+00:00,2998.11,2996.24,3002.79,2025-04-08 03:25:00+00:00,2996.24,SL,-2.32,1.87,-1.2406,3,S100_FVG_LONG
s100_m3_combo,BUY,2025-04-08 03:49:00+00:00,2997.28,2994.65,3003.87,2025-04-08 03:56:00+00:00,2994.65,SL,-3.08,2.63,-1.1711,3,S100_OB_LONG
s100_m3_combo,BUY,2025-04-08 04:19:00+00:00,2997.41,2995.32,3002.65,2025-04-08 04:24:00+00:00,2995.32,SL,-2.54,2.09,-1.2153,4,S100_FVG_LONG
s100_m3_combo,BUY,2025-04-08 05:39:00+00:00,3003.2,3001.39,3007.71,2025-04-08 05:42:00+00:00,3001.39,SL,-2.26,1.81,-1.2486,5,S100_FVG_LONG
s100_m3_combo,BUY,2025-04-08 05:59:00+00:00,3005.8,3003.32,3012.02,2025-04-08 06:10:00+00:00,3003.32,SL,-2.93,2.48,-1.1815,5,S100_RSI3_MOMO_LONG
s100_m3_combo,BUY,2025-04-08 08:14:00+00:00,3007.53,3004.62,3014.79,2025-04-08 08:39:00+00:00,3004.62,SL,-3.36,2.91,-1.1546,8,S100_RSI3_MOMO_LONG
s100_m3_combo,BUY,2025-04-08 08:39:00+00:00,3005.26,3003.6,3009.42,2025-04-08 09:01:00+00:00,3003.6,SL,-2.11,1.66,-1.2711,8,S100_FVG_LONG
s100_m3_combo,BUY,2025-04-08 13:22:00+00:00,3016.44,3012.91,3025.27,2025-04-08 13:30:00+00:00,3012.91,SL,-3.98,3.53,-1.1275,13,S100_FVG_LONG
s100_m3_combo,BUY,2025-04-08 14:12:00+00:00,3011.03,3009.52,3014.8,2025-04-08 14:17:00+00:00,3009.52,SL,-1.96,1.51,-1.298,14,S100_OB_LONG
s100_m3_combo,BUY,2025-04-08 15:40:00+00:00,3007.95,3006.13,3012.49,2025-04-08 15:42:00+00:00,3006.13,SL,-2.27,1.82,-1.2473,15,S100_OB_LONG
s100_m3_combo,BUY,2025-04-09 01:41:00+00:00,2997.91,2992.49,3011.48,2025-04-09 02:53:00+00:00,3002.555,TIME,4.195,5.42,0.774,1,S100_RSI3_MOMO_LONG
s100_m3_combo,BUY,2025-04-09 03:51:00+00:00,3008.05,3006.22,3012.61,2025-04-09 03:55:00+00:00,3006.22,SL,-2.28,1.83,-1.2459,3,S100_OB_LONG
s100_m3_combo,BUY,2025-04-09 04:25:00+00:00,3008.84,3006.15,3015.54,2025-04-09 05:04:00+00:00,3006.15,SL,-3.14,2.69,-1.1673,4,S100_OB_LONG
s100_m3_combo,BUY,2025-04-09 05:30:00+00:00,3013.86,3010.62,3021.97,2025-04-09 06:07:00+00:00,3021.97,TP,7.66,3.24,2.3642,5,S100_FVG_LONG
s100_m3_combo,BUY,2025-04-09 06:09:00+00:00,3017.03,3014.85,3022.5,2025-04-09 06:12:00+00:00,3022.5,TP,5.02,2.18,2.3028,6,S100_OB_LONG
s100_m3_combo,BUY,2025-04-09 07:00:00+00:00,3038.23,3032.64,3052.21,2025-04-09 07:11:00+00:00,3052.21,TP,13.53,5.59,2.4204,7,S100_FVG_LONG
s100_m3_combo,BUY,2025-04-09 07:13:00+00:00,3044.08,3041.9,3049.54,2025-04-09 07:16:00+00:00,3041.9,SL,-2.63,2.18,-1.2064,7,S100_OB_LONG
s100_m3_combo,BUY,2025-04-09 13:08:00+00:00,3054.95,3049.32,3069.02,2025-04-09 13:33:00+00:00,3069.02,TP,13.62,5.63,2.4192,13,S100_RSI3_MOMO_LONG
s100_m3_combo,BUY,2025-04-09 13:44:00+00:00,3072.18,3064.78,3090.67,2025-04-09 14:56:00+00:00,3071.465,TIME,-1.165,7.4,-0.1574,13,S100_FVG_LONG
s100_m3_combo,BUY,2025-04-09 15:24:00+00:00,3083.55,3078.83,3095.35,2025-04-09 15:45:00+00:00,3078.83,SL,-5.17,4.72,-1.0953,15,S100_FVG_LONG
s100_m3_combo,BUY,2025-04-10 01:31:00+00:00,3086.49,3083.44,3094.09,2025-04-10 01:35:00+00:00,3083.44,SL,-3.5,3.05,-1.1475,1,S100_OB_LONG
s100_m3_combo,BUY,2025-04-10 02:05:00+00:00,3100.02,3095.32,3111.77,2025-04-10 02:09:00+00:00,3111.77,TP,11.3,4.7,2.4043,2,S100_RSI3_MOMO_LONG
s100_m3_combo,BUY,2025-04-10 02:17:00+00:00,3113.39,3107.31,3128.57,2025-04-10 03:21:00+00:00,3128.57,TP,14.73,6.08,2.4227,2,S100_RSI3_MOMO_LONG
s100_m3_combo,BUY,2025-04-10 03:23:00+00:00,3129.28,3125.39,3139.02,2025-04-10 03:25:00+00:00,3125.39,SL,-4.34,3.89,-1.1157,3,S100_RSI3_MOMO_LONG
s100_m3_combo,BUY,2025-04-10 03:36:00+00:00,3127.38,3123.58,3136.88,2025-04-10 03:39:00+00:00,3123.58,SL,-4.25,3.8,-1.1184,3,S100_FVG_LONG
s100_m3_combo,BUY,2025-04-10 03:56:00+00:00,3123.82,3121.2,3130.38,2025-04-10 04:43:00+00:00,3121.2,SL,-3.07,2.62,-1.1718,3,S100_OB_LONG
s100_m3_combo,BUY,2025-04-10 04:57:00+00:00,3125.02,3122.78,3130.61,2025-04-10 05:03:00+00:00,3130.61,TP,5.14,2.24,2.2946,4,S100_FVG_LONG
s100_m3_combo,BUY,2025-04-10 05:12:00+00:00,3128.71,3125.68,3136.28,2025-04-10 05:27:00+00:00,3125.68,SL,-3.48,3.03,-1.1485,5,S100_FVG_LONG
s100_m3_combo,BUY,2025-04-10 06:18:00+00:00,3122.51,3120.69,3127.03,2025-04-10 06:22:00+00:00,3120.69,SL,-2.27,1.82,-1.2473,6,S100_OB_LONG
s100_m3_combo,BUY,2025-04-10 07:28:00+00:00,3118.77,3116.74,3123.84,2025-04-10 07:30:00+00:00,3116.74,SL,-2.48,2.03,-1.2217,7,S100_OB_LONG
s100_m3_combo,BUY,2025-04-10 13:20:00+00:00,3130.14,3125.92,3140.71,2025-04-10 13:32:00+00:00,3125.92,SL,-4.67,4.22,-1.1066,13,S100_RSI3_MOMO_LONG
s100_m3_combo,BUY,2025-04-10 13:32:00+00:00,3126.51,3124.35,3131.92,2025-04-10 13:33:00+00:00,3124.35,SL,-2.61,2.16,-1.2083,13,S100_OB_LONG
s100_m3_combo,BUY,2025-04-10 14:44:00+00:00,3149.75,3146.81,3157.11,2025-04-10 14:47:00+00:00,3146.81,SL,-3.39,2.94,-1.1531,14,S100_FVG_LONG
s100_m3_combo,BUY,2025-04-10 15:07:00+00:00,3156.85,3153.91,3164.19,2025-04-10 15:15:00+00:00,3164.19,TP,6.89,2.94,2.3435,15,S100_FVG_LONG
s100_m3_combo,BUY,2025-04-10 15:31:00+00:00,3167.07,3164.21,3174.24,2025-04-10 15:33:00+00:00,3164.21,SL,-3.31,2.86,-1.1573,15,S100_FVG_LONG
s100_m3_combo,BUY,2025-04-10 15:42:00+00:00,3170.89,3168.31,3177.35,2025-04-10 15:43:00+00:00,3168.31,SL,-3.03,2.58,-1.1744,15,S100_FVG_LONG
s100_m3_combo,BUY,2025-04-11 01:16:00+00:00,3207.75,3204.48,3215.94,2025-04-11 01:17:00+00:00,3204.48,SL,-3.72,3.27,-1.1376,1,S100_OB_LONG
s100_m3_combo,BUY,2025-04-11 03:52:00+00:00,3218.05,3215.07,3225.51,2025-04-11 04:05:00+00:00,3215.07,SL,-3.43,2.98,-1.151,3,S100_OB_LONG
s100_m3_combo,BUY,2025-04-11 06:04:00+00:00,3195.39,3191.62,3204.83,2025-04-11 06:06:00+00:00,3191.62,SL,-4.22,3.77,-1.1194,6,S100_OB_LONG
s100_m3_combo,BUY,2025-04-11 06:29:00+00:00,3202.91,3197.48,3216.48,2025-04-11 06:55:00+00:00,3197.48,SL,-5.88,5.43,-1.0829,6,S100_RSI3_MOMO_LONG
s100_m3_combo,BUY,2025-04-11 06:58:00+00:00,3195.07,3193.35,3199.36,2025-04-11 07:02:00+00:00,3199.36,TP,3.84,1.72,2.2326,6,S100_OB_LONG
s100_m3_combo,BUY,2025-04-11 07:09:00+00:00,3208.12,3202.34,3222.57,2025-04-11 08:21:00+00:00,3220.465,TIME,11.895,5.78,2.058,7,S100_FVG_LONG
s100_m3_combo,BUY,2025-04-11 08:21:00+00:00,3219.82,3216.07,3229.21,2025-04-11 08:33:00+00:00,3216.07,SL,-4.2,3.75,-1.12,8,S100_RSI3_MOMO_LONG
s100_m3_combo,BUY,2025-04-11 08:54:00+00:00,3219.01,3213.96,3231.66,2025-04-11 09:16:00+00:00,3213.96,SL,-5.5,5.05,-1.0891,8,S100_OB_LONG
s100_m3_combo,BUY,2025-04-11 13:11:00+00:00,3236.28,3232.41,3245.96,2025-04-11 13:13:00+00:00,3232.41,SL,-4.32,3.87,-1.1163,13,S100_RSI3_MOMO_LONG
s100_m3_combo,BUY,2025-04-11 13:39:00+00:00,3238.13,3231.78,3254.02,2025-04-11 13:46:00+00:00,3231.78,SL,-6.8,6.35,-1.0709,13,S100_FVG_LONG
s100_m3_combo,BUY,2025-04-11 14:12:00+00:00,3231.8,3228.2,3240.8,2025-04-11 14:23:00+00:00,3228.2,SL,-4.05,3.6,-1.125,14,S100_FVG_LONG
s100_m3_combo,BUY,2025-04-11 15:30:00+00:00,3238.58,3236.77,3243.11,2025-04-11 15:35:00+00:00,3236.77,SL,-2.26,1.81,-1.2486,15,S100_FVG_LONG
s100_m3_combo,BUY,2025-04-14 02:08:00+00:00,3243.78,3240.19,3252.74,2025-04-14 02:17:00+00:00,3240.19,SL,-4.04,3.59,-1.1253,2,S100_RSI3_MOMO_LONG
s100_m3_combo,BUY,2025-04-14 03:32:00+00:00,3233.84,3231.34,3240.07,2025-04-14 03:44:00+00:00,3231.34,SL,-2.95,2.5,-1.18,3,S100_RSI3_MOMO_LONG
s100_m3_combo,BUY,2025-04-14 04:16:00+00:00,3233.93,3232.41,3237.74,2025-04-14 04:19:00+00:00,3232.41,SL,-1.97,1.52,-1.2961,4,S100_OB_LONG
s100_m3_combo,SELL,2025-04-14 04:56:00+00:00,3226.64,3228.44,3222.14,2025-04-14 05:24:00+00:00,3222.14,TP,4.05,1.8,2.25,4,S100_RSI3_MOMO_SHORT
s100_m3_combo,SELL,2025-04-14 08:13:00+00:00,3220.68,3222.52,3216.06,2025-04-14 08:24:00+00:00,3222.52,SL,-2.29,1.84,-1.2446,8,S100_OB_SHORT
s100_m3_combo,SELL,2025-04-14 13:17:00+00:00,3201.89,3207.14,3188.78,2025-04-14 13:44:00+00:00,3207.14,SL,-5.7,5.25,-1.0857,13,S100_FVG_SHORT
s100_m3_combo,SELL,2025-04-14 14:12:00+00:00,3202.86,3205.8,3195.53,2025-04-14 14:30:00+00:00,3205.8,SL,-3.39,2.94,-1.1531,14,S100_OB_SHORT
s100_m3_combo,SELL,2025-04-14 15:47:00+00:00,3200.11,3202.35,3194.49,2025-04-14 16:06:00+00:00,3202.35,SL,-2.69,2.24,-1.2009,15,S100_FVG_SHORT
s100_m3_combo,BUY,2025-04-15 01:40:00+00:00,3220.76,3217.99,3227.68,2025-04-15 01:41:00+00:00,3217.99,SL,-3.22,2.77,-1.1625,1,S100_FVG_LONG
s100_m3_combo,BUY,2025-04-15 04:05:00+00:00,3228.39,3226.42,3233.3,2025-04-15 05:17:00+00:00,3226.96,TIME,-1.88,1.97,-0.9543,4,S100_FVG_LONG
s100_m3_combo,BUY,2025-04-15 05:37:00+00:00,3225.74,3223.53,3231.24,2025-04-15 05:41:00+00:00,3223.53,SL,-2.66,2.21,-1.2036,5,S100_OB_LONG
s100_m3_combo,BUY,2025-04-15 08:08:00+00:00,3224.78,3223.12,3228.94,2025-04-15 08:10:00+00:00,3228.94,TP,3.71,1.66,2.2349,8,S100_FVG_LONG
s100_m3_combo,BUY,2025-04-15 08:16:00+00:00,3229.2,3225.85,3237.6,2025-04-15 08:46:00+00:00,3225.85,SL,-3.8,3.35,-1.1343,8,S100_FVG_LONG
s100_m3_combo,SELL,2025-04-15 13:29:00+00:00,3221.53,3223.63,3216.27,2025-04-15 13:31:00+00:00,3223.63,SL,-2.55,2.1,-1.2143,13,S100_OB_SHORT
s100_m3_combo,SELL,2025-04-15 13:45:00+00:00,3217.41,3219.03,3213.33,2025-04-15 13:53:00+00:00,3213.33,TP,3.63,1.62,2.2407,13,S100_FVG_SHORT
s100_m3_combo,SELL,2025-04-15 13:57:00+00:00,3213.21,3216.36,3205.33,2025-04-15 14:00:00+00:00,3216.36,SL,-3.6,3.15,-1.1429,13,S100_FVG_SHORT
s100_m3_combo,SELL,2025-04-15 15:09:00+00:00,3219.41,3223.13,3210.12,2025-04-15 15:34:00+00:00,3223.13,SL,-4.17,3.72,-1.121,15,S100_FVG_SHORT
s100_m3_combo,SELL,2025-04-15 15:48:00+00:00,3219.53,3221.44,3214.77,2025-04-15 15:53:00+00:00,3221.44,SL,-2.36,1.91,-1.2356,15,S100_FVG_SHORT
s100_m3_combo,BUY,2025-04-16 01:09:00+00:00,3269.73,3265.19,3281.09,2025-04-16 01:29:00+00:00,3265.19,SL,-4.99,4.54,-1.0991,1,S100_FVG_LONG
s100_m3_combo,BUY,2025-04-16 02:00:00+00:00,3270.16,3267.85,3275.96,2025-04-16 02:46:00+00:00,3267.85,SL,-2.76,2.31,-1.1948,2,S100_FVG_LONG
s100_m3_combo,BUY,2025-04-16 03:12:00+00:00,3272.24,3269.35,3279.44,2025-04-16 03:17:00+00:00,3269.35,SL,-3.34,2.89,-1.1557,3,S100_FVG_LONG
s100_m3_combo,BUY,2025-04-16 03:33:00+00:00,3275.32,3273.44,3280.01,2025-04-16 03:51:00+00:00,3280.01,TP,4.24,1.88,2.2553,3,S100_FVG_LONG
s100_m3_combo,BUY,2025-04-16 05:11:00+00:00,3286.99,3284.85,3292.36,2025-04-16 05:12:00+00:00,3284.85,SL,-2.59,2.14,-1.2103,5,S100_FVG_LONG
s100_m3_combo,BUY,2025-04-16 05:54:00+00:00,3290.11,3288.56,3294.0,2025-04-16 05:55:00+00:00,3288.56,SL,-2.0,1.55,-1.2903,5,S100_FVG_LONG
s100_m3_combo,BUY,2025-04-16 07:09:00+00:00,3293.95,3291.46,3300.15,2025-04-16 07:51:00+00:00,3300.15,TP,5.75,2.49,2.3092,7,S100_FVG_LONG
s100_m3_combo,BUY,2025-04-16 07:57:00+00:00,3296.01,3294.38,3300.07,2025-04-16 07:58:00+00:00,3300.07,TP,3.61,1.63,2.2147,7,S100_OB_LONG
s100_m3_combo,BUY,2025-04-16 08:11:00+00:00,3304.03,3302.11,3308.81,2025-04-16 08:14:00+00:00,3308.81,TP,4.33,1.92,2.2552,8,S100_FVG_LONG
s100_m3_combo,BUY,2025-04-16 08:27:00+00:00,3309.84,3305.02,3321.9,2025-04-16 08:28:00+00:00,3305.02,SL,-5.27,4.82,-1.0934,8,S100_FVG_LONG
s100_m3_combo,BUY,2025-04-16 14:04:00+00:00,3315.34,3310.71,3326.93,2025-04-16 14:11:00+00:00,3310.71,SL,-5.08,4.63,-1.0972,14,S100_OB_LONG
s100_m3_combo,BUY,2025-04-16 14:24:00+00:00,3312.34,3309.78,3318.76,2025-04-16 14:34:00+00:00,3309.78,SL,-3.01,2.56,-1.1758,14,S100_OB_LONG
s100_m3_combo,BUY,2025-04-16 15:45:00+00:00,3321.95,3318.77,3329.88,2025-04-16 16:24:00+00:00,3329.88,TP,7.48,3.18,2.3522,15,S100_FVG_LONG
s100_m3_combo,BUY,2025-04-17 01:25:00+00:00,3352.81,3349.08,3362.15,2025-04-17 01:29:00+00:00,3349.08,SL,-4.18,3.73,-1.1206,1,S100_FVG_LONG
s100_m3_combo,SELL,2025-04-17 02:53:00+00:00,3335.28,3337.65,3329.36,2025-04-17 02:56:00+00:00,3337.65,SL,-2.82,2.37,-1.1899,2,S100_FVG_SHORT
s100_m3_combo,BUY,2025-04-17 03:57:00+00:00,3343.32,3341.51,3347.84,2025-04-17 04:01:00+00:00,3341.51,SL,-2.26,1.81,-1.2486,3,S100_FVG_LONG
s100_m3_combo,SELL,2025-04-17 05:52:00+00:00,3333.32,3334.85,3329.51,2025-04-17 05:59:00+00:00,3329.51,TP,3.36,1.53,2.1961,5,S100_OB_SHORT
s100_m3_combo,SELL,2025-04-17 06:31:00+00:00,3329.45,3331.52,3324.3,2025-04-17 06:33:00+00:00,3331.52,SL,-2.52,2.07,-1.2174,6,S100_FVG_SHORT
s100_m3_combo,SELL,2025-04-17 07:05:00+00:00,3326.0,3328.81,3318.98,2025-04-17 07:16:00+00:00,3318.98,TP,6.57,2.81,2.3381,7,S100_RSI3_MOMO_SHORT
s100_m3_combo,SELL,2025-04-17 07:24:00+00:00,3314.82,3320.06,3301.74,2025-04-17 07:31:00+00:00,3320.06,SL,-5.69,5.24,-1.0859,7,S100_OB_SHORT
s100_m3_combo,SELL,2025-04-17 13:33:00+00:00,3322.65,3326.57,3312.84,2025-04-17 13:36:00+00:00,3326.57,SL,-4.37,3.92,-1.1148,13,S100_OB_SHORT
s100_m3_combo,SELL,2025-04-17 14:37:00+00:00,3295.14,3302.88,3275.8,2025-04-17 15:13:00+00:00,3302.88,SL,-8.19,7.74,-1.0581,14,S100_FVG_SHORT
s100_m3_combo,BUY,2025-04-21 01:10:00+00:00,3373.06,3371.15,3377.83,2025-04-21 01:21:00+00:00,3371.15,SL,-2.36,1.91,-1.2356,1,S100_OB_LONG
s100_m3_combo,BUY,2025-04-21 01:41:00+00:00,3376.92,3372.98,3386.77,2025-04-21 01:47:00+00:00,3372.98,SL,-4.39,3.94,-1.1142,1,S100_RSI3_MOMO_LONG
s100_m3_combo,BUY,2025-04-21 01:57:00+00:00,3376.09,3374.47,3380.15,2025-04-21 02:01:00+00:00,3380.15,TP,3.61,1.62,2.2284,1,S100_FVG_LONG
s100_m3_combo,BUY,2025-04-21 02:09:00+00:00,3378.89,3377.16,3383.21,2025-04-21 02:10:00+00:00,3377.16,SL,-2.18,1.73,-1.2601,2,S100_FVG_LONG
s100_m3_combo,BUY,2025-04-21 05:09:00+00:00,3382.36,3379.63,3389.19,2025-04-21 05:10:00+00:00,3379.63,SL,-3.18,2.73,-1.1648,5,S100_FVG_LONG
s100_m3_combo,BUY,2025-04-21 05:30:00+00:00,3381.2,3379.29,3385.95,2025-04-21 05:59:00+00:00,3385.95,TP,4.3,1.91,2.2513,5,S100_OB_LONG
s100_m3_combo,BUY,2025-04-21 06:08:00+00:00,3387.04,3384.57,3393.21,2025-04-21 06:51:00+00:00,3393.21,TP,5.72,2.47,2.3158,6,S100_RSI3_MOMO_LONG
s100_m3_combo,BUY,2025-04-21 07:11:00+00:00,3394.52,3392.37,3399.9,2025-04-21 07:40:00+00:00,3392.37,SL,-2.6,2.15,-1.2093,7,S100_RSI3_MOMO_LONG
s100_m3_combo,BUY,2025-04-21 08:24:00+00:00,3387.8,3385.19,3394.35,2025-04-21 08:49:00+00:00,3394.35,TP,6.1,2.61,2.3372,8,S100_FVG_LONG
s100_m3_combo,BUY,2025-04-21 13:53:00+00:00,3425.49,3420.19,3438.76,2025-04-21 13:59:00+00:00,3420.19,SL,-5.75,5.3,-1.0849,13,S100_RSI3_MOMO_LONG
s100_m3_combo,BUY,2025-04-21 14:23:00+00:00,3423.72,3420.63,3431.45,2025-04-21 14:35:00+00:00,3420.63,SL,-3.54,3.09,-1.1456,14,S100_FVG_LONG
s100_m3_combo,BUY,2025-04-21 15:04:00+00:00,3415.94,3413.35,3422.42,2025-04-21 15:07:00+00:00,3413.35,SL,-3.04,2.59,-1.1737,15,S100_FVG_LONG
s100_m3_combo,BUY,2025-04-21 15:26:00+00:00,3419.95,3415.7,3430.59,2025-04-21 15:31:00+00:00,3415.7,SL,-4.7,4.25,-1.1059,15,S100_RSI3_MOMO_LONG
s100_m3_combo,BUY,2025-04-21 15:45:00+00:00,3421.95,3418.55,3430.46,2025-04-21 16:06:00+00:00,3418.55,SL,-3.85,3.4,-1.1324,15,S100_FVG_LONG
s100_m3_combo,BUY,2025-04-22 01:44:00+00:00,3450.65,3446.31,3461.5,2025-04-22 02:02:00+00:00,3446.31,SL,-4.79,4.34,-1.1037,1,S100_RSI3_MOMO_LONG
s100_m3_combo,BUY,2025-04-22 02:02:00+00:00,3447.16,3444.06,3454.93,2025-04-22 02:07:00+00:00,3444.06,SL,-3.55,3.1,-1.1452,2,S100_FVG_LONG
s100_m3_combo,BUY,2025-04-22 03:02:00+00:00,3472.7,3468.42,3483.42,2025-04-22 03:19:00+00:00,3483.42,TP,10.27,4.28,2.3995,3,S100_FVG_LONG
s100_m3_combo,BUY,2025-04-22 03:46:00+00:00,3489.55,3487.08,3495.74,2025-04-22 03:57:00+00:00,3487.08,SL,-2.92,2.47,-1.1822,3,S100_FVG_LONG
s100_m3_combo,BUY,2025-04-22 05:01:00+00:00,3483.86,3481.41,3489.96,2025-04-22 05:09:00+00:00,3481.41,SL,-2.9,2.45,-1.1837,5,S100_FVG_LONG
s100_m3_combo,BUY,2025-04-22 06:50:00+00:00,3482.64,3478.73,3492.4,2025-04-22 06:51:00+00:00,3478.73,SL,-4.36,3.91,-1.1151,6,S100_OB_LONG
s100_m3_combo,BUY,2025-04-22 07:42:00+00:00,3476.53,3473.27,3484.7,2025-04-22 07:44:00+00:00,3473.27,SL,-3.71,3.26,-1.138,7,S100_FVG_LONG
s100_m3_combo,SELL,2025-04-22 08:50:00+00:00,3452.82,3454.79,3447.91,2025-04-22 08:54:00+00:00,3447.91,TP,4.46,1.97,2.264,8,S100_FVG_SHORT
s100_m3_combo,SELL,2025-04-22 13:48:00+00:00,3423.2,3429.18,3408.23,2025-04-22 13:50:00+00:00,3429.18,SL,-6.43,5.98,-1.0753,13,S100_FVG_SHORT
s100_m3_combo,SELL,2025-04-22 14:52:00+00:00,3429.57,3432.53,3422.18,2025-04-22 15:01:00+00:00,3432.53,SL,-3.41,2.96,-1.152,14,S100_FVG_SHORT
s100_m3_combo,SELL,2025-04-22 15:33:00+00:00,3415.28,3420.7,3401.72,2025-04-22 15:37:00+00:00,3420.7,SL,-5.87,5.42,-1.083,15,S100_FVG_SHORT
s100_m3_combo,SELL,2025-04-23 01:06:00+00:00,3368.11,3373.65,3354.25,2025-04-23 01:13:00+00:00,3373.65,SL,-5.99,5.54,-1.0812,1,S100_OB_SHORT
s100_m3_combo,SELL,2025-04-23 02:13:00+00:00,3374.95,3378.66,3365.67,2025-04-23 02:38:00+00:00,3365.67,TP,8.83,3.71,2.3801,2,S100_FVG_SHORT
s100_m3_combo,SELL,2025-04-23 03:00:00+00:00,3355.44,3359.11,3346.27,2025-04-23 03:04:00+00:00,3346.27,TP,8.72,3.67,2.376,3,S100_FVG_SHORT
s100_m3_combo,SELL,2025-04-23 03:19:00+00:00,3339.91,3345.48,3325.97,2025-04-23 03:45:00+00:00,3345.48,SL,-6.02,5.57,-1.0808,3,S100_FVG_SHORT
s100_m3_combo,SELL,2025-04-23 05:30:00+00:00,3342.68,3346.17,3333.96,2025-04-23 05:37:00+00:00,3333.96,TP,8.27,3.49,2.3696,5,S100_FVG_SHORT
s100_m3_combo,SELL,2025-04-23 05:50:00+00:00,3318.91,3325.02,3303.65,2025-04-23 06:22:00+00:00,3325.02,SL,-6.56,6.11,-1.0736,5,S100_RSI3_MOMO_SHORT
s100_m3_combo,SELL,2025-04-23 07:05:00+00:00,3312.78,3318.43,3298.67,2025-04-23 07:43:00+00:00,3318.43,SL,-6.1,5.65,-1.0796,7,S100_OB_SHORT
s100_m3_combo,SELL,2025-04-23 08:16:00+00:00,3310.91,3313.82,3303.63,2025-04-23 08:22:00+00:00,3313.82,SL,-3.36,2.91,-1.1546,8,S100_FVG_SHORT
s100_m3_combo,SELL,2025-04-23 13:33:00+00:00,3300.32,3305.66,3286.97,2025-04-23 13:38:00+00:00,3286.97,TP,12.9,5.34,2.4157,13,S100_FVG_SHORT
s100_m3_combo,SELL,2025-04-23 13:42:00+00:00,3291.97,3299.57,3272.97,2025-04-23 13:51:00+00:00,3272.97,TP,18.55,7.6,2.4408,13,S100_FVG_SHORT
s100_m3_combo,SELL,2025-04-23 14:18:00+00:00,3276.38,3279.17,3269.41,2025-04-23 14:19:00+00:00,3279.17,SL,-3.24,2.79,-1.1613,14,S100_OB_SHORT
s100_m3_combo,SELL,2025-04-23 15:18:00+00:00,3277.9,3285.73,3258.31,2025-04-23 15:47:00+00:00,3285.73,SL,-8.28,7.83,-1.0575,15,S100_FVG_SHORT
s100_m3_combo,BUY,2025-04-24 01:51:00+00:00,3353.09,3348.03,3365.75,2025-04-24 02:36:00+00:00,3348.03,SL,-5.51,5.06,-1.0889,1,S100_FVG_LONG
s100_m3_combo,BUY,2025-04-24 05:55:00+00:00,3326.24,3324.34,3330.97,2025-04-24 05:58:00+00:00,3324.34,SL,-2.35,1.9,-1.2368,5,S100_FVG_LONG
s100_m3_combo,BUY,2025-04-24 07:15:00+00:00,3334.65,3330.32,3345.48,2025-04-24 07:18:00+00:00,3330.32,SL,-4.78,4.33,-1.1039,7,S100_FVG_LONG
s100_m3_combo,BUY,2025-04-24 07:57:00+00:00,3335.05,3331.92,3342.88,2025-04-24 08:01:00+00:00,3331.92,SL,-3.58,3.13,-1.1438,7,S100_OB_LONG
s100_m3_combo,BUY,2025-04-24 08:37:00+00:00,3332.95,3328.48,3344.15,2025-04-24 09:42:00+00:00,3328.48,SL,-4.92,4.47,-1.1007,8,S100_OB_LONG
s100_m3_combo,SELL,2025-04-24 13:30:00+00:00,3333.53,3336.71,3325.57,2025-04-24 13:32:00+00:00,3325.57,TP,7.51,3.18,2.3616,13,S100_OB_SHORT
s100_m3_combo,SELL,2025-04-24 13:39:00+00:00,3322.66,3326.15,3313.93,2025-04-24 13:51:00+00:00,3313.93,TP,8.28,3.49,2.3725,13,S100_OB_SHORT
s100_m3_combo,SELL,2025-04-24 13:55:00+00:00,3316.57,3320.9,3305.76,2025-04-24 14:31:00+00:00,3320.9,SL,-4.78,4.33,-1.1039,13,S100_OB_SHORT
s100_m3_combo,SELL,2025-04-24 15:24:00+00:00,3321.6,3324.55,3314.23,2025-04-24 15:26:00+00:00,3324.55,SL,-3.4,2.95,-1.1525,15,S100_FVG_SHORT
s100_m3_combo,SELL,2025-04-24 15:50:00+00:00,3325.84,3327.99,3320.45,2025-04-24 15:52:00+00:00,3327.99,SL,-2.6,2.15,-1.2093,15,S100_OB_SHORT
s100_m3_combo,BUY,2025-04-25 02:06:00+00:00,3348.34,3345.06,3356.54,2025-04-25 02:42:00+00:00,3345.06,SL,-3.73,3.28,-1.1372,2,S100_FVG_LONG
s100_m3_combo,BUY,2025-04-25 03:00:00+00:00,3348.28,3346.19,3353.48,2025-04-25 03:22:00+00:00,3353.48,TP,4.75,2.09,2.2727,3,S100_OB_LONG
s100_m3_combo,SELL,2025-04-25 05:17:00+00:00,3319.6,3322.4,3312.6,2025-04-25 05:34:00+00:00,3312.6,TP,6.55,2.8,2.3393,5,S100_RSI3_MOMO_SHORT
s100_m3_combo,SELL,2025-04-25 06:00:00+00:00,3294.8,3297.5,3288.06,2025-04-25 06:05:00+00:00,3297.5,SL,-3.15,2.7,-1.1667,6,S100_FVG_SHORT
s100_m3_combo,SELL,2025-04-25 07:47:00+00:00,3307.54,3309.58,3302.45,2025-04-25 08:07:00+00:00,3302.45,TP,4.64,2.04,2.2745,7,S100_OB_SHORT
s100_m3_combo,SELL,2025-04-25 13:06:00+00:00,3286.89,3293.45,3270.46,2025-04-25 13:24:00+00:00,3270.46,TP,15.98,6.56,2.436,13,S100_FVG_SHORT
s100_m3_combo,SELL,2025-04-25 13:29:00+00:00,3272.93,3277.62,3261.22,2025-04-25 13:43:00+00:00,3277.62,SL,-5.14,4.69,-1.0959,13,S100_OB_SHORT
s100_m3_combo,SELL,2025-04-25 14:57:00+00:00,3277.85,3280.83,3270.4,2025-04-25 15:04:00+00:00,3280.83,SL,-3.43,2.98,-1.151,14,S100_FVG_SHORT
s100_m3_combo,SELL,2025-04-25 15:14:00+00:00,3272.74,3275.98,3264.64,2025-04-25 15:35:00+00:00,3275.98,SL,-3.69,3.24,-1.1389,15,S100_RSI3_MOMO_SHORT
s100_m3_combo,SELL,2025-04-28 02:15:00+00:00,3273.14,3275.8,3266.51,2025-04-28 02:21:00+00:00,3275.8,SL,-3.11,2.66,-1.1692,2,S100_OB_SHORT
s100_m3_combo,SELL,2025-04-28 03:33:00+00:00,3292.28,3294.86,3285.81,2025-04-28 04:45:00+00:00,3290.425,TIME,1.405,2.58,0.5446,3,S100_OB_SHORT
s100_m3_combo,BUY,2025-04-28 05:27:00+00:00,3298.42,3296.34,3303.61,2025-04-28 05:31:00+00:00,3296.34,SL,-2.53,2.08,-1.2163,5,S100_OB_LONG
s100_m3_combo,SELL,2025-04-28 06:03:00+00:00,3293.46,3295.89,3287.39,2025-04-28 06:06:00+00:00,3295.89,SL,-2.88,2.43,-1.1852,6,S100_OB_SHORT
s100_m3_combo,SELL,2025-04-28 06:43:00+00:00,3287.41,3291.01,3278.42,2025-04-28 07:05:00+00:00,3278.42,TP,8.54,3.6,2.3722,6,S100_FVG_SHORT
s100_m3_combo,SELL,2025-04-28 07:08:00+00:00,3283.47,3287.65,3272.99,2025-04-28 07:39:00+00:00,3287.65,SL,-4.63,4.18,-1.1077,7,S100_OB_SHORT
s100_m3_combo,SELL,2025-04-28 08:38:00+00:00,3282.5,3284.66,3277.1,2025-04-28 09:02:00+00:00,3284.66,SL,-2.61,2.16,-1.2083,8,S100_RSI3_MOMO_SHORT
s100_m3_combo,BUY,2025-04-28 13:35:00+00:00,3296.09,3290.53,3309.98,2025-04-28 13:43:00+00:00,3290.53,SL,-6.01,5.56,-1.0809,13,S100_OB_LONG
s100_m3_combo,BUY,2025-04-28 14:29:00+00:00,3311.03,3307.97,3318.65,2025-04-28 14:33:00+00:00,3318.65,TP,7.17,3.06,2.3431,14,S100_FVG_LONG
s100_m3_combo,BUY,2025-04-28 15:23:00+00:00,3331.37,3329.18,3336.84,2025-04-28 15:26:00+00:00,3329.18,SL,-2.64,2.19,-1.2055,15,S100_FVG_LONG
s100_m3_combo,SELL,2025-04-29 01:12:00+00:00,3330.01,3332.71,3323.25,2025-04-29 01:17:00+00:00,3332.71,SL,-3.15,2.7,-1.1667,1,S100_OB_SHORT
s100_m3_combo,SELL,2025-04-29 02:14:00+00:00,3332.21,3337.94,3317.89,2025-04-29 03:05:00+00:00,3317.89,TP,13.87,5.73,2.4206,2,S100_OB_SHORT
s100_m3_combo,SELL,2025-04-29 03:53:00+00:00,3312.32,3315.01,3305.6,2025-04-29 03:59:00+00:00,3315.01,SL,-3.14,2.69,-1.1673,3,S100_FVG_SHORT
s100_m3_combo,SELL,2025-04-29 05:29:00+00:00,3308.66,3310.76,3303.41,2025-04-29 05:31:00+00:00,3310.76,SL,-2.55,2.1,-1.2143,5,S100_FVG_SHORT
s100_m3_combo,SELL,2025-04-29 06:57:00+00:00,3318.16,3319.9,3313.82,2025-04-29 07:11:00+00:00,3313.82,TP,3.89,1.74,2.2356,6,S100_FVG_SHORT
s100_m3_combo,SELL,2025-04-29 07:14:00+00:00,3317.77,3319.42,3313.65,2025-04-29 07:20:00+00:00,3319.42,SL,-2.1,1.65,-1.2727,7,S100_OB_SHORT
s100_m3_combo,SELL,2025-04-29 08:09:00+00:00,3320.72,3322.98,3315.05,2025-04-29 08:46:00+00:00,3315.05,TP,5.22,2.26,2.3097,8,S100_FVG_SHORT
s100_m3_combo,SELL,2025-04-29 13:53:00+00:00,3306.01,3311.74,3291.66,2025-04-29 14:26:00+00:00,3311.74,SL,-6.18,5.73,-1.0785,13,S100_FVG_SHORT
s100_m3_combo,SELL,2025-04-29 14:49:00+00:00,3314.53,3317.49,3307.14,2025-04-29 14:53:00+00:00,3317.49,SL,-3.41,2.96,-1.152,14,S100_OB_SHORT
s100_m3_combo,SELL,2025-04-29 15:25:00+00:00,3312.16,3314.58,3306.13,2025-04-29 15:43:00+00:00,3306.13,TP,5.58,2.42,2.3058,15,S100_FVG_SHORT
s100_m3_combo,SELL,2025-04-29 15:44:00+00:00,3306.28,3309.3,3298.73,2025-04-29 15:48:00+00:00,3309.3,SL,-3.47,3.02,-1.149,15,S100_RSI3_MOMO_SHORT
s100_m3_combo,SELL,2025-04-29 15:48:00+00:00,3309.12,3313.21,3298.9,2025-04-29 15:53:00+00:00,3313.21,SL,-4.54,4.09,-1.11,15,S100_OB_SHORT
s100_m3_combo,SELL,2025-04-30 02:03:00+00:00,3309.77,3311.54,3305.35,2025-04-30 02:04:00+00:00,3311.54,SL,-2.22,1.77,-1.2542,2,S100_FVG_SHORT
s100_m3_combo,SELL,2025-04-30 03:02:00+00:00,3306.32,3308.71,3300.35,2025-04-30 03:08:00+00:00,3308.71,SL,-2.84,2.39,-1.1883,3,S100_RSI3_MOMO_SHORT
s100_m3_combo,SELL,2025-04-30 06:33:00+00:00,3306.61,3308.85,3301.0,2025-04-30 06:39:00+00:00,3308.85,SL,-2.69,2.24,-1.2009,6,S100_OB_SHORT
s100_m3_combo,SELL,2025-04-30 06:59:00+00:00,3305.95,3308.0,3300.84,2025-04-30 07:12:00+00:00,3308.0,SL,-2.5,2.05,-1.2195,6,S100_RSI3_MOMO_SHORT
s100_m3_combo,SELL,2025-04-30 08:05:00+00:00,3307.46,3309.59,3302.14,2025-04-30 08:08:00+00:00,3302.14,TP,4.87,2.13,2.2864,8,S100_FVG_SHORT
s100_m3_combo,SELL,2025-04-30 08:18:00+00:00,3290.63,3294.4,3281.21,2025-04-30 08:26:00+00:00,3281.21,TP,8.97,3.77,2.3793,8,S100_FVG_SHORT
s100_m3_combo,SELL,2025-04-30 08:29:00+00:00,3285.41,3291.57,3270.04,2025-04-30 09:41:00+00:00,3284.87,TIME,0.09,6.16,0.0146,8,S100_OB_SHORT
s100_m3_combo,BUY,2025-04-30 13:18:00+00:00,3304.43,3301.62,3311.44,2025-04-30 13:23:00+00:00,3301.62,SL,-3.26,2.81,-1.1601,13,S100_FVG_LONG
s100_m3_combo,BUY,2025-04-30 13:42:00+00:00,3313.76,3309.89,3323.43,2025-04-30 13:54:00+00:00,3309.89,SL,-4.32,3.87,-1.1163,13,S100_FVG_LONG
s100_m3_combo,BUY,2025-04-30 15:02:00+00:00,3312.75,3307.12,3326.83,2025-04-30 15:09:00+00:00,3307.12,SL,-6.08,5.63,-1.0799,15,S100_RSI3_MOMO_LONG
s100_m3_combo,BUY,2025-04-30 15:09:00+00:00,3308.09,3304.4,3317.34,2025-04-30 15:11:00+00:00,3304.4,SL,-4.14,3.69,-1.122,15,S100_FVG_LONG
s100_m3_combo,BUY,2025-04-30 15:27:00+00:00,3309.8,3305.85,3319.66,2025-04-30 15:30:00+00:00,3305.85,SL,-4.4,3.95,-1.1139,15,S100_OB_LONG
s100_m3_combo,SELL,2025-05-01 01:53:00+00:00,3241.49,3245.12,3232.44,2025-05-01 02:18:00+00:00,3245.12,SL,-4.08,3.63,-1.124,1,S100_FVG_SHORT
s100_m3_combo,SELL,2025-05-01 02:54:00+00:00,3242.74,3244.91,3237.3,2025-05-01 03:09:00+00:00,3237.3,TP,4.99,2.17,2.2995,2,S100_FVG_SHORT
s100_m3_combo,SELL,2025-05-01 03:16:00+00:00,3237.66,3239.36,3233.42,2025-05-01 03:17:00+00:00,3233.42,TP,3.79,1.7,2.2294,3,S100_FVG_SHORT
s100_m3_combo,SELL,2025-05-01 03:44:00+00:00,3233.49,3235.86,3227.57,2025-05-01 03:45:00+00:00,3235.86,SL,-2.82,2.37,-1.1899,3,S100_OB_SHORT
s100_m3_combo,SELL,2025-05-01 04:43:00+00:00,3224.3,3226.3,3219.29,2025-05-01 04:44:00+00:00,3226.3,SL,-2.45,2.0,-1.225,4,S100_FVG_SHORT
s100_m3_combo,SELL,2025-05-01 07:21:00+00:00,3228.76,3231.89,3220.92,2025-05-01 07:23:00+00:00,3231.89,SL,-3.58,3.13,-1.1438,7,S100_OB_SHORT
s100_m3_combo,SELL,2025-05-01 08:00:00+00:00,3231.7,3235.37,3222.53,2025-05-01 08:09:00+00:00,3235.37,SL,-4.12,3.67,-1.1226,8,S100_OB_SHORT
s100_m3_combo,SELL,2025-05-01 13:54:00+00:00,3224.1,3228.75,3212.47,2025-05-01 14:40:00+00:00,3228.75,SL,-5.1,4.65,-1.0968,13,S100_FVG_SHORT
s100_m3_combo,SELL,2025-05-01 15:37:00+00:00,3211.18,3215.22,3201.07,2025-05-01 15:56:00+00:00,3215.22,SL,-4.49,4.04,-1.1114,15,S100_FVG_SHORT
s100_m3_combo,BUY,2025-05-02 02:32:00+00:00,3246.97,3244.72,3252.58,2025-05-02 02:35:00+00:00,3244.72,SL,-2.7,2.25,-1.2,2,S100_RSI3_MOMO_LONG
s100_m3_combo,BUY,2025-05-02 03:17:00+00:00,3250.96,3249.04,3255.76,2025-05-02 03:37:00+00:00,3255.76,TP,4.35,1.92,2.2656,3,S100_RSI3_MOMO_LONG
s100_m3_combo,BUY,2025-05-02 03:41:00+00:00,3255.58,3253.43,3260.95,2025-05-02 04:02:00+00:00,3253.43,SL,-2.6,2.15,-1.2093,3,S100_RSI3_MOMO_LONG
s100_m3_combo,BUY,2025-05-02 05:47:00+00:00,3252.57,3251.07,3256.3,2025-05-02 05:52:00+00:00,3251.07,SL,-1.95,1.5,-1.3,5,S100_OB_LONG
s100_m3_combo,BUY,2025-05-02 06:11:00+00:00,3254.99,3253.01,3259.94,2025-05-02 06:15:00+00:00,3253.01,SL,-2.43,1.98,-1.2273,6,S100_RSI3_MOMO_LONG
s100_m3_combo,BUY,2025-05-02 06:26:00+00:00,3259.93,3257.22,3266.71,2025-05-02 06:28:00+00:00,3257.22,SL,-3.16,2.71,-1.1661,6,S100_FVG_LONG
s100_m3_combo,BUY,2025-05-02 07:17:00+00:00,3251.72,3249.98,3256.06,2025-05-02 07:21:00+00:00,3256.06,TP,3.89,1.74,2.2356,7,S100_FVG_LONG
s100_m3_combo,SELL,2025-05-02 13:11:00+00:00,3240.2,3246.02,3225.67,2025-05-02 13:15:00+00:00,3246.02,SL,-6.27,5.82,-1.0773,13,S100_RSI3_MOMO_SHORT
s100_m3_combo,SELL,2025-05-02 13:17:00+00:00,3246.51,3251.43,3234.22,2025-05-02 13:21:00+00:00,3251.43,SL,-5.37,4.92,-1.0915,13,S100_FVG_SHORT
s100_m3_combo,SELL,2025-05-02 14:08:00+00:00,3247.29,3251.72,3236.22,2025-05-02 14:12:00+00:00,3251.72,SL,-4.88,4.43,-1.1016,14,S100_OB_SHORT
s100_m3_combo,SELL,2025-05-02 14:50:00+00:00,3257.93,3259.83,3253.16,2025-05-02 14:51:00+00:00,3259.83,SL,-2.35,1.9,-1.2368,14,S100_OB_SHORT
s100_m3_combo,BUY,2025-05-05 01:17:00+00:00,3257.01,3255.39,3261.08,2025-05-05 01:19:00+00:00,3261.08,TP,3.62,1.62,2.2346,1,S100_FVG_LONG
s100_m3_combo,BUY,2025-05-05 01:26:00+00:00,3264.9,3261.76,3272.75,2025-05-05 02:13:00+00:00,3261.76,SL,-3.59,3.14,-1.1433,1,S100_RSI3_MOMO_LONG
s100_m3_combo,BUY,2025-05-05 02:47:00+00:00,3269.74,3267.18,3276.14,2025-05-05 03:06:00+00:00,3267.18,SL,-3.01,2.56,-1.1758,2,S100_RSI3_MOMO_LONG
s100_m3_combo,BUY,2025-05-05 05:41:00+00:00,3261.32,3259.42,3266.09,2025-05-05 05:44:00+00:00,3259.42,SL,-2.35,1.9,-1.2368,5,S100_RSI3_MOMO_LONG
s100_m3_combo,BUY,2025-05-05 06:00:00+00:00,3259.26,3257.46,3263.77,2025-05-05 06:04:00+00:00,3257.46,SL,-2.25,1.8,-1.25,6,S100_FVG_LONG
s100_m3_combo,BUY,2025-05-05 13:24:00+00:00,3317.49,3315.66,3322.09,2025-05-05 13:31:00+00:00,3315.66,SL,-2.28,1.83,-1.2459,13,S100_OB_LONG
s100_m3_combo,BUY,2025-05-05 14:12:00+00:00,3315.72,3311.02,3327.46,2025-05-05 15:03:00+00:00,3311.02,SL,-5.15,4.7,-1.0957,14,S100_OB_LONG
s100_m3_combo,BUY,2025-05-05 15:44:00+00:00,3315.34,3311.85,3324.07,2025-05-05 15:58:00+00:00,3311.85,SL,-3.94,3.49,-1.1289,15,S100_FVG_LONG
s100_m3_combo,BUY,2025-05-06 01:28:00+00:00,3355.22,3349.78,3368.84,2025-05-06 01:37:00+00:00,3368.84,TP,13.17,5.44,2.421,1,S100_FVG_LONG
s100_m3_combo,BUY,2025-05-06 01:50:00+00:00,3376.27,3368.71,3395.17,2025-05-06 02:36:00+00:00,3368.71,SL,-8.01,7.56,-1.0595,1,S100_FVG_LONG
s100_m3_combo,BUY,2025-05-06 03:24:00+00:00,3364.54,3359.99,3375.93,2025-05-06 03:36:00+00:00,3359.99,SL,-5.0,4.55,-1.0989,3,S100_FVG_LONG
s100_m3_combo,BUY,2025-05-06 04:52:00+00:00,3360.55,3358.02,3366.87,2025-05-06 05:14:00+00:00,3358.02,SL,-2.98,2.53,-1.1779,4,S100_FVG_LONG
s100_m3_combo,BUY,2025-05-06 05:59:00+00:00,3362.15,3358.66,3370.88,2025-05-06 07:11:00+00:00,3370.055,TIME,7.455,3.49,2.1361,5,S100_RSI3_MOMO_LONG
s100_m3_combo,BUY,2025-05-06 07:28:00+00:00,3373.47,3369.28,3383.97,2025-05-06 08:00:00+00:00,3369.28,SL,-4.64,4.19,-1.1074,7,S100_FVG_LONG
s100_m3_combo,BUY,2025-05-06 08:22:00+00:00,3379.66,3377.41,3385.27,2025-05-06 08:32:00+00:00,3377.41,SL,-2.7,2.25,-1.2,8,S100_FVG_LONG
s100_m3_combo,BUY,2025-05-06 13:04:00+00:00,3390.76,3388.89,3395.43,2025-05-06 13:13:00+00:00,3395.43,TP,4.22,1.87,2.2567,13,S100_FVG_LONG
s100_m3_combo,BUY,2025-05-06 14:19:00+00:00,3392.78,3391.17,3396.78,2025-05-06 14:25:00+00:00,3391.17,SL,-2.06,1.61,-1.2795,14,S100_OB_LONG
s100_m3_combo,BUY,2025-05-06 15:07:00+00:00,3389.61,3385.89,3398.92,2025-05-06 15:32:00+00:00,3398.92,TP,8.86,3.72,2.3817,15,S100_FVG_LONG
s100_m3_combo,BUY,2025-05-06 15:37:00+00:00,3398.4,3396.84,3402.31,2025-05-06 15:38:00+00:00,3396.84,SL,-2.01,1.56,-1.2885,15,S100_FVG_LONG
s100_m3_combo,SELL,2025-05-07 01:14:00+00:00,3379.38,3382.4,3371.83,2025-05-07 01:18:00+00:00,3371.83,TP,7.1,3.02,2.351,1,S100_OB_SHORT
s100_m3_combo,SELL,2025-05-07 03:33:00+00:00,3378.07,3384.24,3362.62,2025-05-07 04:05:00+00:00,3384.24,SL,-6.62,6.17,-1.0729,3,S100_FVG_SHORT
s100_m3_combo,SELL,2025-05-07 05:30:00+00:00,3385.47,3387.14,3381.27,2025-05-07 05:32:00+00:00,3387.14,SL,-2.12,1.67,-1.2695,5,S100_OB_SHORT
s100_m3_combo,SELL,2025-05-07 05:36:00+00:00,3384.28,3388.04,3374.9,2025-05-07 05:44:00+00:00,3388.04,SL,-4.21,3.76,-1.1197,5,S100_OB_SHORT
s100_m3_combo,BUY,2025-05-07 07:17:00+00:00,3394.26,3392.49,3398.68,2025-05-07 07:21:00+00:00,3392.49,SL,-2.22,1.77,-1.2542,7,S100_FVG_LONG
s100_m3_combo,SELL,2025-05-07 07:36:00+00:00,3387.86,3390.47,3381.34,2025-05-07 07:41:00+00:00,3390.47,SL,-3.06,2.61,-1.1724,7,S100_FVG_SHORT
s100_m3_combo,SELL,2025-05-07 07:56:00+00:00,3386.52,3388.31,3382.04,2025-05-07 08:16:00+00:00,3388.31,SL,-2.24,1.79,-1.2514,7,S100_OB_SHORT
s100_m3_combo,SELL,2025-05-07 08:38:00+00:00,3384.86,3387.56,3378.11,2025-05-07 09:20:00+00:00,3378.11,TP,6.3,2.7,2.3333,8,S100_OB_SHORT
s100_m3_combo,BUY,2025-05-07 13:51:00+00:00,3394.51,3392.45,3399.64,2025-05-07 14:00:00+00:00,3392.45,SL,-2.51,2.06,-1.2184,13,S100_FVG_LONG
s100_m3_combo,SELL,2025-05-07 14:53:00+00:00,3385.41,3388.98,3376.5,2025-05-07 15:03:00+00:00,3388.98,SL,-4.02,3.57,-1.1261,14,S100_OB_SHORT
s100_m3_combo,BUY,2025-05-08 01:41:00+00:00,3394.97,3389.75,3408.0,2025-05-08 01:58:00+00:00,3408.0,TP,12.58,5.22,2.41,1,S100_RSI3_MOMO_LONG
s100_m3_combo,BUY,2025-05-08 02:08:00+00:00,3408.32,3404.37,3418.2,2025-05-08 02:48:00+00:00,3404.37,SL,-4.4,3.95,-1.1139,2,S100_FVG_LONG
s100_m3_combo,BUY,2025-05-08 03:21:00+00:00,3403.84,3402.1,3408.21,2025-05-08 03:22:00+00:00,3402.1,SL,-2.19,1.74,-1.2586,3,S100_FVG_LONG
s100_m3_combo,BUY,2025-05-08 03:53:00+00:00,3398.3,3396.56,3402.64,2025-05-08 04:00:00+00:00,3396.56,SL,-2.19,1.74,-1.2586,3,S100_FVG_LONG
s100_m3_combo,BUY,2025-05-08 04:44:00+00:00,3391.01,3388.54,3397.17,2025-05-08 04:45:00+00:00,3388.54,SL,-2.92,2.47,-1.1822,4,S100_OB_LONG
s100_m3_combo,SELL,2025-05-08 05:57:00+00:00,3364.82,3369.45,3353.27,2025-05-08 06:00:00+00:00,3353.27,TP,11.1,4.63,2.3974,5,S100_FVG_SHORT
s100_m3_combo,SELL,2025-05-08 06:41:00+00:00,3333.47,3338.42,3321.11,2025-05-08 06:48:00+00:00,3321.11,TP,11.91,4.95,2.4061,6,S100_FVG_SHORT
s100_m3_combo,SELL,2025-05-08 06:52:00+00:00,3327.8,3331.6,3318.3,2025-05-08 07:00:00+00:00,3331.6,SL,-4.25,3.8,-1.1184,6,S100_FVG_SHORT
s100_m3_combo,SELL,2025-05-08 07:27:00+00:00,3337.95,3339.52,3334.0,2025-05-08 07:29:00+00:00,3339.52,SL,-2.02,1.57,-1.2866,7,S100_OB_SHORT
s100_m3_combo,SELL,2025-05-08 07:58:00+00:00,3343.05,3344.68,3338.95,2025-05-08 08:13:00+00:00,3338.95,TP,3.65,1.63,2.2393,7,S100_OB_SHORT
s100_m3_combo,SELL,2025-05-08 08:34:00+00:00,3340.85,3342.53,3336.66,2025-05-08 08:43:00+00:00,3342.53,SL,-2.13,1.68,-1.2679,8,S100_FVG_SHORT
s100_m3_combo,SELL,2025-05-08 08:56:00+00:00,3340.43,3342.56,3335.11,2025-05-08 09:06:00+00:00,3342.56,SL,-2.58,2.13,-1.2113,8,S100_OB_SHORT
s100_m3_combo,BUY,2025-05-08 13:40:00+00:00,3364.46,3360.32,3374.81,2025-05-08 13:46:00+00:00,3360.32,SL,-4.59,4.14,-1.1087,13,S100_FVG_LONG
s100_m3_combo,BUY,2025-05-08 14:16:00+00:00,3355.99,3350.96,3368.56,2025-05-08 14:25:00+00:00,3350.96,SL,-5.48,5.03,-1.0895,14,S100_OB_LONG
s100_m3_combo,BUY,2025-05-08 14:51:00+00:00,3355.99,3353.17,3363.03,2025-05-08 15:01:00+00:00,3353.17,SL,-3.27,2.82,-1.1596,14,S100_OB_LONG
s100_m3_combo,SELL,2025-05-08 15:44:00+00:00,3336.24,3341.97,3321.93,2025-05-08 16:06:00+00:00,3321.93,TP,13.86,5.73,2.4188,15,S100_RSI3_MOMO_SHORT
s100_m3_combo,SELL,2025-05-09 01:06:00+00:00,3319.84,3321.99,3314.45,2025-05-09 01:10:00+00:00,3314.45,TP,4.94,2.15,2.2977,1,S100_FVG_SHORT
s100_m3_combo,SELL,2025-05-09 01:30:00+00:00,3303.51,3306.1,3297.02,2025-05-09 01:34:00+00:00,3297.02,TP,6.04,2.59,2.332,1,S100_FVG_SHORT
s100_m3_combo,SELL,2025-05-09 01:40:00+00:00,3293.32,3300.97,3274.19,2025-05-09 02:46:00+00:00,3300.97,SL,-8.1,7.65,-1.0588,1,S100_FVG_SHORT
s100_m3_combo,SELL,2025-05-09 03:32:00+00:00,3308.45,3312.1,3299.33,2025-05-09 03:53:00+00:00,3312.1,SL,-4.1,3.65,-1.1233,3,S100_OB_SHORT
s100_m3_combo,SELL,2025-05-09 04:01:00+00:00,3310.33,3313.42,3302.61,2025-05-09 04:04:00+00:00,3313.42,SL,-3.54,3.09,-1.1456,4,S100_OB_SHORT
s100_m3_combo,BUY,2025-05-09 06:05:00+00:00,3323.26,3319.73,3332.07,2025-05-09 06:14:00+00:00,3319.73,SL,-3.98,3.53,-1.1275,6,S100_RSI3_MOMO_LONG
s100_m3_combo,BUY,2025-05-09 06:37:00+00:00,3322.61,3320.35,3328.25,2025-05-09 06:38:00+00:00,3320.35,SL,-2.71,2.26,-1.1991,6,S100_FVG_LONG
s100_m3_combo,BUY,2025-05-09 07:00:00+00:00,3325.32,3322.96,3331.23,2025-05-09 07:11:00+00:00,3331.23,TP,5.46,2.36,2.3136,7,S100_FVG_LONG
s100_m3_combo,BUY,2025-05-09 07:37:00+00:00,3326.92,3324.96,3331.83,2025-05-09 08:01:00+00:00,3324.96,SL,-2.41,1.96,-1.2296,7,S100_FVG_LONG
s100_m3_combo,BUY,2025-05-09 13:36:00+00:00,3336.16,3334.21,3341.06,2025-05-09 13:41:00+00:00,3334.21,SL,-2.4,1.95,-1.2308,13,S100_OB_LONG
s100_m3_combo,BUY,2025-05-09 14:40:00+00:00,3334.84,3331.51,3343.19,2025-05-09 15:15:00+00:00,3343.19,TP,7.9,3.33,2.3724,14,S100_FVG_LONG
s100_m3_combo,SELL,2025-05-12 01:06:00+00:00,3274.18,3278.3,3263.89,2025-05-12 01:12:00+00:00,3263.89,TP,9.84,4.12,2.3883,1,S100_FVG_SHORT
s100_m3_combo,SELL,2025-05-12 01:22:00+00:00,3266.85,3272.66,3252.33,2025-05-12 01:40:00+00:00,3272.66,SL,-6.26,5.81,-1.0775,1,S100_FVG_SHORT
s100_m3_combo,SELL,2025-05-12 02:29:00+00:00,3276.9,3278.79,3272.16,2025-05-12 02:35:00+00:00,3272.16,TP,4.29,1.89,2.2698,2,S100_OB_SHORT
s100_m3_combo,SELL,2025-05-12 03:06:00+00:00,3274.18,3275.78,3270.17,2025-05-12 03:13:00+00:00,3275.78,SL,-2.05,1.6,-1.2812,3,S100_OB_SHORT
s100_m3_combo,SELL,2025-05-12 05:27:00+00:00,3273.71,3275.88,3268.28,2025-05-12 05:34:00+00:00,3275.88,SL,-2.62,2.17,-1.2074,5,S100_OB_SHORT
s100_m3_combo,SELL,2025-05-12 06:30:00+00:00,3278.31,3279.88,3274.39,2025-05-12 06:31:00+00:00,3279.88,SL,-2.02,1.57,-1.2866,6,S100_FVG_SHORT
s100_m3_combo,SELL,2025-05-12 07:30:00+00:00,3232.8,3238.4,3218.79,2025-05-12 07:45:00+00:00,3218.79,TP,13.56,5.6,2.4214,7,S100_FVG_SHORT
s100_m3_combo,SELL,2025-05-12 07:48:00+00:00,3223.72,3229.66,3208.88,2025-05-12 08:04:00+00:00,3229.66,SL,-6.39,5.94,-1.0758,7,S100_FVG_SHORT
s100_m3_combo,SELL,2025-05-12 08:29:00+00:00,3224.93,3227.03,3219.66,2025-05-12 08:32:00+00:00,3227.03,SL,-2.55,2.1,-1.2143,8,S100_OB_SHORT
s100_m3_combo,SELL,2025-05-12 13:35:00+00:00,3234.41,3239.06,3222.77,2025-05-12 13:40:00+00:00,3239.06,SL,-5.1,4.65,-1.0968,13,S100_RSI3_MOMO_SHORT
s100_m3_combo,SELL,2025-05-12 13:59:00+00:00,3242.42,3245.18,3235.53,2025-05-12 14:02:00+00:00,3235.53,TP,6.44,2.76,2.3333,13,S100_FVG_SHORT
s100_m3_combo,SELL,2025-05-12 14:08:00+00:00,3239.26,3241.78,3232.98,2025-05-12 14:19:00+00:00,3241.78,SL,-2.97,2.52,-1.1786,14,S100_OB_SHORT
s100_m3_combo,BUY,2025-05-12 14:38:00+00:00,3247.18,3241.94,3260.3,2025-05-12 14:43:00+00:00,3241.94,SL,-5.69,5.24,-1.0859,14,S100_RSI3_MOMO_LONG
s100_m3_combo,SELL,2025-05-12 14:53:00+00:00,3235.92,3240.59,3224.24,2025-05-12 15:06:00+00:00,3240.59,SL,-5.12,4.67,-1.0964,14,S100_RSI3_MOMO_SHORT
s100_m3_combo,SELL,2025-05-12 15:23:00+00:00,3236.57,3239.86,3228.36,2025-05-12 15:25:00+00:00,3239.86,SL,-3.74,3.29,-1.1368,15,S100_OB_SHORT
s100_m3_combo,SELL,2025-05-12 15:36:00+00:00,3237.74,3239.81,3232.58,2025-05-12 15:39:00+00:00,3239.81,SL,-2.52,2.07,-1.2174,15,S100_FVG_SHORT
s100_m3_combo,SELL,2025-05-13 01:48:00+00:00,3222.57,3225.28,3215.79,2025-05-13 01:49:00+00:00,3225.28,SL,-3.16,2.71,-1.1661,1,S100_FVG_SHORT
s100_m3_combo,SELL,2025-05-13 03:00:00+00:00,3230.47,3232.17,3226.22,2025-05-13 03:12:00+00:00,3232.17,SL,-2.15,1.7,-1.2647,3,S100_FVG_SHORT
s100_m3_combo,BUY,2025-05-13 03:38:00+00:00,3236.12,3234.16,3241.02,2025-05-13 03:44:00+00:00,3234.16,SL,-2.41,1.96,-1.2296,3,S100_RSI3_MOMO_LONG
s100_m3_combo,BUY,2025-05-13 03:53:00+00:00,3237.86,3236.16,3242.09,2025-05-13 04:02:00+00:00,3236.16,SL,-2.15,1.7,-1.2647,3,S100_RSI3_MOMO_LONG
s100_m3_combo,BUY,2025-05-13 05:23:00+00:00,3257.92,3255.28,3264.53,2025-05-13 05:31:00+00:00,3255.28,SL,-3.09,2.64,-1.1705,5,S100_FVG_LONG
s100_m3_combo,BUY,2025-05-13 06:36:00+00:00,3254.12,3251.68,3260.24,2025-05-13 06:48:00+00:00,3260.24,TP,5.67,2.44,2.3238,6,S100_OB_LONG
s100_m3_combo,BUY,2025-05-13 06:48:00+00:00,3259.22,3255.96,3267.39,2025-05-13 07:30:00+00:00,3255.96,SL,-3.71,3.26,-1.138,6,S100_RSI3_MOMO_LONG
s100_m3_combo,SELL,2025-05-13 13:00:00+00:00,3243.28,3245.21,3238.47,2025-05-13 13:01:00+00:00,3245.21,SL,-2.38,1.93,-1.2332,13,S100_OB_SHORT
s100_m3_combo,SELL,2025-05-13 13:25:00+00:00,3243.17,3246.97,3233.67,2025-05-13 13:40:00+00:00,3233.67,TP,9.05,3.8,2.3816,13,S100_OB_SHORT
s100_m3_combo,SELL,2025-05-13 15:12:00+00:00,3243.34,3247.5,3232.95,2025-05-13 15:24:00+00:00,3247.5,SL,-4.61,4.16,-1.1082,15,S100_OB_SHORT
s100_m3_combo,BUY,2025-05-13 15:50:00+00:00,3251.68,3249.18,3257.95,2025-05-13 16:14:00+00:00,3257.95,TP,5.82,2.5,2.328,15,S100_RSI3_MOMO_LONG
s100_m3_combo,SELL,2025-05-14 01:53:00+00:00,3241.21,3244.49,3233.01,2025-05-14 02:31:00+00:00,3233.01,TP,7.75,3.28,2.3628,1,S100_RSI3_MOMO_SHORT
s100_m3_combo,SELL,2025-05-14 02:50:00+00:00,3235.3,3237.83,3228.96,2025-05-14 03:13:00+00:00,3228.96,TP,5.89,2.53,2.3281,2,S100_FVG_SHORT
s100_m3_combo,SELL,2025-05-14 05:00:00+00:00,3224.57,3226.2,3220.51,2025-05-14 05:08:00+00:00,3226.2,SL,-2.08,1.63,-1.2761,5,S100_FVG_SHORT
s100_m3_combo,SELL,2025-05-14 06:20:00+00:00,3233.49,3235.68,3228.0,2025-05-14 06:59:00+00:00,3228.0,TP,5.04,2.19,2.3014,6,S100_FVG_SHORT
s100_m3_combo,SELL,2025-05-14 07:13:00+00:00,3226.74,3229.8,3219.07,2025-05-14 07:24:00+00:00,3229.8,SL,-3.51,3.06,-1.1471,7,S100_FVG_SHORT
s100_m3_combo,SELL,2025-05-14 08:23:00+00:00,3238.57,3243.75,3225.64,2025-05-14 09:35:00+00:00,3230.47,TIME,7.65,5.18,1.4768,8,S100_OB_SHORT
s100_m3_combo,SELL,2025-05-14 13:17:00+00:00,3182.18,3185.41,3174.09,2025-05-14 13:18:00+00:00,3185.41,SL,-3.68,3.23,-1.1393,13,S100_OB_SHORT
s100_m3_combo,SELL,2025-05-14 14:23:00+00:00,3181.52,3186.21,3169.8,2025-05-14 14:27:00+00:00,3186.21,SL,-5.14,4.69,-1.0959,14,S100_RSI3_MOMO_SHORT
s100_m3_combo,SELL,2025-05-14 14:28:00+00:00,3186.58,3190.88,3175.83,2025-05-14 14:49:00+00:00,3190.88,SL,-4.75,4.3,-1.1047,14,S100_OB_SHORT
s100_m3_combo,SELL,2025-05-14 15:05:00+00:00,3180.18,3183.84,3171.03,2025-05-14 15:19:00+00:00,3183.84,SL,-4.11,3.66,-1.123,15,S100_RSI3_MOMO_SHORT
s100_m3_combo,SELL,2025-05-14 15:20:00+00:00,3185.36,3188.54,3177.39,2025-05-14 16:32:00+00:00,3182.1,TIME,2.81,3.18,0.8836,15,S100_FVG_SHORT
s100_m3_combo,BUY,2025-05-15 01:28:00+00:00,3185.94,3182.82,3193.73,2025-05-15 01:36:00+00:00,3182.82,SL,-3.57,3.12,-1.1442,1,S100_OB_LONG
s100_m3_combo,SELL,2025-05-15 03:00:00+00:00,3156.22,3158.74,3149.89,2025-05-15 03:14:00+00:00,3149.89,TP,5.88,2.52,2.3333,3,S100_OB_SHORT
s100_m3_combo,SELL,2025-05-15 03:16:00+00:00,3152.44,3155.01,3146.01,2025-05-15 03:31:00+00:00,3155.01,SL,-3.02,2.57,-1.1751,3,S100_FVG_SHORT
s100_m3_combo,SELL,2025-05-15 05:36:00+00:00,3138.13,3141.72,3129.15,2025-05-15 05:54:00+00:00,3129.15,TP,8.53,3.59,2.376,5,S100_FVG_SHORT
s100_m3_combo,SELL,2025-05-15 06:00:00+00:00,3130.01,3133.84,3120.44,2025-05-15 06:21:00+00:00,3133.84,SL,-4.28,3.83,-1.1175,6,S100_FVG_SHORT
s100_m3_combo,SELL,2025-05-15 07:25:00+00:00,3145.79,3148.06,3140.11,2025-05-15 07:37:00+00:00,3140.11,TP,5.23,2.27,2.304,7,S100_FVG_SHORT
s100_m3_combo,SELL,2025-05-15 07:47:00+00:00,3134.51,3137.62,3126.73,2025-05-15 07:49:00+00:00,3137.62,SL,-3.56,3.11,-1.1447,7,S100_FVG_SHORT
s100_m3_combo,BUY,2025-05-15 13:08:00+00:00,3190.7,3187.06,3199.8,2025-05-15 13:17:00+00:00,3199.8,TP,8.65,3.64,2.3764,13,S100_RSI3_MOMO_LONG
s100_m3_combo,BUY,2025-05-15 13:31:00+00:00,3190.66,3189.07,3194.61,2025-05-15 13:38:00+00:00,3194.61,TP,3.5,1.59,2.2013,13,S100_OB_LONG
s100_m3_combo,BUY,2025-05-15 14:16:00+00:00,3202.26,3198.94,3210.54,2025-05-15 14:36:00+00:00,3198.94,SL,-3.77,3.32,-1.1355,14,S100_FVG_LONG
s100_m3_combo,BUY,2025-05-16 01:39:00+00:00,3223.45,3221.67,3227.9,2025-05-16 01:43:00+00:00,3221.67,SL,-2.23,1.78,-1.2528,1,S100_OB_LONG
s100_m3_combo,SELL,2025-05-16 01:59:00+00:00,3222.7,3227.59,3210.46,2025-05-16 02:33:00+00:00,3227.59,SL,-5.34,4.89,-1.092,1,S100_OB_SHORT
s100_m3_combo,SELL,2025-05-16 02:47:00+00:00,3219.05,3221.74,3212.34,2025-05-16 03:02:00+00:00,3212.34,TP,6.26,2.69,2.3271,2,S100_RSI3_MOMO_SHORT
s100_m3_combo,SELL,2025-05-16 03:26:00+00:00,3212.47,3215.01,3206.11,2025-05-16 03:36:00+00:00,3215.01,SL,-2.99,2.54,-1.1772,3,S100_OB_SHORT
s100_m3_combo,SELL,2025-05-16 03:50:00+00:00,3211.05,3212.8,3206.67,2025-05-16 03:56:00+00:00,3212.8,SL,-2.2,1.75,-1.2571,3,S100_FVG_SHORT
s100_m3_combo,SELL,2025-05-16 05:29:00+00:00,3215.9,3217.9,3210.9,2025-05-16 05:35:00+00:00,3217.9,SL,-2.45,2.0,-1.225,5,S100_FVG_SHORT
s100_m3_combo,SELL,2025-05-16 05:58:00+00:00,3218.58,3221.56,3211.13,2025-05-16 06:02:00+00:00,3221.56,SL,-3.43,2.98,-1.151,5,S100_OB_SHORT
s100_m3_combo,SELL,2025-05-16 06:44:00+00:00,3215.47,3218.65,3207.54,2025-05-16 07:19:00+00:00,3207.54,TP,7.48,3.18,2.3522,6,S100_RSI3_MOMO_SHORT
s100_m3_combo,SELL,2025-05-16 07:24:00+00:00,3208.53,3210.58,3203.39,2025-05-16 07:26:00+00:00,3210.58,SL,-2.5,2.05,-1.2195,7,S100_FVG_SHORT
s100_m3_combo,SELL,2025-05-16 08:19:00+00:00,3199.85,3202.95,3192.1,2025-05-16 08:25:00+00:00,3202.95,SL,-3.55,3.1,-1.1452,8,S100_FVG_SHORT
s100_m3_combo,SELL,2025-05-16 13:34:00+00:00,3182.11,3183.81,3177.88,2025-05-16 13:35:00+00:00,3183.81,SL,-2.15,1.7,-1.2647,13,S100_OB_SHORT
s100_m3_combo,SELL,2025-05-16 14:23:00+00:00,3182.3,3185.68,3173.86,2025-05-16 14:29:00+00:00,3173.86,TP,7.99,3.38,2.3639,14,S100_OB_SHORT
s100_m3_combo,BUY,2025-05-19 02:32:00+00:00,3222.21,3218.15,3232.37,2025-05-19 02:39:00+00:00,3218.15,SL,-4.51,4.06,-1.1108,2,S100_OB_LONG
s100_m3_combo,BUY,2025-05-19 02:55:00+00:00,3225.64,3221.14,3236.9,2025-05-19 03:37:00+00:00,3221.14,SL,-4.95,4.5,-1.1,2,S100_FVG_LONG
s100_m3_combo,BUY,2025-05-19 05:08:00+00:00,3220.78,3218.67,3226.06,2025-05-19 05:14:00+00:00,3218.67,SL,-2.56,2.11,-1.2133,5,S100_RSI3_MOMO_LONG
s100_m3_combo,BUY,2025-05-19 08:20:00+00:00,3237.49,3234.34,3245.35,2025-05-19 08:26:00+00:00,3234.34,SL,-3.6,3.15,-1.1429,8,S100_RSI3_MOMO_LONG
s100_m3_combo,BUY,2025-05-19 08:26:00+00:00,3235.3,3232.77,3241.6,2025-05-19 08:52:00+00:00,3241.6,TP,5.85,2.53,2.3123,8,S100_FVG_LONG
s100_m3_combo,BUY,2025-05-19 08:53:00+00:00,3241.47,3238.62,3248.59,2025-05-19 09:11:00+00:00,3238.62,SL,-3.3,2.85,-1.1579,8,S100_RSI3_MOMO_LONG
s100_m3_combo,BUY,2025-05-19 13:12:00+00:00,3231.51,3229.34,3236.92,2025-05-19 13:14:00+00:00,3236.92,TP,4.96,2.17,2.2857,13,S100_OB_LONG
s100_m3_combo,BUY,2025-05-19 13:26:00+00:00,3231.51,3229.28,3237.07,2025-05-19 13:32:00+00:00,3229.28,SL,-2.68,2.23,-1.2018,13,S100_OB_LONG
s100_m3_combo,SELL,2025-05-19 14:06:00+00:00,3224.37,3230.29,3209.57,2025-05-19 14:26:00+00:00,3230.29,SL,-6.37,5.92,-1.076,14,S100_FVG_SHORT
s100_m3_combo,BUY,2025-05-19 15:54:00+00:00,3234.68,3232.27,3240.71,2025-05-19 15:57:00+00:00,3232.27,SL,-2.86,2.41,-1.1867,15,S100_FVG_LONG
s100_m3_combo,SELL,2025-05-20 01:27:00+00:00,3226.72,3228.43,3222.43,2025-05-20 01:34:00+00:00,3228.43,SL,-2.16,1.71,-1.2632,1,S100_FVG_SHORT
s100_m3_combo,SELL,2025-05-20 02:18:00+00:00,3216.9,3218.49,3212.92,2025-05-20 02:19:00+00:00,3212.92,TP,3.53,1.59,2.2201,2,S100_FVG_SHORT
s100_m3_combo,SELL,2025-05-20 02:21:00+00:00,3215.01,3218.33,3206.71,2025-05-20 02:59:00+00:00,3206.71,TP,7.85,3.32,2.3645,2,S100_RSI3_MOMO_SHORT
s100_m3_combo,SELL,2025-05-20 03:04:00+00:00,3207.49,3209.39,3202.72,2025-05-20 03:07:00+00:00,3209.39,SL,-2.35,1.9,-1.2368,3,S100_FVG_SHORT
s100_m3_combo,SELL,2025-05-20 03:40:00+00:00,3210.53,3212.33,3206.05,2025-05-20 03:43:00+00:00,3212.33,SL,-2.25,1.8,-1.25,3,S100_FVG_SHORT
s100_m3_combo,SELL,2025-05-20 05:20:00+00:00,3216.53,3218.54,3211.49,2025-05-20 05:32:00+00:00,3218.54,SL,-2.46,2.01,-1.2239,5,S100_FVG_SHORT
s100_m3_combo,SELL,2025-05-20 05:43:00+00:00,3212.76,3215.19,3206.68,2025-05-20 06:08:00+00:00,3215.19,SL,-2.88,2.43,-1.1852,5,S100_FVG_SHORT
s100_m3_combo,SELL,2025-05-20 06:29:00+00:00,3215.3,3217.75,3209.2,2025-05-20 06:42:00+00:00,3209.2,TP,5.65,2.45,2.3061,6,S100_FVG_SHORT
s100_m3_combo,SELL,2025-05-20 06:53:00+00:00,3209.49,3211.7,3203.95,2025-05-20 07:05:00+00:00,3211.7,SL,-2.66,2.21,-1.2036,6,S100_RSI3_MOMO_SHORT
s100_m3_combo,BUY,2025-05-20 08:36:00+00:00,3224.06,3221.97,3229.29,2025-05-20 08:46:00+00:00,3229.29,TP,4.78,2.09,2.2871,8,S100_FVG_LONG
s100_m3_combo,BUY,2025-05-20 13:39:00+00:00,3241.28,3239.01,3246.96,2025-05-20 13:49:00+00:00,3246.96,TP,5.23,2.27,2.304,13,S100_FVG_LONG
s100_m3_combo,BUY,2025-05-20 13:53:00+00:00,3245.12,3242.88,3250.75,2025-05-20 13:57:00+00:00,3250.75,TP,5.18,2.24,2.3125,13,S100_FVG_LONG
s100_m3_combo,BUY,2025-05-20 14:35:00+00:00,3278.77,3275.74,3286.35,2025-05-20 14:36:00+00:00,3275.74,SL,-3.48,3.03,-1.1485,14,S100_OB_LONG
s100_m3_combo,BUY,2025-05-20 15:19:00+00:00,3280.24,3274.83,3293.76,2025-05-20 16:31:00+00:00,3278.085,TIME,-2.605,5.41,-0.4815,15,S100_OB_LONG
s100_m3_combo,BUY,2025-05-21 01:56:00+00:00,3298.39,3294.36,3308.45,2025-05-21 02:00:00+00:00,3294.36,SL,-4.48,4.03,-1.1117,1,S100_RSI3_MOMO_LONG
s100_m3_combo,BUY,2025-05-21 02:03:00+00:00,3290.26,3286.87,3298.74,2025-05-21 02:39:00+00:00,3298.74,TP,8.03,3.39,2.3687,2,S100_OB_LONG
s100_m3_combo,BUY,2025-05-21 03:50:00+00:00,3308.62,3306.51,3313.89,2025-05-21 04:01:00+00:00,3306.51,SL,-2.56,2.11,-1.2133,3,S100_RSI3_MOMO_LONG
s100_m3_combo,BUY,2025-05-21 04:41:00+00:00,3304.25,3302.34,3309.02,2025-05-21 04:56:00+00:00,3302.34,SL,-2.36,1.91,-1.2356,4,S100_OB_LONG
s100_m3_combo,BUY,2025-05-21 06:18:00+00:00,3314.38,3311.71,3321.04,2025-05-21 07:14:00+00:00,3311.71,SL,-3.12,2.67,-1.1685,6,S100_FVG_LONG
s100_m3_combo,SELL,2025-05-21 13:30:00+00:00,3305.7,3307.6,3300.95,2025-05-21 13:31:00+00:00,3307.6,SL,-2.35,1.9,-1.2368,13,S100_OB_SHORT
s100_m3_combo,SELL,2025-05-21 13:50:00+00:00,3299.24,3303.34,3288.97,2025-05-21 13:59:00+00:00,3303.34,SL,-4.55,4.1,-1.1098,13,S100_RSI3_MOMO_SHORT
s100_m3_combo,BUY,2025-05-22 01:27:00+00:00,3336.6,3332.08,3347.91,2025-05-22 02:39:00+00:00,3339.95,TIME,2.9,4.52,0.6416,1,S100_FVG_LONG
s100_m3_combo,BUY,2025-05-22 02:51:00+00:00,3342.86,3340.6,3348.52,2025-05-22 02:52:00+00:00,3340.6,SL,-2.71,2.26,-1.1991,2,S100_FVG_LONG
s100_m3_combo,BUY,2025-05-22 06:06:00+00:00,3333.74,3332.12,3337.8,2025-05-22 06:16:00+00:00,3332.12,SL,-2.07,1.62,-1.2778,6,S100_FVG_LONG
s100_m3_combo,SELL,2025-05-22 07:19:00+00:00,3325.78,3327.28,3322.02,2025-05-22 07:21:00+00:00,3327.28,SL,-1.95,1.5,-1.3,7,S100_OB_SHORT
s100_m3_combo,SELL,2025-05-22 08:02:00+00:00,3326.47,3328.91,3320.35,2025-05-22 08:06:00+00:00,3328.91,SL,-2.89,2.44,-1.1844,8,S100_RSI3_MOMO_SHORT
s100_m3_combo,SELL,2025-05-22 08:39:00+00:00,3315.84,3318.45,3309.3,2025-05-22 09:00:00+00:00,3309.3,TP,6.09,2.61,2.3333,8,S100_FVG_SHORT
s100_m3_combo,SELL,2025-05-22 13:50:00+00:00,3303.74,3307.91,3293.31,2025-05-22 13:51:00+00:00,3293.31,TP,9.98,4.17,2.3933,13,S100_RSI3_MOMO_SHORT
s100_m3_combo,SELL,2025-05-22 14:07:00+00:00,3290.34,3294.33,3280.39,2025-05-22 14:08:00+00:00,3294.33,SL,-4.44,3.99,-1.1128,14,S100_FVG_SHORT
s100_m3_combo,SELL,2025-05-22 15:12:00+00:00,3286.54,3290.62,3276.33,2025-05-22 15:15:00+00:00,3290.62,SL,-4.53,4.08,-1.1103,15,S100_FVG_SHORT
s100_m3_combo,BUY,2025-05-23 01:19:00+00:00,3300.97,3298.61,3306.89,2025-05-23 01:33:00+00:00,3298.61,SL,-2.81,2.36,-1.1907,1,S100_OB_LONG
s100_m3_combo,BUY,2025-05-23 01:52:00+00:00,3302.36,3299.74,3308.9,2025-05-23 02:07:00+00:00,3299.74,SL,-3.07,2.62,-1.1718,1,S100_FVG_LONG
s100_m3_combo,BUY,2025-05-23 04:47:00+00:00,3314.71,3312.79,3319.51,2025-05-23 05:07:00+00:00,3312.79,SL,-2.37,1.92,-1.2344,4,S100_RSI3_MOMO_LONG
s100_m3_combo,BUY,2025-05-23 05:11:00+00:00,3315.51,3313.81,3319.78,2025-05-23 05:23:00+00:00,3319.78,TP,3.82,1.7,2.2471,5,S100_RSI3_MOMO_LONG
s100_m3_combo,BUY,2025-05-23 05:27:00+00:00,3319.82,3318.32,3323.54,2025-05-23 05:33:00+00:00,3318.32,SL,-1.95,1.5,-1.3,5,S100_FVG_LONG
s100_m3_combo,BUY,2025-05-23 06:10:00+00:00,3326.84,3325.23,3330.86,2025-05-23 06:24:00+00:00,3325.23,SL,-2.06,1.61,-1.2795,6,S100_FVG_LONG
s100_m3_combo,BUY,2025-05-23 08:40:00+00:00,3326.22,3324.7,3330.01,2025-05-23 08:47:00+00:00,3324.7,SL,-1.97,1.52,-1.2961,8,S100_FVG_LONG
s100_m3_combo,BUY,2025-05-23 13:05:00+00:00,3358.22,3351.36,3375.36,2025-05-23 13:20:00+00:00,3351.36,SL,-7.31,6.86,-1.0656,13,S100_OB_LONG
s100_m3_combo,BUY,2025-05-23 14:25:00+00:00,3349.61,3346.33,3357.79,2025-05-23 14:53:00+00:00,3357.79,TP,7.73,3.28,2.3567,14,S100_FVG_LONG
s100_m3_combo,BUY,2025-05-23 15:19:00+00:00,3353.05,3351.5,3356.94,2025-05-23 15:27:00+00:00,3356.94,TP,3.44,1.55,2.2194,15,S100_OB_LONG
s100_m3_combo,BUY,2025-05-23 15:50:00+00:00,3359.55,3356.69,3366.7,2025-05-23 17:02:00+00:00,3359.78,TIME,-0.22,2.86,-0.0769,15,S100_RSI3_MOMO_LONG
s100_m3_combo,SELL,2025-05-26 03:04:00+00:00,3349.22,3351.23,3344.21,2025-05-26 04:16:00+00:00,3348.575,TIME,0.195,2.01,0.097,3,S100_FVG_SHORT
s100_m3_combo,SELL,2025-05-26 04:41:00+00:00,3348.14,3349.94,3343.65,2025-05-26 04:45:00+00:00,3349.94,SL,-2.25,1.8,-1.25,4,S100_OB_SHORT
s100_m3_combo,SELL,2025-05-26 06:08:00+00:00,3345.99,3348.25,3340.32,2025-05-26 06:26:00+00:00,3340.32,TP,5.22,2.26,2.3097,6,S100_RSI3_MOMO_SHORT
s100_m3_combo,SELL,2025-05-26 07:38:00+00:00,3332.99,3335.03,3327.91,2025-05-26 07:48:00+00:00,3335.03,SL,-2.49,2.04,-1.2206,7,S100_RSI3_MOMO_SHORT
s100_m3_combo,BUY,2025-05-26 14:28:00+00:00,3337.18,3334.72,3343.31,2025-05-26 15:40:00+00:00,3338.01,TIME,0.38,2.46,0.1545,14,S100_OB_LONG
s100_m3_combo,SELL,2025-05-27 01:47:00+00:00,3334.95,3337.9,3327.6,2025-05-27 02:05:00+00:00,3337.9,SL,-3.4,2.95,-1.1525,1,S100_FVG_SHORT
s100_m3_combo,BUY,2025-05-27 03:29:00+00:00,3346.93,3345.35,3350.86,2025-05-27 03:37:00+00:00,3345.35,SL,-2.03,1.58,-1.2848,3,S100_RSI3_MOMO_LONG
s100_m3_combo,SELL,2025-05-27 04:54:00+00:00,3334.37,3336.4,3329.28,2025-05-27 05:07:00+00:00,3329.28,TP,4.64,2.03,2.2857,4,S100_FVG_SHORT
s100_m3_combo,SELL,2025-05-27 06:59:00+00:00,3309.55,3312.59,3301.95,2025-05-27 07:12:00+00:00,3312.59,SL,-3.49,3.04,-1.148,6,S100_FVG_SHORT
s100_m3_combo,SELL,2025-05-27 07:32:00+00:00,3307.93,3310.6,3301.27,2025-05-27 07:44:00+00:00,3310.6,SL,-3.12,2.67,-1.1685,7,S100_OB_SHORT
s100_m3_combo,SELL,2025-05-27 07:49:00+00:00,3307.74,3310.53,3300.76,2025-05-27 07:51:00+00:00,3300.76,TP,6.53,2.79,2.3405,7,S100_OB_SHORT
s100_m3_combo,SELL,2025-05-27 08:01:00+00:00,3302.74,3307.56,3290.68,2025-05-27 08:04:00+00:00,3307.56,SL,-5.27,4.82,-1.0934,8,S100_FVG_SHORT
s100_m3_combo,SELL,2025-05-27 13:58:00+00:00,3295.83,3297.91,3290.64,2025-05-27 14:00:00+00:00,3290.64,TP,4.74,2.08,2.2788,13,S100_OB_SHORT
s100_m3_combo,SELL,2025-05-27 14:08:00+00:00,3292.72,3296.16,3284.13,2025-05-27 14:10:00+00:00,3296.16,SL,-3.89,3.44,-1.1308,14,S100_OB_SHORT
s100_m3_combo,SELL,2025-05-27 15:04:00+00:00,3300.55,3302.25,3296.32,2025-05-27 15:06:00+00:00,3302.25,SL,-2.15,1.7,-1.2647,15,S100_OB_SHORT
s100_m3_combo,SELL,2025-05-27 15:20:00+00:00,3295.96,3298.45,3289.74,2025-05-27 15:38:00+00:00,3289.74,TP,5.77,2.49,2.3173,15,S100_RSI3_MOMO_SHORT
s100_m3_combo,BUY,2025-05-28 02:07:00+00:00,3303.24,3301.2,3308.35,2025-05-28 02:18:00+00:00,3308.35,TP,4.66,2.04,2.2843,2,S100_OB_LONG
s100_m3_combo,BUY,2025-05-28 02:40:00+00:00,3307.91,3305.26,3314.54,2025-05-28 02:44:00+00:00,3305.26,SL,-3.1,2.65,-1.1698,2,S100_OB_LONG
s100_m3_combo,BUY,2025-05-28 06:44:00+00:00,3306.75,3304.13,3313.3,2025-05-28 07:14:00+00:00,3313.3,TP,6.1,2.62,2.3282,6,S100_RSI3_MOMO_LONG
s100_m3_combo,BUY,2025-05-28 08:18:00+00:00,3322.36,3320.17,3327.82,2025-05-28 08:19:00+00:00,3320.17,SL,-2.64,2.19,-1.2055,8,S100_FVG_LONG
s100_m3_combo,BUY,2025-05-28 08:56:00+00:00,3320.76,3318.32,3326.86,2025-05-28 10:08:00+00:00,3323.765,TIME,2.555,2.44,1.0471,8,S100_FVG_LONG
s100_m3_combo,BUY,2025-05-28 13:04:00+00:00,3312.49,3310.71,3316.94,2025-05-28 13:05:00+00:00,3310.71,SL,-2.23,1.78,-1.2528,13,S100_OB_LONG
s100_m3_combo,SELL,2025-05-28 13:14:00+00:00,3307.07,3309.78,3300.31,2025-05-28 13:18:00+00:00,3309.78,SL,-3.16,2.71,-1.1661,13,S100_RSI3_MOMO_SHORT
s100_m3_combo,SELL,2025-05-28 13:30:00+00:00,3307.07,3309.68,3300.53,2025-05-28 13:40:00+00:00,3300.53,TP,6.09,2.61,2.3333,13,S100_OB_SHORT
s100_m3_combo,SELL,2025-05-28 13:45:00+00:00,3302.48,3305.93,3293.84,2025-05-28 13:51:00+00:00,3305.93,SL,-3.9,3.45,-1.1304,13,S100_FVG_SHORT
s100_m3_combo,SELL,2025-05-28 14:03:00+00:00,3303.93,3308.26,3293.1,2025-05-28 14:04:00+00:00,3308.26,SL,-4.78,4.33,-1.1039,14,S100_OB_SHORT
s100_m3_combo,SELL,2025-05-28 14:41:00+00:00,3303.36,3306.47,3295.6,2025-05-28 15:03:00+00:00,3295.6,TP,7.31,3.11,2.3505,14,S100_RSI3_MOMO_SHORT
s100_m3_combo,SELL,2025-05-28 15:10:00+00:00,3299.53,3302.06,3293.19,2025-05-28 15:30:00+00:00,3293.19,TP,5.89,2.53,2.3281,15,S100_FVG_SHORT
s100_m3_combo,SELL,2025-05-28 15:33:00+00:00,3295.5,3298.57,3287.83,2025-05-28 16:16:00+00:00,3298.57,SL,-3.52,3.07,-1.1466,15,S100_FVG_SHORT
s100_m3_combo,SELL,2025-05-29 01:00:00+00:00,3265.09,3267.87,3258.13,2025-05-29 01:03:00+00:00,3258.13,TP,6.51,2.78,2.3417,1,S100_FVG_SHORT
s100_m3_combo,SELL,2025-05-29 01:09:00+00:00,3255.14,3260.74,3241.12,2025-05-29 01:51:00+00:00,3260.74,SL,-6.05,5.6,-1.0804,1,S100_FVG_SHORT
s100_m3_combo,SELL,2025-05-29 06:16:00+00:00,3270.36,3272.35,3265.37,2025-05-29 06:19:00+00:00,3272.35,SL,-2.44,1.99,-1.2261,6,S100_FVG_SHORT
s100_m3_combo,BUY,2025-05-29 07:29:00+00:00,3281.12,3278.26,3288.3,2025-05-29 07:34:00+00:00,3278.26,SL,-3.31,2.86,-1.1573,7,S100_OB_LONG
s100_m3_combo,BUY,2025-05-29 13:03:00+00:00,3313.49,3311.19,3319.24,2025-05-29 13:04:00+00:00,3311.19,SL,-2.75,2.3,-1.1957,13,S100_FVG_LONG
s100_m3_combo,BUY,2025-05-29 14:53:00+00:00,3311.27,3307.46,3320.79,2025-05-29 15:57:00+00:00,3320.79,TP,9.07,3.81,2.3806,14,S100_FVG_LONG
s100_m3_combo,SELL,2025-05-30 01:30:00+00:00,3317.36,3319.35,3312.39,2025-05-30 01:32:00+00:00,3312.39,TP,4.52,1.99,2.2714,1,S100_FVG_SHORT
s100_m3_combo,SELL,2025-05-30 02:15:00+00:00,3306.11,3308.15,3301.0,2025-05-30 02:21:00+00:00,3301.0,TP,4.66,2.04,2.2843,2,S100_FVG_SHORT
s100_m3_combo,SELL,2025-05-30 02:32:00+00:00,3300.68,3303.87,3292.69,2025-05-30 02:36:00+00:00,3303.87,SL,-3.64,3.19,-1.1411,2,S100_RSI3_MOMO_SHORT
s100_m3_combo,SELL,2025-05-30 02:50:00+00:00,3296.73,3299.95,3288.68,2025-05-30 03:03:00+00:00,3299.95,SL,-3.67,3.22,-1.1398,2,S100_RSI3_MOMO_SHORT
s100_m3_combo,SELL,2025-05-30 03:52:00+00:00,3294.14,3296.29,3288.75,2025-05-30 03:54:00+00:00,3296.29,SL,-2.6,2.15,-1.2093,3,S100_FVG_SHORT
s100_m3_combo,SELL,2025-05-30 06:15:00+00:00,3294.47,3297.51,3286.87,2025-05-30 06:38:00+00:00,3297.51,SL,-3.49,3.04,-1.148,6,S100_FVG_SHORT
s100_m3_combo,SELL,2025-05-30 07:06:00+00:00,3296.97,3300.53,3288.06,2025-05-30 07:13:00+00:00,3288.06,TP,8.46,3.56,2.3764,7,S100_FVG_SHORT
s100_m3_combo,BUY,2025-05-30 13:42:00+00:00,3294.7,3292.74,3299.58,2025-05-30 13:43:00+00:00,3292.74,SL,-2.41,1.96,-1.2296,13,S100_OB_LONG
s100_m3_combo,SELL,2025-05-30 14:52:00+00:00,3280.01,3282.12,3274.71,2025-05-30 14:57:00+00:00,3282.12,SL,-2.56,2.11,-1.2133,14,S100_OB_SHORT
s100_m3_combo,BUY,2025-06-02 04:32:00+00:00,3314.32,3312.77,3318.18,2025-06-02 04:57:00+00:00,3318.18,TP,3.41,1.55,2.2,4,S100_RSI3_MOMO_LONG
s100_m3_combo,BUY,2025-06-02 05:19:00+00:00,3317.57,3315.29,3323.25,2025-06-02 05:44:00+00:00,3323.25,TP,5.23,2.28,2.2939,5,S100_FVG_LONG
s100_m3_combo,BUY,2025-06-02 05:49:00+00:00,3322.62,3320.98,3326.72,2025-06-02 06:05:00+00:00,3326.72,TP,3.65,1.64,2.2256,5,S100_FVG_LONG
s100_m3_combo,BUY,2025-06-02 06:12:00+00:00,3325.98,3324.14,3330.57,2025-06-02 06:18:00+00:00,3330.57,TP,4.14,1.84,2.25,6,S100_FVG_LONG
s100_m3_combo,BUY,2025-06-02 06:45:00+00:00,3341.94,3339.03,3349.21,2025-06-02 07:10:00+00:00,3349.21,TP,6.82,2.91,2.3436,6,S100_FVG_LONG
s100_m3_combo,BUY,2025-06-02 07:29:00+00:00,3354.28,3352.11,3359.71,2025-06-02 07:54:00+00:00,3352.11,SL,-2.62,2.17,-1.2074,7,S100_FVG_LONG
s100_m3_combo,BUY,2025-06-02 08:43:00+00:00,3353.03,3350.54,3359.25,2025-06-02 09:02:00+00:00,3350.54,SL,-2.94,2.49,-1.1807,8,S100_OB_LONG
s100_m3_combo,BUY,2025-06-02 13:49:00+00:00,3365.91,3363.15,3372.81,2025-06-02 13:54:00+00:00,3372.81,TP,6.45,2.76,2.337,13,S100_FVG_LONG
s100_m3_combo,BUY,2025-06-02 14:11:00+00:00,3369.08,3366.41,3375.75,2025-06-02 14:17:00+00:00,3375.75,TP,6.22,2.67,2.3296,14,S100_OB_LONG
s100_m3_combo,SELL,2025-06-03 01:22:00+00:00,3366.51,3368.22,3362.21,2025-06-03 01:29:00+00:00,3368.22,SL,-2.16,1.71,-1.2632,1,S100_FVG_SHORT
s100_m3_combo,SELL,2025-06-03 02:00:00+00:00,3373.72,3376.17,3367.59,2025-06-03 02:15:00+00:00,3376.17,SL,-2.9,2.45,-1.1837,2,S100_OB_SHORT
s100_m3_combo,SELL,2025-06-03 02:52:00+00:00,3374.66,3378.17,3365.9,2025-06-03 03:00:00+00:00,3365.9,TP,8.31,3.51,2.3675,2,S100_OB_SHORT
s100_m3_combo,SELL,2025-06-03 03:03:00+00:00,3369.36,3372.57,3361.31,2025-06-03 03:42:00+00:00,3361.31,TP,7.6,3.21,2.3676,3,S100_FVG_SHORT
s100_m3_combo,SELL,2025-06-03 03:49:00+00:00,3362.91,3364.48,3359.0,2025-06-03 04:01:00+00:00,3364.48,SL,-2.02,1.57,-1.2866,3,S100_FVG_SHORT
s100_m3_combo,SELL,2025-06-03 05:35:00+00:00,3358.7,3360.67,3353.76,2025-06-03 05:41:00+00:00,3360.67,SL,-2.42,1.97,-1.2284,5,S100_RSI3_MOMO_SHORT
s100_m3_combo,SELL,2025-06-03 06:15:00+00:00,3362.68,3364.23,3358.83,2025-06-03 06:19:00+00:00,3364.23,SL,-2.0,1.55,-1.2903,6,S100_FVG_SHORT
s100_m3_combo,SELL,2025-06-03 06:54:00+00:00,3356.8,3358.35,3352.91,2025-06-03 06:56:00+00:00,3358.35,SL,-2.0,1.55,-1.2903,6,S100_FVG_SHORT
s100_m3_combo,SELL,2025-06-03 07:11:00+00:00,3355.7,3357.46,3351.31,2025-06-03 07:18:00+00:00,3357.46,SL,-2.21,1.76,-1.2557,7,S100_FVG_SHORT
s100_m3_combo,SELL,2025-06-03 07:40:00+00:00,3357.88,3359.73,3353.25,2025-06-03 07:45:00+00:00,3359.73,SL,-2.3,1.85,-1.2432,7,S100_OB_SHORT
s100_m3_combo,SELL,2025-06-03 13:54:00+00:00,3343.47,3346.66,3335.47,2025-06-03 14:03:00+00:00,3335.47,TP,7.55,3.19,2.3668,13,S100_OB_SHORT
s100_m3_combo,SELL,2025-06-03 14:08:00+00:00,3339.22,3344.65,3325.64,2025-06-03 14:23:00+00:00,3344.65,SL,-5.88,5.43,-1.0829,14,S100_FVG_SHORT
s100_m3_combo,BUY,2025-06-04 01:47:00+00:00,3368.93,3366.22,3375.69,2025-06-04 02:34:00+00:00,3366.22,SL,-3.16,2.71,-1.1661,1,S100_RSI3_MOMO_LONG
s100_m3_combo,BUY,2025-06-04 02:57:00+00:00,3366.32,3364.32,3371.3,2025-06-04 03:02:00+00:00,3364.32,SL,-2.45,2.0,-1.225,2,S100_OB_LONG
s100_m3_combo,SELL,2025-06-04 05:41:00+00:00,3351.61,3354.34,3344.81,2025-06-04 05:44:00+00:00,3354.34,SL,-3.18,2.73,-1.1648,5,S100_OB_SHORT
s100_m3_combo,BUY,2025-06-04 07:37:00+00:00,3363.12,3361.43,3367.35,2025-06-04 07:40:00+00:00,3361.43,SL,-2.14,1.69,-1.2663,7,S100_FVG_LONG
s100_m3_combo,SELL,2025-06-04 13:30:00+00:00,3358.68,3360.37,3354.44,2025-06-04 13:32:00+00:00,3354.44,TP,3.79,1.69,2.2426,13,S100_OB_SHORT
s100_m3_combo,SELL,2025-06-04 14:00:00+00:00,3357.13,3358.83,3352.88,2025-06-04 14:01:00+00:00,3352.88,TP,3.8,1.7,2.2353,14,S100_OB_SHORT
s100_m3_combo,BUY,2025-06-04 14:50:00+00:00,3381.41,3378.26,3389.3,2025-06-04 14:55:00+00:00,3378.26,SL,-3.6,3.15,-1.1429,14,S100_FVG_LONG
s100_m3_combo,BUY,2025-06-05 01:02:00+00:00,3381.03,3378.62,3387.04,2025-06-05 01:15:00+00:00,3378.62,SL,-2.86,2.41,-1.1867,1,S100_RSI3_MOMO_LONG
s100_m3_combo,SELL,2025-06-05 04:21:00+00:00,3369.72,3371.63,3364.93,2025-06-05 05:26:00+00:00,3364.93,TP,4.34,1.91,2.2723,4,S100_FVG_SHORT
s100_m3_combo,SELL,2025-06-05 05:38:00+00:00,3364.0,3365.89,3359.28,2025-06-05 05:44:00+00:00,3365.89,SL,-2.34,1.89,-1.2381,5,S100_RSI3_MOMO_SHORT
s100_m3_combo,SELL,2025-06-05 05:56:00+00:00,3363.16,3364.95,3358.66,2025-06-05 06:00:00+00:00,3364.95,SL,-2.24,1.79,-1.2514,5,S100_FVG_SHORT
s100_m3_combo,BUY,2025-06-05 13:15:00+00:00,3380.32,3376.79,3389.15,2025-06-05 13:50:00+00:00,3376.79,SL,-3.98,3.53,-1.1275,13,S100_FVG_LONG
s100_m3_combo,SELL,2025-06-05 14:10:00+00:00,3377.86,3381.45,3368.88,2025-06-05 14:33:00+00:00,3381.45,SL,-4.04,3.59,-1.1253,14,S100_OB_SHORT
s100_m3_combo,SELL,2025-06-05 14:53:00+00:00,3368.3,3373.6,3355.07,2025-06-05 15:33:00+00:00,3355.07,TP,12.78,5.3,2.4113,14,S100_RSI3_MOMO_SHORT
s100_m3_combo,SELL,2025-06-05 15:38:00+00:00,3354.12,3359.13,3341.59,2025-06-05 15:54:00+00:00,3341.59,TP,12.08,5.01,2.4112,15,S100_RSI3_MOMO_SHORT
s100_m3_combo,SELL,2025-06-05 15:58:00+00:00,3344.01,3347.52,3335.26,2025-06-05 16:11:00+00:00,3347.52,SL,-3.96,3.51,-1.1282,15,S100_OB_SHORT
s100_m3_combo,BUY,2025-06-06 01:30:00+00:00,3366.45,3363.92,3372.75,2025-06-06 01:33:00+00:00,3363.92,SL,-2.98,2.53,-1.1779,1,S100_FVG_LONG
s100_m3_combo,BUY,2025-06-06 04:24:00+00:00,3371.57,3369.57,3376.55,2025-06-06 05:24:00+00:00,3369.57,SL,-2.45,2.0,-1.225,4,S100_OB_LONG
s100_m3_combo,BUY,2025-06-06 06:01:00+00:00,3365.53,3363.65,3370.26,2025-06-06 06:03:00+00:00,3363.65,SL,-2.33,1.88,-1.2394,6,S100_FVG_LONG
s100_m3_combo,BUY,2025-06-06 06:29:00+00:00,3365.0,3361.94,3372.65,2025-06-06 06:36:00+00:00,3361.94,SL,-3.51,3.06,-1.1471,6,S100_OB_LONG
s100_m3_combo,SELL,2025-06-06 07:55:00+00:00,3356.13,3357.85,3351.83,2025-06-06 07:56:00+00:00,3357.85,SL,-2.17,1.72,-1.2616,7,S100_FVG_SHORT
s100_m3_combo,SELL,2025-06-06 08:19:00+00:00,3360.84,3362.52,3356.66,2025-06-06 08:27:00+00:00,3362.52,SL,-2.13,1.68,-1.2679,8,S100_OB_SHORT
s100_m3_combo,SELL,2025-06-06 13:11:00+00:00,3356.42,3359.74,3348.13,2025-06-06 13:17:00+00:00,3359.74,SL,-3.77,3.32,-1.1355,13,S100_OB_SHORT
s100_m3_combo,SELL,2025-06-06 13:25:00+00:00,3351.89,3356.4,3340.63,2025-06-06 14:00:00+00:00,3340.63,TP,10.81,4.51,2.3969,13,S100_FVG_SHORT
s100_m3_combo,SELL,2025-06-06 15:48:00+00:00,3332.82,3334.66,3328.2,2025-06-06 16:25:00+00:00,3328.2,TP,4.17,1.84,2.2663,15,S100_OB_SHORT
s100_m3_combo,SELL,2025-06-09 01:41:00+00:00,3303.59,3306.54,3296.2,2025-06-09 01:44:00+00:00,3306.54,SL,-3.4,2.95,-1.1525,1,S100_RSI3_MOMO_SHORT
s100_m3_combo,SELL,2025-06-09 02:19:00+00:00,3301.14,3304.91,3291.71,2025-06-09 02:24:00+00:00,3304.91,SL,-4.22,3.77,-1.1194,2,S100_FVG_SHORT
s100_m3_combo,SELL,2025-06-09 03:28:00+00:00,3305.76,3307.62,3301.11,2025-06-09 03:40:00+00:00,3307.62,SL,-2.31,1.86,-1.2419,3,S100_OB_SHORT
s100_m3_combo,BUY,2025-06-09 07:03:00+00:00,3322.76,3320.94,3327.34,2025-06-09 07:23:00+00:00,3327.34,TP,4.13,1.82,2.2692,7,S100_OB_LONG
s100_m3_combo,BUY,2025-06-09 07:27:00+00:00,3326.78,3324.4,3332.74,2025-06-09 07:30:00+00:00,3324.4,SL,-2.83,2.38,-1.1891,7,S100_FVG_LONG
s100_m3_combo,BUY,2025-06-09 13:00:00+00:00,3319.56,3317.67,3324.29,2025-06-09 13:02:00+00:00,3317.67,SL,-2.34,1.89,-1.2381,13,S100_FVG_LONG
s100_m3_combo,SELL,2025-06-10 01:20:00+00:00,3315.6,3317.32,3311.31,2025-06-10 01:24:00+00:00,3311.31,TP,3.84,1.72,2.2326,1,S100_FVG_SHORT
s100_m3_combo,SELL,2025-06-10 01:29:00+00:00,3310.99,3314.19,3303.01,2025-06-10 01:53:00+00:00,3303.01,TP,7.53,3.2,2.3531,1,S100_RSI3_MOMO_SHORT
s100_m3_combo,SELL,2025-06-10 01:56:00+00:00,3308.03,3309.65,3303.96,2025-06-10 02:05:00+00:00,3303.96,TP,3.62,1.62,2.2346,1,S100_OB_SHORT
s100_m3_combo,SELL,2025-06-10 03:18:00+00:00,3306.65,3308.94,3300.94,2025-06-10 03:27:00+00:00,3308.94,SL,-2.74,2.29,-1.1965,3,S100_FVG_SHORT
s100_m3_combo,SELL,2025-06-10 04:37:00+00:00,3304.59,3306.86,3298.89,2025-06-10 04:50:00+00:00,3306.86,SL,-2.72,2.27,-1.1982,4,S100_FVG_SHORT
s100_m3_combo,SELL,2025-06-10 05:45:00+00:00,3316.07,3318.4,3310.22,2025-06-10 05:53:00+00:00,3318.4,SL,-2.78,2.33,-1.1931,5,S100_FVG_SHORT
s100_m3_combo,BUY,2025-06-10 07:37:00+00:00,3330.26,3327.76,3336.49,2025-06-10 07:40:00+00:00,3327.76,SL,-2.95,2.5,-1.18,7,S100_FVG_LONG
s100_m3_combo,BUY,2025-06-10 13:44:00+00:00,3347.68,3344.99,3354.42,2025-06-10 13:51:00+00:00,3344.99,SL,-3.14,2.69,-1.1673,13,S100_RSI3_MOMO_LONG
s100_m3_combo,SELL,2025-06-10 15:44:00+00:00,3326.72,3328.51,3322.26,2025-06-10 16:10:00+00:00,3322.26,TP,4.01,1.79,2.2402,15,S100_OB_SHORT
s100_m3_combo,BUY,2025-06-11 02:22:00+00:00,3335.14,3332.27,3342.3,2025-06-11 03:34:00+00:00,3341.105,TIME,5.515,2.87,1.9216,2,S100_FVG_LONG
s100_m3_combo,BUY,2025-06-11 06:01:00+00:00,3338.99,3336.07,3346.29,2025-06-11 06:22:00+00:00,3336.07,SL,-3.37,2.92,-1.1541,6,S100_OB_LONG
s100_m3_combo,BUY,2025-06-11 07:56:00+00:00,3347.05,3344.69,3352.95,2025-06-11 08:00:00+00:00,3344.69,SL,-2.81,2.36,-1.1907,7,S100_RSI3_MOMO_LONG
s100_m3_combo,BUY,2025-06-11 08:00:00+00:00,3344.24,3341.37,3351.43,2025-06-11 09:04:00+00:00,3341.37,SL,-3.32,2.87,-1.1568,8,S100_FVG_LONG
s100_m3_combo,SELL,2025-06-11 15:54:00+00:00,3333.74,3335.86,3328.46,2025-06-11 16:40:00+00:00,3328.46,TP,4.83,2.12,2.2783,15,S100_FVG_SHORT
s100_m3_combo,BUY,2025-06-12 01:19:00+00:00,3370.09,3366.62,3378.77,2025-06-12 02:31:00+00:00,3376.785,TIME,6.245,3.47,1.7997,1,S100_OB_LONG
s100_m3_combo,SELL,2025-06-12 07:48:00+00:00,3343.53,3349.63,3328.25,2025-06-12 08:01:00+00:00,3349.63,SL,-6.55,6.1,-1.0738,7,S100_FVG_SHORT
s100_m3_combo,SELL,2025-06-12 08:59:00+00:00,3356.89,3359.36,3350.7,2025-06-12 09:08:00+00:00,3359.36,SL,-2.92,2.47,-1.1822,8,S100_RSI3_MOMO_SHORT
s100_m3_combo,BUY,2025-06-12 13:08:00+00:00,3390.16,3387.63,3396.46,2025-06-12 13:12:00+00:00,3387.63,SL,-2.98,2.53,-1.1779,13,S100_OB_LONG
s100_m3_combo,BUY,2025-06-12 13:39:00+00:00,3389.68,3385.0,3401.39,2025-06-12 14:12:00+00:00,3385.0,SL,-5.13,4.68,-1.0962,13,S100_FVG_LONG
s100_m3_combo,BUY,2025-06-12 15:42:00+00:00,3386.41,3384.09,3392.18,2025-06-12 16:50:00+00:00,3384.09,SL,-2.77,2.32,-1.194,15,S100_FVG_LONG
s100_m3_combo,BUY,2025-06-13 01:08:00+00:00,3417.97,3415.27,3424.73,2025-06-13 01:14:00+00:00,3424.73,TP,6.31,2.7,2.337,1,S100_OB_LONG
s100_m3_combo,BUY,2025-06-13 01:23:00+00:00,3425.69,3422.15,3434.53,2025-06-13 02:24:00+00:00,3434.53,TP,8.39,3.54,2.3701,1,S100_OB_LONG
s100_m3_combo,BUY,2025-06-13 02:27:00+00:00,3433.3,3431.27,3438.35,2025-06-13 02:33:00+00:00,3438.35,TP,4.6,2.03,2.266,2,S100_FVG_LONG
s100_m3_combo,BUY,2025-06-13 03:00:00+00:00,3440.57,3438.43,3445.93,2025-06-13 03:07:00+00:00,3438.43,SL,-2.59,2.14,-1.2103,3,S100_FVG_LONG
s100_m3_combo,BUY,2025-06-13 03:51:00+00:00,3428.64,3426.38,3434.26,2025-06-13 03:55:00+00:00,3426.38,SL,-2.71,2.26,-1.1991,3,S100_OB_LONG
s100_m3_combo,BUY,2025-06-13 05:14:00+00:00,3425.36,3422.62,3432.22,2025-06-13 05:23:00+00:00,3422.62,SL,-3.19,2.74,-1.1642,5,S100_OB_LONG
s100_m3_combo,BUY,2025-06-13 05:59:00+00:00,3426.26,3423.47,3433.22,2025-06-13 06:02:00+00:00,3423.47,SL,-3.24,2.79,-1.1613,5,S100_RSI3_MOMO_LONG
s100_m3_combo,BUY,2025-06-13 07:28:00+00:00,3416.3,3413.62,3423.02,2025-06-13 08:21:00+00:00,3423.02,TP,6.27,2.68,2.3396,7,S100_OB_LONG
s100_m3_combo,BUY,2025-06-13 08:29:00+00:00,3423.72,3422.03,3427.95,2025-06-13 09:04:00+00:00,3422.03,SL,-2.14,1.69,-1.2663,8,S100_FVG_LONG
s100_m3_combo,BUY,2025-06-13 13:00:00+00:00,3435.95,3433.87,3441.14,2025-06-13 13:02:00+00:00,3441.14,TP,4.74,2.08,2.2788,13,S100_FVG_LONG
s100_m3_combo,BUY,2025-06-13 13:18:00+00:00,3439.91,3437.42,3446.15,2025-06-13 13:35:00+00:00,3446.15,TP,5.79,2.49,2.3253,13,S100_FVG_LONG
s100_m3_combo,BUY,2025-06-13 13:39:00+00:00,3445.31,3443.1,3450.83,2025-06-13 13:40:00+00:00,3443.1,SL,-2.66,2.21,-1.2036,13,S100_FVG_LONG
s100_m3_combo,BUY,2025-06-13 14:33:00+00:00,3434.29,3432.15,3439.64,2025-06-13 14:49:00+00:00,3439.64,TP,4.9,2.14,2.2897,14,S100_FVG_LONG
s100_m3_combo,BUY,2025-06-13 15:29:00+00:00,3426.72,3424.56,3432.13,2025-06-13 15:30:00+00:00,3424.56,SL,-2.61,2.16,-1.2083,15,S100_FVG_LONG
s100_m3_combo,SELL,2025-06-16 03:37:00+00:00,3435.89,3437.77,3431.19,2025-06-16 03:48:00+00:00,3431.19,TP,4.25,1.88,2.2606,3,S100_OB_SHORT
s100_m3_combo,SELL,2025-06-16 05:45:00+00:00,3420.89,3422.5,3416.84,2025-06-16 05:48:00+00:00,3422.5,SL,-2.06,1.61,-1.2795,5,S100_FVG_SHORT
s100_m3_combo,SELL,2025-06-16 06:15:00+00:00,3420.3,3422.13,3415.74,2025-06-16 06:21:00+00:00,3415.74,TP,4.11,1.83,2.2459,6,S100_FVG_SHORT
s100_m3_combo,SELL,2025-06-16 06:23:00+00:00,3415.59,3418.31,3408.77,2025-06-16 06:36:00+00:00,3418.31,SL,-3.17,2.72,-1.1654,6,S100_RSI3_MOMO_SHORT
s100_m3_combo,SELL,2025-06-16 07:15:00+00:00,3412.85,3415.87,3405.3,2025-06-16 07:22:00+00:00,3415.87,SL,-3.47,3.02,-1.149,7,S100_FVG_SHORT
s100_m3_combo,SELL,2025-06-16 07:55:00+00:00,3414.66,3416.17,3410.88,2025-06-16 08:09:00+00:00,3410.88,TP,3.33,1.51,2.2053,7,S100_OB_SHORT
s100_m3_combo,SELL,2025-06-16 08:56:00+00:00,3416.19,3418.38,3410.72,2025-06-16 09:10:00+00:00,3418.38,SL,-2.64,2.19,-1.2055,8,S100_OB_SHORT
s100_m3_combo,BUY,2025-06-17 02:35:00+00:00,3398.24,3396.11,3403.56,2025-06-17 02:53:00+00:00,3396.11,SL,-2.58,2.13,-1.2113,2,S100_RSI3_MOMO_LONG
s100_m3_combo,SELL,2025-06-17 03:26:00+00:00,3382.58,3385.81,3374.5,2025-06-17 03:29:00+00:00,3385.81,SL,-3.68,3.23,-1.1393,3,S100_OB_SHORT
s100_m3_combo,SELL,2025-06-17 06:13:00+00:00,3390.25,3392.77,3383.96,2025-06-17 06:42:00+00:00,3383.96,TP,5.84,2.52,2.3175,6,S100_FVG_SHORT
s100_m3_combo,SELL,2025-06-17 06:50:00+00:00,3387.22,3388.99,3382.82,2025-06-17 07:05:00+00:00,3388.99,SL,-2.22,1.77,-1.2542,6,S100_OB_SHORT
s100_m3_combo,SELL,2025-06-17 08:08:00+00:00,3386.01,3388.17,3380.63,2025-06-17 08:54:00+00:00,3380.63,TP,4.93,2.16,2.2824,8,S100_RSI3_MOMO_SHORT
s100_m3_combo,SELL,2025-06-17 14:41:00+00:00,3374.3,3379.43,3361.49,2025-06-17 14:50:00+00:00,3379.43,SL,-5.58,5.13,-1.0877,14,S100_FVG_SHORT
s100_m3_combo,SELL,2025-06-17 15:21:00+00:00,3385.36,3387.21,3380.75,2025-06-17 15:28:00+00:00,3380.75,TP,4.16,1.85,2.2486,15,S100_OB_SHORT
s100_m3_combo,SELL,2025-06-18 01:16:00+00:00,3384.76,3386.27,3381.0,2025-06-18 01:22:00+00:00,3386.27,SL,-1.96,1.51,-1.298,1,S100_OB_SHORT
s100_m3_combo,SELL,2025-06-18 02:08:00+00:00,3375.19,3377.67,3368.99,2025-06-18 02:52:00+00:00,3377.67,SL,-2.93,2.48,-1.1815,2,S100_RSI3_MOMO_SHORT
s100_m3_combo,BUY,2025-06-18 04:12:00+00:00,3392.13,3390.43,3396.39,2025-06-18 04:32:00+00:00,3396.39,TP,3.81,1.7,2.2412,4,S100_FVG_LONG
s100_m3_combo,BUY,2025-06-18 04:41:00+00:00,3397.34,3395.82,3401.14,2025-06-18 04:49:00+00:00,3395.82,SL,-1.97,1.52,-1.2961,4,S100_RSI3_MOMO_LONG
s100_m3_combo,SELL,2025-06-18 06:32:00+00:00,3382.05,3383.91,3377.42,2025-06-18 06:50:00+00:00,3383.91,SL,-2.31,1.86,-1.2419,6,S100_RSI3_MOMO_SHORT
s100_m3_combo,SELL,2025-06-18 08:41:00+00:00,3383.87,3385.53,3379.72,2025-06-18 08:48:00+00:00,3385.53,SL,-2.11,1.66,-1.2711,8,S100_RSI3_MOMO_SHORT
s100_m3_combo,BUY,2025-06-18 13:11:00+00:00,3390.26,3387.98,3395.98,2025-06-18 13:30:00+00:00,3395.98,TP,5.27,2.28,2.3114,13,S100_RSI3_MOMO_LONG
s100_m3_combo,BUY,2025-06-18 14:38:00+00:00,3385.09,3382.78,3390.86,2025-06-18 15:17:00+00:00,3382.78,SL,-2.76,2.31,-1.1948,14,S100_FVG_LONG
s100_m3_combo,BUY,2025-06-18 15:29:00+00:00,3387.57,3384.96,3394.12,2025-06-18 16:00:00+00:00,3394.12,TP,6.1,2.61,2.3372,15,S100_FVG_LONG
s100_m3_combo,BUY,2025-06-19 01:09:00+00:00,3382.31,3380.49,3386.85,2025-06-19 01:13:00+00:00,3380.49,SL,-2.27,1.82,-1.2473,1,S100_FVG_LONG
s100_m3_combo,SELL,2025-06-19 05:31:00+00:00,3372.59,3374.16,3368.69,2025-06-19 05:33:00+00:00,3374.16,SL,-2.02,1.57,-1.2866,5,S100_FVG_SHORT
s100_m3_combo,SELL,2025-06-19 05:51:00+00:00,3366.62,3368.98,3360.72,2025-06-19 05:53:00+00:00,3360.72,TP,5.45,2.36,2.3093,5,S100_FVG_SHORT
s100_m3_combo,SELL,2025-06-19 05:57:00+00:00,3365.45,3367.09,3361.33,2025-06-19 06:01:00+00:00,3361.33,TP,3.67,1.64,2.2378,5,S100_OB_SHORT
s100_m3_combo,SELL,2025-06-19 07:25:00+00:00,3353.76,3355.85,3348.55,2025-06-19 07:28:00+00:00,3355.85,SL,-2.54,2.09,-1.2153,7,S100_FVG_SHORT
s100_m3_combo,SELL,2025-06-19 08:15:00+00:00,3363.84,3365.75,3359.06,2025-06-19 08:22:00+00:00,3365.75,SL,-2.36,1.91,-1.2356,8,S100_OB_SHORT
s100_m3_combo,SELL,2025-06-19 13:03:00+00:00,3367.03,3370.03,3359.51,2025-06-19 13:47:00+00:00,3370.03,SL,-3.45,3.0,-1.15,13,S100_OB_SHORT
s100_m3_combo,SELL,2025-06-20 01:06:00+00:00,3366.29,3368.58,3360.57,2025-06-20 01:12:00+00:00,3360.57,TP,5.27,2.29,2.3013,1,S100_OB_SHORT
s100_m3_combo,SELL,2025-06-20 01:21:00+00:00,3361.56,3364.19,3354.98,2025-06-20 01:47:00+00:00,3364.19,SL,-3.08,2.63,-1.1711,1,S100_FVG_SHORT
s100_m3_combo,SELL,2025-06-20 02:18:00+00:00,3357.22,3358.72,3353.45,2025-06-20 02:37:00+00:00,3353.45,TP,3.32,1.5,2.2133,2,S100_FVG_SHORT
s100_m3_combo,SELL,2025-06-20 02:38:00+00:00,3355.14,3357.23,3349.91,2025-06-20 03:09:00+00:00,3349.91,TP,4.78,2.09,2.2871,2,S100_RSI3_MOMO_SHORT
s100_m3_combo,SELL,2025-06-20 03:15:00+00:00,3347.25,3351.46,3336.72,2025-06-20 03:29:00+00:00,3351.46,SL,-4.66,4.21,-1.1069,3,S100_FVG_SHORT
s100_m3_combo,SELL,2025-06-20 06:29:00+00:00,3344.14,3346.34,3338.66,2025-06-20 07:04:00+00:00,3346.34,SL,-2.65,2.2,-1.2045,6,S100_RSI3_MOMO_SHORT
s100_m3_combo,BUY,2025-06-20 13:42:00+00:00,3362.68,3360.32,3368.57,2025-06-20 13:51:00+00:00,3368.57,TP,5.44,2.36,2.3051,13,S100_FVG_LONG
s100_m3_combo,BUY,2025-06-20 14:56:00+00:00,3370.5,3368.1,3376.5,2025-06-20 15:13:00+00:00,3368.1,SL,-2.85,2.4,-1.1875,14,S100_RSI3_MOMO_LONG
s100_m3_combo,SELL,2025-06-23 01:30:00+00:00,3353.9,3356.75,3346.77,2025-06-23 01:38:00+00:00,3356.75,SL,-3.3,2.85,-1.1579,1,S100_FVG_SHORT
s100_m3_combo,SELL,2025-06-23 05:32:00+00:00,3354.43,3356.07,3350.31,2025-06-23 05:35:00+00:00,3350.31,TP,3.67,1.64,2.2378,5,S100_RSI3_MOMO_SHORT
s100_m3_combo,SELL,2025-06-23 06:12:00+00:00,3356.49,3358.99,3350.23,2025-06-23 07:24:00+00:00,3354.66,TIME,1.38,2.5,0.552,6,S100_FVG_SHORT
s100_m3_combo,BUY,2025-06-23 13:17:00+00:00,3366.86,3364.11,3373.75,2025-06-23 13:33:00+00:00,3373.75,TP,6.44,2.75,2.3418,13,S100_FVG_LONG
s100_m3_combo,BUY,2025-06-23 14:27:00+00:00,3377.26,3374.48,3384.19,2025-06-23 14:44:00+00:00,3384.19,TP,6.48,2.78,2.3309,14,S100_FVG_LONG
s100_m3_combo,BUY,2025-06-23 15:57:00+00:00,3388.61,3387.1,3392.39,2025-06-23 15:59:00+00:00,3387.1,SL,-1.96,1.51,-1.298,15,S100_FVG_LONG
s100_m3_combo,SELL,2025-06-24 01:06:00+00:00,3351.32,3354.72,3342.79,2025-06-24 01:43:00+00:00,3342.79,TP,8.08,3.4,2.3765,1,S100_OB_SHORT
s100_m3_combo,SELL,2025-06-24 02:26:00+00:00,3347.67,3349.17,3343.93,2025-06-24 02:35:00+00:00,3349.17,SL,-1.95,1.5,-1.3,2,S100_FVG_SHORT
s100_m3_combo,SELL,2025-06-24 04:17:00+00:00,3349.93,3351.98,3344.8,2025-06-24 05:10:00+00:00,3344.8,TP,4.68,2.05,2.2829,4,S100_FVG_SHORT
s100_m3_combo,SELL,2025-06-24 05:15:00+00:00,3343.77,3345.81,3338.67,2025-06-24 05:25:00+00:00,3338.67,TP,4.65,2.04,2.2794,5,S100_FVG_SHORT
s100_m3_combo,SELL,2025-06-24 05:35:00+00:00,3337.13,3339.37,3331.53,2025-06-24 05:47:00+00:00,3331.53,TP,5.15,2.24,2.2991,5,S100_RSI3_MOMO_SHORT
s100_m3_combo,SELL,2025-06-24 06:16:00+00:00,3328.58,3332.83,3317.95,2025-06-24 06:35:00+00:00,3317.95,TP,10.18,4.25,2.3953,6,S100_OB_SHORT
s100_m3_combo,SELL,2025-06-24 06:39:00+00:00,3319.68,3321.99,3313.91,2025-06-24 06:40:00+00:00,3321.99,SL,-2.76,2.31,-1.1948,6,S100_FVG_SHORT
s100_m3_combo,SELL,2025-06-24 08:55:00+00:00,3326.23,3328.01,3321.79,2025-06-24 09:00:00+00:00,3328.01,SL,-2.23,1.78,-1.2528,8,S100_OB_SHORT
s100_m3_combo,SELL,2025-06-24 13:29:00+00:00,3310.57,3313.85,3302.35,2025-06-24 13:37:00+00:00,3302.35,TP,7.77,3.28,2.3689,13,S100_RSI3_MOMO_SHORT
s100_m3_combo,SELL,2025-06-24 14:01:00+00:00,3303.16,3306.88,3293.86,2025-06-24 14:09:00+00:00,3306.88,SL,-4.17,3.72,-1.121,14,S100_FVG_SHORT
s100_m3_combo,SELL,2025-06-24 14:24:00+00:00,3304.46,3307.82,3296.06,2025-06-24 14:27:00+00:00,3307.82,SL,-3.81,3.36,-1.1339,14,S100_FVG_SHORT
s100_m3_combo,SELL,2025-06-24 14:42:00+00:00,3303.73,3306.21,3297.54,2025-06-24 14:43:00+00:00,3306.21,SL,-2.93,2.48,-1.1815,14,S100_FVG_SHORT
s100_m3_combo,SELL,2025-06-24 15:05:00+00:00,3302.08,3305.12,3294.48,2025-06-24 15:20:00+00:00,3305.12,SL,-3.49,3.04,-1.148,15,S100_RSI3_MOMO_SHORT
s100_m3_combo,SELL,2025-06-24 15:57:00+00:00,3314.07,3316.0,3309.25,2025-06-24 16:41:00+00:00,3316.0,SL,-2.38,1.93,-1.2332,15,S100_OB_SHORT
s100_m3_combo,SELL,2025-06-25 13:32:00+00:00,3313.26,3315.56,3307.53,2025-06-25 13:45:00+00:00,3315.56,SL,-2.75,2.3,-1.1957,13,S100_RSI3_MOMO_SHORT
s100_m3_combo,BUY,2025-06-26 01:08:00+00:00,3335.93,3334.19,3340.3,2025-06-26 01:12:00+00:00,3334.19,SL,-2.19,1.74,-1.2586,1,S100_RSI3_MOMO_LONG
s100_m3_combo,BUY,2025-06-26 05:40:00+00:00,3336.93,3335.14,3341.38,2025-06-26 05:43:00+00:00,3335.14,SL,-2.24,1.79,-1.2514,5,S100_FVG_LONG
s100_m3_combo,BUY,2025-06-26 07:26:00+00:00,3345.38,3343.78,3349.38,2025-06-26 08:38:00+00:00,3346.46,TIME,0.63,1.6,0.3937,7,S100_RSI3_MOMO_LONG
s100_m3_combo,SELL,2025-06-26 13:11:00+00:00,3317.88,3322.32,3306.78,2025-06-26 13:16:00+00:00,3322.32,SL,-4.89,4.44,-1.1014,13,S100_RSI3_MOMO_SHORT
s100_m3_combo,SELL,2025-06-26 13:39:00+00:00,3314.26,3317.59,3305.96,2025-06-26 13:43:00+00:00,3317.59,SL,-3.78,3.33,-1.1351,13,S100_FVG_SHORT
s100_m3_combo,SELL,2025-06-26 14:05:00+00:00,3321.86,3325.71,3312.22,2025-06-26 14:39:00+00:00,3312.22,TP,9.19,3.85,2.387,14,S100_FVG_SHORT
s100_m3_combo,SELL,2025-06-27 02:59:00+00:00,3308.91,3310.89,3303.96,2025-06-27 03:02:00+00:00,3310.89,SL,-2.43,1.98,-1.2273,2,S100_RSI3_MOMO_SHORT
s100_m3_combo,SELL,2025-06-27 03:11:00+00:00,3305.9,3307.94,3300.8,2025-06-27 03:19:00+00:00,3300.8,TP,4.65,2.04,2.2794,3,S100_RSI3_MOMO_SHORT
s100_m3_combo,SELL,2025-06-27 03:29:00+00:00,3302.97,3305.03,3297.82,2025-06-27 03:45:00+00:00,3297.82,TP,4.7,2.06,2.2816,3,S100_FVG_SHORT
s100_m3_combo,SELL,2025-06-27 04:59:00+00:00,3294.01,3295.91,3289.26,2025-06-27 05:02:00+00:00,3295.91,SL,-2.35,1.9,-1.2368,4,S100_RSI3_MOMO_SHORT
s100_m3_combo,SELL,2025-06-27 05:15:00+00:00,3294.03,3296.01,3289.1,2025-06-27 05:17:00+00:00,3296.01,SL,-2.43,1.98,-1.2273,5,S100_OB_SHORT
s100_m3_combo,SELL,2025-06-27 06:12:00+00:00,3294.81,3296.51,3290.56,2025-06-27 06:19:00+00:00,3296.51,SL,-2.15,1.7,-1.2647,6,S100_FVG_SHORT
s100_m3_combo,SELL,2025-06-27 06:42:00+00:00,3289.97,3292.22,3284.34,2025-06-27 06:52:00+00:00,3292.22,SL,-2.7,2.25,-1.2,6,S100_FVG_SHORT
s100_m3_combo,SELL,2025-06-27 07:14:00+00:00,3287.49,3290.4,3280.2,2025-06-27 08:26:00+00:00,3283.98,TIME,3.06,2.91,1.0515,7,S100_RSI3_MOMO_SHORT
s100_m3_combo,SELL,2025-06-27 13:06:00+00:00,3267.84,3270.35,3261.57,2025-06-27 13:15:00+00:00,3261.57,TP,5.82,2.51,2.3187,13,S100_FVG_SHORT
s100_m3_combo,SELL,2025-06-27 13:32:00+00:00,3260.63,3262.88,3255.0,2025-06-27 13:33:00+00:00,3262.88,SL,-2.7,2.25,-1.2,13,S100_OB_SHORT
s100_m3_combo,SELL,2025-06-27 14:21:00+00:00,3267.61,3270.97,3259.22,2025-06-27 14:25:00+00:00,3270.97,SL,-3.81,3.36,-1.1339,14,S100_FVG_SHORT
s100_m3_combo,SELL,2025-06-27 14:57:00+00:00,3271.29,3275.77,3260.08,2025-06-27 15:42:00+00:00,3275.77,SL,-4.93,4.48,-1.1004,14,S100_FVG_SHORT
s100_m3_combo,SELL,2025-06-30 01:09:00+00:00,3264.49,3266.62,3259.14,2025-06-30 01:11:00+00:00,3266.62,SL,-2.58,2.13,-1.2113,1,S100_OB_SHORT
s100_m3_combo,BUY,2025-06-30 02:36:00+00:00,3281.7,3279.98,3286.03,2025-06-30 02:38:00+00:00,3279.98,SL,-2.17,1.72,-1.2616,2,S100_FVG_LONG
s100_m3_combo,BUY,2025-06-30 05:59:00+00:00,3289.07,3286.81,3294.73,2025-06-30 06:35:00+00:00,3294.73,TP,5.21,2.26,2.3053,5,S100_OB_LONG
s100_m3_combo,BUY,2025-06-30 06:47:00+00:00,3293.46,3290.85,3300.0,2025-06-30 07:57:00+00:00,3290.85,SL,-3.06,2.61,-1.1724,6,S100_FVG_LONG
s100_m3_combo,BUY,2025-06-30 08:06:00+00:00,3295.27,3292.8,3301.43,2025-06-30 08:17:00+00:00,3292.8,SL,-2.92,2.47,-1.1822,8,S100_FVG_LONG
s100_m3_combo,SELL,2025-06-30 13:18:00+00:00,3281.38,3283.33,3276.49,2025-06-30 13:30:00+00:00,3283.33,SL,-2.4,1.95,-1.2308,13,S100_FVG_SHORT
s100_m3_combo,SELL,2025-06-30 13:40:00+00:00,3279.88,3283.55,3270.68,2025-06-30 13:45:00+00:00,3283.55,SL,-4.12,3.67,-1.1226,13,S100_OB_SHORT
s100_m3_combo,SELL,2025-06-30 14:20:00+00:00,3282.48,3285.1,3275.93,2025-06-30 14:24:00+00:00,3285.1,SL,-3.07,2.62,-1.1718,14,S100_FVG_SHORT
s100_m3_combo,BUY,2025-06-30 14:48:00+00:00,3286.56,3284.96,3290.56,2025-06-30 15:13:00+00:00,3284.96,SL,-2.05,1.6,-1.2813,14,S100_FVG_LONG
s100_m3_combo,BUY,2025-06-30 15:24:00+00:00,3289.34,3286.58,3296.25,2025-06-30 15:30:00+00:00,3286.58,SL,-3.21,2.76,-1.163,15,S100_FVG_LONG
s100_m3_combo,BUY,2025-07-01 01:26:00+00:00,3320.22,3318.62,3324.24,2025-07-01 01:34:00+00:00,3318.62,SL,-2.05,1.6,-1.2813,1,S100_RSI3_MOMO_LONG
s100_m3_combo,BUY,2025-07-01 02:38:00+00:00,3318.11,3316.55,3321.99,2025-07-01 02:39:00+00:00,3316.55,SL,-2.01,1.56,-1.2885,2,S100_RSI3_MOMO_LONG
s100_m3_combo,BUY,2025-07-01 08:02:00+00:00,3340.14,3337.96,3345.61,2025-07-01 08:14:00+00:00,3337.96,SL,-2.63,2.18,-1.2064,8,S100_RSI3_MOMO_LONG
s100_m3_combo,SELL,2025-07-02 01:26:00+00:00,3334.49,3336.66,3329.05,2025-07-02 02:04:00+00:00,3329.05,TP,4.99,2.17,2.2995,1,S100_RSI3_MOMO_SHORT
s100_m3_combo,SELL,2025-07-02 06:44:00+00:00,3333.1,3334.79,3328.88,2025-07-02 07:10:00+00:00,3328.88,TP,3.77,1.69,2.2308,6,S100_RSI3_MOMO_SHORT
s100_m3_combo,BUY,2025-07-02 13:31:00+00:00,3343.39,3341.27,3348.72,2025-07-02 13:37:00+00:00,3341.27,SL,-2.57,2.12,-1.2123,13,S100_OB_LONG
s100_m3_combo,BUY,2025-07-03 06:12:00+00:00,3359.4,3357.47,3364.22,2025-07-03 06:16:00+00:00,3357.47,SL,-2.38,1.93,-1.2332,6,S100_OB_LONG
s100_m3_combo,SELL,2025-07-03 14:09:00+00:00,3333.06,3334.85,3328.59,2025-07-03 14:18:00+00:00,3328.59,TP,4.02,1.79,2.2458,14,S100_FVG_SHORT
s100_m3_combo,SELL,2025-07-03 14:30:00+00:00,3328.11,3330.08,3323.16,2025-07-03 14:39:00+00:00,3330.08,SL,-2.42,1.97,-1.2284,14,S100_FVG_SHORT
s100_m3_combo,SELL,2025-07-03 15:08:00+00:00,3326.45,3328.35,3321.71,2025-07-03 15:13:00+00:00,3328.35,SL,-2.35,1.9,-1.2368,15,S100_FVG_SHORT
s100_m3_combo,SELL,2025-07-07 01:24:00+00:00,3311.24,3314.64,3302.73,2025-07-07 01:35:00+00:00,3314.64,SL,-3.85,3.4,-1.1324,1,S100_OB_SHORT
s100_m3_combo,SELL,2025-07-07 02:39:00+00:00,3309.85,3312.21,3303.95,2025-07-07 03:09:00+00:00,3312.21,SL,-2.81,2.36,-1.1907,2,S100_FVG_SHORT
s100_m3_combo,SELL,2025-07-07 04:44:00+00:00,3305.61,3307.42,3301.1,2025-07-07 04:50:00+00:00,3307.42,SL,-2.26,1.81,-1.2486,4,S100_RSI3_MOMO_SHORT
s100_m3_combo,SELL,2025-07-07 05:30:00+00:00,3309.36,3310.9,3305.49,2025-07-07 05:34:00+00:00,3310.9,SL,-1.99,1.54,-1.2922,5,S100_FVG_SHORT
s100_m3_combo,SELL,2025-07-07 07:10:00+00:00,3308.64,3310.2,3304.76,2025-07-07 07:12:00+00:00,3310.2,SL,-2.01,1.56,-1.2885,7,S100_FVG_SHORT
s100_m3_combo,BUY,2025-07-07 13:49:00+00:00,3310.64,3308.69,3315.51,2025-07-07 13:53:00+00:00,3315.51,TP,4.42,1.95,2.2667,13,S100_FVG_LONG
s100_m3_combo,BUY,2025-07-07 14:03:00+00:00,3314.45,3311.2,3322.58,2025-07-07 15:15:00+00:00,3318.795,TIME,3.895,3.25,1.1985,14,S100_FVG_LONG
s100_m3_combo,BUY,2025-07-08 01:41:00+00:00,3336.88,3334.78,3342.11,2025-07-08 01:44:00+00:00,3334.78,SL,-2.55,2.1,-1.2143,1,S100_RSI3_MOMO_LONG
s100_m3_combo,BUY,2025-07-08 02:29:00+00:00,3336.02,3334.52,3339.77,2025-07-08 02:34:00+00:00,3334.52,SL,-1.95,1.5,-1.3,2,S100_RSI3_MOMO_LONG
s100_m3_combo,SELL,2025-07-08 04:51:00+00:00,3328.61,3330.23,3324.56,2025-07-08 05:00:00+00:00,3330.23,SL,-2.07,1.62,-1.2778,4,S100_FVG_SHORT
s100_m3_combo,SELL,2025-07-08 08:17:00+00:00,3327.12,3329.0,3322.42,2025-07-08 08:27:00+00:00,3329.0,SL,-2.33,1.88,-1.2394,8,S100_RSI3_MOMO_SHORT
s100_m3_combo,SELL,2025-07-08 08:47:00+00:00,3325.74,3327.69,3320.85,2025-07-08 09:59:00+00:00,3322.095,TIME,3.195,1.95,1.6385,8,S100_RSI3_MOMO_SHORT
s100_m3_combo,SELL,2025-07-08 13:21:00+00:00,3323.03,3324.74,3318.73,2025-07-08 13:27:00+00:00,3324.74,SL,-2.16,1.71,-1.2632,13,S100_OB_SHORT
s100_m3_combo,SELL,2025-07-08 13:59:00+00:00,3315.31,3317.89,3308.86,2025-07-08 14:08:00+00:00,3308.86,TP,6.0,2.58,2.3256,13,S100_RSI3_MOMO_SHORT
s100_m3_combo,SELL,2025-07-08 14:27:00+00:00,3305.14,3307.36,3299.58,2025-07-08 14:37:00+00:00,3299.58,TP,5.11,2.22,2.3018,14,S100_OB_SHORT
s100_m3_combo,SELL,2025-07-08 14:41:00+00:00,3299.57,3303.3,3290.24,2025-07-08 15:10:00+00:00,3290.24,TP,8.88,3.73,2.3807,14,S100_RSI3_MOMO_SHORT
s100_m3_combo,SELL,2025-07-08 15:14:00+00:00,3292.36,3294.83,3286.21,2025-07-08 15:17:00+00:00,3294.83,SL,-2.92,2.47,-1.1822,15,S100_FVG_SHORT
s100_m3_combo,SELL,2025-07-09 01:03:00+00:00,3305.97,3307.48,3302.19,2025-07-09 01:12:00+00:00,3302.19,TP,3.33,1.51,2.2053,1,S100_OB_SHORT
s100_m3_combo,SELL,2025-07-09 01:44:00+00:00,3303.55,3305.32,3299.12,2025-07-09 02:16:00+00:00,3299.12,TP,3.98,1.77,2.2486,1,S100_RSI3_MOMO_SHORT
s100_m3_combo,SELL,2025-07-09 02:52:00+00:00,3292.88,3294.66,3288.42,2025-07-09 02:59:00+00:00,3288.42,TP,4.01,1.78,2.2528,2,S100_FVG_SHORT
s100_m3_combo,SELL,2025-07-09 03:05:00+00:00,3288.64,3291.44,3281.64,2025-07-09 03:08:00+00:00,3291.44,SL,-3.25,2.8,-1.1607,3,S100_FVG_SHORT
s100_m3_combo,SELL,2025-07-09 05:29:00+00:00,3292.41,3293.95,3288.56,2025-07-09 05:37:00+00:00,3293.95,SL,-1.99,1.54,-1.2922,5,S100_RSI3_MOMO_SHORT
s100_m3_combo,SELL,2025-07-09 05:50:00+00:00,3290.41,3292.25,3285.81,2025-07-09 06:36:00+00:00,3285.81,TP,4.15,1.84,2.2554,5,S100_RSI3_MOMO_SHORT
s100_m3_combo,SELL,2025-07-09 07:39:00+00:00,3291.62,3293.46,3287.03,2025-07-09 07:40:00+00:00,3293.46,SL,-2.29,1.84,-1.2446,7,S100_OB_SHORT
s100_m3_combo,SELL,2025-07-09 08:03:00+00:00,3292.25,3294.91,3285.6,2025-07-09 08:20:00+00:00,3285.6,TP,6.2,2.66,2.3308,8,S100_FVG_SHORT
s100_m3_combo,BUY,2025-07-09 13:02:00+00:00,3297.66,3295.36,3303.43,2025-07-09 13:06:00+00:00,3295.36,SL,-2.75,2.3,-1.1957,13,S100_RSI3_MOMO_LONG
s100_m3_combo,BUY,2025-07-09 13:57:00+00:00,3302.09,3299.31,3309.04,2025-07-09 14:33:00+00:00,3309.04,TP,6.5,2.78,2.3381,13,S100_FVG_LONG
s100_m3_combo,BUY,2025-07-10 01:29:00+00:00,3324.14,3322.4,3328.47,2025-07-10 01:54:00+00:00,3322.4,SL,-2.19,1.74,-1.2586,1,S100_RSI3_MOMO_LONG
s100_m3_combo,BUY,2025-07-10 03:26:00+00:00,3318.38,3316.78,3322.37,2025-07-10 03:55:00+00:00,3316.78,SL,-2.05,1.6,-1.2813,3,S100_OB_LONG
s100_m3_combo,SELL,2025-07-10 13:56:00+00:00,3315.53,3318.38,3308.41,2025-07-10 14:12:00+00:00,3318.38,SL,-3.3,2.85,-1.1579,13,S100_RSI3_MOMO_SHORT
s100_m3_combo,SELL,2025-07-10 14:17:00+00:00,3321.54,3325.45,3311.77,2025-07-10 15:29:00+00:00,3320.975,TIME,0.115,3.91,0.0294,14,S100_FVG_SHORT
s100_m3_combo,SELL,2025-07-10 15:36:00+00:00,3319.75,3321.8,3314.63,2025-07-10 16:31:00+00:00,3314.63,TP,4.67,2.05,2.278,15,S100_OB_SHORT
s100_m3_combo,BUY,2025-07-11 02:25:00+00:00,3329.55,3327.29,3335.2,2025-07-11 03:08:00+00:00,3335.2,TP,5.2,2.26,2.3009,2,S100_OB_LONG
s100_m3_combo,BUY,2025-07-11 06:14:00+00:00,3337.18,3335.14,3342.3,2025-07-11 06:18:00+00:00,3342.3,TP,4.67,2.04,2.2892,6,S100_RSI3_MOMO_LONG
s100_m3_combo,BUY,2025-07-11 06:21:00+00:00,3340.46,3337.0,3349.11,2025-07-11 06:47:00+00:00,3337.0,SL,-3.91,3.46,-1.1301,6,S100_FVG_LONG
s100_m3_combo,BUY,2025-07-11 14:35:00+00:00,3358.65,3355.97,3365.35,2025-07-11 15:12:00+00:00,3365.35,TP,6.25,2.68,2.3321,14,S100_RSI3_MOMO_LONG
s100_m3_combo,BUY,2025-07-14 01:19:00+00:00,3364.26,3362.28,3369.18,2025-07-14 01:23:00+00:00,3362.28,SL,-2.43,1.98,-1.2273,1,S100_OB_LONG
s100_m3_combo,SELL,2025-07-14 02:05:00+00:00,3356.71,3358.73,3351.66,2025-07-14 02:28:00+00:00,3358.73,SL,-2.47,2.02,-1.2228,2,S100_RSI3_MOMO_SHORT
s100_m3_combo,SELL,2025-07-14 05:30:00+00:00,3357.32,3359.14,3352.8,2025-07-14 05:40:00+00:00,3359.14,SL,-2.27,1.82,-1.2473,5,S100_FVG_SHORT
s100_m3_combo,BUY,2025-07-14 06:57:00+00:00,3367.31,3365.48,3371.89,2025-07-14 07:10:00+00:00,3371.89,TP,4.13,1.83,2.2568,6,S100_FVG_LONG
s100_m3_combo,SELL,2025-07-14 14:25:00+00:00,3349.78,3351.48,3345.54,2025-07-14 14:27:00+00:00,3351.48,SL,-2.15,1.7,-1.2647,14,S100_FVG_SHORT
s100_m3_combo,SELL,2025-07-14 14:41:00+00:00,3342.89,3346.13,3334.79,2025-07-14 15:05:00+00:00,3346.13,SL,-3.69,3.24,-1.1389,14,S100_RSI3_MOMO_SHORT
s100_m3_combo,SELL,2025-07-14 15:10:00+00:00,3349.24,3351.0,3344.83,2025-07-14 15:55:00+00:00,3344.83,TP,3.96,1.76,2.25,15,S100_FVG_SHORT
s100_m3_combo,BUY,2025-07-15 01:33:00+00:00,3349.53,3347.86,3353.69,2025-07-15 01:42:00+00:00,3347.86,SL,-2.12,1.67,-1.2695,1,S100_OB_LONG
s100_m3_combo,BUY,2025-07-15 07:17:00+00:00,3361.05,3359.33,3365.33,2025-07-15 08:00:00+00:00,3365.33,TP,3.83,1.72,2.2267,7,S100_RSI3_MOMO_LONG
s100_m3_combo,BUY,2025-07-15 08:13:00+00:00,3364.33,3362.27,3369.48,2025-07-15 08:15:00+00:00,3362.27,SL,-2.51,2.06,-1.2184,8,S100_OB_LONG
s100_m3_combo,BUY,2025-07-15 08:41:00+00:00,3362.28,3360.43,3366.9,2025-07-15 09:17:00+00:00,3360.43,SL,-2.3,1.85,-1.2432,8,S100_FVG_LONG
s100_m3_combo,SELL,2025-07-15 13:00:00+00:00,3350.09,3353.07,3342.62,2025-07-15 13:21:00+00:00,3342.62,TP,7.02,2.98,2.3557,13,S100_FVG_SHORT
s100_m3_combo,SELL,2025-07-15 15:01:00+00:00,3348.9,3350.55,3344.77,2025-07-15 15:15:00+00:00,3344.77,TP,3.68,1.65,2.2303,15,S100_OB_SHORT
s100_m3_combo,SELL,2025-07-15 15:38:00+00:00,3329.36,3333.3,3319.48,2025-07-15 15:41:00+00:00,3333.3,SL,-4.39,3.94,-1.1142,15,S100_FVG_SHORT
s100_m3_combo,BUY,2025-07-16 08:09:00+00:00,3339.99,3338.09,3344.73,2025-07-16 09:21:00+00:00,3340.34,TIME,-0.1,1.9,-0.0526,8,S100_FVG_LONG
s100_m3_combo,SELL,2025-07-16 13:40:00+00:00,3329.68,3331.96,3323.97,2025-07-16 13:48:00+00:00,3323.97,TP,5.26,2.28,2.307,13,S100_FVG_SHORT
s100_m3_combo,SELL,2025-07-16 14:05:00+00:00,3328.05,3330.4,3322.16,2025-07-16 14:17:00+00:00,3322.16,TP,5.44,2.35,2.3149,14,S100_OB_SHORT
s100_m3_combo,SELL,2025-07-16 14:36:00+00:00,3325.3,3327.5,3319.77,2025-07-16 14:48:00+00:00,3327.5,SL,-2.65,2.2,-1.2045,14,S100_FVG_SHORT
s100_m3_combo,BUY,2025-07-16 15:42:00+00:00,3360.33,3350.79,3384.18,2025-07-16 15:55:00+00:00,3350.79,SL,-9.99,9.54,-1.0472,15,S100_FVG_LONG
s100_m3_combo,SELL,2025-07-17 04:49:00+00:00,3342.05,3343.57,3338.27,2025-07-17 05:35:00+00:00,3338.27,TP,3.33,1.52,2.1908,4,S100_OB_SHORT
s100_m3_combo,SELL,2025-07-17 06:11:00+00:00,3335.39,3336.98,3331.4,2025-07-17 06:22:00+00:00,3331.4,TP,3.54,1.59,2.2264,6,S100_RSI3_MOMO_SHORT
s100_m3_combo,SELL,2025-07-17 06:41:00+00:00,3329.38,3331.41,3324.31,2025-07-17 06:46:00+00:00,3331.41,SL,-2.48,2.03,-1.2217,6,S100_RSI3_MOMO_SHORT
s100_m3_combo,SELL,2025-07-17 06:46:00+00:00,3331.58,3333.09,3327.82,2025-07-17 06:49:00+00:00,3333.09,SL,-1.96,1.51,-1.298,6,S100_FVG_SHORT
s100_m3_combo,SELL,2025-07-17 07:47:00+00:00,3327.59,3329.4,3323.07,2025-07-17 08:14:00+00:00,3329.4,SL,-2.26,1.81,-1.2486,7,S100_RSI3_MOMO_SHORT
s100_m3_combo,BUY,2025-07-17 15:07:00+00:00,3332.91,3330.83,3338.11,2025-07-17 15:29:00+00:00,3338.11,TP,4.75,2.08,2.2837,15,S100_OB_LONG
s100_m3_combo,BUY,2025-07-17 15:50:00+00:00,3337.95,3336.07,3342.63,2025-07-17 16:04:00+00:00,3336.07,SL,-2.33,1.88,-1.2394,15,S100_RSI3_MOMO_LONG
s100_m3_combo,SELL,2025-07-18 05:48:00+00:00,3334.95,3336.66,3330.66,2025-07-18 06:14:00+00:00,3336.66,SL,-2.16,1.71,-1.2632,5,S100_FVG_SHORT
s100_m3_combo,BUY,2025-07-18 06:51:00+00:00,3340.28,3338.54,3344.62,2025-07-18 07:13:00+00:00,3344.62,TP,3.89,1.74,2.2356,6,S100_FVG_LONG
s100_m3_combo,BUY,2025-07-21 05:30:00+00:00,3366.8,3364.48,3372.59,2025-07-21 06:42:00+00:00,3368.3,TIME,1.05,2.32,0.4526,5,S100_FVG_LONG
s100_m3_combo,SELL,2025-07-22 01:15:00+00:00,3393.15,3394.66,3389.38,2025-07-22 01:38:00+00:00,3389.38,TP,3.32,1.51,2.1987,1,S100_FVG_SHORT
s100_m3_combo,SELL,2025-07-22 01:50:00+00:00,3387.92,3389.82,3383.17,2025-07-22 02:14:00+00:00,3389.82,SL,-2.35,1.9,-1.2368,1,S100_RSI3_MOMO_SHORT
s100_m3_combo,BUY,2025-07-22 13:12:00+00:00,3412.3,3410.37,3417.1,2025-07-22 13:14:00+00:00,3410.37,SL,-2.38,1.93,-1.2332,13,S100_FVG_LONG
s100_m3_combo,BUY,2025-07-22 13:24:00+00:00,3413.13,3411.43,3417.38,2025-07-22 13:32:00+00:00,3417.38,TP,3.8,1.7,2.2353,13,S100_OB_LONG
s100_m3_combo,BUY,2025-07-22 14:20:00+00:00,3418.68,3415.08,3427.7,2025-07-22 14:39:00+00:00,3427.7,TP,8.57,3.6,2.3806,14,S100_RSI3_MOMO_LONG
s100_m3_combo,BUY,2025-07-22 14:39:00+00:00,3425.97,3422.94,3433.53,2025-07-22 14:47:00+00:00,3422.94,SL,-3.48,3.03,-1.1485,14,S100_OB_LONG
s100_m3_combo,SELL,2025-07-23 01:38:00+00:00,3422.51,3425.51,3415.01,2025-07-23 01:43:00+00:00,3425.51,SL,-3.45,3.0,-1.15,1,S100_RSI3_MOMO_SHORT
s100_m3_combo,SELL,2025-07-23 01:59:00+00:00,3421.17,3423.52,3415.3,2025-07-23 02:04:00+00:00,3423.52,SL,-2.8,2.35,-1.1915,1,S100_RSI3_MOMO_SHORT
s100_m3_combo,SELL,2025-07-23 03:59:00+00:00,3423.1,3424.68,3419.15,2025-07-23 04:04:00+00:00,3424.68,SL,-2.03,1.58,-1.2848,3,S100_RSI3_MOMO_SHORT
s100_m3_combo,SELL,2025-07-23 04:04:00+00:00,3424.48,3426.34,3419.84,2025-07-23 05:16:00+00:00,3421.18,TIME,2.85,1.86,1.5323,4,S100_FVG_SHORT
s100_m3_combo,SELL,2025-07-23 05:24:00+00:00,3422.26,3423.94,3418.08,2025-07-23 05:43:00+00:00,3418.08,TP,3.73,1.68,2.2202,5,S100_OB_SHORT
s100_m3_combo,SELL,2025-07-23 05:48:00+00:00,3418.07,3419.92,3413.43,2025-07-23 05:54:00+00:00,3419.92,SL,-2.3,1.85,-1.2432,5,S100_FVG_SHORT
s100_m3_combo,SELL,2025-07-23 06:38:00+00:00,3420.61,3422.37,3416.19,2025-07-23 06:41:00+00:00,3422.37,SL,-2.21,1.76,-1.2557,6,S100_RSI3_MOMO_SHORT
s100_m3_combo,SELL,2025-07-23 13:09:00+00:00,3415.3,3416.81,3411.54,2025-07-23 13:14:00+00:00,3416.81,SL,-1.96,1.51,-1.298,13,S100_FVG_SHORT
s100_m3_combo,SELL,2025-07-23 14:26:00+00:00,3412.45,3414.62,3407.01,2025-07-23 14:32:00+00:00,3414.62,SL,-2.62,2.17,-1.2074,14,S100_RSI3_MOMO_SHORT
s100_m3_combo,SELL,2025-07-23 15:07:00+00:00,3413.07,3414.8,3408.76,2025-07-23 15:10:00+00:00,3414.8,SL,-2.18,1.73,-1.2601,15,S100_OB_SHORT
s100_m3_combo,SELL,2025-07-24 02:17:00+00:00,3384.41,3386.73,3378.64,2025-07-24 02:19:00+00:00,3386.73,SL,-2.77,2.32,-1.194,2,S100_FVG_SHORT
s100_m3_combo,SELL,2025-07-24 05:45:00+00:00,3377.91,3380.66,3371.01,2025-07-24 06:30:00+00:00,3371.01,TP,6.45,2.75,2.3455,5,S100_FVG_SHORT
s100_m3_combo,SELL,2025-07-24 06:48:00+00:00,3374.93,3376.91,3369.97,2025-07-24 07:01:00+00:00,3376.91,SL,-2.43,1.98,-1.2273,6,S100_OB_SHORT
s100_m3_combo,SELL,2025-07-24 08:03:00+00:00,3366.63,3368.16,3362.81,2025-07-24 08:05:00+00:00,3368.16,SL,-1.98,1.53,-1.2941,8,S100_OB_SHORT
s100_m3_combo,SELL,2025-07-24 08:59:00+00:00,3369.8,3371.47,3365.61,2025-07-24 09:17:00+00:00,3365.61,TP,3.74,1.67,2.2395,8,S100_RSI3_MOMO_SHORT
s100_m3_combo,SELL,2025-07-24 13:00:00+00:00,3353.48,3356.38,3346.23,2025-07-24 13:06:00+00:00,3356.38,SL,-3.35,2.9,-1.1552,13,S100_RSI3_MOMO_SHORT
s100_m3_combo,SELL,2025-07-24 14:02:00+00:00,3368.89,3371.2,3363.09,2025-07-24 14:13:00+00:00,3371.2,SL,-2.76,2.31,-1.1948,14,S100_OB_SHORT
s100_m3_combo,SELL,2025-07-25 07:46:00+00:00,3354.51,3356.34,3349.95,2025-07-25 08:25:00+00:00,3349.95,TP,4.11,1.83,2.2459,7,S100_FVG_SHORT
s100_m3_combo,SELL,2025-07-25 08:33:00+00:00,3347.7,3349.95,3342.08,2025-07-25 09:45:00+00:00,3347.84,TIME,-0.59,2.25,-0.2622,8,S100_FVG_SHORT
s100_m3_combo,SELL,2025-07-25 13:47:00+00:00,3343.42,3345.94,3337.13,2025-07-25 14:17:00+00:00,3337.13,TP,5.84,2.52,2.3175,13,S100_FVG_SHORT
s100_m3_combo,SELL,2025-07-25 14:21:00+00:00,3339.04,3340.54,3335.29,2025-07-25 14:36:00+00:00,3335.29,TP,3.3,1.5,2.2,14,S100_FVG_SHORT
s100_m3_combo,SELL,2025-07-25 15:02:00+00:00,3330.8,3333.78,3323.35,2025-07-25 15:12:00+00:00,3333.78,SL,-3.43,2.98,-1.151,15,S100_RSI3_MOMO_SHORT
s100_m3_combo,SELL,2025-07-25 15:45:00+00:00,3328.48,3331.12,3321.88,2025-07-25 16:17:00+00:00,3331.12,SL,-3.09,2.64,-1.1705,15,S100_FVG_SHORT
s100_m3_combo,SELL,2025-07-28 02:46:00+00:00,3333.14,3335.22,3327.97,2025-07-28 02:53:00+00:00,3335.22,SL,-2.53,2.08,-1.2163,2,S100_FVG_SHORT
s100_m3_combo,BUY,2025-07-28 05:54:00+00:00,3343.57,3341.46,3348.83,2025-07-28 06:05:00+00:00,3341.46,SL,-2.56,2.11,-1.2133,5,S100_FVG_LONG
s100_m3_combo,BUY,2025-07-28 07:02:00+00:00,3340.47,3338.9,3344.41,2025-07-28 07:12:00+00:00,3338.9,SL,-2.02,1.57,-1.2866,7,S100_RSI3_MOMO_LONG
s100_m3_combo,SELL,2025-07-28 08:47:00+00:00,3332.72,3334.23,3328.93,2025-07-28 08:51:00+00:00,3334.23,SL,-1.96,1.51,-1.298,8,S100_RSI3_MOMO_SHORT
s100_m3_combo,SELL,2025-07-28 13:41:00+00:00,3327.19,3329.16,3322.27,2025-07-28 13:44:00+00:00,3322.27,TP,4.47,1.97,2.269,13,S100_OB_SHORT
s100_m3_combo,SELL,2025-07-28 15:03:00+00:00,3308.72,3310.29,3304.8,2025-07-28 15:06:00+00:00,3310.29,SL,-2.02,1.57,-1.2866,15,S100_FVG_SHORT
s100_m3_combo,BUY,2025-07-29 06:32:00+00:00,3321.31,3319.63,3325.51,2025-07-29 06:34:00+00:00,3319.63,SL,-2.13,1.68,-1.2679,6,S100_RSI3_MOMO_LONG
s100_m3_combo,BUY,2025-07-29 07:46:00+00:00,3316.25,3314.44,3320.79,2025-07-29 08:04:00+00:00,3320.79,TP,4.09,1.81,2.2597,7,S100_FVG_LONG
s100_m3_combo,SELL,2025-07-29 14:06:00+00:00,3316.61,3318.97,3310.71,2025-07-29 14:15:00+00:00,3318.97,SL,-2.81,2.36,-1.1907,14,S100_OB_SHORT
s100_m3_combo,BUY,2025-07-29 14:50:00+00:00,3328.66,3326.22,3334.78,2025-07-29 15:25:00+00:00,3326.22,SL,-2.89,2.44,-1.1844,14,S100_RSI3_MOMO_LONG
s100_m3_combo,BUY,2025-07-30 01:21:00+00:00,3332.14,3330.49,3336.24,2025-07-30 01:25:00+00:00,3330.49,SL,-2.1,1.65,-1.2727,1,S100_FVG_LONG
s100_m3_combo,BUY,2025-07-30 03:02:00+00:00,3328.45,3326.55,3333.21,2025-07-30 03:08:00+00:00,3326.55,SL,-2.35,1.9,-1.2368,3,S100_OB_LONG
s100_m3_combo,SELL,2025-07-30 13:34:00+00:00,3306.49,3309.34,3299.38,2025-07-30 13:56:00+00:00,3299.38,TP,6.66,2.85,2.3368,13,S100_FVG_SHORT
s100_m3_combo,SELL,2025-07-30 14:00:00+00:00,3303.19,3306.43,3295.09,2025-07-30 14:09:00+00:00,3306.43,SL,-3.69,3.24,-1.1389,14,S100_OB_SHORT
s100_m3_combo,SELL,2025-07-30 14:31:00+00:00,3303.07,3304.93,3298.45,2025-07-30 14:42:00+00:00,3304.93,SL,-2.31,1.86,-1.2419,14,S100_FVG_SHORT
s100_m3_combo,SELL,2025-07-30 15:17:00+00:00,3299.86,3301.51,3295.73,2025-07-30 15:20:00+00:00,3295.73,TP,3.68,1.65,2.2303,15,S100_RSI3_MOMO_SHORT
s100_m3_combo,SELL,2025-07-31 01:35:00+00:00,3289.26,3290.8,3285.42,2025-07-31 01:53:00+00:00,3290.8,SL,-1.99,1.54,-1.2922,1,S100_OB_SHORT
s100_m3_combo,BUY,2025-07-31 01:56:00+00:00,3292.05,3289.94,3297.34,2025-07-31 02:58:00+00:00,3297.34,TP,4.84,2.11,2.2938,1,S100_RSI3_MOMO_LONG
s100_m3_combo,BUY,2025-07-31 03:03:00+00:00,3297.26,3294.86,3303.27,2025-07-31 03:12:00+00:00,3294.86,SL,-2.85,2.4,-1.1875,3,S100_FVG_LONG
s100_m3_combo,BUY,2025-07-31 03:26:00+00:00,3296.87,3295.2,3301.05,2025-07-31 03:34:00+00:00,3295.2,SL,-2.12,1.67,-1.2695,3,S100_FVG_LONG
s100_m3_combo,BUY,2025-07-31 06:05:00+00:00,3301.22,3299.66,3305.1,2025-07-31 06:35:00+00:00,3305.1,TP,3.43,1.56,2.1987,6,S100_RSI3_MOMO_LONG
s100_m3_combo,BUY,2025-07-31 07:51:00+00:00,3306.08,3304.04,3311.19,2025-07-31 07:57:00+00:00,3304.04,SL,-2.49,2.04,-1.2206,7,S100_FVG_LONG
s100_m3_combo,BUY,2025-07-31 08:13:00+00:00,3307.63,3305.84,3312.11,2025-07-31 08:18:00+00:00,3312.11,TP,4.03,1.79,2.2514,8,S100_FVG_LONG
s100_m3_combo,BUY,2025-07-31 08:25:00+00:00,3312.26,3309.35,3319.55,2025-07-31 08:43:00+00:00,3309.35,SL,-3.36,2.91,-1.1546,8,S100_FVG_LONG
s100_m3_combo,SELL,2025-08-01 01:50:00+00:00,3286.2,3287.78,3282.27,2025-08-01 01:54:00+00:00,3282.27,TP,3.48,1.58,2.2025,1,S100_RSI3_MOMO_SHORT
s100_m3_combo,SELL,2025-08-01 01:59:00+00:00,3283.91,3286.45,3277.58,2025-08-01 02:01:00+00:00,3286.45,SL,-2.99,2.54,-1.1772,1,S100_FVG_SHORT
s100_m3_combo,BUY,2025-08-01 13:07:00+00:00,3341.28,3339.17,3346.55,2025-08-01 13:10:00+00:00,3346.55,TP,4.82,2.11,2.2844,13,S100_OB_LONG
s100_m3_combo,BUY,2025-08-01 13:37:00+00:00,3344.11,3340.4,3353.36,2025-08-01 13:51:00+00:00,3340.4,SL,-4.16,3.71,-1.1213,13,S100_OB_LONG
s100_m3_combo,BUY,2025-08-01 14:08:00+00:00,3349.95,3345.03,3362.23,2025-08-01 14:30:00+00:00,3345.03,SL,-5.37,4.92,-1.0915,14,S100_RSI3_MOMO_LONG
s100_m3_combo,BUY,2025-08-01 14:31:00+00:00,3344.27,3341.64,3350.84,2025-08-01 14:40:00+00:00,3341.64,SL,-3.08,2.63,-1.1711,14,S100_FVG_LONG
s100_m3_combo,BUY,2025-08-01 15:20:00+00:00,3350.47,3347.48,3357.96,2025-08-01 15:37:00+00:00,3347.48,SL,-3.44,2.99,-1.1505,15,S100_RSI3_MOMO_LONG
s100_m3_combo,BUY,2025-08-01 15:37:00+00:00,3347.69,3345.16,3354.02,2025-08-01 16:05:00+00:00,3345.16,SL,-2.98,2.53,-1.1779,15,S100_FVG_LONG
s100_m3_combo,SELL,2025-08-04 01:28:00+00:00,3347.21,3349.21,3342.21,2025-08-04 01:31:00+00:00,3349.21,SL,-2.45,2.0,-1.225,1,S100_FVG_SHORT
s100_m3_combo,SELL,2025-08-04 02:49:00+00:00,3353.86,3355.48,3349.82,2025-08-04 03:01:00+00:00,3355.48,SL,-2.07,1.62,-1.2778,2,S100_OB_SHORT
s100_m3_combo,BUY,2025-08-04 13:06:00+00:00,3370.21,3368.04,3375.63,2025-08-04 13:18:00+00:00,3375.63,TP,4.97,2.17,2.2903,13,S100_FVG_LONG
s100_m3_combo,BUY,2025-08-04 15:41:00+00:00,3374.75,3372.65,3380.0,2025-08-04 16:31:00+00:00,3372.65,SL,-2.55,2.1,-1.2143,15,S100_RSI3_MOMO_LONG
s100_m3_combo,SELL,2025-08-05 06:09:00+00:00,3371.16,3373.17,3366.13,2025-08-05 06:45:00+00:00,3366.13,TP,4.58,2.01,2.2786,6,S100_FVG_SHORT
s100_m3_combo,SELL,2025-08-05 08:48:00+00:00,3369.05,3371.31,3363.42,2025-08-05 09:31:00+00:00,3363.42,TP,5.18,2.26,2.292,8,S100_FVG_SHORT
s100_m3_combo,BUY,2025-08-05 13:47:00+00:00,3376.43,3373.54,3383.65,2025-08-05 13:54:00+00:00,3373.54,SL,-3.34,2.89,-1.1557,13,S100_FVG_LONG
s100_m3_combo,BUY,2025-08-05 14:28:00+00:00,3379.08,3376.86,3384.64,2025-08-05 14:51:00+00:00,3384.64,TP,5.11,2.22,2.3018,14,S100_FVG_LONG
s100_m3_combo,BUY,2025-08-05 14:53:00+00:00,3384.91,3382.24,3391.57,2025-08-05 16:05:00+00:00,3389.145,TIME,3.785,2.67,1.4176,14,S100_RSI3_MOMO_LONG
s100_m3_combo,SELL,2025-08-06 13:35:00+00:00,3365.97,3368.23,3360.32,2025-08-06 13:40:00+00:00,3368.23,SL,-2.71,2.26,-1.1991,13,S100_RSI3_MOMO_SHORT
s100_m3_combo,BUY,2025-08-06 14:00:00+00:00,3371.07,3367.8,3379.24,2025-08-06 14:57:00+00:00,3379.24,TP,7.72,3.27,2.3609,14,S100_FVG_LONG
s100_m3_combo,BUY,2025-08-06 15:02:00+00:00,3379.61,3377.95,3383.78,2025-08-06 15:05:00+00:00,3377.95,SL,-2.11,1.66,-1.2711,15,S100_RSI3_MOMO_LONG
s100_m3_combo,BUY,2025-08-06 15:05:00+00:00,3378.54,3376.87,3382.71,2025-08-06 15:16:00+00:00,3376.87,SL,-2.12,1.67,-1.2695,15,S100_FVG_LONG
s100_m3_combo,BUY,2025-08-06 15:56:00+00:00,3378.89,3376.83,3384.02,2025-08-06 16:13:00+00:00,3376.83,SL,-2.51,2.06,-1.2184,15,S100_RSI3_MOMO_LONG
s100_m3_combo,BUY,2025-08-07 01:18:00+00:00,3376.53,3374.73,3381.02,2025-08-07 01:43:00+00:00,3381.02,TP,4.04,1.8,2.2444,1,S100_FVG_LONG
s100_m3_combo,BUY,2025-08-07 06:29:00+00:00,3380.43,3378.73,3384.68,2025-08-07 06:42:00+00:00,3384.68,TP,3.8,1.7,2.2353,6,S100_RSI3_MOMO_LONG
s100_m3_combo,BUY,2025-08-07 07:20:00+00:00,3389.47,3387.75,3393.75,2025-08-07 07:27:00+00:00,3393.75,TP,3.83,1.72,2.2267,7,S100_RSI3_MOMO_LONG
s100_m3_combo,BUY,2025-08-07 08:36:00+00:00,3375.95,3373.53,3381.98,2025-08-07 08:47:00+00:00,3381.98,TP,5.58,2.42,2.3058,8,S100_OB_LONG
s100_m3_combo,BUY,2025-08-07 08:55:00+00:00,3379.34,3377.75,3383.32,2025-08-07 08:57:00+00:00,3377.75,SL,-2.04,1.59,-1.283,8,S100_OB_LONG
s100_m3_combo,BUY,2025-08-07 13:25:00+00:00,3384.74,3382.51,3390.33,2025-08-07 13:42:00+00:00,3390.33,TP,5.14,2.23,2.3049,13,S100_OB_LONG
s100_m3_combo,SELL,2025-08-08 01:13:00+00:00,3386.49,3388.67,3381.03,2025-08-08 01:45:00+00:00,3388.67,SL,-2.63,2.18,-1.2064,1,S100_FVG_SHORT
s100_m3_combo,SELL,2025-08-08 03:08:00+00:00,3386.32,3388.07,3381.93,2025-08-08 03:24:00+00:00,3388.07,SL,-2.2,1.75,-1.2571,3,S100_RSI3_MOMO_SHORT
s100_m3_combo,BUY,2025-08-08 06:09:00+00:00,3395.13,3393.35,3399.59,2025-08-08 06:20:00+00:00,3393.35,SL,-2.23,1.78,-1.2528,6,S100_FVG_LONG
s100_m3_combo,SELL,2025-08-08 06:44:00+00:00,3390.15,3392.4,3384.53,2025-08-08 06:53:00+00:00,3392.4,SL,-2.7,2.25,-1.2,6,S100_RSI3_MOMO_SHORT
s100_m3_combo,BUY,2025-08-08 07:53:00+00:00,3403.09,3399.97,3410.91,2025-08-08 08:23:00+00:00,3399.97,SL,-3.57,3.12,-1.1442,7,S100_RSI3_MOMO_LONG
s100_m3_combo,BUY,2025-08-08 13:34:00+00:00,3392.93,3389.17,3402.33,2025-08-08 14:08:00+00:00,3389.17,SL,-4.21,3.76,-1.1197,13,S100_OB_LONG
s100_m3_combo,SELL,2025-08-11 01:00:00+00:00,3381.76,3383.76,3376.78,2025-08-11 01:03:00+00:00,3383.76,SL,-2.45,2.0,-1.225,1,S100_RSI3_MOMO_SHORT
s100_m3_combo,SELL,2025-08-11 01:41:00+00:00,3371.99,3375.56,3363.08,2025-08-11 01:49:00+00:00,3375.56,SL,-4.02,3.57,-1.1261,1,S100_RSI3_MOMO_SHORT
s100_m3_combo,SELL,2025-08-11 04:48:00+00:00,3377.11,3379.1,3372.11,2025-08-11 05:13:00+00:00,3379.1,SL,-2.44,1.99,-1.2261,4,S100_OB_SHORT
s100_m3_combo,SELL,2025-08-11 05:41:00+00:00,3375.42,3377.18,3371.02,2025-08-11 05:45:00+00:00,3377.18,SL,-2.21,1.76,-1.2557,5,S100_RSI3_MOMO_SHORT
s100_m3_combo,SELL,2025-08-11 06:17:00+00:00,3373.18,3374.95,3368.74,2025-08-11 06:28:00+00:00,3368.74,TP,3.99,1.77,2.2542,6,S100_RSI3_MOMO_SHORT
s100_m3_combo,SELL,2025-08-11 07:16:00+00:00,3364.54,3366.17,3360.48,2025-08-11 07:17:00+00:00,3366.17,SL,-2.08,1.63,-1.2761,7,S100_FVG_SHORT
s100_m3_combo,SELL,2025-08-11 14:42:00+00:00,3346.01,3349.5,3337.3,2025-08-11 15:26:00+00:00,3349.5,SL,-3.94,3.49,-1.1289,14,S100_FVG_SHORT
s100_m3_combo,SELL,2025-08-11 15:42:00+00:00,3349.91,3351.62,3345.62,2025-08-11 16:07:00+00:00,3345.62,TP,3.84,1.71,2.2456,15,S100_OB_SHORT
s100_m3_combo,BUY,2025-08-12 02:03:00+00:00,3351.45,3349.44,3356.48,2025-08-12 03:15:00+00:00,3354.325,TIME,2.425,2.01,1.2065,2,S100_OB_LONG
s100_m3_combo,BUY,2025-08-12 04:55:00+00:00,3355.01,3353.17,3359.63,2025-08-12 05:14:00+00:00,3353.17,SL,-2.29,1.84,-1.2446,4,S100_OB_LONG
s100_m3_combo,SELL,2025-08-12 08:50:00+00:00,3346.49,3348.16,3342.31,2025-08-12 08:55:00+00:00,3348.16,SL,-2.12,1.67,-1.2695,8,S100_RSI3_MOMO_SHORT
s100_m3_combo,SELL,2025-08-12 13:15:00+00:00,3345.21,3347.46,3339.58,2025-08-12 13:16:00+00:00,3347.46,SL,-2.7,2.25,-1.2,13,S100_FVG_SHORT
s100_m3_combo,SELL,2025-08-12 14:26:00+00:00,3336.4,3340.06,3327.24,2025-08-12 15:02:00+00:00,3340.06,SL,-4.11,3.66,-1.123,14,S100_FVG_SHORT
s100_m3_combo,SELL,2025-08-13 01:27:00+00:00,3345.53,3347.29,3341.15,2025-08-13 01:30:00+00:00,3347.29,SL,-2.21,1.76,-1.2557,1,S100_FVG_SHORT
s100_m3_combo,BUY,2025-08-13 02:47:00+00:00,3353.74,3352.09,3357.85,2025-08-13 02:57:00+00:00,3352.09,SL,-2.1,1.65,-1.2727,2,S100_RSI3_MOMO_LONG
s100_m3_combo,BUY,2025-08-13 03:30:00+00:00,3351.07,3349.36,3355.32,2025-08-13 04:00:00+00:00,3349.36,SL,-2.16,1.71,-1.2632,3,S100_OB_LONG
s100_m3_combo,BUY,2025-08-13 07:23:00+00:00,3359.41,3357.65,3363.79,2025-08-13 07:44:00+00:00,3357.65,SL,-2.21,1.76,-1.2557,7,S100_RSI3_MOMO_LONG
s100_m3_combo,BUY,2025-08-13 08:51:00+00:00,3362.07,3360.04,3367.17,2025-08-13 08:54:00+00:00,3360.04,SL,-2.48,2.03,-1.2217,8,S100_FVG_LONG
s100_m3_combo,BUY,2025-08-13 14:13:00+00:00,3367.28,3365.21,3372.48,2025-08-13 14:17:00+00:00,3365.21,SL,-2.52,2.07,-1.2174,14,S100_FVG_LONG
s100_m3_combo,SELL,2025-08-14 03:43:00+00:00,3357.82,3359.8,3352.86,2025-08-14 03:59:00+00:00,3359.8,SL,-2.43,1.98,-1.2273,3,S100_OB_SHORT
s100_m3_combo,BUY,2025-08-14 07:06:00+00:00,3364.42,3362.14,3370.13,2025-08-14 07:15:00+00:00,3362.14,SL,-2.73,2.28,-1.1974,7,S100_FVG_LONG
s100_m3_combo,SELL,2025-08-14 08:05:00+00:00,3346.31,3347.96,3342.18,2025-08-14 08:18:00+00:00,3342.18,TP,3.68,1.65,2.2303,8,S100_FVG_SHORT
s100_m3_combo,SELL,2025-08-14 08:42:00+00:00,3346.46,3348.56,3341.22,2025-08-14 09:02:00+00:00,3348.56,SL,-2.55,2.1,-1.2143,8,S100_FVG_SHORT
s100_m3_combo,SELL,2025-08-14 13:31:00+00:00,3347.95,3349.94,3343.0,2025-08-14 14:00:00+00:00,3343.0,TP,4.5,1.99,2.2613,13,S100_FVG_SHORT
s100_m3_combo,SELL,2025-08-14 14:16:00+00:00,3340.25,3342.51,3334.6,2025-08-14 14:17:00+00:00,3342.51,SL,-2.71,2.26,-1.1991,14,S100_FVG_SHORT
s100_m3_combo,SELL,2025-08-14 14:44:00+00:00,3340.8,3344.12,3332.48,2025-08-14 15:56:00+00:00,3341.33,TIME,-0.98,3.32,-0.2952,14,S100_RSI3_MOMO_SHORT
s100_m3_combo,BUY,2025-08-15 05:08:00+00:00,3347.1,3345.46,3351.2,2025-08-15 05:16:00+00:00,3345.46,SL,-2.09,1.64,-1.2744,5,S100_FVG_LONG
s100_m3_combo,BUY,2025-08-15 08:51:00+00:00,3341.36,3339.42,3346.23,2025-08-15 09:09:00+00:00,3339.42,SL,-2.39,1.94,-1.232,8,S100_FVG_LONG
s100_m3_combo,SELL,2025-08-15 13:33:00+00:00,3336.63,3338.99,3330.73,2025-08-15 14:05:00+00:00,3338.99,SL,-2.81,2.36,-1.1907,13,S100_OB_SHORT
s100_m3_combo,SELL,2025-08-15 14:34:00+00:00,3340.99,3342.7,3336.72,2025-08-15 14:39:00+00:00,3342.7,SL,-2.16,1.71,-1.2632,14,S100_OB_SHORT
s100_m3_combo,BUY,2025-08-18 01:59:00+00:00,3346.99,3345.34,3351.1,2025-08-18 02:06:00+00:00,3345.34,SL,-2.1,1.65,-1.2727,1,S100_RSI3_MOMO_LONG
s100_m3_combo,BUY,2025-08-18 03:06:00+00:00,3345.08,3343.52,3348.97,2025-08-18 03:45:00+00:00,3348.97,TP,3.44,1.56,2.2051,3,S100_FVG_LONG
s100_m3_combo,BUY,2025-08-18 07:23:00+00:00,3355.26,3353.59,3359.42,2025-08-18 07:25:00+00:00,3353.59,SL,-2.12,1.67,-1.2695,7,S100_RSI3_MOMO_LONG
s100_m3_combo,BUY,2025-08-18 07:26:00+00:00,3353.6,3351.97,3357.69,2025-08-18 07:31:00+00:00,3351.97,SL,-2.08,1.63,-1.2761,7,S100_FVG_LONG
s100_m3_combo,SELL,2025-08-18 13:14:00+00:00,3341.3,3343.05,3336.93,2025-08-18 13:23:00+00:00,3343.05,SL,-2.2,1.75,-1.2571,13,S100_RSI3_MOMO_SHORT
s100_m3_combo,SELL,2025-08-18 13:41:00+00:00,3339.62,3341.78,3334.24,2025-08-18 14:01:00+00:00,3334.24,TP,4.93,2.16,2.2824,13,S100_RSI3_MOMO_SHORT
s100_m3_combo,SELL,2025-08-19 01:08:00+00:00,3332.28,3333.81,3328.46,2025-08-19 01:20:00+00:00,3333.81,SL,-1.98,1.53,-1.2941,1,S100_RSI3_MOMO_SHORT
s100_m3_combo,SELL,2025-08-19 02:06:00+00:00,3331.53,3333.38,3326.88,2025-08-19 02:20:00+00:00,3333.38,SL,-2.3,1.85,-1.2432,2,S100_FVG_SHORT
s100_m3_combo,BUY,2025-08-19 02:55:00+00:00,3335.45,3333.78,3339.62,2025-08-19 03:06:00+00:00,3339.62,TP,3.72,1.67,2.2275,2,S100_FVG_LONG
s100_m3_combo,BUY,2025-08-19 07:13:00+00:00,3340.18,3338.34,3344.79,2025-08-19 07:33:00+00:00,3338.34,SL,-2.29,1.84,-1.2446,7,S100_FVG_LONG
s100_m3_combo,SELL,2025-08-19 13:15:00+00:00,3329.74,3332.48,3322.88,2025-08-19 13:16:00+00:00,3332.48,SL,-3.19,2.74,-1.1642,13,S100_FVG_SHORT
s100_m3_combo,SELL,2025-08-19 14:03:00+00:00,3335.41,3337.22,3330.9,2025-08-19 14:37:00+00:00,3330.9,TP,4.06,1.81,2.2431,14,S100_OB_SHORT
s100_m3_combo,SELL,2025-08-19 15:48:00+00:00,3323.78,3325.41,3319.7,2025-08-19 16:25:00+00:00,3319.7,TP,3.63,1.63,2.227,15,S100_FVG_SHORT
s100_m3_combo,SELL,2025-08-20 01:31:00+00:00,3312.89,3314.96,3307.73,2025-08-20 01:40:00+00:00,3314.96,SL,-2.52,2.07,-1.2174,1,S100_FVG_SHORT
s100_m3_combo,SELL,2025-08-20 02:46:00+00:00,3313.39,3315.13,3309.05,2025-08-20 03:03:00+00:00,3315.13,SL,-2.19,1.74,-1.2586,2,S100_OB_SHORT
s100_m3_combo,BUY,2025-08-20 14:01:00+00:00,3343.29,3340.9,3349.28,2025-08-20 14:08:00+00:00,3340.9,SL,-2.84,2.39,-1.1883,14,S100_OB_LONG
s100_m3_combo,BUY,2025-08-21 13:20:00+00:00,3344.56,3342.15,3350.58,2025-08-21 13:45:00+00:00,3342.15,SL,-2.86,2.41,-1.1867,13,S100_RSI3_MOMO_LONG
s100_m3_combo,BUY,2025-08-21 14:27:00+00:00,3344.92,3342.09,3351.98,2025-08-21 14:45:00+00:00,3342.09,SL,-3.28,2.83,-1.159,14,S100_OB_LONG
s100_m3_combo,BUY,2025-08-21 15:35:00+00:00,3343.59,3341.5,3348.82,2025-08-21 16:15:00+00:00,3341.5,SL,-2.54,2.09,-1.2153,15,S100_RSI3_MOMO_LONG
s100_m3_combo,SELL,2025-08-22 02:02:00+00:00,3334.75,3336.4,3330.62,2025-08-22 03:14:00+00:00,3332.635,TIME,1.665,1.65,1.0091,2,S100_FVG_SHORT
s100_m3_combo,SELL,2025-08-22 07:41:00+00:00,3329.69,3331.4,3325.41,2025-08-22 08:22:00+00:00,3325.41,TP,3.83,1.71,2.2398,7,S100_RSI3_MOMO_SHORT
s100_m3_combo,BUY,2025-08-22 14:29:00+00:00,3366.01,3360.05,3380.89,2025-08-22 15:41:00+00:00,3375.885,TIME,9.425,5.96,1.5814,14,S100_RSI3_MOMO_LONG
s100_m3_combo,BUY,2025-08-25 14:50:00+00:00,3375.24,3373.37,3379.91,2025-08-25 15:30:00+00:00,3373.37,SL,-2.32,1.87,-1.2406,14,S100_RSI3_MOMO_LONG
s100_m3_combo,BUY,2025-08-26 01:48:00+00:00,3375.97,3374.25,3380.26,2025-08-26 01:51:00+00:00,3374.25,SL,-2.17,1.72,-1.2616,1,S100_FVG_LONG
s100_m3_combo,BUY,2025-08-26 02:13:00+00:00,3376.8,3374.24,3383.22,2025-08-26 02:46:00+00:00,3374.24,SL,-3.01,2.56,-1.1758,2,S100_OB_LONG
s100_m3_combo,BUY,2025-08-26 07:38:00+00:00,3373.28,3371.53,3377.65,2025-08-26 07:44:00+00:00,3377.65,TP,3.92,1.75,2.24,7,S100_FVG_LONG
s100_m3_combo,BUY,2025-08-26 07:50:00+00:00,3378.39,3376.14,3384.03,2025-08-26 07:55:00+00:00,3376.14,SL,-2.7,2.25,-1.2,7,S100_RSI3_MOMO_LONG
s100_m3_combo,BUY,2025-08-26 07:55:00+00:00,3376.41,3374.09,3382.23,2025-08-26 09:07:00+00:00,3376.66,TIME,-0.2,2.32,-0.0862,7,S100_FVG_LONG
s100_m3_combo,SELL,2025-08-26 13:51:00+00:00,3374.79,3376.6,3370.27,2025-08-26 13:53:00+00:00,3376.6,SL,-2.26,1.81,-1.2486,13,S100_FVG_SHORT
s100_m3_combo,BUY,2025-08-26 14:53:00+00:00,3378.88,3376.95,3383.69,2025-08-26 15:26:00+00:00,3383.69,TP,4.36,1.93,2.2591,14,S100_RSI3_MOMO_LONG
s100_m3_combo,BUY,2025-08-27 01:49:00+00:00,3386.14,3384.48,3390.31,2025-08-27 02:35:00+00:00,3384.48,SL,-2.11,1.66,-1.2711,1,S100_FVG_LONG
s100_m3_combo,SELL,2025-08-28 01:32:00+00:00,3389.78,3392.32,3383.41,2025-08-28 02:44:00+00:00,3388.09,TIME,1.24,2.54,0.4882,1,S100_OB_SHORT
s100_m3_combo,BUY,2025-08-28 07:18:00+00:00,3396.1,3393.63,3402.26,2025-08-28 08:30:00+00:00,3395.89,TIME,-0.66,2.47,-0.2672,7,S100_OB_LONG
s100_m3_combo,BUY,2025-08-28 08:43:00+00:00,3398.93,3397.22,3403.19,2025-08-28 09:55:00+00:00,3400.155,TIME,0.775,1.71,0.4532,8,S100_FVG_LONG
s100_m3_combo,BUY,2025-08-28 13:28:00+00:00,3403.47,3401.44,3408.55,2025-08-28 13:50:00+00:00,3408.55,TP,4.63,2.03,2.2808,13,S100_FVG_LONG
s100_m3_combo,BUY,2025-08-28 15:53:00+00:00,3409.97,3408.01,3414.87,2025-08-28 16:20:00+00:00,3414.87,TP,4.45,1.96,2.2704,15,S100_RSI3_MOMO_LONG
s100_m3_combo,BUY,2025-08-29 13:26:00+00:00,3416.95,3414.16,3423.95,2025-08-29 13:38:00+00:00,3423.95,TP,6.55,2.79,2.3477,13,S100_OB_LONG
s100_m3_combo,BUY,2025-08-29 14:38:00+00:00,3439.68,3436.95,3446.52,2025-08-29 14:44:00+00:00,3436.95,SL,-3.18,2.73,-1.1648,14,S100_RSI3_MOMO_LONG
s100_m3_combo,BUY,2025-08-29 15:23:00+00:00,3444.47,3442.24,3450.04,2025-08-29 16:35:00+00:00,3447.32,TIME,2.4,2.23,1.0762,15,S100_FVG_LONG
s100_m3_combo,BUY,2025-09-01 02:32:00+00:00,3466.84,3461.63,3479.88,2025-09-01 02:56:00+00:00,3479.88,TP,12.59,5.21,2.4165,2,S100_RSI3_MOMO_LONG
s100_m3_combo,BUY,2025-09-01 03:03:00+00:00,3480.13,3475.97,3490.53,2025-09-01 03:06:00+00:00,3475.97,SL,-4.61,4.16,-1.1082,3,S100_FVG_LONG
s100_m3_combo,BUY,2025-09-01 05:30:00+00:00,3478.0,3475.92,3483.19,2025-09-01 05:40:00+00:00,3475.92,SL,-2.53,2.08,-1.2163,5,S100_OB_LONG
s100_m3_combo,BUY,2025-09-01 05:51:00+00:00,3479.51,3476.03,3488.18,2025-09-01 06:36:00+00:00,3488.18,TP,8.22,3.48,2.3621,5,S100_FVG_LONG
s100_m3_combo,BUY,2025-09-01 07:48:00+00:00,3471.11,3469.43,3475.31,2025-09-01 07:53:00+00:00,3475.31,TP,3.75,1.68,2.2321,7,S100_FVG_LONG
s100_m3_combo,BUY,2025-09-01 13:12:00+00:00,3476.08,3473.53,3482.44,2025-09-01 14:24:00+00:00,3479.045,TIME,2.515,2.55,0.9863,13,S100_FVG_LONG
s100_m3_combo,BUY,2025-09-01 14:57:00+00:00,3476.09,3474.11,3481.03,2025-09-01 15:48:00+00:00,3474.11,SL,-2.43,1.98,-1.2273,14,S100_OB_LONG
s100_m3_combo,BUY,2025-09-02 02:10:00+00:00,3497.89,3495.25,3504.49,2025-09-02 02:12:00+00:00,3495.25,SL,-3.09,2.64,-1.1705,2,S100_OB_LONG
s100_m3_combo,BUY,2025-09-02 03:02:00+00:00,3493.7,3491.8,3498.44,2025-09-02 03:17:00+00:00,3491.8,SL,-2.35,1.9,-1.2368,3,S100_OB_LONG
s100_m3_combo,BUY,2025-09-02 05:43:00+00:00,3495.69,3494.07,3499.75,2025-09-02 05:54:00+00:00,3494.07,SL,-2.07,1.62,-1.2778,5,S100_FVG_LONG
s100_m3_combo,BUY,2025-09-02 06:40:00+00:00,3488.32,3484.62,3497.58,2025-09-02 06:47:00+00:00,3484.62,SL,-4.15,3.7,-1.1216,6,S100_OB_LONG
s100_m3_combo,SELL,2025-09-02 07:57:00+00:00,3476.18,3479.18,3468.69,2025-09-02 08:35:00+00:00,3479.18,SL,-3.45,3.0,-1.15,7,S100_FVG_SHORT
s100_m3_combo,SELL,2025-09-02 13:09:00+00:00,3482.1,3485.26,3474.2,2025-09-02 13:13:00+00:00,3485.26,SL,-3.61,3.16,-1.1424,13,S100_OB_SHORT
s100_m3_combo,SELL,2025-09-02 13:33:00+00:00,3481.78,3486.0,3471.22,2025-09-02 13:35:00+00:00,3486.0,SL,-4.67,4.22,-1.1066,13,S100_OB_SHORT
s100_m3_combo,BUY,2025-09-02 14:00:00+00:00,3489.14,3486.76,3495.11,2025-09-02 14:07:00+00:00,3495.11,TP,5.52,2.38,2.3193,14,S100_FVG_LONG
s100_m3_combo,BUY,2025-09-02 14:11:00+00:00,3493.09,3489.25,3502.66,2025-09-02 14:25:00+00:00,3502.66,TP,9.12,3.84,2.375,14,S100_OB_LONG
s100_m3_combo,BUY,2025-09-02 14:30:00+00:00,3501.59,3498.76,3508.66,2025-09-02 14:31:00+00:00,3498.76,SL,-3.28,2.83,-1.159,14,S100_FVG_LONG
s100_m3_combo,BUY,2025-09-02 14:50:00+00:00,3508.88,3503.85,3521.43,2025-09-02 16:00:00+00:00,3521.43,TP,12.1,5.03,2.4056,14,S100_FVG_LONG
s100_m3_combo,BUY,2025-09-03 01:36:00+00:00,3539.87,3538.18,3544.09,2025-09-03 01:39:00+00:00,3538.18,SL,-2.14,1.69,-1.2663,1,S100_FVG_LONG
s100_m3_combo,BUY,2025-09-03 05:13:00+00:00,3536.15,3534.5,3540.27,2025-09-03 05:17:00+00:00,3534.5,SL,-2.1,1.65,-1.2727,5,S100_OB_LONG
s100_m3_combo,SELL,2025-09-03 07:22:00+00:00,3531.91,3534.64,3525.1,2025-09-03 07:32:00+00:00,3534.64,SL,-3.18,2.73,-1.1648,7,S100_FVG_SHORT
s100_m3_combo,BUY,2025-09-03 07:40:00+00:00,3534.43,3531.59,3541.5,2025-09-03 08:29:00+00:00,3541.5,TP,6.62,2.84,2.331,7,S100_FVG_LONG
s100_m3_combo,BUY,2025-09-03 13:00:00+00:00,3549.47,3547.13,3555.34,2025-09-03 13:07:00+00:00,3555.34,TP,5.42,2.34,2.3162,13,S100_FVG_LONG
s100_m3_combo,BUY,2025-09-03 14:27:00+00:00,3562.23,3560.25,3567.17,2025-09-03 14:33:00+00:00,3560.25,SL,-2.43,1.98,-1.2273,14,S100_FVG_LONG
s100_m3_combo,BUY,2025-09-03 15:16:00+00:00,3562.53,3560.17,3568.42,2025-09-03 16:28:00+00:00,3567.965,TIME,4.985,2.36,2.1123,15,S100_FVG_LONG
s100_m3_combo,SELL,2025-09-04 02:17:00+00:00,3542.32,3545.38,3534.69,2025-09-04 02:24:00+00:00,3545.38,SL,-3.51,3.06,-1.1471,2,S100_RSI3_MOMO_SHORT
s100_m3_combo,SELL,2025-09-04 02:26:00+00:00,3546.25,3549.67,3537.7,2025-09-04 02:40:00+00:00,3537.7,TP,8.1,3.42,2.3684,2,S100_OB_SHORT
s100_m3_combo,SELL,2025-09-04 02:44:00+00:00,3537.78,3540.95,3529.84,2025-09-04 02:50:00+00:00,3529.84,TP,7.49,3.17,2.3628,2,S100_RSI3_MOMO_SHORT
s100_m3_combo,SELL,2025-09-04 03:18:00+00:00,3521.53,3524.96,3512.98,2025-09-04 03:21:00+00:00,3524.96,SL,-3.88,3.43,-1.1312,3,S100_FVG_SHORT
s100_m3_combo,SELL,2025-09-04 05:54:00+00:00,3529.3,3532.09,3522.3,2025-09-04 06:13:00+00:00,3532.09,SL,-3.24,2.79,-1.1613,5,S100_FVG_SHORT
s100_m3_combo,BUY,2025-09-04 13:40:00+00:00,3554.74,3553.17,3558.67,2025-09-04 13:41:00+00:00,3553.17,SL,-2.02,1.57,-1.2866,13,S100_OB_LONG
s100_m3_combo,BUY,2025-09-04 14:44:00+00:00,3545.29,3541.56,3554.61,2025-09-04 14:48:00+00:00,3541.56,SL,-4.18,3.73,-1.1206,14,S100_RSI3_MOMO_LONG
s100_m3_combo,BUY,2025-09-04 15:11:00+00:00,3548.57,3546.0,3555.0,2025-09-04 15:22:00+00:00,3546.0,SL,-3.02,2.57,-1.1751,15,S100_RSI3_MOMO_LONG
s100_m3_combo,BUY,2025-09-04 15:47:00+00:00,3550.38,3548.33,3555.51,2025-09-04 16:21:00+00:00,3555.51,TP,4.68,2.05,2.2829,15,S100_RSI3_MOMO_LONG
s100_m3_combo,BUY,2025-09-05 03:17:00+00:00,3553.36,3550.42,3560.73,2025-09-05 04:29:00+00:00,3557.825,TIME,4.015,2.94,1.3656,3,S100_FVG_LONG
s100_m3_combo,SELL,2025-09-05 07:38:00+00:00,3547.84,3549.93,3542.63,2025-09-05 07:44:00+00:00,3549.93,SL,-2.54,2.09,-1.2153,7,S100_RSI3_MOMO_SHORT
s100_m3_combo,BUY,2025-09-05 13:20:00+00:00,3575.57,3573.53,3580.68,2025-09-05 13:22:00+00:00,3580.68,TP,4.66,2.04,2.2843,13,S100_OB_LONG
s100_m3_combo,BUY,2025-09-05 13:53:00+00:00,3590.26,3584.43,3604.84,2025-09-05 14:26:00+00:00,3584.43,SL,-6.28,5.83,-1.0772,13,S100_FVG_LONG
s100_m3_combo,BUY,2025-09-05 15:12:00+00:00,3584.76,3582.4,3590.68,2025-09-05 15:17:00+00:00,3582.4,SL,-2.81,2.36,-1.1907,15,S100_OB_LONG
s100_m3_combo,BUY,2025-09-05 15:38:00+00:00,3592.16,3589.07,3599.9,2025-09-05 16:24:00+00:00,3599.9,TP,7.29,3.09,2.3592,15,S100_RSI3_MOMO_LONG
s100_m3_combo,BUY,2025-09-08 01:00:00+00:00,3592.91,3590.93,3597.84,2025-09-08 01:06:00+00:00,3590.93,SL,-2.43,1.98,-1.2273,1,S100_FVG_LONG
s100_m3_combo,SELL,2025-09-08 02:19:00+00:00,3588.4,3591.33,3581.08,2025-09-08 02:30:00+00:00,3591.33,SL,-3.38,2.93,-1.1536,2,S100_FVG_SHORT
s100_m3_combo,SELL,2025-09-08 02:47:00+00:00,3589.28,3592.38,3581.52,2025-09-08 02:56:00+00:00,3592.38,SL,-3.55,3.1,-1.1452,2,S100_OB_SHORT
s100_m3_combo,SELL,2025-09-08 03:19:00+00:00,3588.47,3590.38,3583.69,2025-09-08 03:48:00+00:00,3583.69,TP,4.33,1.91,2.267,3,S100_FVG_SHORT
s100_m3_combo,BUY,2025-09-08 06:40:00+00:00,3594.63,3593.03,3598.64,2025-09-08 06:45:00+00:00,3598.64,TP,3.56,1.6,2.225,6,S100_OB_LONG
s100_m3_combo,BUY,2025-09-08 06:50:00+00:00,3595.61,3593.94,3599.76,2025-09-08 07:04:00+00:00,3599.76,TP,3.7,1.67,2.2156,6,S100_OB_LONG
s100_m3_combo,BUY,2025-09-08 07:24:00+00:00,3606.46,3604.48,3611.4,2025-09-08 07:32:00+00:00,3611.4,TP,4.49,1.98,2.2677,7,S100_FVG_LONG
s100_m3_combo,BUY,2025-09-08 07:44:00+00:00,3612.97,3610.39,3619.4,2025-09-08 07:47:00+00:00,3610.39,SL,-3.03,2.58,-1.1744,7,S100_RSI3_MOMO_LONG
s100_m3_combo,BUY,2025-09-08 07:48:00+00:00,3610.22,3608.56,3614.37,2025-09-08 07:49:00+00:00,3608.56,SL,-2.11,1.66,-1.2711,7,S100_FVG_LONG
s100_m3_combo,BUY,2025-09-08 08:26:00+00:00,3612.66,3610.38,3618.35,2025-09-08 08:57:00+00:00,3610.38,SL,-2.73,2.28,-1.1974,8,S100_FVG_LONG
s100_m3_combo,BUY,2025-09-08 13:04:00+00:00,3625.93,3623.78,3631.31,2025-09-08 13:06:00+00:00,3623.78,SL,-2.6,2.15,-1.2093,13,S100_OB_LONG
s100_m3_combo,BUY,2025-09-08 13:37:00+00:00,3624.03,3621.42,3630.55,2025-09-08 13:44:00+00:00,3630.55,TP,6.07,2.61,2.3257,13,S100_OB_LONG
s100_m3_combo,BUY,2025-09-08 14:10:00+00:00,3636.57,3630.98,3650.52,2025-09-08 14:21:00+00:00,3630.98,SL,-6.04,5.59,-1.0805,14,S100_OB_LONG
s100_m3_combo,BUY,2025-09-08 15:53:00+00:00,3639.91,3637.28,3646.47,2025-09-08 16:01:00+00:00,3637.28,SL,-3.08,2.63,-1.1711,15,S100_RSI3_MOMO_LONG
s100_m3_combo,BUY,2025-09-09 01:06:00+00:00,3640.19,3638.52,3644.37,2025-09-09 01:07:00+00:00,3638.52,SL,-2.12,1.67,-1.2695,1,S100_FVG_LONG
s100_m3_combo,BUY,2025-09-09 01:24:00+00:00,3642.45,3640.94,3646.23,2025-09-09 01:27:00+00:00,3640.94,SL,-1.96,1.51,-1.298,1,S100_FVG_LONG
s100_m3_combo,BUY,2025-09-09 03:06:00+00:00,3650.03,3647.93,3655.27,2025-09-09 03:09:00+00:00,3647.93,SL,-2.55,2.1,-1.2143,3,S100_FVG_LONG
s100_m3_combo,BUY,2025-09-09 04:51:00+00:00,3654.59,3652.95,3658.71,2025-09-09 05:19:00+00:00,3652.95,SL,-2.09,1.64,-1.2744,4,S100_FVG_LONG
s100_m3_combo,BUY,2025-09-09 06:45:00+00:00,3647.69,3643.11,3659.14,2025-09-09 07:53:00+00:00,3643.11,SL,-5.03,4.58,-1.0983,6,S100_FVG_LONG
s100_m3_combo,BUY,2025-09-09 13:30:00+00:00,3658.59,3654.88,3667.84,2025-09-09 13:56:00+00:00,3667.84,TP,8.8,3.71,2.372,13,S100_FVG_LONG
s100_m3_combo,BUY,2025-09-09 13:57:00+00:00,3667.05,3664.99,3672.17,2025-09-09 14:00:00+00:00,3672.17,TP,4.67,2.06,2.267,13,S100_OB_LONG
s100_m3_combo,SELL,2025-09-09 15:11:00+00:00,3640.74,3645.57,3628.66,2025-09-09 15:16:00+00:00,3628.66,TP,11.63,4.83,2.4079,15,S100_RSI3_MOMO_SHORT
s100_m3_combo,SELL,2025-09-09 15:21:00+00:00,3636.24,3641.06,3624.16,2025-09-09 15:27:00+00:00,3641.06,SL,-5.27,4.82,-1.0934,15,S100_FVG_SHORT
s100_m3_combo,SELL,2025-09-09 15:38:00+00:00,3640.18,3642.18,3635.2,2025-09-09 15:42:00+00:00,3642.18,SL,-2.45,2.0,-1.225,15,S100_OB_SHORT
s100_m3_combo,BUY,2025-09-10 07:49:00+00:00,3646.6,3644.68,3651.41,2025-09-10 07:58:00+00:00,3644.68,SL,-2.37,1.92,-1.2344,7,S100_OB_LONG
s100_m3_combo,BUY,2025-09-10 13:38:00+00:00,3649.9,3647.36,3656.26,2025-09-10 13:46:00+00:00,3647.36,SL,-2.99,2.54,-1.1772,13,S100_FVG_LONG
s100_m3_combo,BUY,2025-09-10 14:22:00+00:00,3653.34,3651.68,3657.5,2025-09-10 14:25:00+00:00,3651.68,SL,-2.11,1.66,-1.2711,14,S100_OB_LONG
s100_m3_combo,SELL,2025-09-10 15:28:00+00:00,3643.51,3646.88,3635.06,2025-09-10 15:37:00+00:00,3646.88,SL,-3.82,3.37,-1.1335,15,S100_FVG_SHORT
s100_m3_combo,BUY,2025-09-11 01:08:00+00:00,3645.85,3644.06,3650.32,2025-09-11 01:36:00+00:00,3644.06,SL,-2.24,1.79,-1.2514,1,S100_RSI3_MOMO_LONG
s100_m3_combo,SELL,2025-09-11 02:23:00+00:00,3639.45,3641.0,3635.57,2025-09-11 02:45:00+00:00,3635.57,TP,3.43,1.55,2.2129,2,S100_RSI3_MOMO_SHORT
s100_m3_combo,SELL,2025-09-11 05:34:00+00:00,3629.84,3631.55,3625.58,2025-09-11 05:35:00+00:00,3631.55,SL,-2.16,1.71,-1.2632,5,S100_OB_SHORT
s100_m3_combo,SELL,2025-09-11 07:06:00+00:00,3630.44,3632.59,3625.07,2025-09-11 07:19:00+00:00,3625.07,TP,4.92,2.15,2.2884,7,S100_FVG_SHORT
s100_m3_combo,SELL,2025-09-11 07:33:00+00:00,3626.3,3628.77,3620.12,2025-09-11 07:40:00+00:00,3628.77,SL,-2.92,2.47,-1.1822,7,S100_OB_SHORT
s100_m3_combo,BUY,2025-09-11 13:16:00+00:00,3630.18,3627.49,3636.91,2025-09-11 13:17:00+00:00,3627.49,SL,-3.14,2.69,-1.1673,13,S100_OB_LONG
s100_m3_combo,SELL,2025-09-11 13:36:00+00:00,3621.47,3626.87,3607.98,2025-09-11 13:42:00+00:00,3626.87,SL,-5.85,5.4,-1.0833,13,S100_OB_SHORT
s100_m3_combo,BUY,2025-09-11 14:20:00+00:00,3635.45,3631.75,3644.7,2025-09-11 14:35:00+00:00,3631.75,SL,-4.15,3.7,-1.1216,14,S100_RSI3_MOMO_LONG
s100_m3_combo,BUY,2025-09-11 15:09:00+00:00,3631.49,3629.07,3637.53,2025-09-11 15:21:00+00:00,3637.53,TP,5.59,2.42,2.3099,15,S100_FVG_LONG
s100_m3_combo,BUY,2025-09-12 01:16:00+00:00,3641.2,3639.24,3646.11,2025-09-12 01:18:00+00:00,3639.24,SL,-2.41,1.96,-1.2296,1,S100_FVG_LONG
s100_m3_combo,BUY,2025-09-12 02:26:00+00:00,3650.01,3648.11,3654.78,2025-09-12 02:37:00+00:00,3648.11,SL,-2.35,1.9,-1.2368,2,S100_RSI3_MOMO_LONG
s100_m3_combo,BUY,2025-09-12 02:55:00+00:00,3649.44,3647.68,3653.83,2025-09-12 03:03:00+00:00,3647.68,SL,-2.21,1.76,-1.2557,2,S100_FVG_LONG
s100_m3_combo,BUY,2025-09-12 08:09:00+00:00,3650.6,3648.7,3655.36,2025-09-12 08:10:00+00:00,3648.7,SL,-2.35,1.9,-1.2368,8,S100_FVG_LONG
s100_m3_combo,BUY,2025-09-12 13:46:00+00:00,3649.86,3647.93,3654.69,2025-09-12 13:47:00+00:00,3647.93,SL,-2.38,1.93,-1.2332,13,S100_OB_LONG
s100_m3_combo,BUY,2025-09-12 14:20:00+00:00,3653.36,3650.65,3660.15,2025-09-12 14:35:00+00:00,3650.65,SL,-3.16,2.71,-1.1661,14,S100_RSI3_MOMO_LONG
s100_m3_combo,SELL,2025-09-15 01:05:00+00:00,3629.38,3631.69,3623.61,2025-09-15 01:27:00+00:00,3631.69,SL,-2.76,2.31,-1.1948,1,S100_RSI3_MOMO_SHORT
s100_m3_combo,SELL,2025-09-15 03:05:00+00:00,3641.7,3643.27,3637.76,2025-09-15 03:13:00+00:00,3643.27,SL,-2.02,1.57,-1.2866,3,S100_OB_SHORT
s100_m3_combo,BUY,2025-09-15 05:00:00+00:00,3645.44,3643.93,3649.23,2025-09-15 05:09:00+00:00,3643.93,SL,-1.96,1.51,-1.298,5,S100_OB_LONG
s100_m3_combo,BUY,2025-09-15 05:24:00+00:00,3645.18,3643.08,3650.44,2025-09-15 06:00:00+00:00,3643.08,SL,-2.55,2.1,-1.2143,5,S100_FVG_LONG
s100_m3_combo,BUY,2025-09-16 02:58:00+00:00,3678.03,3675.89,3683.37,2025-09-16 04:10:00+00:00,3682.32,TIME,3.84,2.14,1.7944,2,S100_OB_LONG
s100_m3_combo,BUY,2025-09-16 06:51:00+00:00,3688.42,3686.55,3693.09,2025-09-16 06:57:00+00:00,3693.09,TP,4.22,1.87,2.2567,6,S100_OB_LONG
s100_m3_combo,BUY,2025-09-16 07:10:00+00:00,3691.61,3689.82,3696.06,2025-09-16 07:11:00+00:00,3689.82,SL,-2.24,1.79,-1.2514,7,S100_FVG_LONG
s100_m3_combo,BUY,2025-09-16 08:26:00+00:00,3694.1,3692.15,3698.97,2025-09-16 08:34:00+00:00,3692.15,SL,-2.4,1.95,-1.2308,8,S100_FVG_LONG
s100_m3_combo,BUY,2025-09-16 14:28:00+00:00,3695.78,3693.31,3701.96,2025-09-16 14:29:00+00:00,3693.31,SL,-2.92,2.47,-1.1822,14,S100_OB_LONG
s100_m3_combo,SELL,2025-09-16 15:11:00+00:00,3683.05,3686.46,3674.55,2025-09-16 15:20:00+00:00,3686.46,SL,-3.86,3.41,-1.132,15,S100_FVG_SHORT
s100_m3_combo,SELL,2025-09-16 15:46:00+00:00,3682.71,3684.51,3678.2,2025-09-16 15:48:00+00:00,3684.51,SL,-2.25,1.8,-1.25,15,S100_FVG_SHORT
s100_m3_combo,SELL,2025-09-17 01:44:00+00:00,3677.65,3680.07,3671.6,2025-09-17 01:47:00+00:00,3680.07,SL,-2.87,2.42,-1.186,1,S100_RSI3_MOMO_SHORT
s100_m3_combo,SELL,2025-09-17 02:27:00+00:00,3678.18,3681.62,3669.58,2025-09-17 02:48:00+00:00,3681.62,SL,-3.89,3.44,-1.1308,2,S100_OB_SHORT
s100_m3_combo,SELL,2025-09-17 05:32:00+00:00,3679.28,3681.05,3674.84,2025-09-17 06:11:00+00:00,3674.84,TP,3.99,1.77,2.2542,5,S100_RSI3_MOMO_SHORT
s100_m3_combo,SELL,2025-09-17 07:21:00+00:00,3671.47,3673.96,3665.27,2025-09-17 08:02:00+00:00,3665.27,TP,5.75,2.49,2.3092,7,S100_FVG_SHORT
s100_m3_combo,SELL,2025-09-17 08:57:00+00:00,3664.23,3666.63,3658.22,2025-09-17 09:10:00+00:00,3666.63,SL,-2.85,2.4,-1.1875,8,S100_OB_SHORT
s100_m3_combo,BUY,2025-09-17 13:39:00+00:00,3680.41,3677.94,3686.57,2025-09-17 13:46:00+00:00,3677.94,SL,-2.92,2.47,-1.1822,13,S100_FVG_LONG
s100_m3_combo,BUY,2025-09-17 14:11:00+00:00,3681.62,3678.95,3688.3,2025-09-17 15:23:00+00:00,3686.065,TIME,3.995,2.67,1.4963,14,S100_RSI3_MOMO_LONG
s100_m3_combo,SELL,2025-09-18 01:26:00+00:00,3656.43,3658.73,3650.7,2025-09-18 02:06:00+00:00,3658.73,SL,-2.75,2.3,-1.1957,1,S100_FVG_SHORT
s100_m3_combo,SELL,2025-09-18 05:44:00+00:00,3654.34,3656.17,3649.78,2025-09-18 05:54:00+00:00,3649.78,TP,4.11,1.83,2.2459,5,S100_FVG_SHORT
s100_m3_combo,SELL,2025-09-18 05:59:00+00:00,3651.44,3653.44,3646.44,2025-09-18 06:03:00+00:00,3646.44,TP,4.55,2.0,2.275,5,S100_RSI3_MOMO_SHORT
s100_m3_combo,SELL,2025-09-18 06:16:00+00:00,3638.68,3641.77,3630.97,2025-09-18 07:06:00+00:00,3641.77,SL,-3.54,3.09,-1.1456,6,S100_FVG_SHORT
s100_m3_combo,SELL,2025-09-18 13:50:00+00:00,3638.22,3643.89,3624.03,2025-09-18 14:00:00+00:00,3643.89,SL,-6.12,5.67,-1.0794,13,S100_FVG_SHORT
s100_m3_combo,SELL,2025-09-18 14:19:00+00:00,3639.61,3643.45,3630.0,2025-09-18 14:38:00+00:00,3643.45,SL,-4.29,3.84,-1.1172,14,S100_OB_SHORT
s100_m3_combo,SELL,2025-09-18 15:20:00+00:00,3642.16,3646.0,3632.59,2025-09-18 16:32:00+00:00,3643.87,TIME,-2.16,3.84,-0.5625,15,S100_OB_SHORT
s100_m3_combo,BUY,2025-09-19 04:38:00+00:00,3657.93,3655.12,3664.94,2025-09-19 05:35:00+00:00,3655.12,SL,-3.26,2.81,-1.1601,4,S100_FVG_LONG
s100_m3_combo,BUY,2025-09-19 06:30:00+00:00,3650.14,3648.12,3655.18,2025-09-19 06:33:00+00:00,3648.12,SL,-2.47,2.02,-1.2228,6,S100_FVG_LONG
s100_m3_combo,BUY,2025-09-19 07:54:00+00:00,3655.26,3653.73,3659.06,2025-09-19 08:00:00+00:00,3653.73,SL,-1.98,1.53,-1.2941,7,S100_FVG_LONG
s100_m3_combo,BUY,2025-09-19 08:38:00+00:00,3654.47,3652.86,3658.49,2025-09-19 09:19:00+00:00,3658.49,TP,3.57,1.61,2.2174,8,S100_FVG_LONG
s100_m3_combo,BUY,2025-09-19 13:35:00+00:00,3657.69,3654.73,3665.09,2025-09-19 13:40:00+00:00,3654.73,SL,-3.41,2.96,-1.152,13,S100_RSI3_MOMO_LONG
s100_m3_combo,BUY,2025-09-19 14:03:00+00:00,3661.68,3660.14,3665.54,2025-09-19 14:05:00+00:00,3660.14,SL,-1.99,1.54,-1.2922,14,S100_FVG_LONG
s100_m3_combo,BUY,2025-09-19 14:33:00+00:00,3663.49,3660.84,3670.1,2025-09-19 15:04:00+00:00,3670.1,TP,6.16,2.65,2.3245,14,S100_FVG_LONG
s100_m3_combo,BUY,2025-09-19 15:25:00+00:00,3673.97,3672.45,3677.74,2025-09-19 15:26:00+00:00,3672.45,SL,-1.97,1.52,-1.2961,15,S100_FVG_LONG
s100_m3_combo,BUY,2025-09-22 01:19:00+00:00,3692.78,3690.68,3698.06,2025-09-22 01:27:00+00:00,3690.68,SL,-2.55,2.1,-1.2143,1,S100_FVG_LONG
s100_m3_combo,BUY,2025-09-22 06:12:00+00:00,3699.44,3697.91,3703.26,2025-09-22 06:25:00+00:00,3703.26,TP,3.37,1.53,2.2026,6,S100_FVG_LONG
s100_m3_combo,BUY,2025-09-22 07:34:00+00:00,3713.04,3710.73,3718.81,2025-09-22 08:08:00+00:00,3718.81,TP,5.32,2.31,2.303,7,S100_FVG_LONG
s100_m3_combo,BUY,2025-09-22 08:49:00+00:00,3720.99,3719.04,3725.84,2025-09-22 09:23:00+00:00,3725.84,TP,4.4,1.95,2.2564,8,S100_FVG_LONG
s100_m3_combo,BUY,2025-09-22 13:05:00+00:00,3723.07,3719.98,3730.78,2025-09-22 13:33:00+00:00,3719.98,SL,-3.54,3.09,-1.1456,13,S100_RSI3_MOMO_LONG
s100_m3_combo,BUY,2025-09-22 14:03:00+00:00,3719.36,3716.46,3726.64,2025-09-22 15:07:00+00:00,3726.64,TP,6.83,2.9,2.3552,14,S100_FVG_LONG
s100_m3_combo,BUY,2025-09-22 15:08:00+00:00,3727.25,3724.66,3733.73,2025-09-22 15:16:00+00:00,3724.66,SL,-3.04,2.59,-1.1737,15,S100_RSI3_MOMO_LONG
s100_m3_combo,BUY,2025-09-22 15:37:00+00:00,3731.19,3729.02,3736.63,2025-09-22 16:02:00+00:00,3736.63,TP,4.99,2.17,2.2995,15,S100_FVG_LONG
s100_m3_combo,BUY,2025-09-23 01:49:00+00:00,3756.23,3753.52,3762.99,2025-09-23 02:02:00+00:00,3753.52,SL,-3.16,2.71,-1.1661,1,S100_FVG_LONG
s100_m3_combo,BUY,2025-09-23 03:01:00+00:00,3740.97,3738.36,3747.52,2025-09-23 04:01:00+00:00,3747.52,TP,6.1,2.61,2.3372,3,S100_OB_LONG
s100_m3_combo,BUY,2025-09-23 06:26:00+00:00,3756.62,3754.21,3762.64,2025-09-23 06:35:00+00:00,3754.21,SL,-2.86,2.41,-1.1867,6,S100_RSI3_MOMO_LONG
s100_m3_combo,BUY,2025-09-23 08:21:00+00:00,3757.17,3755.27,3761.91,2025-09-23 08:31:00+00:00,3761.91,TP,4.29,1.9,2.2579,8,S100_FVG_LONG
s100_m3_combo,BUY,2025-09-23 08:52:00+00:00,3771.95,3769.9,3777.08,2025-09-23 09:03:00+00:00,3777.08,TP,4.68,2.05,2.2829,8,S100_FVG_LONG
s100_m3_combo,BUY,2025-09-23 14:00:00+00:00,3782.22,3777.84,3793.17,2025-09-23 14:05:00+00:00,3777.84,SL,-4.83,4.38,-1.1027,14,S100_FVG_LONG
s100_m3_combo,BUY,2025-09-23 14:37:00+00:00,3773.71,3771.57,3779.06,2025-09-23 14:38:00+00:00,3771.57,SL,-2.59,2.14,-1.2103,14,S100_FVG_LONG
s100_m3_combo,BUY,2025-09-23 14:52:00+00:00,3773.32,3771.65,3777.47,2025-09-23 15:12:00+00:00,3777.47,TP,3.7,1.67,2.2156,14,S100_OB_LONG
s100_m3_combo,BUY,2025-09-23 15:21:00+00:00,3778.59,3776.03,3784.97,2025-09-23 15:50:00+00:00,3776.03,SL,-3.01,2.56,-1.1758,15,S100_FVG_LONG
s100_m3_combo,SELL,2025-09-24 01:26:00+00:00,3759.38,3762.2,3752.33,2025-09-24 02:22:00+00:00,3752.33,TP,6.6,2.82,2.3404,1,S100_RSI3_MOMO_SHORT
s100_m3_combo,SELL,2025-09-24 03:10:00+00:00,3757.54,3759.41,3752.87,2025-09-24 03:17:00+00:00,3759.41,SL,-2.32,1.87,-1.2406,3,S100_OB_SHORT
s100_m3_combo,SELL,2025-09-24 04:31:00+00:00,3765.66,3767.21,3761.77,2025-09-24 04:39:00+00:00,3767.21,SL,-2.0,1.55,-1.2903,4,S100_FVG_SHORT
s100_m3_combo,BUY,2025-09-24 05:18:00+00:00,3770.07,3768.0,3775.27,2025-09-24 05:36:00+00:00,3775.27,TP,4.75,2.07,2.2947,5,S100_OB_LONG
s100_m3_combo,BUY,2025-09-24 06:54:00+00:00,3774.28,3772.54,3778.61,2025-09-24 06:55:00+00:00,3772.54,SL,-2.19,1.74,-1.2586,6,S100_FVG_LONG
s100_m3_combo,BUY,2025-09-24 07:12:00+00:00,3773.78,3772.05,3778.13,2025-09-24 07:39:00+00:00,3778.13,TP,3.9,1.73,2.2543,7,S100_FVG_LONG
s100_m3_combo,BUY,2025-09-24 07:39:00+00:00,3777.8,3775.94,3782.43,2025-09-24 08:02:00+00:00,3775.94,SL,-2.31,1.86,-1.2419,7,S100_RSI3_MOMO_LONG
s100_m3_combo,SELL,2025-09-24 14:15:00+00:00,3761.25,3764.82,3752.33,2025-09-24 14:50:00+00:00,3752.33,TP,8.47,3.57,2.3725,14,S100_OB_SHORT
s100_m3_combo,BUY,2025-09-25 01:28:00+00:00,3745.62,3743.29,3751.44,2025-09-25 01:30:00+00:00,3743.29,SL,-2.78,2.33,-1.1931,1,S100_FVG_LONG
s100_m3_combo,SELL,2025-09-25 02:02:00+00:00,3734.13,3737.04,3726.86,2025-09-25 02:30:00+00:00,3737.04,SL,-3.36,2.91,-1.1546,2,S100_RSI3_MOMO_SHORT
s100_m3_combo,SELL,2025-09-25 02:30:00+00:00,3738.05,3739.78,3733.72,2025-09-25 02:35:00+00:00,3739.78,SL,-2.18,1.73,-1.2601,2,S100_FVG_SHORT
s100_m3_combo,SELL,2025-09-25 02:57:00+00:00,3738.3,3740.23,3733.48,2025-09-25 04:02:00+00:00,3733.48,TP,4.37,1.93,2.2642,2,S100_FVG_SHORT
s100_m3_combo,BUY,2025-09-25 07:10:00+00:00,3741.75,3739.85,3746.5,2025-09-25 07:33:00+00:00,3746.5,TP,4.3,1.9,2.2632,7,S100_OB_LONG
s100_m3_combo,BUY,2025-09-25 07:33:00+00:00,3745.86,3743.78,3751.06,2025-09-25 07:38:00+00:00,3751.06,TP,4.75,2.08,2.2837,7,S100_RSI3_MOMO_LONG
s100_m3_combo,BUY,2025-09-25 07:52:00+00:00,3752.72,3751.16,3756.64,2025-09-25 07:53:00+00:00,3751.16,SL,-2.01,1.56,-1.2885,7,S100_FVG_LONG
s100_m3_combo,BUY,2025-09-25 08:03:00+00:00,3754.73,3750.56,3765.15,2025-09-25 09:15:00+00:00,3756.22,TIME,1.04,4.17,0.2494,8,S100_OB_LONG
s100_m3_combo,SELL,2025-09-25 14:11:00+00:00,3729.74,3732.14,3723.75,2025-09-25 14:18:00+00:00,3732.14,SL,-2.85,2.4,-1.1875,14,S100_OB_SHORT
s100_m3_combo,SELL,2025-09-25 14:50:00+00:00,3725.36,3729.28,3715.56,2025-09-25 14:56:00+00:00,3729.28,SL,-4.37,3.92,-1.1148,14,S100_RSI3_MOMO_SHORT
s100_m3_combo,SELL,2025-09-25 14:57:00+00:00,3732.37,3734.54,3726.94,2025-09-25 15:13:00+00:00,3734.54,SL,-2.62,2.17,-1.2074,14,S100_OB_SHORT
s100_m3_combo,BUY,2025-09-26 01:09:00+00:00,3749.75,3747.92,3754.33,2025-09-26 01:10:00+00:00,3747.92,SL,-2.28,1.83,-1.2459,1,S100_OB_LONG
s100_m3_combo,SELL,2025-09-26 02:55:00+00:00,3741.05,3742.86,3736.5,2025-09-26 03:00:00+00:00,3736.5,TP,4.1,1.81,2.2652,2,S100_OB_SHORT
s100_m3_combo,SELL,2025-09-26 03:04:00+00:00,3738.64,3740.31,3734.44,2025-09-26 03:15:00+00:00,3734.44,TP,3.75,1.67,2.2455,3,S100_FVG_SHORT
s100_m3_combo,BUY,2025-09-26 06:22:00+00:00,3751.13,3748.8,3756.96,2025-09-26 06:40:00+00:00,3748.8,SL,-2.78,2.33,-1.1931,6,S100_FVG_LONG
s100_m3_combo,BUY,2025-09-26 13:20:00+00:00,3760.18,3755.05,3772.98,2025-09-26 13:24:00+00:00,3755.05,SL,-5.58,5.13,-1.0877,13,S100_FVG_LONG
s100_m3_combo,BUY,2025-09-26 13:36:00+00:00,3757.8,3754.08,3767.11,2025-09-26 13:40:00+00:00,3754.08,SL,-4.17,3.72,-1.121,13,S100_OB_LONG
s100_m3_combo,BUY,2025-09-26 14:29:00+00:00,3777.69,3775.58,3782.96,2025-09-26 14:43:00+00:00,3775.58,SL,-2.56,2.11,-1.2133,14,S100_OB_LONG
s100_m3_combo,BUY,2025-09-26 15:01:00+00:00,3776.75,3773.01,3786.09,2025-09-26 15:11:00+00:00,3773.01,SL,-4.19,3.74,-1.1203,15,S100_OB_LONG
s100_m3_combo,BUY,2025-09-26 15:27:00+00:00,3776.86,3774.68,3782.33,2025-09-26 16:16:00+00:00,3774.68,SL,-2.63,2.18,-1.2064,15,S100_OB_LONG
s100_m3_combo,BUY,2025-09-29 01:52:00+00:00,3773.93,3771.64,3779.66,2025-09-29 02:00:00+00:00,3779.66,TP,5.28,2.29,2.3057,1,S100_OB_LONG
s100_m3_combo,BUY,2025-09-29 02:00:00+00:00,3778.72,3774.26,3789.85,2025-09-29 02:19:00+00:00,3789.85,TP,10.68,4.46,2.3946,2,S100_RSI3_MOMO_LONG
s100_m3_combo,BUY,2025-09-29 02:24:00+00:00,3792.99,3787.92,3805.65,2025-09-29 03:36:00+00:00,3796.57,TIME,3.13,5.07,0.6174,2,S100_FVG_LONG
s100_m3_combo,BUY,2025-09-29 04:15:00+00:00,3794.49,3792.58,3799.27,2025-09-29 04:24:00+00:00,3799.27,TP,4.33,1.91,2.267,4,S100_OB_LONG
s100_m3_combo,BUY,2025-09-29 04:45:00+00:00,3804.12,3801.98,3809.48,2025-09-29 05:05:00+00:00,3809.48,TP,4.91,2.14,2.2944,4,S100_FVG_LONG
s100_m3_combo,BUY,2025-09-29 06:18:00+00:00,3816.07,3814.3,3820.49,2025-09-29 06:19:00+00:00,3814.3,SL,-2.22,1.77,-1.2542,6,S100_FVG_LONG
s100_m3_combo,BUY,2025-09-29 06:45:00+00:00,3816.76,3815.14,3820.81,2025-09-29 06:48:00+00:00,3815.14,SL,-2.07,1.62,-1.2778,6,S100_OB_LONG
s100_m3_combo,BUY,2025-09-29 08:39:00+00:00,3814.93,3813.14,3819.38,2025-09-29 08:53:00+00:00,3819.38,TP,4.0,1.79,2.2346,8,S100_FVG_LONG
s100_m3_combo,BUY,2025-09-29 13:14:00+00:00,3817.19,3813.74,3825.82,2025-09-29 13:38:00+00:00,3825.82,TP,8.18,3.45,2.371,13,S100_RSI3_MOMO_LONG
s100_m3_combo,BUY,2025-09-29 14:03:00+00:00,3823.48,3819.84,3832.58,2025-09-29 14:19:00+00:00,3819.84,SL,-4.09,3.64,-1.1236,14,S100_OB_LONG
s100_m3_combo,BUY,2025-09-29 14:31:00+00:00,3825.58,3822.81,3832.5,2025-09-29 15:04:00+00:00,3832.5,TP,6.47,2.77,2.3357,14,S100_FVG_LONG
s100_m3_combo,BUY,2025-09-29 15:27:00+00:00,3828.14,3825.83,3833.92,2025-09-29 15:34:00+00:00,3825.83,SL,-2.76,2.31,-1.1948,15,S100_FVG_LONG
s100_m3_combo,BUY,2025-09-30 01:30:00+00:00,3843.22,3841.66,3847.14,2025-09-30 01:32:00+00:00,3847.14,TP,3.47,1.56,2.2244,1,S100_OB_LONG
s100_m3_combo,BUY,2025-09-30 01:49:00+00:00,3846.19,3843.68,3852.45,2025-09-30 02:25:00+00:00,3843.68,SL,-2.96,2.51,-1.1793,1,S100_OB_LONG
s100_m3_combo,BUY,2025-09-30 03:48:00+00:00,3863.68,3861.49,3869.18,2025-09-30 05:00:00+00:00,3867.22,TIME,3.09,2.19,1.411,3,S100_FVG_LONG
s100_m3_combo,BUY,2025-09-30 05:21:00+00:00,3867.72,3866.17,3871.59,2025-09-30 05:32:00+00:00,3866.17,SL,-2.0,1.55,-1.2903,5,S100_FVG_LONG
s100_m3_combo,BUY,2025-09-30 05:54:00+00:00,3868.95,3865.59,3877.38,2025-09-30 06:15:00+00:00,3865.59,SL,-3.81,3.36,-1.1339,5,S100_OB_LONG
s100_m3_combo,BUY,2025-09-30 06:38:00+00:00,3869.47,3866.23,3877.56,2025-09-30 06:48:00+00:00,3866.23,SL,-3.69,3.24,-1.1389,6,S100_FVG_LONG
s100_m3_combo,SELL,2025-09-30 08:26:00+00:00,3832.03,3836.16,3821.71,2025-09-30 08:30:00+00:00,3821.71,TP,9.87,4.13,2.3898,8,S100_FVG_SHORT
s100_m3_combo,SELL,2025-09-30 08:43:00+00:00,3816.05,3818.94,3808.82,2025-09-30 08:46:00+00:00,3818.94,SL,-3.34,2.89,-1.1557,8,S100_OB_SHORT
s100_m3_combo,SELL,2025-09-30 13:27:00+00:00,3815.34,3817.57,3809.75,2025-09-30 13:32:00+00:00,3817.57,SL,-2.68,2.23,-1.2018,13,S100_FVG_SHORT
s100_m3_combo,BUY,2025-09-30 14:51:00+00:00,3846.53,3844.74,3851.0,2025-09-30 14:53:00+00:00,3851.0,TP,4.02,1.79,2.2458,14,S100_OB_LONG
s100_m3_combo,BUY,2025-09-30 15:00:00+00:00,3851.86,3849.57,3857.59,2025-09-30 15:02:00+00:00,3849.57,SL,-2.74,2.29,-1.1965,15,S100_FVG_LONG
s100_m3_combo,BUY,2025-10-01 02:02:00+00:00,3869.83,3868.33,3873.58,2025-10-01 02:05:00+00:00,3873.58,TP,3.3,1.5,2.2,2,S100_RSI3_MOMO_LONG
s100_m3_combo,BUY,2025-10-01 02:12:00+00:00,3871.51,3869.96,3875.41,2025-10-01 02:14:00+00:00,3869.96,SL,-2.0,1.55,-1.2903,2,S100_FVG_LONG
s100_m3_combo,BUY,2025-10-01 06:28:00+00:00,3858.3,3855.38,3865.59,2025-10-01 07:12:00+00:00,3865.59,TP,6.84,2.92,2.3425,6,S100_OB_LONG
s100_m3_combo,BUY,2025-10-01 08:24:00+00:00,3892.66,3889.65,3900.18,2025-10-01 08:32:00+00:00,3889.65,SL,-3.46,3.01,-1.1495,8,S100_FVG_LONG
s100_m3_combo,SELL,2025-10-01 13:53:00+00:00,3872.51,3875.47,3865.1,2025-10-01 14:04:00+00:00,3875.47,SL,-3.41,2.96,-1.152,13,S100_OB_SHORT
s100_m3_combo,SELL,2025-10-01 15:26:00+00:00,3861.71,3867.99,3846.01,2025-10-01 15:52:00+00:00,3867.99,SL,-6.73,6.28,-1.0717,15,S100_RSI3_MOMO_SHORT
s100_m3_combo,BUY,2025-10-02 05:17:00+00:00,3868.47,3866.88,3872.44,2025-10-02 05:35:00+00:00,3866.88,SL,-2.04,1.59,-1.283,5,S100_RSI3_MOMO_LONG
s100_m3_combo,BUY,2025-10-02 07:08:00+00:00,3872.77,3870.13,3879.37,2025-10-02 07:23:00+00:00,3870.13,SL,-3.09,2.64,-1.1705,7,S100_RSI3_MOMO_LONG
s100_m3_combo,BUY,2025-10-02 07:27:00+00:00,3866.75,3863.77,3874.21,2025-10-02 07:29:00+00:00,3863.77,SL,-3.43,2.98,-1.151,7,S100_FVG_LONG
s100_m3_combo,BUY,2025-10-02 07:54:00+00:00,3866.9,3865.31,3870.87,2025-10-02 08:05:00+00:00,3865.31,SL,-2.04,1.59,-1.283,7,S100_FVG_LONG
s100_m3_combo,BUY,2025-10-02 08:40:00+00:00,3872.5,3870.86,3876.59,2025-10-02 08:49:00+00:00,3876.59,TP,3.64,1.64,2.2195,8,S100_OB_LONG
s100_m3_combo,BUY,2025-10-02 08:56:00+00:00,3878.19,3876.01,3883.64,2025-10-02 08:59:00+00:00,3876.01,SL,-2.63,2.18,-1.2064,8,S100_RSI3_MOMO_LONG
s100_m3_combo,SELL,2025-10-02 15:22:00+00:00,3835.38,3838.32,3828.02,2025-10-02 15:27:00+00:00,3838.32,SL,-3.39,2.94,-1.1531,15,S100_OB_SHORT
s100_m3_combo,SELL,2025-10-02 15:43:00+00:00,3832.85,3837.61,3820.94,2025-10-02 16:12:00+00:00,3837.61,SL,-5.21,4.76,-1.0945,15,S100_OB_SHORT
s100_m3_combo,SELL,2025-10-03 01:30:00+00:00,3852.86,3854.65,3848.39,2025-10-03 01:33:00+00:00,3848.39,TP,4.02,1.79,2.2458,1,S100_FVG_SHORT
s100_m3_combo,SELL,2025-10-03 01:35:00+00:00,3849.19,3852.1,3841.92,2025-10-03 01:39:00+00:00,3852.1,SL,-3.36,2.91,-1.1546,1,S100_RSI3_MOMO_SHORT
s100_m3_combo,BUY,2025-10-03 07:44:00+00:00,3864.48,3862.7,3868.93,2025-10-03 08:10:00+00:00,3862.7,SL,-2.23,1.78,-1.2528,7,S100_RSI3_MOMO_LONG
s100_m3_combo,BUY,2025-10-03 13:03:00+00:00,3873.47,3871.06,3879.49,2025-10-03 13:05:00+00:00,3871.06,SL,-2.86,2.41,-1.1867,13,S100_FVG_LONG
s100_m3_combo,BUY,2025-10-03 13:20:00+00:00,3879.93,3877.15,3886.88,2025-10-03 13:31:00+00:00,3877.15,SL,-3.23,2.78,-1.1619,13,S100_RSI3_MOMO_LONG
s100_m3_combo,BUY,2025-10-03 15:29:00+00:00,3887.8,3883.77,3897.86,2025-10-03 16:16:00+00:00,3883.77,SL,-4.48,4.03,-1.1117,15,S100_RSI3_MOMO_LONG
s100_m3_combo,BUY,2025-10-06 01:17:00+00:00,3906.98,3904.34,3913.58,2025-10-06 01:19:00+00:00,3904.34,SL,-3.09,2.64,-1.1705,1,S100_RSI3_MOMO_LONG
s100_m3_combo,BUY,2025-10-06 01:20:00+00:00,3905.01,3901.82,3912.96,2025-10-06 01:21:00+00:00,3901.82,SL,-3.64,3.19,-1.1411,1,S100_FVG_LONG
s100_m3_combo,BUY,2025-10-06 02:10:00+00:00,3921.32,3917.91,3929.82,2025-10-06 03:22:00+00:00,3922.205,TIME,0.435,3.41,0.1276,2,S100_FVG_LONG
s100_m3_combo,BUY,2025-10-06 05:13:00+00:00,3942.6,3940.38,3948.16,2025-10-06 05:14:00+00:00,3940.38,SL,-2.67,2.22,-1.2027,5,S100_FVG_LONG
s100_m3_combo,BUY,2025-10-06 06:51:00+00:00,3932.27,3927.86,3943.3,2025-10-06 07:57:00+00:00,3943.3,TP,10.58,4.41,2.3991,6,S100_FVG_LONG
s100_m3_combo,BUY,2025-10-06 08:57:00+00:00,3944.4,3940.81,3953.36,2025-10-06 09:24:00+00:00,3940.81,SL,-4.04,3.59,-1.1253,8,S100_FVG_LONG
s100_m3_combo,BUY,2025-10-06 13:21:00+00:00,3935.65,3933.71,3940.49,2025-10-06 13:25:00+00:00,3933.71,SL,-2.39,1.94,-1.232,13,S100_OB_LONG
s100_m3_combo,BUY,2025-10-06 13:47:00+00:00,3941.34,3938.5,3948.43,2025-10-06 14:03:00+00:00,3948.43,TP,6.64,2.84,2.338,13,S100_FVG_LONG
s100_m3_combo,BUY,2025-10-06 14:03:00+00:00,3946.05,3942.81,3954.16,2025-10-06 14:06:00+00:00,3942.81,SL,-3.69,3.24,-1.1389,14,S100_OB_LONG
s100_m3_combo,BUY,2025-10-06 15:09:00+00:00,3951.38,3949.15,3956.94,2025-10-06 15:15:00+00:00,3956.94,TP,5.11,2.23,2.2915,15,S100_FVG_LONG
s100_m3_combo,BUY,2025-10-06 15:48:00+00:00,3956.32,3954.46,3960.98,2025-10-06 15:55:00+00:00,3960.98,TP,4.21,1.86,2.2634,15,S100_FVG_LONG
s100_m3_combo,BUY,2025-10-06 15:55:00+00:00,3958.42,3955.65,3965.35,2025-10-06 16:06:00+00:00,3965.35,TP,6.48,2.77,2.3394,15,S100_RSI3_MOMO_LONG
s100_m3_combo,BUY,2025-10-07 01:20:00+00:00,3960.11,3956.45,3969.24,2025-10-07 01:39:00+00:00,3956.45,SL,-4.11,3.66,-1.123,1,S100_OB_LONG
s100_m3_combo,BUY,2025-10-07 02:32:00+00:00,3965.18,3963.29,3969.92,2025-10-07 03:00:00+00:00,3963.29,SL,-2.34,1.89,-1.2381,2,S100_RSI3_MOMO_LONG
s100_m3_combo,BUY,2025-10-07 03:21:00+00:00,3967.92,3965.63,3973.64,2025-10-07 03:22:00+00:00,3965.63,SL,-2.74,2.29,-1.1965,3,S100_FVG_LONG
s100_m3_combo,BUY,2025-10-07 05:39:00+00:00,3963.59,3960.73,3970.75,2025-10-07 05:51:00+00:00,3960.73,SL,-3.31,2.86,-1.1573,5,S100_OB_LONG
s100_m3_combo,BUY,2025-10-07 06:01:00+00:00,3962.13,3960.4,3966.46,2025-10-07 06:05:00+00:00,3960.4,SL,-2.18,1.73,-1.2601,6,S100_OB_LONG
s100_m3_combo,SELL,2025-10-07 06:38:00+00:00,3960.76,3963.39,3954.2,2025-10-07 06:56:00+00:00,3954.2,TP,6.11,2.63,2.3232,6,S100_RSI3_MOMO_SHORT
s100_m3_combo,SELL,2025-10-07 06:56:00+00:00,3955.34,3958.19,3948.23,2025-10-07 07:20:00+00:00,3948.23,TP,6.66,2.85,2.3368,6,S100_RSI3_MOMO_SHORT
s100_m3_combo,SELL,2025-10-07 07:25:00+00:00,3948.38,3950.61,3942.8,2025-10-07 07:26:00+00:00,3950.61,SL,-2.68,2.23,-1.2018,7,S100_FVG_SHORT
s100_m3_combo,SELL,2025-10-07 07:48:00+00:00,3951.57,3954.84,3943.4,2025-10-07 07:58:00+00:00,3943.4,TP,7.72,3.27,2.3609,7,S100_FVG_SHORT
s100_m3_combo,SELL,2025-10-07 07:58:00+00:00,3946.06,3949.68,3937.01,2025-10-07 08:19:00+00:00,3949.68,SL,-4.07,3.62,-1.1243,7,S100_RSI3_MOMO_SHORT
s100_m3_combo,BUY,2025-10-07 13:14:00+00:00,3983.42,3980.52,3990.67,2025-10-07 13:22:00+00:00,3980.52,SL,-3.35,2.9,-1.1552,13,S100_RSI3_MOMO_LONG
s100_m3_combo,BUY,2025-10-07 13:52:00+00:00,3978.86,3974.11,3990.71,2025-10-07 14:05:00+00:00,3974.11,SL,-5.2,4.75,-1.0947,13,S100_FVG_LONG
s100_m3_combo,BUY,2025-10-07 15:36:00+00:00,3982.32,3980.12,3987.8,2025-10-07 15:39:00+00:00,3980.12,SL,-2.65,2.2,-1.2045,15,S100_OB_LONG
s100_m3_combo,BUY,2025-10-08 01:35:00+00:00,3993.5,3989.49,4003.52,2025-10-08 02:13:00+00:00,4003.52,TP,9.57,4.01,2.3865,1,S100_FVG_LONG
s100_m3_combo,BUY,2025-10-08 02:18:00+00:00,4002.26,4000.25,4007.26,2025-10-08 02:37:00+00:00,4007.26,TP,4.55,2.01,2.2637,2,S100_FVG_LONG
s100_m3_combo,BUY,2025-10-08 03:51:00+00:00,4014.53,4012.89,4018.62,2025-10-08 03:52:00+00:00,4012.89,SL,-2.09,1.64,-1.2744,3,S100_FVG_LONG
s100_m3_combo,BUY,2025-10-08 05:07:00+00:00,4026.81,4024.28,4033.12,2025-10-08 05:23:00+00:00,4033.12,TP,5.86,2.53,2.3162,5,S100_OB_LONG
s100_m3_combo,BUY,2025-10-08 06:38:00+00:00,4030.67,4027.09,4039.62,2025-10-08 07:50:00+00:00,4036.035,TIME,4.915,3.58,1.3729,6,S100_RSI3_MOMO_LONG
s100_m3_combo,BUY,2025-10-08 08:10:00+00:00,4038.18,4036.35,4042.73,2025-10-08 08:14:00+00:00,4036.35,SL,-2.28,1.83,-1.2459,8,S100_FVG_LONG
s100_m3_combo,BUY,2025-10-08 08:25:00+00:00,4039.25,4037.37,4043.96,2025-10-08 08:37:00+00:00,4037.37,SL,-2.33,1.88,-1.2394,8,S100_FVG_LONG
s100_m3_combo,BUY,2025-10-08 14:06:00+00:00,4037.03,4034.13,4044.27,2025-10-08 14:14:00+00:00,4044.27,TP,6.79,2.9,2.3414,14,S100_OB_LONG
s100_m3_combo,BUY,2025-10-08 14:31:00+00:00,4043.41,4041.12,4049.14,2025-10-08 14:34:00+00:00,4041.12,SL,-2.74,2.29,-1.1965,14,S100_FVG_LONG
s100_m3_combo,BUY,2025-10-08 15:02:00+00:00,4048.82,4045.35,4057.5,2025-10-08 15:06:00+00:00,4045.35,SL,-3.92,3.47,-1.1297,15,S100_RSI3_MOMO_LONG
s100_m3_combo,BUY,2025-10-08 15:06:00+00:00,4045.22,4043.63,4049.21,2025-10-08 15:07:00+00:00,4049.21,TP,3.54,1.59,2.2264,15,S100_OB_LONG
s100_m3_combo,BUY,2025-10-08 15:44:00+00:00,4046.71,4044.77,4051.56,2025-10-08 16:03:00+00:00,4044.77,SL,-2.39,1.94,-1.232,15,S100_FVG_LONG
s100_m3_combo,SELL,2025-10-09 01:11:00+00:00,4017.91,4023.31,4004.43,2025-10-09 01:15:00+00:00,4023.31,SL,-5.85,5.4,-1.0833,1,S100_FVG_SHORT
s100_m3_combo,SELL,2025-10-09 02:08:00+00:00,4014.84,4017.9,4007.2,2025-10-09 02:17:00+00:00,4007.2,TP,7.19,3.06,2.3497,2,S100_FVG_SHORT
s100_m3_combo,SELL,2025-10-09 02:20:00+00:00,4012.74,4014.7,4007.84,2025-10-09 02:24:00+00:00,4014.7,SL,-2.41,1.96,-1.2296,2,S100_OB_SHORT
s100_m3_combo,SELL,2025-10-09 02:36:00+00:00,4012.15,4014.19,4007.05,2025-10-09 02:37:00+00:00,4014.19,SL,-2.49,2.04,-1.2206,2,S100_OB_SHORT
s100_m3_combo,BUY,2025-10-09 05:15:00+00:00,4038.22,4035.43,4045.2,2025-10-09 05:42:00+00:00,4035.43,SL,-3.24,2.79,-1.1613,5,S100_OB_LONG
s100_m3_combo,BUY,2025-10-09 06:00:00+00:00,4039.36,4037.48,4044.03,2025-10-09 06:07:00+00:00,4037.48,SL,-2.33,1.88,-1.2394,6,S100_FVG_LONG
s100_m3_combo,BUY,2025-10-09 08:21:00+00:00,4034.3,4032.08,4039.83,2025-10-09 08:38:00+00:00,4039.83,TP,5.08,2.22,2.2883,8,S100_FVG_LONG
s100_m3_combo,BUY,2025-10-09 13:05:00+00:00,4054.1,4050.27,4063.67,2025-10-09 13:16:00+00:00,4050.27,SL,-4.28,3.83,-1.1175,13,S100_RSI3_MOMO_LONG
s100_m3_combo,BUY,2025-10-09 13:34:00+00:00,4046.66,4043.64,4054.19,2025-10-09 13:38:00+00:00,4043.64,SL,-3.47,3.02,-1.149,13,S100_OB_LONG
s100_m3_combo,SELL,2025-10-09 14:52:00+00:00,4023.95,4028.31,4013.04,2025-10-09 14:53:00+00:00,4028.31,SL,-4.81,4.36,-1.1032,14,S100_OB_SHORT
s100_m3_combo,SELL,2025-10-10 01:45:00+00:00,3977.52,3979.19,3973.36,2025-10-10 01:47:00+00:00,3979.19,SL,-2.12,1.67,-1.2695,1,S100_OB_SHORT
s100_m3_combo,SELL,2025-10-10 02:47:00+00:00,3984.51,3986.65,3979.16,2025-10-10 02:55:00+00:00,3979.16,TP,4.9,2.14,2.2897,2,S100_OB_SHORT
s100_m3_combo,SELL,2025-10-10 03:13:00+00:00,3973.88,3975.66,3969.42,2025-10-10 03:24:00+00:00,3969.42,TP,4.01,1.78,2.2528,3,S100_OB_SHORT
s100_m3_combo,SELL,2025-10-10 03:30:00+00:00,3972.05,3974.93,3964.86,2025-10-10 03:44:00+00:00,3964.86,TP,6.74,2.88,2.3403,3,S100_OB_SHORT
s100_m3_combo,SELL,2025-10-10 04:33:00+00:00,3961.89,3965.6,3952.62,2025-10-10 04:49:00+00:00,3965.6,SL,-4.16,3.71,-1.1213,4,S100_OB_SHORT
s100_m3_combo,SELL,2025-10-10 05:30:00+00:00,3973.89,3976.52,3967.32,2025-10-10 05:36:00+00:00,3967.32,TP,6.12,2.63,2.327,5,S100_OB_SHORT
s100_m3_combo,SELL,2025-10-10 05:39:00+00:00,3969.22,3972.67,3960.59,2025-10-10 05:44:00+00:00,3972.67,SL,-3.9,3.45,-1.1304,5,S100_FVG_SHORT
s100_m3_combo,SELL,2025-10-10 06:21:00+00:00,3972.53,3975.62,3964.81,2025-10-10 06:37:00+00:00,3975.62,SL,-3.54,3.09,-1.1456,6,S100_OB_SHORT
s100_m3_combo,SELL,2025-10-10 06:57:00+00:00,3968.46,3972.35,3958.73,2025-10-10 07:06:00+00:00,3958.73,TP,9.28,3.89,2.3856,6,S100_FVG_SHORT
s100_m3_combo,SELL,2025-10-10 07:12:00+00:00,3957.26,3960.31,3949.66,2025-10-10 07:18:00+00:00,3960.31,SL,-3.5,3.05,-1.1475,7,S100_FVG_SHORT
s100_m3_combo,BUY,2025-10-10 08:16:00+00:00,3985.69,3981.12,3997.12,2025-10-10 09:08:00+00:00,3997.12,TP,10.98,4.57,2.4026,8,S100_FVG_LONG
s100_m3_combo,BUY,2025-10-10 13:23:00+00:00,3990.78,3986.66,4001.1,2025-10-10 13:48:00+00:00,3986.66,SL,-4.57,4.12,-1.1092,13,S100_RSI3_MOMO_LONG
s100_m3_combo,SELL,2025-10-10 14:37:00+00:00,3983.43,3986.68,3975.3,2025-10-10 14:38:00+00:00,3986.68,SL,-3.7,3.25,-1.1385,14,S100_OB_SHORT
s100_m3_combo,BUY,2025-10-10 14:55:00+00:00,3985.6,3983.08,3991.9,2025-10-10 14:58:00+00:00,3991.9,TP,5.85,2.52,2.3214,14,S100_FVG_LONG
s100_m3_combo,BUY,2025-10-10 15:03:00+00:00,3990.09,3986.93,3998.0,2025-10-10 15:05:00+00:00,3998.0,TP,7.46,3.16,2.3608,15,S100_FVG_LONG
s100_m3_combo,BUY,2025-10-10 15:12:00+00:00,4002.44,3996.31,4017.76,2025-10-10 15:26:00+00:00,4017.76,TP,14.87,6.13,2.4258,15,S100_FVG_LONG
s100_m3_combo,BUY,2025-10-10 15:33:00+00:00,4019.68,4015.07,4031.19,2025-10-10 15:34:00+00:00,4015.07,SL,-5.06,4.61,-1.0976,15,S100_OB_LONG
s100_m3_combo,BUY,2025-10-13 01:14:00+00:00,4044.14,4037.62,4060.47,2025-10-13 02:26:00+00:00,4048.88,TIME,4.29,6.52,0.658,1,S100_OB_LONG
s100_m3_combo,BUY,2025-10-13 02:43:00+00:00,4048.61,4045.74,4055.78,2025-10-13 02:50:00+00:00,4045.74,SL,-3.32,2.87,-1.1568,2,S100_OB_LONG
s100_m3_combo,BUY,2025-10-13 03:41:00+00:00,4054.41,4052.0,4060.42,2025-10-13 03:47:00+00:00,4052.0,SL,-2.86,2.41,-1.1867,3,S100_RSI3_MOMO_LONG
s100_m3_combo,BUY,2025-10-13 03:47:00+00:00,4051.89,4050.29,4055.89,2025-10-13 03:50:00+00:00,4050.29,SL,-2.05,1.6,-1.2813,3,S100_OB_LONG
s100_m3_combo,BUY,2025-10-13 04:20:00+00:00,4054.05,4052.5,4057.9,2025-10-13 04:33:00+00:00,4057.9,TP,3.4,1.55,2.1935,4,S100_OB_LONG
s100_m3_combo,BUY,2025-10-13 04:38:00+00:00,4058.45,4056.29,4063.87,2025-10-13 04:42:00+00:00,4056.29,SL,-2.61,2.16,-1.2083,4,S100_RSI3_MOMO_LONG
s100_m3_combo,BUY,2025-10-13 05:41:00+00:00,4077.18,4073.18,4087.2,2025-10-13 05:45:00+00:00,4073.18,SL,-4.45,4.0,-1.1125,5,S100_RSI3_MOMO_LONG
s100_m3_combo,BUY,2025-10-13 06:33:00+00:00,4070.78,4067.4,4079.22,2025-10-13 06:41:00+00:00,4067.4,SL,-3.83,3.38,-1.1331,6,S100_OB_LONG
s100_m3_combo,BUY,2025-10-13 07:16:00+00:00,4069.45,4066.76,4076.17,2025-10-13 07:27:00+00:00,4076.17,TP,6.27,2.69,2.3309,7,S100_OB_LONG
s100_m3_combo,BUY,2025-10-13 07:30:00+00:00,4073.34,4070.55,4080.33,2025-10-13 07:31:00+00:00,4070.55,SL,-3.24,2.79,-1.1613,7,S100_FVG_LONG
s100_m3_combo,BUY,2025-10-13 08:12:00+00:00,4074.02,4071.51,4080.3,2025-10-13 08:18:00+00:00,4071.51,SL,-2.96,2.51,-1.1793,8,S100_FVG_LONG
s100_m3_combo,BUY,2025-10-13 13:00:00+00:00,4079.55,4076.84,4086.31,2025-10-13 13:10:00+00:00,4086.31,TP,6.31,2.71,2.3284,13,S100_FVG_LONG
s100_m3_combo,BUY,2025-10-13 13:30:00+00:00,4090.66,4087.96,4097.39,2025-10-13 13:31:00+00:00,4087.96,SL,-3.15,2.7,-1.1667,13,S100_FVG_LONG
s100_m3_combo,BUY,2025-10-13 13:57:00+00:00,4092.66,4089.99,4099.35,2025-10-13 14:38:00+00:00,4099.35,TP,6.24,2.67,2.3371,13,S100_FVG_LONG
s100_m3_combo,BUY,2025-10-13 14:48:00+00:00,4099.17,4095.65,4107.96,2025-10-13 15:06:00+00:00,4095.65,SL,-3.97,3.52,-1.1278,14,S100_OB_LONG
s100_m3_combo,BUY,2025-10-13 15:21:00+00:00,4098.98,4097.18,4103.47,2025-10-13 15:26:00+00:00,4097.18,SL,-2.25,1.8,-1.25,15,S100_FVG_LONG
s100_m3_combo,BUY,2025-10-14 01:30:00+00:00,4146.57,4142.21,4157.49,2025-10-14 01:33:00+00:00,4142.21,SL,-4.81,4.36,-1.1032,1,S100_FVG_LONG
s100_m3_combo,BUY,2025-10-14 02:57:00+00:00,4147.48,4143.62,4157.1,2025-10-14 03:16:00+00:00,4157.1,TP,9.17,3.86,2.3756,2,S100_OB_LONG
s100_m3_combo,BUY,2025-10-14 03:42:00+00:00,4161.0,4159.49,4164.77,2025-10-14 03:51:00+00:00,4164.77,TP,3.32,1.51,2.1987,3,S100_FVG_LONG
s100_m3_combo,BUY,2025-10-14 03:54:00+00:00,4164.57,4162.7,4169.27,2025-10-14 03:55:00+00:00,4162.7,SL,-2.32,1.87,-1.2406,3,S100_FVG_LONG
s100_m3_combo,BUY,2025-10-14 04:15:00+00:00,4164.9,4163.24,4169.07,2025-10-14 04:17:00+00:00,4163.24,SL,-2.11,1.66,-1.2711,4,S100_OB_LONG
s100_m3_combo,BUY,2025-10-14 04:30:00+00:00,4163.38,4160.9,4169.56,2025-10-14 04:36:00+00:00,4160.9,SL,-2.93,2.48,-1.1815,4,S100_FVG_LONG
s100_m3_combo,BUY,2025-10-14 05:01:00+00:00,4166.1,4162.76,4174.43,2025-10-14 05:07:00+00:00,4174.43,TP,7.88,3.34,2.3593,5,S100_FVG_LONG
s100_m3_combo,BUY,2025-10-14 05:32:00+00:00,4174.1,4170.48,4183.16,2025-10-14 05:35:00+00:00,4170.48,SL,-4.07,3.62,-1.1243,5,S100_FVG_LONG
s100_m3_combo,SELL,2025-10-14 06:26:00+00:00,4111.31,4118.44,4093.5,2025-10-14 06:45:00+00:00,4093.5,TP,17.36,7.13,2.4348,6,S100_OB_SHORT
s100_m3_combo,SELL,2025-10-14 07:35:00+00:00,4123.37,4127.7,4112.54,2025-10-14 08:00:00+00:00,4127.7,SL,-4.78,4.33,-1.1039,7,S100_OB_SHORT
s100_m3_combo,BUY,2025-10-14 08:32:00+00:00,4140.02,4138.09,4144.84,2025-10-14 08:34:00+00:00,4138.09,SL,-2.38,1.93,-1.2332,8,S100_OB_LONG
s100_m3_combo,BUY,2025-10-14 08:59:00+00:00,4143.95,4139.76,4154.42,2025-10-14 09:00:00+00:00,4139.76,SL,-4.64,4.19,-1.1074,8,S100_RSI3_MOMO_LONG
s100_m3_combo,SELL,2025-10-14 13:04:00+00:00,4105.1,4107.68,4098.64,2025-10-14 13:05:00+00:00,4107.68,SL,-3.03,2.58,-1.1744,13,S100_OB_SHORT
s100_m3_combo,SELL,2025-10-14 14:55:00+00:00,4130.72,4134.07,4122.34,2025-10-14 15:04:00+00:00,4134.07,SL,-3.8,3.35,-1.1343,14,S100_OB_SHORT
s100_m3_combo,BUY,2025-10-14 15:19:00+00:00,4137.95,4134.86,4145.69,2025-10-14 15:54:00+00:00,4134.86,SL,-3.54,3.09,-1.1456,15,S100_FVG_LONG
s100_m3_combo,BUY,2025-10-15 01:10:00+00:00,4176.51,4169.2,4194.78,2025-10-15 02:22:00+00:00,4182.46,TIME,5.5,7.31,0.7524,1,S100_FVG_LONG
s100_m3_combo,BUY,2025-10-15 02:22:00+00:00,4182.46,4180.39,4187.63,2025-10-15 02:27:00+00:00,4180.39,SL,-2.52,2.07,-1.2174,2,S100_FVG_LONG
s100_m3_combo,BUY,2025-10-15 02:55:00+00:00,4173.61,4169.77,4183.21,2025-10-15 03:11:00+00:00,4183.21,TP,9.15,3.84,2.3828,2,S100_OB_LONG
s100_m3_combo,BUY,2025-10-15 03:15:00+00:00,4183.58,4180.71,4190.77,2025-10-15 03:18:00+00:00,4180.71,SL,-3.32,2.87,-1.1568,3,S100_FVG_LONG
s100_m3_combo,BUY,2025-10-15 03:55:00+00:00,4188.06,4184.93,4195.87,2025-10-15 04:03:00+00:00,4184.93,SL,-3.58,3.13,-1.1438,3,S100_FVG_LONG
s100_m3_combo,BUY,2025-10-15 05:23:00+00:00,4191.16,4188.22,4198.51,2025-10-15 05:31:00+00:00,4188.22,SL,-3.39,2.94,-1.1531,5,S100_RSI3_MOMO_LONG
s100_m3_combo,BUY,2025-10-15 06:17:00+00:00,4189.22,4186.63,4195.68,2025-10-15 06:46:00+00:00,4195.68,TP,6.01,2.59,2.3205,6,S100_FVG_LONG
s100_m3_combo,BUY,2025-10-15 08:22:00+00:00,4216.34,4212.45,4226.04,2025-10-15 08:26:00+00:00,4212.45,SL,-4.34,3.89,-1.1157,8,S100_OB_LONG
s100_m3_combo,BUY,2025-10-15 08:36:00+00:00,4214.44,4212.14,4220.18,2025-10-15 08:58:00+00:00,4212.14,SL,-2.75,2.3,-1.1957,8,S100_FVG_LONG
s100_m3_combo,SELL,2025-10-15 13:30:00+00:00,4195.56,4197.53,4190.61,2025-10-15 13:31:00+00:00,4190.61,TP,4.5,1.97,2.2843,13,S100_OB_SHORT
s100_m3_combo,SELL,2025-10-15 13:39:00+00:00,4193.84,4195.55,4189.56,2025-10-15 13:41:00+00:00,4195.55,SL,-2.16,1.71,-1.2632,13,S100_OB_SHORT
s100_m3_combo,BUY,2025-10-15 14:15:00+00:00,4208.34,4204.91,4216.93,2025-10-15 14:16:00+00:00,4204.91,SL,-3.88,3.43,-1.1312,14,S100_FVG_LONG
s100_m3_combo,SELL,2025-10-15 15:54:00+00:00,4188.31,4194.34,4173.23,2025-10-15 16:08:00+00:00,4194.34,SL,-6.48,6.03,-1.0746,15,S100_FVG_SHORT
s100_m3_combo,BUY,2025-10-16 02:14:00+00:00,4234.69,4231.41,4242.91,2025-10-16 02:30:00+00:00,4231.41,SL,-3.73,3.28,-1.1372,2,S100_RSI3_MOMO_LONG
s100_m3_combo,BUY,2025-10-16 02:32:00+00:00,4228.46,4223.13,4241.78,2025-10-16 03:07:00+00:00,4241.78,TP,12.87,5.33,2.4146,2,S100_OB_LONG
s100_m3_combo,BUY,2025-10-16 04:39:00+00:00,4237.1,4235.6,4240.85,2025-10-16 04:40:00+00:00,4235.6,SL,-1.95,1.5,-1.3,4,S100_FVG_LONG
s100_m3_combo,SELL,2025-10-16 05:49:00+00:00,4209.38,4212.88,4200.6,2025-10-16 06:04:00+00:00,4212.88,SL,-3.95,3.5,-1.1286,5,S100_OB_SHORT
s100_m3_combo,SELL,2025-10-16 06:44:00+00:00,4218.66,4222.94,4207.96,2025-10-16 06:59:00+00:00,4222.94,SL,-4.73,4.28,-1.1051,6,S100_RSI3_MOMO_SHORT
s100_m3_combo,BUY,2025-10-16 07:37:00+00:00,4229.03,4226.42,4235.56,2025-10-16 07:57:00+00:00,4226.42,SL,-3.06,2.61,-1.1724,7,S100_FVG_LONG
s100_m3_combo,BUY,2025-10-16 13:14:00+00:00,4245.85,4239.66,4261.33,2025-10-16 14:06:00+00:00,4261.33,TP,15.03,6.19,2.4281,13,S100_RSI3_MOMO_LONG
s100_m3_combo,BUY,2025-10-16 14:11:00+00:00,4262.52,4256.62,4277.27,2025-10-16 14:26:00+00:00,4256.62,SL,-6.35,5.9,-1.0763,14,S100_RSI3_MOMO_LONG
s100_m3_combo,BUY,2025-10-16 14:26:00+00:00,4258.75,4254.75,4268.76,2025-10-16 14:46:00+00:00,4254.75,SL,-4.45,4.0,-1.1125,14,S100_FVG_LONG
s100_m3_combo,BUY,2025-10-16 15:12:00+00:00,4267.34,4264.75,4273.81,2025-10-16 15:52:00+00:00,4273.81,TP,6.02,2.59,2.3243,15,S100_FVG_LONG
s100_m3_combo,BUY,2025-10-16 15:57:00+00:00,4272.3,4270.21,4277.54,2025-10-16 16:03:00+00:00,4270.21,SL,-2.54,2.09,-1.2153,15,S100_FVG_LONG
s100_m3_combo,BUY,2025-10-17 02:35:00+00:00,4339.26,4329.66,4363.26,2025-10-17 03:47:00+00:00,4356.665,TIME,16.955,9.6,1.7661,2,S100_RSI3_MOMO_LONG
s100_m3_combo,BUY,2025-10-17 04:10:00+00:00,4372.77,4366.17,4389.24,2025-10-17 04:16:00+00:00,4366.17,SL,-7.05,6.6,-1.0682,4,S100_FVG_LONG
s100_m3_combo,BUY,2025-10-17 04:40:00+00:00,4361.24,4357.55,4370.47,2025-10-17 04:54:00+00:00,4370.47,TP,8.78,3.69,2.3794,4,S100_OB_LONG
s100_m3_combo,BUY,2025-10-17 06:50:00+00:00,4361.79,4358.57,4369.84,2025-10-17 06:57:00+00:00,4358.57,SL,-3.67,3.22,-1.1398,6,S100_FVG_LONG
s100_m3_combo,BUY,2025-10-17 07:43:00+00:00,4338.32,4333.44,4350.51,2025-10-17 07:53:00+00:00,4333.44,SL,-5.33,4.88,-1.0922,7,S100_OB_LONG
s100_m3_combo,SELL,2025-10-17 08:00:00+00:00,4345.7,4348.64,4338.37,2025-10-17 08:02:00+00:00,4338.37,TP,6.88,2.94,2.3401,8,S100_OB_SHORT
s100_m3_combo,SELL,2025-10-17 08:11:00+00:00,4332.16,4338.06,4317.44,2025-10-17 08:15:00+00:00,4338.06,SL,-6.35,5.9,-1.0763,8,S100_FVG_SHORT
s100_m3_combo,SELL,2025-10-17 08:44:00+00:00,4346.4,4348.41,4341.4,2025-10-17 08:50:00+00:00,4348.41,SL,-2.46,2.01,-1.2239,8,S100_OB_SHORT
s100_m3_combo,SELL,2025-10-17 08:57:00+00:00,4344.14,4349.75,4330.09,2025-10-17 10:09:00+00:00,4338.97,TIME,4.72,5.61,0.8414,8,S100_OB_SHORT
s100_m3_combo,SELL,2025-10-17 13:07:00+00:00,4307.27,4315.92,4285.65,2025-10-17 13:15:00+00:00,4315.92,SL,-9.1,8.65,-1.052,13,S100_FVG_SHORT
s100_m3_combo,SELL,2025-10-17 14:10:00+00:00,4245.97,4258.77,4213.95,2025-10-17 14:39:00+00:00,4258.77,SL,-13.25,12.8,-1.0352,14,S100_FVG_SHORT
s100_m3_combo,SELL,2025-10-17 15:31:00+00:00,4251.53,4258.04,4235.27,2025-10-17 15:35:00+00:00,4258.04,SL,-6.96,6.51,-1.0691,15,S100_OB_SHORT
s100_m3_combo,SELL,2025-10-17 15:52:00+00:00,4249.11,4253.81,4237.35,2025-10-17 15:59:00+00:00,4237.35,TP,11.31,4.7,2.4064,15,S100_FVG_SHORT
s100_m3_combo,SELL,2025-10-20 01:10:00+00:00,4240.19,4249.25,4217.57,2025-10-20 01:11:00+00:00,4249.25,SL,-9.51,9.06,-1.0497,1,S100_FVG_SHORT
s100_m3_combo,BUY,2025-10-20 01:52:00+00:00,4266.33,4261.77,4277.74,2025-10-20 01:53:00+00:00,4261.77,SL,-5.01,4.56,-1.0987,1,S100_OB_LONG
s100_m3_combo,BUY,2025-10-20 02:40:00+00:00,4262.65,4260.02,4269.2,2025-10-20 02:45:00+00:00,4260.02,SL,-3.08,2.63,-1.1711,2,S100_OB_LONG
s100_m3_combo,BUY,2025-10-20 03:25:00+00:00,4259.99,4257.12,4267.17,2025-10-20 03:28:00+00:00,4257.12,SL,-3.32,2.87,-1.1568,3,S100_FVG_LONG
s100_m3_combo,BUY,2025-10-20 03:45:00+00:00,4255.02,4252.19,4262.1,2025-10-20 03:52:00+00:00,4262.1,TP,6.63,2.83,2.3428,3,S100_FVG_LONG
s100_m3_combo,BUY,2025-10-20 04:03:00+00:00,4262.48,4258.09,4273.47,2025-10-20 05:15:00+00:00,4262.945,TIME,0.015,4.39,0.0034,4,S100_FVG_LONG
s100_m3_combo,SELL,2025-10-20 06:24:00+00:00,4237.48,4244.51,4219.89,2025-10-20 07:08:00+00:00,4244.51,SL,-7.48,7.03,-1.064,6,S100_FVG_SHORT
s100_m3_combo,SELL,2025-10-20 07:42:00+00:00,4258.18,4259.78,4254.17,2025-10-20 07:43:00+00:00,4259.78,SL,-2.05,1.6,-1.2813,7,S100_OB_SHORT
s100_m3_combo,BUY,2025-10-20 07:48:00+00:00,4258.15,4255.29,4265.29,2025-10-20 07:50:00+00:00,4255.29,SL,-3.31,2.86,-1.1573,7,S100_FVG_LONG
s100_m3_combo,BUY,2025-10-20 08:37:00+00:00,4260.19,4257.62,4266.6,2025-10-20 08:44:00+00:00,4257.62,SL,-3.02,2.57,-1.1751,8,S100_OB_LONG
s100_m3_combo,BUY,2025-10-20 14:26:00+00:00,4326.4,4320.86,4340.25,2025-10-20 14:34:00+00:00,4320.86,SL,-5.99,5.54,-1.0812,14,S100_FVG_LONG
s100_m3_combo,BUY,2025-10-20 15:22:00+00:00,4350.12,4346.9,4358.17,2025-10-20 15:24:00+00:00,4346.9,SL,-3.67,3.22,-1.1398,15,S100_FVG_LONG
s100_m3_combo,SELL,2025-10-21 03:08:00+00:00,4346.31,4350.95,4334.7,2025-10-21 04:20:00+00:00,4344.035,TIME,1.825,4.64,0.3933,3,S100_FVG_SHORT
s100_m3_combo,SELL,2025-10-21 04:42:00+00:00,4340.6,4343.0,4334.61,2025-10-21 04:56:00+00:00,4343.0,SL,-2.85,2.4,-1.1875,4,S100_OB_SHORT
s100_m3_combo,SELL,2025-10-21 05:17:00+00:00,4333.61,4336.91,4325.36,2025-10-21 05:32:00+00:00,4325.36,TP,7.8,3.3,2.3636,5,S100_RSI3_MOMO_SHORT
s100_m3_combo,SELL,2025-10-21 05:47:00+00:00,4328.07,4333.51,4314.5,2025-10-21 06:41:00+00:00,4333.51,SL,-5.89,5.44,-1.0827,5,S100_FVG_SHORT
s100_m3_combo,SELL,2025-10-21 07:10:00+00:00,4334.37,4340.06,4320.15,2025-10-21 07:32:00+00:00,4320.15,TP,13.77,5.69,2.42,7,S100_OB_SHORT
s100_m3_combo,SELL,2025-10-21 08:09:00+00:00,4279.39,4289.55,4254.0,2025-10-21 08:13:00+00:00,4254.0,TP,24.94,10.16,2.4547,8,S100_FVG_SHORT
s100_m3_combo,SELL,2025-10-21 08:18:00+00:00,4261.35,4274.82,4227.7,2025-10-21 09:00:00+00:00,4274.82,SL,-13.92,13.47,-1.0334,8,S100_FVG_SHORT
s100_m3_combo,SELL,2025-10-21 13:06:00+00:00,4206.62,4212.07,4193.01,2025-10-21 13:12:00+00:00,4193.01,TP,13.16,5.45,2.4147,13,S100_FVG_SHORT
s100_m3_combo,SELL,2025-10-21 13:58:00+00:00,4181.35,4190.13,4159.39,2025-10-21 14:20:00+00:00,4159.39,TP,21.51,8.78,2.4499,13,S100_FVG_SHORT
s100_m3_combo,SELL,2025-10-21 14:58:00+00:00,4128.05,4132.81,4116.14,2025-10-21 14:59:00+00:00,4132.81,SL,-5.21,4.76,-1.0945,14,S100_OB_SHORT
s100_m3_combo,SELL,2025-10-21 15:42:00+00:00,4136.56,4152.9,4095.72,2025-10-21 16:54:00+00:00,4122.9,TIME,13.21,16.34,0.8084,15,S100_OB_SHORT
s100_m3_combo,SELL,2025-10-22 01:47:00+00:00,4104.49,4112.66,4084.06,2025-10-22 01:59:00+00:00,4084.06,TP,19.98,8.17,2.4455,1,S100_OB_SHORT
s100_m3_combo,SELL,2025-10-22 03:09:00+00:00,4114.49,4116.27,4110.03,2025-10-22 03:10:00+00:00,4110.03,TP,4.01,1.78,2.2528,3,S100_OB_SHORT
s100_m3_combo,BUY,2025-10-22 03:27:00+00:00,4114.48,4111.13,4122.83,2025-10-22 03:32:00+00:00,4122.83,TP,7.9,3.35,2.3582,3,S100_OB_LONG
s100_m3_combo,BUY,2025-10-22 05:13:00+00:00,4138.15,4134.9,4146.26,2025-10-22 05:20:00+00:00,4146.26,TP,7.66,3.25,2.3569,5,S100_FVG_LONG
s100_m3_combo,BUY,2025-10-22 06:12:00+00:00,4134.9,4128.65,4150.55,2025-10-22 06:41:00+00:00,4150.55,TP,15.2,6.25,2.432,6,S100_OB_LONG
s100_m3_combo,SELL,2025-10-22 08:20:00+00:00,4089.64,4101.26,4060.6,2025-10-22 08:21:00+00:00,4101.26,SL,-12.07,11.62,-1.0387,8,S100_FVG_SHORT
s100_m3_combo,SELL,2025-10-22 13:30:00+00:00,4058.3,4062.42,4047.97,2025-10-22 13:35:00+00:00,4062.42,SL,-4.57,4.12,-1.1092,13,S100_OB_SHORT
s100_m3_combo,SELL,2025-10-22 14:13:00+00:00,4063.39,4071.96,4041.94,2025-10-22 14:18:00+00:00,4071.96,SL,-9.02,8.57,-1.0525,14,S100_FVG_SHORT
s100_m3_combo,SELL,2025-10-22 14:27:00+00:00,4055.15,4064.22,4032.48,2025-10-22 14:41:00+00:00,4032.48,TP,22.22,9.07,2.4498,14,S100_FVG_SHORT
s100_m3_combo,SELL,2025-10-22 14:50:00+00:00,4020.72,4031.12,3994.7,2025-10-22 15:07:00+00:00,4031.12,SL,-10.85,10.4,-1.0433,14,S100_RSI3_MOMO_SHORT
s100_m3_combo,SELL,2025-10-22 15:07:00+00:00,4031.28,4039.66,4010.34,2025-10-22 15:11:00+00:00,4039.66,SL,-8.83,8.38,-1.0537,15,S100_FVG_SHORT
s100_m3_combo,SELL,2025-10-22 15:35:00+00:00,4033.32,4039.58,4017.68,2025-10-22 15:36:00+00:00,4039.58,SL,-6.71,6.26,-1.0719,15,S100_FVG_SHORT
s100_m3_combo,BUY,2025-10-23 01:30:00+00:00,4086.18,4079.89,4101.88,2025-10-23 01:45:00+00:00,4079.89,SL,-6.74,6.29,-1.0715,1,S100_FVG_LONG
s100_m3_combo,SELL,2025-10-23 02:45:00+00:00,4080.01,4082.05,4074.89,2025-10-23 02:46:00+00:00,4082.05,SL,-2.49,2.04,-1.2206,2,S100_FVG_SHORT
s100_m3_combo,BUY,2025-10-23 02:51:00+00:00,4081.95,4079.16,4088.94,2025-10-23 03:01:00+00:00,4079.16,SL,-3.24,2.79,-1.1613,2,S100_FVG_LONG
s100_m3_combo,BUY,2025-10-23 03:27:00+00:00,4098.53,4096.65,4103.24,2025-10-23 03:28:00+00:00,4096.65,SL,-2.33,1.88,-1.2394,3,S100_FVG_LONG
s100_m3_combo,BUY,2025-10-23 04:40:00+00:00,4086.86,4084.27,4093.31,2025-10-23 05:11:00+00:00,4093.31,TP,6.0,2.59,2.3166,4,S100_FVG_LONG
s100_m3_combo,BUY,2025-10-23 06:21:00+00:00,4121.4,4115.84,4135.29,2025-10-23 06:39:00+00:00,4115.84,SL,-6.01,5.56,-1.0809,6,S100_FVG_LONG
s100_m3_combo,BUY,2025-10-23 07:23:00+00:00,4116.5,4113.32,4124.44,2025-10-23 07:31:00+00:00,4113.32,SL,-3.63,3.18,-1.1415,7,S100_OB_LONG
s100_m3_combo,BUY,2025-10-23 08:12:00+00:00,4109.07,4100.98,4129.3,2025-10-23 09:24:00+00:00,4119.16,TIME,9.64,8.09,1.1916,8,S100_FVG_LONG
s100_m3_combo,BUY,2025-10-23 13:14:00+00:00,4135.34,4130.78,4146.74,2025-10-23 13:24:00+00:00,4146.74,TP,10.95,4.56,2.4013,13,S100_RSI3_MOMO_LONG
s100_m3_combo,BUY,2025-10-23 13:47:00+00:00,4141.82,4139.0,4148.88,2025-10-23 13:50:00+00:00,4139.0,SL,-3.27,2.82,-1.1596,13,S100_OB_LONG
s100_m3_combo,BUY,2025-10-23 14:55:00+00:00,4143.28,4141.26,4148.33,2025-10-23 14:59:00+00:00,4148.33,TP,4.6,2.02,2.2772,14,S100_OB_LONG
s100_m3_combo,BUY,2025-10-23 15:33:00+00:00,4145.15,4141.52,4154.2,2025-10-23 15:36:00+00:00,4141.52,SL,-4.08,3.63,-1.124,15,S100_FVG_LONG
s100_m3_combo,BUY,2025-10-24 01:15:00+00:00,4141.15,4138.52,4147.74,2025-10-24 01:19:00+00:00,4138.52,SL,-3.08,2.63,-1.1711,1,S100_OB_LONG
s100_m3_combo,SELL,2025-10-24 01:59:00+00:00,4116.65,4121.11,4105.51,2025-10-24 03:11:00+00:00,4114.005,TIME,2.195,4.46,0.4922,1,S100_FVG_SHORT
s100_m3_combo,SELL,2025-10-24 04:14:00+00:00,4116.53,4118.91,4110.6,2025-10-24 04:20:00+00:00,4110.6,TP,5.48,2.38,2.3025,4,S100_RSI3_MOMO_SHORT
s100_m3_combo,SELL,2025-10-24 04:41:00+00:00,4104.74,4108.09,4096.36,2025-10-24 04:45:00+00:00,4108.09,SL,-3.8,3.35,-1.1343,4,S100_RSI3_MOMO_SHORT
s100_m3_combo,SELL,2025-10-24 05:35:00+00:00,4110.02,4112.73,4103.23,2025-10-24 05:52:00+00:00,4112.73,SL,-3.16,2.71,-1.1661,5,S100_RSI3_MOMO_SHORT
s100_m3_combo,SELL,2025-10-24 06:36:00+00:00,4091.67,4094.46,4084.69,2025-10-24 06:39:00+00:00,4094.46,SL,-3.24,2.79,-1.1613,6,S100_FVG_SHORT
s100_m3_combo,SELL,2025-10-24 07:00:00+00:00,4092.89,4095.38,4086.69,2025-10-24 07:02:00+00:00,4095.38,SL,-2.94,2.49,-1.1807,7,S100_FVG_SHORT
s100_m3_combo,SELL,2025-10-24 07:50:00+00:00,4084.07,4088.69,4072.54,2025-10-24 07:54:00+00:00,4072.54,TP,11.08,4.62,2.3983,7,S100_RSI3_MOMO_SHORT
s100_m3_combo,SELL,2025-10-24 08:26:00+00:00,4050.74,4058.35,4031.73,2025-10-24 08:35:00+00:00,4058.35,SL,-8.06,7.61,-1.0591,8,S100_RSI3_MOMO_SHORT
s100_m3_combo,SELL,2025-10-24 08:36:00+00:00,4059.89,4064.95,4047.26,2025-10-24 08:47:00+00:00,4064.95,SL,-5.51,5.06,-1.0889,8,S100_FVG_SHORT
s100_m3_combo,BUY,2025-10-24 14:19:00+00:00,4127.38,4119.74,4146.45,2025-10-24 14:27:00+00:00,4119.74,SL,-8.09,7.64,-1.0589,14,S100_FVG_LONG
s100_m3_combo,BUY,2025-10-24 15:54:00+00:00,4129.04,4124.48,4140.44,2025-10-24 16:40:00+00:00,4124.48,SL,-5.01,4.56,-1.0987,15,S100_OB_LONG
s100_m3_combo,SELL,2025-10-27 01:41:00+00:00,4082.97,4089.3,4067.14,2025-10-27 01:45:00+00:00,4089.3,SL,-6.78,6.33,-1.0711,1,S100_RSI3_MOMO_SHORT
s100_m3_combo,SELL,2025-10-27 02:51:00+00:00,4073.74,4076.71,4066.34,2025-10-27 02:53:00+00:00,4076.71,SL,-3.42,2.97,-1.1515,2,S100_FVG_SHORT
s100_m3_combo,SELL,2025-10-27 03:07:00+00:00,4073.22,4077.28,4063.09,2025-10-27 03:23:00+00:00,4077.28,SL,-4.51,4.06,-1.1108,3,S100_OB_SHORT
s100_m3_combo,SELL,2025-10-27 04:19:00+00:00,4059.38,4063.44,4049.22,2025-10-27 04:24:00+00:00,4063.44,SL,-4.51,4.06,-1.1108,4,S100_FVG_SHORT
s100_m3_combo,SELL,2025-10-27 05:57:00+00:00,4081.1,4084.32,4073.06,2025-10-27 06:08:00+00:00,4084.32,SL,-3.67,3.22,-1.1398,5,S100_OB_SHORT
s100_m3_combo,SELL,2025-10-27 06:45:00+00:00,4080.55,4083.59,4072.96,2025-10-27 07:10:00+00:00,4072.96,TP,7.14,3.04,2.3487,6,S100_OB_SHORT
s100_m3_combo,SELL,2025-10-27 07:14:00+00:00,4071.64,4075.02,4063.17,2025-10-27 08:21:00+00:00,4063.17,TP,8.02,3.38,2.3728,7,S100_RSI3_MOMO_SHORT
s100_m3_combo,SELL,2025-10-27 08:30:00+00:00,4059.95,4064.75,4047.96,2025-10-27 08:53:00+00:00,4047.96,TP,11.54,4.8,2.4042,8,S100_FVG_SHORT
s100_m3_combo,SELL,2025-10-27 13:33:00+00:00,4033.84,4037.7,4024.2,2025-10-27 13:34:00+00:00,4037.7,SL,-4.31,3.86,-1.1166,13,S100_FVG_SHORT
s100_m3_combo,SELL,2025-10-27 13:45:00+00:00,4027.28,4032.66,4013.81,2025-10-27 13:48:00+00:00,4013.81,TP,13.02,5.38,2.4201,13,S100_FVG_SHORT
s100_m3_combo,SELL,2025-10-27 13:50:00+00:00,4025.14,4027.1,4020.21,2025-10-27 13:51:00+00:00,4020.21,TP,4.48,1.96,2.2857,13,S100_OB_SHORT
s100_m3_combo,SELL,2025-10-27 14:21:00+00:00,3995.49,4006.02,3969.15,2025-10-27 15:33:00+00:00,3987.925,TIME,7.115,10.53,0.6757,14,S100_FVG_SHORT
s100_m3_combo,BUY,2025-10-28 01:31:00+00:00,4007.46,4005.54,4012.27,2025-10-28 01:32:00+00:00,4005.54,SL,-2.37,1.92,-1.2344,1,S100_OB_LONG
s100_m3_combo,BUY,2025-10-28 01:50:00+00:00,4012.28,4008.68,4021.26,2025-10-28 02:05:00+00:00,4008.68,SL,-4.05,3.6,-1.125,1,S100_OB_LONG
s100_m3_combo,SELL,2025-10-28 03:03:00+00:00,3988.89,3991.35,3982.77,2025-10-28 03:25:00+00:00,3991.35,SL,-2.91,2.46,-1.1829,3,S100_OB_SHORT
s100_m3_combo,SELL,2025-10-28 04:11:00+00:00,3986.92,3989.56,3980.32,2025-10-28 04:22:00+00:00,3980.32,TP,6.15,2.64,2.3295,4,S100_RSI3_MOMO_SHORT
s100_m3_combo,SELL,2025-10-28 04:30:00+00:00,3973.24,3975.94,3966.49,2025-10-28 04:41:00+00:00,3975.94,SL,-3.15,2.7,-1.1667,4,S100_FVG_SHORT
s100_m3_combo,SELL,2025-10-28 05:26:00+00:00,3976.46,3978.05,3972.47,2025-10-28 05:30:00+00:00,3972.47,TP,3.54,1.59,2.2264,5,S100_OB_SHORT
s100_m3_combo,SELL,2025-10-28 05:44:00+00:00,3960.52,3965.88,3947.12,2025-10-28 05:49:00+00:00,3965.88,SL,-5.81,5.36,-1.084,5,S100_RSI3_MOMO_SHORT
s100_m3_combo,SELL,2025-10-28 06:11:00+00:00,3956.38,3962.09,3942.11,2025-10-28 06:46:00+00:00,3942.11,TP,13.82,5.71,2.4203,6,S100_RSI3_MOMO_SHORT
s100_m3_combo,SELL,2025-10-28 06:50:00+00:00,3943.57,3948.09,3932.29,2025-10-28 07:14:00+00:00,3948.09,SL,-4.97,4.52,-1.0996,6,S100_RSI3_MOMO_SHORT
s100_m3_combo,SELL,2025-10-28 07:14:00+00:00,3947.26,3950.46,3939.25,2025-10-28 07:17:00+00:00,3939.25,TP,7.56,3.2,2.3625,7,S100_FVG_SHORT
s100_m3_combo,SELL,2025-10-28 07:49:00+00:00,3935.36,3938.81,3926.74,2025-10-28 08:05:00+00:00,3926.74,TP,8.17,3.45,2.3681,7,S100_OB_SHORT
s100_m3_combo,SELL,2025-10-28 08:11:00+00:00,3925.39,3931.17,3910.96,2025-10-28 08:28:00+00:00,3910.96,TP,13.98,5.78,2.4187,8,S100_RSI3_MOMO_SHORT
s100_m3_combo,SELL,2025-10-28 08:28:00+00:00,3913.36,3918.42,3900.71,2025-10-28 08:43:00+00:00,3900.71,TP,12.2,5.06,2.4111,8,S100_RSI3_MOMO_SHORT
s100_m3_combo,SELL,2025-10-28 13:36:00+00:00,3929.12,3933.83,3917.36,2025-10-28 13:41:00+00:00,3917.36,TP,11.31,4.71,2.4013,13,S100_OB_SHORT
s100_m3_combo,SELL,2025-10-28 13:43:00+00:00,3923.53,3927.98,3912.41,2025-10-28 13:46:00+00:00,3927.98,SL,-4.9,4.45,-1.1011,13,S100_OB_SHORT
s100_m3_combo,BUY,2025-10-28 14:31:00+00:00,3947.03,3942.07,3959.44,2025-10-28 14:40:00+00:00,3942.07,SL,-5.41,4.96,-1.0907,14,S100_FVG_LONG
s100_m3_combo,BUY,2025-10-28 14:54:00+00:00,3950.21,3945.53,3961.91,2025-10-28 15:31:00+00:00,3961.91,TP,11.25,4.68,2.4038,14,S100_FVG_LONG
s100_m3_combo,BUY,2025-10-28 15:36:00+00:00,3961.5,3958.79,3968.26,2025-10-28 15:50:00+00:00,3968.26,TP,6.31,2.71,2.3284,15,S100_FVG_LONG
s100_m3_combo,BUY,2025-10-29 02:04:00+00:00,3969.46,3966.75,3976.23,2025-10-29 02:10:00+00:00,3966.75,SL,-3.16,2.71,-1.1661,2,S100_OB_LONG
s100_m3_combo,BUY,2025-10-29 03:03:00+00:00,3961.01,3957.53,3969.71,2025-10-29 03:24:00+00:00,3969.71,TP,8.25,3.48,2.3707,3,S100_FVG_LONG
s100_m3_combo,BUY,2025-10-29 03:27:00+00:00,3966.86,3964.56,3972.61,2025-10-29 03:29:00+00:00,3964.56,SL,-2.75,2.3,-1.1957,3,S100_FVG_LONG
s100_m3_combo,SELL,2025-10-29 04:30:00+00:00,3953.68,3958.26,3942.26,2025-10-29 04:36:00+00:00,3958.26,SL,-5.03,4.58,-1.0983,4,S100_FVG_SHORT
s100_m3_combo,SELL,2025-10-29 04:51:00+00:00,3956.61,3958.83,3951.05,2025-10-29 05:00:00+00:00,3951.05,TP,5.11,2.22,2.3018,4,S100_FVG_SHORT
s100_m3_combo,SELL,2025-10-29 05:15:00+00:00,3956.05,3959.49,3947.47,2025-10-29 05:17:00+00:00,3959.49,SL,-3.89,3.44,-1.1308,5,S100_FVG_SHORT
s100_m3_combo,BUY,2025-10-29 06:40:00+00:00,3976.3,3973.62,3983.0,2025-10-29 06:46:00+00:00,3983.0,TP,6.25,2.68,2.3321,6,S100_FVG_LONG
s100_m3_combo,BUY,2025-10-29 06:50:00+00:00,3980.26,3977.07,3988.23,2025-10-29 06:52:00+00:00,3977.07,SL,-3.64,3.19,-1.1411,6,S100_FVG_LONG
s100_m3_combo,BUY,2025-10-29 07:20:00+00:00,3996.97,3992.47,4008.2,2025-10-29 07:32:00+00:00,3992.47,SL,-4.95,4.5,-1.1,7,S100_RSI3_MOMO_LONG
s100_m3_combo,BUY,2025-10-29 07:32:00+00:00,3993.82,3990.38,4002.4,2025-10-29 07:38:00+00:00,3990.38,SL,-3.89,3.44,-1.1308,7,S100_FVG_LONG
s100_m3_combo,BUY,2025-10-29 07:45:00+00:00,3994.19,3991.81,4000.15,2025-10-29 07:46:00+00:00,3991.81,SL,-2.83,2.38,-1.1891,7,S100_FVG_LONG
s100_m3_combo,BUY,2025-10-29 08:18:00+00:00,4004.22,4001.0,4012.27,2025-10-29 08:30:00+00:00,4012.27,TP,7.6,3.22,2.3602,8,S100_FVG_LONG
s100_m3_combo,BUY,2025-10-29 08:48:00+00:00,4011.59,4007.59,4021.6,2025-10-29 09:09:00+00:00,4021.6,TP,9.56,4.0,2.39,8,S100_OB_LONG
s100_m3_combo,BUY,2025-10-29 13:51:00+00:00,4006.77,4003.13,4015.87,2025-10-29 14:03:00+00:00,4015.87,TP,8.65,3.64,2.3764,13,S100_OB_LONG
s100_m3_combo,BUY,2025-10-29 14:10:00+00:00,4019.28,4014.62,4030.95,2025-10-29 14:21:00+00:00,4014.62,SL,-5.11,4.66,-1.0966,14,S100_FVG_LONG
s100_m3_combo,SELL,2025-10-29 15:55:00+00:00,3993.26,3997.6,3982.44,2025-10-29 16:09:00+00:00,3997.6,SL,-4.79,4.34,-1.1037,15,S100_FVG_SHORT
s100_m3_combo,SELL,2025-10-30 01:19:00+00:00,3950.96,3960.49,3927.12,2025-10-30 02:10:00+00:00,3927.12,TP,23.39,9.53,2.4544,1,S100_FVG_SHORT
s100_m3_combo,SELL,2025-10-30 02:50:00+00:00,3930.89,3936.23,3917.52,2025-10-30 03:01:00+00:00,3917.52,TP,12.92,5.34,2.4195,2,S100_RSI3_MOMO_SHORT
s100_m3_combo,SELL,2025-10-30 03:53:00+00:00,3935.56,3937.25,3931.34,2025-10-30 03:59:00+00:00,3937.25,SL,-2.14,1.69,-1.2663,3,S100_OB_SHORT
s100_m3_combo,BUY,2025-10-30 04:44:00+00:00,3978.99,3972.63,3994.91,2025-10-30 04:55:00+00:00,3972.63,SL,-6.81,6.36,-1.0708,4,S100_RSI3_MOMO_LONG
s100_m3_combo,BUY,2025-10-30 05:54:00+00:00,3967.45,3962.26,3980.4,2025-10-30 05:56:00+00:00,3962.26,SL,-5.64,5.19,-1.0867,5,S100_FVG_LONG
s100_m3_combo,BUY,2025-10-30 06:23:00+00:00,3962.41,3958.63,3971.85,2025-10-30 06:24:00+00:00,3958.63,SL,-4.23,3.78,-1.119,6,S100_OB_LONG
s100_m3_combo,BUY,2025-10-30 07:25:00+00:00,3966.61,3964.27,3972.47,2025-10-30 07:26:00+00:00,3964.27,SL,-2.79,2.34,-1.1923,7,S100_OB_LONG
s100_m3_combo,BUY,2025-10-30 08:23:00+00:00,3967.18,3964.84,3973.0,2025-10-30 08:27:00+00:00,3973.0,TP,5.37,2.34,2.2949,8,S100_OB_LONG
s100_m3_combo,BUY,2025-10-30 13:33:00+00:00,3971.14,3968.45,3977.85,2025-10-30 13:34:00+00:00,3968.45,SL,-3.14,2.69,-1.1673,13,S100_OB_LONG
s100_m3_combo,BUY,2025-10-30 14:12:00+00:00,4007.8,3999.0,4029.81,2025-10-30 14:24:00+00:00,3999.0,SL,-9.25,8.8,-1.0511,14,S100_FVG_LONG
s100_m3_combo,BUY,2025-10-30 14:56:00+00:00,3991.3,3988.15,3999.16,2025-10-30 15:00:00+00:00,3999.16,TP,7.41,3.15,2.3524,14,S100_OB_LONG
s100_m3_combo,BUY,2025-10-30 15:18:00+00:00,3998.46,3993.09,4011.88,2025-10-30 16:15:00+00:00,3993.09,SL,-5.82,5.37,-1.0838,15,S100_FVG_LONG
s100_m3_combo,BUY,2025-10-31 01:14:00+00:00,4032.87,4026.95,4047.67,2025-10-31 01:38:00+00:00,4026.95,SL,-6.37,5.92,-1.076,1,S100_FVG_LONG
s100_m3_combo,SELL,2025-10-31 02:36:00+00:00,4010.49,4013.36,4003.3,2025-10-31 02:44:00+00:00,4003.3,TP,6.74,2.87,2.3484,2,S100_FVG_SHORT
s100_m3_combo,SELL,2025-10-31 03:09:00+00:00,4006.93,4010.07,3999.07,2025-10-31 03:13:00+00:00,3999.07,TP,7.41,3.14,2.3599,3,S100_FVG_SHORT
s100_m3_combo,SELL,2025-10-31 03:19:00+00:00,3997.67,4002.6,3985.35,2025-10-31 03:35:00+00:00,4002.6,SL,-5.38,4.93,-1.0913,3,S100_FVG_SHORT
s100_m3_combo,SELL,2025-10-31 03:49:00+00:00,3997.94,4001.96,3987.89,2025-10-31 04:31:00+00:00,4001.96,SL,-4.47,4.02,-1.1119,3,S100_FVG_SHORT
s100_m3_combo,SELL,2025-10-31 05:14:00+00:00,3997.16,4000.83,3988.0,2025-10-31 05:29:00+00:00,4000.83,SL,-4.12,3.67,-1.1226,5,S100_RSI3_MOMO_SHORT
s100_m3_combo,SELL,2025-10-31 05:32:00+00:00,4005.56,4007.28,4001.25,2025-10-31 05:34:00+00:00,4001.25,TP,3.86,1.72,2.2442,5,S100_OB_SHORT
s100_m3_combo,BUY,2025-10-31 08:00:00+00:00,4020.26,4016.55,4029.53,2025-10-31 08:51:00+00:00,4016.55,SL,-4.16,3.71,-1.1213,8,S100_FVG_LONG
s100_m3_combo,BUY,2025-10-31 13:15:00+00:00,4031.16,4028.1,4038.79,2025-10-31 13:20:00+00:00,4028.1,SL,-3.51,3.06,-1.1471,13,S100_FVG_LONG
s100_m3_combo,BUY,2025-10-31 14:08:00+00:00,4023.86,4017.46,4039.86,2025-10-31 14:29:00+00:00,4017.46,SL,-6.85,6.4,-1.0703,14,S100_FVG_LONG
s100_m3_combo,BUY,2025-10-31 15:16:00+00:00,4015.28,4009.49,4029.73,2025-10-31 16:04:00+00:00,4009.49,SL,-6.24,5.79,-1.0777,15,S100_OB_LONG
s100_m3_combo,SELL,2025-11-03 01:55:00+00:00,3998.89,4003.03,3988.55,2025-11-03 02:21:00+00:00,4003.03,SL,-4.59,4.14,-1.1087,1,S100_OB_SHORT
s100_m3_combo,BUY,2025-11-03 03:00:00+00:00,4002.52,3997.52,4015.02,2025-11-03 03:57:00+00:00,4015.02,TP,12.05,5.0,2.41,3,S100_OB_LONG
s100_m3_combo,BUY,2025-11-03 06:23:00+00:00,4017.26,4014.01,4025.39,2025-11-03 06:27:00+00:00,4014.01,SL,-3.7,3.25,-1.1385,6,S100_RSI3_MOMO_LONG
s100_m3_combo,BUY,2025-11-03 07:06:00+00:00,4020.36,4018.12,4025.93,2025-11-03 07:09:00+00:00,4018.12,SL,-2.69,2.24,-1.2009,7,S100_FVG_LONG
s100_m3_combo,BUY,2025-11-03 07:55:00+00:00,4022.28,4020.02,4027.91,2025-11-03 08:05:00+00:00,4027.91,TP,5.18,2.26,2.292,7,S100_OB_LONG
s100_m3_combo,BUY,2025-11-03 13:42:00+00:00,4016.97,4014.83,4022.32,2025-11-03 14:08:00+00:00,4014.83,SL,-2.59,2.14,-1.2103,13,S100_FVG_LONG
s100_m3_combo,BUY,2025-11-03 15:24:00+00:00,4019.55,4012.24,4037.8,2025-11-03 15:27:00+00:00,4012.24,SL,-7.76,7.31,-1.0616,15,S100_FVG_LONG
s100_m3_combo,BUY,2025-11-03 15:52:00+00:00,4012.32,4008.62,4021.56,2025-11-03 15:57:00+00:00,4008.62,SL,-4.15,3.7,-1.1216,15,S100_OB_LONG
s100_m3_combo,SELL,2025-11-04 01:33:00+00:00,3981.76,3986.67,3969.48,2025-11-04 01:40:00+00:00,3986.67,SL,-5.36,4.91,-1.0916,1,S100_OB_SHORT
s100_m3_combo,SELL,2025-11-04 02:07:00+00:00,3981.82,3988.11,3966.07,2025-11-04 03:00:00+00:00,3988.11,SL,-6.74,6.29,-1.0715,2,S100_FVG_SHORT
s100_m3_combo,SELL,2025-11-04 04:20:00+00:00,3991.59,3993.49,3986.85,2025-11-04 04:31:00+00:00,3993.49,SL,-2.35,1.9,-1.2368,4,S100_OB_SHORT
s100_m3_combo,SELL,2025-11-04 04:44:00+00:00,3988.47,3991.03,3982.05,2025-11-04 04:55:00+00:00,3991.03,SL,-3.01,2.56,-1.1758,4,S100_RSI3_MOMO_SHORT
s100_m3_combo,SELL,2025-11-04 05:05:00+00:00,3982.14,3985.22,3974.46,2025-11-04 05:11:00+00:00,3985.22,SL,-3.53,3.08,-1.1461,5,S100_RSI3_MOMO_SHORT
s100_m3_combo,SELL,2025-11-04 05:12:00+00:00,3986.82,3989.58,3979.92,2025-11-04 05:34:00+00:00,3979.92,TP,6.45,2.76,2.337,5,S100_FVG_SHORT
s100_m3_combo,SELL,2025-11-04 05:36:00+00:00,3981.91,3983.74,3977.35,2025-11-04 05:42:00+00:00,3977.35,TP,4.11,1.83,2.2459,5,S100_FVG_SHORT
s100_m3_combo,SELL,2025-11-04 05:46:00+00:00,3979.39,3982.05,3972.73,2025-11-04 06:00:00+00:00,3972.73,TP,6.21,2.66,2.3346,5,S100_OB_SHORT
s100_m3_combo,SELL,2025-11-04 06:05:00+00:00,3970.36,3974.82,3959.23,2025-11-04 06:09:00+00:00,3974.82,SL,-4.91,4.46,-1.1009,6,S100_RSI3_MOMO_SHORT
s100_m3_combo,SELL,2025-11-04 06:09:00+00:00,3973.95,3977.74,3964.45,2025-11-04 06:31:00+00:00,3977.74,SL,-4.24,3.79,-1.1187,6,S100_FVG_SHORT
s100_m3_combo,BUY,2025-11-04 07:58:00+00:00,3992.91,3990.66,3998.56,2025-11-04 08:08:00+00:00,3998.56,TP,5.2,2.25,2.3111,7,S100_OB_LONG
s100_m3_combo,BUY,2025-11-04 13:16:00+00:00,3992.49,3989.82,3999.17,2025-11-04 13:21:00+00:00,3989.82,SL,-3.12,2.67,-1.1685,13,S100_FVG_LONG
s100_m3_combo,SELL,2025-11-04 13:29:00+00:00,3984.08,3987.93,3974.45,2025-11-04 13:32:00+00:00,3987.93,SL,-4.3,3.85,-1.1169,13,S100_RSI3_MOMO_SHORT
s100_m3_combo,SELL,2025-11-04 13:52:00+00:00,3976.38,3981.76,3962.93,2025-11-04 14:29:00+00:00,3962.93,TP,13.0,5.38,2.4164,13,S100_OB_SHORT
s100_m3_combo,SELL,2025-11-04 15:16:00+00:00,3951.48,3955.03,3942.62,2025-11-04 15:20:00+00:00,3942.62,TP,8.41,3.55,2.369,15,S100_OB_SHORT
s100_m3_combo,SELL,2025-11-04 15:21:00+00:00,3947.36,3953.45,3932.12,2025-11-04 15:32:00+00:00,3953.45,SL,-6.54,6.09,-1.0739,15,S100_OB_SHORT
s100_m3_combo,SELL,2025-11-05 01:53:00+00:00,3937.38,3941.5,3927.06,2025-11-05 02:06:00+00:00,3941.5,SL,-4.57,4.12,-1.1092,1,S100_RSI3_MOMO_SHORT
s100_m3_combo,SELL,2025-11-05 02:06:00+00:00,3941.51,3944.13,3934.99,2025-11-05 02:07:00+00:00,3944.13,SL,-3.07,2.62,-1.1718,2,S100_FVG_SHORT
s100_m3_combo,BUY,2025-11-05 03:09:00+00:00,3953.01,3949.89,3960.82,2025-11-05 03:45:00+00:00,3960.82,TP,7.36,3.12,2.359,3,S100_FVG_LONG
s100_m3_combo,BUY,2025-11-05 03:51:00+00:00,3962.11,3959.05,3969.74,2025-11-05 04:38:00+00:00,3969.74,TP,7.18,3.06,2.3464,3,S100_FVG_LONG
s100_m3_combo,BUY,2025-11-05 05:23:00+00:00,3975.45,3972.87,3981.9,2025-11-05 05:33:00+00:00,3972.87,SL,-3.03,2.58,-1.1744,5,S100_RSI3_MOMO_LONG
s100_m3_combo,BUY,2025-11-05 05:33:00+00:00,3973.61,3971.76,3978.21,2025-11-05 05:36:00+00:00,3971.76,SL,-2.3,1.85,-1.2432,5,S100_FVG_LONG
s100_m3_combo,BUY,2025-11-05 06:12:00+00:00,3966.38,3964.41,3971.3,2025-11-05 06:14:00+00:00,3964.41,SL,-2.42,1.97,-1.2284,6,S100_OB_LONG
s100_m3_combo,BUY,2025-11-05 06:48:00+00:00,3969.17,3966.67,3975.43,2025-11-05 06:56:00+00:00,3966.67,SL,-2.95,2.5,-1.18,6,S100_OB_LONG
s100_m3_combo,BUY,2025-11-05 07:56:00+00:00,3971.95,3969.43,3978.23,2025-11-05 08:05:00+00:00,3978.23,TP,5.83,2.52,2.3135,7,S100_RSI3_MOMO_LONG
s100_m3_combo,BUY,2025-11-05 08:42:00+00:00,3982.99,3981.22,3987.39,2025-11-05 08:46:00+00:00,3981.22,SL,-2.22,1.77,-1.2542,8,S100_OB_LONG
s100_m3_combo,BUY,2025-11-05 13:12:00+00:00,3971.78,3968.96,3978.81,2025-11-05 13:15:00+00:00,3968.96,SL,-3.27,2.82,-1.1596,13,S100_FVG_LONG
s100_m3_combo,BUY,2025-11-05 13:32:00+00:00,3973.42,3970.55,3980.6,2025-11-05 14:13:00+00:00,3980.6,TP,6.73,2.87,2.3449,13,S100_FVG_LONG
s100_m3_combo,BUY,2025-11-05 14:17:00+00:00,3980.43,3977.33,3988.16,2025-11-05 14:43:00+00:00,3977.33,SL,-3.55,3.1,-1.1452,14,S100_RSI3_MOMO_LONG
s100_m3_combo,BUY,2025-11-05 14:43:00+00:00,3978.25,3975.64,3984.78,2025-11-05 14:47:00+00:00,3975.64,SL,-3.06,2.61,-1.1724,14,S100_FVG_LONG
s100_m3_combo,SELL,2025-11-06 01:12:00+00:00,3969.03,3972.11,3961.34,2025-11-06 01:20:00+00:00,3972.11,SL,-3.53,3.08,-1.1461,1,S100_FVG_SHORT
s100_m3_combo,SELL,2025-11-06 01:33:00+00:00,3970.59,3973.77,3962.65,2025-11-06 01:35:00+00:00,3973.77,SL,-3.63,3.18,-1.1415,1,S100_FVG_SHORT
s100_m3_combo,SELL,2025-11-06 02:27:00+00:00,3977.51,3979.05,3973.66,2025-11-06 02:30:00+00:00,3979.05,SL,-1.99,1.54,-1.2922,2,S100_OB_SHORT
s100_m3_combo,BUY,2025-11-06 03:16:00+00:00,3983.66,3981.69,3988.56,2025-11-06 03:34:00+00:00,3988.56,TP,4.45,1.97,2.2589,3,S100_FVG_LONG
s100_m3_combo,BUY,2025-11-06 07:14:00+00:00,3998.53,3995.8,4005.34,2025-11-06 07:20:00+00:00,4005.34,TP,6.36,2.73,2.3297,7,S100_RSI3_MOMO_LONG
s100_m3_combo,BUY,2025-11-06 07:24:00+00:00,4005.69,4000.09,4019.69,2025-11-06 08:36:00+00:00,4014.845,TIME,8.705,5.6,1.5545,7,S100_FVG_LONG
s100_m3_combo,BUY,2025-11-06 08:55:00+00:00,4012.05,4010.5,4015.94,2025-11-06 09:47:00+00:00,4010.5,SL,-2.0,1.55,-1.2903,8,S100_OB_LONG
s100_m3_combo,BUY,2025-11-06 13:11:00+00:00,4009.89,4007.62,4015.56,2025-11-06 13:23:00+00:00,4015.56,TP,5.22,2.27,2.2996,13,S100_FVG_LONG
s100_m3_combo,BUY,2025-11-06 13:26:00+00:00,4015.93,4012.68,4024.07,2025-11-06 13:30:00+00:00,4012.68,SL,-3.7,3.25,-1.1385,13,S100_RSI3_MOMO_LONG
s100_m3_combo,SELL,2025-11-06 15:06:00+00:00,3985.43,3993.95,3964.12,2025-11-06 16:18:00+00:00,3978.995,TIME,5.985,8.52,0.7025,15,S100_FVG_SHORT
s100_m3_combo,BUY,2025-11-07 01:48:00+00:00,4000.41,3997.38,4007.99,2025-11-07 02:15:00+00:00,3997.38,SL,-3.48,3.03,-1.1485,1,S100_FVG_LONG
s100_m3_combo,BUY,2025-11-07 02:42:00+00:00,3995.3,3993.4,4000.04,2025-11-07 02:44:00+00:00,3993.4,SL,-2.35,1.9,-1.2368,2,S100_OB_LONG
s100_m3_combo,BUY,2025-11-07 02:57:00+00:00,3996.49,3994.9,4000.48,2025-11-07 03:00:00+00:00,3994.9,SL,-2.04,1.59,-1.283,2,S100_FVG_LONG
s100_m3_combo,BUY,2025-11-07 04:25:00+00:00,3995.88,3992.22,4005.02,2025-11-07 05:25:00+00:00,3992.22,SL,-4.11,3.66,-1.123,4,S100_FVG_LONG
s100_m3_combo,BUY,2025-11-07 06:47:00+00:00,4002.72,4000.18,4009.07,2025-11-07 07:13:00+00:00,4009.07,TP,5.9,2.54,2.3228,6,S100_RSI3_MOMO_LONG
s100_m3_combo,BUY,2025-11-07 08:00:00+00:00,4005.55,4004.03,4009.36,2025-11-07 08:07:00+00:00,4009.36,TP,3.36,1.52,2.2105,8,S100_OB_LONG
s100_m3_combo,SELL,2025-11-07 13:50:00+00:00,3998.92,4000.65,3994.61,2025-11-07 14:10:00+00:00,4000.65,SL,-2.18,1.73,-1.2601,13,S100_OB_SHORT
s100_m3_combo,SELL,2025-11-07 15:50:00+00:00,3992.28,3995.23,3984.91,2025-11-07 16:04:00+00:00,3995.23,SL,-3.4,2.95,-1.1525,15,S100_OB_SHORT
s100_m3_combo,BUY,2025-11-10 01:17:00+00:00,4028.96,4024.84,4039.26,2025-11-10 01:21:00+00:00,4039.26,TP,9.85,4.12,2.3908,1,S100_RSI3_MOMO_LONG
s100_m3_combo,BUY,2025-11-10 02:56:00+00:00,4045.82,4042.91,4053.08,2025-11-10 04:03:00+00:00,4053.08,TP,6.81,2.91,2.3402,2,S100_RSI3_MOMO_LONG
s100_m3_combo,BUY,2025-11-10 05:29:00+00:00,4055.3,4053.26,4060.42,2025-11-10 05:31:00+00:00,4060.42,TP,4.67,2.04,2.2892,5,S100_RSI3_MOMO_LONG
s100_m3_combo,BUY,2025-11-10 06:08:00+00:00,4070.74,4067.63,4078.51,2025-11-10 06:13:00+00:00,4067.63,SL,-3.56,3.11,-1.1447,6,S100_RSI3_MOMO_LONG
s100_m3_combo,BUY,2025-11-10 07:17:00+00:00,4077.07,4075.23,4081.67,2025-11-10 07:20:00+00:00,4075.23,SL,-2.29,1.84,-1.2446,7,S100_FVG_LONG
s100_m3_combo,BUY,2025-11-10 08:16:00+00:00,4076.78,4074.33,4082.89,2025-11-10 08:35:00+00:00,4082.89,TP,5.66,2.45,2.3102,8,S100_OB_LONG
s100_m3_combo,BUY,2025-11-10 08:39:00+00:00,4083.4,4080.47,4090.72,2025-11-10 08:44:00+00:00,4080.47,SL,-3.38,2.93,-1.1536,8,S100_FVG_LONG
s100_m3_combo,BUY,2025-11-10 13:06:00+00:00,4103.44,4099.01,4114.51,2025-11-10 13:17:00+00:00,4099.01,SL,-4.88,4.43,-1.1016,13,S100_FVG_LONG
s100_m3_combo,BUY,2025-11-10 14:58:00+00:00,4083.93,4079.69,4094.51,2025-11-10 15:48:00+00:00,4079.69,SL,-4.69,4.24,-1.1061,14,S100_OB_LONG
s100_m3_combo,BUY,2025-11-11 01:03:00+00:00,4133.61,4130.4,4141.64,2025-11-11 01:04:00+00:00,4130.4,SL,-3.66,3.21,-1.1402,1,S100_OB_LONG
s100_m3_combo,BUY,2025-11-11 01:36:00+00:00,4137.37,4135.1,4143.06,2025-11-11 01:45:00+00:00,4135.1,SL,-2.72,2.27,-1.1982,1,S100_FVG_LONG
s100_m3_combo,BUY,2025-11-11 02:25:00+00:00,4134.73,4132.06,4141.39,2025-11-11 02:30:00+00:00,4132.06,SL,-3.12,2.67,-1.1685,2,S100_OB_LONG
s100_m3_combo,BUY,2025-11-11 02:48:00+00:00,4138.28,4134.74,4147.14,2025-11-11 02:54:00+00:00,4134.74,SL,-3.99,3.54,-1.1271,2,S100_FVG_LONG
s100_m3_combo,BUY,2025-11-11 04:06:00+00:00,4146.85,4145.33,4150.67,2025-11-11 04:07:00+00:00,4145.33,SL,-1.97,1.52,-1.2961,4,S100_FVG_LONG
s100_m3_combo,BUY,2025-11-11 05:53:00+00:00,4132.31,4130.28,4137.37,2025-11-11 06:00:00+00:00,4130.28,SL,-2.48,2.03,-1.2217,5,S100_FVG_LONG
s100_m3_combo,BUY,2025-11-11 07:24:00+00:00,4128.49,4125.87,4135.05,2025-11-11 07:51:00+00:00,4125.87,SL,-3.07,2.62,-1.1718,7,S100_OB_LONG
s100_m3_combo,SELL,2025-11-11 07:54:00+00:00,4129.45,4131.36,4124.69,2025-11-11 07:55:00+00:00,4131.36,SL,-2.36,1.91,-1.2356,7,S100_FVG_SHORT
s100_m3_combo,BUY,2025-11-11 08:18:00+00:00,4135.58,4133.41,4141.01,2025-11-11 08:21:00+00:00,4133.41,SL,-2.62,2.17,-1.2074,8,S100_OB_LONG
s100_m3_combo,BUY,2025-11-11 13:42:00+00:00,4143.4,4141.16,4149.0,2025-11-11 14:01:00+00:00,4141.16,SL,-2.69,2.24,-1.2009,13,S100_OB_LONG
s100_m3_combo,SELL,2025-11-11 14:26:00+00:00,4131.34,4134.52,4123.39,2025-11-11 14:45:00+00:00,4134.52,SL,-3.63,3.18,-1.1415,14,S100_RSI3_MOMO_SHORT
s100_m3_combo,SELL,2025-11-11 14:58:00+00:00,4127.84,4130.57,4120.99,2025-11-11 15:06:00+00:00,4120.99,TP,6.4,2.73,2.3443,14,S100_FVG_SHORT
s100_m3_combo,SELL,2025-11-11 15:38:00+00:00,4104.19,4107.03,4097.09,2025-11-11 15:39:00+00:00,4107.03,SL,-3.29,2.84,-1.1585,15,S100_FVG_SHORT
s100_m3_combo,BUY,2025-11-12 01:57:00+00:00,4132.06,4129.37,4138.77,2025-11-12 02:30:00+00:00,4129.37,SL,-3.14,2.69,-1.1673,1,S100_FVG_LONG
s100_m3_combo,SELL,2025-11-12 02:56:00+00:00,4122.28,4124.07,4117.82,2025-11-12 02:59:00+00:00,4124.07,SL,-2.24,1.79,-1.2514,2,S100_FVG_SHORT
s100_m3_combo,SELL,2025-11-12 03:08:00+00:00,4121.47,4124.82,4113.08,2025-11-12 03:55:00+00:00,4113.08,TP,7.94,3.35,2.3701,3,S100_OB_SHORT
s100_m3_combo,SELL,2025-11-12 04:11:00+00:00,4105.38,4107.99,4098.86,2025-11-12 04:13:00+00:00,4107.99,SL,-3.06,2.61,-1.1724,4,S100_RSI3_MOMO_SHORT
s100_m3_combo,SELL,2025-11-12 04:14:00+00:00,4106.73,4110.81,4096.53,2025-11-12 04:28:00+00:00,4110.81,SL,-4.53,4.08,-1.1103,4,S100_FVG_SHORT
s100_m3_combo,SELL,2025-11-12 04:46:00+00:00,4109.24,4111.18,4104.42,2025-11-12 04:50:00+00:00,4111.18,SL,-2.39,1.94,-1.232,4,S100_FVG_SHORT
s100_m3_combo,SELL,2025-11-12 05:36:00+00:00,4106.6,4109.04,4100.51,2025-11-12 06:07:00+00:00,4109.04,SL,-2.89,2.44,-1.1844,5,S100_OB_SHORT
s100_m3_combo,SELL,2025-11-12 08:11:00+00:00,4114.27,4117.17,4107.02,2025-11-12 08:13:00+00:00,4117.17,SL,-3.35,2.9,-1.1552,8,S100_RSI3_MOMO_SHORT
s100_m3_combo,SELL,2025-11-12 08:18:00+00:00,4121.64,4124.67,4114.06,2025-11-12 08:21:00+00:00,4124.67,SL,-3.48,3.03,-1.1485,8,S100_OB_SHORT
s100_m3_combo,BUY,2025-11-12 08:27:00+00:00,4127.34,4123.53,4136.84,2025-11-12 09:39:00+00:00,4128.265,TIME,0.475,3.81,0.1247,8,S100_FVG_LONG
s100_m3_combo,BUY,2025-11-12 13:25:00+00:00,4127.3,4124.72,4133.75,2025-11-12 13:55:00+00:00,4124.72,SL,-3.03,2.58,-1.1744,13,S100_OB_LONG
s100_m3_combo,BUY,2025-11-12 14:08:00+00:00,4133.78,4130.33,4142.4,2025-11-12 14:30:00+00:00,4130.33,SL,-3.9,3.45,-1.1304,14,S100_RSI3_MOMO_LONG
s100_m3_combo,BUY,2025-11-12 14:32:00+00:00,4129.28,4126.95,4135.11,2025-11-12 14:34:00+00:00,4126.95,SL,-2.78,2.33,-1.1931,14,S100_FVG_LONG
s100_m3_combo,BUY,2025-11-12 14:44:00+00:00,4134.48,4130.14,4145.33,2025-11-12 15:10:00+00:00,4145.33,TP,10.4,4.34,2.3963,14,S100_FVG_LONG
s100_m3_combo,BUY,2025-11-12 15:41:00+00:00,4175.07,4170.4,4186.73,2025-11-12 16:04:00+00:00,4186.73,TP,11.21,4.67,2.4004,15,S100_FVG_LONG
s100_m3_combo,BUY,2025-11-13 02:48:00+00:00,4190.95,4188.31,4197.55,2025-11-13 02:52:00+00:00,4188.31,SL,-3.09,2.64,-1.1705,2,S100_FVG_LONG
s100_m3_combo,BUY,2025-11-13 03:15:00+00:00,4199.22,4196.72,4205.47,2025-11-13 03:20:00+00:00,4205.47,TP,5.8,2.5,2.32,3,S100_FVG_LONG
s100_m3_combo,BUY,2025-11-13 03:22:00+00:00,4203.16,4198.96,4213.67,2025-11-13 03:27:00+00:00,4198.96,SL,-4.65,4.2,-1.1071,3,S100_OB_LONG
s100_m3_combo,BUY,2025-11-13 04:12:00+00:00,4216.11,4212.34,4225.55,2025-11-13 04:18:00+00:00,4212.34,SL,-4.22,3.77,-1.1194,4,S100_FVG_LONG
s100_m3_combo,BUY,2025-11-13 05:12:00+00:00,4214.2,4210.75,4222.81,2025-11-13 05:30:00+00:00,4210.75,SL,-3.9,3.45,-1.1304,5,S100_FVG_LONG
s100_m3_combo,BUY,2025-11-13 06:58:00+00:00,4211.22,4207.7,4220.0,2025-11-13 07:59:00+00:00,4220.0,TP,8.33,3.52,2.3665,6,S100_FVG_LONG
s100_m3_combo,BUY,2025-11-13 08:21:00+00:00,4232.36,4229.91,4238.48,2025-11-13 08:31:00+00:00,4238.48,TP,5.67,2.45,2.3143,8,S100_FVG_LONG
s100_m3_combo,BUY,2025-11-13 13:00:00+00:00,4241.62,4238.55,4249.32,2025-11-13 13:01:00+00:00,4238.55,SL,-3.52,3.07,-1.1466,13,S100_FVG_LONG
s100_m3_combo,BUY,2025-11-13 13:18:00+00:00,4232.07,4227.35,4243.88,2025-11-13 13:31:00+00:00,4227.35,SL,-5.17,4.72,-1.0953,13,S100_OB_LONG
s100_m3_combo,SELL,2025-11-13 14:36:00+00:00,4219.28,4221.67,4213.33,2025-11-13 14:39:00+00:00,4213.33,TP,5.5,2.39,2.3013,14,S100_OB_SHORT
s100_m3_combo,SELL,2025-11-13 14:55:00+00:00,4194.8,4206.96,4164.38,2025-11-13 16:00:00+00:00,4206.96,SL,-12.61,12.16,-1.037,14,S100_FVG_SHORT
s100_m3_combo,SELL,2025-11-14 01:16:00+00:00,4186.06,4188.27,4180.54,2025-11-14 01:18:00+00:00,4180.54,TP,5.07,2.21,2.2941,1,S100_OB_SHORT
s100_m3_combo,SELL,2025-11-14 01:30:00+00:00,4177.31,4180.74,4168.76,2025-11-14 01:38:00+00:00,4180.74,SL,-3.88,3.43,-1.1312,1,S100_OB_SHORT
s100_m3_combo,BUY,2025-11-14 02:54:00+00:00,4207.82,4204.05,4217.26,2025-11-14 03:05:00+00:00,4204.05,SL,-4.22,3.77,-1.1194,2,S100_FVG_LONG
s100_m3_combo,BUY,2025-11-14 03:29:00+00:00,4210.75,4207.54,4218.77,2025-11-14 03:38:00+00:00,4207.54,SL,-3.66,3.21,-1.1402,3,S100_RSI3_MOMO_LONG
s100_m3_combo,BUY,2025-11-14 04:46:00+00:00,4200.78,4199.03,4205.17,2025-11-14 05:02:00+00:00,4199.03,SL,-2.2,1.75,-1.2571,4,S100_FVG_LONG
s100_m3_combo,BUY,2025-11-14 05:52:00+00:00,4191.1,4188.22,4198.29,2025-11-14 05:56:00+00:00,4188.22,SL,-3.33,2.88,-1.1562,5,S100_OB_LONG
s100_m3_combo,BUY,2025-11-14 06:09:00+00:00,4191.27,4189.02,4196.9,2025-11-14 06:10:00+00:00,4189.02,SL,-2.7,2.25,-1.2,6,S100_FVG_LONG
s100_m3_combo,SELL,2025-11-14 06:30:00+00:00,4178.34,4181.33,4170.85,2025-11-14 06:34:00+00:00,4181.33,SL,-3.44,2.99,-1.1505,6,S100_FVG_SHORT
s100_m3_combo,SELL,2025-11-14 07:29:00+00:00,4163.52,4167.96,4152.4,2025-11-14 07:37:00+00:00,4167.96,SL,-4.89,4.44,-1.1014,7,S100_FVG_SHORT
s100_m3_combo,SELL,2025-11-14 08:12:00+00:00,4177.08,4179.29,4171.55,2025-11-14 08:17:00+00:00,4179.29,SL,-2.66,2.21,-1.2036,8,S100_FVG_SHORT
s100_m3_combo,SELL,2025-11-14 13:37:00+00:00,4055.74,4060.59,4043.61,2025-11-14 13:38:00+00:00,4060.59,SL,-5.3,4.85,-1.0928,13,S100_OB_SHORT
s100_m3_combo,SELL,2025-11-14 13:56:00+00:00,4054.97,4057.45,4048.76,2025-11-14 14:00:00+00:00,4048.76,TP,5.76,2.48,2.3226,13,S100_OB_SHORT
s100_m3_combo,SELL,2025-11-14 14:35:00+00:00,4053.3,4055.43,4047.97,2025-11-14 14:36:00+00:00,4055.43,SL,-2.58,2.13,-1.2113,14,S100_OB_SHORT
s100_m3_combo,SELL,2025-11-17 01:00:00+00:00,4086.59,4089.42,4079.52,2025-11-17 01:01:00+00:00,4089.42,SL,-3.28,2.83,-1.159,1,S100_FVG_SHORT
s100_m3_combo,SELL,2025-11-17 04:51:00+00:00,4080.74,4083.63,4073.5,2025-11-17 05:14:00+00:00,4073.5,TP,6.79,2.89,2.3495,4,S100_FVG_SHORT
s100_m3_combo,SELL,2025-11-17 05:44:00+00:00,4056.72,4062.59,4042.03,2025-11-17 06:01:00+00:00,4062.59,SL,-6.32,5.87,-1.0767,5,S100_FVG_SHORT
s100_m3_combo,SELL,2025-11-17 06:15:00+00:00,4059.28,4063.7,4048.24,2025-11-17 06:19:00+00:00,4063.7,SL,-4.87,4.42,-1.1018,6,S100_FVG_SHORT
s100_m3_combo,SELL,2025-11-17 06:57:00+00:00,4067.93,4069.6,4063.76,2025-11-17 07:01:00+00:00,4069.6,SL,-2.12,1.67,-1.2695,6,S100_OB_SHORT
s100_m3_combo,BUY,2025-11-17 08:54:00+00:00,4075.9,4073.54,4081.81,2025-11-17 09:03:00+00:00,4073.54,SL,-2.81,2.36,-1.1907,8,S100_OB_LONG
s100_m3_combo,BUY,2025-11-17 13:08:00+00:00,4085.1,4078.93,4100.52,2025-11-17 13:24:00+00:00,4078.93,SL,-6.62,6.17,-1.0729,13,S100_FVG_LONG
s100_m3_combo,SELL,2025-11-17 14:29:00+00:00,4068.44,4071.4,4061.05,2025-11-17 14:34:00+00:00,4071.4,SL,-3.41,2.96,-1.152,14,S100_FVG_SHORT
s100_m3_combo,SELL,2025-11-17 15:24:00+00:00,4073.93,4077.64,4064.67,2025-11-17 15:56:00+00:00,4064.67,TP,8.81,3.71,2.3747,15,S100_OB_SHORT
s100_m3_combo,SELL,2025-11-17 15:59:00+00:00,4064.33,4069.39,4051.68,2025-11-17 16:30:00+00:00,4069.39,SL,-5.51,5.06,-1.0889,15,S100_RSI3_MOMO_SHORT
s100_m3_combo,SELL,2025-11-18 01:44:00+00:00,4033.18,4038.14,4020.78,2025-11-18 02:01:00+00:00,4020.78,TP,11.95,4.96,2.4093,1,S100_RSI3_MOMO_SHORT
s100_m3_combo,SELL,2025-11-18 02:05:00+00:00,4023.51,4026.07,4017.11,2025-11-18 02:06:00+00:00,4026.07,SL,-3.01,2.56,-1.1758,2,S100_OB_SHORT
s100_m3_combo,SELL,2025-11-18 03:22:00+00:00,4012.3,4015.56,4004.15,2025-11-18 03:34:00+00:00,4015.56,SL,-3.71,3.26,-1.138,3,S100_OB_SHORT
s100_m3_combo,SELL,2025-11-18 04:23:00+00:00,4011.14,4012.66,4007.32,2025-11-18 04:24:00+00:00,4007.32,TP,3.37,1.52,2.2171,4,S100_OB_SHORT
s100_m3_combo,SELL,2025-11-18 05:05:00+00:00,4012.79,4014.96,4007.37,2025-11-18 05:18:00+00:00,4014.96,SL,-2.62,2.17,-1.2074,5,S100_FVG_SHORT
s100_m3_combo,SELL,2025-11-18 06:05:00+00:00,4015.3,4019.03,4005.98,2025-11-18 07:01:00+00:00,4005.98,TP,8.87,3.73,2.378,6,S100_RSI3_MOMO_SHORT
s100_m3_combo,SELL,2025-11-18 07:39:00+00:00,4002.45,4007.05,3990.93,2025-11-18 07:40:00+00:00,4007.05,SL,-5.05,4.6,-1.0978,7,S100_OB_SHORT
s100_m3_combo,BUY,2025-11-18 08:44:00+00:00,4037.09,4028.78,4057.86,2025-11-18 09:56:00+00:00,4045.33,TIME,7.79,8.31,0.9374,8,S100_FVG_LONG
s100_m3_combo,BUY,2025-11-18 13:27:00+00:00,4047.83,4045.34,4054.06,2025-11-18 13:34:00+00:00,4054.06,TP,5.78,2.49,2.3213,13,S100_FVG_LONG
s100_m3_combo,BUY,2025-11-18 13:42:00+00:00,4062.64,4059.69,4070.02,2025-11-18 13:51:00+00:00,4070.02,TP,6.93,2.95,2.3492,13,S100_FVG_LONG
s100_m3_combo,BUY,2025-11-18 14:21:00+00:00,4077.38,4073.91,4086.05,2025-11-18 14:27:00+00:00,4073.91,SL,-3.92,3.47,-1.1297,14,S100_FVG_LONG
s100_m3_combo,BUY,2025-11-19 01:33:00+00:00,4064.68,4061.47,4072.72,2025-11-19 01:40:00+00:00,4061.47,SL,-3.66,3.21,-1.1402,1,S100_OB_LONG
s100_m3_combo,SELL,2025-11-19 02:19:00+00:00,4063.84,4066.34,4057.59,2025-11-19 02:30:00+00:00,4066.34,SL,-2.95,2.5,-1.18,2,S100_OB_SHORT
s100_m3_combo,BUY,2025-11-19 03:50:00+00:00,4075.74,4072.99,4082.61,2025-11-19 03:52:00+00:00,4072.99,SL,-3.2,2.75,-1.1636,3,S100_RSI3_MOMO_LONG
s100_m3_combo,BUY,2025-11-19 04:32:00+00:00,4075.93,4073.12,4082.97,2025-11-19 04:34:00+00:00,4073.12,SL,-3.26,2.81,-1.1601,4,S100_RSI3_MOMO_LONG
s100_m3_combo,BUY,2025-11-19 04:35:00+00:00,4073.57,4070.69,4080.8,2025-11-19 05:16:00+00:00,4080.8,TP,6.78,2.88,2.3542,4,S100_FVG_LONG
s100_m3_combo,BUY,2025-11-19 05:24:00+00:00,4088.46,4085.25,4096.49,2025-11-19 05:34:00+00:00,4096.49,TP,7.58,3.21,2.3614,5,S100_FVG_LONG
s100_m3_combo,BUY,2025-11-19 05:39:00+00:00,4092.47,4089.58,4099.69,2025-11-19 05:43:00+00:00,4089.58,SL,-3.34,2.89,-1.1557,5,S100_FVG_LONG
s100_m3_combo,BUY,2025-11-19 05:59:00+00:00,4095.63,4091.91,4104.93,2025-11-19 06:19:00+00:00,4091.91,SL,-4.17,3.72,-1.121,5,S100_RSI3_MOMO_LONG
s100_m3_combo,BUY,2025-11-19 08:57:00+00:00,4083.59,4080.65,4090.92,2025-11-19 09:20:00+00:00,4090.92,TP,6.88,2.94,2.3401,8,S100_OB_LONG
s100_m3_combo,BUY,2025-11-19 13:44:00+00:00,4114.6,4109.68,4126.88,2025-11-19 13:51:00+00:00,4109.68,SL,-5.37,4.92,-1.0915,13,S100_RSI3_MOMO_LONG
s100_m3_combo,BUY,2025-11-19 14:16:00+00:00,4115.15,4112.49,4121.79,2025-11-19 14:19:00+00:00,4112.49,SL,-3.11,2.66,-1.1692,14,S100_OB_LONG
s100_m3_combo,BUY,2025-11-19 14:19:00+00:00,4118.06,4114.14,4127.88,2025-11-19 14:20:00+00:00,4114.14,SL,-4.37,3.92,-1.1148,14,S100_RSI3_MOMO_LONG
s100_m3_combo,BUY,2025-11-19 15:06:00+00:00,4122.0,4115.26,4138.86,2025-11-19 15:30:00+00:00,4115.26,SL,-7.19,6.74,-1.0668,15,S100_FVG_LONG
s100_m3_combo,BUY,2025-11-20 01:05:00+00:00,4107.81,4104.44,4116.22,2025-11-20 01:08:00+00:00,4104.44,SL,-3.82,3.37,-1.1335,1,S100_RSI3_MOMO_LONG
s100_m3_combo,BUY,2025-11-20 01:09:00+00:00,4102.39,4100.72,4106.54,2025-11-20 01:10:00+00:00,4100.72,SL,-2.12,1.67,-1.2695,1,S100_OB_LONG
s100_m3_combo,BUY,2025-11-20 01:52:00+00:00,4093.62,4091.31,4099.4,2025-11-20 01:54:00+00:00,4091.31,SL,-2.76,2.31,-1.1948,1,S100_FVG_LONG
s100_m3_combo,SELL,2025-11-20 02:12:00+00:00,4064.68,4068.4,4055.39,2025-11-20 02:17:00+00:00,4055.39,TP,8.84,3.72,2.3763,2,S100_FVG_SHORT
s100_m3_combo,SELL,2025-11-20 02:28:00+00:00,4056.51,4063.06,4040.14,2025-11-20 02:49:00+00:00,4063.06,SL,-7.0,6.55,-1.0687,2,S100_FVG_SHORT
s100_m3_combo,SELL,2025-11-20 03:28:00+00:00,4078.2,4080.95,4071.3,2025-11-20 03:34:00+00:00,4071.3,TP,6.45,2.75,2.3455,3,S100_FVG_SHORT
s100_m3_combo,SELL,2025-11-20 04:01:00+00:00,4074.05,4077.26,4066.04,2025-11-20 04:10:00+00:00,4077.26,SL,-3.66,3.21,-1.1402,4,S100_OB_SHORT
s100_m3_combo,SELL,2025-11-20 05:06:00+00:00,4073.28,4076.06,4066.36,2025-11-20 05:32:00+00:00,4066.36,TP,6.47,2.78,2.3273,5,S100_FVG_SHORT
s100_m3_combo,SELL,2025-11-20 06:02:00+00:00,4068.12,4071.99,4058.46,2025-11-20 06:08:00+00:00,4071.99,SL,-4.32,3.87,-1.1163,6,S100_OB_SHORT
s100_m3_combo,SELL,2025-11-20 06:24:00+00:00,4068.09,4072.03,4058.23,2025-11-20 06:41:00+00:00,4072.03,SL,-4.39,3.94,-1.1142,6,S100_FVG_SHORT
s100_m3_combo,SELL,2025-11-20 06:57:00+00:00,4068.02,4070.0,4063.08,2025-11-20 07:05:00+00:00,4070.0,SL,-2.43,1.98,-1.2273,6,S100_OB_SHORT
s100_m3_combo,BUY,2025-11-20 13:14:00+00:00,4090.18,4085.82,4101.1,2025-11-20 13:22:00+00:00,4085.82,SL,-4.81,4.36,-1.1032,13,S100_RSI3_MOMO_LONG
s100_m3_combo,BUY,2025-11-20 13:22:00+00:00,4084.91,4081.36,4093.78,2025-11-20 13:30:00+00:00,4081.36,SL,-4.0,3.55,-1.1268,13,S100_FVG_LONG
s100_m3_combo,BUY,2025-11-20 14:21:00+00:00,4084.82,4080.16,4096.45,2025-11-20 14:29:00+00:00,4080.16,SL,-5.11,4.66,-1.0966,14,S100_FVG_LONG
s100_m3_combo,BUY,2025-11-20 14:47:00+00:00,4091.43,4084.51,4108.75,2025-11-20 15:07:00+00:00,4084.51,SL,-7.37,6.92,-1.065,14,S100_RSI3_MOMO_LONG
s100_m3_combo,BUY,2025-11-20 15:08:00+00:00,4082.73,4079.23,4091.49,2025-11-20 15:11:00+00:00,4091.49,TP,8.31,3.5,2.3743,15,S100_OB_LONG
s100_m3_combo,BUY,2025-11-20 15:30:00+00:00,4094.68,4090.01,4106.38,2025-11-20 15:32:00+00:00,4090.01,SL,-5.12,4.67,-1.0964,15,S100_FVG_LONG
s100_m3_combo,SELL,2025-11-21 01:07:00+00:00,4069.03,4073.58,4057.66,2025-11-21 01:55:00+00:00,4073.58,SL,-5.0,4.55,-1.0989,1,S100_FVG_SHORT
s100_m3_combo,SELL,2025-11-21 02:21:00+00:00,4070.78,4073.74,4063.39,2025-11-21 02:29:00+00:00,4073.74,SL,-3.41,2.96,-1.152,2,S100_FVG_SHORT
s100_m3_combo,SELL,2025-11-21 04:19:00+00:00,4057.15,4059.74,4050.68,2025-11-21 04:27:00+00:00,4059.74,SL,-3.04,2.59,-1.1737,4,S100_FVG_SHORT
s100_m3_combo,SELL,2025-11-21 06:26:00+00:00,4041.16,4047.68,4024.86,2025-11-21 07:03:00+00:00,4024.86,TP,15.85,6.52,2.431,6,S100_RSI3_MOMO_SHORT
s100_m3_combo,SELL,2025-11-21 07:14:00+00:00,4032.82,4035.95,4024.99,2025-11-21 07:16:00+00:00,4035.95,SL,-3.58,3.13,-1.1438,7,S100_FVG_SHORT
s100_m3_combo,SELL,2025-11-21 08:56:00+00:00,4043.53,4046.46,4036.22,2025-11-21 09:01:00+00:00,4046.46,SL,-3.38,2.93,-1.1536,8,S100_OB_SHORT
s100_m3_combo,BUY,2025-11-21 13:32:00+00:00,4068.77,4063.89,4080.97,2025-11-21 13:57:00+00:00,4080.97,TP,11.75,4.88,2.4078,13,S100_RSI3_MOMO_LONG
s100_m3_combo,SELL,2025-11-24 02:00:00+00:00,4046.76,4050.29,4037.93,2025-11-24 02:35:00+00:00,4050.29,SL,-3.98,3.53,-1.1275,2,S100_FVG_SHORT
s100_m3_combo,SELL,2025-11-24 03:02:00+00:00,4046.62,4048.18,4042.72,2025-11-24 03:03:00+00:00,4048.18,SL,-2.01,1.56,-1.2885,3,S100_OB_SHORT
s100_m3_combo,SELL,2025-11-24 03:19:00+00:00,4046.64,4048.55,4041.89,2025-11-24 03:27:00+00:00,4048.55,SL,-2.36,1.91,-1.2356,3,S100_FVG_SHORT
s100_m3_combo,SELL,2025-11-24 04:06:00+00:00,4055.33,4056.91,4051.37,2025-11-24 04:08:00+00:00,4056.91,SL,-2.03,1.58,-1.2848,4,S100_OB_SHORT
s100_m3_combo,SELL,2025-11-24 04:41:00+00:00,4046.22,4049.65,4037.64,2025-11-24 05:43:00+00:00,4049.65,SL,-3.88,3.43,-1.1312,4,S100_RSI3_MOMO_SHORT
s100_m3_combo,SELL,2025-11-24 05:51:00+00:00,4045.09,4047.39,4039.34,2025-11-24 05:57:00+00:00,4047.39,SL,-2.75,2.3,-1.1957,5,S100_FVG_SHORT
s100_m3_combo,BUY,2025-11-25 01:08:00+00:00,4129.72,4127.23,4135.94,2025-11-25 01:11:00+00:00,4127.23,SL,-2.94,2.49,-1.1807,1,S100_OB_LONG
s100_m3_combo,BUY,2025-11-25 01:45:00+00:00,4135.77,4132.61,4143.67,2025-11-25 01:58:00+00:00,4132.61,SL,-3.61,3.16,-1.1424,1,S100_FVG_LONG
s100_m3_combo,BUY,2025-11-25 02:10:00+00:00,4136.94,4134.15,4143.91,2025-11-25 02:19:00+00:00,4143.91,TP,6.52,2.79,2.3369,2,S100_OB_LONG
s100_m3_combo,BUY,2025-11-25 02:51:00+00:00,4151.88,4148.76,4159.68,2025-11-25 03:00:00+00:00,4148.76,SL,-3.57,3.12,-1.1442,2,S100_FVG_LONG
s100_m3_combo,BUY,2025-11-25 04:09:00+00:00,4143.14,4140.55,4149.6,2025-11-25 04:57:00+00:00,4140.55,SL,-3.04,2.59,-1.1737,4,S100_OB_LONG
s100_m3_combo,BUY,2025-11-25 05:15:00+00:00,4146.03,4143.79,4151.64,2025-11-25 05:17:00+00:00,4143.79,SL,-2.69,2.24,-1.2009,5,S100_FVG_LONG
s100_m3_combo,BUY,2025-11-25 07:10:00+00:00,4144.01,4141.78,4149.56,2025-11-25 07:12:00+00:00,4141.78,SL,-2.68,2.23,-1.2018,7,S100_FVG_LONG
s100_m3_combo,SELL,2025-11-25 08:41:00+00:00,4129.96,4132.2,4124.37,2025-11-25 08:46:00+00:00,4124.37,TP,5.14,2.24,2.2946,8,S100_FVG_SHORT
s100_m3_combo,SELL,2025-11-25 08:57:00+00:00,4116.77,4120.26,4108.03,2025-11-25 09:03:00+00:00,4120.26,SL,-3.94,3.49,-1.1289,8,S100_FVG_SHORT
s100_m3_combo,BUY,2025-11-25 13:35:00+00:00,4147.64,4142.85,4159.61,2025-11-25 14:05:00+00:00,4142.85,SL,-5.24,4.79,-1.0939,13,S100_RSI3_MOMO_LONG
s100_m3_combo,SELL,2025-11-25 14:44:00+00:00,4119.7,4126.02,4103.9,2025-11-25 14:58:00+00:00,4126.02,SL,-6.77,6.32,-1.0712,14,S100_RSI3_MOMO_SHORT
s100_m3_combo,SELL,2025-11-25 15:59:00+00:00,4126.03,4128.71,4119.32,2025-11-25 16:02:00+00:00,4128.71,SL,-3.13,2.68,-1.1679,15,S100_FVG_SHORT
s100_m3_combo,BUY,2025-11-26 01:11:00+00:00,4143.09,4138.87,4153.61,2025-11-26 02:07:00+00:00,4153.61,TP,10.07,4.22,2.3863,1,S100_OB_LONG
s100_m3_combo,BUY,2025-11-26 02:30:00+00:00,4161.92,4157.54,4172.86,2025-11-26 03:42:00+00:00,4166.19,TIME,3.82,4.38,0.8721,2,S100_FVG_LONG
s100_m3_combo,BUY,2025-11-26 03:43:00+00:00,4164.74,4162.84,4169.49,2025-11-26 03:46:00+00:00,4169.49,TP,4.3,1.9,2.2632,3,S100_OB_LONG
s100_m3_combo,BUY,2025-11-26 04:56:00+00:00,4160.36,4158.81,4164.26,2025-11-26 05:06:00+00:00,4164.26,TP,3.45,1.55,2.2258,4,S100_OB_LONG
s100_m3_combo,BUY,2025-11-26 07:06:00+00:00,4153.03,4149.04,4163.03,2025-11-26 08:06:00+00:00,4163.03,TP,9.55,3.99,2.3935,7,S100_OB_LONG
s100_m3_combo,BUY,2025-11-26 08:26:00+00:00,4167.55,4164.62,4174.88,2025-11-26 08:33:00+00:00,4164.62,SL,-3.38,2.93,-1.1536,8,S100_RSI3_MOMO_LONG
s100_m3_combo,BUY,2025-11-26 08:33:00+00:00,4163.68,4160.17,4172.43,2025-11-26 08:41:00+00:00,4160.17,SL,-3.96,3.51,-1.1282,8,S100_FVG_LONG
s100_m3_combo,SELL,2025-11-26 13:44:00+00:00,4153.89,4158.01,4143.57,2025-11-26 14:08:00+00:00,4143.57,TP,9.87,4.12,2.3956,13,S100_RSI3_MOMO_SHORT
s100_m3_combo,SELL,2025-11-26 14:13:00+00:00,4147.51,4154.47,4130.12,2025-11-26 14:36:00+00:00,4154.47,SL,-7.41,6.96,-1.0647,14,S100_FVG_SHORT
s100_m3_combo,SELL,2025-11-26 15:03:00+00:00,4143.43,4148.62,4130.46,2025-11-26 15:11:00+00:00,4148.62,SL,-5.64,5.19,-1.0867,15,S100_FVG_SHORT
s100_m3_combo,SELL,2025-11-27 01:15:00+00:00,4158.4,4160.43,4153.33,2025-11-27 01:17:00+00:00,4153.33,TP,4.62,2.03,2.2759,1,S100_OB_SHORT
s100_m3_combo,SELL,2025-11-27 01:30:00+00:00,4154.84,4157.44,4148.35,2025-11-27 02:42:00+00:00,4152.89,TIME,1.5,2.6,0.5769,1,S100_FVG_SHORT
s100_m3_combo,SELL,2025-11-27 03:11:00+00:00,4149.31,4152.37,4141.65,2025-11-27 04:23:00+00:00,4147.45,TIME,1.41,3.06,0.4608,3,S100_FVG_SHORT
s100_m3_combo,SELL,2025-11-27 06:49:00+00:00,4156.09,4157.73,4151.99,2025-11-27 06:52:00+00:00,4157.73,SL,-2.09,1.64,-1.2744,6,S100_OB_SHORT
s100_m3_combo,BUY,2025-11-27 07:18:00+00:00,4159.77,4157.13,4166.35,2025-11-27 08:30:00+00:00,4164.98,TIME,4.76,2.64,1.803,7,S100_FVG_LONG
s100_m3_combo,BUY,2025-11-27 14:14:00+00:00,4158.57,4156.5,4163.74,2025-11-27 14:40:00+00:00,4156.5,SL,-2.52,2.07,-1.2174,14,S100_RSI3_MOMO_LONG
s100_m3_combo,BUY,2025-12-01 01:35:00+00:00,4236.2,4229.51,4252.94,2025-12-01 01:58:00+00:00,4252.94,TP,16.29,6.69,2.435,1,S100_FVG_LONG
s100_m3_combo,BUY,2025-12-01 02:09:00+00:00,4249.65,4243.31,4265.52,2025-12-01 02:22:00+00:00,4243.31,SL,-6.79,6.34,-1.071,2,S100_FVG_LONG
s100_m3_combo,BUY,2025-12-01 02:59:00+00:00,4242.95,4239.08,4252.64,2025-12-01 03:07:00+00:00,4239.08,SL,-4.32,3.87,-1.1163,2,S100_RSI3_MOMO_LONG
s100_m3_combo,BUY,2025-12-01 03:40:00+00:00,4237.39,4235.21,4242.83,2025-12-01 03:50:00+00:00,4235.21,SL,-2.63,2.18,-1.2064,3,S100_FVG_LONG
s100_m3_combo,BUY,2025-12-01 04:23:00+00:00,4240.23,4238.01,4245.8,2025-12-01 04:27:00+00:00,4238.01,SL,-2.67,2.22,-1.2027,4,S100_RSI3_MOMO_LONG
s100_m3_combo,BUY,2025-12-01 05:01:00+00:00,4243.19,4240.93,4248.82,2025-12-01 05:02:00+00:00,4240.93,SL,-2.71,2.26,-1.1991,5,S100_OB_LONG
s100_m3_combo,BUY,2025-12-01 06:05:00+00:00,4231.41,4227.52,4241.13,2025-12-01 06:23:00+00:00,4227.52,SL,-4.34,3.89,-1.1157,6,S100_OB_LONG
s100_m3_combo,BUY,2025-12-01 06:36:00+00:00,4231.67,4229.22,4237.79,2025-12-01 06:46:00+00:00,4237.79,TP,5.67,2.45,2.3143,6,S100_FVG_LONG
s100_m3_combo,BUY,2025-12-01 06:51:00+00:00,4238.97,4235.08,4248.68,2025-12-01 07:05:00+00:00,4235.08,SL,-4.34,3.89,-1.1157,6,S100_FVG_LONG
s100_m3_combo,BUY,2025-12-01 07:30:00+00:00,4240.51,4236.5,4250.54,2025-12-01 08:09:00+00:00,4250.54,TP,9.58,4.01,2.389,7,S100_FVG_LONG
s100_m3_combo,BUY,2025-12-01 13:18:00+00:00,4250.73,4247.25,4259.44,2025-12-01 13:30:00+00:00,4259.44,TP,8.26,3.48,2.3736,13,S100_FVG_LONG
s100_m3_combo,BUY,2025-12-01 13:46:00+00:00,4259.43,4257.73,4263.67,2025-12-01 13:50:00+00:00,4257.73,SL,-2.15,1.7,-1.2647,13,S100_OB_LONG
s100_m3_combo,SELL,2025-12-01 14:49:00+00:00,4235.5,4241.27,4221.07,2025-12-01 14:55:00+00:00,4241.27,SL,-6.22,5.77,-1.078,14,S100_FVG_SHORT
s100_m3_combo,SELL,2025-12-01 15:40:00+00:00,4236.3,4242.04,4221.94,2025-12-01 15:47:00+00:00,4221.94,TP,13.91,5.74,2.4233,15,S100_FVG_SHORT
s100_m3_combo,SELL,2025-12-01 15:52:00+00:00,4230.85,4233.8,4223.49,2025-12-01 16:01:00+00:00,4233.8,SL,-3.4,2.95,-1.1525,15,S100_OB_SHORT
s100_m3_combo,SELL,2025-12-02 01:15:00+00:00,4206.74,4213.7,4189.35,2025-12-02 01:19:00+00:00,4213.7,SL,-7.41,6.96,-1.0647,1,S100_FVG_SHORT
s100_m3_combo,SELL,2025-12-02 03:54:00+00:00,4219.19,4220.8,4215.16,2025-12-02 04:04:00+00:00,4220.8,SL,-2.06,1.61,-1.2795,3,S100_FVG_SHORT
s100_m3_combo,SELL,2025-12-02 04:18:00+00:00,4217.65,4219.22,4213.75,2025-12-02 05:02:00+00:00,4219.22,SL,-2.02,1.57,-1.2866,4,S100_FVG_SHORT
s100_m3_combo,SELL,2025-12-02 06:33:00+00:00,4208.63,4210.79,4203.24,2025-12-02 06:48:00+00:00,4210.79,SL,-2.61,2.16,-1.2083,6,S100_FVG_SHORT
s100_m3_combo,SELL,2025-12-02 07:54:00+00:00,4211.62,4213.87,4205.99,2025-12-02 08:00:00+00:00,4213.87,SL,-2.7,2.25,-1.2,7,S100_OB_SHORT
s100_m3_combo,BUY,2025-12-02 13:28:00+00:00,4206.73,4203.67,4214.38,2025-12-02 13:29:00+00:00,4203.67,SL,-3.51,3.06,-1.1471,13,S100_OB_LONG
s100_m3_combo,BUY,2025-12-02 13:56:00+00:00,4210.5,4206.67,4220.07,2025-12-02 14:08:00+00:00,4220.07,TP,9.12,3.83,2.3812,13,S100_RSI3_MOMO_LONG
s100_m3_combo,BUY,2025-12-02 14:53:00+00:00,4220.48,4218.09,4226.45,2025-12-02 14:56:00+00:00,4218.09,SL,-2.84,2.39,-1.1883,14,S100_FVG_LONG
s100_m3_combo,SELL,2025-12-02 15:38:00+00:00,4188.32,4191.45,4180.52,2025-12-02 15:41:00+00:00,4191.45,SL,-3.58,3.13,-1.1438,15,S100_OB_SHORT
s100_m3_combo,BUY,2025-12-03 02:21:00+00:00,4221.06,4218.07,4228.55,2025-12-03 02:39:00+00:00,4228.55,TP,7.04,2.99,2.3545,2,S100_FVG_LONG
s100_m3_combo,BUY,2025-12-03 02:40:00+00:00,4226.72,4225.02,4230.96,2025-12-03 02:44:00+00:00,4225.02,SL,-2.15,1.7,-1.2647,2,S100_FVG_LONG
s100_m3_combo,BUY,2025-12-03 03:31:00+00:00,4224.09,4222.5,4228.06,2025-12-03 03:38:00+00:00,4222.5,SL,-2.04,1.59,-1.283,3,S100_FVG_LONG
s100_m3_combo,BUY,2025-12-03 04:20:00+00:00,4222.12,4220.45,4226.31,2025-12-03 04:55:00+00:00,4220.45,SL,-2.12,1.67,-1.2695,4,S100_RSI3_MOMO_LONG
s100_m3_combo,SELL,2025-12-03 07:37:00+00:00,4206.33,4207.93,4202.33,2025-12-03 08:01:00+00:00,4207.93,SL,-2.05,1.6,-1.2812,7,S100_OB_SHORT
s100_m3_combo,BUY,2025-12-03 13:45:00+00:00,4223.2,4221.01,4228.69,2025-12-03 13:52:00+00:00,4228.69,TP,5.04,2.19,2.3014,13,S100_FVG_LONG
s100_m3_combo,BUY,2025-12-03 13:52:00+00:00,4226.09,4222.11,4236.04,2025-12-03 13:54:00+00:00,4236.04,TP,9.5,3.98,2.3869,13,S100_RSI3_MOMO_LONG
s100_m3_combo,BUY,2025-12-03 14:05:00+00:00,4232.76,4226.28,4248.97,2025-12-03 14:07:00+00:00,4226.28,SL,-6.93,6.48,-1.0694,14,S100_FVG_LONG
s100_m3_combo,BUY,2025-12-03 14:36:00+00:00,4234.51,4226.5,4254.54,2025-12-03 14:45:00+00:00,4226.5,SL,-8.46,8.01,-1.0562,14,S100_FVG_LONG
s100_m3_combo,BUY,2025-12-03 15:32:00+00:00,4223.42,4217.19,4239.0,2025-12-03 15:59:00+00:00,4217.19,SL,-6.68,6.23,-1.0722,15,S100_RSI3_MOMO_LONG
s100_m3_combo,BUY,2025-12-04 01:16:00+00:00,4212.11,4210.58,4215.94,2025-12-04 01:24:00+00:00,4210.58,SL,-1.98,1.53,-1.2941,1,S100_FVG_LONG
s100_m3_combo,SELL,2025-12-04 02:11:00+00:00,4205.3,4208.4,4197.54,2025-12-04 03:02:00+00:00,4197.54,TP,7.31,3.1,2.3581,2,S100_FVG_SHORT
s100_m3_combo,SELL,2025-12-04 03:38:00+00:00,4193.26,4196.07,4186.21,2025-12-04 03:44:00+00:00,4196.07,SL,-3.26,2.81,-1.1601,3,S100_OB_SHORT
s100_m3_combo,SELL,2025-12-04 04:53:00+00:00,4196.24,4197.76,4192.44,2025-12-04 05:02:00+00:00,4197.76,SL,-1.97,1.52,-1.2961,4,S100_RSI3_MOMO_SHORT
s100_m3_combo,SELL,2025-12-04 05:58:00+00:00,4180.69,4184.42,4171.36,2025-12-04 06:03:00+00:00,4184.42,SL,-4.18,3.73,-1.1206,5,S100_FVG_SHORT
s100_m3_combo,SELL,2025-12-04 06:17:00+00:00,4182.21,4184.41,4176.71,2025-12-04 06:19:00+00:00,4184.41,SL,-2.65,2.2,-1.2045,6,S100_OB_SHORT
s100_m3_combo,SELL,2025-12-04 13:07:00+00:00,4190.49,4192.8,4184.73,2025-12-04 13:23:00+00:00,4192.8,SL,-2.76,2.31,-1.1948,13,S100_OB_SHORT
s100_m3_combo,SELL,2025-12-04 13:33:00+00:00,4193.01,4196.71,4183.77,2025-12-04 13:57:00+00:00,4196.71,SL,-4.15,3.7,-1.1216,13,S100_OB_SHORT
s100_m3_combo,BUY,2025-12-04 14:19:00+00:00,4203.27,4199.58,4212.5,2025-12-04 14:33:00+00:00,4212.5,TP,8.78,3.69,2.3794,14,S100_FVG_LONG
s100_m3_combo,BUY,2025-12-04 14:35:00+00:00,4209.43,4207.69,4213.76,2025-12-04 14:36:00+00:00,4207.69,SL,-2.19,1.74,-1.2586,14,S100_OB_LONG
s100_m3_combo,BUY,2025-12-04 14:59:00+00:00,4200.03,4196.37,4209.18,2025-12-04 15:02:00+00:00,4196.37,SL,-4.11,3.66,-1.123,14,S100_OB_LONG
s100_m3_combo,BUY,2025-12-04 15:46:00+00:00,4204.61,4201.18,4213.2,2025-12-04 16:09:00+00:00,4213.2,TP,8.14,3.43,2.3732,15,S100_OB_LONG
s100_m3_combo,SELL,2025-12-05 01:34:00+00:00,4201.73,4204.6,4194.55,2025-12-05 02:00:00+00:00,4204.6,SL,-3.32,2.87,-1.1568,1,S100_OB_SHORT
s100_m3_combo,BUY,2025-12-05 04:36:00+00:00,4214.47,4212.73,4218.81,2025-12-05 05:27:00+00:00,4218.81,TP,3.89,1.74,2.2356,4,S100_FVG_LONG
s100_m3_combo,BUY,2025-12-05 05:36:00+00:00,4217.99,4216.11,4222.7,2025-12-05 06:08:00+00:00,4222.7,TP,4.26,1.88,2.266,5,S100_FVG_LONG
s100_m3_combo,BUY,2025-12-05 06:23:00+00:00,4227.46,4225.23,4233.04,2025-12-05 06:30:00+00:00,4225.23,SL,-2.68,2.23,-1.2018,6,S100_RSI3_MOMO_LONG
s100_m3_combo,BUY,2025-12-05 07:12:00+00:00,4228.11,4226.36,4232.5,2025-12-05 07:31:00+00:00,4226.36,SL,-2.2,1.75,-1.2571,7,S100_FVG_LONG
s100_m3_combo,BUY,2025-12-05 08:05:00+00:00,4227.02,4225.03,4232.01,2025-12-05 08:07:00+00:00,4225.03,SL,-2.44,1.99,-1.2261,8,S100_RSI3_MOMO_LONG
s100_m3_combo,BUY,2025-12-05 08:24:00+00:00,4224.66,4223.09,4228.59,2025-12-05 08:29:00+00:00,4223.09,SL,-2.02,1.57,-1.2866,8,S100_FVG_LONG
s100_m3_combo,BUY,2025-12-05 13:15:00+00:00,4226.69,4224.39,4232.42,2025-12-05 13:28:00+00:00,4232.42,TP,5.28,2.3,2.2957,13,S100_FVG_LONG
s100_m3_combo,BUY,2025-12-05 13:59:00+00:00,4235.02,4233.17,4239.64,2025-12-05 14:00:00+00:00,4233.17,SL,-2.3,1.85,-1.2432,13,S100_FVG_LONG
s100_m3_combo,BUY,2025-12-05 15:01:00+00:00,4239.82,4235.91,4249.62,2025-12-05 15:06:00+00:00,4235.91,SL,-4.36,3.91,-1.1151,15,S100_FVG_LONG
s100_m3_combo,BUY,2025-12-05 15:20:00+00:00,4244.11,4239.62,4255.35,2025-12-05 15:37:00+00:00,4255.35,TP,10.79,4.49,2.4031,15,S100_RSI3_MOMO_LONG
s100_m3_combo,BUY,2025-12-05 15:43:00+00:00,4255.73,4253.03,4262.49,2025-12-05 15:44:00+00:00,4253.03,SL,-3.15,2.7,-1.1667,15,S100_FVG_LONG
s100_m3_combo,SELL,2025-12-08 01:06:00+00:00,4206.59,4210.96,4195.67,2025-12-08 02:18:00+00:00,4201.795,TIME,4.345,4.37,0.9943,1,S100_FVG_SHORT
s100_m3_combo,SELL,2025-12-08 03:29:00+00:00,4210.1,4213.34,4202.0,2025-12-08 04:34:00+00:00,4213.34,SL,-3.69,3.24,-1.1389,3,S100_OB_SHORT
s100_m3_combo,SELL,2025-12-08 04:53:00+00:00,4209.57,4211.09,4205.77,2025-12-08 05:19:00+00:00,4205.77,TP,3.35,1.52,2.2039,4,S100_RSI3_MOMO_SHORT
s100_m3_combo,BUY,2025-12-08 05:40:00+00:00,4213.65,4212.11,4217.49,2025-12-08 06:00:00+00:00,4217.49,TP,3.39,1.54,2.2013,5,S100_FVG_LONG
s100_m3_combo,BUY,2025-12-08 06:00:00+00:00,4217.3,4214.7,4223.8,2025-12-08 06:07:00+00:00,4214.7,SL,-3.05,2.6,-1.1731,6,S100_RSI3_MOMO_LONG
s100_m3_combo,SELL,2025-12-08 14:28:00+00:00,4210.26,4212.2,4205.42,2025-12-08 14:33:00+00:00,4205.42,TP,4.39,1.94,2.2629,14,S100_OB_SHORT
s100_m3_combo,SELL,2025-12-08 14:41:00+00:00,4204.14,4207.84,4194.87,2025-12-08 14:56:00+00:00,4207.84,SL,-4.15,3.7,-1.1216,14,S100_RSI3_MOMO_SHORT
s100_m3_combo,SELL,2025-12-08 15:11:00+00:00,4184.88,4191.5,4168.32,2025-12-08 15:22:00+00:00,4191.5,SL,-7.07,6.62,-1.068,15,S100_FVG_SHORT
s100_m3_combo,BUY,2025-12-10 01:05:00+00:00,4210.3,4208.68,4214.35,2025-12-10 01:12:00+00:00,4214.35,TP,3.6,1.62,2.2222,1,S100_RSI3_MOMO_LONG
s100_m3_combo,BUY,2025-12-10 04:07:00+00:00,4207.06,4205.46,4211.09,2025-12-10 05:08:00+00:00,4205.46,SL,-2.05,1.6,-1.2812,4,S100_OB_LONG
s100_m3_combo,SELL,2025-12-10 13:42:00+00:00,4197.62,4199.4,4193.16,2025-12-10 13:43:00+00:00,4199.4,SL,-2.23,1.78,-1.2528,13,S100_OB_SHORT
s100_m3_combo,SELL,2025-12-10 14:00:00+00:00,4201.32,4203.4,4196.15,2025-12-10 14:06:00+00:00,4203.4,SL,-2.53,2.08,-1.2163,14,S100_OB_SHORT
s100_m3_combo,SELL,2025-12-10 14:30:00+00:00,4197.38,4200.64,4189.22,2025-12-10 14:49:00+00:00,4200.64,SL,-3.71,3.26,-1.138,14,S100_FVG_SHORT
s100_m3_combo,SELL,2025-12-10 15:01:00+00:00,4196.49,4201.31,4184.45,2025-12-10 16:13:00+00:00,4194.91,TIME,1.13,4.82,0.2344,15,S100_FVG_SHORT
s100_m3_combo,BUY,2025-12-11 01:06:00+00:00,4242.69,4237.74,4255.05,2025-12-11 01:20:00+00:00,4237.74,SL,-5.4,4.95,-1.0909,1,S100_FVG_LONG
s100_m3_combo,BUY,2025-12-11 02:08:00+00:00,4236.48,4234.42,4241.64,2025-12-11 02:10:00+00:00,4234.42,SL,-2.51,2.06,-1.2184,2,S100_FVG_LONG
s100_m3_combo,BUY,2025-12-11 02:53:00+00:00,4226.16,4223.33,4233.24,2025-12-11 02:58:00+00:00,4223.33,SL,-3.28,2.83,-1.159,2,S100_FVG_LONG
s100_m3_combo,SELL,2025-12-11 04:21:00+00:00,4215.84,4217.83,4210.87,2025-12-11 04:28:00+00:00,4210.87,TP,4.52,1.99,2.2714,4,S100_OB_SHORT
s100_m3_combo,SELL,2025-12-11 04:30:00+00:00,4213.23,4215.26,4208.18,2025-12-11 04:33:00+00:00,4215.26,SL,-2.48,2.03,-1.2217,4,S100_FVG_SHORT
s100_m3_combo,SELL,2025-12-11 04:50:00+00:00,4212.81,4215.22,4206.77,2025-12-11 05:02:00+00:00,4215.22,SL,-2.86,2.41,-1.1867,4,S100_OB_SHORT
s100_m3_combo,SELL,2025-12-11 14:06:00+00:00,4220.04,4222.77,4213.2,2025-12-11 14:07:00+00:00,4222.77,SL,-3.18,2.73,-1.1648,14,S100_OB_SHORT
s100_m3_combo,BUY,2025-12-11 14:27:00+00:00,4228.23,4225.62,4234.78,2025-12-11 14:31:00+00:00,4234.78,TP,6.1,2.61,2.3372,14,S100_FVG_LONG
s100_m3_combo,BUY,2025-12-11 14:45:00+00:00,4242.26,4238.62,4251.35,2025-12-11 14:46:00+00:00,4238.62,SL,-4.09,3.64,-1.1236,14,S100_OB_LONG
s100_m3_combo,BUY,2025-12-11 15:17:00+00:00,4240.34,4234.94,4253.82,2025-12-11 15:41:00+00:00,4253.82,TP,13.03,5.4,2.413,15,S100_RSI3_MOMO_LONG
s100_m3_combo,BUY,2025-12-11 15:54:00+00:00,4257.43,4254.58,4264.55,2025-12-11 15:57:00+00:00,4254.58,SL,-3.3,2.85,-1.1579,15,S100_FVG_LONG
s100_m3_combo,BUY,2025-12-12 01:19:00+00:00,4271.86,4268.05,4281.41,2025-12-12 01:21:00+00:00,4268.05,SL,-4.26,3.81,-1.1181,1,S100_FVG_LONG
s100_m3_combo,BUY,2025-12-12 01:53:00+00:00,4271.53,4269.67,4276.19,2025-12-12 01:54:00+00:00,4269.67,SL,-2.31,1.86,-1.2419,1,S100_FVG_LONG
s100_m3_combo,BUY,2025-12-12 03:10:00+00:00,4272.64,4271.0,4276.73,2025-12-12 03:17:00+00:00,4271.0,SL,-2.09,1.64,-1.2744,3,S100_FVG_LONG
s100_m3_combo,BUY,2025-12-12 06:41:00+00:00,4282.34,4280.32,4287.39,2025-12-12 07:08:00+00:00,4287.39,TP,4.6,2.02,2.2772,6,S100_RSI3_MOMO_LONG
s100_m3_combo,BUY,2025-12-12 07:14:00+00:00,4285.85,4283.29,4292.27,2025-12-12 08:05:00+00:00,4292.27,TP,5.97,2.56,2.332,7,S100_FVG_LONG
s100_m3_combo,BUY,2025-12-12 08:32:00+00:00,4295.14,4292.66,4301.34,2025-12-12 08:42:00+00:00,4301.34,TP,5.75,2.48,2.3185,8,S100_RSI3_MOMO_LONG
s100_m3_combo,BUY,2025-12-12 13:29:00+00:00,4334.31,4332.4,4339.1,2025-12-12 13:30:00+00:00,4339.1,TP,4.34,1.91,2.2723,13,S100_FVG_LONG
s100_m3_combo,BUY,2025-12-12 13:39:00+00:00,4341.44,4337.88,4350.33,2025-12-12 13:45:00+00:00,4337.88,SL,-4.01,3.56,-1.1264,13,S100_FVG_LONG
s100_m3_combo,BUY,2025-12-12 14:00:00+00:00,4339.34,4336.57,4346.26,2025-12-12 14:30:00+00:00,4336.57,SL,-3.22,2.77,-1.1625,14,S100_FVG_LONG
s100_m3_combo,BUY,2025-12-12 14:50:00+00:00,4344.72,4339.21,4358.5,2025-12-12 15:16:00+00:00,4339.21,SL,-5.96,5.51,-1.0817,14,S100_RSI3_MOMO_LONG
s100_m3_combo,BUY,2025-12-15 01:24:00+00:00,4313.43,4309.55,4323.12,2025-12-15 01:40:00+00:00,4323.12,TP,9.24,3.88,2.3814,1,S100_OB_LONG
s100_m3_combo,BUY,2025-12-15 01:44:00+00:00,4319.98,4318.38,4323.99,2025-12-15 01:52:00+00:00,4323.99,TP,3.56,1.6,2.225,1,S100_OB_LONG
s100_m3_combo,BUY,2025-12-15 02:13:00+00:00,4321.42,4319.26,4326.82,2025-12-15 02:30:00+00:00,4326.82,TP,4.95,2.16,2.2917,2,S100_OB_LONG
s100_m3_combo,BUY,2025-12-15 02:36:00+00:00,4326.35,4324.56,4330.81,2025-12-15 02:37:00+00:00,4324.56,SL,-2.24,1.79,-1.2514,2,S100_FVG_LONG
s100_m3_combo,BUY,2025-12-15 02:46:00+00:00,4327.05,4325.21,4331.64,2025-12-15 02:54:00+00:00,4325.21,SL,-2.29,1.84,-1.2446,2,S100_OB_LONG
s100_m3_combo,BUY,2025-12-15 03:36:00+00:00,4326.65,4323.7,4334.02,2025-12-15 04:35:00+00:00,4323.7,SL,-3.4,2.95,-1.1525,3,S100_FVG_LONG
s100_m3_combo,BUY,2025-12-15 06:00:00+00:00,4342.68,4339.67,4350.21,2025-12-15 06:07:00+00:00,4339.67,SL,-3.46,3.01,-1.1495,6,S100_FVG_LONG
s100_m3_combo,BUY,2025-12-15 07:24:00+00:00,4343.71,4342.07,4347.8,2025-12-15 07:33:00+00:00,4342.07,SL,-2.09,1.64,-1.2744,7,S100_OB_LONG
s100_m3_combo,BUY,2025-12-15 07:53:00+00:00,4339.16,4337.42,4343.5,2025-12-15 08:06:00+00:00,4343.5,TP,3.89,1.74,2.2356,7,S100_FVG_LONG
s100_m3_combo,BUY,2025-12-15 08:09:00+00:00,4342.78,4340.71,4347.96,2025-12-15 08:11:00+00:00,4340.71,SL,-2.52,2.07,-1.2174,8,S100_FVG_LONG
s100_m3_combo,BUY,2025-12-15 13:32:00+00:00,4340.86,4336.93,4350.7,2025-12-15 13:35:00+00:00,4336.93,SL,-4.38,3.93,-1.1145,13,S100_RSI3_MOMO_LONG
s100_m3_combo,BUY,2025-12-15 13:54:00+00:00,4340.06,4337.6,4346.19,2025-12-15 13:55:00+00:00,4337.6,SL,-2.91,2.46,-1.1829,13,S100_OB_LONG
s100_m3_combo,SELL,2025-12-15 14:29:00+00:00,4326.05,4328.37,4320.26,2025-12-15 14:35:00+00:00,4328.37,SL,-2.77,2.32,-1.194,14,S100_FVG_SHORT
s100_m3_combo,SELL,2025-12-15 15:00:00+00:00,4325.39,4330.78,4311.91,2025-12-15 15:28:00+00:00,4311.91,TP,13.03,5.39,2.4174,15,S100_OB_SHORT
s100_m3_combo,SELL,2025-12-16 01:26:00+00:00,4310.12,4313.55,4301.56,2025-12-16 01:30:00+00:00,4313.55,SL,-3.88,3.43,-1.1312,1,S100_OB_SHORT
s100_m3_combo,SELL,2025-12-16 02:40:00+00:00,4308.19,4312.37,4297.74,2025-12-16 02:53:00+00:00,4297.74,TP,10.0,4.18,2.3923,2,S100_OB_SHORT
s100_m3_combo,SELL,2025-12-16 03:04:00+00:00,4293.9,4297.64,4284.56,2025-12-16 03:11:00+00:00,4284.56,TP,8.89,3.74,2.377,3,S100_FVG_SHORT
s100_m3_combo,SELL,2025-12-16 03:14:00+00:00,4282.59,4287.77,4269.62,2025-12-16 03:26:00+00:00,4287.77,SL,-5.63,5.18,-1.0869,3,S100_RSI3_MOMO_SHORT
s100_m3_combo,SELL,2025-12-16 04:07:00+00:00,4289.18,4290.89,4284.9,2025-12-16 04:36:00+00:00,4290.89,SL,-2.16,1.71,-1.2632,4,S100_FVG_SHORT
s100_m3_combo,SELL,2025-12-16 05:41:00+00:00,4278.32,4280.51,4272.84,2025-12-16 05:45:00+00:00,4280.51,SL,-2.64,2.19,-1.2055,5,S100_FVG_SHORT
s100_m3_combo,SELL,2025-12-16 07:33:00+00:00,4285.56,4287.63,4280.41,2025-12-16 07:36:00+00:00,4287.63,SL,-2.52,2.07,-1.2174,7,S100_OB_SHORT
s100_m3_combo,BUY,2025-12-16 13:00:00+00:00,4294.53,4292.24,4300.27,2025-12-16 13:01:00+00:00,4292.24,SL,-2.74,2.29,-1.1965,13,S100_RSI3_MOMO_LONG
s100_m3_combo,BUY,2025-12-16 13:13:00+00:00,4295.63,4292.9,4302.44,2025-12-16 13:30:00+00:00,4302.44,TP,6.36,2.73,2.3297,13,S100_FVG_LONG
s100_m3_combo,BUY,2025-12-16 13:36:00+00:00,4305.07,4301.18,4314.8,2025-12-16 13:46:00+00:00,4301.18,SL,-4.34,3.89,-1.1157,13,S100_FVG_LONG
s100_m3_combo,BUY,2025-12-16 14:27:00+00:00,4326.73,4324.13,4333.21,2025-12-16 14:28:00+00:00,4324.13,SL,-3.05,2.6,-1.1731,14,S100_FVG_LONG
s100_m3_combo,BUY,2025-12-16 15:12:00+00:00,4329.62,4326.35,4337.82,2025-12-16 15:13:00+00:00,4326.35,SL,-3.72,3.27,-1.1376,15,S100_FVG_LONG
s100_m3_combo,BUY,2025-12-16 15:36:00+00:00,4322.55,4317.0,4336.43,2025-12-16 16:02:00+00:00,4317.0,SL,-6.0,5.55,-1.0811,15,S100_OB_LONG
s100_m3_combo,BUY,2025-12-17 01:39:00+00:00,4322.73,4318.89,4332.32,2025-12-17 02:08:00+00:00,4318.89,SL,-4.29,3.84,-1.1172,1,S100_FVG_LONG
s100_m3_combo,BUY,2025-12-17 03:08:00+00:00,4316.82,4314.43,4322.8,2025-12-17 03:09:00+00:00,4314.43,SL,-2.84,2.39,-1.1883,3,S100_FVG_LONG
s100_m3_combo,BUY,2025-12-17 03:35:00+00:00,4320.84,4318.06,4327.77,2025-12-17 04:39:00+00:00,4327.77,TP,6.48,2.78,2.3309,3,S100_RSI3_MOMO_LONG
s100_m3_combo,BUY,2025-12-17 05:17:00+00:00,4333.84,4331.3,4340.19,2025-12-17 05:28:00+00:00,4331.3,SL,-2.99,2.54,-1.1772,5,S100_RSI3_MOMO_LONG
s100_m3_combo,BUY,2025-12-17 05:28:00+00:00,4331.65,4329.87,4336.11,2025-12-17 05:35:00+00:00,4336.11,TP,4.01,1.78,2.2528,5,S100_FVG_LONG
s100_m3_combo,BUY,2025-12-17 05:49:00+00:00,4338.35,4336.46,4343.1,2025-12-17 05:53:00+00:00,4336.46,SL,-2.34,1.89,-1.2381,5,S100_OB_LONG
s100_m3_combo,SELL,2025-12-17 08:29:00+00:00,4317.84,4320.82,4310.37,2025-12-17 08:51:00+00:00,4320.82,SL,-3.43,2.98,-1.151,8,S100_OB_SHORT
s100_m3_combo,BUY,2025-12-17 14:10:00+00:00,4341.96,4338.1,4351.61,2025-12-17 14:11:00+00:00,4338.1,SL,-4.31,3.86,-1.1166,14,S100_FVG_LONG
s100_m3_combo,BUY,2025-12-17 14:28:00+00:00,4327.23,4325.41,4331.78,2025-12-17 14:31:00+00:00,4331.78,TP,4.1,1.82,2.2527,14,S100_OB_LONG
s100_m3_combo,SELL,2025-12-18 01:56:00+00:00,4330.27,4332.13,4325.63,2025-12-18 02:00:00+00:00,4332.13,SL,-2.31,1.86,-1.2419,1,S100_OB_SHORT
s100_m3_combo,SELL,2025-12-18 02:15:00+00:00,4332.03,4333.86,4327.48,2025-12-18 02:17:00+00:00,4333.86,SL,-2.28,1.83,-1.2459,2,S100_FVG_SHORT
s100_m3_combo,SELL,2025-12-18 03:48:00+00:00,4333.15,4334.77,4329.11,2025-12-18 04:38:00+00:00,4329.11,TP,3.59,1.62,2.216,3,S100_OB_SHORT
s100_m3_combo,SELL,2025-12-18 04:41:00+00:00,4330.34,4331.88,4326.49,2025-12-18 04:49:00+00:00,4331.88,SL,-1.99,1.54,-1.2922,4,S100_OB_SHORT
s100_m3_combo,SELL,2025-12-18 05:38:00+00:00,4333.57,4335.5,4328.76,2025-12-18 05:42:00+00:00,4335.5,SL,-2.38,1.93,-1.2332,5,S100_RSI3_MOMO_SHORT
s100_m3_combo,SELL,2025-12-18 06:09:00+00:00,4334.35,4335.96,4330.32,2025-12-18 06:33:00+00:00,4335.96,SL,-2.06,1.61,-1.2795,6,S100_OB_SHORT
s100_m3_combo,SELL,2025-12-18 07:19:00+00:00,4332.86,4335.09,4327.31,2025-12-18 07:28:00+00:00,4335.09,SL,-2.68,2.23,-1.2018,7,S100_OB_SHORT
s100_m3_combo,SELL,2025-12-18 08:07:00+00:00,4329.98,4331.91,4325.14,2025-12-18 08:55:00+00:00,4325.14,TP,4.39,1.93,2.2746,8,S100_FVG_SHORT
s100_m3_combo,SELL,2025-12-18 13:17:00+00:00,4320.91,4322.56,4316.81,2025-12-18 13:18:00+00:00,4322.56,SL,-2.1,1.65,-1.2727,13,S100_OB_SHORT
s100_m3_combo,BUY,2025-12-18 14:34:00+00:00,4336.38,4331.87,4347.66,2025-12-18 14:35:00+00:00,4331.87,SL,-4.96,4.51,-1.0998,14,S100_OB_LONG
s100_m3_combo,BUY,2025-12-18 15:44:00+00:00,4337.31,4333.15,4347.7,2025-12-18 16:10:00+00:00,4347.7,TP,9.94,4.16,2.3894,15,S100_FVG_LONG
s100_m3_combo,SELL,2025-12-19 01:07:00+00:00,4327.57,4330.53,4320.19,2025-12-19 01:23:00+00:00,4320.19,TP,6.93,2.96,2.3412,1,S100_FVG_SHORT
s100_m3_combo,SELL,2025-12-19 02:01:00+00:00,4325.98,4328.39,4319.95,2025-12-19 02:36:00+00:00,4319.95,TP,5.58,2.41,2.3154,2,S100_OB_SHORT
s100_m3_combo,SELL,2025-12-19 02:39:00+00:00,4321.25,4325.04,4311.76,2025-12-19 03:51:00+00:00,4319.28,TIME,1.52,3.79,0.4011,2,S100_FVG_SHORT
s100_m3_combo,SELL,2025-12-19 05:22:00+00:00,4318.6,4320.21,4314.58,2025-12-19 05:24:00+00:00,4320.21,SL,-2.06,1.61,-1.2795,5,S100_OB_SHORT
s100_m3_combo,SELL,2025-12-19 07:05:00+00:00,4325.4,4327.15,4321.04,2025-12-19 07:11:00+00:00,4327.15,SL,-2.2,1.75,-1.2571,7,S100_OB_SHORT
s100_m3_combo,BUY,2025-12-19 07:19:00+00:00,4325.75,4324.2,4329.61,2025-12-19 07:22:00+00:00,4324.2,SL,-2.0,1.55,-1.2903,7,S100_OB_LONG
s100_m3_combo,BUY,2025-12-19 07:39:00+00:00,4327.53,4325.88,4331.65,2025-12-19 07:40:00+00:00,4325.88,SL,-2.1,1.65,-1.2727,7,S100_FVG_LONG
s100_m3_combo,BUY,2025-12-19 13:14:00+00:00,4329.69,4328.11,4333.65,2025-12-19 13:16:00+00:00,4333.65,TP,3.51,1.58,2.2215,13,S100_FVG_LONG
s100_m3_combo,BUY,2025-12-19 14:09:00+00:00,4329.76,4327.69,4334.91,2025-12-19 14:10:00+00:00,4327.69,SL,-2.52,2.07,-1.2174,14,S100_OB_LONG
s100_m3_combo,BUY,2025-12-19 14:33:00+00:00,4329.9,4325.29,4341.44,2025-12-19 14:46:00+00:00,4325.29,SL,-5.06,4.61,-1.0976,14,S100_OB_LONG
s100_m3_combo,BUY,2025-12-19 15:05:00+00:00,4340.18,4334.39,4354.64,2025-12-19 16:01:00+00:00,4354.64,TP,14.01,5.79,2.4197,15,S100_RSI3_MOMO_LONG
s100_m3_combo,BUY,2025-12-22 01:08:00+00:00,4368.62,4365.0,4377.67,2025-12-22 01:13:00+00:00,4365.0,SL,-4.07,3.62,-1.1243,1,S100_FVG_LONG
s100_m3_combo,BUY,2025-12-22 02:08:00+00:00,4379.2,4374.13,4391.89,2025-12-22 03:20:00+00:00,4390.47,TIME,10.82,5.07,2.1341,2,S100_FVG_LONG
s100_m3_combo,BUY,2025-12-22 03:56:00+00:00,4394.77,4392.58,4400.25,2025-12-22 03:59:00+00:00,4392.58,SL,-2.64,2.19,-1.2055,3,S100_RSI3_MOMO_LONG
s100_m3_combo,BUY,2025-12-22 03:59:00+00:00,4393.02,4391.25,4397.46,2025-12-22 04:15:00+00:00,4397.46,TP,3.99,1.77,2.2542,3,S100_FVG_LONG
s100_m3_combo,BUY,2025-12-22 04:54:00+00:00,4398.74,4396.72,4403.8,2025-12-22 05:13:00+00:00,4403.8,TP,4.61,2.02,2.2822,4,S100_FVG_LONG
s100_m3_combo,BUY,2025-12-22 05:37:00+00:00,4401.29,4398.64,4407.91,2025-12-22 05:42:00+00:00,4398.64,SL,-3.1,2.65,-1.1698,5,S100_OB_LONG
s100_m3_combo,BUY,2025-12-22 05:52:00+00:00,4404.32,4400.0,4415.13,2025-12-22 05:56:00+00:00,4400.0,SL,-4.77,4.32,-1.1042,5,S100_OB_LONG
s100_m3_combo,BUY,2025-12-22 06:36:00+00:00,4402.67,4400.58,4407.89,2025-12-22 06:44:00+00:00,4407.89,TP,4.77,2.09,2.2823,6,S100_FVG_LONG
s100_m3_combo,BUY,2025-12-22 07:13:00+00:00,4411.58,4409.9,4415.79,2025-12-22 07:22:00+00:00,4415.79,TP,3.76,1.68,2.2381,7,S100_OB_LONG
s100_m3_combo,BUY,2025-12-22 07:36:00+00:00,4413.79,4412.15,4417.9,2025-12-22 08:00:00+00:00,4412.15,SL,-2.09,1.64,-1.2744,7,S100_OB_LONG
s100_m3_combo,BUY,2025-12-22 08:32:00+00:00,4412.66,4410.43,4418.26,2025-12-22 08:34:00+00:00,4410.43,SL,-2.68,2.23,-1.2018,8,S100_OB_LONG
s100_m3_combo,BUY,2025-12-22 13:21:00+00:00,4420.74,4418.14,4427.25,2025-12-22 13:24:00+00:00,4418.14,SL,-3.05,2.6,-1.1731,13,S100_FVG_LONG
s100_m3_combo,BUY,2025-12-22 13:50:00+00:00,4422.35,4420.52,4426.95,2025-12-22 13:54:00+00:00,4420.52,SL,-2.28,1.83,-1.2459,13,S100_OB_LONG
s100_m3_combo,BUY,2025-12-22 14:17:00+00:00,4427.91,4424.68,4435.98,2025-12-22 14:30:00+00:00,4424.68,SL,-3.68,3.23,-1.1393,14,S100_RSI3_MOMO_LONG
s100_m3_combo,BUY,2025-12-22 14:57:00+00:00,4421.06,4417.99,4428.74,2025-12-22 14:59:00+00:00,4417.99,SL,-3.52,3.07,-1.1466,14,S100_OB_LONG
s100_m3_combo,BUY,2025-12-23 02:01:00+00:00,4485.11,4482.51,4491.62,2025-12-23 02:02:00+00:00,4482.51,SL,-3.05,2.6,-1.1731,2,S100_OB_LONG
s100_m3_combo,BUY,2025-12-23 03:04:00+00:00,4493.01,4490.56,4499.11,2025-12-23 03:05:00+00:00,4490.56,SL,-2.9,2.45,-1.1837,3,S100_FVG_LONG
s100_m3_combo,BUY,2025-12-23 05:09:00+00:00,4483.86,4482.12,4488.22,2025-12-23 05:13:00+00:00,4482.12,SL,-2.19,1.74,-1.2586,5,S100_OB_LONG
s100_m3_combo,BUY,2025-12-23 05:41:00+00:00,4481.91,4480.09,4486.46,2025-12-23 05:42:00+00:00,4480.09,SL,-2.27,1.82,-1.2473,5,S100_FVG_LONG
s100_m3_combo,BUY,2025-12-23 06:55:00+00:00,4478.8,4476.73,4483.98,2025-12-23 07:18:00+00:00,4483.98,TP,4.73,2.07,2.285,6,S100_FVG_LONG
s100_m3_combo,BUY,2025-12-23 13:06:00+00:00,4490.33,4487.51,4497.39,2025-12-23 13:19:00+00:00,4497.39,TP,6.61,2.82,2.344,13,S100_FVG_LONG
s100_m3_combo,SELL,2025-12-23 14:10:00+00:00,4470.27,4474.57,4459.52,2025-12-23 14:30:00+00:00,4459.52,TP,10.3,4.3,2.3953,14,S100_FVG_SHORT
s100_m3_combo,SELL,2025-12-23 14:38:00+00:00,4459.29,4465.18,4444.56,2025-12-23 14:58:00+00:00,4444.56,TP,14.28,5.89,2.4244,14,S100_FVG_SHORT
s100_m3_combo,SELL,2025-12-23 15:06:00+00:00,4438.31,4443.24,4425.98,2025-12-23 15:07:00+00:00,4443.24,SL,-5.38,4.93,-1.0913,15,S100_FVG_SHORT
s100_m3_combo,SELL,2025-12-23 15:30:00+00:00,4445.84,4448.5,4439.16,2025-12-23 15:32:00+00:00,4448.5,SL,-3.11,2.66,-1.1692,15,S100_OB_SHORT
s100_m3_combo,BUY,2025-12-26 02:19:00+00:00,4504.02,4500.03,4513.99,2025-12-26 02:30:00+00:00,4500.03,SL,-4.44,3.99,-1.1128,2,S100_OB_LONG
s100_m3_combo,BUY,2025-12-26 03:05:00+00:00,4505.35,4503.28,4510.54,2025-12-26 03:06:00+00:00,4503.28,SL,-2.52,2.07,-1.2174,3,S100_FVG_LONG
s100_m3_combo,BUY,2025-12-26 03:18:00+00:00,4509.6,4506.88,4516.38,2025-12-26 03:27:00+00:00,4506.88,SL,-3.17,2.72,-1.1654,3,S100_FVG_LONG
s100_m3_combo,BUY,2025-12-26 05:34:00+00:00,4509.36,4506.35,4516.89,2025-12-26 06:23:00+00:00,4516.89,TP,7.08,3.01,2.3522,5,S100_OB_LONG
s100_m3_combo,BUY,2025-12-26 07:12:00+00:00,4513.85,4511.99,4518.51,2025-12-26 07:25:00+00:00,4511.99,SL,-2.31,1.86,-1.2419,7,S100_FVG_LONG
s100_m3_combo,BUY,2025-12-26 08:43:00+00:00,4513.69,4510.55,4521.53,2025-12-26 09:55:00+00:00,4514.495,TIME,0.355,3.14,0.1131,8,S100_OB_LONG
s100_m3_combo,SELL,2025-12-26 13:01:00+00:00,4512.71,4514.58,4508.03,2025-12-26 13:04:00+00:00,4514.58,SL,-2.32,1.87,-1.2406,13,S100_OB_SHORT
s100_m3_combo,BUY,2025-12-26 13:19:00+00:00,4514.52,4510.02,4525.76,2025-12-26 13:40:00+00:00,4525.76,TP,10.79,4.5,2.3978,13,S100_OB_LONG
s100_m3_combo,BUY,2025-12-26 13:44:00+00:00,4522.74,4519.75,4530.24,2025-12-26 13:48:00+00:00,4519.75,SL,-3.44,2.99,-1.1505,13,S100_FVG_LONG
s100_m3_combo,BUY,2025-12-26 14:03:00+00:00,4523.09,4520.01,4530.79,2025-12-26 14:33:00+00:00,4530.79,TP,7.25,3.08,2.3539,14,S100_FVG_LONG
s100_m3_combo,BUY,2025-12-26 15:00:00+00:00,4520.85,4517.86,4528.34,2025-12-26 15:06:00+00:00,4528.34,TP,7.04,2.99,2.3545,15,S100_FVG_LONG
s100_m3_combo,BUY,2025-12-26 15:08:00+00:00,4527.41,4521.41,4542.43,2025-12-26 15:37:00+00:00,4542.43,TP,14.57,6.0,2.4283,15,S100_RSI3_MOMO_LONG
s100_m3_combo,SELL,2025-12-29 01:30:00+00:00,4500.87,4510.07,4477.88,2025-12-29 02:20:00+00:00,4510.07,SL,-9.65,9.2,-1.0489,1,S100_FVG_SHORT
s100_m3_combo,SELL,2025-12-29 03:30:00+00:00,4514.67,4518.02,4506.3,2025-12-29 03:34:00+00:00,4518.02,SL,-3.8,3.35,-1.1343,3,S100_OB_SHORT
s100_m3_combo,SELL,2025-12-29 05:06:00+00:00,4514.05,4516.02,4509.13,2025-12-29 05:31:00+00:00,4516.02,SL,-2.42,1.97,-1.2284,5,S100_FVG_SHORT
s100_m3_combo,SELL,2025-12-29 06:43:00+00:00,4492.22,4496.21,4482.25,2025-12-29 06:46:00+00:00,4482.25,TP,9.52,3.99,2.386,6,S100_FVG_SHORT
s100_m3_combo,SELL,2025-12-29 06:50:00+00:00,4481.4,4487.56,4466.02,2025-12-29 07:00:00+00:00,4466.02,TP,14.93,6.16,2.4237,6,S100_RSI3_MOMO_SHORT
s100_m3_combo,SELL,2025-12-29 07:08:00+00:00,4461.12,4473.07,4431.25,2025-12-29 07:13:00+00:00,4473.07,SL,-12.4,11.95,-1.0377,7,S100_FVG_SHORT
s100_m3_combo,SELL,2025-12-29 08:07:00+00:00,4474.94,4477.66,4468.16,2025-12-29 08:09:00+00:00,4477.66,SL,-3.17,2.72,-1.1654,8,S100_OB_SHORT
s100_m3_combo,SELL,2025-12-29 08:58:00+00:00,4462.16,4468.77,4445.65,2025-12-29 09:18:00+00:00,4468.77,SL,-7.06,6.61,-1.0681,8,S100_FVG_SHORT
s100_m3_combo,SELL,2025-12-29 14:15:00+00:00,4400.65,4406.86,4385.13,2025-12-29 14:30:00+00:00,4385.13,TP,15.07,6.21,2.4267,14,S100_FVG_SHORT
s100_m3_combo,SELL,2025-12-29 14:45:00+00:00,4375.74,4389.24,4342.01,2025-12-29 15:02:00+00:00,4342.01,TP,33.28,13.5,2.4652,14,S100_OB_SHORT
s100_m3_combo,SELL,2025-12-29 15:43:00+00:00,4336.22,4345.92,4311.98,2025-12-29 16:54:00+00:00,4345.92,SL,-10.15,9.7,-1.0464,15,S100_OB_SHORT
s100_m3_combo,SELL,2025-12-30 01:03:00+00:00,4336.51,4341.02,4325.22,2025-12-30 01:05:00+00:00,4325.22,TP,10.84,4.51,2.4035,1,S100_OB_SHORT
s100_m3_combo,SELL,2025-12-30 01:07:00+00:00,4336.51,4341.15,4324.89,2025-12-30 01:17:00+00:00,4341.15,SL,-5.09,4.64,-1.097,1,S100_OB_SHORT
s100_m3_combo,BUY,2025-12-30 03:02:00+00:00,4364.48,4360.65,4374.07,2025-12-30 03:07:00+00:00,4360.65,SL,-4.28,3.83,-1.1175,3,S100_RSI3_MOMO_LONG
s100_m3_combo,BUY,2025-12-30 05:18:00+00:00,4364.1,4361.99,4369.4,2025-12-30 05:22:00+00:00,4369.4,TP,4.85,2.11,2.2986,5,S100_FVG_LONG
s100_m3_combo,BUY,2025-12-30 05:32:00+00:00,4375.31,4372.1,4383.35,2025-12-30 06:15:00+00:00,4372.1,SL,-3.66,3.21,-1.1402,5,S100_RSI3_MOMO_LONG
s100_m3_combo,BUY,2025-12-30 06:51:00+00:00,4364.69,4362.63,4369.83,2025-12-30 06:52:00+00:00,4362.63,SL,-2.51,2.06,-1.2184,6,S100_FVG_LONG
s100_m3_combo,BUY,2025-12-30 07:21:00+00:00,4368.72,4362.89,4383.3,2025-12-30 07:50:00+00:00,4383.3,TP,14.13,5.83,2.4237,7,S100_FVG_LONG
s100_m3_combo,BUY,2025-12-30 08:14:00+00:00,4370.72,4368.19,4377.02,2025-12-30 08:19:00+00:00,4368.19,SL,-2.98,2.53,-1.1779,8,S100_FVG_LONG
s100_m3_combo,BUY,2025-12-30 13:57:00+00:00,4386.75,4382.01,4398.6,2025-12-30 14:17:00+00:00,4382.01,SL,-5.19,4.74,-1.0949,13,S100_FVG_LONG
s100_m3_combo,SELL,2025-12-30 15:40:00+00:00,4372.56,4376.83,4361.89,2025-12-30 15:43:00+00:00,4361.89,TP,10.22,4.27,2.3934,15,S100_OB_SHORT
s100_m3_combo,SELL,2025-12-30 15:48:00+00:00,4364.94,4370.24,4351.72,2025-12-30 15:56:00+00:00,4370.24,SL,-5.75,5.3,-1.0849,15,S100_FVG_SHORT
s100_m3_combo,BUY,2025-12-31 02:45:00+00:00,4368.83,4365.31,4377.63,2025-12-31 02:46:00+00:00,4365.31,SL,-3.97,3.52,-1.1278,2,S100_FVG_LONG
s100_m3_combo,SELL,2025-12-31 03:27:00+00:00,4346.66,4351.71,4334.05,2025-12-31 03:32:00+00:00,4351.71,SL,-5.5,5.05,-1.0891,3,S100_FVG_SHORT
s100_m3_combo,SELL,2025-12-31 03:56:00+00:00,4346.38,4350.52,4336.03,2025-12-31 04:06:00+00:00,4350.52,SL,-4.59,4.14,-1.1087,3,S100_RSI3_MOMO_SHORT
s100_m3_combo,SELL,2025-12-31 04:22:00+00:00,4345.82,4348.31,4339.6,2025-12-31 04:26:00+00:00,4348.31,SL,-2.94,2.49,-1.1807,4,S100_FVG_SHORT
s100_m3_combo,SELL,2025-12-31 04:37:00+00:00,4346.44,4348.76,4340.61,2025-12-31 04:54:00+00:00,4340.61,TP,5.38,2.32,2.319,4,S100_OB_SHORT
s100_m3_combo,SELL,2025-12-31 05:03:00+00:00,4333.31,4335.84,4326.96,2025-12-31 05:17:00+00:00,4335.84,SL,-2.98,2.53,-1.1779,5,S100_FVG_SHORT
s100_m3_combo,SELL,2025-12-31 05:47:00+00:00,4321.19,4327.2,4306.18,2025-12-31 05:48:00+00:00,4306.18,TP,14.56,6.01,2.4226,5,S100_RSI3_MOMO_SHORT
s100_m3_combo,SELL,2025-12-31 06:06:00+00:00,4293.88,4301.91,4273.81,2025-12-31 06:18:00+00:00,4301.91,SL,-8.48,8.03,-1.056,6,S100_FVG_SHORT
s100_m3_combo,SELL,2025-12-31 08:15:00+00:00,4323.13,4325.49,4317.24,2025-12-31 08:17:00+00:00,4325.49,SL,-2.81,2.36,-1.1907,8,S100_FVG_SHORT
s100_m3_combo,SELL,2025-12-31 13:09:00+00:00,4312.09,4314.56,4305.92,2025-12-31 13:16:00+00:00,4314.56,SL,-2.92,2.47,-1.1822,13,S100_FVG_SHORT
s100_m3_combo,BUY,2025-12-31 14:38:00+00:00,4341.26,4336.56,4353.01,2025-12-31 14:39:00+00:00,4336.56,SL,-5.15,4.7,-1.0957,14,S100_FVG_LONG
s100_m3_combo,BUY,2025-12-31 14:59:00+00:00,4348.09,4344.53,4356.97,2025-12-31 15:00:00+00:00,4344.53,SL,-4.01,3.56,-1.1264,14,S100_OB_LONG
s100_m3_combo,BUY,2025-12-31 15:39:00+00:00,4335.15,4330.07,4347.87,2025-12-31 15:44:00+00:00,4330.07,SL,-5.53,5.08,-1.0886,15,S100_OB_LONG
s100_m3_combo,BUY,2026-01-02 01:55:00+00:00,4349.72,4346.62,4357.47,2026-01-02 02:13:00+00:00,4346.62,SL,-3.55,3.1,-1.1452,1,S100_FVG_LONG
s100_m3_combo,BUY,2026-01-02 02:27:00+00:00,4347.28,4345.35,4352.11,2026-01-02 02:36:00+00:00,4352.11,TP,4.38,1.93,2.2694,2,S100_OB_LONG
s100_m3_combo,BUY,2026-01-02 03:38:00+00:00,4371.39,4368.6,4378.36,2026-01-02 04:07:00+00:00,4378.36,TP,6.52,2.79,2.3369,3,S100_RSI3_MOMO_LONG
s100_m3_combo,BUY,2026-01-02 04:28:00+00:00,4374.86,4371.92,4382.22,2026-01-02 04:32:00+00:00,4371.92,SL,-3.39,2.94,-1.1531,4,S100_OB_LONG
s100_m3_combo,BUY,2026-01-02 07:40:00+00:00,4378.65,4376.3,4384.55,2026-01-02 07:42:00+00:00,4376.3,SL,-2.8,2.35,-1.1915,7,S100_FVG_LONG
s100_m3_combo,BUY,2026-01-02 08:13:00+00:00,4384.38,4382.28,4389.6,2026-01-02 08:21:00+00:00,4382.28,SL,-2.55,2.1,-1.2143,8,S100_OB_LONG
s100_m3_combo,BUY,2026-01-02 08:52:00+00:00,4392.95,4390.23,4399.74,2026-01-02 08:58:00+00:00,4390.23,SL,-3.17,2.72,-1.1654,8,S100_FVG_LONG
s100_m3_combo,BUY,2026-01-02 13:19:00+00:00,4399.58,4397.73,4404.21,2026-01-02 13:20:00+00:00,4397.73,SL,-2.3,1.85,-1.2432,13,S100_FVG_LONG
s100_m3_combo,BUY,2026-01-02 13:49:00+00:00,4371.31,4366.96,4382.19,2026-01-02 13:54:00+00:00,4366.96,SL,-4.8,4.35,-1.1034,13,S100_OB_LONG
s100_m3_combo,SELL,2026-01-02 14:47:00+00:00,4361.24,4369.24,4341.25,2026-01-02 15:06:00+00:00,4341.25,TP,19.54,8.0,2.4425,14,S100_FVG_SHORT
s100_m3_combo,SELL,2026-01-02 15:24:00+00:00,4335.41,4342.86,4316.81,2026-01-02 15:40:00+00:00,4342.86,SL,-7.9,7.45,-1.0604,15,S100_OB_SHORT
s100_m3_combo,SELL,2026-01-02 15:59:00+00:00,4335.4,4341.08,4321.18,2026-01-02 16:13:00+00:00,4321.18,TP,13.77,5.68,2.4243,15,S100_RSI3_MOMO_SHORT
s100_m3_combo,BUY,2026-01-05 01:06:00+00:00,4406.06,4395.0,4433.7,2026-01-05 01:20:00+00:00,4395.0,SL,-11.51,11.06,-1.0407,1,S100_FVG_LONG
s100_m3_combo,BUY,2026-01-05 02:57:00+00:00,4406.92,4404.56,4412.81,2026-01-05 02:59:00+00:00,4404.56,SL,-2.81,2.36,-1.1907,2,S100_FVG_LONG
s100_m3_combo,BUY,2026-01-05 03:09:00+00:00,4410.16,4407.29,4417.36,2026-01-05 03:27:00+00:00,4407.29,SL,-3.32,2.87,-1.1568,3,S100_FVG_LONG
s100_m3_combo,BUY,2026-01-05 03:48:00+00:00,4407.95,4405.19,4414.86,2026-01-05 03:56:00+00:00,4405.19,SL,-3.21,2.76,-1.163,3,S100_FVG_LONG
s100_m3_combo,BUY,2026-01-05 05:18:00+00:00,4408.17,4406.34,4412.76,2026-01-05 05:29:00+00:00,4412.76,TP,4.14,1.83,2.2623,5,S100_FVG_LONG
s100_m3_combo,BUY,2026-01-05 06:16:00+00:00,4415.56,4413.11,4421.71,2026-01-05 06:25:00+00:00,4421.71,TP,5.7,2.45,2.3265,6,S100_OB_LONG
s100_m3_combo,BUY,2026-01-05 07:21:00+00:00,4421.31,4419.62,4425.56,2026-01-05 07:25:00+00:00,4419.62,SL,-2.14,1.69,-1.2663,7,S100_FVG_LONG
s100_m3_combo,BUY,2026-01-05 07:41:00+00:00,4423.63,4420.84,4430.6,2026-01-05 07:47:00+00:00,4420.84,SL,-3.24,2.79,-1.1613,7,S100_RSI3_MOMO_LONG
s100_m3_combo,BUY,2026-01-05 08:21:00+00:00,4426.62,4424.63,4431.6,2026-01-05 08:30:00+00:00,4424.63,SL,-2.44,1.99,-1.2261,8,S100_FVG_LONG
s100_m3_combo,SELL,2026-01-05 13:26:00+00:00,4405.98,4411.05,4393.32,2026-01-05 13:36:00+00:00,4411.05,SL,-5.52,5.07,-1.0888,13,S100_RSI3_MOMO_SHORT
s100_m3_combo,BUY,2026-01-05 14:51:00+00:00,4432.93,4429.07,4442.57,2026-01-05 14:55:00+00:00,4442.57,TP,9.19,3.86,2.3808,14,S100_FVG_LONG
s100_m3_combo,BUY,2026-01-05 14:55:00+00:00,4437.41,4431.73,4451.63,2026-01-05 15:03:00+00:00,4451.63,TP,13.77,5.68,2.4243,14,S100_RSI3_MOMO_LONG
s100_m3_combo,BUY,2026-01-05 15:11:00+00:00,4449.51,4445.91,4458.5,2026-01-05 15:12:00+00:00,4445.91,SL,-4.05,3.6,-1.125,15,S100_FVG_LONG
s100_m3_combo,BUY,2026-01-05 15:49:00+00:00,4443.99,4439.7,4454.72,2026-01-05 16:08:00+00:00,4439.7,SL,-4.74,4.29,-1.1049,15,S100_FVG_LONG
s100_m3_combo,SELL,2026-01-06 01:04:00+00:00,4435.13,4438.76,4426.05,2026-01-06 01:08:00+00:00,4438.76,SL,-4.08,3.63,-1.124,1,S100_OB_SHORT
s100_m3_combo,SELL,2026-01-06 01:35:00+00:00,4437.28,4440.28,4429.79,2026-01-06 01:39:00+00:00,4440.28,SL,-3.45,3.0,-1.15,1,S100_FVG_SHORT
s100_m3_combo,BUY,2026-01-06 02:00:00+00:00,4449.84,4446.05,4459.29,2026-01-06 02:10:00+00:00,4459.29,TP,9.0,3.79,2.3747,2,S100_FVG_LONG
s100_m3_combo,BUY,2026-01-06 02:31:00+00:00,4459.59,4457.21,4465.51,2026-01-06 02:33:00+00:00,4457.21,SL,-2.83,2.38,-1.1891,2,S100_OB_LONG
s100_m3_combo,BUY,2026-01-06 03:47:00+00:00,4466.63,4463.91,4473.43,2026-01-06 04:15:00+00:00,4463.91,SL,-3.17,2.72,-1.1654,3,S100_RSI3_MOMO_LONG
s100_m3_combo,BUY,2026-01-06 04:59:00+00:00,4467.57,4465.65,4472.37,2026-01-06 05:30:00+00:00,4472.37,TP,4.35,1.92,2.2656,4,S100_RSI3_MOMO_LONG
s100_m3_combo,BUY,2026-01-06 06:26:00+00:00,4459.41,4455.63,4468.88,2026-01-06 07:08:00+00:00,4468.88,TP,9.02,3.78,2.3862,6,S100_RSI3_MOMO_LONG
s100_m3_combo,BUY,2026-01-06 07:13:00+00:00,4468.91,4465.56,4477.28,2026-01-06 07:21:00+00:00,4465.56,SL,-3.8,3.35,-1.1343,7,S100_FVG_LONG
s100_m3_combo,BUY,2026-01-06 08:11:00+00:00,4461.69,4459.88,4466.19,2026-01-06 08:20:00+00:00,4466.19,TP,4.05,1.81,2.2376,8,S100_FVG_LONG
s100_m3_combo,BUY,2026-01-06 08:30:00+00:00,4470.9,4467.78,4478.69,2026-01-06 08:31:00+00:00,4467.78,SL,-3.57,3.12,-1.1442,8,S100_FVG_LONG
s100_m3_combo,BUY,2026-01-06 13:18:00+00:00,4467.93,4464.91,4475.49,2026-01-06 13:20:00+00:00,4464.91,SL,-3.47,3.02,-1.149,13,S100_OB_LONG
s100_m3_combo,BUY,2026-01-06 14:20:00+00:00,4466.15,4462.91,4474.27,2026-01-06 14:31:00+00:00,4474.27,TP,7.67,3.24,2.3673,14,S100_FVG_LONG
s100_m3_combo,BUY,2026-01-06 14:39:00+00:00,4478.12,4473.95,4488.55,2026-01-06 14:55:00+00:00,4488.55,TP,9.98,4.17,2.3933,14,S100_FVG_LONG
s100_m3_combo,BUY,2026-01-06 15:02:00+00:00,4484.72,4481.4,4493.01,2026-01-06 15:11:00+00:00,4481.4,SL,-3.77,3.32,-1.1355,15,S100_OB_LONG
s100_m3_combo,BUY,2026-01-06 15:45:00+00:00,4473.99,4469.98,4484.02,2026-01-06 16:26:00+00:00,4484.02,TP,9.58,4.01,2.389,15,S100_FVG_LONG
s100_m3_combo,SELL,2026-01-07 01:14:00+00:00,4471.25,4477.16,4456.48,2026-01-07 01:22:00+00:00,4477.16,SL,-6.36,5.91,-1.0761,1,S100_RSI3_MOMO_SHORT
s100_m3_combo,SELL,2026-01-07 04:02:00+00:00,4473.98,4476.18,4468.5,2026-01-07 04:17:00+00:00,4468.5,TP,5.03,2.2,2.2864,4,S100_RSI3_MOMO_SHORT
s100_m3_combo,SELL,2026-01-07 04:33:00+00:00,4467.21,4469.25,4462.1,2026-01-07 05:05:00+00:00,4462.1,TP,4.66,2.04,2.2843,4,S100_FVG_SHORT
s100_m3_combo,SELL,2026-01-07 06:29:00+00:00,4456.14,4460.59,4445.01,2026-01-07 06:37:00+00:00,4445.01,TP,10.68,4.45,2.4,6,S100_OB_SHORT
s100_m3_combo,SELL,2026-01-07 06:39:00+00:00,4448.69,4452.37,4439.51,2026-01-07 06:41:00+00:00,4452.37,SL,-4.13,3.68,-1.1223,6,S100_FVG_SHORT
s100_m3_combo,SELL,2026-01-07 07:01:00+00:00,4445.27,4448.22,4437.89,2026-01-07 07:05:00+00:00,4448.22,SL,-3.4,2.95,-1.1525,7,S100_FVG_SHORT
s100_m3_combo,SELL,2026-01-07 13:03:00+00:00,4450.06,4454.0,4440.19,2026-01-07 13:06:00+00:00,4440.19,TP,9.42,3.94,2.3909,13,S100_OB_SHORT
s100_m3_combo,SELL,2026-01-07 13:27:00+00:00,4445.05,4449.82,4433.12,2026-01-07 13:43:00+00:00,4449.82,SL,-5.22,4.77,-1.0943,13,S100_OB_SHORT
s100_m3_combo,SELL,2026-01-07 14:24:00+00:00,4447.14,4450.29,4439.25,2026-01-07 14:31:00+00:00,4450.29,SL,-3.6,3.15,-1.1429,14,S100_OB_SHORT
s100_m3_combo,SELL,2026-01-07 14:41:00+00:00,4444.71,4451.71,4427.21,2026-01-07 14:56:00+00:00,4451.71,SL,-7.45,7.0,-1.0643,14,S100_OB_SHORT
s100_m3_combo,SELL,2026-01-07 15:25:00+00:00,4433.85,4441.37,4415.03,2026-01-07 15:29:00+00:00,4441.37,SL,-7.97,7.52,-1.0598,15,S100_FVG_SHORT
s100_m3_combo,SELL,2026-01-07 15:45:00+00:00,4442.51,4451.25,4420.66,2026-01-07 16:21:00+00:00,4451.25,SL,-9.19,8.74,-1.0515,15,S100_OB_SHORT
s100_m3_combo,BUY,2026-01-08 01:04:00+00:00,4451.13,4449.5,4455.21,2026-01-08 01:05:00+00:00,4455.21,TP,3.63,1.63,2.227,1,S100_OB_LONG
s100_m3_combo,BUY,2026-01-08 01:12:00+00:00,4458.18,4455.1,4465.88,2026-01-08 01:15:00+00:00,4455.1,SL,-3.53,3.08,-1.1461,1,S100_FVG_LONG
s100_m3_combo,SELL,2026-01-08 02:06:00+00:00,4445.01,4449.31,4434.25,2026-01-08 02:37:00+00:00,4434.25,TP,10.31,4.3,2.3977,2,S100_OB_SHORT
s100_m3_combo,SELL,2026-01-08 03:21:00+00:00,4442.71,4446.25,4433.85,2026-01-08 03:31:00+00:00,4446.25,SL,-3.99,3.54,-1.1271,3,S100_OB_SHORT
s100_m3_combo,SELL,2026-01-08 03:43:00+00:00,4442.16,4444.15,4437.19,2026-01-08 04:07:00+00:00,4437.19,TP,4.52,1.99,2.2714,3,S100_FVG_SHORT
s100_m3_combo,SELL,2026-01-08 04:32:00+00:00,4435.87,4437.99,4430.57,2026-01-08 04:33:00+00:00,4437.99,SL,-2.57,2.12,-1.2123,4,S100_RSI3_MOMO_SHORT
s100_m3_combo,SELL,2026-01-08 04:54:00+00:00,4432.58,4434.55,4427.65,2026-01-08 05:05:00+00:00,4427.65,TP,4.48,1.97,2.2741,4,S100_FVG_SHORT
s100_m3_combo,SELL,2026-01-08 05:08:00+00:00,4428.49,4430.77,4422.79,2026-01-08 05:16:00+00:00,4422.79,TP,5.25,2.28,2.3026,5,S100_RSI3_MOMO_SHORT
s100_m3_combo,SELL,2026-01-08 05:17:00+00:00,4426.73,4429.18,4420.6,2026-01-08 05:22:00+00:00,4429.18,SL,-2.9,2.45,-1.1837,5,S100_RSI3_MOMO_SHORT
s100_m3_combo,SELL,2026-01-08 05:46:00+00:00,4421.26,4423.15,4416.51,2026-01-08 05:55:00+00:00,4423.15,SL,-2.34,1.89,-1.2381,5,S100_OB_SHORT
s100_m3_combo,SELL,2026-01-08 06:24:00+00:00,4425.83,4428.6,4418.9,2026-01-08 06:30:00+00:00,4428.6,SL,-3.22,2.77,-1.1625,6,S100_OB_SHORT
s100_m3_combo,SELL,2026-01-08 07:29:00+00:00,4436.14,4438.04,4431.39,2026-01-08 07:40:00+00:00,4431.39,TP,4.3,1.9,2.2632,7,S100_FVG_SHORT
s100_m3_combo,SELL,2026-01-08 08:50:00+00:00,4424.67,4426.85,4419.21,2026-01-08 08:53:00+00:00,4426.85,SL,-2.63,2.18,-1.2064,8,S100_FVG_SHORT
s100_m3_combo,SELL,2026-01-08 13:09:00+00:00,4421.44,4425.6,4411.01,2026-01-08 13:18:00+00:00,4425.6,SL,-4.61,4.16,-1.1082,13,S100_FVG_SHORT
s100_m3_combo,SELL,2026-01-08 14:01:00+00:00,4425.16,4429.45,4414.46,2026-01-08 14:25:00+00:00,4429.45,SL,-4.74,4.29,-1.1049,14,S100_FVG_SHORT
s100_m3_combo,SELL,2026-01-08 14:46:00+00:00,4431.39,4435.4,4421.36,2026-01-08 14:47:00+00:00,4435.4,SL,-4.46,4.01,-1.1122,14,S100_OB_SHORT
s100_m3_combo,BUY,2026-01-08 15:19:00+00:00,4448.82,4446.66,4454.21,2026-01-08 15:20:00+00:00,4446.66,SL,-2.61,2.16,-1.2083,15,S100_OB_LONG
s100_m3_combo,BUY,2026-01-08 15:38:00+00:00,4447.06,4442.31,4458.93,2026-01-08 16:32:00+00:00,4458.93,TP,11.42,4.75,2.4042,15,S100_OB_LONG
s100_m3_combo,BUY,2026-01-09 01:50:00+00:00,4462.57,4460.34,4468.15,2026-01-09 01:52:00+00:00,4468.15,TP,5.13,2.23,2.3004,1,S100_FVG_LONG
s100_m3_combo,BUY,2026-01-09 02:12:00+00:00,4472.56,4469.33,4480.62,2026-01-09 02:32:00+00:00,4469.33,SL,-3.68,3.23,-1.1393,2,S100_FVG_LONG
s100_m3_combo,BUY,2026-01-09 02:45:00+00:00,4472.2,4469.69,4478.49,2026-01-09 02:51:00+00:00,4469.69,SL,-2.96,2.51,-1.1793,2,S100_OB_LONG
s100_m3_combo,SELL,2026-01-09 05:26:00+00:00,4461.97,4464.06,4456.72,2026-01-09 05:27:00+00:00,4464.06,SL,-2.54,2.09,-1.2153,5,S100_OB_SHORT
s100_m3_combo,BUY,2026-01-09 06:47:00+00:00,4475.97,4473.56,4481.99,2026-01-09 06:55:00+00:00,4473.56,SL,-2.86,2.41,-1.1867,6,S100_RSI3_MOMO_LONG
s100_m3_combo,BUY,2026-01-09 06:55:00+00:00,4472.92,4471.16,4477.33,2026-01-09 07:14:00+00:00,4471.16,SL,-2.21,1.76,-1.2557,6,S100_FVG_LONG
s100_m3_combo,BUY,2026-01-09 07:40:00+00:00,4471.44,4469.59,4476.05,2026-01-09 07:58:00+00:00,4469.59,SL,-2.3,1.85,-1.2432,7,S100_OB_LONG
s100_m3_combo,BUY,2026-01-09 08:15:00+00:00,4473.41,4471.34,4478.58,2026-01-09 08:31:00+00:00,4471.34,SL,-2.52,2.07,-1.2174,8,S100_FVG_LONG
s100_m3_combo,BUY,2026-01-09 13:36:00+00:00,4481.95,4472.91,4504.56,2026-01-09 14:48:00+00:00,4485.62,TIME,3.22,9.04,0.3562,13,S100_FVG_LONG
s100_m3_combo,BUY,2026-01-09 15:28:00+00:00,4506.06,4498.51,4524.92,2026-01-09 16:40:00+00:00,4504.085,TIME,-2.425,7.55,-0.3212,15,S100_FVG_LONG
s100_m3_combo,BUY,2026-01-12 02:48:00+00:00,4578.52,4574.28,4589.11,2026-01-12 02:53:00+00:00,4574.28,SL,-4.69,4.24,-1.1061,2,S100_FVG_LONG
s100_m3_combo,BUY,2026-01-12 03:08:00+00:00,4577.47,4575.11,4583.34,2026-01-12 03:42:00+00:00,4575.11,SL,-2.81,2.36,-1.1907,3,S100_OB_LONG
s100_m3_combo,BUY,2026-01-12 04:23:00+00:00,4571.27,4568.22,4578.9,2026-01-12 04:25:00+00:00,4568.22,SL,-3.5,3.05,-1.1475,4,S100_RSI3_MOMO_LONG
s100_m3_combo,BUY,2026-01-12 05:37:00+00:00,4575.94,4573.52,4582.0,2026-01-12 05:44:00+00:00,4582.0,TP,5.61,2.42,2.3182,5,S100_FVG_LONG
s100_m3_combo,BUY,2026-01-12 06:04:00+00:00,4577.09,4575.21,4581.78,2026-01-12 06:06:00+00:00,4575.21,SL,-2.33,1.88,-1.2394,6,S100_OB_LONG
s100_m3_combo,BUY,2026-01-12 06:39:00+00:00,4572.85,4570.84,4577.88,2026-01-12 06:52:00+00:00,4577.88,TP,4.58,2.01,2.2786,6,S100_OB_LONG
s100_m3_combo,BUY,2026-01-12 06:57:00+00:00,4577.98,4575.91,4583.13,2026-01-12 07:01:00+00:00,4575.91,SL,-2.52,2.07,-1.2174,6,S100_FVG_LONG
s100_m3_combo,BUY,2026-01-12 07:14:00+00:00,4583.49,4580.62,4590.66,2026-01-12 07:27:00+00:00,4580.62,SL,-3.32,2.87,-1.1568,7,S100_RSI3_MOMO_LONG
s100_m3_combo,BUY,2026-01-12 07:27:00+00:00,4581.03,4577.17,4590.7,2026-01-12 08:39:00+00:00,4586.975,TIME,5.495,3.86,1.4236,7,S100_FVG_LONG
s100_m3_combo,BUY,2026-01-12 08:44:00+00:00,4586.16,4584.04,4591.47,2026-01-12 08:47:00+00:00,4591.47,TP,4.86,2.12,2.2925,8,S100_FVG_LONG
s100_m3_combo,BUY,2026-01-12 08:54:00+00:00,4595.95,4592.59,4604.38,2026-01-12 09:49:00+00:00,4592.59,SL,-3.81,3.36,-1.1339,8,S100_FVG_LONG
s100_m3_combo,BUY,2026-01-12 14:43:00+00:00,4605.16,4599.45,4619.43,2026-01-12 14:46:00+00:00,4599.45,SL,-6.16,5.71,-1.0788,14,S100_FVG_LONG
s100_m3_combo,BUY,2026-01-12 15:21:00+00:00,4612.22,4609.24,4619.65,2026-01-12 15:25:00+00:00,4619.65,TP,6.98,2.98,2.3423,15,S100_OB_LONG
s100_m3_combo,SELL,2026-01-13 01:21:00+00:00,4588.85,4592.84,4578.89,2026-01-13 01:31:00+00:00,4578.89,TP,9.51,3.99,2.3835,1,S100_FVG_SHORT
s100_m3_combo,SELL,2026-01-13 01:36:00+00:00,4579.22,4582.59,4570.79,2026-01-13 01:37:00+00:00,4582.59,SL,-3.82,3.37,-1.1335,1,S100_FVG_SHORT
s100_m3_combo,SELL,2026-01-13 03:50:00+00:00,4592.99,4595.14,4587.63,2026-01-13 03:56:00+00:00,4595.14,SL,-2.6,2.15,-1.2093,3,S100_RSI3_MOMO_SHORT
s100_m3_combo,SELL,2026-01-13 04:29:00+00:00,4598.02,4599.57,4594.14,2026-01-13 04:44:00+00:00,4599.57,SL,-2.0,1.55,-1.2903,4,S100_OB_SHORT
s100_m3_combo,SELL,2026-01-13 06:04:00+00:00,4591.73,4595.91,4581.3,2026-01-13 06:33:00+00:00,4581.3,TP,9.98,4.18,2.3876,6,S100_OB_SHORT
s100_m3_combo,SELL,2026-01-13 06:33:00+00:00,4582.94,4586.16,4574.91,2026-01-13 06:41:00+00:00,4574.91,TP,7.58,3.22,2.354,6,S100_RSI3_MOMO_SHORT
s100_m3_combo,SELL,2026-01-13 08:04:00+00:00,4584.28,4585.96,4580.09,2026-01-13 08:05:00+00:00,4585.96,SL,-2.13,1.68,-1.2679,8,S100_OB_SHORT
s100_m3_combo,BUY,2026-01-13 13:17:00+00:00,4600.61,4597.18,4609.2,2026-01-13 13:30:00+00:00,4609.2,TP,8.14,3.43,2.3732,13,S100_FVG_LONG
s100_m3_combo,BUY,2026-01-13 13:37:00+00:00,4611.08,4603.84,4629.18,2026-01-13 14:46:00+00:00,4629.18,TP,17.65,7.24,2.4378,13,S100_FVG_LONG
s100_m3_combo,BUY,2026-01-13 14:52:00+00:00,4630.13,4624.98,4643.01,2026-01-13 14:54:00+00:00,4624.98,SL,-5.6,5.15,-1.0874,14,S100_FVG_LONG
s100_m3_combo,BUY,2026-01-13 15:56:00+00:00,4618.1,4611.07,4635.66,2026-01-13 16:06:00+00:00,4611.07,SL,-7.48,7.03,-1.064,15,S100_RSI3_MOMO_LONG
s100_m3_combo,BUY,2026-01-14 01:07:00+00:00,4611.95,4609.93,4617.0,2026-01-14 01:13:00+00:00,4617.0,TP,4.6,2.02,2.2772,1,S100_FVG_LONG
s100_m3_combo,BUY,2026-01-14 01:17:00+00:00,4617.35,4613.58,4626.76,2026-01-14 01:24:00+00:00,4613.58,SL,-4.22,3.77,-1.1194,1,S100_RSI3_MOMO_LONG
s100_m3_combo,BUY,2026-01-14 02:05:00+00:00,4620.08,4617.01,4627.75,2026-01-14 02:08:00+00:00,4617.01,SL,-3.52,3.07,-1.1466,2,S100_RSI3_MOMO_LONG
s100_m3_combo,BUY,2026-01-14 02:09:00+00:00,4615.6,4613.85,4619.98,2026-01-14 02:21:00+00:00,4619.98,TP,3.93,1.75,2.2457,2,S100_OB_LONG
s100_m3_combo,BUY,2026-01-14 04:39:00+00:00,4628.84,4627.19,4632.94,2026-01-14 04:45:00+00:00,4627.19,SL,-2.1,1.65,-1.2727,4,S100_FVG_LONG
s100_m3_combo,BUY,2026-01-14 05:47:00+00:00,4638.23,4635.26,4645.65,2026-01-14 05:51:00+00:00,4635.26,SL,-3.42,2.97,-1.1515,5,S100_RSI3_MOMO_LONG
s100_m3_combo,BUY,2026-01-14 06:21:00+00:00,4631.97,4628.3,4641.13,2026-01-14 06:33:00+00:00,4628.3,SL,-4.12,3.67,-1.1226,6,S100_FVG_LONG
s100_m3_combo,BUY,2026-01-14 07:00:00+00:00,4634.27,4632.42,4638.89,2026-01-14 07:09:00+00:00,4632.42,SL,-2.3,1.85,-1.2432,7,S100_OB_LONG
s100_m3_combo,BUY,2026-01-14 07:21:00+00:00,4633.12,4631.21,4637.89,2026-01-14 07:23:00+00:00,4637.89,TP,4.32,1.91,2.2618,7,S100_OB_LONG
s100_m3_combo,BUY,2026-01-14 07:26:00+00:00,4639.06,4635.85,4647.07,2026-01-14 07:30:00+00:00,4635.85,SL,-3.66,3.21,-1.1402,7,S100_RSI3_MOMO_LONG
s100_m3_combo,BUY,2026-01-14 08:42:00+00:00,4630.84,4627.98,4637.97,2026-01-14 08:47:00+00:00,4637.97,TP,6.68,2.86,2.3357,8,S100_OB_LONG
s100_m3_combo,BUY,2026-01-14 08:54:00+00:00,4634.94,4632.06,4642.15,2026-01-14 09:35:00+00:00,4632.06,SL,-3.33,2.88,-1.1563,8,S100_FVG_LONG
s100_m3_combo,BUY,2026-01-14 14:26:00+00:00,4634.4,4631.18,4642.44,2026-01-14 14:31:00+00:00,4631.18,SL,-3.67,3.22,-1.1398,14,S100_OB_LONG
s100_m3_combo,SELL,2026-01-14 15:06:00+00:00,4607.89,4615.0,4590.1,2026-01-14 15:13:00+00:00,4615.0,SL,-7.56,7.11,-1.0633,15,S100_FVG_SHORT
s100_m3_combo,SELL,2026-01-14 15:40:00+00:00,4620.86,4625.3,4609.76,2026-01-14 16:52:00+00:00,4614.365,TIME,6.045,4.44,1.3615,15,S100_OB_SHORT
s100_m3_combo,SELL,2026-01-15 01:07:00+00:00,4611.89,4614.72,4604.81,2026-01-15 01:09:00+00:00,4614.72,SL,-3.28,2.83,-1.159,1,S100_FVG_SHORT
s100_m3_combo,SELL,2026-01-15 01:26:00+00:00,4601.51,4606.35,4589.39,2026-01-15 01:31:00+00:00,4589.39,TP,11.67,4.84,2.4112,1,S100_RSI3_MOMO_SHORT
s100_m3_combo,SELL,2026-01-15 01:36:00+00:00,4595.98,4601.49,4582.21,2026-01-15 01:43:00+00:00,4601.49,SL,-5.96,5.51,-1.0817,1,S100_FVG_SHORT
s100_m3_combo,SELL,2026-01-15 02:30:00+00:00,4612.34,4614.87,4606.01,2026-01-15 02:37:00+00:00,4606.01,TP,5.88,2.53,2.3241,2,S100_OB_SHORT
s100_m3_combo,SELL,2026-01-15 03:23:00+00:00,4587.44,4592.66,4574.39,2026-01-15 03:37:00+00:00,4592.66,SL,-5.67,5.22,-1.0862,3,S100_RSI3_MOMO_SHORT
s100_m3_combo,SELL,2026-01-15 04:50:00+00:00,4593.6,4596.21,4587.1,2026-01-15 05:15:00+00:00,4587.1,TP,6.05,2.61,2.318,4,S100_OB_SHORT
s100_m3_combo,SELL,2026-01-15 05:22:00+00:00,4587.85,4590.32,4581.66,2026-01-15 05:28:00+00:00,4590.32,SL,-2.92,2.47,-1.1822,5,S100_FVG_SHORT
s100_m3_combo,SELL,2026-01-15 05:38:00+00:00,4587.02,4593.95,4569.68,2026-01-15 05:51:00+00:00,4593.95,SL,-7.38,6.93,-1.0649,5,S100_OB_SHORT
s100_m3_combo,SELL,2026-01-15 06:38:00+00:00,4607.01,4609.25,4601.4,2026-01-15 06:49:00+00:00,4609.25,SL,-2.69,2.24,-1.2009,6,S100_OB_SHORT
s100_m3_combo,SELL,2026-01-15 07:57:00+00:00,4600.85,4602.79,4596.0,2026-01-15 08:00:00+00:00,4602.79,SL,-2.39,1.94,-1.232,7,S100_OB_SHORT
s100_m3_combo,SELL,2026-01-15 08:03:00+00:00,4600.11,4602.38,4594.45,2026-01-15 08:07:00+00:00,4602.38,SL,-2.72,2.27,-1.1982,8,S100_OB_SHORT
s100_m3_combo,SELL,2026-01-15 14:09:00+00:00,4596.35,4598.03,4592.15,2026-01-15 14:10:00+00:00,4598.03,SL,-2.13,1.68,-1.2679,14,S100_OB_SHORT
s100_m3_combo,BUY,2026-01-15 15:20:00+00:00,4617.38,4611.8,4631.31,2026-01-15 15:40:00+00:00,4611.8,SL,-6.03,5.58,-1.0806,15,S100_RSI3_MOMO_LONG
s100_m3_combo,SELL,2026-01-16 01:02:00+00:00,4598.77,4601.42,4592.15,2026-01-16 01:08:00+00:00,4601.42,SL,-3.1,2.65,-1.1698,1,S100_RSI3_MOMO_SHORT
s100_m3_combo,SELL,2026-01-16 02:16:00+00:00,4601.15,4604.21,4593.51,2026-01-16 02:21:00+00:00,4604.21,SL,-3.51,3.06,-1.1471,2,S100_OB_SHORT
s100_m3_combo,SELL,2026-01-16 02:39:00+00:00,4594.39,4596.97,4587.94,2026-01-16 02:46:00+00:00,4596.97,SL,-3.03,2.58,-1.1744,2,S100_FVG_SHORT
s100_m3_combo,SELL,2026-01-16 03:00:00+00:00,4595.91,4598.15,4590.33,2026-01-16 03:03:00+00:00,4598.15,SL,-2.69,2.24,-1.2009,3,S100_OB_SHORT
s100_m3_combo,SELL,2026-01-16 03:32:00+00:00,4594.56,4597.12,4588.14,2026-01-16 03:40:00+00:00,4597.12,SL,-3.01,2.56,-1.1758,3,S100_RSI3_MOMO_SHORT
s100_m3_combo,BUY,2026-01-16 05:56:00+00:00,4613.6,4610.49,4621.38,2026-01-16 06:02:00+00:00,4610.49,SL,-3.56,3.11,-1.1447,5,S100_RSI3_MOMO_LONG
s100_m3_combo,BUY,2026-01-16 06:25:00+00:00,4606.54,4604.3,4612.13,2026-01-16 06:30:00+00:00,4604.3,SL,-2.69,2.24,-1.2009,6,S100_OB_LONG
s100_m3_combo,SELL,2026-01-16 06:50:00+00:00,4598.86,4601.86,4591.37,2026-01-16 07:05:00+00:00,4601.86,SL,-3.45,3.0,-1.15,6,S100_FVG_SHORT
s100_m3_combo,BUY,2026-01-16 07:52:00+00:00,4606.92,4603.45,4615.6,2026-01-16 08:43:00+00:00,4603.45,SL,-3.92,3.47,-1.1297,7,S100_FVG_LONG
s100_m3_combo,SELL,2026-01-16 13:22:00+00:00,4589.79,4596.02,4574.22,2026-01-16 13:34:00+00:00,4596.02,SL,-6.68,6.23,-1.0722,13,S100_FVG_SHORT
s100_m3_combo,BUY,2026-01-16 15:09:00+00:00,4616.68,4613.56,4624.49,2026-01-16 15:18:00+00:00,4613.56,SL,-3.57,3.12,-1.1442,15,S100_FVG_LONG
s100_m3_combo,SELL,2026-01-16 15:41:00+00:00,4556.24,4566.61,4530.31,2026-01-16 15:47:00+00:00,4566.61,SL,-10.82,10.37,-1.0434,15,S100_FVG_SHORT
s100_m3_combo,BUY,2026-01-19 03:16:00+00:00,4668.09,4666.01,4673.28,2026-01-19 03:21:00+00:00,4666.01,SL,-2.53,2.08,-1.2163,3,S100_FVG_LONG
s100_m3_combo,BUY,2026-01-19 04:57:00+00:00,4663.94,4662.42,4667.71,2026-01-19 05:01:00+00:00,4667.71,TP,3.32,1.52,2.1842,4,S100_FVG_LONG
s100_m3_combo,BUY,2026-01-19 05:06:00+00:00,4667.49,4664.94,4673.88,2026-01-19 05:33:00+00:00,4673.88,TP,5.94,2.55,2.3294,5,S100_FVG_LONG
s100_m3_combo,BUY,2026-01-19 06:40:00+00:00,4673.51,4671.54,4678.44,2026-01-19 06:55:00+00:00,4678.44,TP,4.48,1.97,2.2741,6,S100_FVG_LONG
s100_m3_combo,BUY,2026-01-19 07:00:00+00:00,4674.88,4671.79,4682.6,2026-01-19 07:11:00+00:00,4671.79,SL,-3.54,3.09,-1.1456,7,S100_OB_LONG
s100_m3_combo,BUY,2026-01-19 14:25:00+00:00,4667.1,4665.52,4671.06,2026-01-19 14:36:00+00:00,4665.52,SL,-2.03,1.58,-1.2848,14,S100_FVG_LONG
s100_m3_combo,BUY,2026-01-19 15:41:00+00:00,4669.05,4666.64,4675.06,2026-01-19 15:55:00+00:00,4675.06,TP,5.56,2.41,2.3071,15,S100_RSI3_MOMO_LONG
s100_m3_combo,BUY,2026-01-20 02:30:00+00:00,4670.91,4668.66,4676.56,2026-01-20 02:48:00+00:00,4668.66,SL,-2.7,2.25,-1.2,2,S100_FVG_LONG
s100_m3_combo,BUY,2026-01-20 03:20:00+00:00,4673.6,4670.96,4680.18,2026-01-20 03:51:00+00:00,4680.18,TP,6.13,2.64,2.322,3,S100_RSI3_MOMO_LONG
s100_m3_combo,BUY,2026-01-20 04:05:00+00:00,4681.83,4680.11,4686.13,2026-01-20 04:09:00+00:00,4680.11,SL,-2.17,1.72,-1.2616,4,S100_RSI3_MOMO_LONG
s100_m3_combo,BUY,2026-01-20 04:22:00+00:00,4682.33,4680.64,4686.55,2026-01-20 04:28:00+00:00,4686.55,TP,3.77,1.69,2.2308,4,S100_FVG_LONG
s100_m3_combo,BUY,2026-01-20 04:39:00+00:00,4689.57,4686.2,4698.0,2026-01-20 05:05:00+00:00,4698.0,TP,7.98,3.37,2.368,4,S100_FVG_LONG
s100_m3_combo,BUY,2026-01-20 05:47:00+00:00,4706.84,4702.82,4716.89,2026-01-20 06:07:00+00:00,4716.89,TP,9.6,4.02,2.3881,5,S100_RSI3_MOMO_LONG
s100_m3_combo,BUY,2026-01-20 06:57:00+00:00,4712.89,4710.78,4718.15,2026-01-20 07:24:00+00:00,4718.15,TP,4.81,2.11,2.2796,6,S100_FVG_LONG
s100_m3_combo,BUY,2026-01-20 07:32:00+00:00,4720.08,4717.02,4727.73,2026-01-20 07:54:00+00:00,4717.02,SL,-3.51,3.06,-1.1471,7,S100_RSI3_MOMO_LONG
s100_m3_combo,BUY,2026-01-20 08:13:00+00:00,4723.65,4720.66,4731.11,2026-01-20 08:21:00+00:00,4720.66,SL,-3.44,2.99,-1.1505,8,S100_FVG_LONG
s100_m3_combo,BUY,2026-01-20 13:41:00+00:00,4726.59,4721.22,4740.0,2026-01-20 14:00:00+00:00,4740.0,TP,12.96,5.37,2.4134,13,S100_RSI3_MOMO_LONG
s100_m3_combo,BUY,2026-01-20 15:18:00+00:00,4737.73,4733.72,4747.77,2026-01-20 15:23:00+00:00,4733.72,SL,-4.46,4.01,-1.1122,15,S100_OB_LONG
s100_m3_combo,BUY,2026-01-20 15:45:00+00:00,4730.67,4726.7,4740.59,2026-01-20 16:10:00+00:00,4740.59,TP,9.47,3.97,2.3854,15,S100_FVG_LONG
s100_m3_combo,BUY,2026-01-22 01:20:00+00:00,4803.36,4795.82,4822.23,2026-01-22 01:28:00+00:00,4795.82,SL,-7.99,7.54,-1.0597,1,S100_RSI3_MOMO_LONG
s100_m3_combo,BUY,2026-01-22 01:45:00+00:00,4801.51,4795.86,4815.64,2026-01-22 02:00:00+00:00,4795.86,SL,-6.1,5.65,-1.0796,1,S100_OB_LONG
s100_m3_combo,BUY,2026-01-22 02:48:00+00:00,4785.11,4778.1,4802.62,2026-01-22 04:00:00+00:00,4796.605,TIME,11.045,7.01,1.5756,2,S100_OB_LONG
s100_m3_combo,BUY,2026-01-22 04:05:00+00:00,4797.16,4794.41,4804.05,2026-01-22 04:30:00+00:00,4794.41,SL,-3.2,2.75,-1.1636,4,S100_RSI3_MOMO_LONG
s100_m3_combo,BUY,2026-01-22 05:09:00+00:00,4797.46,4795.84,4801.5,2026-01-22 05:21:00+00:00,4795.84,SL,-2.07,1.62,-1.2778,5,S100_OB_LONG
s100_m3_combo,BUY,2026-01-22 06:12:00+00:00,4818.04,4815.83,4823.55,2026-01-22 06:21:00+00:00,4823.55,TP,5.06,2.21,2.2896,6,S100_OB_LONG
s100_m3_combo,BUY,2026-01-22 06:29:00+00:00,4825.7,4822.55,4833.6,2026-01-22 06:52:00+00:00,4822.55,SL,-3.6,3.15,-1.1429,6,S100_FVG_LONG
s100_m3_combo,BUY,2026-01-22 07:21:00+00:00,4834.72,4833.05,4838.91,2026-01-22 07:24:00+00:00,4833.05,SL,-2.12,1.67,-1.2695,7,S100_FVG_LONG
s100_m3_combo,BUY,2026-01-22 13:23:00+00:00,4833.11,4828.88,4843.7,2026-01-22 13:28:00+00:00,4828.88,SL,-4.68,4.23,-1.1064,13,S100_RSI3_MOMO_LONG
s100_m3_combo,BUY,2026-01-22 14:02:00+00:00,4823.9,4818.44,4837.53,2026-01-22 14:32:00+00:00,4837.53,TP,13.18,5.46,2.4139,14,S100_RSI3_MOMO_LONG
s100_m3_combo,BUY,2026-01-22 15:47:00+00:00,4865.48,4859.28,4880.98,2026-01-22 16:37:00+00:00,4880.98,TP,15.05,6.2,2.4274,15,S100_RSI3_MOMO_LONG
s100_m3_combo,BUY,2026-01-23 01:55:00+00:00,4957.99,4952.66,4971.32,2026-01-23 01:59:00+00:00,4952.66,SL,-5.78,5.33,-1.0844,1,S100_FVG_LONG
s100_m3_combo,BUY,2026-01-23 02:37:00+00:00,4954.65,4952.43,4960.18,2026-01-23 02:46:00+00:00,4960.18,TP,5.08,2.22,2.2883,2,S100_FVG_LONG
s100_m3_combo,BUY,2026-01-23 02:53:00+00:00,4960.57,4956.96,4969.62,2026-01-23 02:59:00+00:00,4956.96,SL,-4.06,3.61,-1.1247,2,S100_FVG_LONG
s100_m3_combo,BUY,2026-01-23 03:39:00+00:00,4951.53,4946.46,4964.2,2026-01-23 03:43:00+00:00,4946.46,SL,-5.52,5.07,-1.0888,3,S100_FVG_LONG
s100_m3_combo,BUY,2026-01-23 04:47:00+00:00,4957.98,4955.69,4963.72,2026-01-23 05:00:00+00:00,4955.69,SL,-2.74,2.29,-1.1965,4,S100_RSI3_MOMO_LONG
s100_m3_combo,BUY,2026-01-23 06:00:00+00:00,4959.82,4956.95,4967.01,2026-01-23 06:04:00+00:00,4956.95,SL,-3.32,2.87,-1.1568,6,S100_OB_LONG
s100_m3_combo,BUY,2026-01-23 07:11:00+00:00,4955.03,4952.85,4960.48,2026-01-23 07:24:00+00:00,4952.85,SL,-2.63,2.18,-1.2064,7,S100_OB_LONG
s100_m3_combo,SELL,2026-01-23 08:30:00+00:00,4914.09,4923.2,4891.3,2026-01-23 08:37:00+00:00,4923.2,SL,-9.56,9.11,-1.0494,8,S100_FVG_SHORT
s100_m3_combo,BUY,2026-01-23 13:08:00+00:00,4940.83,4938.76,4945.99,2026-01-23 13:12:00+00:00,4938.76,SL,-2.52,2.07,-1.2174,13,S100_OB_LONG
s100_m3_combo,SELL,2026-01-23 13:42:00+00:00,4932.59,4936.19,4923.57,2026-01-23 13:47:00+00:00,4936.19,SL,-4.05,3.6,-1.125,13,S100_FVG_SHORT
s100_m3_combo,BUY,2026-01-23 14:11:00+00:00,4945.65,4939.79,4960.32,2026-01-23 14:29:00+00:00,4939.79,SL,-6.31,5.86,-1.0768,14,S100_RSI3_MOMO_LONG
s100_m3_combo,BUY,2026-01-23 14:58:00+00:00,4948.66,4946.09,4955.11,2026-01-23 14:59:00+00:00,4946.09,SL,-3.02,2.57,-1.1751,14,S100_OB_LONG
s100_m3_combo,BUY,2026-01-26 02:33:00+00:00,5084.55,5076.77,5103.98,2026-01-26 03:01:00+00:00,5076.77,SL,-8.23,7.78,-1.0578,2,S100_FVG_LONG
s100_m3_combo,BUY,2026-01-26 05:56:00+00:00,5071.35,5067.69,5080.49,2026-01-26 06:01:00+00:00,5080.49,TP,8.69,3.66,2.3743,5,S100_FVG_LONG
s100_m3_combo,BUY,2026-01-26 06:56:00+00:00,5091.69,5084.56,5109.51,2026-01-26 06:58:00+00:00,5084.56,SL,-7.58,7.13,-1.0631,6,S100_FVG_LONG
s100_m3_combo,BUY,2026-01-26 07:44:00+00:00,5086.26,5081.36,5098.5,2026-01-26 08:53:00+00:00,5081.36,SL,-5.35,4.9,-1.0918,7,S100_FVG_LONG
s100_m3_combo,SELL,2026-01-26 13:28:00+00:00,5074.94,5079.83,5062.72,2026-01-26 13:30:00+00:00,5062.72,TP,11.77,4.89,2.407,13,S100_FVG_SHORT
s100_m3_combo,SELL,2026-01-26 13:38:00+00:00,5065.46,5072.87,5046.94,2026-01-26 13:48:00+00:00,5072.87,SL,-7.86,7.41,-1.0607,13,S100_FVG_SHORT
s100_m3_combo,SELL,2026-01-26 14:10:00+00:00,5070.48,5074.51,5060.39,2026-01-26 14:21:00+00:00,5074.51,SL,-4.48,4.03,-1.1117,14,S100_OB_SHORT
s100_m3_combo,SELL,2026-01-27 01:39:00+00:00,5061.1,5067.95,5043.96,2026-01-27 02:15:00+00:00,5067.95,SL,-7.3,6.85,-1.0657,1,S100_OB_SHORT
s100_m3_combo,BUY,2026-01-27 02:35:00+00:00,5067.68,5064.24,5076.27,2026-01-27 02:40:00+00:00,5076.27,TP,8.14,3.44,2.3663,2,S100_OB_LONG
s100_m3_combo,BUY,2026-01-27 02:53:00+00:00,5071.9,5069.31,5078.37,2026-01-27 02:54:00+00:00,5069.31,SL,-3.04,2.59,-1.1737,2,S100_OB_LONG
s100_m3_combo,BUY,2026-01-27 03:51:00+00:00,5072.04,5068.05,5082.0,2026-01-27 04:36:00+00:00,5068.05,SL,-4.44,3.99,-1.1128,3,S100_FVG_LONG
s100_m3_combo,BUY,2026-01-27 04:58:00+00:00,5066.81,5063.31,5075.56,2026-01-27 05:02:00+00:00,5063.31,SL,-3.95,3.5,-1.1286,4,S100_OB_LONG
s100_m3_combo,BUY,2026-01-27 05:17:00+00:00,5061.13,5057.94,5069.1,2026-01-27 05:31:00+00:00,5069.1,TP,7.52,3.19,2.3574,5,S100_OB_LONG
s100_m3_combo,BUY,2026-01-27 05:54:00+00:00,5079.17,5073.96,5092.19,2026-01-27 06:47:00+00:00,5092.19,TP,12.57,5.21,2.4127,5,S100_FVG_LONG
s100_m3_combo,BUY,2026-01-27 07:14:00+00:00,5085.8,5083.57,5091.38,2026-01-27 07:25:00+00:00,5083.57,SL,-2.68,2.23,-1.2018,7,S100_OB_LONG
s100_m3_combo,BUY,2026-01-27 07:36:00+00:00,5091.82,5088.46,5100.22,2026-01-27 07:41:00+00:00,5100.22,TP,7.95,3.36,2.3661,7,S100_FVG_LONG
s100_m3_combo,BUY,2026-01-27 13:05:00+00:00,5085.4,5082.36,5092.97,2026-01-27 13:10:00+00:00,5082.36,SL,-3.49,3.04,-1.148,13,S100_OB_LONG
s100_m3_combo,SELL,2026-01-27 14:03:00+00:00,5072.48,5081.65,5049.56,2026-01-27 14:16:00+00:00,5049.56,TP,22.47,9.17,2.4504,14,S100_OB_SHORT
s100_m3_combo,SELL,2026-01-27 14:20:00+00:00,5059.52,5071.4,5029.82,2026-01-27 14:33:00+00:00,5071.4,SL,-12.33,11.88,-1.0379,14,S100_OB_SHORT
s100_m3_combo,SELL,2026-01-27 14:59:00+00:00,5054.74,5064.13,5031.26,2026-01-27 15:03:00+00:00,5064.13,SL,-9.84,9.39,-1.0479,14,S100_RSI3_MOMO_SHORT
s100_m3_combo,SELL,2026-01-27 15:03:00+00:00,5065.35,5072.58,5047.29,2026-01-27 15:16:00+00:00,5072.58,SL,-7.68,7.23,-1.0622,15,S100_FVG_SHORT
s100_m3_combo,BUY,2026-01-28 01:30:00+00:00,5189.0,5182.36,5205.61,2026-01-28 01:40:00+00:00,5205.61,TP,16.16,6.64,2.4337,1,S100_OB_LONG
s100_m3_combo,BUY,2026-01-28 01:51:00+00:00,5219.18,5213.62,5233.06,2026-01-28 01:57:00+00:00,5213.62,SL,-6.01,5.56,-1.0809,1,S100_FVG_LONG
s100_m3_combo,BUY,2026-01-28 02:34:00+00:00,5219.81,5216.5,5228.08,2026-01-28 02:49:00+00:00,5228.08,TP,7.82,3.31,2.3625,2,S100_OB_LONG
s100_m3_combo,BUY,2026-01-28 02:59:00+00:00,5232.24,5225.89,5248.13,2026-01-28 03:40:00+00:00,5225.89,SL,-6.8,6.35,-1.0709,2,S100_RSI3_MOMO_LONG
s100_m3_combo,BUY,2026-01-28 03:57:00+00:00,5231.51,5225.28,5247.07,2026-01-28 04:57:00+00:00,5247.07,TP,15.11,6.23,2.4254,3,S100_OB_LONG
s100_m3_combo,BUY,2026-01-28 05:00:00+00:00,5245.35,5243.0,5251.21,2026-01-28 05:01:00+00:00,5243.0,SL,-2.8,2.35,-1.1915,5,S100_FVG_LONG
s100_m3_combo,BUY,2026-01-28 05:12:00+00:00,5251.77,5249.53,5257.38,2026-01-28 05:19:00+00:00,5257.38,TP,5.16,2.24,2.3036,5,S100_FVG_LONG
s100_m3_combo,BUY,2026-01-28 05:19:00+00:00,5255.15,5250.74,5266.17,2026-01-28 05:41:00+00:00,5266.17,TP,10.57,4.41,2.3968,5,S100_RSI3_MOMO_LONG
s100_m3_combo,BUY,2026-01-28 05:45:00+00:00,5262.27,5258.82,5270.88,2026-01-28 05:54:00+00:00,5258.82,SL,-3.9,3.45,-1.1304,5,S100_FVG_LONG
s100_m3_combo,BUY,2026-01-28 06:59:00+00:00,5270.1,5264.46,5284.2,2026-01-28 07:00:00+00:00,5264.46,SL,-6.09,5.64,-1.0798,6,S100_RSI3_MOMO_LONG
s100_m3_combo,BUY,2026-01-28 07:17:00+00:00,5275.94,5270.64,5289.19,2026-01-28 07:51:00+00:00,5289.19,TP,12.8,5.3,2.4151,7,S100_RSI3_MOMO_LONG
s100_m3_combo,BUY,2026-01-28 07:59:00+00:00,5290.68,5284.63,5305.79,2026-01-28 08:32:00+00:00,5305.79,TP,14.66,6.05,2.4231,7,S100_RSI3_MOMO_LONG
s100_m3_combo,BUY,2026-01-28 08:43:00+00:00,5293.4,5290.72,5300.09,2026-01-28 08:44:00+00:00,5290.72,SL,-3.13,2.68,-1.1679,8,S100_OB_LONG
s100_m3_combo,BUY,2026-01-28 13:09:00+00:00,5282.12,5278.44,5291.33,2026-01-28 13:11:00+00:00,5278.44,SL,-4.13,3.68,-1.1223,13,S100_FVG_LONG
s100_m3_combo,BUY,2026-01-29 01:45:00+00:00,5537.82,5522.27,5576.71,2026-01-29 02:02:00+00:00,5522.27,SL,-16.0,15.55,-1.0289,1,S100_FVG_LONG
s100_m3_combo,BUY,2026-01-29 02:40:00+00:00,5532.27,5522.24,5557.36,2026-01-29 02:42:00+00:00,5522.24,SL,-10.48,10.03,-1.0449,2,S100_FVG_LONG
s100_m3_combo,BUY,2026-01-29 02:52:00+00:00,5535.39,5528.92,5551.55,2026-01-29 03:03:00+00:00,5528.92,SL,-6.92,6.47,-1.0696,2,S100_FVG_LONG
s100_m3_combo,BUY,2026-01-29 03:36:00+00:00,5533.16,5519.81,5566.53,2026-01-29 04:48:00+00:00,5557.145,TIME,23.535,13.35,1.7629,3,S100_OB_LONG
s100_m3_combo,BUY,2026-01-29 05:56:00+00:00,5561.27,5550.15,5589.07,2026-01-29 06:21:00+00:00,5589.07,TP,27.35,11.12,2.4595,5,S100_RSI3_MOMO_LONG
s100_m3_combo,BUY,2026-01-29 06:25:00+00:00,5584.46,5576.34,5604.75,2026-01-29 06:46:00+00:00,5576.34,SL,-8.57,8.12,-1.0554,6,S100_OB_LONG
s100_m3_combo,BUY,2026-01-29 08:59:00+00:00,5507.98,5496.17,5537.52,2026-01-29 10:11:00+00:00,5515.425,TIME,6.995,11.81,0.5923,8,S100_FVG_LONG
s100_m3_combo,SELL,2026-01-29 13:40:00+00:00,5520.21,5526.49,5504.5,2026-01-29 13:42:00+00:00,5526.49,SL,-6.73,6.28,-1.0717,13,S100_OB_SHORT
s100_m3_combo,SELL,2026-01-29 14:49:00+00:00,5515.45,5532.02,5474.05,2026-01-29 15:01:00+00:00,5474.05,TP,40.95,16.57,2.4713,14,S100_OB_SHORT
s100_m3_combo,SELL,2026-01-29 15:12:00+00:00,5429.16,5445.55,5388.2,2026-01-29 15:14:00+00:00,5388.2,TP,40.51,16.39,2.4716,15,S100_FVG_SHORT
s100_m3_combo,SELL,2026-01-29 15:21:00+00:00,5353.48,5373.34,5303.8,2026-01-29 15:24:00+00:00,5303.8,TP,49.23,19.86,2.4789,15,S100_FVG_SHORT
s100_m3_combo,SELL,2026-01-30 01:23:00+00:00,5348.52,5375.19,5281.83,2026-01-30 02:00:00+00:00,5281.83,TP,66.24,26.67,2.4837,1,S100_FVG_SHORT
s100_m3_combo,SELL,2026-01-30 02:04:00+00:00,5312.64,5328.99,5271.76,2026-01-30 02:09:00+00:00,5271.76,TP,40.43,16.35,2.4728,2,S100_FVG_SHORT
s100_m3_combo,SELL,2026-01-30 02:09:00+00:00,5280.35,5300.47,5230.05,2026-01-30 02:12:00+00:00,5230.05,TP,49.85,20.12,2.4776,2,S100_RSI3_MOMO_SHORT
s100_m3_combo,SELL,2026-01-30 03:09:00+00:00,5198.62,5218.0,5150.16,2026-01-30 03:31:00+00:00,5218.0,SL,-19.83,19.38,-1.0232,3,S100_FVG_SHORT
s100_m3_combo,SELL,2026-01-30 03:51:00+00:00,5154.81,5169.24,5118.72,2026-01-30 03:53:00+00:00,5169.24,SL,-14.88,14.43,-1.0312,3,S100_OB_SHORT
s100_m3_combo,SELL,2026-01-30 04:29:00+00:00,5212.7,5223.53,5185.63,2026-01-30 04:38:00+00:00,5223.53,SL,-11.28,10.83,-1.0416,4,S100_FVG_SHORT
s100_m3_combo,SELL,2026-01-30 04:47:00+00:00,5211.4,5226.91,5172.62,2026-01-30 05:15:00+00:00,5226.91,SL,-15.96,15.51,-1.029,4,S100_OB_SHORT
s100_m3_combo,SELL,2026-01-30 05:36:00+00:00,5223.78,5231.01,5205.72,2026-01-30 05:37:00+00:00,5231.01,SL,-7.68,7.23,-1.0622,5,S100_FVG_SHORT
s100_m3_combo,SELL,2026-01-30 06:03:00+00:00,5202.15,5215.16,5169.64,2026-01-30 06:17:00+00:00,5169.64,TP,32.06,13.01,2.4643,6,S100_FVG_SHORT
s100_m3_combo,SELL,2026-01-30 06:24:00+00:00,5191.9,5201.17,5168.72,2026-01-30 06:29:00+00:00,5168.72,TP,22.73,9.27,2.452,6,S100_OB_SHORT
s100_m3_combo,SELL,2026-01-30 06:36:00+00:00,5169.91,5182.66,5138.04,2026-01-30 07:00:00+00:00,5138.04,TP,31.42,12.75,2.4643,6,S100_FVG_SHORT
s100_m3_combo,SELL,2026-01-30 07:39:00+00:00,5147.82,5167.43,5098.8,2026-01-30 07:55:00+00:00,5167.43,SL,-20.06,19.61,-1.0229,7,S100_FVG_SHORT
s100_m3_combo,SELL,2026-01-30 08:22:00+00:00,5166.23,5185.12,5119.0,2026-01-30 08:33:00+00:00,5119.0,TP,46.78,18.89,2.4764,8,S100_OB_SHORT
s100_m3_combo,SELL,2026-01-30 08:40:00+00:00,5098.81,5128.03,5025.77,2026-01-30 08:50:00+00:00,5128.03,SL,-29.67,29.22,-1.0154,8,S100_FVG_SHORT
s100_m3_combo,SELL,2026-01-30 13:19:00+00:00,5074.26,5088.85,5037.78,2026-01-30 13:23:00+00:00,5037.78,TP,36.03,14.59,2.4695,13,S100_OB_SHORT
s100_m3_combo,SELL,2026-01-30 13:27:00+00:00,5032.48,5057.62,4969.64,2026-01-30 14:03:00+00:00,5057.62,SL,-25.59,25.14,-1.0179,13,S100_FVG_SHORT
s100_m3_combo,SELL,2026-01-30 15:06:00+00:00,5003.73,5019.31,4964.79,2026-01-30 15:11:00+00:00,5019.31,SL,-16.03,15.58,-1.0289,15,S100_FVG_SHORT
s100_m3_combo,SELL,2026-02-02 01:15:00+00:00,4651.4,4701.63,4525.82,2026-02-02 01:17:00+00:00,4701.63,SL,-50.68,50.23,-1.009,1,S100_FVG_SHORT
s100_m3_combo,SELL,2026-02-02 02:14:00+00:00,4733.73,4742.36,4712.15,2026-02-02 02:16:00+00:00,4742.36,SL,-9.08,8.63,-1.0521,2,S100_OB_SHORT
s100_m3_combo,SELL,2026-02-02 03:18:00+00:00,4699.8,4711.48,4670.59,2026-02-02 03:19:00+00:00,4711.48,SL,-12.13,11.68,-1.0385,3,S100_FVG_SHORT
s100_m3_combo,SELL,2026-02-02 03:48:00+00:00,4684.09,4698.21,4648.78,2026-02-02 03:57:00+00:00,4648.78,TP,34.86,14.12,2.4688,3,S100_FVG_SHORT
s100_m3_combo,SELL,2026-02-02 04:06:00+00:00,4626.47,4644.22,4582.09,2026-02-02 04:08:00+00:00,4644.22,SL,-18.2,17.75,-1.0254,4,S100_FVG_SHORT
s100_m3_combo,SELL,2026-02-02 06:29:00+00:00,4484.98,4509.47,4423.75,2026-02-02 06:38:00+00:00,4423.75,TP,60.78,24.49,2.4818,6,S100_FVG_SHORT
s100_m3_combo,SELL,2026-02-02 06:42:00+00:00,4432.55,4470.61,4337.39,2026-02-02 06:50:00+00:00,4470.61,SL,-38.51,38.06,-1.0118,6,S100_FVG_SHORT
s100_m3_combo,SELL,2026-02-02 07:36:00+00:00,4543.94,4576.69,4462.05,2026-02-02 07:40:00+00:00,4576.69,SL,-33.2,32.75,-1.0137,7,S100_OB_SHORT
s100_m3_combo,SELL,2026-02-02 08:39:00+00:00,4628.68,4651.19,4572.4,2026-02-02 08:54:00+00:00,4651.19,SL,-22.96,22.51,-1.02,8,S100_OB_SHORT
s100_m3_combo,BUY,2026-02-02 13:16:00+00:00,4770.46,4748.04,4826.52,2026-02-02 13:20:00+00:00,4748.04,SL,-22.87,22.42,-1.0201,13,S100_FVG_LONG
s100_m3_combo,BUY,2026-02-02 13:52:00+00:00,4694.21,4681.69,4725.5,2026-02-02 14:00:00+00:00,4725.5,TP,30.84,12.52,2.4633,13,S100_FVG_LONG
s100_m3_combo,BUY,2026-02-02 14:14:00+00:00,4726.3,4706.3,4776.3,2026-02-02 14:19:00+00:00,4706.3,SL,-20.45,20.0,-1.0225,14,S100_RSI3_MOMO_LONG
s100_m3_combo,BUY,2026-02-02 14:45:00+00:00,4750.05,4728.26,4804.5,2026-02-02 14:49:00+00:00,4728.26,SL,-22.24,21.79,-1.0207,14,S100_FVG_LONG
s100_m3_combo,BUY,2026-02-03 01:23:00+00:00,4849.1,4828.24,4901.23,2026-02-03 01:49:00+00:00,4828.24,SL,-21.31,20.86,-1.0216,1,S100_RSI3_MOMO_LONG
s100_m3_combo,BUY,2026-02-03 02:00:00+00:00,4837.43,4829.19,4858.01,2026-02-03 02:02:00+00:00,4829.19,SL,-8.69,8.24,-1.0546,2,S100_FVG_LONG
s100_m3_combo,BUY,2026-02-03 03:02:00+00:00,4787.46,4768.97,4833.68,2026-02-03 03:10:00+00:00,4768.97,SL,-18.94,18.49,-1.0243,3,S100_RSI3_MOMO_LONG
s100_m3_combo,BUY,2026-02-03 03:25:00+00:00,4756.41,4747.91,4777.68,2026-02-03 03:30:00+00:00,4777.68,TP,20.82,8.5,2.4494,3,S100_OB_LONG
s100_m3_combo,BUY,2026-02-03 03:45:00+00:00,4799.99,4782.1,4844.73,2026-02-03 04:57:00+00:00,4815.77,TIME,15.33,17.89,0.8569,3,S100_FVG_LONG
s100_m3_combo,BUY,2026-02-03 05:31:00+00:00,4822.45,4819.96,4828.7,2026-02-03 05:32:00+00:00,4828.7,TP,5.8,2.49,2.3293,5,S100_OB_LONG
s100_m3_combo,BUY,2026-02-03 06:36:00+00:00,4871.6,4868.93,4878.28,2026-02-03 06:40:00+00:00,4878.28,TP,6.23,2.67,2.3333,6,S100_OB_LONG
s100_m3_combo,BUY,2026-02-03 06:46:00+00:00,4887.1,4875.37,4916.45,2026-02-03 06:49:00+00:00,4875.37,SL,-12.18,11.73,-1.0384,6,S100_FVG_LONG
s100_m3_combo,BUY,2026-02-03 07:06:00+00:00,4881.44,4873.97,4900.13,2026-02-03 07:25:00+00:00,4900.13,TP,18.24,7.47,2.4418,7,S100_OB_LONG
s100_m3_combo,BUY,2026-02-03 07:45:00+00:00,4914.22,4899.57,4950.85,2026-02-03 08:06:00+00:00,4899.57,SL,-15.1,14.65,-1.0307,7,S100_FVG_LONG
s100_m3_combo,BUY,2026-02-03 08:23:00+00:00,4940.14,4929.26,4967.32,2026-02-03 08:57:00+00:00,4929.26,SL,-11.33,10.88,-1.0414,8,S100_RSI3_MOMO_LONG
s100_m3_combo,BUY,2026-02-03 13:51:00+00:00,4935.74,4930.65,4948.46,2026-02-03 13:53:00+00:00,4930.65,SL,-5.54,5.09,-1.0884,13,S100_OB_LONG
s100_m3_combo,BUY,2026-02-03 14:32:00+00:00,4909.61,4901.65,4929.53,2026-02-03 14:33:00+00:00,4901.65,SL,-8.41,7.96,-1.0565,14,S100_OB_LONG
s100_m3_combo,BUY,2026-02-03 15:13:00+00:00,4934.51,4923.87,4961.1,2026-02-03 15:20:00+00:00,4923.87,SL,-11.09,10.64,-1.0423,15,S100_FVG_LONG
s100_m3_combo,BUY,2026-02-04 01:38:00+00:00,5015.83,5003.73,5046.07,2026-02-04 01:49:00+00:00,5046.07,TP,29.79,12.1,2.462,1,S100_OB_LONG
s100_m3_combo,BUY,2026-02-04 02:06:00+00:00,5055.72,5045.07,5082.35,2026-02-04 02:34:00+00:00,5045.07,SL,-11.1,10.65,-1.0423,2,S100_FVG_LONG
s100_m3_combo,BUY,2026-02-04 02:51:00+00:00,5049.18,5040.16,5071.73,2026-02-04 02:53:00+00:00,5040.16,SL,-9.47,9.02,-1.0499,2,S100_OB_LONG
s100_m3_combo,BUY,2026-02-04 03:18:00+00:00,5040.2,5037.33,5047.37,2026-02-04 03:20:00+00:00,5047.37,TP,6.72,2.87,2.3415,3,S100_OB_LONG
s100_m3_combo,BUY,2026-02-04 03:44:00+00:00,5065.46,5055.49,5090.39,2026-02-04 04:56:00+00:00,5079.695,TIME,13.785,9.97,1.3826,3,S100_FVG_LONG
s100_m3_combo,BUY,2026-02-04 04:56:00+00:00,5079.69,5074.74,5092.08,2026-02-04 05:32:00+00:00,5074.74,SL,-5.4,4.95,-1.0909,4,S100_RSI3_MOMO_LONG
s100_m3_combo,BUY,2026-02-04 05:53:00+00:00,5085.43,5080.23,5098.42,2026-02-04 05:56:00+00:00,5080.23,SL,-5.65,5.2,-1.0865,5,S100_OB_LONG
s100_m3_combo,BUY,2026-02-04 06:52:00+00:00,5074.94,5069.38,5088.87,2026-02-04 07:02:00+00:00,5069.38,SL,-6.01,5.56,-1.0809,6,S100_FVG_LONG
s100_m3_combo,BUY,2026-02-04 07:33:00+00:00,5083.91,5076.38,5102.73,2026-02-04 07:34:00+00:00,5076.38,SL,-7.98,7.53,-1.0598,7,S100_FVG_LONG
s100_m3_combo,BUY,2026-02-04 07:59:00+00:00,5086.38,5080.4,5101.31,2026-02-04 08:04:00+00:00,5080.4,SL,-6.43,5.98,-1.0753,7,S100_OB_LONG
s100_m3_combo,SELL,2026-02-04 13:01:00+00:00,5044.95,5046.73,5040.52,2026-02-04 13:02:00+00:00,5040.52,TP,3.98,1.78,2.236,13,S100_OB_SHORT
s100_m3_combo,SELL,2026-02-04 13:46:00+00:00,5042.98,5050.4,5024.43,2026-02-04 13:49:00+00:00,5050.4,SL,-7.87,7.42,-1.0606,13,S100_FVG_SHORT
s100_m3_combo,SELL,2026-02-04 14:17:00+00:00,5050.51,5055.34,5038.44,2026-02-04 14:18:00+00:00,5038.44,TP,11.62,4.83,2.4058,14,S100_OB_SHORT
s100_m3_combo,SELL,2026-02-04 14:36:00+00:00,5021.91,5031.41,4998.18,2026-02-04 14:37:00+00:00,4998.18,TP,23.28,9.5,2.4505,14,S100_FVG_SHORT
s100_m3_combo,SELL,2026-02-04 14:43:00+00:00,4986.19,5008.78,4929.69,2026-02-04 14:50:00+00:00,5008.78,SL,-23.04,22.59,-1.0199,14,S100_FVG_SHORT
s100_m3_combo,SELL,2026-02-04 15:39:00+00:00,4915.82,4928.76,4883.48,2026-02-04 15:41:00+00:00,4928.76,SL,-13.39,12.94,-1.0348,15,S100_FVG_SHORT
s100_m3_combo,BUY,2026-02-05 01:58:00+00:00,4965.61,4954.98,4992.2,2026-02-05 02:00:00+00:00,4954.98,SL,-11.08,10.63,-1.0423,1,S100_FVG_LONG
s100_m3_combo,SELL,2026-02-05 02:11:00+00:00,4936.23,4950.18,4901.34,2026-02-05 02:15:00+00:00,4901.34,TP,34.44,13.95,2.4688,2,S100_RSI3_MOMO_SHORT
s100_m3_combo,SELL,2026-02-05 02:44:00+00:00,4896.98,4917.79,4844.97,2026-02-05 02:47:00+00:00,4844.97,TP,51.56,20.81,2.4777,2,S100_RSI3_MOMO_SHORT
s100_m3_combo,SELL,2026-02-05 02:59:00+00:00,4812.23,4839.5,4744.05,2026-02-05 03:04:00+00:00,4839.5,SL,-27.72,27.27,-1.0165,2,S100_RSI3_MOMO_SHORT
s100_m3_combo,SELL,2026-02-05 05:00:00+00:00,4872.3,4883.21,4845.02,2026-02-05 05:21:00+00:00,4845.02,TP,26.83,10.91,2.4592,5,S100_FVG_SHORT
s100_m3_combo,SELL,2026-02-05 05:36:00+00:00,4849.04,4858.82,4824.58,2026-02-05 05:39:00+00:00,4858.82,SL,-10.23,9.78,-1.046,5,S100_FVG_SHORT
s100_m3_combo,BUY,2026-02-05 07:20:00+00:00,4915.9,4909.38,4932.19,2026-02-05 07:26:00+00:00,4932.19,TP,15.84,6.52,2.4294,7,S100_FVG_LONG
s100_m3_combo,BUY,2026-02-05 07:31:00+00:00,4929.41,4919.5,4954.19,2026-02-05 07:33:00+00:00,4919.5,SL,-10.36,9.91,-1.0454,7,S100_FVG_LONG
s100_m3_combo,BUY,2026-02-05 08:17:00+00:00,4935.8,4919.3,4977.02,2026-02-05 08:30:00+00:00,4919.3,SL,-16.95,16.5,-1.0273,8,S100_FVG_LONG
s100_m3_combo,SELL,2026-02-05 13:11:00+00:00,4830.64,4841.82,4802.68,2026-02-05 13:16:00+00:00,4841.82,SL,-11.63,11.18,-1.0403,13,S100_FVG_SHORT
s100_m3_combo,SELL,2026-02-05 14:07:00+00:00,4850.4,4868.23,4805.85,2026-02-05 14:51:00+00:00,4868.23,SL,-18.28,17.83,-1.0252,14,S100_OB_SHORT
s100_m3_combo,SELL,2026-02-05 15:05:00+00:00,4830.08,4850.64,4778.68,2026-02-05 15:08:00+00:00,4850.64,SL,-21.01,20.56,-1.0219,15,S100_RSI3_MOMO_SHORT
s100_m3_combo,SELL,2026-02-05 15:08:00+00:00,4848.43,4862.5,4813.25,2026-02-05 15:32:00+00:00,4813.25,TP,34.73,14.07,2.4684,15,S100_OB_SHORT
s100_m3_combo,SELL,2026-02-05 15:49:00+00:00,4815.9,4826.84,4788.54,2026-02-05 16:01:00+00:00,4826.84,SL,-11.39,10.94,-1.0411,15,S100_FVG_SHORT
s100_m3_combo,SELL,2026-02-06 01:06:00+00:00,4749.49,4768.02,4703.17,2026-02-06 01:54:00+00:00,4768.02,SL,-18.98,18.53,-1.0243,1,S100_OB_SHORT
s100_m3_combo,BUY,2026-02-06 03:09:00+00:00,4829.54,4816.66,4861.74,2026-02-06 03:12:00+00:00,4816.66,SL,-13.33,12.88,-1.0349,3,S100_FVG_LONG
s100_m3_combo,BUY,2026-02-06 04:01:00+00:00,4819.98,4811.48,4841.22,2026-02-06 04:22:00+00:00,4811.48,SL,-8.95,8.5,-1.0529,4,S100_FVG_LONG
s100_m3_combo,BUY,2026-02-06 04:34:00+00:00,4822.73,4818.01,4834.54,2026-02-06 04:45:00+00:00,4818.01,SL,-5.17,4.72,-1.0953,4,S100_FVG_LONG
s100_m3_combo,BUY,2026-02-06 05:17:00+00:00,4827.29,4821.08,4842.82,2026-02-06 05:25:00+00:00,4842.82,TP,15.08,6.21,2.4283,5,S100_RSI3_MOMO_LONG
s100_m3_combo,BUY,2026-02-06 05:30:00+00:00,4843.11,4834.09,4865.67,2026-02-06 05:40:00+00:00,4865.67,TP,22.11,9.02,2.4512,5,S100_FVG_LONG
s100_m3_combo,BUY,2026-02-06 06:01:00+00:00,4887.53,4879.72,4907.05,2026-02-06 06:06:00+00:00,4879.72,SL,-8.26,7.81,-1.0576,6,S100_FVG_LONG
s100_m3_combo,BUY,2026-02-06 07:30:00+00:00,4858.15,4848.66,4881.87,2026-02-06 07:34:00+00:00,4848.66,SL,-9.94,9.49,-1.0474,7,S100_FVG_LONG
s100_m3_combo,BUY,2026-02-06 13:50:00+00:00,4926.44,4920.96,4940.16,2026-02-06 14:07:00+00:00,4920.96,SL,-5.93,5.48,-1.0821,13,S100_OB_LONG
s100_m3_combo,BUY,2026-02-06 15:02:00+00:00,4941.19,4937.29,4950.91,2026-02-06 15:05:00+00:00,4950.91,TP,9.27,3.9,2.3769,15,S100_OB_LONG
s100_m3_combo,BUY,2026-02-09 01:21:00+00:00,5020.12,5007.54,5051.56,2026-02-09 01:32:00+00:00,5007.54,SL,-13.03,12.58,-1.0358,1,S100_OB_LONG
s100_m3_combo,BUY,2026-02-09 01:46:00+00:00,4998.07,4982.98,5035.82,2026-02-09 01:58:00+00:00,4982.98,SL,-15.54,15.09,-1.0298,1,S100_OB_LONG
s100_m3_combo,BUY,2026-02-09 02:32:00+00:00,5004.15,4994.13,5029.2,2026-02-09 02:40:00+00:00,4994.13,SL,-10.47,10.02,-1.0449,2,S100_RSI3_MOMO_LONG
s100_m3_combo,BUY,2026-02-09 02:57:00+00:00,5006.48,5001.17,5019.76,2026-02-09 03:04:00+00:00,5019.76,TP,12.83,5.31,2.4162,2,S100_FVG_LONG
s100_m3_combo,BUY,2026-02-09 03:15:00+00:00,5014.89,5008.91,5029.85,2026-02-09 03:31:00+00:00,5029.85,TP,14.51,5.98,2.4264,3,S100_FVG_LONG
s100_m3_combo,BUY,2026-02-09 04:10:00+00:00,5020.23,5015.09,5033.05,2026-02-09 04:14:00+00:00,5015.09,SL,-5.59,5.14,-1.0875,4,S100_FVG_LONG
s100_m3_combo,BUY,2026-02-09 05:12:00+00:00,5018.09,5015.38,5024.86,2026-02-09 05:13:00+00:00,5015.38,SL,-3.16,2.71,-1.1661,5,S100_FVG_LONG
s100_m3_combo,BUY,2026-02-09 05:38:00+00:00,5034.11,5028.84,5047.28,2026-02-09 05:45:00+00:00,5028.84,SL,-5.72,5.27,-1.0854,5,S100_RSI3_MOMO_LONG
s100_m3_combo,BUY,2026-02-09 05:58:00+00:00,5033.79,5029.88,5043.57,2026-02-09 06:01:00+00:00,5043.57,TP,9.33,3.91,2.3862,5,S100_FVG_LONG
s100_m3_combo,BUY,2026-02-09 06:09:00+00:00,5036.68,5033.92,5043.58,2026-02-09 06:10:00+00:00,5033.92,SL,-3.21,2.76,-1.163,6,S100_OB_LONG
s100_m3_combo,BUY,2026-02-09 06:48:00+00:00,5032.55,5025.17,5051.0,2026-02-09 07:00:00+00:00,5025.17,SL,-7.83,7.38,-1.061,6,S100_OB_LONG
s100_m3_combo,BUY,2026-02-09 08:27:00+00:00,5023.66,5019.18,5034.86,2026-02-09 08:48:00+00:00,5034.86,TP,10.75,4.48,2.3996,8,S100_FVG_LONG
s100_m3_combo,BUY,2026-02-09 13:11:00+00:00,5019.24,5015.84,5027.74,2026-02-09 13:12:00+00:00,5015.84,SL,-3.85,3.4,-1.1324,13,S100_FVG_LONG
s100_m3_combo,BUY,2026-02-09 14:30:00+00:00,5017.89,5013.9,5027.87,2026-02-09 14:31:00+00:00,5027.87,TP,9.53,3.99,2.3885,14,S100_OB_LONG
s100_m3_combo,BUY,2026-02-09 14:36:00+00:00,5029.44,5022.43,5046.99,2026-02-09 15:33:00+00:00,5046.99,TP,17.1,7.01,2.4394,14,S100_FVG_LONG
s100_m3_combo,BUY,2026-02-09 15:41:00+00:00,5048.23,5041.1,5066.08,2026-02-09 16:04:00+00:00,5066.08,TP,17.4,7.13,2.4404,15,S100_FVG_LONG
s100_m3_combo,SELL,2026-02-10 01:40:00+00:00,5031.58,5036.1,5020.27,2026-02-10 01:47:00+00:00,5036.1,SL,-4.97,4.52,-1.0996,1,S100_OB_SHORT
s100_m3_combo,SELL,2026-02-10 02:39:00+00:00,5047.45,5050.54,5039.73,2026-02-10 02:43:00+00:00,5050.54,SL,-3.54,3.09,-1.1456,2,S100_OB_SHORT
s100_m3_combo,SELL,2026-02-10 03:08:00+00:00,5030.31,5037.62,5012.05,2026-02-10 04:20:00+00:00,5024.29,TIME,5.57,7.31,0.762,3,S100_RSI3_MOMO_SHORT
s100_m3_combo,SELL,2026-02-10 05:30:00+00:00,5019.35,5023.0,5010.24,2026-02-10 05:31:00+00:00,5023.0,SL,-4.1,3.65,-1.1233,5,S100_FVG_SHORT
s100_m3_combo,SELL,2026-02-10 06:45:00+00:00,5030.74,5037.52,5013.78,2026-02-10 07:57:00+00:00,5031.845,TIME,-1.555,6.78,-0.2294,6,S100_OB_SHORT
s100_m3_combo,BUY,2026-02-10 13:50:00+00:00,5053.45,5046.72,5070.29,2026-02-10 14:16:00+00:00,5070.29,TP,16.39,6.73,2.4354,13,S100_OB_LONG
s100_m3_combo,BUY,2026-02-10 15:25:00+00:00,5042.3,5037.22,5054.97,2026-02-10 15:29:00+00:00,5037.22,SL,-5.53,5.08,-1.0886,15,S100_OB_LONG
s100_m3_combo,SELL,2026-02-10 15:42:00+00:00,5017.19,5031.66,4981.02,2026-02-10 16:54:00+00:00,5020.16,TIME,-3.42,14.47,-0.2364,15,S100_FVG_SHORT
s100_m3_combo,BUY,2026-02-11 01:07:00+00:00,5038.7,5035.27,5047.29,2026-02-11 01:32:00+00:00,5035.27,SL,-3.88,3.43,-1.1312,1,S100_OB_LONG
s100_m3_combo,BUY,2026-02-11 01:56:00+00:00,5049.24,5043.98,5062.39,2026-02-11 02:02:00+00:00,5043.98,SL,-5.71,5.26,-1.0856,1,S100_RSI3_MOMO_LONG
s100_m3_combo,BUY,2026-02-11 02:06:00+00:00,5037.95,5031.84,5053.24,2026-02-11 02:44:00+00:00,5053.24,TP,14.84,6.11,2.4288,2,S100_OB_LONG
s100_m3_combo,BUY,2026-02-11 02:48:00+00:00,5052.9,5048.76,5063.24,2026-02-11 03:15:00+00:00,5048.76,SL,-4.59,4.14,-1.1087,2,S100_FVG_LONG
s100_m3_combo,BUY,2026-02-11 03:32:00+00:00,5059.12,5055.2,5068.94,2026-02-11 03:34:00+00:00,5055.2,SL,-4.37,3.92,-1.1148,3,S100_RSI3_MOMO_LONG
s100_m3_combo,BUY,2026-02-11 03:35:00+00:00,5054.07,5050.07,5064.07,2026-02-11 04:47:00+00:00,5052.45,TIME,-2.07,4.0,-0.5175,3,S100_FVG_LONG
s100_m3_combo,BUY,2026-02-11 05:20:00+00:00,5051.26,5047.73,5060.09,2026-02-11 05:35:00+00:00,5060.09,TP,8.38,3.53,2.3739,5,S100_RSI3_MOMO_LONG
s100_m3_combo,BUY,2026-02-11 05:45:00+00:00,5059.64,5056.2,5068.24,2026-02-11 05:49:00+00:00,5056.2,SL,-3.89,3.44,-1.1308,5,S100_FVG_LONG
s100_m3_combo,BUY,2026-02-11 06:11:00+00:00,5053.14,5050.41,5059.97,2026-02-11 06:17:00+00:00,5059.97,TP,6.38,2.73,2.337,6,S100_OB_LONG
s100_m3_combo,BUY,2026-02-11 06:21:00+00:00,5058.65,5055.72,5065.97,2026-02-11 06:26:00+00:00,5055.72,SL,-3.38,2.93,-1.1536,6,S100_FVG_LONG
s100_m3_combo,BUY,2026-02-11 06:54:00+00:00,5058.97,5056.56,5064.99,2026-02-11 07:00:00+00:00,5064.99,TP,5.57,2.41,2.3112,6,S100_FVG_LONG
s100_m3_combo,BUY,2026-02-11 07:09:00+00:00,5064.24,5060.44,5073.75,2026-02-11 07:13:00+00:00,5060.44,SL,-4.25,3.8,-1.1184,7,S100_OB_LONG
s100_m3_combo,BUY,2026-02-11 08:06:00+00:00,5055.91,5054.32,5059.91,2026-02-11 08:07:00+00:00,5054.32,SL,-2.04,1.59,-1.283,8,S100_OB_LONG
s100_m3_combo,BUY,2026-02-11 13:04:00+00:00,5079.02,5076.57,5085.14,2026-02-11 13:06:00+00:00,5085.14,TP,5.67,2.45,2.3143,13,S100_OB_LONG
s100_m3_combo,BUY,2026-02-11 14:21:00+00:00,5076.4,5071.93,5087.57,2026-02-11 14:23:00+00:00,5071.93,SL,-4.92,4.47,-1.1007,14,S100_OB_LONG
s100_m3_combo,SELL,2026-02-11 14:45:00+00:00,5044.7,5051.98,5026.5,2026-02-11 14:51:00+00:00,5051.98,SL,-7.73,7.28,-1.0618,14,S100_FVG_SHORT
s100_m3_combo,SELL,2026-02-11 15:33:00+00:00,5052.27,5064.2,5022.46,2026-02-11 16:12:00+00:00,5064.2,SL,-12.38,11.93,-1.0377,15,S100_FVG_SHORT
s100_m3_combo,SELL,2026-02-12 01:08:00+00:00,5050.07,5055.77,5035.84,2026-02-12 01:10:00+00:00,5055.77,SL,-6.15,5.7,-1.0789,1,S100_RSI3_MOMO_SHORT
s100_m3_combo,SELL,2026-02-12 01:20:00+00:00,5060.9,5064.14,5052.79,2026-02-12 01:22:00+00:00,5052.79,TP,7.66,3.24,2.3642,1,S100_OB_SHORT
s100_m3_combo,SELL,2026-02-12 01:49:00+00:00,5057.32,5064.49,5039.39,2026-02-12 02:00:00+00:00,5064.49,SL,-7.62,7.17,-1.0628,1,S100_OB_SHORT
s100_m3_combo,SELL,2026-02-12 02:44:00+00:00,5058.07,5062.81,5046.22,2026-02-12 02:49:00+00:00,5062.81,SL,-5.19,4.74,-1.0949,2,S100_RSI3_MOMO_SHORT
s100_m3_combo,SELL,2026-02-12 02:58:00+00:00,5066.91,5068.99,5061.73,2026-02-12 03:03:00+00:00,5068.99,SL,-2.53,2.08,-1.2163,2,S100_OB_SHORT
s100_m3_combo,SELL,2026-02-12 03:53:00+00:00,5058.03,5062.19,5047.65,2026-02-12 04:51:00+00:00,5062.19,SL,-4.61,4.16,-1.1082,3,S100_RSI3_MOMO_SHORT
s100_m3_combo,SELL,2026-02-12 05:40:00+00:00,5067.81,5071.37,5058.89,2026-02-12 05:44:00+00:00,5071.37,SL,-4.01,3.56,-1.1264,5,S100_FVG_SHORT
s100_m3_combo,BUY,2026-02-12 05:50:00+00:00,5069.44,5066.66,5076.4,2026-02-12 06:00:00+00:00,5076.4,TP,6.51,2.78,2.3417,5,S100_FVG_LONG
s100_m3_combo,SELL,2026-02-12 06:10:00+00:00,5067.02,5069.38,5061.12,2026-02-12 06:15:00+00:00,5069.38,SL,-2.81,2.36,-1.1907,6,S100_OB_SHORT
s100_m3_combo,SELL,2026-02-12 06:39:00+00:00,5052.86,5056.41,5044.0,2026-02-12 06:41:00+00:00,5056.41,SL,-4.0,3.55,-1.1268,6,S100_FVG_SHORT
s100_m3_combo,SELL,2026-02-12 07:05:00+00:00,5060.19,5062.47,5054.5,2026-02-12 07:08:00+00:00,5062.47,SL,-2.73,2.28,-1.1974,7,S100_OB_SHORT
s100_m3_combo,SELL,2026-02-12 07:27:00+00:00,5060.73,5062.88,5055.35,2026-02-12 07:28:00+00:00,5062.88,SL,-2.6,2.15,-1.2093,7,S100_FVG_SHORT
s100_m3_combo,SELL,2026-02-12 07:42:00+00:00,5057.69,5063.12,5044.09,2026-02-12 07:57:00+00:00,5063.12,SL,-5.88,5.43,-1.0829,7,S100_OB_SHORT
s100_m3_combo,SELL,2026-02-12 08:36:00+00:00,5060.97,5063.28,5055.2,2026-02-12 08:42:00+00:00,5063.28,SL,-2.76,2.31,-1.1948,8,S100_FVG_SHORT
s100_m3_combo,BUY,2026-02-12 13:53:00+00:00,5080.11,5074.97,5092.98,2026-02-12 13:59:00+00:00,5074.97,SL,-5.59,5.14,-1.0875,13,S100_RSI3_MOMO_LONG
s100_m3_combo,BUY,2026-02-12 14:36:00+00:00,5064.7,5058.74,5079.61,2026-02-12 14:38:00+00:00,5058.74,SL,-6.41,5.96,-1.0755,14,S100_OB_LONG
s100_m3_combo,SELL,2026-02-12 15:00:00+00:00,5044.98,5052.76,5025.55,2026-02-12 15:03:00+00:00,5052.76,SL,-8.23,7.78,-1.0578,15,S100_FVG_SHORT
s100_m3_combo,BUY,2026-02-12 15:54:00+00:00,5069.74,5068.22,5073.56,2026-02-12 15:58:00+00:00,5068.22,SL,-1.97,1.52,-1.2961,15,S100_OB_LONG
s100_m3_combo,BUY,2026-02-13 03:05:00+00:00,4984.15,4975.97,5004.59,2026-02-13 03:21:00+00:00,4975.97,SL,-8.63,8.18,-1.055,3,S100_OB_LONG
s100_m3_combo,BUY,2026-02-13 03:33:00+00:00,4979.89,4977.18,4986.66,2026-02-13 03:34:00+00:00,4977.18,SL,-3.16,2.71,-1.1661,3,S100_OB_LONG
s100_m3_combo,BUY,2026-02-13 03:56:00+00:00,4981.89,4977.52,4992.8,2026-02-13 04:08:00+00:00,4977.52,SL,-4.82,4.37,-1.103,3,S100_RSI3_MOMO_LONG
s100_m3_combo,BUY,2026-02-13 04:21:00+00:00,4991.52,4986.74,5003.47,2026-02-13 04:28:00+00:00,4986.74,SL,-5.23,4.78,-1.0941,4,S100_FVG_LONG
s100_m3_combo,BUY,2026-02-13 05:07:00+00:00,4975.99,4973.66,4981.81,2026-02-13 05:18:00+00:00,4973.66,SL,-2.78,2.33,-1.1931,5,S100_OB_LONG
s100_m3_combo,BUY,2026-02-13 06:18:00+00:00,4954.94,4946.64,4975.68,2026-02-13 07:19:00+00:00,4975.68,TP,20.29,8.3,2.4446,6,S100_OB_LONG
s100_m3_combo,BUY,2026-02-13 07:22:00+00:00,4967.74,4959.95,4987.21,2026-02-13 08:09:00+00:00,4987.21,TP,19.02,7.79,2.4416,7,S100_FVG_LONG
s100_m3_combo,BUY,2026-02-13 08:14:00+00:00,4979.28,4975.72,4988.19,2026-02-13 08:51:00+00:00,4975.72,SL,-4.01,3.56,-1.1264,8,S100_FVG_LONG
s100_m3_combo,SELL,2026-02-13 13:17:00+00:00,4965.41,4970.12,4953.64,2026-02-13 13:24:00+00:00,4970.12,SL,-5.16,4.71,-1.0955,13,S100_RSI3_MOMO_SHORT
s100_m3_combo,BUY,2026-02-13 14:15:00+00:00,4997.17,4985.92,5025.3,2026-02-13 14:40:00+00:00,4985.92,SL,-11.7,11.25,-1.04,14,S100_OB_LONG
s100_m3_combo,BUY,2026-02-13 15:13:00+00:00,5002.85,4994.79,5023.02,2026-02-13 15:18:00+00:00,4994.79,SL,-8.51,8.06,-1.0558,15,S100_OB_LONG
s100_m3_combo,BUY,2026-02-13 15:33:00+00:00,5007.64,5002.86,5019.58,2026-02-13 15:36:00+00:00,5019.58,TP,11.49,4.78,2.4038,15,S100_FVG_LONG
s100_m3_combo,BUY,2026-02-16 01:11:00+00:00,5018.49,5014.74,5027.89,2026-02-16 01:19:00+00:00,5027.89,TP,8.95,3.75,2.3867,1,S100_FVG_LONG
s100_m3_combo,SELL,2026-02-16 03:50:00+00:00,4988.45,4993.41,4976.07,2026-02-16 03:52:00+00:00,4993.41,SL,-5.41,4.96,-1.0907,3,S100_RSI3_MOMO_SHORT
s100_m3_combo,SELL,2026-02-16 04:14:00+00:00,4976.73,4982.76,4961.65,2026-02-16 05:06:00+00:00,4982.76,SL,-6.48,6.03,-1.0746,4,S100_RSI3_MOMO_SHORT
s100_m3_combo,SELL,2026-02-16 08:18:00+00:00,5000.58,5003.6,4993.04,2026-02-16 08:20:00+00:00,5003.6,SL,-3.47,3.02,-1.149,8,S100_FVG_SHORT
s100_m3_combo,SELL,2026-02-16 13:36:00+00:00,4998.49,5001.22,4991.68,2026-02-16 13:47:00+00:00,4991.68,TP,6.36,2.73,2.3297,13,S100_OB_SHORT
s100_m3_combo,SELL,2026-02-16 14:24:00+00:00,4993.88,4995.92,4988.79,2026-02-16 14:37:00+00:00,4988.79,TP,4.64,2.04,2.2745,14,S100_FVG_SHORT
s100_m3_combo,SELL,2026-02-16 14:47:00+00:00,4984.56,4988.37,4975.04,2026-02-16 14:52:00+00:00,4988.37,SL,-4.26,3.81,-1.1181,14,S100_RSI3_MOMO_SHORT
s100_m3_combo,SELL,2026-02-16 15:07:00+00:00,4978.27,4985.63,4959.87,2026-02-16 16:19:00+00:00,4976.075,TIME,1.745,7.36,0.2371,15,S100_FVG_SHORT
s100_m3_combo,SELL,2026-02-17 01:08:00+00:00,4945.31,4950.13,4933.28,2026-02-17 01:11:00+00:00,4950.13,SL,-5.27,4.82,-1.0934,1,S100_FVG_SHORT
s100_m3_combo,SELL,2026-02-17 03:08:00+00:00,4965.47,4967.81,4959.59,2026-02-17 03:13:00+00:00,4959.59,TP,5.43,2.34,2.3205,3,S100_OB_SHORT
s100_m3_combo,SELL,2026-02-17 03:20:00+00:00,4957.35,4961.08,4948.01,2026-02-17 03:21:00+00:00,4961.08,SL,-4.18,3.73,-1.1206,3,S100_RSI3_MOMO_SHORT
s100_m3_combo,SELL,2026-02-17 03:30:00+00:00,4957.31,4960.26,4949.94,2026-02-17 03:32:00+00:00,4960.26,SL,-3.4,2.95,-1.1525,3,S100_OB_SHORT
s100_m3_combo,SELL,2026-02-17 03:43:00+00:00,4955.47,4957.0,4951.63,2026-02-17 03:47:00+00:00,4957.0,SL,-1.98,1.53,-1.2941,3,S100_OB_SHORT
s100_m3_combo,SELL,2026-02-17 04:09:00+00:00,4950.03,4952.87,4942.94,2026-02-17 04:10:00+00:00,4952.87,SL,-3.29,2.84,-1.1585,4,S100_FVG_SHORT
s100_m3_combo,SELL,2026-02-17 05:37:00+00:00,4886.62,4895.99,4863.19,2026-02-17 05:52:00+00:00,4895.99,SL,-9.82,9.37,-1.048,5,S100_FVG_SHORT
s100_m3_combo,SELL,2026-02-17 07:04:00+00:00,4908.89,4912.79,4899.12,2026-02-17 07:07:00+00:00,4912.79,SL,-4.35,3.9,-1.1154,7,S100_OB_SHORT
s100_m3_combo,SELL,2026-02-17 08:30:00+00:00,4923.06,4929.54,4906.85,2026-02-17 09:42:00+00:00,4920.04,TIME,2.57,6.48,0.3966,8,S100_OB_SHORT
s100_m3_combo,SELL,2026-02-17 13:40:00+00:00,4919.05,4921.0,4914.17,2026-02-17 13:41:00+00:00,4921.0,SL,-2.4,1.95,-1.2308,13,S100_OB_SHORT
s100_m3_combo,SELL,2026-02-17 14:41:00+00:00,4879.78,4894.01,4844.2,2026-02-17 15:53:00+00:00,4866.98,TIME,12.35,14.23,0.8679,14,S100_RSI3_MOMO_SHORT
s100_m3_combo,BUY,2026-02-18 02:02:00+00:00,4892.36,4888.17,4902.83,2026-02-18 02:25:00+00:00,4902.83,TP,10.02,4.19,2.3914,2,S100_RSI3_MOMO_LONG
s100_m3_combo,BUY,2026-02-18 02:55:00+00:00,4905.06,4903.03,4910.15,2026-02-18 02:58:00+00:00,4903.03,SL,-2.48,2.03,-1.2217,2,S100_OB_LONG
s100_m3_combo,BUY,2026-02-18 03:12:00+00:00,4913.33,4908.8,4924.66,2026-02-18 04:07:00+00:00,4924.66,TP,10.88,4.53,2.4018,3,S100_FVG_LONG
s100_m3_combo,BUY,2026-02-18 04:38:00+00:00,4932.95,4929.54,4941.48,2026-02-18 05:50:00+00:00,4935.82,TIME,2.42,3.41,0.7097,4,S100_FVG_LONG
s100_m3_combo,BUY,2026-02-18 06:29:00+00:00,4931.15,4928.47,4937.85,2026-02-18 06:32:00+00:00,4928.47,SL,-3.13,2.68,-1.1679,6,S100_FVG_LONG
s100_m3_combo,BUY,2026-02-18 06:53:00+00:00,4934.56,4931.56,4942.08,2026-02-18 06:59:00+00:00,4931.56,SL,-3.45,3.0,-1.15,6,S100_RSI3_MOMO_LONG
s100_m3_combo,BUY,2026-02-18 07:12:00+00:00,4936.4,4934.8,4940.42,2026-02-18 07:14:00+00:00,4940.42,TP,3.57,1.6,2.2313,7,S100_FVG_LONG
s100_m3_combo,BUY,2026-02-18 07:40:00+00:00,4935.4,4933.58,4939.95,2026-02-18 07:47:00+00:00,4933.58,SL,-2.27,1.82,-1.2473,7,S100_OB_LONG
s100_m3_combo,BUY,2026-02-18 14:10:00+00:00,4954.02,4949.95,4964.2,2026-02-18 14:31:00+00:00,4964.2,TP,9.73,4.07,2.3907,14,S100_OB_LONG
s100_m3_combo,BUY,2026-02-18 14:42:00+00:00,4980.62,4976.73,4990.34,2026-02-18 14:51:00+00:00,4990.34,TP,9.27,3.89,2.383,14,S100_FVG_LONG
s100_m3_combo,BUY,2026-02-18 15:07:00+00:00,4997.33,4992.82,5008.6,2026-02-18 15:16:00+00:00,5008.6,TP,10.82,4.51,2.3991,15,S100_FVG_LONG
s100_m3_combo,SELL,2026-02-19 02:21:00+00:00,4970.69,4973.62,4963.38,2026-02-19 02:28:00+00:00,4973.62,SL,-3.38,2.93,-1.1536,2,S100_FVG_SHORT
s100_m3_combo,SELL,2026-02-19 03:03:00+00:00,4968.36,4971.83,4959.71,2026-02-19 03:20:00+00:00,4971.83,SL,-3.92,3.47,-1.1297,3,S100_FVG_SHORT
s100_m3_combo,SELL,2026-02-19 03:25:00+00:00,4969.1,4972.41,4960.83,2026-02-19 03:30:00+00:00,4972.41,SL,-3.76,3.31,-1.136,3,S100_OB_SHORT
s100_m3_combo,BUY,2026-02-19 04:36:00+00:00,4983.73,4982.15,4987.68,2026-02-19 04:37:00+00:00,4982.15,SL,-2.03,1.58,-1.2848,4,S100_FVG_LONG
s100_m3_combo,BUY,2026-02-19 05:09:00+00:00,4987.28,4985.0,4992.97,2026-02-19 05:12:00+00:00,4992.97,TP,5.24,2.28,2.2982,5,S100_FVG_LONG
s100_m3_combo,BUY,2026-02-19 05:15:00+00:00,4989.1,4987.48,4993.13,2026-02-19 05:36:00+00:00,4993.13,TP,3.58,1.62,2.2099,5,S100_OB_LONG
s100_m3_combo,BUY,2026-02-19 08:27:00+00:00,5011.8,5009.11,5018.52,2026-02-19 08:43:00+00:00,5018.52,TP,6.27,2.69,2.3309,8,S100_OB_LONG
s100_m3_combo,BUY,2026-02-19 08:51:00+00:00,5018.32,5016.47,5022.96,2026-02-19 08:52:00+00:00,5016.47,SL,-2.3,1.85,-1.2432,8,S100_FVG_LONG
s100_m3_combo,SELL,2026-02-19 14:16:00+00:00,4981.4,4985.22,4971.83,2026-02-19 14:30:00+00:00,4971.83,TP,9.12,3.82,2.3874,14,S100_FVG_SHORT
s100_m3_combo,SELL,2026-02-19 14:33:00+00:00,4977.77,4979.61,4973.19,2026-02-19 14:34:00+00:00,4973.19,TP,4.13,1.84,2.2446,14,S100_OB_SHORT
s100_m3_combo,BUY,2026-02-19 15:40:00+00:00,5014.02,5006.27,5033.4,2026-02-19 16:05:00+00:00,5006.27,SL,-8.2,7.75,-1.0581,15,S100_FVG_LONG
s100_m3_combo,BUY,2026-02-20 02:09:00+00:00,5001.6,4998.45,5009.48,2026-02-20 02:10:00+00:00,4998.45,SL,-3.6,3.15,-1.1429,2,S100_FVG_LONG
s100_m3_combo,BUY,2026-02-20 02:46:00+00:00,4996.99,4995.47,5000.8,2026-02-20 02:47:00+00:00,4995.47,SL,-1.97,1.52,-1.2961,2,S100_OB_LONG
s100_m3_combo,SELL,2026-02-20 03:31:00+00:00,4996.51,4998.62,4991.24,2026-02-20 03:37:00+00:00,4998.62,SL,-2.56,2.11,-1.2133,3,S100_OB_SHORT
s100_m3_combo,SELL,2026-02-20 03:47:00+00:00,4992.19,4997.04,4980.09,2026-02-20 04:40:00+00:00,4997.04,SL,-5.3,4.85,-1.0928,3,S100_FVG_SHORT
s100_m3_combo,BUY,2026-02-20 05:07:00+00:00,5003.67,4999.81,5013.32,2026-02-20 05:17:00+00:00,4999.81,SL,-4.31,3.86,-1.1166,5,S100_FVG_LONG
s100_m3_combo,BUY,2026-02-20 05:40:00+00:00,5001.25,4998.41,5008.35,2026-02-20 05:42:00+00:00,4998.41,SL,-3.29,2.84,-1.1585,5,S100_OB_LONG
s100_m3_combo,BUY,2026-02-20 06:06:00+00:00,5013.28,5011.44,5017.9,2026-02-20 06:11:00+00:00,5017.9,TP,4.17,1.84,2.2663,6,S100_FVG_LONG
s100_m3_combo,BUY,2026-02-20 06:50:00+00:00,5029.26,5025.22,5039.36,2026-02-20 06:54:00+00:00,5025.22,SL,-4.49,4.04,-1.1114,6,S100_RSI3_MOMO_LONG
s100_m3_combo,BUY,2026-02-20 06:58:00+00:00,5022.32,5020.29,5027.39,2026-02-20 07:00:00+00:00,5020.29,SL,-2.48,2.03,-1.2217,6,S100_OB_LONG
s100_m3_combo,BUY,2026-02-20 08:06:00+00:00,5013.63,5009.0,5025.19,2026-02-20 08:08:00+00:00,5009.0,SL,-5.08,4.63,-1.0972,8,S100_FVG_LONG
s100_m3_combo,BUY,2026-02-20 08:53:00+00:00,5028.86,5024.94,5038.68,2026-02-20 09:09:00+00:00,5038.68,TP,9.37,3.92,2.3903,8,S100_RSI3_MOMO_LONG
s100_m3_combo,BUY,2026-02-20 13:05:00+00:00,5027.53,5023.35,5037.98,2026-02-20 13:32:00+00:00,5023.35,SL,-4.63,4.18,-1.1077,13,S100_RSI3_MOMO_LONG
s100_m3_combo,BUY,2026-02-20 13:47:00+00:00,5034.39,5029.71,5046.07,2026-02-20 13:51:00+00:00,5046.07,TP,11.23,4.68,2.3996,13,S100_RSI3_MOMO_LONG
s100_m3_combo,BUY,2026-02-20 13:56:00+00:00,5048.3,5042.43,5062.98,2026-02-20 14:02:00+00:00,5042.43,SL,-6.32,5.87,-1.0767,13,S100_RSI3_MOMO_LONG
s100_m3_combo,BUY,2026-02-20 14:02:00+00:00,5041.91,5033.74,5062.33,2026-02-20 15:01:00+00:00,5062.33,TP,19.97,8.17,2.4443,14,S100_FVG_LONG
s100_m3_combo,BUY,2026-02-20 15:21:00+00:00,5034.16,5025.01,5057.06,2026-02-20 15:24:00+00:00,5025.01,SL,-9.6,9.15,-1.0492,15,S100_FVG_LONG
s100_m3_combo,BUY,2026-02-20 15:44:00+00:00,5045.36,5028.82,5086.73,2026-02-20 16:56:00+00:00,5062.065,TIME,16.255,16.54,0.9828,15,S100_RSI3_MOMO_LONG
s100_m3_combo,BUY,2026-02-23 01:25:00+00:00,5155.26,5151.01,5165.88,2026-02-23 01:42:00+00:00,5165.88,TP,10.17,4.25,2.3929,1,S100_FVG_LONG
s100_m3_combo,BUY,2026-02-23 02:22:00+00:00,5157.98,5156.2,5162.46,2026-02-23 02:26:00+00:00,5162.46,TP,4.03,1.78,2.264,2,S100_OB_LONG
s100_m3_combo,BUY,2026-02-23 02:45:00+00:00,5174.47,5168.61,5189.09,2026-02-23 02:50:00+00:00,5168.61,SL,-6.31,5.86,-1.0768,2,S100_FVG_LONG
s100_m3_combo,BUY,2026-02-23 03:04:00+00:00,5171.97,5169.62,5177.86,2026-02-23 03:08:00+00:00,5169.62,SL,-2.8,2.35,-1.1915,3,S100_FVG_LONG
s100_m3_combo,BUY,2026-02-23 03:41:00+00:00,5169.91,5164.81,5182.68,2026-02-23 04:03:00+00:00,5164.81,SL,-5.55,5.1,-1.0882,3,S100_RSI3_MOMO_LONG
s100_m3_combo,BUY,2026-02-23 04:09:00+00:00,5158.16,5154.81,5166.53,2026-02-23 05:05:00+00:00,5154.81,SL,-3.8,3.35,-1.1343,4,S100_OB_LONG
s100_m3_combo,BUY,2026-02-23 05:30:00+00:00,5156.09,5152.78,5164.37,2026-02-23 06:29:00+00:00,5152.78,SL,-3.76,3.31,-1.136,5,S100_OB_LONG
s100_m3_combo,BUY,2026-02-23 07:14:00+00:00,5147.16,5142.98,5157.62,2026-02-23 07:20:00+00:00,5142.98,SL,-4.63,4.18,-1.1077,7,S100_FVG_LONG
s100_m3_combo,SELL,2026-02-23 08:32:00+00:00,5130.78,5134.29,5122.03,2026-02-23 08:46:00+00:00,5134.29,SL,-3.96,3.51,-1.1282,8,S100_FVG_SHORT
s100_m3_combo,BUY,2026-02-23 14:51:00+00:00,5193.6,5189.86,5202.92,2026-02-23 14:58:00+00:00,5189.86,SL,-4.19,3.74,-1.1203,14,S100_FVG_LONG
s100_m3_combo,BUY,2026-02-23 15:15:00+00:00,5197.61,5188.12,5221.36,2026-02-23 15:36:00+00:00,5188.12,SL,-9.94,9.49,-1.0474,15,S100_OB_LONG
s100_m3_combo,SELL,2026-02-24 01:21:00+00:00,5169.68,5186.32,5128.08,2026-02-24 02:33:00+00:00,5182.42,TIME,-13.19,16.64,-0.7927,1,S100_FVG_SHORT
s100_m3_combo,SELL,2026-02-24 04:06:00+00:00,5168.93,5172.01,5161.24,2026-02-24 04:16:00+00:00,5172.01,SL,-3.53,3.08,-1.1461,4,S100_FVG_SHORT
s100_m3_combo,SELL,2026-02-24 04:45:00+00:00,5167.06,5170.74,5157.85,2026-02-24 04:49:00+00:00,5170.74,SL,-4.13,3.68,-1.1223,4,S100_OB_SHORT
s100_m3_combo,SELL,2026-02-24 05:35:00+00:00,5173.62,5175.21,5169.66,2026-02-24 05:36:00+00:00,5169.66,TP,3.51,1.59,2.2075,5,S100_OB_SHORT
s100_m3_combo,SELL,2026-02-24 08:09:00+00:00,5173.47,5176.3,5166.38,2026-02-24 08:18:00+00:00,5166.38,TP,6.64,2.83,2.3463,8,S100_FVG_SHORT
s100_m3_combo,SELL,2026-02-24 08:57:00+00:00,5176.1,5178.85,5169.21,2026-02-24 09:07:00+00:00,5178.85,SL,-3.2,2.75,-1.1636,8,S100_FVG_SHORT
s100_m3_combo,SELL,2026-02-24 13:38:00+00:00,5150.9,5156.08,5137.95,2026-02-24 13:39:00+00:00,5137.95,TP,12.5,5.18,2.4131,13,S100_RSI3_MOMO_SHORT
s100_m3_combo,SELL,2026-02-24 14:06:00+00:00,5124.63,5130.51,5109.94,2026-02-24 14:12:00+00:00,5109.94,TP,14.24,5.88,2.4218,14,S100_FVG_SHORT
s100_m3_combo,SELL,2026-02-24 14:20:00+00:00,5109.0,5115.77,5092.08,2026-02-24 14:22:00+00:00,5115.77,SL,-7.22,6.77,-1.0665,14,S100_FVG_SHORT
s100_m3_combo,SELL,2026-02-24 15:05:00+00:00,5130.77,5133.63,5123.62,2026-02-24 15:06:00+00:00,5133.63,SL,-3.31,2.86,-1.1573,15,S100_OB_SHORT
s100_m3_combo,BUY,2026-02-25 01:29:00+00:00,5185.42,5178.06,5203.82,2026-02-25 01:57:00+00:00,5178.06,SL,-7.81,7.36,-1.0611,1,S100_RSI3_MOMO_LONG
s100_m3_combo,BUY,2026-02-25 02:14:00+00:00,5188.84,5182.95,5203.57,2026-02-25 02:36:00+00:00,5182.95,SL,-6.34,5.89,-1.0764,2,S100_RSI3_MOMO_LONG
s100_m3_combo,BUY,2026-02-25 03:18:00+00:00,5181.05,5178.21,5188.14,2026-02-25 03:31:00+00:00,5188.14,TP,6.64,2.84,2.338,3,S100_FVG_LONG
s100_m3_combo,BUY,2026-02-25 04:37:00+00:00,5180.45,5177.85,5186.98,2026-02-25 05:03:00+00:00,5186.98,TP,6.08,2.6,2.3385,4,S100_FVG_LONG
s100_m3_combo,BUY,2026-02-25 05:09:00+00:00,5188.17,5186.11,5193.31,2026-02-25 05:18:00+00:00,5193.31,TP,4.69,2.06,2.2767,5,S100_FVG_LONG
s100_m3_combo,BUY,2026-02-25 05:30:00+00:00,5193.11,5190.02,5200.83,2026-02-25 05:43:00+00:00,5200.83,TP,7.27,3.09,2.3528,5,S100_FVG_LONG
s100_m3_combo,BUY,2026-02-25 05:52:00+00:00,5202.94,5200.92,5208.01,2026-02-25 05:53:00+00:00,5208.01,TP,4.62,2.02,2.2871,5,S100_OB_LONG
s100_m3_combo,BUY,2026-02-25 07:00:00+00:00,5193.18,5191.42,5197.56,2026-02-25 07:01:00+00:00,5191.42,SL,-2.21,1.76,-1.2557,7,S100_OB_LONG
s100_m3_combo,BUY,2026-02-25 07:37:00+00:00,5185.95,5183.46,5192.17,2026-02-25 07:53:00+00:00,5183.46,SL,-2.94,2.49,-1.1807,7,S100_OB_LONG
s100_m3_combo,BUY,2026-02-25 08:27:00+00:00,5190.65,5188.4,5196.27,2026-02-25 08:35:00+00:00,5196.27,TP,5.17,2.25,2.2978,8,S100_FVG_LONG
s100_m3_combo,BUY,2026-02-25 14:06:00+00:00,5188.15,5184.38,5197.56,2026-02-25 14:14:00+00:00,5184.38,SL,-4.22,3.77,-1.1194,14,S100_OB_LONG
s100_m3_combo,SELL,2026-02-25 14:46:00+00:00,5177.75,5180.48,5170.92,2026-02-25 14:49:00+00:00,5180.48,SL,-3.18,2.73,-1.1648,14,S100_OB_SHORT
s100_m3_combo,BUY,2026-02-25 15:11:00+00:00,5193.03,5189.58,5201.67,2026-02-25 15:19:00+00:00,5189.58,SL,-3.9,3.45,-1.1304,15,S100_OB_LONG
s100_m3_combo,SELL,2026-02-26 01:12:00+00:00,5188.19,5192.12,5178.37,2026-02-26 01:15:00+00:00,5192.12,SL,-4.38,3.93,-1.1145,1,S100_FVG_SHORT
s100_m3_combo,BUY,2026-02-26 01:39:00+00:00,5187.33,5183.53,5196.83,2026-02-26 02:14:00+00:00,5183.53,SL,-4.25,3.8,-1.1184,1,S100_FVG_LONG
s100_m3_combo,BUY,2026-02-26 03:37:00+00:00,5186.79,5184.35,5192.89,2026-02-26 03:47:00+00:00,5184.35,SL,-2.89,2.44,-1.1844,3,S100_OB_LONG
s100_m3_combo,BUY,2026-02-26 03:59:00+00:00,5192.73,5189.83,5200.0,2026-02-26 05:11:00+00:00,5195.41,TIME,2.23,2.9,0.769,3,S100_RSI3_MOMO_LONG
s100_m3_combo,BUY,2026-02-26 05:28:00+00:00,5200.1,5197.87,5205.7,2026-02-26 05:37:00+00:00,5197.87,SL,-2.68,2.23,-1.2018,5,S100_OB_LONG
s100_m3_combo,SELL,2026-02-26 08:48:00+00:00,5174.97,5177.8,5167.87,2026-02-26 08:49:00+00:00,5177.8,SL,-3.28,2.83,-1.159,8,S100_OB_SHORT
s100_m3_combo,SELL,2026-02-26 13:51:00+00:00,5170.66,5175.77,5157.89,2026-02-26 14:30:00+00:00,5157.89,TP,12.32,5.11,2.411,13,S100_OB_SHORT
s100_m3_combo,SELL,2026-02-26 15:34:00+00:00,5154.27,5161.94,5135.08,2026-02-26 15:35:00+00:00,5161.94,SL,-8.12,7.67,-1.0587,15,S100_OB_SHORT
s100_m3_combo,SELL,2026-02-27 01:04:00+00:00,5175.23,5176.99,5170.82,2026-02-27 01:06:00+00:00,5170.82,TP,3.96,1.76,2.25,1,S100_OB_SHORT
s100_m3_combo,BUY,2026-02-27 01:54:00+00:00,5191.46,5189.25,5196.99,2026-02-27 02:00:00+00:00,5196.99,TP,5.08,2.21,2.2986,1,S100_FVG_LONG
s100_m3_combo,BUY,2026-02-27 02:02:00+00:00,5192.45,5190.78,5196.65,2026-02-27 02:05:00+00:00,5196.65,TP,3.75,1.67,2.2455,2,S100_OB_LONG
s100_m3_combo,BUY,2026-02-27 02:09:00+00:00,5194.47,5192.57,5199.23,2026-02-27 02:11:00+00:00,5192.57,SL,-2.35,1.9,-1.2368,2,S100_OB_LONG
s100_m3_combo,BUY,2026-02-27 03:30:00+00:00,5186.35,5184.39,5191.24,2026-02-27 03:37:00+00:00,5184.39,SL,-2.41,1.96,-1.2296,3,S100_FVG_LONG
s100_m3_combo,BUY,2026-02-27 03:53:00+00:00,5190.22,5187.65,5196.63,2026-02-27 03:57:00+00:00,5187.65,SL,-3.02,2.57,-1.1751,3,S100_RSI3_MOMO_LONG
s100_m3_combo,BUY,2026-02-27 04:30:00+00:00,5186.61,5184.81,5191.14,2026-02-27 04:54:00+00:00,5184.81,SL,-2.25,1.8,-1.25,4,S100_FVG_LONG
s100_m3_combo,BUY,2026-02-27 05:35:00+00:00,5193.93,5192.2,5198.24,2026-02-27 05:36:00+00:00,5192.2,SL,-2.18,1.73,-1.2601,5,S100_FVG_LONG
s100_m3_combo,BUY,2026-02-27 06:01:00+00:00,5196.43,5193.98,5202.57,2026-02-27 06:03:00+00:00,5193.98,SL,-2.9,2.45,-1.1837,6,S100_FVG_LONG
s100_m3_combo,SELL,2026-02-27 08:26:00+00:00,5175.99,5179.34,5167.61,2026-02-27 08:27:00+00:00,5179.34,SL,-3.8,3.35,-1.1343,8,S100_RSI3_MOMO_SHORT
s100_m3_combo,BUY,2026-02-27 13:18:00+00:00,5213.9,5211.91,5218.87,2026-02-27 13:19:00+00:00,5218.87,TP,4.52,1.99,2.2714,13,S100_OB_LONG
s100_m3_combo,BUY,2026-02-27 14:09:00+00:00,5218.55,5210.21,5239.4,2026-02-27 15:13:00+00:00,5239.4,TP,20.4,8.34,2.446,14,S100_OB_LONG
s100_m3_combo,BUY,2026-02-27 15:13:00+00:00,5237.15,5227.72,5260.74,2026-02-27 15:17:00+00:00,5227.72,SL,-9.88,9.43,-1.0477,15,S100_RSI3_MOMO_LONG
s100_m3_combo,BUY,2026-02-27 15:33:00+00:00,5230.29,5225.44,5242.41,2026-02-27 15:52:00+00:00,5242.41,TP,11.67,4.85,2.4062,15,S100_FVG_LONG
s100_m3_combo,BUY,2026-02-27 15:53:00+00:00,5237.53,5230.52,5255.07,2026-02-27 16:13:00+00:00,5255.07,TP,17.09,7.01,2.4379,15,S100_RSI3_MOMO_LONG
s100_m3_combo,BUY,2026-03-02 01:58:00+00:00,5325.72,5313.4,5356.52,2026-03-02 03:10:00+00:00,5352.72,TIME,26.55,12.32,2.155,1,S100_FVG_LONG
s100_m3_combo,BUY,2026-03-02 03:10:00+00:00,5352.99,5349.14,5362.62,2026-03-02 03:38:00+00:00,5362.62,TP,9.18,3.85,2.3844,3,S100_FVG_LONG
s100_m3_combo,BUY,2026-03-02 03:42:00+00:00,5362.27,5359.48,5369.22,2026-03-02 03:43:00+00:00,5359.48,SL,-3.24,2.79,-1.1613,3,S100_FVG_LONG
s100_m3_combo,BUY,2026-03-02 03:59:00+00:00,5366.46,5361.99,5377.64,2026-03-02 04:04:00+00:00,5361.99,SL,-4.92,4.47,-1.1007,3,S100_RSI3_MOMO_LONG
s100_m3_combo,BUY,2026-03-02 04:24:00+00:00,5362.76,5359.55,5370.78,2026-03-02 04:32:00+00:00,5359.55,SL,-3.66,3.21,-1.1402,4,S100_FVG_LONG
s100_m3_combo,BUY,2026-03-02 04:58:00+00:00,5356.63,5353.97,5363.29,2026-03-02 05:00:00+00:00,5353.97,SL,-3.11,2.66,-1.1692,4,S100_FVG_LONG
s100_m3_combo,BUY,2026-03-02 06:56:00+00:00,5387.05,5382.07,5399.5,2026-03-02 07:07:00+00:00,5399.5,TP,12.0,4.98,2.4096,6,S100_RSI3_MOMO_LONG
s100_m3_combo,BUY,2026-03-02 07:21:00+00:00,5414.85,5405.61,5437.94,2026-03-02 07:37:00+00:00,5405.61,SL,-9.69,9.24,-1.0487,7,S100_FVG_LONG
s100_m3_combo,BUY,2026-03-02 07:51:00+00:00,5408.02,5403.65,5418.97,2026-03-02 07:55:00+00:00,5403.65,SL,-4.82,4.37,-1.103,7,S100_FVG_LONG
s100_m3_combo,BUY,2026-03-02 08:31:00+00:00,5409.55,5402.05,5428.31,2026-03-02 08:43:00+00:00,5402.05,SL,-7.95,7.5,-1.06,8,S100_OB_LONG
s100_m3_combo,BUY,2026-03-02 13:00:00+00:00,5393.5,5386.77,5410.33,2026-03-02 13:12:00+00:00,5386.77,SL,-7.18,6.73,-1.0669,13,S100_OB_LONG
s100_m3_combo,BUY,2026-03-02 13:27:00+00:00,5404.23,5395.83,5425.23,2026-03-02 13:43:00+00:00,5395.83,SL,-8.85,8.4,-1.0536,13,S100_FVG_LONG
s100_m3_combo,SELL,2026-03-02 14:30:00+00:00,5338.11,5350.32,5307.58,2026-03-02 14:34:00+00:00,5307.58,TP,30.08,12.21,2.4636,14,S100_FVG_SHORT
s100_m3_combo,BUY,2026-03-03 01:37:00+00:00,5368.19,5366.27,5373.02,2026-03-03 01:38:00+00:00,5373.02,TP,4.38,1.92,2.2813,1,S100_OB_LONG
s100_m3_combo,BUY,2026-03-03 02:10:00+00:00,5343.48,5340.63,5350.59,2026-03-03 02:11:00+00:00,5350.59,TP,6.66,2.85,2.3368,2,S100_OB_LONG
s100_m3_combo,BUY,2026-03-03 02:32:00+00:00,5360.27,5350.32,5385.13,2026-03-03 03:44:00+00:00,5369.095,TIME,8.375,9.95,0.8417,2,S100_RSI3_MOMO_LONG
s100_m3_combo,BUY,2026-03-03 04:24:00+00:00,5368.11,5364.83,5376.32,2026-03-03 04:49:00+00:00,5364.83,SL,-3.73,3.28,-1.1372,4,S100_FVG_LONG
s100_m3_combo,SELL,2026-03-03 06:18:00+00:00,5299.56,5307.04,5280.88,2026-03-03 06:20:00+00:00,5307.04,SL,-7.93,7.48,-1.0602,6,S100_FVG_SHORT
s100_m3_combo,SELL,2026-03-03 06:40:00+00:00,5311.23,5317.27,5296.12,2026-03-03 06:52:00+00:00,5296.12,TP,14.66,6.04,2.4272,6,S100_FVG_SHORT
s100_m3_combo,SELL,2026-03-03 06:57:00+00:00,5309.61,5312.72,5301.83,2026-03-03 06:59:00+00:00,5312.72,SL,-3.56,3.11,-1.1447,6,S100_OB_SHORT
s100_m3_combo,SELL,2026-03-03 08:17:00+00:00,5326.03,5327.88,5321.4,2026-03-03 08:19:00+00:00,5327.88,SL,-2.3,1.85,-1.2432,8,S100_OB_SHORT
s100_m3_combo,SELL,2026-03-03 08:27:00+00:00,5317.15,5325.06,5297.4,2026-03-03 08:40:00+00:00,5297.4,TP,19.3,7.91,2.4399,8,S100_FVG_SHORT
s100_m3_combo,SELL,2026-03-03 08:40:00+00:00,5302.74,5310.56,5283.21,2026-03-03 08:49:00+00:00,5310.56,SL,-8.27,7.82,-1.0575,8,S100_RSI3_MOMO_SHORT
s100_m3_combo,SELL,2026-03-03 13:44:00+00:00,5156.64,5173.49,5114.52,2026-03-03 14:08:00+00:00,5173.49,SL,-17.3,16.85,-1.0267,13,S100_RSI3_MOMO_SHORT
s100_m3_combo,SELL,2026-03-03 14:39:00+00:00,5132.06,5149.33,5088.86,2026-03-03 14:41:00+00:00,5088.86,TP,42.75,17.27,2.4754,14,S100_OB_SHORT
s100_m3_combo,SELL,2026-03-03 14:48:00+00:00,5074.31,5086.63,5043.5,2026-03-03 14:50:00+00:00,5043.5,TP,30.36,12.32,2.4643,14,S100_FVG_SHORT
s100_m3_combo,SELL,2026-03-03 15:27:00+00:00,5047.01,5057.09,5021.81,2026-03-03 15:30:00+00:00,5057.09,SL,-10.53,10.08,-1.0446,15,S100_OB_SHORT
s100_m3_combo,BUY,2026-03-04 01:11:00+00:00,5157.25,5148.78,5178.43,2026-03-04 01:26:00+00:00,5148.78,SL,-8.92,8.47,-1.0531,1,S100_RSI3_MOMO_LONG
s100_m3_combo,BUY,2026-03-04 01:30:00+00:00,5145.94,5138.05,5165.66,2026-03-04 01:45:00+00:00,5165.66,TP,19.27,7.89,2.4423,1,S100_FVG_LONG
s100_m3_combo,BUY,2026-03-04 01:54:00+00:00,5170.22,5164.93,5183.44,2026-03-04 02:09:00+00:00,5183.44,TP,12.77,5.29,2.414,1,S100_FVG_LONG
s100_m3_combo,BUY,2026-03-04 02:16:00+00:00,5182.65,5176.22,5198.7,2026-03-04 02:25:00+00:00,5176.22,SL,-6.88,6.43,-1.07,2,S100_FVG_LONG
s100_m3_combo,BUY,2026-03-04 02:48:00+00:00,5170.21,5166.5,5179.48,2026-03-04 02:49:00+00:00,5166.5,SL,-4.16,3.71,-1.1213,2,S100_OB_LONG
s100_m3_combo,BUY,2026-03-04 03:35:00+00:00,5156.29,5154.5,5160.77,2026-03-04 03:37:00+00:00,5154.5,SL,-2.24,1.79,-1.2514,3,S100_OB_LONG
s100_m3_combo,BUY,2026-03-04 04:02:00+00:00,5172.01,5167.34,5183.67,2026-03-04 04:19:00+00:00,5167.34,SL,-5.12,4.67,-1.0964,4,S100_OB_LONG
s100_m3_combo,BUY,2026-03-04 05:20:00+00:00,5156.32,5151.99,5167.16,2026-03-04 05:42:00+00:00,5167.16,TP,10.39,4.33,2.3995,5,S100_OB_LONG
s100_m3_combo,BUY,2026-03-04 05:51:00+00:00,5165.89,5159.23,5182.54,2026-03-04 05:54:00+00:00,5159.23,SL,-7.11,6.66,-1.0676,5,S100_OB_LONG
s100_m3_combo,BUY,2026-03-04 06:39:00+00:00,5148.98,5139.12,5173.63,2026-03-04 07:07:00+00:00,5173.63,TP,24.2,9.86,2.4544,6,S100_FVG_LONG
s100_m3_combo,BUY,2026-03-04 07:16:00+00:00,5164.26,5159.29,5176.66,2026-03-04 08:04:00+00:00,5159.29,SL,-5.42,4.97,-1.0905,7,S100_FVG_LONG
s100_m3_combo,BUY,2026-03-04 08:19:00+00:00,5155.2,5149.44,5169.62,2026-03-04 08:36:00+00:00,5169.62,TP,13.97,5.76,2.4253,8,S100_OB_LONG
s100_m3_combo,BUY,2026-03-04 08:54:00+00:00,5175.22,5170.18,5187.81,2026-03-04 08:55:00+00:00,5170.18,SL,-5.49,5.04,-1.0893,8,S100_FVG_LONG
s100_m3_combo,BUY,2026-03-04 13:08:00+00:00,5183.62,5175.92,5202.89,2026-03-04 13:56:00+00:00,5175.92,SL,-8.15,7.7,-1.0584,13,S100_RSI3_MOMO_LONG
s100_m3_combo,BUY,2026-03-04 14:36:00+00:00,5177.11,5167.66,5200.73,2026-03-04 14:40:00+00:00,5167.66,SL,-9.9,9.45,-1.0476,14,S100_FVG_LONG
s100_m3_combo,SELL,2026-03-04 14:53:00+00:00,5161.48,5171.72,5135.86,2026-03-04 15:11:00+00:00,5135.86,TP,25.17,10.24,2.458,14,S100_FVG_SHORT
s100_m3_combo,SELL,2026-03-04 15:18:00+00:00,5146.26,5151.58,5132.97,2026-03-04 15:22:00+00:00,5151.58,SL,-5.77,5.32,-1.0846,15,S100_OB_SHORT
s100_m3_combo,SELL,2026-03-04 15:50:00+00:00,5144.22,5150.93,5127.42,2026-03-04 15:53:00+00:00,5150.93,SL,-7.16,6.71,-1.0671,15,S100_FVG_SHORT
s100_m3_combo,BUY,2026-03-05 01:12:00+00:00,5179.86,5176.69,5187.77,2026-03-05 01:14:00+00:00,5176.69,SL,-3.62,3.17,-1.142,1,S100_FVG_LONG
s100_m3_combo,BUY,2026-03-05 01:54:00+00:00,5176.51,5173.52,5183.96,2026-03-05 01:55:00+00:00,5173.52,SL,-3.44,2.99,-1.1505,1,S100_OB_LONG
s100_m3_combo,BUY,2026-03-05 02:06:00+00:00,5179.23,5170.16,5201.91,2026-03-05 03:18:00+00:00,5188.315,TIME,8.635,9.07,0.952,2,S100_OB_LONG
s100_m3_combo,BUY,2026-03-05 04:10:00+00:00,5183.31,5179.6,5192.58,2026-03-05 04:26:00+00:00,5179.6,SL,-4.16,3.71,-1.1213,4,S100_FVG_LONG
s100_m3_combo,SELL,2026-03-05 06:23:00+00:00,5142.81,5153.47,5116.15,2026-03-05 06:38:00+00:00,5153.47,SL,-11.11,10.66,-1.0422,6,S100_FVG_SHORT
s100_m3_combo,SELL,2026-03-05 07:41:00+00:00,5163.88,5167.23,5155.48,2026-03-05 08:04:00+00:00,5155.48,TP,7.95,3.35,2.3731,7,S100_OB_SHORT
s100_m3_combo,SELL,2026-03-05 08:05:00+00:00,5155.96,5160.45,5144.74,2026-03-05 08:13:00+00:00,5144.74,TP,10.77,4.49,2.3987,8,S100_RSI3_MOMO_SHORT
s100_m3_combo,SELL,2026-03-05 13:08:00+00:00,5159.41,5162.45,5151.83,2026-03-05 13:09:00+00:00,5151.83,TP,7.13,3.04,2.3454,13,S100_FVG_SHORT
s100_m3_combo,SELL,2026-03-05 13:28:00+00:00,5120.12,5129.23,5097.36,2026-03-05 13:32:00+00:00,5129.23,SL,-9.56,9.11,-1.0494,13,S100_FVG_SHORT
s100_m3_combo,SELL,2026-03-05 13:52:00+00:00,5126.58,5134.75,5106.17,2026-03-05 14:17:00+00:00,5106.17,TP,19.96,8.17,2.4431,13,S100_OB_SHORT
s100_m3_combo,SELL,2026-03-05 14:29:00+00:00,5120.26,5124.79,5108.93,2026-03-05 14:31:00+00:00,5108.93,TP,10.88,4.53,2.4018,14,S100_OB_SHORT
s100_m3_combo,SELL,2026-03-05 15:13:00+00:00,5077.43,5098.49,5024.77,2026-03-05 15:55:00+00:00,5098.49,SL,-21.51,21.06,-1.0214,15,S100_FVG_SHORT
s100_m3_combo,SELL,2026-03-06 01:06:00+00:00,5080.4,5085.18,5068.46,2026-03-06 01:13:00+00:00,5085.18,SL,-5.23,4.78,-1.0941,1,S100_FVG_SHORT
s100_m3_combo,BUY,2026-03-06 02:03:00+00:00,5129.69,5119.74,5154.59,2026-03-06 03:15:00+00:00,5131.21,TIME,1.07,9.95,0.1075,2,S100_FVG_LONG
s100_m3_combo,BUY,2026-03-06 03:17:00+00:00,5135.37,5130.35,5147.92,2026-03-06 03:39:00+00:00,5130.35,SL,-5.47,5.02,-1.0896,3,S100_RSI3_MOMO_LONG
s100_m3_combo,BUY,2026-03-06 04:08:00+00:00,5133.4,5131.39,5138.43,2026-03-06 04:21:00+00:00,5131.39,SL,-2.46,2.01,-1.2239,4,S100_FVG_LONG
s100_m3_combo,BUY,2026-03-06 04:34:00+00:00,5131.61,5127.5,5141.88,2026-03-06 04:57:00+00:00,5127.5,SL,-4.56,4.11,-1.1095,4,S100_OB_LONG
s100_m3_combo,BUY,2026-03-06 06:30:00+00:00,5118.48,5115.41,5126.13,2026-03-06 06:59:00+00:00,5115.41,SL,-3.52,3.07,-1.1466,6,S100_OB_LONG
s100_m3_combo,SELL,2026-03-06 14:00:00+00:00,5089.69,5103.54,5055.06,2026-03-06 14:24:00+00:00,5103.54,SL,-14.3,13.85,-1.0325,14,S100_FVG_SHORT
s100_m3_combo,SELL,2026-03-06 14:54:00+00:00,5104.47,5110.46,5089.49,2026-03-06 14:55:00+00:00,5110.46,SL,-6.44,5.99,-1.0751,14,S100_OB_SHORT
s100_m3_combo,BUY,2026-03-06 15:11:00+00:00,5144.44,5129.7,5181.3,2026-03-06 16:23:00+00:00,5140.415,TIME,-4.475,14.74,-0.3036,15,S100_FVG_LONG
s100_m3_combo,SELL,2026-03-09 02:07:00+00:00,5077.52,5080.67,5069.62,2026-03-09 02:08:00+00:00,5080.67,SL,-3.6,3.15,-1.1429,2,S100_OB_SHORT
s100_m3_combo,SELL,2026-03-09 02:30:00+00:00,5086.89,5094.23,5068.55,2026-03-09 02:46:00+00:00,5094.23,SL,-7.79,7.34,-1.0613,2,S100_FVG_SHORT
s100_m3_combo,SELL,2026-03-09 05:03:00+00:00,5088.29,5091.2,5081.02,2026-03-09 05:04:00+00:00,5091.2,SL,-3.36,2.91,-1.1546,5,S100_OB_SHORT
s100_m3_combo,SELL,2026-03-09 05:22:00+00:00,5097.18,5102.26,5084.49,2026-03-09 05:23:00+00:00,5102.26,SL,-5.53,5.08,-1.0886,5,S100_OB_SHORT
s100_m3_combo,BUY,2026-03-09 05:52:00+00:00,5130.92,5119.65,5159.09,2026-03-09 05:58:00+00:00,5119.65,SL,-11.72,11.27,-1.0399,5,S100_FVG_LONG
s100_m3_combo,SELL,2026-03-09 08:01:00+00:00,5103.96,5108.09,5093.64,2026-03-09 08:02:00+00:00,5108.09,SL,-4.58,4.13,-1.109,8,S100_OB_SHORT
s100_m3_combo,SELL,2026-03-09 08:30:00+00:00,5095.86,5098.49,5089.29,2026-03-09 08:32:00+00:00,5089.29,TP,6.12,2.63,2.327,8,S100_OB_SHORT
s100_m3_combo,SELL,2026-03-09 08:33:00+00:00,5088.87,5095.47,5072.37,2026-03-09 08:34:00+00:00,5095.47,SL,-7.05,6.6,-1.0682,8,S100_RSI3_MOMO_SHORT
s100_m3_combo,BUY,2026-03-09 13:18:00+00:00,5094.16,5091.46,5100.92,2026-03-09 13:20:00+00:00,5091.46,SL,-3.15,2.7,-1.1667,13,S100_OB_LONG
s100_m3_combo,SELL,2026-03-09 13:25:00+00:00,5092.52,5099.59,5074.84,2026-03-09 13:30:00+00:00,5099.59,SL,-7.52,7.07,-1.0636,13,S100_OB_SHORT
s100_m3_combo,BUY,2026-03-09 13:38:00+00:00,5098.41,5094.66,5107.81,2026-03-09 13:40:00+00:00,5094.66,SL,-4.2,3.75,-1.12,13,S100_FVG_LONG
s100_m3_combo,SELL,2026-03-09 13:48:00+00:00,5084.86,5099.31,5048.76,2026-03-09 14:40:00+00:00,5099.31,SL,-14.9,14.45,-1.0311,13,S100_FVG_SHORT
s100_m3_combo,SELL,2026-03-09 15:08:00+00:00,5082.56,5091.74,5059.59,2026-03-09 15:13:00+00:00,5091.74,SL,-9.63,9.18,-1.049,15,S100_RSI3_MOMO_SHORT
s100_m3_combo,BUY,2026-03-10 01:30:00+00:00,5156.3,5147.63,5177.97,2026-03-10 01:57:00+00:00,5177.97,TP,21.22,8.67,2.4475,1,S100_FVG_LONG
s100_m3_combo,BUY,2026-03-10 02:03:00+00:00,5179.91,5176.05,5189.56,2026-03-10 02:05:00+00:00,5176.05,SL,-4.31,3.86,-1.1166,2,S100_FVG_LONG
s100_m3_combo,BUY,2026-03-10 03:09:00+00:00,5171.8,5168.29,5180.56,2026-03-10 03:12:00+00:00,5168.29,SL,-3.96,3.51,-1.1282,3,S100_OB_LONG
s100_m3_combo,BUY,2026-03-10 04:26:00+00:00,5161.53,5159.56,5166.46,2026-03-10 05:01:00+00:00,5166.46,TP,4.48,1.97,2.2741,4,S100_FVG_LONG
s100_m3_combo,BUY,2026-03-10 06:20:00+00:00,5175.6,5173.94,5179.76,2026-03-10 06:27:00+00:00,5173.94,SL,-2.11,1.66,-1.2711,6,S100_OB_LONG
s100_m3_combo,BUY,2026-03-10 07:06:00+00:00,5175.32,5170.67,5186.97,2026-03-10 07:18:00+00:00,5170.67,SL,-5.1,4.65,-1.0968,7,S100_OB_LONG
s100_m3_combo,BUY,2026-03-10 07:44:00+00:00,5176.35,5170.77,5190.32,2026-03-10 08:39:00+00:00,5190.32,TP,13.52,5.58,2.4229,7,S100_RSI3_MOMO_LONG
s100_m3_combo,BUY,2026-03-10 08:53:00+00:00,5188.99,5185.2,5198.47,2026-03-10 08:56:00+00:00,5185.2,SL,-4.24,3.79,-1.1187,8,S100_FVG_LONG
s100_m3_combo,BUY,2026-03-10 13:06:00+00:00,5193.73,5186.34,5212.18,2026-03-10 13:18:00+00:00,5212.18,TP,18.0,7.39,2.4357,13,S100_FVG_LONG
s100_m3_combo,BUY,2026-03-10 13:29:00+00:00,5220.61,5214.53,5235.83,2026-03-10 13:30:00+00:00,5214.53,SL,-6.53,6.08,-1.074,13,S100_FVG_LONG
s100_m3_combo,BUY,2026-03-10 14:35:00+00:00,5204.76,5194.78,5229.69,2026-03-10 15:31:00+00:00,5229.69,TP,24.48,9.98,2.4529,14,S100_FVG_LONG
s100_m3_combo,BUY,2026-03-10 15:37:00+00:00,5229.68,5226.6,5237.38,2026-03-10 15:45:00+00:00,5237.38,TP,7.25,3.08,2.3539,15,S100_FVG_LONG
s100_m3_combo,BUY,2026-03-11 01:37:00+00:00,5215.76,5213.4,5221.67,2026-03-11 01:40:00+00:00,5213.4,SL,-2.81,2.36,-1.1907,1,S100_OB_LONG
s100_m3_combo,BUY,2026-03-11 02:35:00+00:00,5206.98,5202.09,5219.2,2026-03-11 02:53:00+00:00,5219.2,TP,11.77,4.89,2.407,2,S100_RSI3_MOMO_LONG
s100_m3_combo,BUY,2026-03-11 03:05:00+00:00,5214.58,5211.68,5221.84,2026-03-11 03:21:00+00:00,5211.68,SL,-3.35,2.9,-1.1552,3,S100_FVG_LONG
s100_m3_combo,SELL,2026-03-11 05:27:00+00:00,5203.57,5205.29,5199.26,2026-03-11 05:30:00+00:00,5199.26,TP,3.86,1.72,2.2442,5,S100_FVG_SHORT
s100_m3_combo,SELL,2026-03-11 05:35:00+00:00,5200.74,5202.56,5196.18,2026-03-11 05:38:00+00:00,5202.56,SL,-2.27,1.82,-1.2473,5,S100_FVG_SHORT
s100_m3_combo,SELL,2026-03-11 06:28:00+00:00,5207.05,5209.0,5202.16,2026-03-11 06:34:00+00:00,5202.16,TP,4.44,1.95,2.2769,6,S100_FVG_SHORT
s100_m3_combo,SELL,2026-03-11 06:49:00+00:00,5195.67,5198.51,5188.57,2026-03-11 06:54:00+00:00,5198.51,SL,-3.29,2.84,-1.1585,6,S100_FVG_SHORT
s100_m3_combo,SELL,2026-03-11 07:36:00+00:00,5193.68,5196.36,5186.95,2026-03-11 07:37:00+00:00,5186.95,TP,6.28,2.68,2.3433,7,S100_FVG_SHORT
s100_m3_combo,SELL,2026-03-11 07:51:00+00:00,5196.88,5198.75,5192.18,2026-03-11 08:01:00+00:00,5192.18,TP,4.25,1.87,2.2727,7,S100_OB_SHORT
s100_m3_combo,SELL,2026-03-11 08:04:00+00:00,5194.72,5196.73,5189.68,2026-03-11 08:05:00+00:00,5196.73,SL,-2.46,2.01,-1.2239,8,S100_OB_SHORT
s100_m3_combo,SELL,2026-03-11 08:39:00+00:00,5181.1,5186.01,5168.83,2026-03-11 08:44:00+00:00,5186.01,SL,-5.36,4.91,-1.0916,8,S100_OB_SHORT
s100_m3_combo,SELL,2026-03-11 13:03:00+00:00,5174.36,5179.45,5161.62,2026-03-11 13:06:00+00:00,5179.45,SL,-5.54,5.09,-1.0884,13,S100_OB_SHORT
s100_m3_combo,SELL,2026-03-11 13:53:00+00:00,5167.88,5171.29,5159.34,2026-03-11 13:56:00+00:00,5171.29,SL,-3.86,3.41,-1.132,13,S100_FVG_SHORT
s100_m3_combo,SELL,2026-03-11 15:11:00+00:00,5174.52,5181.16,5157.9,2026-03-11 16:23:00+00:00,5169.045,TIME,5.025,6.64,0.7568,15,S100_RSI3_MOMO_SHORT
s100_m3_combo,BUY,2026-03-12 02:14:00+00:00,5174.27,5170.39,5183.95,2026-03-12 02:23:00+00:00,5170.39,SL,-4.33,3.88,-1.116,2,S100_RSI3_MOMO_LONG
s100_m3_combo,SELL,2026-03-12 03:19:00+00:00,5152.01,5155.33,5143.69,2026-03-12 04:31:00+00:00,5152.24,TIME,-0.68,3.32,-0.2048,3,S100_OB_SHORT
s100_m3_combo,SELL,2026-03-12 04:53:00+00:00,5143.12,5145.66,5136.77,2026-03-12 05:03:00+00:00,5145.66,SL,-2.99,2.54,-1.1772,4,S100_RSI3_MOMO_SHORT
s100_m3_combo,SELL,2026-03-12 05:24:00+00:00,5146.4,5148.6,5140.92,2026-03-12 05:25:00+00:00,5140.92,TP,5.03,2.2,2.2864,5,S100_OB_SHORT
s100_m3_combo,SELL,2026-03-12 05:28:00+00:00,5143.27,5146.94,5134.1,2026-03-12 05:32:00+00:00,5146.94,SL,-4.12,3.67,-1.1226,5,S100_OB_SHORT
s100_m3_combo,SELL,2026-03-12 05:55:00+00:00,5154.34,5157.06,5147.53,2026-03-12 05:56:00+00:00,5157.06,SL,-3.17,2.72,-1.1654,5,S100_OB_SHORT
s100_m3_combo,SELL,2026-03-12 06:23:00+00:00,5153.25,5155.22,5148.31,2026-03-12 06:24:00+00:00,5155.22,SL,-2.42,1.97,-1.2284,6,S100_OB_SHORT
s100_m3_combo,BUY,2026-03-12 06:50:00+00:00,5169.36,5165.74,5178.41,2026-03-12 06:57:00+00:00,5165.74,SL,-4.07,3.62,-1.1243,6,S100_RSI3_MOMO_LONG
s100_m3_combo,BUY,2026-03-12 07:17:00+00:00,5167.51,5165.19,5173.32,2026-03-12 07:31:00+00:00,5173.32,TP,5.36,2.32,2.3103,7,S100_OB_LONG
s100_m3_combo,BUY,2026-03-12 07:36:00+00:00,5168.48,5166.15,5174.31,2026-03-12 07:42:00+00:00,5174.31,TP,5.38,2.33,2.309,7,S100_OB_LONG
s100_m3_combo,BUY,2026-03-12 07:52:00+00:00,5178.56,5172.81,5192.94,2026-03-12 09:04:00+00:00,5177.58,TIME,-1.43,5.75,-0.2487,7,S100_FVG_LONG
s100_m3_combo,SELL,2026-03-12 13:41:00+00:00,5159.05,5165.98,5141.71,2026-03-12 14:38:00+00:00,5141.71,TP,16.89,6.93,2.4372,13,S100_RSI3_MOMO_SHORT
s100_m3_combo,SELL,2026-03-12 14:41:00+00:00,5141.53,5148.1,5125.1,2026-03-12 14:44:00+00:00,5148.1,SL,-7.02,6.57,-1.0685,14,S100_RSI3_MOMO_SHORT
s100_m3_combo,SELL,2026-03-12 14:54:00+00:00,5143.88,5149.29,5130.33,2026-03-12 15:05:00+00:00,5130.33,TP,13.1,5.41,2.4214,14,S100_FVG_SHORT
s100_m3_combo,SELL,2026-03-12 15:08:00+00:00,5130.39,5137.53,5112.54,2026-03-12 15:11:00+00:00,5112.54,TP,17.4,7.14,2.437,15,S100_RSI3_MOMO_SHORT
s100_m3_combo,BUY,2026-03-13 01:35:00+00:00,5120.98,5116.91,5131.14,2026-03-13 01:38:00+00:00,5116.91,SL,-4.52,4.07,-1.1106,1,S100_RSI3_MOMO_LONG
s100_m3_combo,BUY,2026-03-13 02:05:00+00:00,5123.75,5116.75,5141.25,2026-03-13 02:22:00+00:00,5116.75,SL,-7.45,7.0,-1.0643,2,S100_FVG_LONG
s100_m3_combo,BUY,2026-03-13 03:52:00+00:00,5114.31,5111.34,5121.74,2026-03-13 04:17:00+00:00,5111.34,SL,-3.42,2.97,-1.1515,3,S100_FVG_LONG
s100_m3_combo,SELL,2026-03-13 04:43:00+00:00,5105.73,5107.83,5100.47,2026-03-13 05:11:00+00:00,5107.83,SL,-2.55,2.1,-1.2143,4,S100_OB_SHORT
s100_m3_combo,SELL,2026-03-13 05:48:00+00:00,5102.46,5106.82,5091.55,2026-03-13 06:03:00+00:00,5106.82,SL,-4.81,4.36,-1.1032,5,S100_FVG_SHORT
s100_m3_combo,SELL,2026-03-13 07:06:00+00:00,5091.89,5094.1,5086.37,2026-03-13 07:13:00+00:00,5094.1,SL,-2.66,2.21,-1.2036,7,S100_OB_SHORT
s100_m3_combo,SELL,2026-03-13 07:24:00+00:00,5078.01,5082.57,5066.61,2026-03-13 07:27:00+00:00,5082.57,SL,-5.01,4.56,-1.0987,7,S100_FVG_SHORT
s100_m3_combo,SELL,2026-03-13 07:56:00+00:00,5083.66,5089.01,5070.28,2026-03-13 08:03:00+00:00,5070.28,TP,12.93,5.35,2.4168,7,S100_RSI3_MOMO_SHORT
s100_m3_combo,SELL,2026-03-13 08:13:00+00:00,5076.39,5083.33,5059.01,2026-03-13 08:40:00+00:00,5083.33,SL,-7.39,6.94,-1.0648,8,S100_FVG_SHORT
s100_m3_combo,BUY,2026-03-13 13:48:00+00:00,5112.24,5107.66,5123.69,2026-03-13 13:51:00+00:00,5107.66,SL,-5.03,4.58,-1.0983,13,S100_FVG_LONG
s100_m3_combo,SELL,2026-03-13 14:37:00+00:00,5089.23,5091.41,5083.79,2026-03-13 14:39:00+00:00,5083.79,TP,4.99,2.18,2.289,14,S100_OB_SHORT
s100_m3_combo,SELL,2026-03-13 15:03:00+00:00,5049.76,5060.1,5023.91,2026-03-13 15:08:00+00:00,5060.1,SL,-10.79,10.34,-1.0435,15,S100_FVG_SHORT
s100_m3_combo,SELL,2026-03-13 15:47:00+00:00,5051.69,5059.6,5031.9,2026-03-13 15:55:00+00:00,5031.9,TP,19.34,7.91,2.445,15,S100_FVG_SHORT
s100_m3_combo,SELL,2026-03-13 15:57:00+00:00,5044.11,5049.62,5030.32,2026-03-13 16:00:00+00:00,5030.32,TP,13.34,5.51,2.4211,15,S100_FVG_SHORT
s100_m3_combo,SELL,2026-03-16 01:18:00+00:00,4998.44,5011.48,4965.83,2026-03-16 01:55:00+00:00,5011.48,SL,-13.49,13.04,-1.0345,1,S100_FVG_SHORT
s100_m3_combo,SELL,2026-03-16 05:10:00+00:00,5013.05,5016.26,5005.01,2026-03-16 05:31:00+00:00,5005.01,TP,7.59,3.21,2.3645,5,S100_OB_SHORT
s100_m3_combo,BUY,2026-03-16 06:21:00+00:00,5032.43,5027.02,5045.93,2026-03-16 06:25:00+00:00,5027.02,SL,-5.86,5.41,-1.0832,6,S100_FVG_LONG
s100_m3_combo,SELL,2026-03-16 07:23:00+00:00,5002.01,5007.59,4988.04,2026-03-16 08:35:00+00:00,4993.57,TIME,7.99,5.58,1.4319,7,S100_RSI3_MOMO_SHORT
s100_m3_combo,SELL,2026-03-16 08:53:00+00:00,4996.65,4998.43,4992.19,2026-03-16 08:56:00+00:00,4992.19,TP,4.01,1.78,2.2528,8,S100_OB_SHORT
s100_m3_combo,BUY,2026-03-16 13:29:00+00:00,5020.06,5015.88,5030.49,2026-03-16 13:35:00+00:00,5030.49,TP,9.98,4.18,2.3876,13,S100_OB_LONG
s100_m3_combo,BUY,2026-03-16 14:09:00+00:00,5034.09,5030.95,5041.94,2026-03-16 14:13:00+00:00,5030.95,SL,-3.59,3.14,-1.1433,14,S100_OB_LONG
s100_m3_combo,SELL,2026-03-16 15:35:00+00:00,4998.28,5002.55,4987.6,2026-03-16 15:42:00+00:00,5002.55,SL,-4.72,4.27,-1.1054,15,S100_FVG_SHORT
s100_m3_combo,BUY,2026-03-17 01:38:00+00:00,5017.35,5012.31,5029.93,2026-03-17 02:02:00+00:00,5029.93,TP,12.13,5.04,2.4067,1,S100_RSI3_MOMO_LONG
s100_m3_combo,BUY,2026-03-17 02:49:00+00:00,5025.11,5021.55,5034.03,2026-03-17 02:50:00+00:00,5021.55,SL,-4.01,3.56,-1.1264,2,S100_OB_LONG
s100_m3_combo,BUY,2026-03-17 03:56:00+00:00,5028.61,5026.41,5034.12,2026-03-17 03:57:00+00:00,5026.41,SL,-2.65,2.2,-1.2045,3,S100_OB_LONG
s100_m3_combo,BUY,2026-03-17 04:25:00+00:00,5029.31,5026.81,5035.58,2026-03-17 04:26:00+00:00,5026.81,SL,-2.95,2.5,-1.18,4,S100_OB_LONG
s100_m3_combo,BUY,2026-03-17 04:50:00+00:00,5039.78,5036.61,5047.7,2026-03-17 05:03:00+00:00,5036.61,SL,-3.62,3.17,-1.142,4,S100_RSI3_MOMO_LONG
s100_m3_combo,BUY,2026-03-17 05:03:00+00:00,5037.71,5033.72,5047.68,2026-03-17 05:10:00+00:00,5033.72,SL,-4.44,3.99,-1.1128,5,S100_FVG_LONG
s100_m3_combo,BUY,2026-03-17 05:18:00+00:00,5038.9,5035.7,5046.93,2026-03-17 05:25:00+00:00,5035.7,SL,-3.65,3.2,-1.1406,5,S100_FVG_LONG
s100_m3_combo,BUY,2026-03-17 05:33:00+00:00,5036.26,5034.06,5041.75,2026-03-17 05:36:00+00:00,5034.06,SL,-2.65,2.2,-1.2045,5,S100_OB_LONG
s100_m3_combo,BUY,2026-03-17 08:23:00+00:00,5023.05,5021.16,5027.78,2026-03-17 08:24:00+00:00,5021.16,SL,-2.34,1.89,-1.2381,8,S100_OB_LONG
s100_m3_combo,BUY,2026-03-17 13:45:00+00:00,5026.34,5021.54,5038.32,2026-03-17 13:50:00+00:00,5021.54,SL,-5.25,4.8,-1.0937,13,S100_FVG_LONG
s100_m3_combo,BUY,2026-03-17 14:09:00+00:00,5016.74,5009.14,5035.75,2026-03-17 14:23:00+00:00,5009.14,SL,-8.05,7.6,-1.0592,14,S100_OB_LONG
s100_m3_combo,SELL,2026-03-17 14:24:00+00:00,5012.36,5015.02,5005.71,2026-03-17 14:31:00+00:00,5005.71,TP,6.2,2.66,2.3308,14,S100_OB_SHORT
s100_m3_combo,SELL,2026-03-17 15:01:00+00:00,5011.61,5017.88,4995.95,2026-03-17 15:28:00+00:00,4995.95,TP,15.21,6.27,2.4258,15,S100_FVG_SHORT
s100_m3_combo,SELL,2026-03-17 15:44:00+00:00,4984.93,4992.14,4966.88,2026-03-17 15:46:00+00:00,4992.14,SL,-7.66,7.21,-1.0624,15,S100_FVG_SHORT
s100_m3_combo,BUY,2026-03-18 01:17:00+00:00,5012.14,5008.31,5021.72,2026-03-18 01:29:00+00:00,5008.31,SL,-4.28,3.83,-1.1175,1,S100_RSI3_MOMO_LONG
s100_m3_combo,BUY,2026-03-18 01:29:00+00:00,5007.88,5005.18,5014.62,2026-03-18 01:35:00+00:00,5005.18,SL,-3.15,2.7,-1.1667,1,S100_FVG_LONG
s100_m3_combo,SELL,2026-03-18 03:13:00+00:00,4994.02,4998.63,4982.47,2026-03-18 04:25:00+00:00,4992.03,TIME,1.54,4.61,0.3341,3,S100_FVG_SHORT
s100_m3_combo,SELL,2026-03-18 04:42:00+00:00,4984.29,4986.57,4978.59,2026-03-18 04:46:00+00:00,4986.57,SL,-2.73,2.28,-1.1974,4,S100_FVG_SHORT
s100_m3_combo,SELL,2026-03-18 06:00:00+00:00,4999.23,5002.0,4992.29,2026-03-18 06:09:00+00:00,5002.0,SL,-3.22,2.77,-1.1625,6,S100_OB_SHORT
s100_m3_combo,BUY,2026-03-18 06:22:00+00:00,5007.25,5003.56,5016.47,2026-03-18 06:36:00+00:00,5016.47,TP,8.77,3.69,2.3767,6,S100_FVG_LONG
s100_m3_combo,BUY,2026-03-18 07:03:00+00:00,5011.49,5008.6,5018.71,2026-03-18 07:15:00+00:00,5008.6,SL,-3.34,2.89,-1.1557,7,S100_OB_LONG
s100_m3_combo,SELL,2026-03-18 08:10:00+00:00,4992.82,4995.95,4984.99,2026-03-18 08:21:00+00:00,4984.99,TP,7.38,3.13,2.3578,8,S100_OB_SHORT
s100_m3_combo,SELL,2026-03-18 08:27:00+00:00,4988.67,4992.26,4979.71,2026-03-18 08:45:00+00:00,4979.71,TP,8.51,3.59,2.3705,8,S100_FVG_SHORT
s100_m3_combo,SELL,2026-03-18 13:08:00+00:00,4865.87,4880.41,4829.53,2026-03-18 13:42:00+00:00,4880.41,SL,-14.99,14.54,-1.0309,13,S100_FVG_SHORT
s100_m3_combo,SELL,2026-03-19 01:53:00+00:00,4857.91,4863.12,4844.91,2026-03-19 02:05:00+00:00,4844.91,TP,12.55,5.21,2.4088,1,S100_FVG_SHORT
s100_m3_combo,BUY,2026-03-19 02:19:00+00:00,4849.79,4848.27,4853.58,2026-03-19 02:21:00+00:00,4853.58,TP,3.34,1.52,2.1974,2,S100_OB_LONG
s100_m3_combo,BUY,2026-03-19 02:30:00+00:00,4855.58,4852.61,4863.02,2026-03-19 03:09:00+00:00,4863.02,TP,6.99,2.97,2.3535,2,S100_FVG_LONG
s100_m3_combo,BUY,2026-03-19 03:21:00+00:00,4861.2,4857.41,4870.67,2026-03-19 03:25:00+00:00,4857.41,SL,-4.24,3.79,-1.1187,3,S100_FVG_LONG
s100_m3_combo,SELL,2026-03-19 04:51:00+00:00,4847.41,4849.95,4841.05,2026-03-19 04:56:00+00:00,4849.95,SL,-2.99,2.54,-1.1772,4,S100_FVG_SHORT
s100_m3_combo,SELL,2026-03-19 05:12:00+00:00,4848.31,4852.09,4838.88,2026-03-19 05:15:00+00:00,4852.09,SL,-4.23,3.78,-1.119,5,S100_OB_SHORT
s100_m3_combo,SELL,2026-03-19 05:47:00+00:00,4836.4,4840.23,4826.8,2026-03-19 05:50:00+00:00,4840.23,SL,-4.28,3.83,-1.1175,5,S100_FVG_SHORT
s100_m3_combo,SELL,2026-03-19 06:00:00+00:00,4831.85,4836.87,4819.29,2026-03-19 06:01:00+00:00,4836.87,SL,-5.47,5.02,-1.0896,6,S100_FVG_SHORT
s100_m3_combo,SELL,2026-03-19 06:31:00+00:00,4817.3,4823.32,4802.24,2026-03-19 06:35:00+00:00,4802.24,TP,14.61,6.02,2.4269,6,S100_OB_SHORT
s100_m3_combo,SELL,2026-03-19 07:01:00+00:00,4771.3,4782.66,4742.87,2026-03-19 07:09:00+00:00,4782.66,SL,-11.81,11.36,-1.0396,7,S100_FVG_SHORT
s100_m3_combo,SELL,2026-03-19 07:29:00+00:00,4770.15,4783.06,4737.9,2026-03-19 07:44:00+00:00,4737.9,TP,31.8,12.91,2.4632,7,S100_OB_SHORT
s100_m3_combo,SELL,2026-03-19 07:48:00+00:00,4749.69,4761.35,4720.53,2026-03-19 08:05:00+00:00,4720.53,TP,28.71,11.66,2.4623,7,S100_FVG_SHORT
s100_m3_combo,SELL,2026-03-19 08:17:00+00:00,4728.06,4742.16,4692.82,2026-03-19 08:42:00+00:00,4692.82,TP,34.79,14.1,2.4674,8,S100_OB_SHORT
s100_m3_combo,SELL,2026-03-19 08:42:00+00:00,4703.14,4717.45,4667.37,2026-03-19 08:48:00+00:00,4717.45,SL,-14.76,14.31,-1.0314,8,S100_RSI3_MOMO_SHORT
s100_m3_combo,SELL,2026-03-19 13:20:00+00:00,4574.18,4579.08,4561.92,2026-03-19 13:23:00+00:00,4561.92,TP,11.81,4.9,2.4102,13,S100_OB_SHORT
s100_m3_combo,SELL,2026-03-19 13:50:00+00:00,4563.65,4574.99,4535.31,2026-03-19 13:51:00+00:00,4574.99,SL,-11.79,11.34,-1.0397,13,S100_OB_SHORT
s100_m3_combo,SELL,2026-03-19 14:51:00+00:00,4624.69,4651.85,4556.78,2026-03-19 16:03:00+00:00,4617.355,TIME,6.885,27.16,0.2535,14,S100_OB_SHORT
s100_m3_combo,BUY,2026-03-20 01:09:00+00:00,4670.2,4662.26,4690.08,2026-03-20 01:10:00+00:00,4662.26,SL,-8.39,7.94,-1.0567,1,S100_FVG_LONG
s100_m3_combo,BUY,2026-03-20 01:50:00+00:00,4681.49,4676.5,4693.97,2026-03-20 01:56:00+00:00,4676.5,SL,-5.44,4.99,-1.0902,1,S100_FVG_LONG
s100_m3_combo,BUY,2026-03-20 02:15:00+00:00,4685.85,4681.46,4696.8,2026-03-20 02:26:00+00:00,4681.46,SL,-4.84,4.39,-1.1025,2,S100_FVG_LONG
s100_m3_combo,BUY,2026-03-20 02:54:00+00:00,4694.22,4687.54,4710.9,2026-03-20 03:05:00+00:00,4710.9,TP,16.23,6.68,2.4296,2,S100_FVG_LONG
s100_m3_combo,BUY,2026-03-20 03:22:00+00:00,4728.49,4720.5,4748.49,2026-03-20 04:07:00+00:00,4720.5,SL,-8.44,7.99,-1.0563,3,S100_FVG_LONG
s100_m3_combo,BUY,2026-03-20 04:35:00+00:00,4725.01,4721.43,4733.96,2026-03-20 04:42:00+00:00,4721.43,SL,-4.03,3.58,-1.1257,4,S100_RSI3_MOMO_LONG
s100_m3_combo,BUY,2026-03-20 04:57:00+00:00,4721.32,4719.07,4726.97,2026-03-20 05:01:00+00:00,4719.07,SL,-2.7,2.25,-1.2,4,S100_FVG_LONG
s100_m3_combo,BUY,2026-03-20 05:18:00+00:00,4717.84,4713.53,4728.6,2026-03-20 05:30:00+00:00,4713.53,SL,-4.76,4.31,-1.1044,5,S100_FVG_LONG
s100_m3_combo,BUY,2026-03-20 05:42:00+00:00,4711.05,4706.87,4721.48,2026-03-20 05:43:00+00:00,4706.87,SL,-4.63,4.18,-1.1077,5,S100_FVG_LONG
s100_m3_combo,BUY,2026-03-20 07:29:00+00:00,4688.34,4682.08,4703.97,2026-03-20 07:57:00+00:00,4703.97,TP,15.18,6.26,2.4249,7,S100_RSI3_MOMO_LONG
s100_m3_combo,BUY,2026-03-20 08:00:00+00:00,4703.52,4698.86,4715.17,2026-03-20 08:11:00+00:00,4715.17,TP,11.2,4.66,2.4034,8,S100_FVG_LONG
s100_m3_combo,SELL,2026-03-20 13:03:00+00:00,4675.77,4681.18,4662.27,2026-03-20 13:06:00+00:00,4662.27,TP,13.05,5.41,2.4122,13,S100_OB_SHORT
s100_m3_combo,SELL,2026-03-20 13:36:00+00:00,4653.49,4661.02,4634.66,2026-03-20 13:42:00+00:00,4661.02,SL,-7.98,7.53,-1.0598,13,S100_FVG_SHORT
s100_m3_combo,SELL,2026-03-20 14:21:00+00:00,4577.31,4589.36,4547.17,2026-03-20 15:25:00+00:00,4547.17,TP,29.69,12.05,2.4639,14,S100_FVG_SHORT
s100_m3_combo,SELL,2026-03-20 15:29:00+00:00,4559.18,4577.57,4513.18,2026-03-20 16:05:00+00:00,4577.57,SL,-18.84,18.39,-1.0245,15,S100_OB_SHORT
s100_m3_combo,SELL,2026-03-23 02:36:00+00:00,4390.31,4400.11,4365.83,2026-03-23 02:53:00+00:00,4365.83,TP,24.03,9.8,2.452,2,S100_FVG_SHORT
s100_m3_combo,SELL,2026-03-23 02:58:00+00:00,4366.57,4374.56,4346.62,2026-03-23 03:01:00+00:00,4374.56,SL,-8.44,7.99,-1.0563,2,S100_FVG_SHORT
s100_m3_combo,SELL,2026-03-23 03:16:00+00:00,4356.32,4369.0,4324.63,2026-03-23 04:00:00+00:00,4369.0,SL,-13.13,12.68,-1.0355,3,S100_FVG_SHORT
s100_m3_combo,SELL,2026-03-23 04:57:00+00:00,4365.36,4371.41,4350.24,2026-03-23 05:01:00+00:00,4371.41,SL,-6.5,6.05,-1.0744,4,S100_FVG_SHORT
s100_m3_combo,SELL,2026-03-23 05:28:00+00:00,4358.9,4365.15,4343.26,2026-03-23 05:30:00+00:00,4343.26,TP,15.19,6.25,2.4304,5,S100_FVG_SHORT
s100_m3_combo,SELL,2026-03-23 05:36:00+00:00,4338.51,4353.68,4300.58,2026-03-23 06:01:00+00:00,4300.58,TP,37.48,15.17,2.4707,5,S100_FVG_SHORT
s100_m3_combo,SELL,2026-03-23 06:49:00+00:00,4199.9,4236.85,4107.5,2026-03-23 07:20:00+00:00,4107.5,TP,91.95,36.95,2.4885,6,S100_FVG_SHORT
s100_m3_combo,SELL,2026-03-23 07:24:00+00:00,4130.26,4149.46,4082.23,2026-03-23 07:31:00+00:00,4149.46,SL,-19.65,19.2,-1.0234,7,S100_OB_SHORT
s100_m3_combo,SELL,2026-03-23 08:23:00+00:00,4227.02,4247.46,4175.92,2026-03-23 08:32:00+00:00,4247.46,SL,-20.89,20.44,-1.022,8,S100_FVG_SHORT
s100_m3_combo,SELL,2026-03-23 08:57:00+00:00,4230.7,4239.26,4209.29,2026-03-23 08:58:00+00:00,4239.26,SL,-9.01,8.56,-1.0526,8,S100_OB_SHORT
s100_m3_combo,BUY,2026-03-23 13:55:00+00:00,4442.14,4418.41,4501.47,2026-03-23 14:24:00+00:00,4501.47,TP,58.88,23.73,2.4812,13,S100_OB_LONG
s100_m3_combo,BUY,2026-03-23 15:12:00+00:00,4476.32,4458.33,4521.3,2026-03-23 15:16:00+00:00,4458.33,SL,-18.44,17.99,-1.025,15,S100_OB_LONG
s100_m3_combo,SELL,2026-03-24 01:18:00+00:00,4347.56,4363.92,4306.67,2026-03-24 01:25:00+00:00,4363.92,SL,-16.81,16.36,-1.0275,1,S100_OB_SHORT
s100_m3_combo,SELL,2026-03-24 01:52:00+00:00,4328.49,4337.24,4306.63,2026-03-24 02:12:00+00:00,4306.63,TP,21.41,8.75,2.4469,1,S100_FVG_SHORT
s100_m3_combo,SELL,2026-03-24 02:16:00+00:00,4316.31,4324.11,4296.82,2026-03-24 02:21:00+00:00,4324.11,SL,-8.25,7.8,-1.0577,2,S100_FVG_SHORT
s100_m3_combo,SELL,2026-03-24 03:05:00+00:00,4357.2,4368.94,4327.87,2026-03-24 04:17:00+00:00,4341.57,TIME,15.18,11.74,1.293,3,S100_OB_SHORT
s100_m3_combo,SELL,2026-03-24 04:28:00+00:00,4335.62,4342.71,4317.91,2026-03-24 04:30:00+00:00,4342.71,SL,-7.54,7.09,-1.0635,4,S100_FVG_SHORT
s100_m3_combo,SELL,2026-03-24 05:09:00+00:00,4325.69,4333.77,4305.47,2026-03-24 05:11:00+00:00,4333.77,SL,-8.53,8.08,-1.0557,5,S100_FVG_SHORT
s100_m3_combo,SELL,2026-03-24 05:35:00+00:00,4340.28,4346.61,4324.44,2026-03-24 05:40:00+00:00,4346.61,SL,-6.78,6.33,-1.0711,5,S100_OB_SHORT
s100_m3_combo,SELL,2026-03-24 06:02:00+00:00,4358.43,4370.19,4329.02,2026-03-24 06:09:00+00:00,4370.19,SL,-12.21,11.76,-1.0383,6,S100_OB_SHORT
s100_m3_combo,BUY,2026-03-24 07:15:00+00:00,4421.03,4413.07,4440.93,2026-03-24 07:23:00+00:00,4413.07,SL,-8.41,7.96,-1.0565,7,S100_FVG_LONG
s100_m3_combo,BUY,2026-03-24 07:54:00+00:00,4420.88,4409.23,4450.0,2026-03-24 08:00:00+00:00,4409.23,SL,-12.1,11.65,-1.0386,7,S100_FVG_LONG
s100_m3_combo,BUY,2026-03-24 08:50:00+00:00,4404.57,4398.5,4419.76,2026-03-24 09:14:00+00:00,4398.5,SL,-6.52,6.07,-1.0741,8,S100_OB_LONG
s100_m3_combo,SELL,2026-03-24 13:36:00+00:00,4356.88,4365.3,4335.82,2026-03-24 13:47:00+00:00,4365.3,SL,-8.87,8.42,-1.0534,13,S100_OB_SHORT
s100_m3_combo,BUY,2026-03-24 14:36:00+00:00,4409.14,4402.28,4426.28,2026-03-24 14:50:00+00:00,4402.28,SL,-7.31,6.86,-1.0656,14,S100_OB_LONG
s100_m3_combo,BUY,2026-03-24 14:55:00+00:00,4417.48,4399.7,4461.94,2026-03-24 15:10:00+00:00,4399.7,SL,-18.23,17.78,-1.0253,14,S100_OB_LONG
s100_m3_combo,BUY,2026-03-24 15:47:00+00:00,4422.25,4416.77,4435.96,2026-03-24 15:55:00+00:00,4416.77,SL,-5.93,5.48,-1.0821,15,S100_FVG_LONG
s100_m3_combo,BUY,2026-03-25 01:55:00+00:00,4596.68,4592.91,4606.09,2026-03-25 02:00:00+00:00,4592.91,SL,-4.22,3.77,-1.1194,1,S100_FVG_LONG
s100_m3_combo,BUY,2026-03-25 05:00:00+00:00,4571.28,4569.56,4575.57,2026-03-25 05:02:00+00:00,4569.56,SL,-2.17,1.72,-1.2616,5,S100_OB_LONG
s100_m3_combo,BUY,2026-03-25 05:49:00+00:00,4562.57,4559.13,4571.18,2026-03-25 05:50:00+00:00,4559.13,SL,-3.89,3.44,-1.1308,5,S100_FVG_LONG
s100_m3_combo,BUY,2026-03-25 06:39:00+00:00,4547.61,4543.53,4557.81,2026-03-25 06:59:00+00:00,4543.53,SL,-4.53,4.08,-1.1103,6,S100_FVG_LONG
s100_m3_combo,BUY,2026-03-25 07:23:00+00:00,4556.52,4552.74,4566.0,2026-03-25 07:35:00+00:00,4552.74,SL,-4.23,3.78,-1.119,7,S100_FVG_LONG
s100_m3_combo,BUY,2026-03-25 08:06:00+00:00,4545.26,4540.68,4556.71,2026-03-25 08:10:00+00:00,4556.71,TP,11.0,4.58,2.4017,8,S100_FVG_LONG
s100_m3_combo,BUY,2026-03-25 08:11:00+00:00,4557.4,4550.22,4575.35,2026-03-25 09:23:00+00:00,4558.235,TIME,0.385,7.18,0.0536,8,S100_RSI3_MOMO_LONG
s100_m3_combo,BUY,2026-03-25 14:59:00+00:00,4565.15,4562.98,4570.59,2026-03-25 15:01:00+00:00,4562.98,SL,-2.62,2.17,-1.2074,14,S100_OB_LONG
s100_m3_combo,SELL,2026-03-26 02:43:00+00:00,4520.69,4527.99,4502.45,2026-03-26 03:02:00+00:00,4502.45,TP,17.79,7.3,2.437,2,S100_FVG_SHORT
s100_m3_combo,SELL,2026-03-26 03:25:00+00:00,4506.25,4512.53,4490.56,2026-03-26 03:31:00+00:00,4512.53,SL,-6.73,6.28,-1.0717,3,S100_OB_SHORT
s100_m3_combo,SELL,2026-03-26 03:59:00+00:00,4516.29,4519.01,4509.49,2026-03-26 04:16:00+00:00,4519.01,SL,-3.17,2.72,-1.1654,3,S100_OB_SHORT
s100_m3_combo,SELL,2026-03-26 04:41:00+00:00,4518.81,4522.01,4510.79,2026-03-26 04:48:00+00:00,4522.01,SL,-3.65,3.2,-1.1406,4,S100_OB_SHORT
s100_m3_combo,SELL,2026-03-26 06:11:00+00:00,4427.75,4440.76,4395.22,2026-03-26 06:29:00+00:00,4440.76,SL,-13.46,13.01,-1.0346,6,S100_RSI3_MOMO_SHORT
s100_m3_combo,SELL,2026-03-26 07:11:00+00:00,4444.58,4453.28,4422.83,2026-03-26 07:30:00+00:00,4453.28,SL,-9.15,8.7,-1.0517,7,S100_RSI3_MOMO_SHORT
s100_m3_combo,SELL,2026-03-26 08:23:00+00:00,4440.49,4448.77,4419.81,2026-03-26 08:43:00+00:00,4419.81,TP,20.23,8.28,2.4432,8,S100_RSI3_MOMO_SHORT
s100_m3_combo,SELL,2026-03-26 13:00:00+00:00,4429.47,4436.62,4411.6,2026-03-26 13:04:00+00:00,4436.62,SL,-7.6,7.15,-1.0629,13,S100_RSI3_MOMO_SHORT
s100_m3_combo,SELL,2026-03-26 13:37:00+00:00,4441.69,4451.79,4416.43,2026-03-26 13:44:00+00:00,4451.79,SL,-10.55,10.1,-1.0446,13,S100_OB_SHORT
s100_m3_combo,SELL,2026-03-26 14:11:00+00:00,4438.62,4450.14,4409.84,2026-03-26 14:15:00+00:00,4450.14,SL,-11.97,11.52,-1.0391,14,S100_RSI3_MOMO_SHORT
s100_m3_combo,BUY,2026-03-26 14:42:00+00:00,4461.64,4457.1,4472.97,2026-03-26 14:53:00+00:00,4457.1,SL,-4.99,4.54,-1.0991,14,S100_OB_LONG
s100_m3_combo,SELL,2026-03-26 15:38:00+00:00,4441.31,4449.46,4420.95,2026-03-26 16:17:00+00:00,4420.95,TP,19.91,8.15,2.4429,15,S100_RSI3_MOMO_SHORT
s100_m3_combo,BUY,2026-03-27 02:06:00+00:00,4428.44,4417.86,4454.9,2026-03-27 03:18:00+00:00,4429.38,TIME,0.49,10.58,0.0463,2,S100_FVG_LONG
s100_m3_combo,BUY,2026-03-27 03:22:00+00:00,4429.75,4427.93,4434.3,2026-03-27 03:29:00+00:00,4434.3,TP,4.1,1.82,2.2527,3,S100_OB_LONG
s100_m3_combo,BUY,2026-03-27 03:44:00+00:00,4438.33,4433.83,4449.59,2026-03-27 03:45:00+00:00,4433.83,SL,-4.95,4.5,-1.1,3,S100_FVG_LONG
s100_m3_combo,BUY,2026-03-27 04:26:00+00:00,4433.95,4431.26,4440.7,2026-03-27 04:35:00+00:00,4440.7,TP,6.3,2.69,2.342,4,S100_OB_LONG
s100_m3_combo,BUY,2026-03-27 04:50:00+00:00,4442.98,4439.97,4450.49,2026-03-27 05:30:00+00:00,4450.49,TP,7.06,3.01,2.3455,4,S100_RSI3_MOMO_LONG
s100_m3_combo,BUY,2026-03-27 05:54:00+00:00,4460.23,4451.06,4483.15,2026-03-27 07:04:00+00:00,4451.06,SL,-9.62,9.17,-1.0491,5,S100_FVG_LONG
s100_m3_combo,BUY,2026-03-27 08:44:00+00:00,4436.06,4430.62,4449.69,2026-03-27 08:54:00+00:00,4430.62,SL,-5.89,5.44,-1.0827,8,S100_OB_LONG
s100_m3_combo,BUY,2026-03-27 13:22:00+00:00,4435.18,4430.3,4447.37,2026-03-27 13:23:00+00:00,4430.3,SL,-5.33,4.88,-1.0922,13,S100_FVG_LONG
s100_m3_combo,SELL,2026-03-27 13:46:00+00:00,4435.18,4442.85,4415.98,2026-03-27 14:03:00+00:00,4442.85,SL,-8.12,7.67,-1.0587,13,S100_OB_SHORT
s100_m3_combo,BUY,2026-03-27 14:10:00+00:00,4448.96,4439.92,4471.55,2026-03-27 14:47:00+00:00,4471.55,TP,22.14,9.04,2.4491,14,S100_FVG_LONG
s100_m3_combo,BUY,2026-03-27 15:06:00+00:00,4509.7,4506.76,4517.06,2026-03-27 15:07:00+00:00,4506.76,SL,-3.39,2.94,-1.1531,15,S100_OB_LONG
s100_m3_combo,BUY,2026-03-27 15:35:00+00:00,4537.68,4527.58,4562.93,2026-03-27 15:41:00+00:00,4527.58,SL,-10.55,10.1,-1.0446,15,S100_FVG_LONG
s100_m3_combo,SELL,2026-03-30 01:33:00+00:00,4456.02,4461.42,4442.52,2026-03-30 01:34:00+00:00,4461.42,SL,-5.85,5.4,-1.0833,1,S100_OB_SHORT
s100_m3_combo,BUY,2026-03-30 03:13:00+00:00,4502.86,4495.14,4522.17,2026-03-30 03:59:00+00:00,4495.14,SL,-8.17,7.72,-1.0583,3,S100_FVG_LONG
s100_m3_combo,BUY,2026-03-30 04:25:00+00:00,4491.06,4488.19,4498.24,2026-03-30 04:32:00+00:00,4488.19,SL,-3.32,2.87,-1.1568,4,S100_OB_LONG
s100_m3_combo,BUY,2026-03-30 05:25:00+00:00,4511.04,4508.42,4517.6,2026-03-30 05:26:00+00:00,4508.42,SL,-3.07,2.62,-1.1718,5,S100_FVG_LONG
s100_m3_combo,BUY,2026-03-30 06:00:00+00:00,4518.27,4513.76,4529.53,2026-03-30 06:08:00+00:00,4529.53,TP,10.81,4.51,2.3969,6,S100_FVG_LONG
s100_m3_combo,BUY,2026-03-30 06:11:00+00:00,4533.72,4526.78,4551.07,2026-03-30 06:30:00+00:00,4526.78,SL,-7.39,6.94,-1.0648,6,S100_RSI3_MOMO_LONG
s100_m3_combo,BUY,2026-03-30 06:39:00+00:00,4533.45,4528.58,4545.65,2026-03-30 06:48:00+00:00,4545.65,TP,11.75,4.87,2.4127,6,S100_FVG_LONG
s100_m3_combo,BUY,2026-03-30 06:52:00+00:00,4540.31,4532.55,4559.72,2026-03-30 06:58:00+00:00,4532.55,SL,-8.21,7.76,-1.058,6,S100_OB_LONG
s100_m3_combo,BUY,2026-03-30 08:02:00+00:00,4529.18,4523.65,4543.01,2026-03-30 09:14:00+00:00,4529.65,TIME,0.02,5.53,0.0036,8,S100_RSI3_MOMO_LONG
s100_m3_combo,BUY,2026-03-30 13:04:00+00:00,4572.91,4568.21,4584.68,2026-03-30 13:05:00+00:00,4568.21,SL,-5.15,4.7,-1.0957,13,S100_OB_LONG
s100_m3_combo,SELL,2026-03-30 15:11:00+00:00,4536.7,4540.25,4527.84,2026-03-30 15:16:00+00:00,4527.84,TP,8.41,3.55,2.369,15,S100_OB_SHORT
s100_m3_combo,BUY,2026-03-30 15:50:00+00:00,4547.41,4543.68,4556.75,2026-03-30 15:55:00+00:00,4556.75,TP,8.89,3.73,2.3834,15,S100_FVG_LONG
s100_m3_combo,BUY,2026-03-31 01:02:00+00:00,4548.93,4538.92,4573.94,2026-03-31 01:05:00+00:00,4538.92,SL,-10.46,10.01,-1.045,1,S100_RSI3_MOMO_LONG
s100_m3_combo,BUY,2026-03-31 01:28:00+00:00,4576.51,4568.98,4595.33,2026-03-31 01:40:00+00:00,4595.33,TP,18.37,7.53,2.4396,1,S100_FVG_LONG
s100_m3_combo,BUY,2026-03-31 01:47:00+00:00,4599.62,4586.01,4633.67,2026-03-31 02:15:00+00:00,4586.01,SL,-14.06,13.61,-1.0331,1,S100_FVG_LONG
s100_m3_combo,BUY,2026-03-31 03:10:00+00:00,4568.81,4566.46,4574.71,2026-03-31 03:16:00+00:00,4566.46,SL,-2.8,2.35,-1.1915,3,S100_OB_LONG
s100_m3_combo,BUY,2026-03-31 04:23:00+00:00,4560.03,4556.33,4569.28,2026-03-31 04:56:00+00:00,4569.28,TP,8.8,3.7,2.3784,4,S100_OB_LONG
s100_m3_combo,BUY,2026-03-31 05:00:00+00:00,4564.2,4561.05,4572.1,2026-03-31 05:10:00+00:00,4561.05,SL,-3.6,3.15,-1.1429,5,S100_OB_LONG
s100_m3_combo,BUY,2026-03-31 05:41:00+00:00,4574.27,4567.56,4591.05,2026-03-31 05:59:00+00:00,4567.56,SL,-7.16,6.71,-1.0671,5,S100_FVG_LONG
s100_m3_combo,BUY,2026-03-31 07:39:00+00:00,4556.84,4553.75,4564.57,2026-03-31 07:59:00+00:00,4564.57,TP,7.28,3.09,2.356,7,S100_FVG_LONG
s100_m3_combo,BUY,2026-03-31 08:02:00+00:00,4561.56,4558.45,4569.33,2026-03-31 08:05:00+00:00,4569.33,TP,7.32,3.11,2.3537,8,S100_OB_LONG
s100_m3_combo,BUY,2026-03-31 08:11:00+00:00,4564.88,4562.01,4572.05,2026-03-31 08:29:00+00:00,4572.05,TP,6.72,2.87,2.3415,8,S100_OB_LONG
s100_m3_combo,BUY,2026-03-31 08:31:00+00:00,4569.91,4566.88,4577.48,2026-03-31 09:00:00+00:00,4566.88,SL,-3.48,3.03,-1.1485,8,S100_OB_LONG
s100_m3_combo,BUY,2026-03-31 13:31:00+00:00,4571.73,4569.16,4578.16,2026-03-31 13:32:00+00:00,4569.16,SL,-3.02,2.57,-1.1751,13,S100_OB_LONG
s100_m3_combo,BUY,2026-03-31 13:47:00+00:00,4586.18,4578.45,4605.5,2026-03-31 13:54:00+00:00,4605.5,TP,18.87,7.73,2.4411,13,S100_FVG_LONG
s100_m3_combo,BUY,2026-03-31 14:22:00+00:00,4603.66,4594.1,4627.56,2026-03-31 14:34:00+00:00,4627.56,TP,23.45,9.56,2.4529,14,S100_OB_LONG
s100_m3_combo,BUY,2026-03-31 15:17:00+00:00,4615.84,4611.72,4626.13,2026-03-31 15:26:00+00:00,4611.72,SL,-4.57,4.12,-1.1092,15,S100_OB_LONG
s100_m3_combo,BUY,2026-03-31 15:44:00+00:00,4620.87,4614.57,4636.62,2026-03-31 15:55:00+00:00,4614.57,SL,-6.75,6.3,-1.0714,15,S100_RSI3_MOMO_LONG
s100_m3_combo,BUY,2026-03-31 15:55:00+00:00,4613.95,4609.66,4624.68,2026-03-31 15:56:00+00:00,4609.66,SL,-4.74,4.29,-1.1049,15,S100_FVG_LONG
s100_m3_combo,BUY,2026-04-01 02:08:00+00:00,4692.81,4687.84,4705.24,2026-04-01 02:22:00+00:00,4687.84,SL,-5.42,4.97,-1.0905,2,S100_OB_LONG
s100_m3_combo,BUY,2026-04-01 02:58:00+00:00,4686.13,4681.38,4698.02,2026-04-01 03:56:00+00:00,4681.38,SL,-5.2,4.75,-1.0947,2,S100_FVG_LONG
s100_m3_combo,SELL,2026-04-01 04:36:00+00:00,4672.52,4675.01,4666.28,2026-04-01 04:38:00+00:00,4675.01,SL,-2.94,2.49,-1.1807,4,S100_OB_SHORT
s100_m3_combo,BUY,2026-04-01 04:53:00+00:00,4679.6,4676.08,4688.38,2026-04-01 04:55:00+00:00,4676.08,SL,-3.97,3.52,-1.1278,4,S100_RSI3_MOMO_LONG
s100_m3_combo,BUY,2026-04-01 05:06:00+00:00,4679.52,4674.0,4693.33,2026-04-01 05:32:00+00:00,4693.33,TP,13.36,5.52,2.4203,5,S100_OB_LONG
s100_m3_combo,BUY,2026-04-01 05:46:00+00:00,4698.24,4694.31,4708.07,2026-04-01 05:55:00+00:00,4694.31,SL,-4.38,3.93,-1.1145,5,S100_FVG_LONG
s100_m3_combo,BUY,2026-04-01 06:20:00+00:00,4698.97,4693.33,4713.05,2026-04-01 06:45:00+00:00,4713.05,TP,13.63,5.64,2.4167,6,S100_RSI3_MOMO_LONG
s100_m3_combo,BUY,2026-04-01 08:24:00+00:00,4726.45,4722.07,4737.4,2026-04-01 08:37:00+00:00,4737.4,TP,10.5,4.38,2.3973,8,S100_FVG_LONG
s100_m3_combo,BUY,2026-04-01 08:40:00+00:00,4733.43,4730.73,4740.16,2026-04-01 08:47:00+00:00,4730.73,SL,-3.15,2.7,-1.1667,8,S100_OB_LONG
s100_m3_combo,BUY,2026-04-01 13:37:00+00:00,4739.1,4734.65,4750.24,2026-04-01 13:51:00+00:00,4734.65,SL,-4.9,4.45,-1.1011,13,S100_OB_LONG
s100_m3_combo,BUY,2026-04-01 14:44:00+00:00,4754.06,4744.61,4777.67,2026-04-01 15:31:00+00:00,4777.67,TP,23.16,9.45,2.4508,14,S100_RSI3_MOMO_LONG
s100_m3_combo,SELL,2026-04-02 01:36:00+00:00,4688.73,4700.45,4659.42,2026-04-02 01:40:00+00:00,4700.45,SL,-12.17,11.72,-1.0384,1,S100_OB_SHORT
s100_m3_combo,SELL,2026-04-02 02:12:00+00:00,4687.74,4709.58,4633.13,2026-04-02 03:24:00+00:00,4697.775,TIME,-10.485,21.84,-0.4801,2,S100_OB_SHORT
s100_m3_combo,SELL,2026-04-02 03:33:00+00:00,4692.44,4696.7,4681.77,2026-04-02 03:47:00+00:00,4681.77,TP,10.22,4.26,2.3991,3,S100_FVG_SHORT
s100_m3_combo,SELL,2026-04-02 03:59:00+00:00,4676.51,4682.21,4662.26,2026-04-02 04:40:00+00:00,4662.26,TP,13.8,5.7,2.4211,3,S100_RSI3_MOMO_SHORT
s100_m3_combo,SELL,2026-04-02 04:46:00+00:00,4662.41,4665.41,4654.91,2026-04-02 04:48:00+00:00,4665.41,SL,-3.45,3.0,-1.15,4,S100_FVG_SHORT
s100_m3_combo,SELL,2026-04-02 05:59:00+00:00,4594.63,4608.94,4558.86,2026-04-02 06:10:00+00:00,4558.86,TP,35.32,14.31,2.4682,5,S100_RSI3_MOMO_SHORT
s100_m3_combo,SELL,2026-04-02 06:13:00+00:00,4570.94,4583.96,4538.37,2026-04-02 06:15:00+00:00,4583.96,SL,-13.47,13.02,-1.0346,6,S100_FVG_SHORT
s100_m3_combo,SELL,2026-04-02 08:11:00+00:00,4629.85,4637.69,4610.23,2026-04-02 08:13:00+00:00,4637.69,SL,-8.29,7.84,-1.0574,8,S100_RSI3_MOMO_SHORT
s100_m3_combo,SELL,2026-04-02 08:16:00+00:00,4642.77,4645.92,4634.91,2026-04-02 08:21:00+00:00,4634.91,TP,7.41,3.15,2.3524,8,S100_OB_SHORT
s100_m3_combo,SELL,2026-04-02 08:58:00+00:00,4625.48,4630.01,4614.14,2026-04-02 09:04:00+00:00,4614.14,TP,10.89,4.53,2.404,8,S100_OB_SHORT
s100_m3_combo,SELL,2026-04-02 13:05:00+00:00,4602.91,4613.55,4576.32,2026-04-02 13:06:00+00:00,4613.55,SL,-11.09,10.64,-1.0423,13,S100_FVG_SHORT
s100_m3_combo,SELL,2026-04-02 13:22:00+00:00,4596.26,4603.0,4579.4,2026-04-02 13:30:00+00:00,4603.0,SL,-7.19,6.74,-1.0668,13,S100_FVG_SHORT
s100_m3_combo,BUY,2026-04-02 14:39:00+00:00,4674.15,4664.51,4698.26,2026-04-02 14:43:00+00:00,4698.26,TP,23.66,9.64,2.4544,14,S100_FVG_LONG
s100_m3_combo,SELL,2026-04-06 01:21:00+00:00,4630.92,4640.78,4606.28,2026-04-06 01:28:00+00:00,4640.78,SL,-10.31,9.86,-1.0456,1,S100_FVG_SHORT
s100_m3_combo,SELL,2026-04-06 01:36:00+00:00,4632.23,4637.47,4619.14,2026-04-06 02:11:00+00:00,4637.47,SL,-5.69,5.24,-1.0859,1,S100_FVG_SHORT
s100_m3_combo,BUY,2026-04-06 02:24:00+00:00,4667.06,4655.17,4696.78,2026-04-06 02:33:00+00:00,4655.17,SL,-12.34,11.89,-1.0378,2,S100_FVG_LONG
s100_m3_combo,SELL,2026-04-06 03:10:00+00:00,4634.18,4639.75,4620.26,2026-04-06 03:57:00+00:00,4639.75,SL,-6.02,5.57,-1.0808,3,S100_FVG_SHORT
s100_m3_combo,BUY,2026-04-06 04:39:00+00:00,4648.78,4646.1,4655.47,2026-04-06 04:54:00+00:00,4655.47,TP,6.24,2.68,2.3284,4,S100_FVG_LONG
s100_m3_combo,BUY,2026-04-06 06:23:00+00:00,4655.3,4652.35,4662.66,2026-04-06 06:38:00+00:00,4652.35,SL,-3.4,2.95,-1.1525,6,S100_FVG_LONG
s100_m3_combo,BUY,2026-04-06 06:55:00+00:00,4661.06,4656.19,4673.23,2026-04-06 07:09:00+00:00,4656.19,SL,-5.32,4.87,-1.0924,6,S100_FVG_LONG
s100_m3_combo,SELL,2026-04-06 14:09:00+00:00,4671.1,4681.14,4645.97,2026-04-06 14:19:00+00:00,4681.14,SL,-10.49,10.04,-1.0448,14,S100_FVG_SHORT
s100_m3_combo,BUY,2026-04-06 14:26:00+00:00,4687.0,4678.18,4709.05,2026-04-06 14:46:00+00:00,4678.18,SL,-9.27,8.82,-1.051,14,S100_RSI3_MOMO_LONG
s100_m3_combo,SELL,2026-04-06 15:42:00+00:00,4657.56,4667.27,4633.29,2026-04-06 15:52:00+00:00,4667.27,SL,-10.16,9.71,-1.0463,15,S100_FVG_SHORT
s100_m3_combo,SELL,2026-04-07 01:11:00+00:00,4641.7,4649.07,4623.29,2026-04-07 01:17:00+00:00,4649.07,SL,-7.82,7.37,-1.0611,1,S100_RSI3_MOMO_SHORT
s100_m3_combo,SELL,2026-04-07 01:42:00+00:00,4644.1,4657.7,4610.11,2026-04-07 02:54:00+00:00,4650.74,TIME,-7.09,13.6,-0.5213,1,S100_FVG_SHORT
s100_m3_combo,SELL,2026-04-07 06:25:00+00:00,4643.05,4646.47,4634.48,2026-04-07 06:33:00+00:00,4646.47,SL,-3.87,3.42,-1.1316,6,S100_FVG_SHORT
s100_m3_combo,SELL,2026-04-07 07:33:00+00:00,4643.08,4646.85,4633.66,2026-04-07 07:59:00+00:00,4646.85,SL,-4.22,3.77,-1.1194,7,S100_FVG_SHORT
s100_m3_combo,BUY,2026-04-07 08:27:00+00:00,4681.36,4674.55,4698.38,2026-04-07 09:39:00+00:00,4676.65,TIME,-5.16,6.81,-0.7577,8,S100_FVG_LONG
s100_m3_combo,SELL,2026-04-07 13:46:00+00:00,4646.09,4650.04,4636.2,2026-04-07 13:54:00+00:00,4650.04,SL,-4.4,3.95,-1.1139,13,S100_OB_SHORT
s100_m3_combo,SELL,2026-04-07 14:12:00+00:00,4625.38,4632.04,4608.74,2026-04-07 14:22:00+00:00,4632.04,SL,-7.11,6.66,-1.0676,14,S100_FVG_SHORT
s100_m3_combo,SELL,2026-04-07 14:46:00+00:00,4655.47,4660.16,4643.72,2026-04-07 14:51:00+00:00,4643.72,TP,11.3,4.69,2.4094,14,S100_OB_SHORT
s100_m3_combo,SELL,2026-04-07 14:53:00+00:00,4646.98,4651.59,4635.43,2026-04-07 14:58:00+00:00,4635.43,TP,11.1,4.61,2.4078,14,S100_OB_SHORT
s100_m3_combo,SELL,2026-04-07 15:43:00+00:00,4647.99,4649.74,4643.61,2026-04-07 15:46:00+00:00,4649.74,SL,-2.2,1.75,-1.2571,15,S100_OB_SHORT
s100_m3_combo,BUY,2026-04-08 01:54:00+00:00,4811.84,4804.17,4831.0,2026-04-08 02:52:00+00:00,4804.17,SL,-8.12,7.67,-1.0587,1,S100_FVG_LONG
s100_m3_combo,BUY,2026-04-08 04:33:00+00:00,4801.05,4795.47,4815.0,2026-04-08 05:27:00+00:00,4815.0,TP,13.5,5.58,2.4194,4,S100_FVG_LONG
s100_m3_combo,BUY,2026-04-08 05:27:00+00:00,4812.02,4808.5,4820.8,2026-04-08 05:34:00+00:00,4820.8,TP,8.33,3.52,2.3665,5,S100_RSI3_MOMO_LONG
s100_m3_combo,BUY,2026-04-08 05:56:00+00:00,4832.91,4826.79,4848.22,2026-04-08 05:58:00+00:00,4826.79,SL,-6.57,6.12,-1.0735,5,S100_FVG_LONG
s100_m3_combo,BUY,2026-04-08 06:29:00+00:00,4836.34,4829.79,4852.7,2026-04-08 06:32:00+00:00,4829.79,SL,-7.0,6.55,-1.0687,6,S100_RSI3_MOMO_LONG
s100_m3_combo,BUY,2026-04-08 06:53:00+00:00,4826.39,4824.8,4830.36,2026-04-08 06:54:00+00:00,4824.8,SL,-2.04,1.59,-1.283,6,S100_OB_LONG
s100_m3_combo,BUY,2026-04-08 07:33:00+00:00,4813.06,4808.72,4823.89,2026-04-08 07:34:00+00:00,4808.72,SL,-4.79,4.34,-1.1037,7,S100_OB_LONG
s100_m3_combo,BUY,2026-04-08 07:56:00+00:00,4820.02,4814.65,4833.43,2026-04-08 07:58:00+00:00,4814.65,SL,-5.82,5.37,-1.0838,7,S100_RSI3_MOMO_LONG
s100_m3_combo,BUY,2026-04-08 08:04:00+00:00,4808.13,4805.4,4814.97,2026-04-08 08:05:00+00:00,4814.97,TP,6.39,2.73,2.3407,8,S100_OB_LONG
s100_m3_combo,SELL,2026-04-08 13:36:00+00:00,4785.74,4790.71,4773.34,2026-04-08 13:53:00+00:00,4773.34,TP,11.95,4.97,2.4044,13,S100_FVG_SHORT
s100_m3_combo,SELL,2026-04-08 13:57:00+00:00,4779.47,4786.11,4762.86,2026-04-08 14:00:00+00:00,4786.11,SL,-7.09,6.64,-1.0678,13,S100_FVG_SHORT
s100_m3_combo,SELL,2026-04-08 14:37:00+00:00,4759.96,4767.05,4742.22,2026-04-08 14:41:00+00:00,4767.05,SL,-7.54,7.09,-1.0635,14,S100_FVG_SHORT
s100_m3_combo,SELL,2026-04-08 15:20:00+00:00,4754.94,4757.73,4747.96,2026-04-08 15:21:00+00:00,4757.73,SL,-3.24,2.79,-1.1613,15,S100_OB_SHORT
s100_m3_combo,SELL,2026-04-09 01:02:00+00:00,4706.06,4711.39,4692.72,2026-04-09 01:04:00+00:00,4711.39,SL,-5.78,5.33,-1.0844,1,S100_RSI3_MOMO_SHORT
s100_m3_combo,SELL,2026-04-09 01:29:00+00:00,4705.1,4712.76,4685.97,2026-04-09 01:34:00+00:00,4712.76,SL,-8.11,7.66,-1.0587,1,S100_RSI3_MOMO_SHORT
s100_m3_combo,SELL,2026-04-09 05:16:00+00:00,4716.51,4718.84,4710.69,2026-04-09 05:19:00+00:00,4718.84,SL,-2.78,2.33,-1.1931,5,S100_FVG_SHORT
s100_m3_combo,SELL,2026-04-09 05:37:00+00:00,4720.26,4723.82,4711.34,2026-04-09 05:44:00+00:00,4723.82,SL,-4.01,3.56,-1.1264,5,S100_FVG_SHORT
s100_m3_combo,SELL,2026-04-09 05:57:00+00:00,4712.88,4719.37,4696.63,2026-04-09 06:03:00+00:00,4719.37,SL,-6.94,6.49,-1.0693,5,S100_FVG_SHORT
s100_m3_combo,SELL,2026-04-09 07:30:00+00:00,4711.15,4715.81,4699.48,2026-04-09 07:33:00+00:00,4715.81,SL,-5.11,4.66,-1.0966,7,S100_OB_SHORT
s100_m3_combo,BUY,2026-04-09 07:46:00+00:00,4718.57,4713.63,4730.91,2026-04-09 07:50:00+00:00,4713.63,SL,-5.39,4.94,-1.0911,7,S100_FVG_LONG
s100_m3_combo,BUY,2026-04-09 08:47:00+00:00,4731.23,4727.26,4741.17,2026-04-09 08:53:00+00:00,4727.26,SL,-4.42,3.97,-1.1134,8,S100_RSI3_MOMO_LONG
s100_m3_combo,BUY,2026-04-09 08:59:00+00:00,4726.16,4724.14,4731.23,2026-04-09 09:00:00+00:00,4724.14,SL,-2.47,2.02,-1.2228,8,S100_OB_LONG
s100_m3_combo,BUY,2026-04-09 13:47:00+00:00,4771.95,4768.88,4779.64,2026-04-09 13:48:00+00:00,4768.88,SL,-3.52,3.07,-1.1466,13,S100_FVG_LONG
s100_m3_combo,BUY,2026-04-09 15:02:00+00:00,4766.09,4762.55,4774.93,2026-04-09 15:04:00+00:00,4762.55,SL,-3.99,3.54,-1.1271,15,S100_OB_LONG
s100_m3_combo,BUY,2026-04-09 15:29:00+00:00,4777.97,4769.22,4799.84,2026-04-09 16:03:00+00:00,4799.84,TP,21.42,8.75,2.448,15,S100_FVG_LONG
s100_m3_combo,SELL,2026-04-10 01:54:00+00:00,4765.33,4768.17,4758.24,2026-04-10 02:04:00+00:00,4758.24,TP,6.64,2.84,2.338,1,S100_FVG_SHORT
s100_m3_combo,SELL,2026-04-10 02:14:00+00:00,4752.6,4758.46,4737.95,2026-04-10 03:10:00+00:00,4758.46,SL,-6.31,5.86,-1.0768,2,S100_RSI3_MOMO_SHORT
s100_m3_combo,SELL,2026-04-10 03:30:00+00:00,4756.77,4758.45,4752.58,2026-04-10 03:32:00+00:00,4758.45,SL,-2.13,1.68,-1.2679,3,S100_FVG_SHORT
s100_m3_combo,SELL,2026-04-10 04:35:00+00:00,4763.55,4765.62,4758.38,2026-04-10 04:59:00+00:00,4758.38,TP,4.72,2.07,2.2802,4,S100_RSI3_MOMO_SHORT
s100_m3_combo,SELL,2026-04-10 05:04:00+00:00,4762.2,4764.76,4755.81,2026-04-10 05:32:00+00:00,4764.76,SL,-3.01,2.56,-1.1758,5,S100_OB_SHORT
s100_m3_combo,SELL,2026-04-10 06:08:00+00:00,4763.11,4766.26,4755.26,2026-04-10 06:18:00+00:00,4755.26,TP,7.4,3.15,2.3492,6,S100_FVG_SHORT
s100_m3_combo,SELL,2026-04-10 06:18:00+00:00,4755.69,4759.28,4746.73,2026-04-10 06:49:00+00:00,4746.73,TP,8.51,3.59,2.3705,6,S100_RSI3_MOMO_SHORT
s100_m3_combo,SELL,2026-04-10 06:55:00+00:00,4747.04,4751.47,4735.97,2026-04-10 07:09:00+00:00,4751.47,SL,-4.88,4.43,-1.1016,6,S100_FVG_SHORT
s100_m3_combo,SELL,2026-04-10 08:08:00+00:00,4749.82,4754.1,4739.14,2026-04-10 08:47:00+00:00,4739.14,TP,10.23,4.28,2.3902,8,S100_OB_SHORT
s100_m3_combo,SELL,2026-04-10 08:55:00+00:00,4738.1,4742.09,4728.14,2026-04-10 08:58:00+00:00,4742.09,SL,-4.44,3.99,-1.1128,8,S100_FVG_SHORT
s100_m3_combo,BUY,2026-04-10 13:08:00+00:00,4775.02,4768.43,4791.5,2026-04-10 13:19:00+00:00,4768.43,SL,-7.04,6.59,-1.0683,13,S100_RSI3_MOMO_LONG
s100_m3_combo,BUY,2026-04-10 14:26:00+00:00,4789.59,4783.09,4805.82,2026-04-10 14:42:00+00:00,4783.09,SL,-6.95,6.5,-1.0692,14,S100_RSI3_MOMO_LONG
s100_m3_combo,BUY,2026-04-10 15:23:00+00:00,4786.73,4780.37,4802.63,2026-04-10 15:28:00+00:00,4780.37,SL,-6.81,6.36,-1.0708,15,S100_RSI3_MOMO_LONG
s100_m3_combo,BUY,2026-04-10 15:28:00+00:00,4781.61,4775.66,4796.49,2026-04-10 15:30:00+00:00,4775.66,SL,-6.4,5.95,-1.0756,15,S100_FVG_LONG
s100_m3_combo,SELL,2026-04-13 02:44:00+00:00,4715.49,4720.08,4704.01,2026-04-13 02:55:00+00:00,4720.08,SL,-5.04,4.59,-1.098,2,S100_RSI3_MOMO_SHORT
s100_m3_combo,SELL,2026-04-13 02:55:00+00:00,4720.31,4722.88,4713.88,2026-04-13 03:06:00+00:00,4713.88,TP,5.98,2.57,2.3268,2,S100_FVG_SHORT
s100_m3_combo,SELL,2026-04-13 03:13:00+00:00,4715.29,4718.11,4708.25,2026-04-13 03:25:00+00:00,4718.11,SL,-3.27,2.82,-1.1596,3,S100_FVG_SHORT
s100_m3_combo,SELL,2026-04-13 04:08:00+00:00,4713.06,4716.19,4705.25,2026-04-13 04:42:00+00:00,4716.19,SL,-3.58,3.13,-1.1438,4,S100_RSI3_MOMO_SHORT
s100_m3_combo,BUY,2026-04-13 05:38:00+00:00,4723.85,4720.23,4732.9,2026-04-13 05:43:00+00:00,4720.23,SL,-4.07,3.62,-1.1243,5,S100_RSI3_MOMO_LONG
s100_m3_combo,BUY,2026-04-13 06:21:00+00:00,4726.81,4725.27,4730.63,2026-04-13 06:28:00+00:00,4730.63,TP,3.37,1.54,2.1883,6,S100_OB_LONG
s100_m3_combo,BUY,2026-04-13 06:36:00+00:00,4727.62,4725.61,4732.65,2026-04-13 06:38:00+00:00,4725.61,SL,-2.46,2.01,-1.2239,6,S100_OB_LONG
s100_m3_combo,BUY,2026-04-13 07:12:00+00:00,4725.09,4721.31,4734.53,2026-04-13 07:45:00+00:00,4734.53,TP,8.99,3.78,2.3783,7,S100_OB_LONG
s100_m3_combo,BUY,2026-04-13 07:54:00+00:00,4734.7,4731.98,4741.51,2026-04-13 07:55:00+00:00,4731.98,SL,-3.17,2.72,-1.1654,7,S100_FVG_LONG
s100_m3_combo,BUY,2026-04-13 13:11:00+00:00,4730.65,4725.97,4742.33,2026-04-13 13:40:00+00:00,4725.97,SL,-5.13,4.68,-1.0962,13,S100_RSI3_MOMO_LONG
s100_m3_combo,BUY,2026-04-13 13:52:00+00:00,4727.1,4722.14,4739.52,2026-04-13 13:53:00+00:00,4722.14,SL,-5.41,4.96,-1.0907,13,S100_OB_LONG
s100_m3_combo,SELL,2026-04-13 14:56:00+00:00,4715.94,4719.62,4706.74,2026-04-13 14:58:00+00:00,4719.62,SL,-4.13,3.68,-1.1223,14,S100_FVG_SHORT
s100_m3_combo,SELL,2026-04-13 15:08:00+00:00,4701.8,4708.62,4684.73,2026-04-13 15:11:00+00:00,4708.62,SL,-7.27,6.82,-1.066,15,S100_RSI3_MOMO_SHORT
s100_m3_combo,SELL,2026-04-13 15:19:00+00:00,4711.25,4717.69,4695.14,2026-04-13 15:38:00+00:00,4717.69,SL,-6.89,6.44,-1.0699,15,S100_FVG_SHORT
s100_m3_combo,BUY,2026-04-14 01:20:00+00:00,4769.94,4765.91,4780.03,2026-04-14 01:33:00+00:00,4765.91,SL,-4.48,4.03,-1.1117,1,S100_OB_LONG
s100_m3_combo,BUY,2026-04-14 01:50:00+00:00,4766.82,4765.08,4771.17,2026-04-14 01:54:00+00:00,4765.08,SL,-2.19,1.74,-1.2586,1,S100_OB_LONG
s100_m3_combo,BUY,2026-04-14 02:20:00+00:00,4769.75,4767.35,4775.76,2026-04-14 02:30:00+00:00,4767.35,SL,-2.85,2.4,-1.1875,2,S100_OB_LONG
s100_m3_combo,BUY,2026-04-14 02:54:00+00:00,4775.46,4772.47,4782.93,2026-04-14 03:00:00+00:00,4772.47,SL,-3.44,2.99,-1.1505,2,S100_FVG_LONG
s100_m3_combo,BUY,2026-04-14 04:24:00+00:00,4773.9,4771.24,4780.55,2026-04-14 05:04:00+00:00,4771.24,SL,-3.11,2.66,-1.1692,4,S100_FVG_LONG
s100_m3_combo,BUY,2026-04-14 05:54:00+00:00,4762.25,4760.4,4766.88,2026-04-14 05:55:00+00:00,4760.4,SL,-2.3,1.85,-1.2432,5,S100_OB_LONG
s100_m3_combo,BUY,2026-04-14 06:44:00+00:00,4769.64,4766.8,4776.74,2026-04-14 06:52:00+00:00,4776.74,TP,6.65,2.84,2.3415,6,S100_RSI3_MOMO_LONG
s100_m3_combo,BUY,2026-04-14 07:19:00+00:00,4784.66,4782.1,4791.06,2026-04-14 07:22:00+00:00,4782.1,SL,-3.01,2.56,-1.1758,7,S100_FVG_LONG
s100_m3_combo,BUY,2026-04-14 08:23:00+00:00,4777.15,4774.05,4784.92,2026-04-14 08:29:00+00:00,4784.92,TP,7.32,3.1,2.3613,8,S100_OB_LONG
s100_m3_combo,BUY,2026-04-14 13:28:00+00:00,4784.0,4781.12,4791.19,2026-04-14 13:30:00+00:00,4781.12,SL,-3.33,2.88,-1.1562,13,S100_FVG_LONG
s100_m3_combo,BUY,2026-04-14 13:39:00+00:00,4792.5,4785.77,4809.33,2026-04-14 14:27:00+00:00,4809.33,TP,16.38,6.73,2.4339,13,S100_FVG_LONG
s100_m3_combo,BUY,2026-04-14 14:39:00+00:00,4804.66,4799.82,4816.77,2026-04-14 14:44:00+00:00,4799.82,SL,-5.29,4.84,-1.093,14,S100_OB_LONG
s100_m3_combo,BUY,2026-04-14 15:25:00+00:00,4801.8,4796.73,4814.49,2026-04-14 15:51:00+00:00,4814.49,TP,12.24,5.07,2.4142,15,S100_FVG_LONG
s100_m3_combo,BUY,2026-04-15 01:01:00+00:00,4833.72,4831.12,4840.21,2026-04-15 01:02:00+00:00,4831.12,SL,-3.05,2.6,-1.1731,1,S100_FVG_LONG
s100_m3_combo,BUY,2026-04-15 02:08:00+00:00,4851.12,4846.33,4863.11,2026-04-15 02:11:00+00:00,4846.33,SL,-5.24,4.79,-1.0939,2,S100_RSI3_MOMO_LONG
s100_m3_combo,SELL,2026-04-15 03:12:00+00:00,4821.13,4823.77,4814.53,2026-04-15 03:16:00+00:00,4823.77,SL,-3.09,2.64,-1.1705,3,S100_FVG_SHORT
s100_m3_combo,SELL,2026-04-15 04:05:00+00:00,4821.4,4824.01,4814.89,2026-04-15 04:10:00+00:00,4824.01,SL,-3.06,2.61,-1.1724,4,S100_RSI3_MOMO_SHORT
s100_m3_combo,SELL,2026-04-15 04:10:00+00:00,4823.95,4826.95,4816.47,2026-04-15 04:34:00+00:00,4826.95,SL,-3.45,3.0,-1.15,4,S100_FVG_SHORT
s100_m3_combo,SELL,2026-04-15 05:35:00+00:00,4824.05,4827.64,4815.06,2026-04-15 05:37:00+00:00,4815.06,TP,8.54,3.59,2.3788,5,S100_RSI3_MOMO_SHORT
s100_m3_combo,SELL,2026-04-15 05:42:00+00:00,4821.09,4824.13,4813.48,2026-04-15 05:43:00+00:00,4813.48,TP,7.16,3.04,2.3553,5,S100_FVG_SHORT
s100_m3_combo,SELL,2026-04-15 06:13:00+00:00,4818.6,4821.02,4812.56,2026-04-15 06:32:00+00:00,4812.56,TP,5.59,2.42,2.3099,6,S100_FVG_SHORT
s100_m3_combo,SELL,2026-04-15 06:32:00+00:00,4812.94,4816.41,4804.28,2026-04-15 06:33:00+00:00,4816.41,SL,-3.92,3.47,-1.1297,6,S100_RSI3_MOMO_SHORT
s100_m3_combo,SELL,2026-04-15 07:05:00+00:00,4809.23,4813.5,4798.55,2026-04-15 07:11:00+00:00,4813.5,SL,-4.72,4.27,-1.1054,7,S100_RSI3_MOMO_SHORT
s100_m3_combo,SELL,2026-04-15 07:14:00+00:00,4815.41,4818.24,4808.36,2026-04-15 07:26:00+00:00,4808.36,TP,6.6,2.83,2.3322,7,S100_FVG_SHORT
s100_m3_combo,SELL,2026-04-15 08:13:00+00:00,4810.47,4812.05,4806.52,2026-04-15 08:15:00+00:00,4812.05,SL,-2.03,1.58,-1.2848,8,S100_OB_SHORT
s100_m3_combo,BUY,2026-04-15 13:43:00+00:00,4819.76,4816.06,4829.0,2026-04-15 13:57:00+00:00,4829.0,TP,8.79,3.7,2.3757,13,S100_OB_LONG
s100_m3_combo,BUY,2026-04-15 14:00:00+00:00,4826.89,4822.93,4836.79,2026-04-15 14:02:00+00:00,4822.93,SL,-4.41,3.96,-1.1136,14,S100_OB_LONG
s100_m3_combo,BUY,2026-04-15 14:15:00+00:00,4827.19,4823.96,4835.29,2026-04-15 14:21:00+00:00,4823.96,SL,-3.68,3.23,-1.1393,14,S100_OB_LONG
s100_m3_combo,SELL,2026-04-15 15:40:00+00:00,4805.5,4807.5,4800.49,2026-04-15 15:46:00+00:00,4807.5,SL,-2.45,2.0,-1.225,15,S100_OB_SHORT
s100_m3_combo,BUY,2026-04-16 02:47:00+00:00,4817.01,4815.05,4821.89,2026-04-16 03:01:00+00:00,4821.89,TP,4.43,1.96,2.2602,2,S100_FVG_LONG
s100_m3_combo,BUY,2026-04-16 04:20:00+00:00,4826.9,4824.58,4832.69,2026-04-16 04:57:00+00:00,4832.69,TP,5.34,2.32,2.3017,4,S100_FVG_LONG
s100_m3_combo,BUY,2026-04-16 06:43:00+00:00,4818.94,4816.73,4824.48,2026-04-16 06:44:00+00:00,4824.48,TP,5.09,2.21,2.3032,6,S100_OB_LONG
s100_m3_combo,BUY,2026-04-16 06:47:00+00:00,4824.95,4820.87,4835.17,2026-04-16 07:20:00+00:00,4820.87,SL,-4.53,4.08,-1.1103,6,S100_RSI3_MOMO_LONG
s100_m3_combo,BUY,2026-04-16 07:32:00+00:00,4825.71,4821.77,4835.57,2026-04-16 07:56:00+00:00,4821.77,SL,-4.39,3.94,-1.1142,7,S100_FVG_LONG
s100_m3_combo,SELL,2026-04-16 08:41:00+00:00,4812.28,4814.27,4807.31,2026-04-16 08:58:00+00:00,4814.27,SL,-2.44,1.99,-1.2261,8,S100_OB_SHORT
s100_m3_combo,SELL,2026-04-16 13:09:00+00:00,4816.28,4823.39,4798.53,2026-04-16 13:35:00+00:00,4823.39,SL,-7.56,7.11,-1.0633,13,S100_OB_SHORT
s100_m3_combo,SELL,2026-04-16 14:05:00+00:00,4788.51,4796.17,4769.36,2026-04-16 14:08:00+00:00,4796.17,SL,-8.11,7.66,-1.0587,14,S100_RSI3_MOMO_SHORT
s100_m3_combo,SELL,2026-04-16 14:45:00+00:00,4788.39,4794.72,4772.56,2026-04-16 15:01:00+00:00,4794.72,SL,-6.78,6.33,-1.0711,14,S100_FVG_SHORT
s100_m3_combo,SELL,2026-04-16 15:30:00+00:00,4804.36,4807.59,4796.31,2026-04-16 15:37:00+00:00,4807.59,SL,-3.68,3.23,-1.1393,15,S100_OB_SHORT
s100_m3_combo,SELL,2026-04-17 01:15:00+00:00,4782.08,4787.88,4767.58,2026-04-17 01:55:00+00:00,4787.88,SL,-6.25,5.8,-1.0776,1,S100_FVG_SHORT
s100_m3_combo,SELL,2026-04-17 03:01:00+00:00,4786.94,4789.36,4780.9,2026-04-17 03:03:00+00:00,4789.36,SL,-2.87,2.42,-1.186,3,S100_FVG_SHORT
s100_m3_combo,BUY,2026-04-17 03:50:00+00:00,4795.75,4793.58,4801.18,2026-04-17 03:56:00+00:00,4793.58,SL,-2.62,2.17,-1.2074,3,S100_RSI3_MOMO_LONG
s100_m3_combo,BUY,2026-04-17 05:03:00+00:00,4802.35,4799.89,4808.49,2026-04-17 05:06:00+00:00,4799.89,SL,-2.91,2.46,-1.1829,5,S100_FVG_LONG
s100_m3_combo,SELL,2026-04-17 07:19:00+00:00,4788.38,4791.38,4780.87,2026-04-17 07:25:00+00:00,4791.38,SL,-3.45,3.0,-1.15,7,S100_OB_SHORT
s100_m3_combo,SELL,2026-04-17 07:54:00+00:00,4785.15,4786.84,4780.92,2026-04-17 08:00:00+00:00,4786.84,SL,-2.14,1.69,-1.2663,7,S100_OB_SHORT
s100_m3_combo,BUY,2026-04-17 13:21:00+00:00,4855.52,4843.61,4885.31,2026-04-17 14:01:00+00:00,4885.31,TP,29.34,11.91,2.4635,13,S100_FVG_LONG
s100_m3_combo,BUY,2026-04-17 14:28:00+00:00,4875.98,4870.92,4888.63,2026-04-17 14:30:00+00:00,4870.92,SL,-5.51,5.06,-1.0889,14,S100_FVG_LONG
s100_m3_combo,BUY,2026-04-17 15:58:00+00:00,4868.82,4864.96,4878.48,2026-04-17 16:00:00+00:00,4864.96,SL,-4.31,3.86,-1.1166,15,S100_FVG_LONG
s100_m3_combo,SELL,2026-04-20 02:11:00+00:00,4802.16,4807.18,4789.63,2026-04-20 03:19:00+00:00,4789.63,TP,12.08,5.02,2.4064,2,S100_RSI3_MOMO_SHORT
s100_m3_combo,SELL,2026-04-20 04:38:00+00:00,4788.77,4791.39,4782.2,2026-04-20 04:40:00+00:00,4791.39,SL,-3.07,2.62,-1.1718,4,S100_RSI3_MOMO_SHORT
s100_m3_combo,SELL,2026-04-20 04:41:00+00:00,4791.09,4793.5,4785.06,2026-04-20 05:13:00+00:00,4785.06,TP,5.58,2.41,2.3154,4,S100_FVG_SHORT
s100_m3_combo,SELL,2026-04-20 05:49:00+00:00,4785.74,4789.63,4776.04,2026-04-20 05:54:00+00:00,4789.63,SL,-4.34,3.89,-1.1157,5,S100_FVG_SHORT
s100_m3_combo,SELL,2026-04-20 06:26:00+00:00,4784.76,4788.99,4774.17,2026-04-20 06:30:00+00:00,4788.99,SL,-4.68,4.23,-1.1064,6,S100_RSI3_MOMO_SHORT
s100_m3_combo,SELL,2026-04-20 06:30:00+00:00,4790.11,4792.12,4785.08,2026-04-20 06:56:00+00:00,4792.12,SL,-2.46,2.01,-1.2239,6,S100_OB_SHORT
s100_m3_combo,SELL,2026-04-20 07:38:00+00:00,4795.38,4797.81,4789.3,2026-04-20 07:40:00+00:00,4797.81,SL,-2.88,2.43,-1.1852,7,S100_FVG_SHORT
s100_m3_combo,SELL,2026-04-20 08:19:00+00:00,4788.71,4791.26,4782.34,2026-04-20 08:21:00+00:00,4791.26,SL,-3.0,2.55,-1.1765,8,S100_OB_SHORT
s100_m3_combo,BUY,2026-04-20 13:22:00+00:00,4815.53,4811.32,4826.08,2026-04-20 13:30:00+00:00,4826.08,TP,10.1,4.21,2.399,13,S100_OB_LONG
s100_m3_combo,BUY,2026-04-20 13:31:00+00:00,4818.48,4816.0,4824.7,2026-04-20 13:36:00+00:00,4824.7,TP,5.77,2.48,2.3266,13,S100_OB_LONG
s100_m3_combo,BUY,2026-04-20 14:29:00+00:00,4822.65,4818.4,4833.28,2026-04-20 14:34:00+00:00,4818.4,SL,-4.7,4.25,-1.1059,14,S100_FVG_LONG
s100_m3_combo,BUY,2026-04-20 15:45:00+00:00,4798.39,4795.05,4806.72,2026-04-20 16:04:00+00:00,4795.05,SL,-3.79,3.34,-1.1347,15,S100_OB_LONG
s100_m3_combo,BUY,2026-04-21 01:30:00+00:00,4817.67,4815.22,4823.79,2026-04-21 01:38:00+00:00,4815.22,SL,-2.9,2.45,-1.1837,1,S100_OB_LONG
s100_m3_combo,SELL,2026-04-21 01:57:00+00:00,4810.5,4813.14,4803.89,2026-04-21 02:21:00+00:00,4803.89,TP,6.16,2.64,2.3333,1,S100_OB_SHORT
s100_m3_combo,SELL,2026-04-21 02:39:00+00:00,4806.07,4807.83,4801.68,2026-04-21 02:55:00+00:00,4807.83,SL,-2.21,1.76,-1.2557,2,S100_FVG_SHORT
s100_m3_combo,SELL,2026-04-21 03:06:00+00:00,4805.75,4807.58,4801.17,2026-04-21 03:12:00+00:00,4801.17,TP,4.13,1.83,2.2568,3,S100_OB_SHORT
s100_m3_combo,SELL,2026-04-21 03:30:00+00:00,4799.31,4800.92,4795.3,2026-04-21 03:38:00+00:00,4795.3,TP,3.56,1.61,2.2112,3,S100_FVG_SHORT
s100_m3_combo,SELL,2026-04-21 03:51:00+00:00,4796.38,4798.58,4790.86,2026-04-21 04:30:00+00:00,4790.86,TP,5.07,2.2,2.3045,3,S100_FVG_SHORT
s100_m3_combo,SELL,2026-04-21 04:53:00+00:00,4789.5,4792.01,4783.22,2026-04-21 05:05:00+00:00,4792.01,SL,-2.96,2.51,-1.1793,4,S100_RSI3_MOMO_SHORT
s100_m3_combo,SELL,2026-04-21 05:24:00+00:00,4789.59,4791.88,4783.87,2026-04-21 05:31:00+00:00,4791.88,SL,-2.74,2.29,-1.1965,5,S100_OB_SHORT
s100_m3_combo,SELL,2026-04-21 05:56:00+00:00,4785.4,4789.35,4775.52,2026-04-21 06:10:00+00:00,4789.35,SL,-4.4,3.95,-1.1139,5,S100_RSI3_MOMO_SHORT
s100_m3_combo,SELL,2026-04-21 06:11:00+00:00,4790.76,4793.53,4783.83,2026-04-21 06:16:00+00:00,4783.83,TP,6.48,2.77,2.3394,6,S100_FVG_SHORT
s100_m3_combo,SELL,2026-04-21 07:05:00+00:00,4777.19,4780.0,4770.18,2026-04-21 07:09:00+00:00,4780.0,SL,-3.26,2.81,-1.1601,7,S100_OB_SHORT
s100_m3_combo,SELL,2026-04-21 07:24:00+00:00,4783.14,4786.38,4775.02,2026-04-21 07:43:00+00:00,4786.38,SL,-3.69,3.24,-1.1389,7,S100_OB_SHORT
s100_m3_combo,SELL,2026-04-21 08:03:00+00:00,4786.78,4788.78,4781.78,2026-04-21 08:06:00+00:00,4781.78,TP,4.55,2.0,2.275,8,S100_FVG_SHORT
s100_m3_combo,SELL,2026-04-21 08:19:00+00:00,4781.6,4784.64,4773.99,2026-04-21 08:20:00+00:00,4784.64,SL,-3.49,3.04,-1.148,8,S100_FVG_SHORT
s100_m3_combo,SELL,2026-04-21 13:30:00+00:00,4778.98,4785.17,4763.51,2026-04-21 13:39:00+00:00,4785.17,SL,-6.64,6.19,-1.0727,13,S100_OB_SHORT
s100_m3_combo,SELL,2026-04-21 14:04:00+00:00,4779.81,4786.58,4762.9,2026-04-21 14:34:00+00:00,4762.9,TP,16.46,6.77,2.4313,14,S100_FVG_SHORT
s100_m3_combo,SELL,2026-04-21 14:35:00+00:00,4767.57,4773.28,4753.3,2026-04-21 14:40:00+00:00,4753.3,TP,13.82,5.71,2.4203,14,S100_RSI3_MOMO_SHORT
s100_m3_combo,SELL,2026-04-21 14:52:00+00:00,4734.26,4745.64,4705.79,2026-04-21 15:10:00+00:00,4745.64,SL,-11.83,11.38,-1.0395,14,S100_FVG_SHORT
s100_m3_combo,SELL,2026-04-21 15:43:00+00:00,4746.47,4751.77,4733.2,2026-04-21 16:10:00+00:00,4733.2,TP,12.82,5.3,2.4189,15,S100_FVG_SHORT
s100_m3_combo,BUY,2026-04-22 01:27:00+00:00,4745.5,4742.84,4752.15,2026-04-22 01:39:00+00:00,4752.15,TP,6.2,2.66,2.3308,1,S100_FVG_LONG
s100_m3_combo,BUY,2026-04-22 01:41:00+00:00,4751.8,4747.41,4762.78,2026-04-22 02:53:00+00:00,4754.555,TIME,2.305,4.39,0.5251,1,S100_RSI3_MOMO_LONG
s100_m3_combo,BUY,2026-04-22 03:10:00+00:00,4758.52,4755.88,4765.12,2026-04-22 04:17:00+00:00,4755.88,SL,-3.09,2.64,-1.1705,3,S100_FVG_LONG
s100_m3_combo,BUY,2026-04-22 04:50:00+00:00,4756.26,4754.29,4761.19,2026-04-22 04:53:00+00:00,4754.29,SL,-2.42,1.97,-1.2284,4,S100_FVG_LONG
s100_m3_combo,BUY,2026-04-22 05:24:00+00:00,4769.25,4766.96,4774.98,2026-04-22 05:26:00+00:00,4766.96,SL,-2.74,2.29,-1.1965,5,S100_FVG_LONG
s100_m3_combo,BUY,2026-04-22 05:55:00+00:00,4767.57,4764.25,4775.87,2026-04-22 05:57:00+00:00,4764.25,SL,-3.77,3.32,-1.1355,5,S100_OB_LONG
s100_m3_combo,BUY,2026-04-22 06:25:00+00:00,4762.77,4760.01,4769.68,2026-04-22 07:00:00+00:00,4769.68,TP,6.46,2.76,2.3406,6,S100_OB_LONG
s100_m3_combo,BUY,2026-04-22 08:47:00+00:00,4755.06,4752.12,4762.42,2026-04-22 09:42:00+00:00,4762.42,TP,6.91,2.94,2.3503,8,S100_OB_LONG
s100_m3_combo,SELL,2026-04-22 14:10:00+00:00,4747.49,4750.38,4740.27,2026-04-22 14:21:00+00:00,4750.38,SL,-3.34,2.89,-1.1557,14,S100_FVG_SHORT
s100_m3_combo,SELL,2026-04-22 14:40:00+00:00,4739.81,4744.55,4727.97,2026-04-22 15:35:00+00:00,4727.97,TP,11.39,4.74,2.403,14,S100_FVG_SHORT
s100_m3_combo,SELL,2026-04-22 15:44:00+00:00,4727.3,4731.81,4716.01,2026-04-22 16:05:00+00:00,4731.81,SL,-4.96,4.51,-1.0998,15,S100_RSI3_MOMO_SHORT
s100_m3_combo,SELL,2026-04-23 01:59:00+00:00,4723.56,4728.78,4710.49,2026-04-23 02:10:00+00:00,4710.49,TP,12.62,5.22,2.4176,1,S100_RSI3_MOMO_SHORT
s100_m3_combo,SELL,2026-04-23 02:21:00+00:00,4714.83,4717.82,4707.36,2026-04-23 02:22:00+00:00,4717.82,SL,-3.44,2.99,-1.1505,2,S100_FVG_SHORT
s100_m3_combo,SELL,2026-04-23 02:48:00+00:00,4705.11,4709.15,4695.02,2026-04-23 04:00:00+00:00,4703.695,TIME,0.965,4.04,0.2389,2,S100_FVG_SHORT
s100_m3_combo,SELL,2026-04-23 04:07:00+00:00,4703.03,4704.73,4698.8,2026-04-23 04:08:00+00:00,4704.73,SL,-2.15,1.7,-1.2647,4,S100_OB_SHORT
s100_m3_combo,SELL,2026-04-23 04:42:00+00:00,4703.66,4705.89,4698.1,2026-04-23 05:00:00+00:00,4705.89,SL,-2.68,2.23,-1.2018,4,S100_FVG_SHORT
s100_m3_combo,SELL,2026-04-23 05:27:00+00:00,4706.31,4708.52,4700.8,2026-04-23 05:30:00+00:00,4700.8,TP,5.06,2.21,2.2896,5,S100_OB_SHORT
s100_m3_combo,SELL,2026-04-23 05:44:00+00:00,4701.75,4705.13,4693.3,2026-04-23 05:45:00+00:00,4705.13,SL,-3.83,3.38,-1.1331,5,S100_RSI3_MOMO_SHORT
s100_m3_combo,SELL,2026-04-23 07:05:00+00:00,4715.28,4720.04,4703.39,2026-04-23 07:24:00+00:00,4703.39,TP,11.44,4.76,2.4034,7,S100_OB_SHORT
s100_m3_combo,SELL,2026-04-23 07:34:00+00:00,4711.47,4713.51,4706.36,2026-04-23 07:44:00+00:00,4713.51,SL,-2.49,2.04,-1.2206,7,S100_OB_SHORT
s100_m3_combo,SELL,2026-04-23 08:24:00+00:00,4718.16,4721.47,4709.9,2026-04-23 08:32:00+00:00,4709.9,TP,7.81,3.31,2.3595,8,S100_OB_SHORT
s100_m3_combo,SELL,2026-04-23 08:38:00+00:00,4708.04,4712.16,4697.74,2026-04-23 09:04:00+00:00,4697.74,TP,9.85,4.12,2.3908,8,S100_RSI3_MOMO_SHORT
s100_m3_combo,BUY,2026-04-23 13:55:00+00:00,4731.86,4725.98,4746.58,2026-04-23 13:59:00+00:00,4725.98,SL,-6.33,5.88,-1.0765,13,S100_OB_LONG
s100_m3_combo,BUY,2026-04-23 14:38:00+00:00,4726.99,4724.84,4732.39,2026-04-23 14:45:00+00:00,4732.39,TP,4.95,2.15,2.3023,14,S100_OB_LONG
s100_m3_combo,BUY,2026-04-23 15:06:00+00:00,4731.02,4727.86,4738.94,2026-04-23 15:08:00+00:00,4727.86,SL,-3.61,3.16,-1.1424,15,S100_OB_LONG
s100_m3_combo,BUY,2026-04-23 15:28:00+00:00,4736.02,4732.0,4746.06,2026-04-23 15:30:00+00:00,4732.0,SL,-4.47,4.02,-1.1119,15,S100_FVG_LONG
s100_m3_combo,SELL,2026-04-24 01:36:00+00:00,4696.51,4699.62,4688.73,2026-04-24 01:59:00+00:00,4699.62,SL,-3.56,3.11,-1.1447,1,S100_FVG_SHORT
s100_m3_combo,SELL,2026-04-24 02:15:00+00:00,4694.08,4697.21,4686.25,2026-04-24 02:24:00+00:00,4686.25,TP,7.38,3.13,2.3578,2,S100_FVG_SHORT
s100_m3_combo,SELL,2026-04-24 02:30:00+00:00,4684.91,4688.62,4675.64,2026-04-24 02:31:00+00:00,4688.62,SL,-4.16,3.71,-1.1213,2,S100_FVG_SHORT
s100_m3_combo,SELL,2026-04-24 02:54:00+00:00,4677.61,4681.07,4668.95,2026-04-24 03:10:00+00:00,4668.95,TP,8.21,3.46,2.3728,2,S100_FVG_SHORT
s100_m3_combo,SELL,2026-04-24 04:20:00+00:00,4668.16,4671.06,4660.91,2026-04-24 04:25:00+00:00,4660.91,TP,6.8,2.9,2.3448,4,S100_RSI3_MOMO_SHORT
s100_m3_combo,SELL,2026-04-24 04:35:00+00:00,4663.28,4668.49,4650.27,2026-04-24 04:44:00+00:00,4668.49,SL,-5.66,5.21,-1.0864,4,S100_FVG_SHORT
s100_m3_combo,SELL,2026-04-24 06:53:00+00:00,4672.86,4674.67,4668.33,2026-04-24 06:54:00+00:00,4674.67,SL,-2.26,1.81,-1.2486,6,S100_OB_SHORT
s100_m3_combo,BUY,2026-04-24 08:26:00+00:00,4690.56,4688.59,4695.46,2026-04-24 08:28:00+00:00,4688.59,SL,-2.42,1.97,-1.2284,8,S100_FVG_LONG
s100_m3_combo,BUY,2026-04-24 08:52:00+00:00,4689.94,4687.5,4696.05,2026-04-24 09:15:00+00:00,4696.05,TP,5.66,2.44,2.3197,8,S100_OB_LONG
s100_m3_combo,BUY,2026-04-24 13:03:00+00:00,4698.22,4695.01,4706.22,2026-04-24 13:25:00+00:00,4695.01,SL,-3.66,3.21,-1.1402,13,S100_FVG_LONG
s100_m3_combo,BUY,2026-04-24 13:55:00+00:00,4704.9,4698.73,4720.33,2026-04-24 14:05:00+00:00,4720.33,TP,14.98,6.17,2.4279,13,S100_FVG_LONG
s100_m3_combo,BUY,2026-04-24 14:15:00+00:00,4730.84,4725.74,4743.6,2026-04-24 14:25:00+00:00,4725.74,SL,-5.55,5.1,-1.0882,14,S100_FVG_LONG
s100_m3_combo,BUY,2026-04-24 15:24:00+00:00,4723.1,4721.27,4727.67,2026-04-24 15:25:00+00:00,4721.27,SL,-2.28,1.83,-1.2459,15,S100_OB_LONG
s100_m3_combo,BUY,2026-04-24 15:48:00+00:00,4726.62,4719.51,4744.4,2026-04-24 16:15:00+00:00,4719.51,SL,-7.56,7.11,-1.0633,15,S100_FVG_LONG
s100_m3_combo,SELL,2026-04-27 01:12:00+00:00,4701.48,4706.49,4688.93,2026-04-27 01:51:00+00:00,4706.49,SL,-5.46,5.01,-1.0898,1,S100_FVG_SHORT
s100_m3_combo,SELL,2026-04-27 02:12:00+00:00,4699.58,4703.6,4689.54,2026-04-27 02:16:00+00:00,4703.6,SL,-4.47,4.02,-1.1119,2,S100_FVG_SHORT
s100_m3_combo,BUY,2026-04-27 02:35:00+00:00,4708.24,4704.48,4717.64,2026-04-27 02:48:00+00:00,4717.64,TP,8.95,3.76,2.3803,2,S100_RSI3_MOMO_LONG
s100_m3_combo,BUY,2026-04-27 02:57:00+00:00,4719.36,4716.67,4726.08,2026-04-27 03:13:00+00:00,4716.67,SL,-3.14,2.69,-1.1673,2,S100_FVG_LONG
s100_m3_combo,BUY,2026-04-27 03:47:00+00:00,4726.28,4723.9,4732.26,2026-04-27 03:48:00+00:00,4723.9,SL,-2.83,2.38,-1.1891,3,S100_FVG_LONG
s100_m3_combo,BUY,2026-04-27 04:18:00+00:00,4725.71,4723.61,4730.95,2026-04-27 04:50:00+00:00,4723.61,SL,-2.55,2.1,-1.2143,4,S100_OB_LONG
s100_m3_combo,BUY,2026-04-27 08:49:00+00:00,4711.9,4708.08,4721.46,2026-04-27 08:53:00+00:00,4708.08,SL,-4.27,3.82,-1.1178,8,S100_FVG_LONG
s100_m3_combo,SELL,2026-04-27 13:00:00+00:00,4700.52,4702.59,4695.34,2026-04-27 13:01:00+00:00,4695.34,TP,4.73,2.07,2.285,13,S100_FVG_SHORT
s100_m3_combo,SELL,2026-04-27 13:05:00+00:00,4694.43,4698.79,4683.53,2026-04-27 13:10:00+00:00,4698.79,SL,-4.81,4.36,-1.1032,13,S100_RSI3_MOMO_SHORT
s100_m3_combo,SELL,2026-04-27 13:38:00+00:00,4693.35,4697.77,4682.3,2026-04-27 14:50:00+00:00,4688.36,TIME,4.54,4.42,1.0271,13,S100_RSI3_MOMO_SHORT
s100_m3_combo,BUY,2026-04-28 01:43:00+00:00,4688.62,4686.15,4694.82,2026-04-28 01:45:00+00:00,4686.15,SL,-2.92,2.47,-1.1822,1,S100_FVG_LONG
s100_m3_combo,SELL,2026-04-28 02:27:00+00:00,4677.53,4679.98,4671.41,2026-04-28 02:38:00+00:00,4671.41,TP,5.67,2.45,2.3143,2,S100_OB_SHORT
s100_m3_combo,SELL,2026-04-28 02:44:00+00:00,4671.27,4674.33,4663.62,2026-04-28 03:20:00+00:00,4674.33,SL,-3.51,3.06,-1.1471,2,S100_RSI3_MOMO_SHORT
s100_m3_combo,SELL,2026-04-28 04:09:00+00:00,4668.73,4670.98,4663.11,2026-04-28 05:03:00+00:00,4663.11,TP,5.17,2.25,2.2978,4,S100_FVG_SHORT
s100_m3_combo,SELL,2026-04-28 05:47:00+00:00,4630.52,4638.66,4610.18,2026-04-28 06:06:00+00:00,4638.66,SL,-8.59,8.14,-1.0553,5,S100_FVG_SHORT
s100_m3_combo,SELL,2026-04-28 06:27:00+00:00,4627.78,4632.94,4614.89,2026-04-28 06:30:00+00:00,4632.94,SL,-5.61,5.16,-1.0872,6,S100_FVG_SHORT
s100_m3_combo,SELL,2026-04-28 07:26:00+00:00,4628.62,4633.64,4616.07,2026-04-28 07:32:00+00:00,4633.64,SL,-5.47,5.02,-1.0896,7,S100_RSI3_MOMO_SHORT
s100_m3_combo,SELL,2026-04-28 08:06:00+00:00,4621.34,4626.27,4609.01,2026-04-28 08:29:00+00:00,4626.27,SL,-5.38,4.93,-1.0913,8,S100_FVG_SHORT
s100_m3_combo,SELL,2026-04-28 13:12:00+00:00,4575.85,4584.35,4554.59,2026-04-28 13:29:00+00:00,4584.35,SL,-8.95,8.5,-1.0529,13,S100_FVG_SHORT
s100_m3_combo,SELL,2026-04-28 13:59:00+00:00,4582.06,4593.46,4553.55,2026-04-28 15:11:00+00:00,4572.48,TIME,9.13,11.4,0.8009,13,S100_OB_SHORT
s100_m3_combo,SELL,2026-04-29 01:31:00+00:00,4583.74,4586.32,4577.31,2026-04-29 01:33:00+00:00,4586.32,SL,-3.03,2.58,-1.1744,1,S100_OB_SHORT
s100_m3_combo,SELL,2026-04-29 01:59:00+00:00,4584.53,4588.92,4573.56,2026-04-29 02:00:00+00:00,4588.92,SL,-4.84,4.39,-1.1025,1,S100_FVG_SHORT
s100_m3_combo,BUY,2026-04-29 04:42:00+00:00,4601.82,4599.42,4607.83,2026-04-29 05:22:00+00:00,4599.42,SL,-2.85,2.4,-1.1875,4,S100_FVG_LONG
s100_m3_combo,BUY,2026-04-29 05:53:00+00:00,4598.64,4596.65,4603.59,2026-04-29 05:55:00+00:00,4596.65,SL,-2.44,1.99,-1.2261,5,S100_FVG_LONG
s100_m3_combo,SELL,2026-04-29 06:20:00+00:00,4586.48,4590.9,4575.43,2026-04-29 07:24:00+00:00,4575.43,TP,10.6,4.42,2.3982,6,S100_RSI3_MOMO_SHORT
s100_m3_combo,SELL,2026-04-29 08:00:00+00:00,4569.95,4572.76,4562.93,2026-04-29 08:01:00+00:00,4572.76,SL,-3.26,2.81,-1.1601,8,S100_OB_SHORT
s100_m3_combo,SELL,2026-04-29 08:06:00+00:00,4567.96,4570.97,4560.43,2026-04-29 08:21:00+00:00,4570.97,SL,-3.46,3.01,-1.1495,8,S100_OB_SHORT
s100_m3_combo,SELL,2026-04-29 08:39:00+00:00,4562.46,4566.41,4552.6,2026-04-29 08:44:00+00:00,4566.41,SL,-4.4,3.95,-1.1139,8,S100_FVG_SHORT
s100_m3_combo,SELL,2026-04-29 14:16:00+00:00,4532.51,4534.33,4527.96,2026-04-29 14:17:00+00:00,4534.33,SL,-2.27,1.82,-1.2473,14,S100_OB_SHORT
s100_m3_combo,SELL,2026-04-29 14:54:00+00:00,4537.86,4540.11,4532.25,2026-04-29 14:55:00+00:00,4540.11,SL,-2.7,2.25,-1.2,14,S100_OB_SHORT
s100_m3_combo,SELL,2026-04-29 15:16:00+00:00,4540.59,4543.15,4534.19,2026-04-29 15:18:00+00:00,4543.15,SL,-3.01,2.56,-1.1758,15,S100_FVG_SHORT
s100_m3_combo,SELL,2026-04-29 15:58:00+00:00,4548.2,4554.25,4533.1,2026-04-29 16:01:00+00:00,4554.25,SL,-6.5,6.05,-1.0744,15,S100_FVG_SHORT
s100_m3_combo,BUY,2026-04-30 01:21:00+00:00,4568.64,4566.82,4573.18,2026-04-30 01:23:00+00:00,4566.82,SL,-2.27,1.82,-1.2473,1,S100_FVG_LONG
s100_m3_combo,BUY,2026-04-30 01:33:00+00:00,4578.19,4572.56,4592.25,2026-04-30 01:36:00+00:00,4572.56,SL,-6.08,5.63,-1.0799,1,S100_FVG_LONG
s100_m3_combo,BUY,2026-04-30 02:10:00+00:00,4576.24,4573.42,4583.28,2026-04-30 02:27:00+00:00,4573.42,SL,-3.27,2.82,-1.1596,2,S100_OB_LONG
s100_m3_combo,SELL,2026-04-30 04:43:00+00:00,4544.54,4546.36,4539.98,2026-04-30 04:45:00+00:00,4546.36,SL,-2.27,1.82,-1.2473,4,S100_FVG_SHORT
s100_m3_combo,SELL,2026-04-30 05:01:00+00:00,4546.68,4548.66,4541.74,2026-04-30 05:02:00+00:00,4548.66,SL,-2.43,1.98,-1.2273,5,S100_OB_SHORT
s100_m3_combo,BUY,2026-04-30 05:53:00+00:00,4567.06,4565.34,4571.38,2026-04-30 05:55:00+00:00,4565.34,SL,-2.17,1.72,-1.2616,5,S100_FVG_LONG
s100_m3_combo,BUY,2026-04-30 06:23:00+00:00,4568.67,4565.31,4577.07,2026-04-30 06:32:00+00:00,4577.07,TP,7.95,3.36,2.3661,6,S100_RSI3_MOMO_LONG
s100_m3_combo,BUY,2026-04-30 06:40:00+00:00,4574.57,4570.2,4585.48,2026-04-30 06:55:00+00:00,4585.48,TP,10.46,4.37,2.3936,6,S100_FVG_LONG
s100_m3_combo,BUY,2026-04-30 06:55:00+00:00,4580.73,4576.81,4590.55,2026-04-30 06:58:00+00:00,4590.55,TP,9.37,3.92,2.3903,6,S100_RSI3_MOMO_LONG
s100_m3_combo,BUY,2026-04-30 07:16:00+00:00,4589.7,4586.69,4597.23,2026-04-30 07:20:00+00:00,4586.69,SL,-3.46,3.01,-1.1495,7,S100_OB_LONG
s100_m3_combo,BUY,2026-04-30 07:53:00+00:00,4600.79,4596.72,4610.96,2026-04-30 07:59:00+00:00,4596.72,SL,-4.52,4.07,-1.1106,7,S100_RSI3_MOMO_LONG
s100_m3_combo,BUY,2026-04-30 13:30:00+00:00,4630.16,4625.0,4643.07,2026-04-30 13:36:00+00:00,4625.0,SL,-5.61,5.16,-1.0872,13,S100_OB_LONG
s100_m3_combo,BUY,2026-04-30 14:08:00+00:00,4619.76,4613.17,4636.25,2026-04-30 14:34:00+00:00,4613.17,SL,-7.04,6.59,-1.0683,14,S100_FVG_LONG
s100_m3_combo,BUY,2026-04-30 15:05:00+00:00,4615.6,4611.56,4625.73,2026-04-30 15:52:00+00:00,4611.56,SL,-4.49,4.04,-1.1114,15,S100_OB_LONG
s100_m3_combo,SELL,2026-05-01 01:22:00+00:00,4616.2,4619.29,4608.5,2026-05-01 01:33:00+00:00,4619.29,SL,-3.54,3.09,-1.1456,1,S100_OB_SHORT
s100_m3_combo,BUY,2026-05-01 03:24:00+00:00,4623.9,4622.27,4627.99,2026-05-01 03:30:00+00:00,4627.99,TP,3.64,1.63,2.2331,3,S100_FVG_LONG
s100_m3_combo,BUY,2026-05-01 03:41:00+00:00,4627.81,4626.27,4631.68,2026-05-01 03:42:00+00:00,4626.27,SL,-1.99,1.54,-1.2922,3,S100_FVG_LONG
s100_m3_combo,SELL,2026-05-01 04:59:00+00:00,4609.27,4612.14,4602.08,2026-05-01 05:06:00+00:00,4612.14,SL,-3.32,2.87,-1.1568,4,S100_RSI3_MOMO_SHORT
s100_m3_combo,SELL,2026-05-01 05:07:00+00:00,4612.85,4614.38,4609.02,2026-05-01 05:09:00+00:00,4614.38,SL,-1.98,1.53,-1.2941,5,S100_OB_SHORT
s100_m3_combo,SELL,2026-05-01 06:00:00+00:00,4605.84,4610.91,4593.15,2026-05-01 06:30:00+00:00,4593.15,TP,12.24,5.07,2.4142,6,S100_FVG_SHORT
s100_m3_combo,SELL,2026-05-01 06:33:00+00:00,4593.94,4597.37,4585.36,2026-05-01 06:36:00+00:00,4597.37,SL,-3.88,3.43,-1.1312,6,S100_FVG_SHORT
s100_m3_combo,SELL,2026-05-01 07:28:00+00:00,4591.54,4596.24,4579.78,2026-05-01 07:55:00+00:00,4579.78,TP,11.31,4.7,2.4064,7,S100_FVG_SHORT
s100_m3_combo,SELL,2026-05-01 08:00:00+00:00,4578.77,4581.8,4571.18,2026-05-01 08:01:00+00:00,4581.8,SL,-3.48,3.03,-1.1485,8,S100_FVG_SHORT
s100_m3_combo,SELL,2026-05-01 08:56:00+00:00,4569.23,4572.09,4562.08,2026-05-01 09:34:00+00:00,4572.09,SL,-3.31,2.86,-1.1573,8,S100_OB_SHORT
s100_m3_combo,BUY,2026-05-01 14:11:00+00:00,4641.48,4632.37,4664.25,2026-05-01 14:41:00+00:00,4632.37,SL,-9.56,9.11,-1.0494,14,S100_RSI3_MOMO_LONG
s100_m3_combo,BUY,2026-05-01 15:23:00+00:00,4635.49,4626.95,4656.87,2026-05-01 16:35:00+00:00,4634.99,TIME,-0.95,8.54,-0.1112,15,S100_FVG_LONG
s100_m3_combo,SELL,2026-05-04 01:17:00+00:00,4603.39,4606.08,4596.66,2026-05-04 01:26:00+00:00,4596.66,TP,6.28,2.69,2.3346,1,S100_FVG_SHORT
s100_m3_combo,SELL,2026-05-04 01:34:00+00:00,4598.05,4599.87,4593.49,2026-05-04 01:37:00+00:00,4599.87,SL,-2.27,1.82,-1.2473,1,S100_OB_SHORT
s100_m3_combo,SELL,2026-05-04 02:13:00+00:00,4609.24,4612.02,4602.3,2026-05-04 02:21:00+00:00,4602.3,TP,6.49,2.78,2.3345,2,S100_FVG_SHORT
s100_m3_combo,SELL,2026-05-04 02:33:00+00:00,4594.54,4597.37,4587.46,2026-05-04 02:36:00+00:00,4597.37,SL,-3.28,2.83,-1.159,2,S100_FVG_SHORT
s100_m3_combo,SELL,2026-05-04 03:44:00+00:00,4604.6,4606.73,4599.29,2026-05-04 03:45:00+00:00,4606.73,SL,-2.58,2.13,-1.2113,3,S100_FVG_SHORT
s100_m3_combo,SELL,2026-05-04 04:17:00+00:00,4612.65,4616.13,4603.92,2026-05-04 05:02:00+00:00,4603.92,TP,8.28,3.48,2.3793,4,S100_OB_SHORT
s100_m3_combo,SELL,2026-05-04 06:09:00+00:00,4596.38,4599.89,4587.6,2026-05-04 06:33:00+00:00,4587.6,TP,8.33,3.51,2.3732,6,S100_FVG_SHORT
s100_m3_combo,SELL,2026-05-04 06:49:00+00:00,4589.79,4595.12,4576.46,2026-05-04 08:01:00+00:00,4580.34,TIME,9.0,5.33,1.6886,6,S100_OB_SHORT
s100_m3_combo,SELL,2026-05-04 13:04:00+00:00,4569.03,4574.6,4555.1,2026-05-04 13:10:00+00:00,4574.6,SL,-6.02,5.57,-1.0808,13,S100_OB_SHORT
s100_m3_combo,SELL,2026-05-04 13:32:00+00:00,4566.1,4567.8,4561.83,2026-05-04 13:33:00+00:00,4567.8,SL,-2.15,1.7,-1.2647,13,S100_OB_SHORT
s100_m3_combo,SELL,2026-05-04 13:53:00+00:00,4560.0,4566.39,4544.02,2026-05-04 14:16:00+00:00,4566.39,SL,-6.84,6.39,-1.0704,13,S100_RSI3_MOMO_SHORT
s100_m3_combo,SELL,2026-05-04 14:53:00+00:00,4568.12,4574.73,4551.6,2026-05-04 15:13:00+00:00,4551.6,TP,16.07,6.61,2.4312,14,S100_RSI3_MOMO_SHORT
s100_m3_combo,SELL,2026-05-04 15:27:00+00:00,4529.14,4533.86,4517.33,2026-05-04 15:28:00+00:00,4533.86,SL,-5.17,4.72,-1.0953,15,S100_FVG_SHORT
s100_m3_combo,BUY,2026-05-05 01:18:00+00:00,4538.14,4535.33,4545.14,2026-05-05 01:27:00+00:00,4535.33,SL,-3.26,2.81,-1.1601,1,S100_FVG_LONG
s100_m3_combo,BUY,2026-05-05 02:34:00+00:00,4541.15,4539.47,4545.37,2026-05-05 02:43:00+00:00,4545.37,TP,3.77,1.68,2.244,2,S100_FVG_LONG
s100_m3_combo,BUY,2026-05-05 02:46:00+00:00,4543.05,4541.04,4548.05,2026-05-05 02:55:00+00:00,4541.04,SL,-2.46,2.01,-1.2239,2,S100_OB_LONG
s100_m3_combo,BUY,2026-05-05 05:12:00+00:00,4541.49,4536.54,4553.88,2026-05-05 05:18:00+00:00,4536.54,SL,-5.4,4.95,-1.0909,5,S100_FVG_LONG
s100_m3_combo,BUY,2026-05-05 05:43:00+00:00,4547.1,4541.81,4560.3,2026-05-05 06:06:00+00:00,4541.81,SL,-5.74,5.29,-1.0851,5,S100_FVG_LONG
s100_m3_combo,BUY,2026-05-05 06:50:00+00:00,4548.85,4545.24,4557.88,2026-05-05 07:36:00+00:00,4557.88,TP,8.58,3.61,2.3767,6,S100_RSI3_MOMO_LONG
s100_m3_combo,BUY,2026-05-05 07:45:00+00:00,4550.91,4548.42,4557.14,2026-05-05 07:46:00+00:00,4548.42,SL,-2.94,2.49,-1.1807,7,S100_OB_LONG
s100_m3_combo,BUY,2026-05-05 08:09:00+00:00,4547.34,4542.96,4558.29,2026-05-05 08:57:00+00:00,4558.29,TP,10.5,4.38,2.3973,8,S100_OB_LONG
s100_m3_combo,BUY,2026-05-05 13:10:00+00:00,4574.69,4570.09,4586.21,2026-05-05 14:15:00+00:00,4570.09,SL,-5.05,4.6,-1.0978,13,S100_FVG_LONG
s100_m3_combo,BUY,2026-05-05 14:30:00+00:00,4581.68,4576.47,4594.7,2026-05-05 14:47:00+00:00,4576.47,SL,-5.66,5.21,-1.0864,14,S100_FVG_LONG
s100_m3_combo,BUY,2026-05-06 01:01:00+00:00,4615.65,4610.56,4628.38,2026-05-06 01:13:00+00:00,4610.56,SL,-5.54,5.09,-1.0884,1,S100_FVG_LONG
s100_m3_combo,BUY,2026-05-06 01:30:00+00:00,4621.96,4619.04,4629.25,2026-05-06 02:08:00+00:00,4629.25,TP,6.84,2.92,2.3425,1,S100_FVG_LONG
s100_m3_combo,BUY,2026-05-06 02:29:00+00:00,4630.23,4628.32,4635.01,2026-05-06 02:30:00+00:00,4628.32,SL,-2.36,1.91,-1.2356,2,S100_FVG_LONG
s100_m3_combo,BUY,2026-05-06 03:00:00+00:00,4639.48,4637.15,4645.33,2026-05-06 03:07:00+00:00,4645.33,TP,5.4,2.33,2.3176,3,S100_FVG_LONG
s100_m3_combo,BUY,2026-05-06 03:42:00+00:00,4646.76,4644.84,4651.55,2026-05-06 03:48:00+00:00,4644.84,SL,-2.37,1.92,-1.2344,3,S100_FVG_LONG
s100_m3_combo,BUY,2026-05-06 04:14:00+00:00,4647.79,4645.04,4654.66,2026-05-06 05:09:00+00:00,4654.66,TP,6.42,2.75,2.3345,4,S100_RSI3_MOMO_LONG
s100_m3_combo,BUY,2026-05-06 05:14:00+00:00,4654.84,4651.96,4662.04,2026-05-06 05:15:00+00:00,4651.96,SL,-3.33,2.88,-1.1562,5,S100_RSI3_MOMO_LONG
s100_m3_combo,BUY,2026-05-06 05:17:00+00:00,4650.55,4648.19,4656.44,2026-05-06 05:31:00+00:00,4648.19,SL,-2.81,2.36,-1.1907,5,S100_OB_LONG
s100_m3_combo,BUY,2026-05-06 05:49:00+00:00,4649.59,4646.95,4656.2,2026-05-06 05:56:00+00:00,4656.2,TP,6.16,2.64,2.3333,5,S100_FVG_LONG
s100_m3_combo,BUY,2026-05-06 06:05:00+00:00,4657.6,4652.42,4670.54,2026-05-06 07:00:00+00:00,4670.54,TP,12.49,5.18,2.4112,6,S100_FVG_LONG
s100_m3_combo,BUY,2026-05-06 07:11:00+00:00,4664.7,4663.2,4668.45,2026-05-06 07:12:00+00:00,4663.2,SL,-1.95,1.5,-1.3,7,S100_OB_LONG
s100_m3_combo,BUY,2026-05-06 07:31:00+00:00,4665.44,4663.26,4670.91,2026-05-06 07:36:00+00:00,4663.26,SL,-2.63,2.18,-1.2064,7,S100_FVG_LONG
s100_m3_combo,BUY,2026-05-06 13:05:00+00:00,4680.63,4677.4,4688.72,2026-05-06 13:08:00+00:00,4677.4,SL,-3.68,3.23,-1.1393,13,S100_OB_LONG
s100_m3_combo,BUY,2026-05-06 13:18:00+00:00,4682.93,4678.48,4694.03,2026-05-06 13:33:00+00:00,4694.03,TP,10.65,4.45,2.3933,13,S100_FVG_LONG
s100_m3_combo,BUY,2026-05-06 13:56:00+00:00,4703.99,4697.55,4720.11,2026-05-06 15:08:00+00:00,4699.3,TIME,-5.14,6.44,-0.7981,13,S100_RSI3_MOMO_LONG
s100_m3_combo,BUY,2026-05-06 15:24:00+00:00,4698.78,4695.74,4706.37,2026-05-06 15:29:00+00:00,4695.74,SL,-3.49,3.04,-1.148,15,S100_OB_LONG
s100_m3_combo,BUY,2026-05-07 01:54:00+00:00,4717.57,4714.28,4725.82,2026-05-07 01:55:00+00:00,4714.28,SL,-3.74,3.29,-1.1368,1,S100_FVG_LONG
s100_m3_combo,BUY,2026-05-07 04:45:00+00:00,4697.9,4694.94,4705.28,2026-05-07 04:49:00+00:00,4694.94,SL,-3.41,2.96,-1.152,4,S100_FVG_LONG
s100_m3_combo,BUY,2026-05-07 05:06:00+00:00,4698.85,4697.05,4703.36,2026-05-07 05:18:00+00:00,4697.05,SL,-2.25,1.8,-1.25,5,S100_FVG_LONG
s100_m3_combo,SELL,2026-05-07 05:24:00+00:00,4697.46,4699.56,4692.21,2026-05-07 05:30:00+00:00,4699.56,SL,-2.55,2.1,-1.2143,5,S100_FVG_SHORT
s100_m3_combo,BUY,2026-05-07 06:06:00+00:00,4705.35,4703.46,4710.07,2026-05-07 06:12:00+00:00,4710.07,TP,4.27,1.89,2.2593,6,S100_FVG_LONG
s100_m3_combo,BUY,2026-05-07 06:24:00+00:00,4712.17,4710.51,4716.33,2026-05-07 06:29:00+00:00,4716.33,TP,3.71,1.66,2.2349,6,S100_FVG_LONG
s100_m3_combo,BUY,2026-05-07 07:19:00+00:00,4742.44,4735.46,4759.89,2026-05-07 08:25:00+00:00,4735.46,SL,-7.43,6.98,-1.0645,7,S100_FVG_LONG
s100_m3_combo,BUY,2026-05-07 13:36:00+00:00,4751.35,4745.56,4765.83,2026-05-07 13:45:00+00:00,4745.56,SL,-6.24,5.79,-1.0777,13,S100_FVG_LONG
s100_m3_combo,BUY,2026-05-07 14:15:00+00:00,4746.97,4744.75,4752.5,2026-05-07 14:16:00+00:00,4744.75,SL,-2.67,2.22,-1.2027,14,S100_OB_LONG
s100_m3_combo,BUY,2026-05-07 14:50:00+00:00,4758.62,4752.49,4773.94,2026-05-07 15:21:00+00:00,4752.49,SL,-6.58,6.13,-1.0734,14,S100_RSI3_MOMO_LONG
s100_m3_combo,BUY,2026-05-07 15:21:00+00:00,4754.1,4747.36,4770.92,2026-05-07 15:24:00+00:00,4747.36,SL,-7.19,6.74,-1.0668,15,S100_OB_LONG
s100_m3_combo,SELL,2026-05-08 01:45:00+00:00,4712.52,4715.18,4705.86,2026-05-08 01:46:00+00:00,4715.18,SL,-3.11,2.66,-1.1692,1,S100_OB_SHORT
s100_m3_combo,BUY,2026-05-08 02:13:00+00:00,4725.16,4722.07,4732.9,2026-05-08 02:16:00+00:00,4722.07,SL,-3.54,3.09,-1.1456,2,S100_OB_LONG
s100_m3_combo,BUY,2026-05-08 03:08:00+00:00,4719.22,4714.17,4731.83,2026-05-08 04:15:00+00:00,4714.17,SL,-5.5,5.05,-1.0891,3,S100_RSI3_MOMO_LONG
s100_m3_combo,BUY,2026-05-08 05:38:00+00:00,4722.5,4719.49,4730.03,2026-05-08 05:50:00+00:00,4730.03,TP,7.08,3.01,2.3522,5,S100_FVG_LONG
s100_m3_combo,BUY,2026-05-08 05:57:00+00:00,4729.45,4726.41,4737.06,2026-05-08 06:00:00+00:00,4726.41,SL,-3.49,3.04,-1.148,5,S100_OB_LONG
s100_m3_combo,BUY,2026-05-08 06:45:00+00:00,4725.3,4722.04,4733.45,2026-05-08 06:48:00+00:00,4722.04,SL,-3.71,3.26,-1.138,6,S100_OB_LONG
s100_m3_combo,BUY,2026-05-08 07:40:00+00:00,4708.74,4705.65,4716.46,2026-05-08 08:21:00+00:00,4716.46,TP,7.27,3.09,2.3528,7,S100_FVG_LONG
s100_m3_combo,BUY,2026-05-08 13:21:00+00:00,4723.85,4719.54,4734.61,2026-05-08 13:30:00+00:00,4734.61,TP,10.31,4.31,2.3921,13,S100_FVG_LONG
s100_m3_combo,BUY,2026-05-08 14:02:00+00:00,4740.52,4737.16,4748.94,2026-05-08 14:05:00+00:00,4737.16,SL,-3.81,3.36,-1.1339,14,S100_OB_LONG
s100_m3_combo,SELL,2026-05-08 15:37:00+00:00,4714.98,4721.6,4698.45,2026-05-08 16:49:00+00:00,4713.595,TIME,0.935,6.62,0.1412,15,S100_OB_SHORT
s100_m3_combo,SELL,2026-05-11 02:00:00+00:00,4689.08,4690.84,4684.68,2026-05-11 02:01:00+00:00,4690.84,SL,-2.21,1.76,-1.2557,2,S100_OB_SHORT
s100_m3_combo,SELL,2026-05-11 02:46:00+00:00,4692.93,4698.96,4677.85,2026-05-11 02:55:00+00:00,4677.85,TP,14.63,6.03,2.4262,2,S100_OB_SHORT
s100_m3_combo,SELL,2026-05-11 03:04:00+00:00,4684.51,4689.41,4672.24,2026-05-11 03:13:00+00:00,4689.41,SL,-5.35,4.9,-1.0918,3,S100_FVG_SHORT
s100_m3_combo,SELL,2026-05-11 03:59:00+00:00,4679.45,4681.3,4674.82,2026-05-11 04:03:00+00:00,4674.82,TP,4.18,1.85,2.2595,3,S100_FVG_SHORT
s100_m3_combo,SELL,2026-05-11 04:05:00+00:00,4676.32,4679.91,4667.34,2026-05-11 05:17:00+00:00,4673.95,TIME,1.92,3.59,0.5348,4,S100_RSI3_MOMO_SHORT
s100_m3_combo,SELL,2026-05-11 07:53:00+00:00,4669.0,4672.41,4660.49,2026-05-11 08:11:00+00:00,4672.41,SL,-3.86,3.41,-1.132,7,S100_FVG_SHORT
s100_m3_combo,SELL,2026-05-11 08:31:00+00:00,4672.89,4679.11,4657.33,2026-05-11 09:29:00+00:00,4657.33,TP,15.11,6.22,2.4293,8,S100_OB_SHORT
s100_m3_combo,BUY,2026-05-11 14:00:00+00:00,4733.31,4727.13,4748.76,2026-05-11 14:05:00+00:00,4727.13,SL,-6.63,6.18,-1.0728,14,S100_OB_LONG
s100_m3_combo,BUY,2026-05-11 14:57:00+00:00,4725.51,4719.31,4740.99,2026-05-11 16:09:00+00:00,4729.36,TIME,3.4,6.2,0.5484,14,S100_OB_LONG
s100_m3_combo,SELL,2026-05-12 02:24:00+00:00,4729.01,4735.0,4714.03,2026-05-12 03:36:00+00:00,4726.02,TIME,2.54,5.99,0.424,2,S100_OB_SHORT
s100_m3_combo,SELL,2026-05-12 03:52:00+00:00,4722.62,4724.52,4717.89,2026-05-12 04:15:00+00:00,4724.52,SL,-2.35,1.9,-1.2368,3,S100_FVG_SHORT
s100_m3_combo,SELL,2026-05-12 04:57:00+00:00,4716.97,4719.27,4711.21,2026-05-12 05:00:00+00:00,4711.21,TP,5.31,2.3,2.3087,4,S100_FVG_SHORT
s100_m3_combo,SELL,2026-05-12 05:14:00+00:00,4712.52,4717.5,4700.08,2026-05-12 05:30:00+00:00,4717.5,SL,-5.43,4.98,-1.0904,5,S100_FVG_SHORT
s100_m3_combo,SELL,2026-05-12 06:20:00+00:00,4703.6,4708.44,4691.52,2026-05-12 07:03:00+00:00,4691.52,TP,11.63,4.84,2.4029,6,S100_RSI3_MOMO_SHORT
s100_m3_combo,SELL,2026-05-12 13:21:00+00:00,4689.27,4692.87,4680.26,2026-05-12 13:22:00+00:00,4692.87,SL,-4.05,3.6,-1.125,13,S100_FVG_SHORT
s100_m3_combo,SELL,2026-05-12 14:03:00+00:00,4691.68,4694.93,4683.57,2026-05-12 14:13:00+00:00,4694.93,SL,-3.7,3.25,-1.1385,14,S100_OB_SHORT
s100_m3_combo,SELL,2026-05-12 14:55:00+00:00,4677.65,4681.42,4668.21,2026-05-12 15:02:00+00:00,4668.21,TP,8.99,3.77,2.3846,14,S100_FVG_SHORT
s100_m3_combo,SELL,2026-05-12 15:27:00+00:00,4651.65,4659.9,4631.03,2026-05-12 15:30:00+00:00,4659.9,SL,-8.7,8.25,-1.0545,15,S100_FVG_SHORT
s100_m3_combo,SELL,2026-05-13 02:50:00+00:00,4693.39,4696.76,4684.95,2026-05-13 03:26:00+00:00,4696.76,SL,-3.82,3.37,-1.1335,2,S100_RSI3_MOMO_SHORT
s100_m3_combo,SELL,2026-05-13 04:00:00+00:00,4696.44,4698.01,4692.49,2026-05-13 04:02:00+00:00,4698.01,SL,-2.02,1.57,-1.2866,4,S100_FVG_SHORT
s100_m3_combo,BUY,2026-05-13 05:09:00+00:00,4704.89,4701.78,4712.66,2026-05-13 05:18:00+00:00,4701.78,SL,-3.56,3.11,-1.1447,5,S100_FVG_LONG
s100_m3_combo,BUY,2026-05-13 07:49:00+00:00,4701.68,4697.07,4713.18,2026-05-13 08:26:00+00:00,4697.07,SL,-5.06,4.61,-1.0976,7,S100_OB_LONG
s100_m3_combo,SELL,2026-05-13 08:30:00+00:00,4697.53,4699.42,4692.82,2026-05-13 08:35:00+00:00,4699.42,SL,-2.34,1.89,-1.2381,8,S100_FVG_SHORT
s100_m3_combo,SELL,2026-05-13 13:41:00+00:00,4679.68,4685.69,4664.66,2026-05-13 14:31:00+00:00,4685.69,SL,-6.46,6.01,-1.0749,13,S100_FVG_SHORT
s100_m3_combo,BUY,2026-05-14 01:01:00+00:00,4702.33,4699.33,4709.84,2026-05-14 01:03:00+00:00,4699.33,SL,-3.45,3.0,-1.15,1,S100_OB_LONG
s100_m3_combo,SELL,2026-05-14 01:57:00+00:00,4688.14,4694.33,4672.66,2026-05-14 02:25:00+00:00,4694.33,SL,-6.64,6.19,-1.0727,1,S100_FVG_SHORT
s100_m3_combo,BUY,2026-05-14 02:39:00+00:00,4696.05,4693.35,4702.79,2026-05-14 02:40:00+00:00,4693.35,SL,-3.15,2.7,-1.1667,2,S100_FVG_LONG
s100_m3_combo,SELL,2026-05-14 02:54:00+00:00,4687.1,4690.48,4678.63,2026-05-14 03:26:00+00:00,4690.48,SL,-3.83,3.38,-1.1331,2,S100_FVG_SHORT
s100_m3_combo,SELL,2026-05-14 03:36:00+00:00,4686.65,4691.58,4674.33,2026-05-14 03:55:00+00:00,4674.33,TP,11.87,4.93,2.4077,3,S100_FVG_SHORT
s100_m3_combo,SELL,2026-05-14 04:02:00+00:00,4673.73,4677.73,4663.71,2026-05-14 04:05:00+00:00,4677.73,SL,-4.45,4.0,-1.1125,4,S100_RSI3_MOMO_SHORT
s100_m3_combo,BUY,2026-05-14 05:36:00+00:00,4697.98,4694.44,4706.82,2026-05-14 05:58:00+00:00,4694.44,SL,-3.99,3.54,-1.1271,5,S100_FVG_LONG
s100_m3_combo,BUY,2026-05-14 06:38:00+00:00,4692.62,4690.54,4697.82,2026-05-14 06:44:00+00:00,4697.82,TP,4.75,2.08,2.2837,6,S100_OB_LONG
s100_m3_combo,BUY,2026-05-14 06:49:00+00:00,4698.02,4693.81,4708.54,2026-05-14 07:33:00+00:00,4708.54,TP,10.07,4.21,2.3919,6,S100_FVG_LONG
s100_m3_combo,BUY,2026-05-14 07:33:00+00:00,4707.32,4703.04,4718.04,2026-05-14 07:36:00+00:00,4718.04,TP,10.27,4.28,2.3995,7,S100_RSI3_MOMO_LONG
s100_m3_combo,BUY,2026-05-14 07:39:00+00:00,4712.8,4707.02,4727.23,2026-05-14 07:46:00+00:00,4707.02,SL,-6.23,5.78,-1.0779,7,S100_FVG_LONG
s100_m3_combo,BUY,2026-05-14 08:34:00+00:00,4701.64,4697.32,4712.43,2026-05-14 08:43:00+00:00,4697.32,SL,-4.77,4.32,-1.1042,8,S100_OB_LONG
s100_m3_combo,SELL,2026-05-14 14:42:00+00:00,4692.23,4696.99,4680.34,2026-05-14 14:59:00+00:00,4680.34,TP,11.44,4.76,2.4034,14,S100_FVG_SHORT
s100_m3_combo,SELL,2026-05-14 15:49:00+00:00,4683.31,4686.32,4675.77,2026-05-14 15:56:00+00:00,4686.32,SL,-3.46,3.01,-1.1495,15,S100_FVG_SHORT
s100_m3_combo,SELL,2026-05-15 01:16:00+00:00,4618.42,4632.1,4584.22,2026-05-15 02:28:00+00:00,4612.84,TIME,5.13,13.68,0.375,1,S100_OB_SHORT
s100_m3_combo,SELL,2026-05-15 02:33:00+00:00,4612.05,4615.45,4603.54,2026-05-15 02:36:00+00:00,4615.45,SL,-3.85,3.4,-1.1324,2,S100_OB_SHORT
s100_m3_combo,SELL,2026-05-15 03:24:00+00:00,4613.69,4616.31,4607.15,2026-05-15 03:42:00+00:00,4616.31,SL,-3.07,2.62,-1.1718,3,S100_FVG_SHORT
s100_m3_combo,SELL,2026-05-15 03:57:00+00:00,4614.2,4616.31,4608.94,2026-05-15 03:58:00+00:00,4616.31,SL,-2.56,2.11,-1.2133,3,S100_OB_SHORT
s100_m3_combo,SELL,2026-05-15 04:48:00+00:00,4607.8,4611.43,4598.7,2026-05-15 04:50:00+00:00,4611.43,SL,-4.08,3.63,-1.124,4,S100_FVG_SHORT
s100_m3_combo,SELL,2026-05-15 05:15:00+00:00,4594.37,4599.45,4581.67,2026-05-15 05:19:00+00:00,4581.67,TP,12.25,5.08,2.4114,5,S100_FVG_SHORT
s100_m3_combo,SELL,2026-05-15 05:29:00+00:00,4590.07,4593.41,4581.72,2026-05-15 05:30:00+00:00,4581.72,TP,7.9,3.34,2.3653,5,S100_OB_SHORT
s100_m3_combo,SELL,2026-05-15 06:04:00+00:00,4564.98,4574.67,4540.78,2026-05-15 06:16:00+00:00,4574.67,SL,-10.14,9.69,-1.0464,6,S100_OB_SHORT
s100_m3_combo,SELL,2026-05-15 07:09:00+00:00,4575.18,4581.13,4560.31,2026-05-15 07:11:00+00:00,4581.13,SL,-6.4,5.95,-1.0756,7,S100_OB_SHORT
s100_m3_combo,SELL,2026-05-15 07:56:00+00:00,4573.03,4575.84,4566.0,2026-05-15 08:01:00+00:00,4566.0,TP,6.58,2.81,2.3416,7,S100_FVG_SHORT
s100_m3_combo,SELL,2026-05-15 08:06:00+00:00,4566.63,4569.96,4558.3,2026-05-15 08:17:00+00:00,4558.3,TP,7.88,3.33,2.3664,8,S100_FVG_SHORT
s100_m3_combo,SELL,2026-05-15 08:22:00+00:00,4559.48,4565.4,4544.65,2026-05-15 09:15:00+00:00,4544.65,TP,14.38,5.92,2.4291,8,S100_FVG_SHORT
s100_m3_combo,SELL,2026-05-15 13:05:00+00:00,4549.34,4552.65,4541.04,2026-05-15 13:08:00+00:00,4541.04,TP,7.85,3.31,2.3716,13,S100_FVG_SHORT
s100_m3_combo,SELL,2026-05-15 14:17:00+00:00,4552.41,4555.35,4545.07,2026-05-15 14:18:00+00:00,4555.35,SL,-3.39,2.94,-1.1531,14,S100_OB_SHORT
s100_m3_combo,SELL,2026-05-15 14:43:00+00:00,4556.45,4558.6,4551.07,2026-05-15 14:46:00+00:00,4551.07,TP,4.93,2.15,2.293,14,S100_OB_SHORT
s100_m3_combo,SELL,2026-05-15 15:06:00+00:00,4556.94,4562.85,4542.14,2026-05-15 15:39:00+00:00,4542.14,TP,14.35,5.91,2.4281,15,S100_FVG_SHORT
s100_m3_combo,SELL,2026-05-15 15:44:00+00:00,4541.59,4546.18,4530.11,2026-05-15 16:07:00+00:00,4530.11,TP,11.03,4.59,2.4031,15,S100_RSI3_MOMO_SHORT
s100_m3_combo,BUY,2026-05-18 04:42:00+00:00,4540.96,4538.64,4546.77,2026-05-18 04:46:00+00:00,4538.64,SL,-2.77,2.32,-1.194,4,S100_OB_LONG
s100_m3_combo,BUY,2026-05-18 05:26:00+00:00,4549.1,4543.49,4563.14,2026-05-18 05:32:00+00:00,4543.49,SL,-6.06,5.61,-1.0802,5,S100_RSI3_MOMO_LONG
s100_m3_combo,BUY,2026-05-18 05:51:00+00:00,4537.28,4535.55,4541.63,2026-05-18 05:53:00+00:00,4535.55,SL,-2.18,1.73,-1.2601,5,S100_OB_LONG
s100_m3_combo,BUY,2026-05-18 07:04:00+00:00,4543.79,4542.28,4547.55,2026-05-18 07:09:00+00:00,4547.55,TP,3.31,1.51,2.1921,7,S100_OB_LONG
s100_m3_combo,BUY,2026-05-18 07:28:00+00:00,4544.78,4538.28,4561.05,2026-05-18 08:40:00+00:00,4550.64,TIME,5.41,6.5,0.8323,7,S100_OB_LONG
s100_m3_combo,BUY,2026-05-18 08:59:00+00:00,4551.1,4547.41,4560.33,2026-05-18 09:02:00+00:00,4547.41,SL,-4.14,3.69,-1.122,8,S100_OB_LONG
s100_m3_combo,BUY,2026-05-18 13:30:00+00:00,4567.8,4565.74,4572.94,2026-05-18 13:31:00+00:00,4572.94,TP,4.69,2.06,2.2767,13,S100_OB_LONG
s100_m3_combo,BUY,2026-05-18 13:58:00+00:00,4579.65,4575.79,4589.29,2026-05-18 13:59:00+00:00,4575.79,SL,-4.31,3.86,-1.1166,13,S100_FVG_LONG
s100_m3_combo,SELL,2026-05-18 15:08:00+00:00,4538.89,4545.23,4523.03,2026-05-18 15:55:00+00:00,4545.23,SL,-6.79,6.34,-1.071,15,S100_FVG_SHORT
s100_m3_combo,BUY,2026-05-19 02:01:00+00:00,4558.82,4556.53,4564.55,2026-05-19 02:05:00+00:00,4556.53,SL,-2.74,2.29,-1.1965,2,S100_OB_LONG
s100_m3_combo,SELL,2026-05-19 02:53:00+00:00,4550.74,4555.28,4539.41,2026-05-19 04:05:00+00:00,4545.545,TIME,4.745,4.54,1.0452,2,S100_RSI3_MOMO_SHORT
s100_m3_combo,SELL,2026-05-19 04:08:00+00:00,4543.64,4547.07,4535.05,2026-05-19 05:20:00+00:00,4542.06,TIME,1.13,3.43,0.3294,4,S100_RSI3_MOMO_SHORT
s100_m3_combo,SELL,2026-05-19 05:27:00+00:00,4537.3,4542.16,4525.13,2026-05-19 05:40:00+00:00,4542.16,SL,-5.31,4.86,-1.0926,5,S100_FVG_SHORT
s100_m3_combo,SELL,2026-05-19 05:53:00+00:00,4538.73,4541.13,4532.71,2026-05-19 05:54:00+00:00,4541.13,SL,-2.85,2.4,-1.1875,5,S100_OB_SHORT
s100_m3_combo,SELL,2026-05-19 06:54:00+00:00,4546.9,4549.99,4539.19,2026-05-19 07:06:00+00:00,4549.99,SL,-3.54,3.09,-1.1456,6,S100_FVG_SHORT
s100_m3_combo,SELL,2026-05-19 07:41:00+00:00,4542.99,4547.06,4532.83,2026-05-19 07:46:00+00:00,4547.06,SL,-4.52,4.07,-1.1106,7,S100_RSI3_MOMO_SHORT
s100_m3_combo,SELL,2026-05-19 08:18:00+00:00,4548.08,4551.3,4540.03,2026-05-19 08:23:00+00:00,4540.03,TP,7.6,3.22,2.3602,8,S100_FVG_SHORT
s100_m3_combo,SELL,2026-05-19 08:33:00+00:00,4541.81,4545.21,4533.33,2026-05-19 08:45:00+00:00,4545.21,SL,-3.85,3.4,-1.1324,8,S100_FVG_SHORT
s100_m3_combo,SELL,2026-05-19 08:55:00+00:00,4543.46,4547.51,4533.33,2026-05-19 10:07:00+00:00,4541.48,TIME,1.53,4.05,0.3778,8,S100_OB_SHORT
s100_m3_combo,SELL,2026-05-19 13:10:00+00:00,4524.52,4531.5,4507.06,2026-05-19 13:23:00+00:00,4507.06,TP,17.01,6.98,2.437,13,S100_FVG_SHORT
s100_m3_combo,SELL,2026-05-19 13:37:00+00:00,4484.44,4493.16,4462.65,2026-05-19 13:51:00+00:00,4493.16,SL,-9.17,8.72,-1.0516,13,S100_FVG_SHORT
s100_m3_combo,SELL,2026-05-19 14:16:00+00:00,4497.4,4506.44,4474.79,2026-05-19 15:28:00+00:00,4498.375,TIME,-1.425,9.04,-0.1576,14,S100_OB_SHORT
s100_m3_combo,SELL,2026-05-20 01:09:00+00:00,4495.76,4499.59,4486.16,2026-05-20 01:10:00+00:00,4499.59,SL,-4.28,3.83,-1.1175,1,S100_FVG_SHORT
s100_m3_combo,SELL,2026-05-20 01:33:00+00:00,4475.58,4481.64,4460.43,2026-05-20 01:36:00+00:00,4460.43,TP,14.7,6.06,2.4257,1,S100_FVG_SHORT
s100_m3_combo,SELL,2026-05-20 01:49:00+00:00,4473.68,4475.54,4469.04,2026-05-20 01:50:00+00:00,4475.54,SL,-2.31,1.86,-1.2419,1,S100_OB_SHORT
s100_m3_combo,SELL,2026-05-20 02:41:00+00:00,4471.77,4480.79,4449.21,2026-05-20 03:53:00+00:00,4460.19,TIME,11.13,9.02,1.2339,2,S100_FVG_SHORT
s100_m3_combo,SELL,2026-05-20 04:25:00+00:00,4467.28,4469.04,4462.9,2026-05-20 04:27:00+00:00,4462.9,TP,3.93,1.76,2.233,4,S100_FVG_SHORT
s100_m3_combo,SELL,2026-05-20 04:50:00+00:00,4461.57,4464.93,4453.18,2026-05-20 05:00:00+00:00,4464.93,SL,-3.81,3.36,-1.1339,4,S100_OB_SHORT
s100_m3_combo,SELL,2026-05-20 05:51:00+00:00,4467.11,4472.61,4453.38,2026-05-20 05:54:00+00:00,4472.61,SL,-5.95,5.5,-1.0818,5,S100_FVG_SHORT
s100_m3_combo,SELL,2026-05-20 06:32:00+00:00,4468.24,4473.07,4456.18,2026-05-20 06:49:00+00:00,4473.07,SL,-5.28,4.83,-1.0932,6,S100_RSI3_MOMO_SHORT
s100_m3_combo,SELL,2026-05-20 07:24:00+00:00,4479.18,4482.97,4469.69,2026-05-20 07:29:00+00:00,4482.97,SL,-4.24,3.79,-1.1187,7,S100_OB_SHORT
s100_m3_combo,BUY,2026-05-20 08:57:00+00:00,4486.34,4483.16,4494.26,2026-05-20 09:06:00+00:00,4483.16,SL,-3.63,3.18,-1.1415,8,S100_FVG_LONG
s100_m3_combo,BUY,2026-05-20 13:18:00+00:00,4501.06,4498.36,4507.8,2026-05-20 13:20:00+00:00,4498.36,SL,-3.15,2.7,-1.1667,13,S100_OB_LONG
s100_m3_combo,BUY,2026-05-20 14:37:00+00:00,4518.83,4505.13,4553.08,2026-05-20 15:49:00+00:00,4537.235,TIME,17.955,13.7,1.3106,14,S100_FVG_LONG
s100_m3_combo,BUY,2026-05-21 01:29:00+00:00,4567.31,4561.84,4580.97,2026-05-21 01:53:00+00:00,4561.84,SL,-5.92,5.47,-1.0823,1,S100_RSI3_MOMO_LONG
s100_m3_combo,BUY,2026-05-21 01:54:00+00:00,4560.34,4557.77,4566.77,2026-05-21 02:03:00+00:00,4557.77,SL,-3.02,2.57,-1.1751,1,S100_OB_LONG
s100_m3_combo,SELL,2026-05-21 03:30:00+00:00,4536.34,4537.91,4532.41,2026-05-21 03:35:00+00:00,4532.41,TP,3.48,1.57,2.2166,3,S100_FVG_SHORT
s100_m3_combo,SELL,2026-05-21 03:41:00+00:00,4533.95,4535.91,4529.04,2026-05-21 03:43:00+00:00,4535.91,SL,-2.41,1.96,-1.2296,3,S100_FVG_SHORT
s100_m3_combo,SELL,2026-05-21 03:54:00+00:00,4531.2,4533.18,4526.25,2026-05-21 04:05:00+00:00,4533.18,SL,-2.43,1.98,-1.2273,3,S100_FVG_SHORT
s100_m3_combo,SELL,2026-05-21 06:00:00+00:00,4531.05,4533.16,4525.75,2026-05-21 06:01:00+00:00,4533.16,SL,-2.56,2.11,-1.2133,6,S100_OB_SHORT
s100_m3_combo,SELL,2026-05-21 06:59:00+00:00,4521.55,4523.11,4517.65,2026-05-21 07:01:00+00:00,4523.11,SL,-2.01,1.56,-1.2885,6,S100_OB_SHORT
s100_m3_combo,SELL,2026-05-21 08:37:00+00:00,4529.67,4536.76,4511.94,2026-05-21 09:11:00+00:00,4536.76,SL,-7.54,7.09,-1.0635,8,S100_OB_SHORT
s100_m3_combo,SELL,2026-05-21 13:17:00+00:00,4505.35,4509.27,4495.56,2026-05-21 13:25:00+00:00,4495.56,TP,9.34,3.92,2.3827,13,S100_FVG_SHORT
s100_m3_combo,SELL,2026-05-21 14:45:00+00:00,4506.27,4508.99,4499.47,2026-05-21 14:47:00+00:00,4508.99,SL,-3.17,2.72,-1.1654,14,S100_FVG_SHORT
s100_m3_combo,SELL,2026-05-21 15:12:00+00:00,4505.2,4509.81,4493.68,2026-05-21 15:13:00+00:00,4509.81,SL,-5.06,4.61,-1.0976,15,S100_OB_SHORT
s100_m3_combo,SELL,2026-05-21 15:27:00+00:00,4505.2,4508.34,4497.35,2026-05-21 15:33:00+00:00,4508.34,SL,-3.59,3.14,-1.1433,15,S100_FVG_SHORT
s100_m3_combo,SELL,2026-05-22 01:38:00+00:00,4523.23,4528.37,4510.38,2026-05-22 01:46:00+00:00,4528.37,SL,-5.59,5.14,-1.0875,1,S100_RSI3_MOMO_SHORT
s100_m3_combo,SELL,2026-05-22 01:46:00+00:00,4526.91,4529.9,4519.44,2026-05-22 01:50:00+00:00,4529.9,SL,-3.44,2.99,-1.1505,1,S100_FVG_SHORT
s100_m3_combo,SELL,2026-05-22 02:09:00+00:00,4526.31,4528.68,4520.39,2026-05-22 02:13:00+00:00,4528.68,SL,-2.82,2.37,-1.1899,2,S100_OB_SHORT
s100_m3_combo,SELL,2026-05-22 02:36:00+00:00,4522.4,4524.34,4517.55,2026-05-22 02:42:00+00:00,4524.34,SL,-2.39,1.94,-1.232,2,S100_FVG_SHORT
s100_m3_combo,SELL,2026-05-22 02:59:00+00:00,4523.4,4526.55,4515.53,2026-05-22 03:42:00+00:00,4526.55,SL,-3.6,3.15,-1.1429,2,S100_OB_SHORT
s100_m3_combo,SELL,2026-05-22 05:02:00+00:00,4526.06,4528.4,4520.19,2026-05-22 05:21:00+00:00,4528.4,SL,-2.79,2.34,-1.1923,5,S100_RSI3_MOMO_SHORT
s100_m3_combo,SELL,2026-05-22 06:21:00+00:00,4519.58,4522.45,4512.4,2026-05-22 06:23:00+00:00,4522.45,SL,-3.32,2.87,-1.1568,6,S100_FVG_SHORT
s100_m3_combo,SELL,2026-05-22 07:43:00+00:00,4520.43,4522.03,4516.42,2026-05-22 07:54:00+00:00,4522.03,SL,-2.05,1.6,-1.2813,7,S100_FVG_SHORT
s100_m3_combo,SELL,2026-05-22 13:47:00+00:00,4517.07,4522.05,4504.64,2026-05-22 14:01:00+00:00,4504.64,TP,11.98,4.98,2.4056,13,S100_RSI3_MOMO_SHORT
s100_m3_combo,SELL,2026-05-22 14:09:00+00:00,4509.97,4512.83,4502.81,2026-05-22 14:13:00+00:00,4502.81,TP,6.71,2.86,2.3462,14,S100_FVG_SHORT
s100_m3_combo,SELL,2026-05-22 14:32:00+00:00,4500.56,4508.4,4480.98,2026-05-22 15:05:00+00:00,4508.4,SL,-8.29,7.84,-1.0574,14,S100_FVG_SHORT
s100_m3_combo,SELL,2026-05-22 15:56:00+00:00,4520.2,4521.88,4516.01,2026-05-22 15:59:00+00:00,4521.88,SL,-2.13,1.68,-1.2679,15,S100_OB_SHORT
s100_m3_combo,BUY,2026-05-25 01:30:00+00:00,4573.16,4568.46,4584.91,2026-05-25 01:41:00+00:00,4568.46,SL,-5.15,4.7,-1.0957,1,S100_OB_LONG
s100_m3_combo,BUY,2026-05-25 02:12:00+00:00,4565.94,4563.33,4572.49,2026-05-25 02:13:00+00:00,4563.33,SL,-3.06,2.61,-1.1724,2,S100_FVG_LONG
s100_m3_combo,BUY,2026-05-25 04:09:00+00:00,4560.84,4559.28,4564.73,2026-05-25 04:25:00+00:00,4564.73,TP,3.44,1.56,2.2051,4,S100_OB_LONG
s100_m3_combo,BUY,2026-05-25 04:31:00+00:00,4563.65,4562.02,4567.75,2026-05-25 04:33:00+00:00,4562.02,SL,-2.08,1.63,-1.2761,4,S100_FVG_LONG
s100_m3_combo,BUY,2026-05-25 05:02:00+00:00,4565.65,4563.55,4570.88,2026-05-25 05:12:00+00:00,4563.55,SL,-2.55,2.1,-1.2143,5,S100_RSI3_MOMO_LONG
s100_m3_combo,BUY,2026-05-25 05:41:00+00:00,4558.9,4555.69,4566.92,2026-05-25 05:44:00+00:00,4555.69,SL,-3.66,3.21,-1.1402,5,S100_FVG_LONG
s100_m3_combo,BUY,2026-05-25 08:03:00+00:00,4563.02,4560.98,4568.14,2026-05-25 08:05:00+00:00,4560.98,SL,-2.49,2.04,-1.2206,8,S100_FVG_LONG
s100_m3_combo,BUY,2026-05-25 13:09:00+00:00,4567.74,4561.95,4582.22,2026-05-25 13:17:00+00:00,4561.95,SL,-6.24,5.79,-1.0777,13,S100_OB_LONG
s100_m3_combo,BUY,2026-05-25 13:38:00+00:00,4563.92,4560.9,4571.47,2026-05-25 13:47:00+00:00,4560.9,SL,-3.47,3.02,-1.149,13,S100_OB_LONG
s100_m3_combo,SELL,2026-05-25 13:51:00+00:00,4562.19,4564.43,4556.61,2026-05-25 13:55:00+00:00,4564.43,SL,-2.69,2.24,-1.2009,13,S100_FVG_SHORT
s100_m3_combo,BUY,2026-05-25 14:09:00+00:00,4568.62,4564.27,4579.52,2026-05-25 15:21:00+00:00,4571.66,TIME,2.59,4.35,0.5954,14,S100_FVG_LONG
s100_m3_combo,SELL,2026-05-26 01:54:00+00:00,4535.64,4538.36,4528.85,2026-05-26 02:06:00+00:00,4538.36,SL,-3.17,2.72,-1.1654,1,S100_FVG_SHORT
s100_m3_combo,SELL,2026-05-26 02:50:00+00:00,4532.12,4534.47,4526.24,2026-05-26 02:56:00+00:00,4534.47,SL,-2.8,2.35,-1.1915,2,S100_RSI3_MOMO_SHORT
s100_m3_combo,SELL,2026-05-26 02:56:00+00:00,4534.15,4537.15,4526.66,2026-05-26 03:12:00+00:00,4537.15,SL,-3.45,3.0,-1.15,2,S100_FVG_SHORT
s100_m3_combo,SELL,2026-05-26 04:14:00+00:00,4537.34,4539.36,4532.27,2026-05-26 04:17:00+00:00,4539.36,SL,-2.47,2.02,-1.2228,4,S100_RSI3_MOMO_SHORT
s100_m3_combo,SELL,2026-05-26 04:35:00+00:00,4530.41,4532.73,4524.61,2026-05-26 04:58:00+00:00,4524.61,TP,5.35,2.32,2.306,4,S100_RSI3_MOMO_SHORT
s100_m3_combo,SELL,2026-05-26 06:35:00+00:00,4531.47,4533.59,4526.17,2026-05-26 06:37:00+00:00,4533.59,SL,-2.57,2.12,-1.2123,6,S100_FVG_SHORT
s100_m3_combo,SELL,2026-05-26 07:27:00+00:00,4531.23,4533.74,4524.94,2026-05-26 07:32:00+00:00,4524.94,TP,5.84,2.51,2.3267,7,S100_OB_SHORT
s100_m3_combo,SELL,2026-05-26 07:43:00+00:00,4526.47,4529.71,4518.36,2026-05-26 07:46:00+00:00,4529.71,SL,-3.69,3.24,-1.1389,7,S100_FVG_SHORT
s100_m3_combo,SELL,2026-05-26 08:42:00+00:00,4524.98,4527.94,4517.59,2026-05-26 09:32:00+00:00,4517.59,TP,6.94,2.96,2.3446,8,S100_FVG_SHORT
s100_m3_combo,SELL,2026-05-26 14:04:00+00:00,4517.95,4520.67,4511.16,2026-05-26 14:12:00+00:00,4511.16,TP,6.34,2.72,2.3309,14,S100_FVG_SHORT
s100_m3_combo,SELL,2026-05-26 14:17:00+00:00,4509.55,4514.89,4496.2,2026-05-26 14:22:00+00:00,4514.89,SL,-5.79,5.34,-1.0843,14,S100_RSI3_MOMO_SHORT
s100_m3_combo,SELL,2026-05-26 14:22:00+00:00,4513.9,4517.7,4504.41,2026-05-26 14:25:00+00:00,4517.7,SL,-4.25,3.8,-1.1184,14,S100_FVG_SHORT
s100_m3_combo,SELL,2026-05-26 15:52:00+00:00,4509.81,4514.05,4499.18,2026-05-26 17:04:00+00:00,4505.82,TIME,3.54,4.24,0.8349,15,S100_OB_SHORT
s100_m3_combo,SELL,2026-05-27 02:11:00+00:00,4502.65,4505.71,4495.02,2026-05-27 02:29:00+00:00,4505.71,SL,-3.51,3.06,-1.1471,2,S100_RSI3_MOMO_SHORT
s100_m3_combo,SELL,2026-05-27 02:50:00+00:00,4502.51,4505.12,4495.97,2026-05-27 02:54:00+00:00,4505.12,SL,-3.06,2.61,-1.1724,2,S100_FVG_SHORT
s100_m3_combo,SELL,2026-05-27 03:41:00+00:00,4504.13,4505.94,4499.61,2026-05-27 03:56:00+00:00,4499.61,TP,4.07,1.81,2.2486,3,S100_FVG_SHORT
s100_m3_combo,SELL,2026-05-27 04:02:00+00:00,4500.1,4502.61,4493.85,2026-05-27 04:08:00+00:00,4502.61,SL,-2.96,2.51,-1.1793,4,S100_FVG_SHORT
s100_m3_combo,SELL,2026-05-27 04:33:00+00:00,4500.52,4502.07,4496.64,2026-05-27 04:39:00+00:00,4502.07,SL,-2.0,1.55,-1.2903,4,S100_FVG_SHORT
s100_m3_combo,SELL,2026-05-27 05:21:00+00:00,4506.44,4509.58,4498.61,2026-05-27 05:32:00+00:00,4498.61,TP,7.38,3.14,2.3503,5,S100_FVG_SHORT
s100_m3_combo,SELL,2026-05-27 05:49:00+00:00,4495.85,4501.07,4482.82,2026-05-27 05:51:00+00:00,4501.07,SL,-5.67,5.22,-1.0862,5,S100_OB_SHORT
s100_m3_combo,SELL,2026-05-27 06:03:00+00:00,4494.04,4500.85,4477.02,2026-05-27 07:15:00+00:00,4481.515,TIME,12.075,6.81,1.7731,6,S100_OB_SHORT
s100_m3_combo,SELL,2026-05-27 07:42:00+00:00,4484.05,4486.65,4477.54,2026-05-27 07:50:00+00:00,4477.54,TP,6.06,2.6,2.3308,7,S100_FVG_SHORT
s100_m3_combo,SELL,2026-05-27 07:54:00+00:00,4480.65,4483.03,4474.69,2026-05-27 08:00:00+00:00,4483.03,SL,-2.83,2.38,-1.1891,7,S100_FVG_SHORT
s100_m3_combo,SELL,2026-05-27 13:17:00+00:00,4421.1,4426.97,4406.43,2026-05-27 13:20:00+00:00,4406.43,TP,14.22,5.87,2.4225,13,S100_FVG_SHORT
s100_m3_combo,SELL,2026-05-27 13:24:00+00:00,4416.81,4420.49,4407.6,2026-05-27 13:27:00+00:00,4407.6,TP,8.76,3.68,2.3804,13,S100_OB_SHORT
s100_m3_combo,SELL,2026-05-27 13:30:00+00:00,4406.38,4416.76,4380.42,2026-05-27 13:32:00+00:00,4416.76,SL,-10.83,10.38,-1.0434,13,S100_OB_SHORT
s100_m3_combo,SELL,2026-05-27 14:54:00+00:00,4439.44,4442.63,4431.46,2026-05-27 15:00:00+00:00,4431.46,TP,7.53,3.19,2.3605,14,S100_FVG_SHORT
s100_m3_combo,SELL,2026-05-27 15:00:00+00:00,4434.11,4439.91,4419.61,2026-05-27 15:31:00+00:00,4439.91,SL,-6.25,5.8,-1.0776,15,S100_RSI3_MOMO_SHORT
s100_m3_combo,SELL,2026-05-28 01:07:00+00:00,4448.21,4452.0,4438.74,2026-05-28 01:13:00+00:00,4438.74,TP,9.02,3.79,2.3799,1,S100_FVG_SHORT
s100_m3_combo,SELL,2026-05-28 01:30:00+00:00,4420.85,4428.18,4402.51,2026-05-28 02:12:00+00:00,4402.51,TP,17.89,7.33,2.4407,1,S100_FVG_SHORT
s100_m3_combo,SELL,2026-05-28 04:36:00+00:00,4373.47,4376.77,4365.21,2026-05-28 05:12:00+00:00,4376.77,SL,-3.75,3.3,-1.1364,4,S100_FVG_SHORT
s100_m3_combo,SELL,2026-05-28 06:05:00+00:00,4385.46,4389.84,4374.51,2026-05-28 06:15:00+00:00,4374.51,TP,10.5,4.38,2.3973,6,S100_RSI3_MOMO_SHORT
s100_m3_combo,SELL,2026-05-28 06:47:00+00:00,4382.67,4384.36,4378.44,2026-05-28 06:48:00+00:00,4384.36,SL,-2.14,1.69,-1.2663,6,S100_OB_SHORT
s100_m3_combo,SELL,2026-05-28 07:58:00+00:00,4386.67,4389.76,4378.94,2026-05-28 08:00:00+00:00,4389.76,SL,-3.54,3.09,-1.1456,7,S100_OB_SHORT
s100_m3_combo,BUY,2026-05-28 13:06:00+00:00,4432.24,4428.54,4441.51,2026-05-28 13:08:00+00:00,4428.54,SL,-4.15,3.7,-1.1216,13,S100_OB_LONG
s100_m3_combo,BUY,2026-05-28 14:02:00+00:00,4425.88,4420.47,4439.39,2026-05-28 14:09:00+00:00,4439.39,TP,13.06,5.41,2.414,14,S100_OB_LONG
s100_m3_combo,BUY,2026-05-28 14:53:00+00:00,4474.47,4463.04,4503.03,2026-05-28 14:57:00+00:00,4463.04,SL,-11.88,11.43,-1.0394,14,S100_RSI3_MOMO_LONG
s100_m3_combo,BUY,2026-05-28 14:57:00+00:00,4463.85,4457.96,4478.57,2026-05-28 15:06:00+00:00,4478.57,TP,14.27,5.89,2.4228,14,S100_FVG_LONG
s100_m3_combo,BUY,2026-05-28 15:39:00+00:00,4479.4,4475.67,4488.73,2026-05-28 16:16:00+00:00,4488.73,TP,8.88,3.73,2.3807,15,S100_OB_LONG
s100_m3_combo,BUY,2026-05-29 02:05:00+00:00,4509.47,4505.63,4519.07,2026-05-29 02:08:00+00:00,4505.63,SL,-4.29,3.84,-1.1172,2,S100_RSI3_MOMO_LONG
s100_m3_combo,BUY,2026-05-29 02:27:00+00:00,4502.78,4501.27,4506.58,2026-05-29 02:30:00+00:00,4501.27,SL,-1.96,1.51,-1.298,2,S100_OB_LONG
s100_m3_combo,BUY,2026-05-29 03:50:00+00:00,4500.35,4498.02,4506.18,2026-05-29 03:52:00+00:00,4498.02,SL,-2.78,2.33,-1.1931,3,S100_RSI3_MOMO_LONG
s100_m3_combo,BUY,2026-05-29 04:27:00+00:00,4509.58,4505.49,4519.81,2026-05-29 05:38:00+00:00,4505.49,SL,-4.54,4.09,-1.11,4,S100_FVG_LONG
s100_m3_combo,BUY,2026-05-29 05:57:00+00:00,4511.48,4506.66,4523.52,2026-05-29 06:55:00+00:00,4523.52,TP,11.59,4.82,2.4046,5,S100_FVG_LONG
s100_m3_combo,BUY,2026-05-29 07:02:00+00:00,4520.99,4518.49,4527.24,2026-05-29 07:06:00+00:00,4518.49,SL,-2.95,2.5,-1.18,7,S100_FVG_LONG
s100_m3_combo,BUY,2026-05-29 08:02:00+00:00,4520.33,4516.88,4528.96,2026-05-29 08:07:00+00:00,4516.88,SL,-3.9,3.45,-1.1304,8,S100_FVG_LONG
s100_m3_combo,BUY,2026-05-29 13:26:00+00:00,4527.8,4523.47,4538.61,2026-05-29 13:35:00+00:00,4523.47,SL,-4.78,4.33,-1.1039,13,S100_RSI3_MOMO_LONG
s100_m3_combo,BUY,2026-05-29 13:35:00+00:00,4524.18,4522.05,4529.48,2026-05-29 13:38:00+00:00,4529.48,TP,4.85,2.13,2.277,13,S100_OB_LONG
s100_m3_combo,BUY,2026-05-29 14:00:00+00:00,4535.26,4532.21,4542.88,2026-05-29 14:01:00+00:00,4542.88,TP,7.17,3.05,2.3508,14,S100_OB_LONG
s100_m3_combo,BUY,2026-05-29 14:19:00+00:00,4539.57,4535.48,4549.8,2026-05-29 14:22:00+00:00,4535.48,SL,-4.54,4.09,-1.11,14,S100_OB_LONG
s100_m3_combo,BUY,2026-05-29 15:20:00+00:00,4585.97,4580.24,4600.27,2026-05-29 15:27:00+00:00,4580.24,SL,-6.18,5.73,-1.0785,15,S100_FVG_LONG
s100_m3_combo,SELL,2026-06-01 01:12:00+00:00,4530.14,4532.77,4523.54,2026-06-01 01:13:00+00:00,4532.77,SL,-3.08,2.63,-1.1711,1,S100_FVG_SHORT
s100_m3_combo,SELL,2026-06-01 01:59:00+00:00,4528.14,4530.14,4523.14,2026-06-01 02:07:00+00:00,4530.14,SL,-2.45,2.0,-1.225,1,S100_OB_SHORT
s100_m3_combo,SELL,2026-06-01 02:56:00+00:00,4522.3,4525.3,4514.78,2026-06-01 03:03:00+00:00,4525.3,SL,-3.45,3.0,-1.15,2,S100_RSI3_MOMO_SHORT
s100_m3_combo,SELL,2026-06-01 03:03:00+00:00,4525.49,4528.62,4517.67,2026-06-01 03:09:00+00:00,4517.67,TP,7.37,3.13,2.3546,3,S100_FVG_SHORT
s100_m3_combo,SELL,2026-06-01 03:11:00+00:00,4517.74,4521.25,4508.98,2026-06-01 03:29:00+00:00,4521.25,SL,-3.96,3.51,-1.1282,3,S100_RSI3_MOMO_SHORT
s100_m3_combo,SELL,2026-06-01 03:30:00+00:00,4521.6,4524.19,4515.15,2026-06-01 03:32:00+00:00,4524.19,SL,-3.04,2.59,-1.1737,3,S100_OB_SHORT
s100_m3_combo,SELL,2026-06-01 03:48:00+00:00,4512.27,4514.94,4505.59,2026-06-01 03:58:00+00:00,4514.94,SL,-3.12,2.67,-1.1685,3,S100_FVG_SHORT
s100_m3_combo,SELL,2026-06-01 04:17:00+00:00,4516.61,4519.92,4508.36,2026-06-01 05:17:00+00:00,4519.92,SL,-3.76,3.31,-1.136,4,S100_OB_SHORT
s100_m3_combo,SELL,2026-06-01 05:36:00+00:00,4516.69,4521.19,4505.45,2026-06-01 05:39:00+00:00,4521.19,SL,-4.95,4.5,-1.1,5,S100_FVG_SHORT
s100_m3_combo,SELL,2026-06-01 06:03:00+00:00,4518.48,4522.06,4509.52,2026-06-01 06:20:00+00:00,4509.52,TP,8.51,3.58,2.3771,6,S100_FVG_SHORT
s100_m3_combo,SELL,2026-06-01 06:28:00+00:00,4513.41,4514.99,4509.47,2026-06-01 06:30:00+00:00,4514.99,SL,-2.03,1.58,-1.2848,6,S100_OB_SHORT
s100_m3_combo,SELL,2026-06-01 06:40:00+00:00,4505.94,4511.69,4491.55,2026-06-01 07:52:00+00:00,4493.48,TIME,12.01,5.75,2.0887,6,S100_FVG_SHORT
s100_m3_combo,SELL,2026-06-01 07:55:00+00:00,4496.8,4498.7,4492.04,2026-06-01 07:57:00+00:00,4498.7,SL,-2.35,1.9,-1.2368,7,S100_FVG_SHORT
s100_m3_combo,SELL,2026-06-01 08:23:00+00:00,4492.22,4496.96,4480.37,2026-06-01 08:42:00+00:00,4496.96,SL,-5.19,4.74,-1.0949,8,S100_RSI3_MOMO_SHORT
s100_m3_combo,SELL,2026-06-01 13:00:00+00:00,4503.29,4506.22,4495.97,2026-06-01 13:03:00+00:00,4495.97,TP,6.87,2.93,2.3447,13,S100_FVG_SHORT
s100_m3_combo,SELL,2026-06-01 13:17:00+00:00,4488.37,4497.76,4464.9,2026-06-01 13:24:00+00:00,4464.9,TP,23.02,9.39,2.4515,13,S100_FVG_SHORT
s100_m3_combo,SELL,2026-06-01 13:36:00+00:00,4471.15,4479.12,4451.23,2026-06-01 13:55:00+00:00,4451.23,TP,19.47,7.97,2.4429,13,S100_FVG_SHORT
s100_m3_combo,SELL,2026-06-01 14:08:00+00:00,4455.87,4464.96,4433.15,2026-06-01 15:08:00+00:00,4464.96,SL,-9.54,9.09,-1.0495,14,S100_FVG_SHORT
s100_m3_combo,BUY,2026-06-02 01:16:00+00:00,4482.52,4479.84,4489.23,2026-06-02 01:27:00+00:00,4489.23,TP,6.26,2.68,2.3358,1,S100_OB_LONG
s100_m3_combo,SELL,2026-06-02 01:54:00+00:00,4470.84,4474.52,4461.63,2026-06-02 01:55:00+00:00,4474.52,SL,-4.13,3.68,-1.1223,1,S100_FVG_SHORT
s100_m3_combo,BUY,2026-06-02 03:08:00+00:00,4488.55,4484.55,4498.53,2026-06-02 03:31:00+00:00,4498.53,TP,9.53,4.0,2.3825,3,S100_RSI3_MOMO_LONG
s100_m3_combo,BUY,2026-06-02 03:34:00+00:00,4494.51,4491.54,4501.94,2026-06-02 04:06:00+00:00,4501.94,TP,6.98,2.97,2.3502,3,S100_FVG_LONG
s100_m3_combo,BUY,2026-06-02 04:06:00+00:00,4500.51,4497.24,4508.67,2026-06-02 04:18:00+00:00,4508.67,TP,7.71,3.27,2.3578,4,S100_RSI3_MOMO_LONG
s100_m3_combo,BUY,2026-06-02 05:14:00+00:00,4518.73,4515.75,4526.2,2026-06-02 05:32:00+00:00,4526.2,TP,7.02,2.98,2.3557,5,S100_RSI3_MOMO_LONG
s100_m3_combo,BUY,2026-06-02 06:06:00+00:00,4520.77,4516.1,4532.45,2026-06-02 06:28:00+00:00,4532.45,TP,11.23,4.67,2.4047,6,S100_OB_LONG
s100_m3_combo,BUY,2026-06-02 07:03:00+00:00,4533.8,4531.84,4538.69,2026-06-02 07:10:00+00:00,4538.69,TP,4.44,1.96,2.2653,7,S100_OB_LONG
s100_m3_combo,BUY,2026-06-02 07:25:00+00:00,4535.94,4533.46,4542.16,2026-06-02 07:28:00+00:00,4533.46,SL,-2.93,2.48,-1.1815,7,S100_OB_LONG
s100_m3_combo,BUY,2026-06-02 08:17:00+00:00,4532.47,4530.91,4536.37,2026-06-02 08:23:00+00:00,4530.91,SL,-2.01,1.56,-1.2885,8,S100_FVG_LONG
s100_m3_combo,SELL,2026-06-02 14:02:00+00:00,4505.84,4509.05,4497.8,2026-06-02 14:16:00+00:00,4497.8,TP,7.59,3.21,2.3645,14,S100_FVG_SHORT
s100_m3_combo,SELL,2026-06-02 15:46:00+00:00,4503.62,4506.86,4495.51,2026-06-02 15:48:00+00:00,4506.86,SL,-3.69,3.24,-1.1389,15,S100_FVG_SHORT
s100_m3_combo,SELL,2026-06-03 01:30:00+00:00,4471.41,4473.85,4465.34,2026-06-03 01:40:00+00:00,4465.34,TP,5.62,2.44,2.3033,1,S100_OB_SHORT
s100_m3_combo,SELL,2026-06-03 02:53:00+00:00,4477.24,4479.85,4470.73,2026-06-03 02:54:00+00:00,4479.85,SL,-3.06,2.61,-1.1724,2,S100_FVG_SHORT
s100_m3_combo,SELL,2026-06-03 04:50:00+00:00,4471.39,4473.87,4465.19,2026-06-03 05:15:00+00:00,4473.87,SL,-2.93,2.48,-1.1815,4,S100_RSI3_MOMO_SHORT
s100_m3_combo,SELL,2026-06-03 05:30:00+00:00,4468.94,4471.93,4461.46,2026-06-03 05:31:00+00:00,4461.46,TP,7.03,2.99,2.3512,5,S100_FVG_SHORT
s100_m3_combo,SELL,2026-06-03 06:02:00+00:00,4465.4,4467.45,4460.25,2026-06-03 06:03:00+00:00,4467.45,SL,-2.5,2.05,-1.2195,6,S100_OB_SHORT
s100_m3_combo,SELL,2026-06-03 06:27:00+00:00,4461.42,4468.39,4443.99,2026-06-03 07:09:00+00:00,4468.39,SL,-7.42,6.97,-1.0646,6,S100_FVG_SHORT
s100_m3_combo,SELL,2026-06-03 07:34:00+00:00,4460.47,4462.9,4454.38,2026-06-03 07:35:00+00:00,4462.9,SL,-2.88,2.43,-1.1852,7,S100_FVG_SHORT
s100_m3_combo,SELL,2026-06-03 08:04:00+00:00,4457.36,4461.17,4447.86,2026-06-03 08:51:00+00:00,4447.86,TP,9.05,3.81,2.3753,8,S100_FVG_SHORT
s100_m3_combo,SELL,2026-06-03 13:21:00+00:00,4458.11,4463.37,4444.95,2026-06-03 13:41:00+00:00,4444.95,TP,12.71,5.26,2.4163,13,S100_FVG_SHORT
s100_m3_combo,SELL,2026-06-03 13:55:00+00:00,4448.11,4451.68,4439.2,2026-06-03 14:00:00+00:00,4451.68,SL,-4.02,3.57,-1.1261,13,S100_OB_SHORT
s100_m3_combo,SELL,2026-06-03 15:10:00+00:00,4451.59,4456.58,4439.1,2026-06-03 15:37:00+00:00,4439.1,TP,12.04,4.99,2.4128,15,S100_FVG_SHORT
s100_m3_combo,SELL,2026-06-03 15:42:00+00:00,4441.09,4446.09,4428.6,2026-06-03 16:54:00+00:00,4438.18,TIME,2.46,5.0,0.492,15,S100_OB_SHORT
s100_m3_combo,BUY,2026-06-04 01:15:00+00:00,4464.07,4455.98,4484.31,2026-06-04 02:10:00+00:00,4455.98,SL,-8.54,8.09,-1.0556,1,S100_FVG_LONG
s100_m3_combo,BUY,2026-06-04 03:57:00+00:00,4462.53,4460.61,4467.35,2026-06-04 04:12:00+00:00,4467.35,TP,4.37,1.92,2.276,3,S100_FVG_LONG
s100_m3_combo,BUY,2026-06-04 04:18:00+00:00,4470.63,4466.58,4480.76,2026-06-04 04:34:00+00:00,4480.76,TP,9.68,4.05,2.3901,4,S100_FVG_LONG
s100_m3_combo,BUY,2026-06-04 05:03:00+00:00,4478.32,4475.11,4486.34,2026-06-04 05:08:00+00:00,4475.11,SL,-3.66,3.21,-1.1402,5,S100_FVG_LONG
s100_m3_combo,BUY,2026-06-04 06:06:00+00:00,4472.97,4469.98,4480.42,2026-06-04 06:17:00+00:00,4469.98,SL,-3.44,2.99,-1.1505,6,S100_FVG_LONG
s100_m3_combo,BUY,2026-06-04 06:32:00+00:00,4470.15,4467.78,4476.08,2026-06-04 06:35:00+00:00,4476.08,TP,5.48,2.37,2.3122,6,S100_OB_LONG
s100_m3_combo,BUY,2026-06-04 06:37:00+00:00,4472.23,4469.6,4478.78,2026-06-04 06:44:00+00:00,4469.6,SL,-3.08,2.63,-1.1711,6,S100_OB_LONG
s100_m3_combo,BUY,2026-06-04 08:11:00+00:00,4464.11,4461.97,4469.47,2026-06-04 08:14:00+00:00,4461.97,SL,-2.59,2.14,-1.2103,8,S100_FVG_LONG
s100_m3_combo,BUY,2026-06-04 13:21:00+00:00,4506.49,4503.27,4514.54,2026-06-04 13:26:00+00:00,4503.27,SL,-3.67,3.22,-1.1398,13,S100_FVG_LONG
s100_m3_combo,BUY,2026-06-04 13:48:00+00:00,4509.14,4506.77,4515.06,2026-06-04 13:52:00+00:00,4506.77,SL,-2.82,2.37,-1.1899,13,S100_OB_LONG
s100_m3_combo,SELL,2026-06-05 01:47:00+00:00,4449.48,4453.42,4439.64,2026-06-05 02:25:00+00:00,4453.42,SL,-4.39,3.94,-1.1142,1,S100_FVG_SHORT
s100_m3_combo,SELL,2026-06-05 03:26:00+00:00,4438.73,4441.88,4430.83,2026-06-05 03:31:00+00:00,4441.88,SL,-3.6,3.15,-1.1429,3,S100_FVG_SHORT
s100_m3_combo,SELL,2026-06-05 04:16:00+00:00,4442.66,4445.03,4436.74,2026-06-05 04:55:00+00:00,4445.03,SL,-2.82,2.37,-1.1899,4,S100_OB_SHORT
s100_m3_combo,SELL,2026-06-05 05:24:00+00:00,4444.63,4446.3,4440.46,2026-06-05 05:30:00+00:00,4446.3,SL,-2.12,1.67,-1.2695,5,S100_OB_SHORT
s100_m3_combo,SELL,2026-06-05 06:00:00+00:00,4441.43,4444.92,4432.7,2026-06-05 06:16:00+00:00,4432.7,TP,8.28,3.49,2.3725,6,S100_FVG_SHORT
s100_m3_combo,BUY,2026-06-05 07:37:00+00:00,4461.75,4459.27,4467.96,2026-06-05 08:00:00+00:00,4459.27,SL,-2.93,2.48,-1.1815,7,S100_OB_LONG
s100_m3_combo,SELL,2026-06-05 13:01:00+00:00,4415.75,4422.04,4400.02,2026-06-05 13:30:00+00:00,4400.02,TP,15.28,6.29,2.4293,13,S100_FVG_SHORT
s100_m3_combo,SELL,2026-06-05 13:48:00+00:00,4387.83,4393.36,4374.01,2026-06-05 13:59:00+00:00,4374.01,TP,13.37,5.53,2.4177,13,S100_OB_SHORT
s100_m3_combo,SELL,2026-06-05 14:29:00+00:00,4360.82,4367.22,4344.81,2026-06-05 14:44:00+00:00,4344.81,TP,15.56,6.4,2.4312,14,S100_FVG_SHORT
s100_m3_combo,SELL,2026-06-05 15:19:00+00:00,4356.07,4359.46,4347.59,2026-06-05 15:33:00+00:00,4347.59,TP,8.03,3.39,2.3687,15,S100_FVG_SHORT
s100_m3_combo,SELL,2026-06-05 15:42:00+00:00,4340.4,4346.88,4324.17,2026-06-05 16:34:00+00:00,4324.17,TP,15.78,6.48,2.4352,15,S100_FVG_SHORT
s100_m3_combo,SELL,2026-06-08 01:03:00+00:00,4340.81,4343.61,4333.8,2026-06-08 01:05:00+00:00,4333.8,TP,6.56,2.8,2.3429,1,S100_OB_SHORT
s100_m3_combo,SELL,2026-06-08 01:09:00+00:00,4340.81,4343.67,4333.65,2026-06-08 01:12:00+00:00,4333.65,TP,6.71,2.86,2.3462,1,S100_OB_SHORT
s100_m3_combo,SELL,2026-06-08 01:22:00+00:00,4321.76,4327.85,4306.51,2026-06-08 01:30:00+00:00,4306.51,TP,14.8,6.09,2.4302,1,S100_FVG_SHORT
s100_m3_combo,SELL,2026-06-08 02:14:00+00:00,4316.95,4323.54,4300.47,2026-06-08 03:26:00+00:00,4308.655,TIME,7.845,6.59,1.1904,2,S100_RSI3_MOMO_SHORT
s100_m3_combo,SELL,2026-06-08 04:46:00+00:00,4309.85,4312.58,4303.01,2026-06-08 04:52:00+00:00,4312.58,SL,-3.18,2.73,-1.1648,4,S100_FVG_SHORT
s100_m3_combo,SELL,2026-06-08 06:01:00+00:00,4303.99,4311.12,4286.19,2026-06-08 06:22:00+00:00,4311.12,SL,-7.58,7.13,-1.0631,6,S100_FVG_SHORT
s100_m3_combo,SELL,2026-06-08 07:03:00+00:00,4302.49,4306.63,4292.15,2026-06-08 07:13:00+00:00,4306.63,SL,-4.59,4.14,-1.1087,7,S100_FVG_SHORT
s100_m3_combo,SELL,2026-06-08 07:47:00+00:00,4301.05,4307.04,4286.06,2026-06-08 08:27:00+00:00,4286.06,TP,14.54,5.99,2.4274,7,S100_RSI3_MOMO_SHORT
s100_m3_combo,BUY,2026-06-08 13:35:00+00:00,4332.98,4329.82,4340.87,2026-06-08 13:37:00+00:00,4340.87,TP,7.44,3.16,2.3544,13,S100_OB_LONG
s100_m3_combo,BUY,2026-06-08 13:44:00+00:00,4336.84,4334.49,4342.71,2026-06-08 13:45:00+00:00,4334.49,SL,-2.8,2.35,-1.1915,13,S100_OB_LONG
s100_m3_combo,BUY,2026-06-08 15:04:00+00:00,4330.62,4326.56,4340.79,2026-06-08 15:08:00+00:00,4326.56,SL,-4.51,4.06,-1.1108,15,S100_FVG_LONG
s100_m3_combo,BUY,2026-06-09 02:35:00+00:00,4334.64,4331.67,4342.04,2026-06-09 02:36:00+00:00,4331.67,SL,-3.42,2.97,-1.1515,2,S100_OB_LONG
s100_m3_combo,BUY,2026-06-09 02:48:00+00:00,4338.72,4335.11,4347.72,2026-06-09 02:51:00+00:00,4335.11,SL,-4.06,3.61,-1.1247,2,S100_FVG_LONG
s100_m3_combo,BUY,2026-06-09 03:51:00+00:00,4337.7,4335.63,4342.88,2026-06-09 03:58:00+00:00,4335.63,SL,-2.52,2.07,-1.2174,3,S100_FVG_LONG
s100_m3_combo,BUY,2026-06-09 05:07:00+00:00,4334.74,4332.55,4340.24,2026-06-09 05:10:00+00:00,4332.55,SL,-2.64,2.19,-1.2055,5,S100_FVG_LONG
s100_m3_combo,BUY,2026-06-09 05:45:00+00:00,4345.96,4342.27,4355.18,2026-06-09 05:55:00+00:00,4342.27,SL,-4.14,3.69,-1.122,5,S100_FVG_LONG
s100_m3_combo,BUY,2026-06-09 06:04:00+00:00,4344.31,4342.38,4349.14,2026-06-09 06:11:00+00:00,4342.38,SL,-2.38,1.93,-1.2332,6,S100_OB_LONG
s100_m3_combo,BUY,2026-06-09 06:26:00+00:00,4343.07,4341.28,4347.56,2026-06-09 06:28:00+00:00,4341.28,SL,-2.24,1.79,-1.2514,6,S100_OB_LONG
s100_m3_combo,SELL,2026-06-09 07:41:00+00:00,4327.65,4330.02,4321.74,2026-06-09 07:45:00+00:00,4330.02,SL,-2.82,2.37,-1.1899,7,S100_FVG_SHORT
s100_m3_combo,SELL,2026-06-09 08:57:00+00:00,4330.67,4334.68,4320.65,2026-06-09 09:22:00+00:00,4334.68,SL,-4.46,4.01,-1.1122,8,S100_FVG_SHORT
s100_m3_combo,BUY,2026-06-09 13:55:00+00:00,4332.03,4324.62,4350.54,2026-06-09 14:13:00+00:00,4324.62,SL,-7.86,7.41,-1.0607,13,S100_OB_LONG
s100_m3_combo,SELL,2026-06-09 14:21:00+00:00,4313.15,4321.72,4291.72,2026-06-09 14:25:00+00:00,4321.72,SL,-9.02,8.57,-1.0525,14,S100_FVG_SHORT
s100_m3_combo,SELL,2026-06-09 14:51:00+00:00,4290.18,4304.68,4253.93,2026-06-09 16:03:00+00:00,4275.41,TIME,14.32,14.5,0.9876,14,S100_FVG_SHORT
s100_m3_combo,SELL,2026-06-10 01:12:00+00:00,4203.89,4212.32,4182.81,2026-06-10 01:17:00+00:00,4212.32,SL,-8.88,8.43,-1.0534,1,S100_FVG_SHORT
s100_m3_combo,SELL,2026-06-10 01:28:00+00:00,4203.41,4217.83,4167.37,2026-06-10 02:40:00+00:00,4186.13,TIME,16.83,14.42,1.1671,1,S100_OB_SHORT
s100_m3_combo,SELL,2026-06-10 02:59:00+00:00,4173.98,4181.34,4155.58,2026-06-10 03:38:00+00:00,4181.34,SL,-7.81,7.36,-1.0611,2,S100_RSI3_MOMO_SHORT
s100_m3_combo,SELL,2026-06-10 04:34:00+00:00,4175.31,4178.56,4167.17,2026-06-10 05:06:00+00:00,4178.56,SL,-3.7,3.25,-1.1385,4,S100_FVG_SHORT
s100_m3_combo,SELL,2026-06-10 06:53:00+00:00,4203.61,4208.38,4191.68,2026-06-10 07:32:00+00:00,4191.68,TP,11.48,4.77,2.4067,6,S100_RSI3_MOMO_SHORT
s100_m3_combo,SELL,2026-06-10 07:58:00+00:00,4185.64,4188.76,4177.85,2026-06-10 08:01:00+00:00,4177.85,TP,7.34,3.12,2.3526,7,S100_FVG_SHORT
s100_m3_combo,SELL,2026-06-10 08:11:00+00:00,4171.48,4175.4,4161.68,2026-06-10 08:14:00+00:00,4161.68,TP,9.35,3.92,2.3852,8,S100_FVG_SHORT
s100_m3_combo,SELL,2026-06-10 08:35:00+00:00,4170.64,4173.88,4162.53,2026-06-10 08:36:00+00:00,4173.88,SL,-3.69,3.24,-1.1389,8,S100_OB_SHORT
s100_m3_combo,SELL,2026-06-10 13:24:00+00:00,4143.09,4151.91,4121.04,2026-06-10 13:30:00+00:00,4151.91,SL,-9.27,8.82,-1.051,13,S100_FVG_SHORT
s100_m3_combo,SELL,2026-06-10 14:03:00+00:00,4178.83,4182.77,4168.99,2026-06-10 14:15:00+00:00,4168.99,TP,9.39,3.94,2.3832,14,S100_OB_SHORT
s100_m3_combo,SELL,2026-06-10 14:20:00+00:00,4166.35,4174.74,4145.36,2026-06-10 14:48:00+00:00,4145.36,TP,20.54,8.39,2.4482,14,S100_RSI3_MOMO_SHORT
s100_m3_combo,SELL,2026-06-10 15:01:00+00:00,4128.94,4139.11,4103.49,2026-06-10 16:13:00+00:00,4130.86,TIME,-2.37,10.17,-0.233,15,S100_FVG_SHORT
s100_m3_combo,SELL,2026-06-11 02:54:00+00:00,4062.97,4071.33,4042.05,2026-06-11 02:56:00+00:00,4071.33,SL,-8.81,8.36,-1.0538,2,S100_FVG_SHORT
s100_m3_combo,SELL,2026-06-11 03:30:00+00:00,4065.97,4069.99,4055.9,2026-06-11 03:39:00+00:00,4069.99,SL,-4.47,4.02,-1.1119,3,S100_OB_SHORT
s100_m3_combo,SELL,2026-06-11 04:38:00+00:00,4077.61,4082.82,4064.58,2026-06-11 04:42:00+00:00,4082.82,SL,-5.66,5.21,-1.0864,4,S100_OB_SHORT
s100_m3_combo,SELL,2026-06-11 05:09:00+00:00,4080.2,4082.67,4074.0,2026-06-11 05:27:00+00:00,4074.0,TP,5.75,2.47,2.3279,5,S100_FVG_SHORT
s100_m3_combo,SELL,2026-06-11 05:29:00+00:00,4075.36,4079.93,4063.95,2026-06-11 05:30:00+00:00,4079.93,SL,-5.02,4.57,-1.0985,5,S100_RSI3_MOMO_SHORT
s100_m3_combo,BUY,2026-06-11 06:11:00+00:00,4077.82,4074.25,4086.77,2026-06-11 06:17:00+00:00,4086.77,TP,8.5,3.57,2.381,6,S100_OB_LONG
s100_m3_combo,BUY,2026-06-11 06:58:00+00:00,4092.85,4091.15,4097.1,2026-06-11 07:03:00+00:00,4097.1,TP,3.8,1.7,2.2353,6,S100_OB_LONG
s100_m3_combo,BUY,2026-06-11 08:05:00+00:00,4106.11,4099.44,4122.77,2026-06-11 08:29:00+00:00,4099.44,SL,-7.12,6.67,-1.0675,8,S100_OB_LONG
s100_m3_combo,SELL,2026-06-11 13:18:00+00:00,4077.26,4081.19,4067.42,2026-06-11 13:28:00+00:00,4081.19,SL,-4.38,3.93,-1.1145,13,S100_FVG_SHORT
s100_m3_combo,SELL,2026-06-11 13:39:00+00:00,4075.49,4077.93,4069.38,2026-06-11 13:40:00+00:00,4069.38,TP,5.66,2.44,2.3197,13,S100_OB_SHORT
s100_m3_combo,SELL,2026-06-11 14:15:00+00:00,4061.82,4070.97,4038.92,2026-06-11 14:22:00+00:00,4070.97,SL,-9.6,9.15,-1.0492,14,S100_FVG_SHORT
s100_m3_combo,SELL,2026-06-11 15:27:00+00:00,4082.9,4089.27,4066.98,2026-06-11 15:40:00+00:00,4089.27,SL,-6.82,6.37,-1.0706,15,S100_OB_SHORT
s100_m3_combo,BUY,2026-06-11 15:53:00+00:00,4091.39,4085.29,4106.62,2026-06-11 16:15:00+00:00,4106.62,TP,14.78,6.1,2.423,15,S100_RSI3_MOMO_LONG
s100_m3_combo,BUY,2026-06-12 01:00:00+00:00,4203.31,4200.79,4209.61,2026-06-12 01:01:00+00:00,4200.79,SL,-2.97,2.52,-1.1786,1,S100_OB_LONG
s100_m3_combo,BUY,2026-06-12 01:51:00+00:00,4187.49,4182.52,4199.94,2026-06-12 02:10:00+00:00,4199.94,TP,12.0,4.97,2.4145,1,S100_FVG_LONG
s100_m3_combo,BUY,2026-06-12 03:02:00+00:00,4192.07,4187.26,4204.09,2026-06-12 03:33:00+00:00,4204.09,TP,11.57,4.81,2.4054,3,S100_RSI3_MOMO_LONG
s100_m3_combo,SELL,2026-06-12 07:36:00+00:00,4178.0,4179.94,4173.16,2026-06-12 07:40:00+00:00,4179.94,SL,-2.39,1.94,-1.232,7,S100_OB_SHORT
s100_m3_combo,SELL,2026-06-12 13:02:00+00:00,4192.65,4197.39,4180.83,2026-06-12 13:03:00+00:00,4197.39,SL,-5.19,4.74,-1.0949,13,S100_FVG_SHORT
s100_m3_combo,SELL,2026-06-12 14:01:00+00:00,4194.55,4202.82,4173.88,2026-06-12 14:54:00+00:00,4202.82,SL,-8.72,8.27,-1.0544,14,S100_FVG_SHORT
s100_m3_combo,BUY,2026-06-12 15:39:00+00:00,4216.07,4212.17,4225.81,2026-06-12 15:42:00+00:00,4212.17,SL,-4.35,3.9,-1.1154,15,S100_OB_LONG
s100_m3_combo,BUY,2026-06-15 01:21:00+00:00,4296.2,4291.75,4307.33,2026-06-15 01:32:00+00:00,4307.33,TP,10.68,4.45,2.4,1,S100_OB_LONG
s100_m3_combo,BUY,2026-06-15 01:36:00+00:00,4308.81,4303.35,4322.49,2026-06-15 02:03:00+00:00,4322.49,TP,13.23,5.46,2.4231,1,S100_FVG_LONG
s100_m3_combo,BUY,2026-06-15 02:10:00+00:00,4321.48,4318.06,4330.02,2026-06-15 02:21:00+00:00,4330.02,TP,8.09,3.42,2.3655,2,S100_FVG_LONG
s100_m3_combo,BUY,2026-06-15 02:35:00+00:00,4329.12,4327.57,4332.99,2026-06-15 02:38:00+00:00,4332.99,TP,3.42,1.55,2.2065,2,S100_OB_LONG
s100_m3_combo,BUY,2026-06-15 02:40:00+00:00,4331.57,4329.55,4336.64,2026-06-15 02:41:00+00:00,4329.55,SL,-2.47,2.02,-1.2228,2,S100_OB_LONG
s100_m3_combo,BUY,2026-06-15 03:21:00+00:00,4325.61,4321.86,4334.99,2026-06-15 03:28:00+00:00,4321.86,SL,-4.2,3.75,-1.12,3,S100_OB_LONG
s100_m3_combo,BUY,2026-06-15 05:15:00+00:00,4328.76,4327.14,4332.79,2026-06-15 05:16:00+00:00,4327.14,SL,-2.07,1.62,-1.2778,5,S100_FVG_LONG
s100_m3_combo,BUY,2026-06-15 07:00:00+00:00,4306.56,4304.6,4311.48,2026-06-15 07:07:00+00:00,4311.48,TP,4.47,1.96,2.2806,7,S100_OB_LONG
s100_m3_combo,BUY,2026-06-15 07:34:00+00:00,4313.04,4309.83,4321.06,2026-06-15 07:54:00+00:00,4321.06,TP,7.57,3.21,2.3583,7,S100_OB_LONG
s100_m3_combo,BUY,2026-06-15 08:20:00+00:00,4330.77,4327.07,4340.04,2026-06-15 08:33:00+00:00,4340.04,TP,8.82,3.7,2.3838,8,S100_RSI3_MOMO_LONG
s100_m3_combo,BUY,2026-06-15 08:44:00+00:00,4341.22,4337.26,4351.09,2026-06-15 08:50:00+00:00,4337.26,SL,-4.41,3.96,-1.1136,8,S100_FVG_LONG
s100_m3_combo,BUY,2026-06-15 13:20:00+00:00,4352.58,4348.88,4361.83,2026-06-15 13:32:00+00:00,4361.83,TP,8.8,3.7,2.3784,13,S100_RSI3_MOMO_LONG
s100_m3_combo,BUY,2026-06-15 13:43:00+00:00,4362.2,4360.51,4366.42,2026-06-15 13:46:00+00:00,4360.51,SL,-2.14,1.69,-1.2663,13,S100_OB_LONG
s100_m3_combo,BUY,2026-06-15 14:11:00+00:00,4363.91,4356.9,4381.43,2026-06-15 14:13:00+00:00,4356.9,SL,-7.46,7.01,-1.0642,14,S100_FVG_LONG
s100_m3_combo,BUY,2026-06-15 14:33:00+00:00,4361.54,4357.11,4372.61,2026-06-15 14:34:00+00:00,4357.11,SL,-4.88,4.43,-1.1016,14,S100_FVG_LONG
s100_m3_combo,BUY,2026-06-15 14:59:00+00:00,4357.09,4355.08,4362.12,2026-06-15 15:00:00+00:00,4355.08,SL,-2.46,2.01,-1.2239,14,S100_OB_LONG
s100_m3_combo,BUY,2026-06-15 15:47:00+00:00,4359.27,4355.36,4369.06,2026-06-15 15:52:00+00:00,4355.36,SL,-4.36,3.91,-1.1151,15,S100_RSI3_MOMO_LONG
s100_m3_combo,SELL,2026-06-16 02:45:00+00:00,4312.3,4314.89,4305.8,2026-06-16 02:52:00+00:00,4314.89,SL,-3.04,2.59,-1.1737,2,S100_FVG_SHORT
s100_m3_combo,BUY,2026-06-16 03:52:00+00:00,4330.19,4327.74,4336.31,2026-06-16 04:10:00+00:00,4327.74,SL,-2.9,2.45,-1.1837,3,S100_FVG_LONG
s100_m3_combo,BUY,2026-06-16 05:30:00+00:00,4326.86,4324.71,4332.26,2026-06-16 05:32:00+00:00,4324.71,SL,-2.6,2.15,-1.2093,5,S100_OB_LONG
s100_m3_combo,SELL,2026-06-16 06:27:00+00:00,4316.4,4317.9,4312.63,2026-06-16 06:28:00+00:00,4317.9,SL,-1.95,1.5,-1.3,6,S100_OB_SHORT
s100_m3_combo,SELL,2026-06-16 14:36:00+00:00,4321.46,4324.24,4314.52,2026-06-16 14:37:00+00:00,4324.24,SL,-3.23,2.78,-1.1619,14,S100_FVG_SHORT
s100_m3_combo,BUY,2026-06-17 01:16:00+00:00,4344.59,4341.95,4351.18,2026-06-17 01:19:00+00:00,4341.95,SL,-3.09,2.64,-1.1705,1,S100_FVG_LONG
s100_m3_combo,BUY,2026-06-17 02:08:00+00:00,4340.11,4338.23,4344.81,2026-06-17 02:38:00+00:00,4338.23,SL,-2.33,1.88,-1.2394,2,S100_OB_LONG
s100_m3_combo,SELL,2026-06-17 04:38:00+00:00,4324.6,4326.21,4320.55,2026-06-17 04:59:00+00:00,4326.21,SL,-2.06,1.61,-1.2795,4,S100_OB_SHORT
s100_m3_combo,SELL,2026-06-17 05:17:00+00:00,4324.76,4327.18,4318.68,2026-06-17 05:18:00+00:00,4327.18,SL,-2.87,2.42,-1.186,5,S100_OB_SHORT
s100_m3_combo,SELL,2026-06-17 06:00:00+00:00,4327.3,4331.07,4317.88,2026-06-17 06:55:00+00:00,4331.07,SL,-4.22,3.77,-1.1194,6,S100_FVG_SHORT
s100_m3_combo,SELL,2026-06-17 08:17:00+00:00,4322.16,4324.94,4315.23,2026-06-17 08:54:00+00:00,4324.94,SL,-3.23,2.78,-1.1619,8,S100_RSI3_MOMO_SHORT
s100_m3_combo,BUY,2026-06-17 13:27:00+00:00,4335.02,4333.01,4340.02,2026-06-17 13:31:00+00:00,4333.01,SL,-2.46,2.01,-1.2239,13,S100_FVG_LONG
s100_m3_combo,BUY,2026-06-17 13:41:00+00:00,4340.12,4336.11,4350.15,2026-06-17 14:02:00+00:00,4336.11,SL,-4.46,4.01,-1.1122,13,S100_RSI3_MOMO_LONG
s100_m3_combo,BUY,2026-06-18 01:11:00+00:00,4326.22,4319.59,4342.78,2026-06-18 01:17:00+00:00,4319.59,SL,-7.08,6.63,-1.0679,1,S100_RSI3_MOMO_LONG
s100_m3_combo,BUY,2026-06-18 01:17:00+00:00,4318.85,4312.09,4335.75,2026-06-18 02:29:00+00:00,4324.43,TIME,5.13,6.76,0.7589,1,S100_FVG_LONG
s100_m3_combo,BUY,2026-06-18 03:36:00+00:00,4318.92,4315.44,4327.62,2026-06-18 04:12:00+00:00,4315.44,SL,-3.93,3.48,-1.1293,3,S100_FVG_LONG
s100_m3_combo,BUY,2026-06-18 05:00:00+00:00,4313.77,4312.11,4317.91,2026-06-18 05:08:00+00:00,4317.91,TP,3.69,1.66,2.2229,5,S100_FVG_LONG
s100_m3_combo,BUY,2026-06-18 05:13:00+00:00,4316.01,4313.97,4321.09,2026-06-18 05:18:00+00:00,4321.09,TP,4.63,2.04,2.2696,5,S100_OB_LONG
s100_m3_combo,BUY,2026-06-18 05:24:00+00:00,4319.82,4317.17,4326.45,2026-06-18 05:39:00+00:00,4317.17,SL,-3.1,2.65,-1.1698,5,S100_FVG_LONG
s100_m3_combo,SELL,2026-06-18 06:18:00+00:00,4301.46,4306.09,4289.87,2026-06-18 06:47:00+00:00,4306.09,SL,-5.08,4.63,-1.0972,6,S100_FVG_SHORT
s100_m3_combo,BUY,2026-06-18 06:51:00+00:00,4304.18,4301.82,4310.07,2026-06-18 07:05:00+00:00,4301.82,SL,-2.81,2.36,-1.1907,6,S100_FVG_LONG
s100_m3_combo,SELL,2026-06-18 07:07:00+00:00,4304.58,4307.36,4297.62,2026-06-18 07:11:00+00:00,4307.36,SL,-3.23,2.78,-1.1619,7,S100_OB_SHORT
s100_m3_combo,BUY,2026-06-18 07:16:00+00:00,4306.4,4304.25,4311.8,2026-06-18 07:25:00+00:00,4304.25,SL,-2.6,2.15,-1.2093,7,S100_FVG_LONG
s100_m3_combo,SELL,2026-06-18 07:43:00+00:00,4297.05,4301.39,4286.19,2026-06-18 08:00:00+00:00,4286.19,TP,10.41,4.34,2.3986,7,S100_FVG_SHORT
s100_m3_combo,SELL,2026-06-18 08:15:00+00:00,4288.66,4292.82,4278.27,2026-06-18 08:46:00+00:00,4278.27,TP,9.94,4.16,2.3894,8,S100_OB_SHORT
s100_m3_combo,SELL,2026-06-18 08:50:00+00:00,4277.52,4282.0,4266.3,2026-06-18 08:58:00+00:00,4266.3,TP,10.77,4.48,2.404,8,S100_RSI3_MOMO_SHORT
s100_m3_combo,SELL,2026-06-18 14:24:00+00:00,4254.8,4258.37,4245.86,2026-06-18 14:29:00+00:00,4245.86,TP,8.49,3.57,2.3782,14,S100_OB_SHORT
s100_m3_combo,SELL,2026-06-18 14:34:00+00:00,4248.36,4252.22,4238.71,2026-06-18 14:37:00+00:00,4252.22,SL,-4.31,3.86,-1.1166,14,S100_FVG_SHORT
s100_m3_combo,SELL,2026-06-18 14:48:00+00:00,4243.92,4246.14,4238.38,2026-06-18 14:52:00+00:00,4246.14,SL,-2.67,2.22,-1.2027,14,S100_OB_SHORT
s100_m3_combo,SELL,2026-06-18 15:15:00+00:00,4249.44,4254.58,4236.6,2026-06-18 15:29:00+00:00,4236.6,TP,12.39,5.14,2.4105,15,S100_OB_SHORT
s100_m3_combo,SELL,2026-06-18 15:40:00+00:00,4229.31,4235.2,4214.61,2026-06-18 15:41:00+00:00,4235.2,SL,-6.34,5.89,-1.0764,15,S100_OB_SHORT
s100_m3_combo,SELL,2026-06-19 01:13:00+00:00,4187.3,4189.82,4180.99,2026-06-19 01:26:00+00:00,4189.82,SL,-2.97,2.52,-1.1786,1,S100_FVG_SHORT
s100_m3_combo,SELL,2026-06-19 01:46:00+00:00,4187.41,4189.86,4181.28,2026-06-19 02:07:00+00:00,4181.28,TP,5.68,2.45,2.3184,1,S100_OB_SHORT
s100_m3_combo,SELL,2026-06-19 02:10:00+00:00,4184.44,4186.45,4179.42,2026-06-19 02:14:00+00:00,4179.42,TP,4.57,2.01,2.2736,2,S100_OB_SHORT
s100_m3_combo,SELL,2026-06-19 02:23:00+00:00,4179.56,4183.68,4169.27,2026-06-19 02:42:00+00:00,4183.68,SL,-4.57,4.12,-1.1092,2,S100_OB_SHORT
s100_m3_combo,SELL,2026-06-19 03:13:00+00:00,4169.52,4172.61,4161.79,2026-06-19 03:31:00+00:00,4161.79,TP,7.28,3.09,2.356,3,S100_FVG_SHORT
s100_m3_combo,SELL,2026-06-19 04:39:00+00:00,4141.35,4144.98,4132.28,2026-06-19 04:53:00+00:00,4132.28,TP,8.62,3.63,2.3747,4,S100_FVG_SHORT
s100_m3_combo,SELL,2026-06-19 05:11:00+00:00,4128.15,4132.99,4116.02,2026-06-19 05:26:00+00:00,4132.99,SL,-5.29,4.84,-1.093,5,S100_FVG_SHORT
s100_m3_combo,SELL,2026-06-19 06:48:00+00:00,4141.25,4143.54,4135.52,2026-06-19 06:49:00+00:00,4143.54,SL,-2.74,2.29,-1.1965,6,S100_OB_SHORT
s100_m3_combo,SELL,2026-06-19 07:35:00+00:00,4151.35,4155.13,4141.92,2026-06-19 07:37:00+00:00,4155.13,SL,-4.23,3.78,-1.119,7,S100_RSI3_MOMO_SHORT
s100_m3_combo,SELL,2026-06-19 08:42:00+00:00,4170.06,4174.84,4158.09,2026-06-19 09:54:00+00:00,4164.53,TIME,5.08,4.78,1.0628,8,S100_FVG_SHORT
s100_m3_combo,SELL,2026-06-19 14:11:00+00:00,4149.35,4153.52,4138.94,2026-06-19 15:02:00+00:00,4153.52,SL,-4.62,4.17,-1.1079,14,S100_RSI3_MOMO_SHORT
s100_m3_combo,BUY,2026-06-22 01:31:00+00:00,4200.9,4197.22,4210.1,2026-06-22 01:32:00+00:00,4197.22,SL,-4.13,3.68,-1.1223,1,S100_FVG_LONG
s100_m3_combo,BUY,2026-06-22 05:05:00+00:00,4180.19,4177.48,4186.97,2026-06-22 05:15:00+00:00,4186.97,TP,6.33,2.71,2.3358,5,S100_OB_LONG
s100_m3_combo,BUY,2026-06-22 05:40:00+00:00,4194.01,4189.67,4204.83,2026-06-22 06:51:00+00:00,4204.83,TP,10.37,4.34,2.3894,5,S100_OB_LONG
s100_m3_combo,SELL,2026-06-22 13:08:00+00:00,4191.23,4195.0,4181.79,2026-06-22 13:15:00+00:00,4195.0,SL,-4.22,3.77,-1.1194,13,S100_RSI3_MOMO_SHORT
s100_m3_combo,SELL,2026-06-22 13:36:00+00:00,4190.77,4193.53,4183.88,2026-06-22 13:40:00+00:00,4193.53,SL,-3.21,2.76,-1.163,13,S100_OB_SHORT
s100_m3_combo,SELL,2026-06-22 14:42:00+00:00,4194.11,4197.05,4186.77,2026-06-22 14:43:00+00:00,4197.05,SL,-3.39,2.94,-1.1531,14,S100_OB_SHORT
s100_m3_combo,SELL,2026-06-22 15:25:00+00:00,4191.5,4195.02,4182.71,2026-06-22 15:39:00+00:00,4182.71,TP,8.34,3.52,2.3693,15,S100_FVG_SHORT
s100_m3_combo,SELL,2026-06-22 15:54:00+00:00,4176.93,4181.3,4165.98,2026-06-22 15:56:00+00:00,4181.3,SL,-4.82,4.37,-1.103,15,S100_FVG_SHORT
s100_m3_combo,SELL,2026-06-23 01:08:00+00:00,4193.35,4196.55,4185.33,2026-06-23 01:13:00+00:00,4185.33,TP,7.57,3.2,2.3656,1,S100_OB_SHORT
s100_m3_combo,SELL,2026-06-23 01:22:00+00:00,4178.12,4186.19,4157.95,2026-06-23 01:42:00+00:00,4157.95,TP,19.72,8.07,2.4436,1,S100_FVG_SHORT
s100_m3_combo,SELL,2026-06-23 01:53:00+00:00,4155.76,4162.27,4139.49,2026-06-23 01:59:00+00:00,4162.27,SL,-6.96,6.51,-1.0691,1,S100_FVG_SHORT
s100_m3_combo,SELL,2026-06-23 02:11:00+00:00,4149.05,4154.8,4134.66,2026-06-23 02:15:00+00:00,4154.8,SL,-6.2,5.75,-1.0783,2,S100_RSI3_MOMO_SHORT
s100_m3_combo,SELL,2026-06-23 02:18:00+00:00,4158.46,4162.45,4148.49,2026-06-23 02:27:00+00:00,4162.45,SL,-4.44,3.99,-1.1128,2,S100_OB_SHORT
s100_m3_combo,SELL,2026-06-23 03:11:00+00:00,4139.45,4143.84,4128.47,2026-06-23 03:15:00+00:00,4143.84,SL,-4.84,4.39,-1.1025,3,S100_RSI3_MOMO_SHORT
s100_m3_combo,SELL,2026-06-23 03:24:00+00:00,4135.41,4139.2,4125.93,2026-06-23 03:27:00+00:00,4139.2,SL,-4.24,3.79,-1.1187,3,S100_FVG_SHORT
s100_m3_combo,SELL,2026-06-23 03:42:00+00:00,4137.0,4139.76,4130.09,2026-06-23 03:48:00+00:00,4139.76,SL,-3.21,2.76,-1.163,3,S100_FVG_SHORT
s100_m3_combo,SELL,2026-06-23 04:26:00+00:00,4139.2,4141.68,4133.02,2026-06-23 04:55:00+00:00,4133.02,TP,5.73,2.48,2.3105,4,S100_RSI3_MOMO_SHORT
s100_m3_combo,SELL,2026-06-23 05:02:00+00:00,4131.12,4136.26,4118.26,2026-06-23 05:05:00+00:00,4136.26,SL,-5.59,5.14,-1.0875,5,S100_FVG_SHORT
s100_m3_combo,SELL,2026-06-23 06:47:00+00:00,4112.17,4117.7,4098.35,2026-06-23 06:50:00+00:00,4117.7,SL,-5.98,5.53,-1.0814,6,S100_RSI3_MOMO_SHORT
s100_m3_combo,SELL,2026-06-23 07:15:00+00:00,4117.66,4120.73,4109.99,2026-06-23 07:22:00+00:00,4120.73,SL,-3.52,3.07,-1.1466,7,S100_FVG_SHORT
s100_m3_combo,SELL,2026-06-23 07:38:00+00:00,4113.4,4118.67,4100.22,2026-06-23 07:51:00+00:00,4100.22,TP,12.73,5.27,2.4156,7,S100_RSI3_MOMO_SHORT
s100_m3_combo,SELL,2026-06-23 07:57:00+00:00,4100.91,4103.32,4094.88,2026-06-23 08:02:00+00:00,4094.88,TP,5.58,2.41,2.3154,7,S100_FVG_SHORT
s100_m3_combo,SELL,2026-06-23 13:05:00+00:00,4114.44,4117.87,4105.86,2026-06-23 13:06:00+00:00,4117.87,SL,-3.88,3.43,-1.1312,13,S100_FVG_SHORT
s100_m3_combo,SELL,2026-06-23 13:22:00+00:00,4108.68,4113.1,4097.62,2026-06-23 13:23:00+00:00,4113.1,SL,-4.87,4.42,-1.1018,13,S100_FVG_SHORT
s100_m3_combo,SELL,2026-06-24 01:12:00+00:00,4086.59,4095.59,4064.09,2026-06-24 01:25:00+00:00,4095.59,SL,-9.45,9.0,-1.05,1,S100_FVG_SHORT
s100_m3_combo,SELL,2026-06-24 01:50:00+00:00,4086.93,4094.37,4068.35,2026-06-24 02:01:00+00:00,4094.37,SL,-7.89,7.44,-1.0605,1,S100_RSI3_MOMO_SHORT
s100_m3_combo,SELL,2026-06-24 02:01:00+00:00,4094.84,4097.5,4088.18,2026-06-24 02:03:00+00:00,4088.18,TP,6.21,2.66,2.3346,2,S100_OB_SHORT
s100_m3_combo,SELL,2026-06-24 02:06:00+00:00,4085.57,4090.57,4073.08,2026-06-24 02:21:00+00:00,4073.08,TP,12.04,5.0,2.408,2,S100_OB_SHORT
s100_m3_combo,SELL,2026-06-24 02:48:00+00:00,4059.61,4062.59,4052.18,2026-06-24 02:52:00+00:00,4062.59,SL,-3.43,2.98,-1.151,2,S100_FVG_SHORT
s100_m3_combo,SELL,2026-06-24 03:09:00+00:00,4056.82,4061.43,4045.29,2026-06-24 03:35:00+00:00,4061.43,SL,-5.06,4.61,-1.0976,3,S100_FVG_SHORT
s100_m3_combo,SELL,2026-06-24 04:27:00+00:00,4065.41,4069.89,4054.21,2026-06-24 05:09:00+00:00,4069.89,SL,-4.93,4.48,-1.1004,4,S100_OB_SHORT
s100_m3_combo,SELL,2026-06-24 06:23:00+00:00,4089.3,4094.75,4075.67,2026-06-24 06:47:00+00:00,4094.75,SL,-5.9,5.45,-1.0826,6,S100_FVG_SHORT
s100_m3_combo,SELL,2026-06-24 07:40:00+00:00,4079.49,4082.08,4073.03,2026-06-24 07:43:00+00:00,4082.08,SL,-3.04,2.59,-1.1737,7,S100_FVG_SHORT
s100_m3_combo,SELL,2026-06-24 08:25:00+00:00,4079.39,4083.9,4068.12,2026-06-24 08:30:00+00:00,4083.9,SL,-4.96,4.51,-1.0998,8,S100_FVG_SHORT
s100_m3_combo,SELL,2026-06-24 13:03:00+00:00,3989.64,3998.63,3967.15,2026-06-24 13:11:00+00:00,3967.15,TP,22.04,8.99,2.4516,13,S100_FVG_SHORT
s100_m3_combo,SELL,2026-06-24 13:30:00+00:00,3979.32,3986.53,3961.32,2026-06-24 13:31:00+00:00,3986.53,SL,-7.66,7.21,-1.0624,13,S100_OB_SHORT
s100_m3_combo,SELL,2026-06-24 15:14:00+00:00,4003.92,4009.26,3990.58,2026-06-24 15:19:00+00:00,4009.26,SL,-5.79,5.34,-1.0843,15,S100_OB_SHORT
s100_m3_combo,SELL,2026-06-24 15:45:00+00:00,4008.42,4010.28,4003.78,2026-06-24 15:48:00+00:00,4010.28,SL,-2.31,1.86,-1.2419,15,S100_OB_SHORT
s100_m3_combo,SELL,2026-06-25 01:17:00+00:00,3991.71,4005.93,3956.15,2026-06-25 02:29:00+00:00,3986.35,TIME,4.91,14.22,0.3453,1,S100_OB_SHORT
s100_m3_combo,SELL,2026-06-25 02:45:00+00:00,3979.6,3983.9,3968.84,2026-06-25 02:48:00+00:00,3983.9,SL,-4.75,4.3,-1.1047,2,S100_FVG_SHORT
s100_m3_combo,SELL,2026-06-25 03:20:00+00:00,3982.84,3984.61,3978.43,2026-06-25 03:21:00+00:00,3978.43,TP,3.96,1.77,2.2373,3,S100_OB_SHORT
s100_m3_combo,SELL,2026-06-25 04:21:00+00:00,3994.24,3996.66,3988.19,2026-06-25 04:23:00+00:00,3996.66,SL,-2.87,2.42,-1.186,4,S100_OB_SHORT
s100_m3_combo,SELL,2026-06-25 04:43:00+00:00,3988.81,3990.66,3984.17,2026-06-25 04:44:00+00:00,3990.66,SL,-2.3,1.85,-1.2432,4,S100_OB_SHORT
s100_m3_combo,SELL,2026-06-25 06:20:00+00:00,3980.23,3984.36,3969.92,2026-06-25 06:27:00+00:00,3984.36,SL,-4.58,4.13,-1.109,6,S100_FVG_SHORT
s100_m3_combo,SELL,2026-06-25 07:05:00+00:00,3981.62,3985.14,3972.81,2026-06-25 07:09:00+00:00,3985.14,SL,-3.97,3.52,-1.1278,7,S100_OB_SHORT
s100_m3_combo,BUY,2026-06-25 08:23:00+00:00,3998.61,3992.76,4013.23,2026-06-25 08:26:00+00:00,3992.76,SL,-6.3,5.85,-1.0769,8,S100_RSI3_MOMO_LONG
s100_m3_combo,BUY,2026-06-25 13:18:00+00:00,4024.11,4011.55,4055.48,2026-06-25 13:44:00+00:00,4011.55,SL,-13.01,12.56,-1.0358,13,S100_FVG_LONG
s100_m3_combo,BUY,2026-06-25 14:37:00+00:00,4018.62,4015.93,4025.35,2026-06-25 14:40:00+00:00,4015.93,SL,-3.14,2.69,-1.1673,14,S100_OB_LONG
s100_m3_combo,BUY,2026-06-25 15:10:00+00:00,4015.16,4012.15,4022.67,2026-06-25 15:11:00+00:00,4012.15,SL,-3.46,3.01,-1.1495,15,S100_FVG_LONG
s100_m3_combo,BUY,2026-06-25 15:48:00+00:00,4029.32,4026.19,4037.17,2026-06-25 15:51:00+00:00,4037.17,TP,7.4,3.13,2.3642,15,S100_OB_LONG
s100_m3_combo,SELL,2026-06-26 01:39:00+00:00,4021.2,4023.66,4015.02,2026-06-26 01:41:00+00:00,4023.66,SL,-2.91,2.46,-1.1829,1,S100_OB_SHORT
s100_m3_combo,SELL,2026-06-26 01:54:00+00:00,4017.94,4021.02,4010.23,2026-06-26 01:55:00+00:00,4021.02,SL,-3.53,3.08,-1.1461,1,S100_FVG_SHORT
s100_m3_combo,SELL,2026-06-26 02:32:00+00:00,4005.23,4009.46,3994.65,2026-06-26 02:38:00+00:00,3994.65,TP,10.13,4.23,2.3948,2,S100_RSI3_MOMO_SHORT
s100_m3_combo,SELL,2026-06-26 02:57:00+00:00,3987.84,3992.84,3975.35,2026-06-26 02:59:00+00:00,3992.84,SL,-5.45,5.0,-1.09,2,S100_FVG_SHORT
s100_m3_combo,SELL,2026-06-26 04:41:00+00:00,4002.21,4005.56,3993.84,2026-06-26 04:43:00+00:00,4005.56,SL,-3.8,3.35,-1.1343,4,S100_RSI3_MOMO_SHORT
s100_m3_combo,BUY,2026-06-26 06:56:00+00:00,4028.11,4023.21,4040.36,2026-06-26 08:08:00+00:00,4031.155,TIME,2.595,4.9,0.5296,6,S100_RSI3_MOMO_LONG
s100_m3_combo,BUY,2026-06-26 08:48:00+00:00,4033.99,4032.13,4038.65,2026-06-26 08:55:00+00:00,4032.13,SL,-2.31,1.86,-1.2419,8,S100_OB_LONG
s100_m3_combo,BUY,2026-06-26 13:03:00+00:00,4052.84,4047.53,4066.11,2026-06-26 13:08:00+00:00,4047.53,SL,-5.76,5.31,-1.0847,13,S100_FVG_LONG
s100_m3_combo,BUY,2026-06-26 13:31:00+00:00,4050.96,4045.22,4065.32,2026-06-26 13:37:00+00:00,4045.22,SL,-6.19,5.74,-1.0784,13,S100_OB_LONG
s100_m3_combo,BUY,2026-06-26 13:52:00+00:00,4062.36,4059.76,4068.87,2026-06-26 13:56:00+00:00,4068.87,TP,6.06,2.6,2.3308,13,S100_OB_LONG
s100_m3_combo,BUY,2026-06-26 14:02:00+00:00,4067.91,4062.87,4080.53,2026-06-26 14:10:00+00:00,4080.53,TP,12.17,5.04,2.4147,14,S100_OB_LONG
s100_m3_combo,BUY,2026-06-26 14:37:00+00:00,4079.44,4074.14,4092.69,2026-06-26 15:39:00+00:00,4092.69,TP,12.8,5.3,2.4151,14,S100_FVG_LONG
s100_m3_combo,BUY,2026-06-26 15:45:00+00:00,4092.88,4090.3,4099.32,2026-06-26 15:51:00+00:00,4090.3,SL,-3.03,2.58,-1.1744,15,S100_FVG_LONG
s100_m3_combo,SELL,2026-06-29 01:05:00+00:00,4067.16,4074.86,4047.92,2026-06-29 02:17:00+00:00,4068.0,TIME,-1.29,7.7,-0.1675,1,S100_OB_SHORT
s100_m3_combo,SELL,2026-06-29 02:42:00+00:00,4062.86,4068.15,4049.64,2026-06-29 02:47:00+00:00,4068.15,SL,-5.74,5.29,-1.0851,2,S100_FVG_SHORT
s100_m3_combo,SELL,2026-06-29 03:42:00+00:00,4069.93,4072.24,4064.18,2026-06-29 04:16:00+00:00,4064.18,TP,5.3,2.31,2.2944,3,S100_FVG_SHORT
s100_m3_combo,SELL,2026-06-29 05:00:00+00:00,4052.73,4055.69,4045.34,2026-06-29 05:05:00+00:00,4055.69,SL,-3.41,2.96,-1.152,5,S100_FVG_SHORT
s100_m3_combo,SELL,2026-06-29 06:36:00+00:00,4058.49,4062.07,4049.51,2026-06-29 06:44:00+00:00,4062.07,SL,-4.03,3.58,-1.1257,6,S100_OB_SHORT
s100_m3_combo,BUY,2026-06-29 07:53:00+00:00,4066.05,4062.63,4074.62,2026-06-29 07:58:00+00:00,4062.63,SL,-3.87,3.42,-1.1316,7,S100_RSI3_MOMO_LONG
s100_m3_combo,SELL,2026-06-29 08:48:00+00:00,4057.25,4059.87,4050.7,2026-06-29 08:55:00+00:00,4050.7,TP,6.1,2.62,2.3282,8,S100_FVG_SHORT
s100_m3_combo,SELL,2026-06-29 13:31:00+00:00,4041.56,4044.24,4034.86,2026-06-29 13:34:00+00:00,4044.24,SL,-3.13,2.68,-1.1679,13,S100_FVG_SHORT
s100_m3_combo,SELL,2026-06-29 13:51:00+00:00,4035.66,4039.02,4027.25,2026-06-29 14:03:00+00:00,4027.25,TP,7.96,3.36,2.369,13,S100_FVG_SHORT
s100_m3_combo,SELL,2026-06-29 15:29:00+00:00,4022.05,4027.35,4008.81,2026-06-29 15:48:00+00:00,4027.35,SL,-5.75,5.3,-1.0849,15,S100_OB_SHORT
s100_m3_combo,SELL,2026-06-30 01:03:00+00:00,3980.37,3988.38,3960.35,2026-06-30 01:07:00+00:00,3960.35,TP,19.57,8.01,2.4432,1,S100_OB_SHORT
s100_m3_combo,SELL,2026-06-30 01:18:00+00:00,3969.53,3977.22,3950.31,2026-06-30 01:28:00+00:00,3977.22,SL,-8.14,7.69,-1.0585,1,S100_FVG_SHORT
s100_m3_combo,SELL,2026-06-30 01:47:00+00:00,3964.55,3974.76,3939.01,2026-06-30 02:59:00+00:00,3963.105,TIME,0.995,10.21,0.0975,1,S100_RSI3_MOMO_SHORT
s100_m3_combo,SELL,2026-06-30 03:48:00+00:00,3968.57,3971.1,3962.25,2026-06-30 03:58:00+00:00,3971.1,SL,-2.98,2.53,-1.1779,3,S100_OB_SHORT
s100_m3_combo,SELL,2026-06-30 04:49:00+00:00,3988.6,3991.9,3980.35,2026-06-30 05:20:00+00:00,3980.35,TP,7.8,3.3,2.3636,4,S100_FVG_SHORT
s100_m3_combo,SELL,2026-06-30 05:37:00+00:00,3980.46,3983.81,3972.09,2026-06-30 05:41:00+00:00,3983.81,SL,-3.8,3.35,-1.1343,5,S100_OB_SHORT
s100_m3_combo,BUY,2026-06-30 06:38:00+00:00,4022.11,4012.14,4047.01,2026-06-30 07:50:00+00:00,4027.155,TIME,4.595,9.97,0.4609,6,S100_FVG_LONG
s100_m3_combo,BUY,2026-06-30 08:05:00+00:00,4035.66,4031.81,4045.3,2026-06-30 08:08:00+00:00,4031.81,SL,-4.3,3.85,-1.1169,8,S100_RSI3_MOMO_LONG
s100_m3_combo,BUY,2026-06-30 08:34:00+00:00,4023.49,4021.87,4027.56,2026-06-30 08:36:00+00:00,4021.87,SL,-2.07,1.62,-1.2778,8,S100_OB_LONG
s100_m3_combo,BUY,2026-06-30 13:15:00+00:00,4022.28,4020.03,4027.91,2026-06-30 13:18:00+00:00,4027.91,TP,5.18,2.25,2.3022,13,S100_FVG_LONG
s100_m3_combo,BUY,2026-06-30 14:27:00+00:00,4056.87,4050.06,4073.9,2026-06-30 14:35:00+00:00,4050.06,SL,-7.26,6.81,-1.0661,14,S100_FVG_LONG
s100_m3_combo,BUY,2026-06-30 15:57:00+00:00,4031.33,4029.21,4036.64,2026-06-30 15:58:00+00:00,4029.21,SL,-2.57,2.12,-1.2123,15,S100_FVG_LONG
s100_m3_combo,SELL,2026-07-01 01:21:00+00:00,3983.82,3985.33,3980.06,2026-07-01 01:22:00+00:00,3985.33,SL,-1.96,1.51,-1.298,1,S100_OB_SHORT
s100_m3_combo,SELL,2026-07-01 02:11:00+00:00,3973.76,3976.76,3966.24,2026-07-01 02:13:00+00:00,3976.76,SL,-3.45,3.0,-1.15,2,S100_FVG_SHORT
s100_m3_combo,SELL,2026-07-01 03:03:00+00:00,3982.89,3984.8,3978.11,2026-07-01 03:06:00+00:00,3984.8,SL,-2.36,1.91,-1.2356,3,S100_OB_SHORT
s100_m3_combo,SELL,2026-07-01 03:37:00+00:00,3978.93,3980.73,3974.44,2026-07-01 03:39:00+00:00,3980.73,SL,-2.25,1.8,-1.25,3,S100_FVG_SHORT
s100_m3_combo,SELL,2026-07-01 04:12:00+00:00,3975.93,3977.74,3971.43,2026-07-01 04:26:00+00:00,3977.74,SL,-2.26,1.81,-1.2486,4,S100_OB_SHORT
s100_m3_combo,SELL,2026-07-01 04:44:00+00:00,3975.05,3977.94,3967.83,2026-07-01 04:48:00+00:00,3977.94,SL,-3.34,2.89,-1.1557,4,S100_FVG_SHORT
s100_m3_combo,SELL,2026-07-01 05:06:00+00:00,3974.6,3977.22,3968.05,2026-07-01 05:32:00+00:00,3977.22,SL,-3.07,2.62,-1.1718,5,S100_FVG_SHORT
s100_m3_combo,SELL,2026-07-01 06:40:00+00:00,3968.4,3970.53,3963.07,2026-07-01 06:42:00+00:00,3970.53,SL,-2.58,2.13,-1.2113,6,S100_OB_SHORT
s100_m3_combo,SELL,2026-07-01 07:35:00+00:00,3965.28,3968.18,3958.02,2026-07-01 07:36:00+00:00,3968.18,SL,-3.35,2.9,-1.1552,7,S100_FVG_SHORT
s100_m3_combo,SELL,2026-07-01 08:06:00+00:00,3972.79,3975.7,3965.51,2026-07-01 08:15:00+00:00,3975.7,SL,-3.36,2.91,-1.1546,8,S100_FVG_SHORT
s100_m3_combo,BUY,2026-07-01 14:11:00+00:00,4097.27,4084.61,4128.94,2026-07-01 15:09:00+00:00,4084.61,SL,-13.11,12.66,-1.0355,14,S100_RSI3_MOMO_LONG
s100_m3_combo,BUY,2026-07-02 03:34:00+00:00,4063.77,4061.97,4068.27,2026-07-02 03:36:00+00:00,4061.97,SL,-2.25,1.8,-1.25,3,S100_FVG_LONG
s100_m3_combo,BUY,2026-07-02 03:57:00+00:00,4071.54,4068.8,4078.39,2026-07-02 04:11:00+00:00,4068.8,SL,-3.19,2.74,-1.1642,3,S100_FVG_LONG
s100_m3_combo,BUY,2026-07-02 05:42:00+00:00,4061.47,4058.28,4069.44,2026-07-02 06:00:00+00:00,4069.44,TP,7.52,3.19,2.3574,5,S100_FVG_LONG
s100_m3_combo,BUY,2026-07-02 06:26:00+00:00,4079.22,4074.76,4090.39,2026-07-02 06:29:00+00:00,4074.76,SL,-4.91,4.46,-1.1009,6,S100_RSI3_MOMO_LONG
s100_m3_combo,BUY,2026-07-02 06:29:00+00:00,4074.68,4072.32,4080.57,2026-07-02 06:39:00+00:00,4072.32,SL,-2.81,2.36,-1.1907,6,S100_FVG_LONG
s100_m3_combo,BUY,2026-07-02 07:45:00+00:00,4072.91,4068.49,4083.96,2026-07-02 07:47:00+00:00,4068.49,SL,-4.87,4.42,-1.1018,7,S100_FVG_LONG
s100_m3_combo,BUY,2026-07-02 08:23:00+00:00,4075.33,4071.3,4085.4,2026-07-02 09:07:00+00:00,4071.3,SL,-4.48,4.03,-1.1117,8,S100_RSI3_MOMO_LONG
s100_m3_combo,BUY,2026-07-02 13:42:00+00:00,4128.16,4121.98,4143.62,2026-07-02 13:50:00+00:00,4143.62,TP,15.01,6.18,2.4288,13,S100_FVG_LONG
s100_m3_combo,BUY,2026-07-02 15:27:00+00:00,4126.88,4123.38,4135.62,2026-07-02 15:29:00+00:00,4123.38,SL,-3.95,3.5,-1.1286,15,S100_FVG_LONG
s100_m3_combo,BUY,2026-07-03 02:01:00+00:00,4180.1,4176.67,4188.7,2026-07-03 02:19:00+00:00,4176.67,SL,-3.88,3.43,-1.1312,2,S100_FVG_LONG
s100_m3_combo,BUY,2026-07-03 02:42:00+00:00,4184.68,4180.94,4194.0,2026-07-03 02:46:00+00:00,4180.94,SL,-4.19,3.74,-1.1203,2,S100_FVG_LONG
s100_m3_combo,BUY,2026-07-03 03:01:00+00:00,4182.32,4180.03,4188.07,2026-07-03 03:02:00+00:00,4180.03,SL,-2.74,2.29,-1.1965,3,S100_FVG_LONG
s100_m3_combo,BUY,2026-07-03 05:02:00+00:00,4177.52,4175.69,4182.1,2026-07-03 05:22:00+00:00,4175.69,SL,-2.28,1.83,-1.2459,5,S100_FVG_LONG
s100_m3_combo,BUY,2026-07-03 05:36:00+00:00,4177.33,4173.07,4187.98,2026-07-03 05:47:00+00:00,4173.07,SL,-4.71,4.26,-1.1056,5,S100_OB_LONG
s100_m3_combo,BUY,2026-07-03 06:39:00+00:00,4170.81,4167.68,4178.64,2026-07-03 07:07:00+00:00,4178.64,TP,7.38,3.13,2.3578,6,S100_FVG_LONG
s100_m3_combo,BUY,2026-07-03 07:12:00+00:00,4176.16,4173.46,4182.92,2026-07-03 07:13:00+00:00,4173.46,SL,-3.15,2.7,-1.1667,7,S100_FVG_LONG
s100_m3_combo,BUY,2026-07-03 07:35:00+00:00,4177.13,4173.68,4185.75,2026-07-03 08:05:00+00:00,4185.75,TP,8.17,3.45,2.3681,7,S100_RSI3_MOMO_LONG
s100_m3_combo,BUY,2026-07-03 08:08:00+00:00,4182.16,4177.08,4194.87,2026-07-03 08:50:00+00:00,4177.08,SL,-5.53,5.08,-1.0886,8,S100_FVG_LONG
s100_m3_combo,SELL,2026-07-03 13:15:00+00:00,4168.39,4170.57,4162.95,2026-07-03 13:16:00+00:00,4170.57,SL,-2.63,2.18,-1.2064,13,S100_FVG_SHORT
s100_m3_combo,SELL,2026-07-03 13:38:00+00:00,4167.92,4171.58,4158.78,2026-07-03 14:08:00+00:00,4158.78,TP,8.69,3.66,2.3743,13,S100_FVG_SHORT
s100_m3_combo,BUY,2026-07-06 01:38:00+00:00,4196.86,4189.0,4216.51,2026-07-06 01:58:00+00:00,4189.0,SL,-8.31,7.86,-1.0573,1,S100_RSI3_MOMO_LONG
s100_m3_combo,SELL,2026-07-06 03:11:00+00:00,4171.98,4175.3,4163.7,2026-07-06 03:22:00+00:00,4163.7,TP,7.83,3.32,2.3584,3,S100_OB_SHORT
s100_m3_combo,SELL,2026-07-06 03:56:00+00:00,4166.66,4168.46,4162.18,2026-07-06 04:03:00+00:00,4162.18,TP,4.03,1.8,2.2389,3,S100_OB_SHORT
s100_m3_combo,SELL,2026-07-06 04:38:00+00:00,4159.3,4161.74,4153.18,2026-07-06 05:05:00+00:00,4153.18,TP,5.67,2.44,2.3238,4,S100_RSI3_MOMO_SHORT
s100_m3_combo,SELL,2026-07-06 05:11:00+00:00,4156.2,4158.02,4151.66,2026-07-06 05:13:00+00:00,4151.66,TP,4.09,1.82,2.2473,5,S100_FVG_SHORT
s100_m3_combo,SELL,2026-07-06 06:25:00+00:00,4154.68,4157.09,4148.66,2026-07-06 06:30:00+00:00,4157.09,SL,-2.86,2.41,-1.1867,6,S100_OB_SHORT
s100_m3_combo,SELL,2026-07-06 07:00:00+00:00,4151.38,4152.97,4147.41,2026-07-06 07:02:00+00:00,4152.97,SL,-2.04,1.59,-1.283,7,S100_FVG_SHORT
s100_m3_combo,SELL,2026-07-06 07:14:00+00:00,4149.78,4151.65,4145.1,2026-07-06 07:15:00+00:00,4151.65,SL,-2.32,1.87,-1.2406,7,S100_FVG_SHORT
s100_m3_combo,SELL,2026-07-06 08:07:00+00:00,4162.16,4164.59,4156.08,2026-07-06 08:15:00+00:00,4156.08,TP,5.63,2.43,2.3169,8,S100_FVG_SHORT
s100_m3_combo,SELL,2026-07-06 08:45:00+00:00,4150.56,4154.07,4141.78,2026-07-06 09:28:00+00:00,4141.78,TP,8.33,3.51,2.3732,8,S100_OB_SHORT
s100_m3_combo,SELL,2026-07-06 13:21:00+00:00,4142.53,4146.14,4133.5,2026-07-06 13:22:00+00:00,4146.14,SL,-4.06,3.61,-1.1247,13,S100_FVG_SHORT
s100_m3_combo,SELL,2026-07-06 13:50:00+00:00,4147.69,4150.12,4141.62,2026-07-06 13:56:00+00:00,4141.62,TP,5.62,2.43,2.3128,13,S100_OB_SHORT
s100_m3_combo,SELL,2026-07-06 14:10:00+00:00,4140.1,4145.33,4127.03,2026-07-06 15:08:00+00:00,4145.33,SL,-5.68,5.23,-1.086,14,S100_OB_SHORT
s100_m3_combo,SELL,2026-07-07 01:03:00+00:00,4146.81,4149.94,4138.96,2026-07-07 01:10:00+00:00,4138.96,TP,7.4,3.13,2.3642,1,S100_FVG_SHORT
s100_m3_combo,SELL,2026-07-07 01:23:00+00:00,4133.88,4138.59,4122.09,2026-07-07 01:33:00+00:00,4138.59,SL,-5.16,4.71,-1.0955,1,S100_RSI3_MOMO_SHORT
s100_m3_combo,SELL,2026-07-07 01:33:00+00:00,4139.26,4142.63,4130.84,2026-07-07 01:45:00+00:00,4142.63,SL,-3.82,3.37,-1.1335,1,S100_OB_SHORT
s100_m3_combo,SELL,2026-07-07 02:56:00+00:00,4135.44,4138.69,4127.32,2026-07-07 03:04:00+00:00,4138.69,SL,-3.7,3.25,-1.1385,2,S100_FVG_SHORT
s100_m3_combo,SELL,2026-07-07 03:29:00+00:00,4132.28,4135.47,4124.3,2026-07-07 04:08:00+00:00,4135.47,SL,-3.64,3.19,-1.1411,3,S100_RSI3_MOMO_SHORT
s100_m3_combo,SELL,2026-07-07 04:23:00+00:00,4132.73,4136.99,4122.09,2026-07-07 05:15:00+00:00,4122.09,TP,10.19,4.26,2.392,4,S100_FVG_SHORT
s100_m3_combo,SELL,2026-07-07 05:21:00+00:00,4122.57,4126.01,4113.98,2026-07-07 05:22:00+00:00,4126.01,SL,-3.89,3.44,-1.1308,5,S100_OB_SHORT
s100_m3_combo,SELL,2026-07-07 05:36:00+00:00,4124.86,4127.74,4117.68,2026-07-07 05:40:00+00:00,4117.68,TP,6.73,2.88,2.3368,5,S100_FVG_SHORT
s100_m3_combo,SELL,2026-07-07 07:09:00+00:00,4127.72,4130.04,4121.91,2026-07-07 07:13:00+00:00,4130.04,SL,-2.77,2.32,-1.194,7,S100_FVG_SHORT
s100_m3_combo,SELL,2026-07-07 07:27:00+00:00,4128.07,4129.67,4124.09,2026-07-07 07:35:00+00:00,4129.67,SL,-2.05,1.6,-1.2812,7,S100_FVG_SHORT
s100_m3_combo,SELL,2026-07-07 08:50:00+00:00,4127.96,4131.29,4119.64,2026-07-07 09:35:00+00:00,4131.29,SL,-3.78,3.33,-1.1351,8,S100_RSI3_MOMO_SHORT
s100_m3_combo,BUY,2026-07-07 13:24:00+00:00,4168.19,4164.77,4176.73,2026-07-07 13:25:00+00:00,4164.77,SL,-3.87,3.42,-1.1316,13,S100_FVG_LONG
s100_m3_combo,BUY,2026-07-07 14:51:00+00:00,4155.63,4151.52,4165.9,2026-07-07 15:00:00+00:00,4151.52,SL,-4.56,4.11,-1.1095,14,S100_FVG_LONG
s100_m3_combo,BUY,2026-07-07 15:45:00+00:00,4146.32,4144.42,4151.06,2026-07-07 15:47:00+00:00,4144.42,SL,-2.35,1.9,-1.2368,15,S100_FVG_LONG
s100_m3_combo,SELL,2026-07-08 01:14:00+00:00,4111.58,4115.91,4100.77,2026-07-08 01:33:00+00:00,4100.77,TP,10.36,4.33,2.3926,1,S100_OB_SHORT
s100_m3_combo,SELL,2026-07-08 02:59:00+00:00,4114.57,4118.41,4104.97,2026-07-08 03:00:00+00:00,4118.41,SL,-4.29,3.84,-1.1172,2,S100_RSI3_MOMO_SHORT
s100_m3_combo,BUY,2026-07-08 03:51:00+00:00,4128.2,4126.59,4132.24,2026-07-08 03:55:00+00:00,4126.59,SL,-2.06,1.61,-1.2795,3,S100_FVG_LONG
s100_m3_combo,BUY,2026-07-08 04:13:00+00:00,4124.96,4123.38,4128.91,2026-07-08 04:15:00+00:00,4123.38,SL,-2.03,1.58,-1.2848,4,S100_FVG_LONG
s100_m3_combo,BUY,2026-07-08 05:09:00+00:00,4130.27,4127.08,4138.23,2026-07-08 05:10:00+00:00,4127.08,SL,-3.64,3.19,-1.1411,5,S100_FVG_LONG
s100_m3_combo,BUY,2026-07-08 05:49:00+00:00,4125.58,4121.2,4136.54,2026-07-08 07:01:00+00:00,4124.375,TIME,-1.655,4.38,-0.3779,5,S100_OB_LONG
s100_m3_combo,BUY,2026-07-08 07:48:00+00:00,4124.6,4122.14,4130.76,2026-07-08 07:52:00+00:00,4122.14,SL,-2.91,2.46,-1.1829,7,S100_FVG_LONG
s100_m3_combo,SELL,2026-07-08 08:23:00+00:00,4084.44,4091.25,4067.41,2026-07-08 08:27:00+00:00,4091.25,SL,-7.26,6.81,-1.0661,8,S100_RSI3_MOMO_SHORT
s100_m3_combo,SELL,2026-07-08 08:33:00+00:00,4084.38,4090.36,4069.4,2026-07-08 08:39:00+00:00,4069.4,TP,14.53,5.98,2.4298,8,S100_OB_SHORT
s100_m3_combo,SELL,2026-07-08 08:47:00+00:00,4071.7,4078.43,4054.89,2026-07-08 08:57:00+00:00,4054.89,TP,16.36,6.73,2.4309,8,S100_FVG_SHORT
s100_m3_combo,SELL,2026-07-08 13:04:00+00:00,4080.01,4083.46,4071.37,2026-07-08 13:10:00+00:00,4071.37,TP,8.19,3.45,2.3739,13,S100_FVG_SHORT
s100_m3_combo,SELL,2026-07-08 13:30:00+00:00,4070.61,4073.9,4062.39,2026-07-08 13:31:00+00:00,4073.9,SL,-3.74,3.29,-1.1368,13,S100_OB_SHORT
s100_m3_combo,SELL,2026-07-08 14:11:00+00:00,4063.49,4069.98,4047.26,2026-07-08 14:37:00+00:00,4047.26,TP,15.78,6.49,2.4314,14,S100_RSI3_MOMO_SHORT
s100_m3_combo,SELL,2026-07-08 14:52:00+00:00,4045.16,4049.35,4034.69,2026-07-08 15:14:00+00:00,4034.69,TP,10.02,4.19,2.3914,14,S100_OB_SHORT
s100_m3_combo,SELL,2026-07-08 15:20:00+00:00,4034.91,4038.79,4025.22,2026-07-08 15:30:00+00:00,4025.22,TP,9.24,3.88,2.3814,15,S100_FVG_SHORT
s100_m3_combo,SELL,2026-07-08 15:35:00+00:00,4029.19,4032.17,4021.73,2026-07-08 15:38:00+00:00,4032.17,SL,-3.43,2.98,-1.151,15,S100_OB_SHORT
s100_m3_combo,SELL,2026-07-09 01:33:00+00:00,4072.18,4075.18,4064.69,2026-07-09 01:42:00+00:00,4075.18,SL,-3.45,3.0,-1.15,1,S100_OB_SHORT
s100_m3_combo,BUY,2026-07-09 02:29:00+00:00,4079.93,4078.4,4083.74,2026-07-09 02:30:00+00:00,4078.4,SL,-1.98,1.53,-1.2941,2,S100_OB_LONG
s100_m3_combo,SELL,2026-07-09 03:26:00+00:00,4061.28,4063.35,4056.11,2026-07-09 03:34:00+00:00,4063.35,SL,-2.52,2.07,-1.2174,3,S100_FVG_SHORT
s100_m3_combo,SELL,2026-07-09 04:05:00+00:00,4062.41,4064.8,4056.44,2026-07-09 05:00:00+00:00,4064.8,SL,-2.84,2.39,-1.1883,4,S100_OB_SHORT
s100_m3_combo,SELL,2026-07-09 05:21:00+00:00,4068.07,4074.57,4051.79,2026-07-09 05:38:00+00:00,4074.57,SL,-6.95,6.5,-1.0692,5,S100_OB_SHORT
s100_m3_combo,BUY,2026-07-09 05:59:00+00:00,4082.02,4077.95,4092.2,2026-07-09 06:00:00+00:00,4092.2,TP,9.73,4.07,2.3907,5,S100_RSI3_MOMO_LONG
s100_m3_combo,BUY,2026-07-09 06:06:00+00:00,4089.26,4083.24,4104.32,2026-07-09 06:32:00+00:00,4104.32,TP,14.61,6.02,2.4269,6,S100_FVG_LONG
s100_m3_combo,BUY,2026-07-09 08:10:00+00:00,4108.02,4105.0,4115.58,2026-07-09 08:21:00+00:00,4115.58,TP,7.11,3.02,2.3543,8,S100_OB_LONG
s100_m3_combo,BUY,2026-07-09 08:30:00+00:00,4114.12,4111.83,4119.87,2026-07-09 08:33:00+00:00,4111.83,SL,-2.74,2.29,-1.1965,8,S100_FVG_LONG
s100_m3_combo,BUY,2026-07-09 13:19:00+00:00,4120.15,4117.33,4127.18,2026-07-09 13:28:00+00:00,4127.18,TP,6.58,2.82,2.3333,13,S100_FVG_LONG
s100_m3_combo,BUY,2026-07-09 14:07:00+00:00,4129.15,4121.74,4147.67,2026-07-09 14:10:00+00:00,4121.74,SL,-7.86,7.41,-1.0607,14,S100_FVG_LONG
s100_m3_combo,BUY,2026-07-09 14:36:00+00:00,4124.85,4122.05,4131.87,2026-07-09 14:38:00+00:00,4122.05,SL,-3.25,2.8,-1.1607,14,S100_OB_LONG
s100_m3_combo,BUY,2026-07-09 15:26:00+00:00,4129.49,4126.08,4138.01,2026-07-09 16:04:00+00:00,4126.08,SL,-3.86,3.41,-1.132,15,S100_RSI3_MOMO_LONG
s100_m3_combo,SELL,2026-07-10 01:32:00+00:00,4119.84,4123.98,4109.47,2026-07-10 01:39:00+00:00,4109.47,TP,9.92,4.14,2.3961,1,S100_RSI3_MOMO_SHORT
s100_m3_combo,SELL,2026-07-10 01:47:00+00:00,4113.36,4117.0,4104.25,2026-07-10 01:53:00+00:00,4117.0,SL,-4.09,3.64,-1.1236,1,S100_FVG_SHORT
s100_m3_combo,BUY,2026-07-10 02:53:00+00:00,4128.53,4125.45,4136.25,2026-07-10 03:20:00+00:00,4125.45,SL,-3.53,3.08,-1.1461,2,S100_RSI3_MOMO_LONG
s100_m3_combo,SELL,2026-07-10 04:27:00+00:00,4114.48,4118.2,4105.15,2026-07-10 04:31:00+00:00,4118.2,SL,-4.17,3.72,-1.121,4,S100_FVG_SHORT
s100_m3_combo,SELL,2026-07-10 05:02:00+00:00,4115.16,4117.45,4109.45,2026-07-10 05:38:00+00:00,4109.45,TP,5.26,2.29,2.2969,5,S100_RSI3_MOMO_SHORT
s100_m3_combo,SELL,2026-07-10 05:38:00+00:00,4110.68,4113.29,4104.14,2026-07-10 05:44:00+00:00,4113.29,SL,-3.06,2.61,-1.1724,5,S100_RSI3_MOMO_SHORT
s100_m3_combo,SELL,2026-07-10 06:47:00+00:00,4113.92,4116.03,4108.63,2026-07-10 07:43:00+00:00,4108.63,TP,4.84,2.11,2.2938,6,S100_OB_SHORT
s100_m3_combo,SELL,2026-07-10 07:50:00+00:00,4107.47,4110.4,4100.14,2026-07-10 08:37:00+00:00,4100.14,TP,6.88,2.93,2.3481,7,S100_FVG_SHORT
s100_m3_combo,SELL,2026-07-10 08:39:00+00:00,4102.63,4104.28,4098.51,2026-07-10 08:48:00+00:00,4098.51,TP,3.67,1.65,2.2242,8,S100_FVG_SHORT
s100_m3_combo,SELL,2026-07-10 13:31:00+00:00,4095.97,4099.48,4087.19,2026-07-10 13:41:00+00:00,4099.48,SL,-3.96,3.51,-1.1282,13,S100_FVG_SHORT
s100_m3_combo,SELL,2026-07-10 14:48:00+00:00,4104.9,4107.6,4098.14,2026-07-10 14:49:00+00:00,4107.6,SL,-3.15,2.7,-1.1667,14,S100_OB_SHORT
s100_m3_combo,SELL,2026-07-10 15:00:00+00:00,4095.74,4102.01,4080.06,2026-07-10 15:16:00+00:00,4102.01,SL,-6.72,6.27,-1.0718,15,S100_FVG_SHORT
s100_m3_combo,SELL,2026-07-13 01:25:00+00:00,4076.41,4079.06,4069.78,2026-07-13 01:27:00+00:00,4079.06,SL,-3.1,2.65,-1.1698,1,S100_FVG_SHORT
s100_m3_combo,SELL,2026-07-13 02:12:00+00:00,4074.9,4080.37,4061.23,2026-07-13 03:06:00+00:00,4061.23,TP,13.22,5.47,2.4168,2,S100_FVG_SHORT
s100_m3_combo,SELL,2026-07-13 04:07:00+00:00,4058.46,4060.02,4054.56,2026-07-13 04:13:00+00:00,4054.56,TP,3.45,1.56,2.2115,4,S100_FVG_SHORT
s100_m3_combo,SELL,2026-07-13 05:33:00+00:00,4059.2,4061.35,4053.81,2026-07-13 05:34:00+00:00,4061.35,SL,-2.6,2.15,-1.2093,5,S100_FVG_SHORT
s100_m3_combo,SELL,2026-07-13 06:09:00+00:00,4053.76,4055.63,4049.1,2026-07-13 06:21:00+00:00,4055.63,SL,-2.32,1.87,-1.2406,6,S100_OB_SHORT
s100_m3_combo,SELL,2026-07-13 06:59:00+00:00,4054.79,4056.46,4050.62,2026-07-13 07:00:00+00:00,4056.46,SL,-2.12,1.67,-1.2695,6,S100_FVG_SHORT
s100_m3_combo,SELL,2026-07-13 07:49:00+00:00,4059.53,4061.68,4054.18,2026-07-13 07:54:00+00:00,4061.68,SL,-2.6,2.15,-1.2093,7,S100_OB_SHORT
s100_m3_combo,BUY,2026-07-13 08:56:00+00:00,4075.75,4073.34,4081.78,2026-07-13 09:03:00+00:00,4073.34,SL,-2.86,2.41,-1.1867,8,S100_OB_LONG
s100_m3_combo,SELL,2026-07-13 13:38:00+00:00,4058.14,4061.93,4048.68,2026-07-13 13:50:00+00:00,4048.68,TP,9.01,3.79,2.3773,13,S100_RSI3_MOMO_SHORT
s100_m3_combo,SELL,2026-07-13 13:54:00+00:00,4050.45,4054.23,4041.03,2026-07-13 14:00:00+00:00,4041.03,TP,8.97,3.78,2.373,13,S100_FVG_SHORT
s100_m3_combo,SELL,2026-07-13 14:25:00+00:00,4025.38,4035.74,3999.48,2026-07-13 15:37:00+00:00,4016.725,TIME,8.205,10.36,0.792,14,S100_FVG_SHORT
s100_m3_combo,SELL,2026-07-13 15:47:00+00:00,4012.63,4016.17,4003.78,2026-07-13 15:59:00+00:00,4016.17,SL,-3.99,3.54,-1.1271,15,S100_RSI3_MOMO_SHORT
s100_m3_combo,SELL,2026-07-14 01:17:00+00:00,4000.18,4005.08,3987.94,2026-07-14 01:52:00+00:00,4005.08,SL,-5.35,4.9,-1.0918,1,S100_FVG_SHORT
s100_m3_combo,BUY,2026-07-14 02:20:00+00:00,4017.26,4012.67,4028.75,2026-07-14 02:42:00+00:00,4012.67,SL,-5.04,4.59,-1.098,2,S100_RSI3_MOMO_LONG
s100_m3_combo,BUY,2026-07-14 04:44:00+00:00,4020.7,4016.98,4030.01,2026-07-14 04:50:00+00:00,4016.98,SL,-4.17,3.72,-1.121,4,S100_FVG_LONG
s100_m3_combo,BUY,2026-07-14 05:11:00+00:00,4023.32,4020.65,4030.0,2026-07-14 05:17:00+00:00,4020.65,SL,-3.12,2.67,-1.1685,5,S100_RSI3_MOMO_LONG
s100_m3_combo,BUY,2026-07-14 05:41:00+00:00,4030.86,4028.27,4037.32,2026-07-14 06:19:00+00:00,4028.27,SL,-3.04,2.59,-1.1737,5,S100_RSI3_MOMO_LONG
s100_m3_combo,BUY,2026-07-14 07:11:00+00:00,4027.07,4023.66,4035.6,2026-07-14 07:33:00+00:00,4023.66,SL,-3.86,3.41,-1.132,7,S100_FVG_LONG
s100_m3_combo,BUY,2026-07-14 08:30:00+00:00,4020.55,4019.05,4024.31,2026-07-14 08:33:00+00:00,4019.05,SL,-1.95,1.5,-1.3,8,S100_OB_LONG
s100_m3_combo,BUY,2026-07-14 13:32:00+00:00,4077.07,4074.78,4082.79,2026-07-14 13:37:00+00:00,4082.79,TP,5.27,2.29,2.3013,13,S100_OB_LONG
s100_m3_combo,BUY,2026-07-14 13:42:00+00:00,4083.76,4079.8,4093.68,2026-07-14 13:52:00+00:00,4079.8,SL,-4.41,3.96,-1.1136,13,S100_FVG_LONG
s100_m3_combo,BUY,2026-07-14 14:59:00+00:00,4085.16,4079.13,4100.23,2026-07-14 15:03:00+00:00,4079.13,SL,-6.48,6.03,-1.0746,14,S100_RSI3_MOMO_LONG
s100_m3_combo,BUY,2026-07-14 15:25:00+00:00,4085.21,4078.85,4101.11,2026-07-14 15:35:00+00:00,4078.85,SL,-6.81,6.36,-1.0708,15,S100_OB_LONG
s100_m3_combo,BUY,2026-07-15 01:00:00+00:00,4059.3,4056.43,4066.46,2026-07-15 01:03:00+00:00,4056.43,SL,-3.32,2.87,-1.1568,1,S100_RSI3_MOMO_LONG
s100_m3_combo,SELL,2026-07-15 01:20:00+00:00,4054.28,4057.63,4045.89,2026-07-15 01:35:00+00:00,4045.89,TP,7.94,3.35,2.3701,1,S100_RSI3_MOMO_SHORT
s100_m3_combo,SELL,2026-07-15 01:45:00+00:00,4040.8,4046.7,4026.04,2026-07-15 02:57:00+00:00,4038.77,TIME,1.58,5.9,0.2678,1,S100_FVG_SHORT
s100_m3_combo,SELL,2026-07-15 03:25:00+00:00,4032.46,4034.16,4028.21,2026-07-15 03:30:00+00:00,4028.21,TP,3.8,1.7,2.2353,3,S100_FVG_SHORT
s100_m3_combo,SELL,2026-07-15 03:45:00+00:00,4030.6,4034.4,4021.11,2026-07-15 04:26:00+00:00,4034.4,SL,-4.25,3.8,-1.1184,3,S100_FVG_SHORT
s100_m3_combo,SELL,2026-07-15 04:45:00+00:00,4030.74,4032.3,4026.86,2026-07-15 04:46:00+00:00,4032.3,SL,-2.01,1.56,-1.2885,4,S100_FVG_SHORT
s100_m3_combo,SELL,2026-07-15 05:39:00+00:00,4030.83,4033.12,4025.1,2026-07-15 05:41:00+00:00,4033.12,SL,-2.74,2.29,-1.1965,5,S100_OB_SHORT
s100_m3_combo,SELL,2026-07-15 06:17:00+00:00,4026.23,4029.54,4017.95,2026-07-15 06:36:00+00:00,4029.54,SL,-3.76,3.31,-1.136,6,S100_RSI3_MOMO_SHORT
s100_m3_combo,SELL,2026-07-15 07:41:00+00:00,4020.53,4023.74,4012.51,2026-07-15 07:46:00+00:00,4023.74,SL,-3.66,3.21,-1.1402,7,S100_RSI3_MOMO_SHORT
s100_m3_combo,BUY,2026-07-15 14:11:00+00:00,4065.28,4060.83,4076.39,2026-07-15 14:18:00+00:00,4060.83,SL,-4.9,4.45,-1.1011,14,S100_RSI3_MOMO_LONG
s100_m3_combo,BUY,2026-07-15 14:43:00+00:00,4058.8,4056.45,4064.68,2026-07-15 14:45:00+00:00,4056.45,SL,-2.8,2.35,-1.1915,14,S100_OB_LONG
s100_m3_combo,BUY,2026-07-15 15:31:00+00:00,4045.45,4042.15,4053.7,2026-07-15 16:06:00+00:00,4042.15,SL,-3.75,3.3,-1.1364,15,S100_FVG_LONG
s100_m3_combo,SELL,2026-07-16 01:31:00+00:00,4040.36,4042.61,4034.75,2026-07-16 01:35:00+00:00,4042.61,SL,-2.7,2.25,-1.2,1,S100_OB_SHORT
s100_m3_combo,SELL,2026-07-16 02:12:00+00:00,4034.9,4036.86,4029.99,2026-07-16 02:16:00+00:00,4029.99,TP,4.46,1.96,2.2755,2,S100_OB_SHORT
s100_m3_combo,SELL,2026-07-16 02:17:00+00:00,4032.18,4035.82,4023.06,2026-07-16 02:30:00+00:00,4035.82,SL,-4.09,3.64,-1.1236,2,S100_RSI3_MOMO_SHORT
s100_m3_combo,SELL,2026-07-16 02:33:00+00:00,4032.22,4035.39,4024.29,2026-07-16 02:41:00+00:00,4024.29,TP,7.48,3.17,2.3596,2,S100_OB_SHORT
s100_m3_combo,SELL,2026-07-16 02:44:00+00:00,4028.49,4031.46,4021.04,2026-07-16 02:56:00+00:00,4031.46,SL,-3.42,2.97,-1.1515,2,S100_FVG_SHORT
s100_m3_combo,SELL,2026-07-16 05:55:00+00:00,4028.98,4033.1,4018.69,2026-07-16 06:04:00+00:00,4033.1,SL,-4.57,4.12,-1.1092,5,S100_OB_SHORT
s100_m3_combo,SELL,2026-07-16 06:39:00+00:00,4026.61,4029.87,4018.44,2026-07-16 06:53:00+00:00,4029.87,SL,-3.71,3.26,-1.138,6,S100_FVG_SHORT
s100_m3_combo,SELL,2026-07-16 07:20:00+00:00,4026.49,4028.37,4021.8,2026-07-16 07:41:00+00:00,4028.37,SL,-2.33,1.88,-1.2394,7,S100_FVG_SHORT
s100_m3_combo,SELL,2026-07-16 13:00:00+00:00,3995.93,3999.55,3986.87,2026-07-16 13:02:00+00:00,3986.87,TP,8.61,3.62,2.3785,13,S100_FVG_SHORT
s100_m3_combo,SELL,2026-07-16 13:10:00+00:00,3987.2,3992.31,3974.45,2026-07-16 13:13:00+00:00,3992.31,SL,-5.56,5.11,-1.0881,13,S100_FVG_SHORT
s100_m3_combo,SELL,2026-07-16 13:50:00+00:00,3993.64,4001.52,3973.95,2026-07-16 14:33:00+00:00,4001.52,SL,-8.33,7.88,-1.0571,13,S100_FVG_SHORT
s100_m3_combo,SELL,2026-07-16 15:20:00+00:00,4000.13,4004.12,3990.17,2026-07-16 15:21:00+00:00,4004.12,SL,-4.44,3.99,-1.1128,15,S100_FVG_SHORT
s100_m3_combo,BUY,2026-07-17 01:22:00+00:00,3991.53,3989.15,3997.47,2026-07-17 01:26:00+00:00,3989.15,SL,-2.83,2.38,-1.1891,1,S100_OB_LONG
s100_m3_combo,BUY,2026-07-17 01:36:00+00:00,3991.26,3988.4,3998.41,2026-07-17 01:46:00+00:00,3988.4,SL,-3.31,2.86,-1.1573,1,S100_OB_LONG
s100_m3_combo,BUY,2026-07-17 03:52:00+00:00,3993.26,3989.89,4001.69,2026-07-17 04:00:00+00:00,3989.89,SL,-3.82,3.37,-1.1335,3,S100_FVG_LONG
s100_m3_combo,SELL,2026-07-17 06:00:00+00:00,3987.84,3989.6,3983.44,2026-07-17 06:02:00+00:00,3989.6,SL,-2.21,1.76,-1.2557,6,S100_OB_SHORT
s100_m3_combo,BUY,2026-07-17 06:25:00+00:00,4001.91,3999.15,4008.81,2026-07-17 06:38:00+00:00,3999.15,SL,-3.21,2.76,-1.163,6,S100_FVG_LONG
s100_m3_combo,BUY,2026-07-17 08:10:00+00:00,3995.92,3993.54,4001.87,2026-07-17 08:11:00+00:00,3993.54,SL,-2.83,2.38,-1.1891,8,S100_FVG_LONG
s100_m3_combo,BUY,2026-07-17 08:51:00+00:00,3995.82,3992.64,4003.78,2026-07-17 10:03:00+00:00,3995.975,TIME,-0.295,3.18,-0.0928,8,S100_FVG_LONG
s100_m3_combo,BUY,2026-07-17 14:30:00+00:00,3995.54,3993.32,4001.08,2026-07-17 14:33:00+00:00,3993.32,SL,-2.67,2.22,-1.2027,14,S100_OB_LONG
s100_m3_combo,BUY,2026-07-17 15:01:00+00:00,3998.02,3993.44,4009.47,2026-07-17 15:04:00+00:00,4009.47,TP,11.0,4.58,2.4017,15,S100_OB_LONG
s100_m3_combo,BUY,2026-07-17 15:50:00+00:00,4017.38,4012.91,4028.56,2026-07-17 16:01:00+00:00,4012.91,SL,-4.92,4.47,-1.1007,15,S100_RSI3_MOMO_LONG
s100_m3_combo,BUY,2026-07-20 01:18:00+00:00,4005.41,4002.8,4011.91,2026-07-20 01:20:00+00:00,4002.8,SL,-3.06,2.61,-1.1724,1,S100_FVG_LONG
s100_m3_combo,BUY,2026-07-20 02:40:00+00:00,4010.48,4008.29,4015.95,2026-07-20 02:43:00+00:00,4015.95,TP,5.02,2.19,2.2922,2,S100_FVG_LONG
s100_m3_combo,BUY,2026-07-20 03:00:00+00:00,4020.95,4018.04,4028.22,2026-07-20 04:12:00+00:00,4022.78,TIME,1.38,2.91,0.4742,3,S100_FVG_LONG
s100_m3_combo,BUY,2026-07-20 04:30:00+00:00,4024.2,4021.75,4030.33,2026-07-20 04:45:00+00:00,4021.75,SL,-2.9,2.45,-1.1837,4,S100_OB_LONG
s100_m3_combo,BUY,2026-07-20 06:04:00+00:00,4010.41,4008.08,4016.23,2026-07-20 06:05:00+00:00,4008.08,SL,-2.78,2.33,-1.1931,6,S100_OB_LONG
s100_m3_combo,BUY,2026-07-20 08:06:00+00:00,4020.8,4018.4,4026.8,2026-07-20 08:16:00+00:00,4026.8,TP,5.55,2.4,2.3125,8,S100_FVG_LONG
s100_m3_combo,BUY,2026-07-20 08:20:00+00:00,4023.7,4019.93,4033.1,2026-07-20 08:30:00+00:00,4019.93,SL,-4.22,3.77,-1.1194,8,S100_FVG_LONG
s100_m3_combo,SELL,2026-07-20 14:19:00+00:00,4002.97,4004.93,3998.06,2026-07-20 14:26:00+00:00,4004.93,SL,-2.41,1.96,-1.2296,14,S100_OB_SHORT
s100_m3_combo,SELL,2026-07-20 15:50:00+00:00,4015.45,4017.23,4011.0,2026-07-20 16:06:00+00:00,4017.23,SL,-2.23,1.78,-1.2528,15,S100_OB_SHORT
s100_m3_combo,BUY,2026-07-21 02:27:00+00:00,4025.79,4024.27,4029.6,2026-07-21 02:29:00+00:00,4029.6,TP,3.36,1.52,2.2105,2,S100_FVG_LONG
s100_m3_combo,BUY,2026-07-21 02:44:00+00:00,4035.89,4031.64,4046.53,2026-07-21 02:52:00+00:00,4031.64,SL,-4.7,4.25,-1.1059,2,S100_FVG_LONG
s100_m3_combo,BUY,2026-07-21 03:32:00+00:00,4044.88,4039.49,4058.35,2026-07-21 04:44:00+00:00,4047.3,TIME,1.97,5.39,0.3655,3,S100_FVG_LONG
s100_m3_combo,BUY,2026-07-21 04:45:00+00:00,4046.36,4044.85,4050.14,2026-07-21 05:00:00+00:00,4050.14,TP,3.33,1.51,2.2053,4,S100_OB_LONG
s100_m3_combo,BUY,2026-07-21 05:51:00+00:00,4063.59,4061.33,4069.21,2026-07-21 05:59:00+00:00,4061.33,SL,-2.71,2.26,-1.1991,5,S100_FVG_LONG
s100_m3_combo,BUY,2026-07-21 06:17:00+00:00,4069.69,4065.78,4079.48,2026-07-21 06:41:00+00:00,4079.48,TP,9.34,3.91,2.3887,6,S100_FVG_LONG
s100_m3_combo,BUY,2026-07-21 07:41:00+00:00,4072.61,4070.34,4078.26,2026-07-21 07:47:00+00:00,4070.34,SL,-2.72,2.27,-1.1982,7,S100_FVG_LONG
s100_m3_combo,BUY,2026-07-21 13:04:00+00:00,4056.47,4053.17,4064.74,2026-07-21 13:24:00+00:00,4053.17,SL,-3.75,3.3,-1.1364,13,S100_OB_LONG
s100_m3_combo,SELL,2026-07-21 13:48:00+00:00,4047.91,4050.51,4041.42,2026-07-21 13:49:00+00:00,4050.51,SL,-3.05,2.6,-1.1731,13,S100_FVG_SHORT
s100_m3_combo,BUY,2026-07-21 14:29:00+00:00,4069.42,4064.72,4081.17,2026-07-21 14:37:00+00:00,4064.72,SL,-5.15,4.7,-1.0957,14,S100_RSI3_MOMO_LONG
s100_m3_combo,BUY,2026-07-21 15:33:00+00:00,4078.05,4075.4,4084.67,2026-07-21 15:45:00+00:00,4075.4,SL,-3.1,2.65,-1.1698,15,S100_OB_LONG
s100_m3_combo,BUY,2026-07-22 01:09:00+00:00,4112.93,4108.21,4124.73,2026-07-22 02:17:00+00:00,4124.73,TP,11.35,4.72,2.4047,1,S100_FVG_LONG
s100_m3_combo,BUY,2026-07-22 02:23:00+00:00,4125.1,4121.81,4133.34,2026-07-22 03:04:00+00:00,4133.34,TP,7.79,3.29,2.3678,2,S100_RSI3_MOMO_LONG
s100_m3_combo,BUY,2026-07-22 03:04:00+00:00,4132.21,4128.83,4140.66,2026-07-22 03:08:00+00:00,4140.66,TP,8.0,3.38,2.3669,3,S100_RSI3_MOMO_LONG
s100_m3_combo,BUY,2026-07-22 03:12:00+00:00,4136.56,4133.98,4143.04,2026-07-22 03:35:00+00:00,4133.98,SL,-3.03,2.58,-1.1744,3,S100_FVG_LONG
s100_m3_combo,BUY,2026-07-22 05:11:00+00:00,4128.93,4127.14,4133.39,2026-07-22 05:16:00+00:00,4127.14,SL,-2.24,1.79,-1.2514,5,S100_RSI3_MOMO_LONG
s100_m3_combo,BUY,2026-07-22 06:06:00+00:00,4131.82,4128.46,4140.22,2026-07-22 06:23:00+00:00,4128.46,SL,-3.81,3.36,-1.1339,6,S100_OB_LONG
s100_m3_combo,BUY,2026-07-22 07:25:00+00:00,4117.95,4116.04,4122.74,2026-07-22 07:30:00+00:00,4122.74,TP,4.34,1.91,2.2723,7,S100_FVG_LONG
s100_m3_combo,BUY,2026-07-22 08:10:00+00:00,4113.44,4110.15,4121.64,2026-07-22 09:07:00+00:00,4121.64,TP,7.75,3.29,2.3556,8,S100_OB_LONG
s100_m3_combo,BUY,2026-07-22 14:15:00+00:00,4153.3,4146.13,4171.22,2026-07-22 14:26:00+00:00,4146.13,SL,-7.62,7.17,-1.0628,14,S100_FVG_LONG
s100_m3_combo,BUY,2026-07-22 15:08:00+00:00,4155.47,4151.45,4165.5,2026-07-22 15:52:00+00:00,4165.5,TP,9.58,4.02,2.3831,15,S100_RSI3_MOMO_LONG
s100_m3_combo,BUY,2026-07-22 15:54:00+00:00,4163.58,4160.41,4171.51,2026-07-22 15:56:00+00:00,4160.41,SL,-3.62,3.17,-1.142,15,S100_FVG_LONG
s100_m3_combo,SELL,2026-07-23 04:47:00+00:00,4124.24,4127.07,4117.17,2026-07-23 05:30:00+00:00,4127.07,SL,-3.28,2.83,-1.159,4,S100_FVG_SHORT
s100_m3_combo,SELL,2026-07-23 05:59:00+00:00,4124.53,4127.22,4117.81,2026-07-23 06:00:00+00:00,4127.22,SL,-3.14,2.69,-1.1673,5,S100_OB_SHORT
s100_m3_combo,SELL,2026-07-23 07:15:00+00:00,4107.65,4112.29,4096.06,2026-07-23 07:42:00+00:00,4096.06,TP,11.14,4.64,2.4009,7,S100_FVG_SHORT
s100_m3_combo,SELL,2026-07-23 08:00:00+00:00,4097.03,4100.52,4088.3,2026-07-23 08:48:00+00:00,4088.3,TP,8.28,3.49,2.3725,8,S100_FVG_SHORT
s100_m3_combo,SELL,2026-07-23 13:19:00+00:00,4049.56,4053.61,4039.43,2026-07-23 13:23:00+00:00,4053.61,SL,-4.5,4.05,-1.1111,13,S100_FVG_SHORT
s100_m3_combo,SELL,2026-07-23 13:42:00+00:00,4059.28,4063.46,4048.85,2026-07-23 13:57:00+00:00,4048.85,TP,9.98,4.18,2.3876,13,S100_FVG_SHORT
s100_m3_combo,SELL,2026-07-23 14:09:00+00:00,4045.36,4047.06,4041.11,2026-07-23 14:10:00+00:00,4047.06,SL,-2.15,1.7,-1.2647,14,S100_OB_SHORT
s100_m3_combo,SELL,2026-07-23 15:36:00+00:00,4048.8,4050.36,4044.91,2026-07-23 15:37:00+00:00,4050.36,SL,-2.01,1.56,-1.2885,15,S100_OB_SHORT
s100_m3_combo,SELL,2026-07-24 01:11:00+00:00,4041.49,4044.38,4034.28,2026-07-24 01:16:00+00:00,4044.38,SL,-3.34,2.89,-1.1557,1,S100_RSI3_MOMO_SHORT
s100_m3_combo,SELL,2026-07-24 05:23:00+00:00,4028.16,4030.97,4021.11,2026-07-24 05:34:00+00:00,4030.97,SL,-3.26,2.81,-1.1601,5,S100_OB_SHORT
s100_m3_combo,SELL,2026-07-24 06:02:00+00:00,4025.72,4028.18,4019.59,2026-07-24 06:10:00+00:00,4028.18,SL,-2.91,2.46,-1.1829,6,S100_FVG_SHORT
s100_m3_combo,BUY,2026-07-24 07:15:00+00:00,4044.82,4042.91,4049.59,2026-07-24 07:25:00+00:00,4049.59,TP,4.32,1.91,2.2618,7,S100_FVG_LONG
s100_m3_combo,BUY,2026-07-24 07:35:00+00:00,4051.3,4047.78,4060.12,2026-07-24 07:39:00+00:00,4047.78,SL,-3.97,3.52,-1.1278,7,S100_RSI3_MOMO_LONG
s100_m3_combo,BUY,2026-07-24 08:34:00+00:00,4050.43,4048.6,4055.03,2026-07-24 08:43:00+00:00,4055.03,TP,4.15,1.83,2.2678,8,S100_FVG_LONG
s100_m3_combo,BUY,2026-07-24 08:59:00+00:00,4057.65,4055.03,4064.2,2026-07-24 09:11:00+00:00,4055.03,SL,-3.07,2.62,-1.1718,8,S100_RSI3_MOMO_LONG
s100_m3_combo,BUY,2026-07-24 13:00:00+00:00,4055.25,4051.52,4064.57,2026-07-24 13:05:00+00:00,4051.52,SL,-4.18,3.73,-1.1206,13,S100_OB_LONG
s100_m3_combo,BUY,2026-07-24 14:04:00+00:00,4064.0,4060.15,4073.61,2026-07-24 14:07:00+00:00,4060.15,SL,-4.3,3.85,-1.1169,14,S100_FVG_LONG
s100_m3_combo,BUY,2026-07-24 14:37:00+00:00,4062.66,4057.97,4074.4,2026-07-24 15:11:00+00:00,4074.4,TP,11.29,4.69,2.4072,14,S100_FVG_LONG
s100_m3_combo,BUY,2026-07-24 15:41:00+00:00,4075.26,4073.09,4080.7,2026-07-24 15:43:00+00:00,4073.09,SL,-2.62,2.17,-1.2074,15,S100_OB_LONG
s100_m3_combo,BUY,2026-07-27 02:03:00+00:00,4105.79,4102.81,4113.24,2026-07-27 02:23:00+00:00,4102.81,SL,-3.43,2.98,-1.151,2,S100_OB_LONG
s100_m3_combo,BUY,2026-07-27 06:05:00+00:00,4092.16,4088.95,4100.17,2026-07-27 07:01:00+00:00,4100.17,TP,7.56,3.21,2.3551,6,S100_FVG_LONG
s100_m3_combo,BUY,2026-07-27 07:15:00+00:00,4100.01,4097.32,4106.72,2026-07-27 07:42:00+00:00,4097.32,SL,-3.14,2.69,-1.1673,7,S100_OB_LONG
s100_m3_combo,SELL,2026-07-27 13:35:00+00:00,4082.17,4084.43,4076.53,2026-07-27 13:38:00+00:00,4084.43,SL,-2.71,2.26,-1.1991,13,S100_FVG_SHORT
s100_m3_combo,SELL,2026-07-27 14:33:00+00:00,4069.78,4072.6,4062.73,2026-07-27 14:46:00+00:00,4072.6,SL,-3.27,2.82,-1.1596,14,S100_FVG_SHORT
s100_m3_combo,SELL,2026-07-27 15:42:00+00:00,4075.8,4077.31,4072.05,2026-07-27 15:50:00+00:00,4077.31,SL,-1.96,1.51,-1.298,15,S100_OB_SHORT
s100_m3_combo,SELL,2026-07-28 01:50:00+00:00,4046.48,4049.77,4038.26,2026-07-28 03:02:00+00:00,4041.65,TIME,4.38,3.29,1.3313,1,S100_RSI3_MOMO_SHORT
s100_m3_combo,SELL,2026-07-28 04:54:00+00:00,4044.55,4046.81,4038.91,2026-07-28 05:32:00+00:00,4038.91,TP,5.19,2.26,2.2965,4,S100_FVG_SHORT
s100_m3_combo,SELL,2026-07-28 05:42:00+00:00,4039.84,4041.85,4034.81,2026-07-28 05:43:00+00:00,4041.85,SL,-2.46,2.01,-1.2239,5,S100_FVG_SHORT
s100_m3_combo,SELL,2026-07-28 06:48:00+00:00,4049.18,4051.54,4043.3,2026-07-28 06:55:00+00:00,4051.54,SL,-2.81,2.36,-1.1907,6,S100_OB_SHORT
s100_m3_combo,SELL,2026-07-28 08:37:00+00:00,4046.27,4049.31,4038.66,2026-07-28 09:30:00+00:00,4038.66,TP,7.16,3.04,2.3553,8,S100_FVG_SHORT
s100_m3_combo,SELL,2026-07-28 13:20:00+00:00,4031.67,4034.23,4025.28,2026-07-28 13:21:00+00:00,4034.23,SL,-3.01,2.56,-1.1758,13,S100_OB_SHORT
s100_m3_combo,SELL,2026-07-28 13:42:00+00:00,4023.76,4029.08,4010.46,2026-07-28 13:52:00+00:00,4029.08,SL,-5.77,5.32,-1.0846,13,S100_FVG_SHORT
s100_m3_combo,SELL,2026-07-28 14:24:00+00:00,4019.15,4023.61,4007.99,2026-07-28 14:31:00+00:00,4023.61,SL,-4.91,4.46,-1.1009,14,S100_FVG_SHORT
s100_m3_combo,SELL,2026-07-28 15:06:00+00:00,4024.43,4026.77,4018.59,2026-07-28 15:09:00+00:00,4026.77,SL,-2.79,2.34,-1.1923,15,S100_OB_SHORT
s100_m3_combo,SELL,2026-07-29 01:10:00+00:00,4016.46,4021.25,4004.48,2026-07-29 01:31:00+00:00,4021.25,SL,-5.24,4.79,-1.0939,1,S100_FVG_SHORT
s100_m3_combo,SELL,2026-07-29 02:01:00+00:00,4027.11,4029.08,4022.21,2026-07-29 02:02:00+00:00,4029.08,SL,-2.42,1.97,-1.2284,2,S100_OB_SHORT
s100_m3_combo,BUY,2026-07-29 02:27:00+00:00,4031.97,4027.35,4043.54,2026-07-29 03:15:00+00:00,4027.35,SL,-5.07,4.62,-1.0974,2,S100_FVG_LONG
s100_m3_combo,BUY,2026-07-29 05:27:00+00:00,4030.09,4028.28,4034.61,2026-07-29 05:30:00+00:00,4034.61,TP,4.07,1.81,2.2486,5,S100_FVG_LONG
s100_m3_combo,BUY,2026-07-29 05:48:00+00:00,4034.98,4033.1,4039.69,2026-07-29 05:56:00+00:00,4033.1,SL,-2.33,1.88,-1.2394,5,S100_FVG_LONG
s100_m3_combo,BUY,2026-07-29 06:20:00+00:00,4037.38,4034.71,4044.04,2026-07-29 06:35:00+00:00,4044.04,TP,6.21,2.67,2.3258,6,S100_OB_LONG
s100_m3_combo,BUY,2026-07-29 07:23:00+00:00,4046.47,4044.55,4051.25,2026-07-29 07:49:00+00:00,4044.55,SL,-2.37,1.92,-1.2344,7,S100_RSI3_MOMO_LONG
s100_m3_combo,SELL,2026-07-29 13:11:00+00:00,4018.6,4022.68,4008.4,2026-07-29 13:23:00+00:00,4022.68,SL,-4.53,4.08,-1.1103,13,S100_FVG_SHORT
s100_m3_combo,SELL,2026-07-29 13:34:00+00:00,4016.09,4020.71,4004.54,2026-07-29 13:57:00+00:00,4004.54,TP,11.1,4.62,2.4026,13,S100_FVG_SHORT
s100_m3_combo,SELL,2026-07-29 14:16:00+00:00,4003.17,4005.93,3996.26,2026-07-29 14:18:00+00:00,4005.93,SL,-3.21,2.76,-1.163,14,S100_OB_SHORT
s100_m3_combo,BUY,2026-07-30 01:09:00+00:00,4087.96,4083.1,4100.11,2026-07-30 01:12:00+00:00,4083.1,SL,-5.31,4.86,-1.0926,1,S100_FVG_LONG
s100_m3_combo,BUY,2026-07-30 01:41:00+00:00,4089.29,4083.08,4104.82,2026-07-30 02:14:00+00:00,4083.08,SL,-6.66,6.21,-1.0725,1,S100_RSI3_MOMO_LONG
s100_m3_combo,SELL,2026-07-30 04:44:00+00:00,4050.44,4052.14,4046.19,2026-07-30 04:50:00+00:00,4046.19,TP,3.8,1.7,2.2353,4,S100_FVG_SHORT
s100_m3_combo,SELL,2026-07-30 05:28:00+00:00,4046.42,4048.54,4041.12,2026-07-30 05:30:00+00:00,4048.54,SL,-2.57,2.12,-1.2123,5,S100_OB_SHORT
s100_m3_combo,SELL,2026-07-30 05:42:00+00:00,4036.65,4043.54,4019.43,2026-07-30 06:54:00+00:00,4038.59,TIME,-2.39,6.89,-0.3469,5,S100_FVG_SHORT
s100_m3_combo,SELL,2026-07-30 08:04:00+00:00,4042.41,4046.36,4032.55,2026-07-30 08:05:00+00:00,4046.36,SL,-4.4,3.95,-1.1139,8,S100_OB_SHORT
s100_m3_combo,BUY,2026-07-30 13:10:00+00:00,4071.46,4067.47,4081.43,2026-07-30 13:22:00+00:00,4081.43,TP,9.52,3.99,2.386,13,S100_OB_LONG
s100_m3_combo,BUY,2026-07-30 14:04:00+00:00,4108.15,4102.71,4121.74,2026-07-30 14:07:00+00:00,4102.71,SL,-5.89,5.44,-1.0827,14,S100_FVG_LONG
s100_m3_combo,BUY,2026-07-30 14:55:00+00:00,4097.66,4087.87,4122.16,2026-07-30 15:10:00+00:00,4087.87,SL,-10.24,9.79,-1.046,14,S100_OB_LONG
s100_m3_combo,BUY,2026-07-30 15:23:00+00:00,4093.2,4086.91,4108.92,2026-07-30 15:55:00+00:00,4108.92,TP,15.27,6.29,2.4277,15,S100_FVG_LONG
s100_m3_combo,SELL,2026-07-31 01:18:00+00:00,4091.45,4094.43,4084.01,2026-07-31 01:20:00+00:00,4094.43,SL,-3.43,2.98,-1.151,1,S100_FVG_SHORT
s100_m3_combo,SELL,2026-07-31 01:53:00+00:00,4085.65,4087.39,4081.3,2026-07-31 01:56:00+00:00,4087.39,SL,-2.19,1.74,-1.2586,1,S100_OB_SHORT
s100_m3_combo,SELL,2026-07-31 02:03:00+00:00,4085.02,4087.76,4078.17,2026-07-31 02:06:00+00:00,4087.76,SL,-3.19,2.74,-1.1642,2,S100_OB_SHORT
s100_m3_combo,SELL,2026-07-31 02:48:00+00:00,4077.74,4080.33,4071.27,2026-07-31 04:00:00+00:00,4075.085,TIME,2.205,2.59,0.8514,2,S100_FVG_SHORT
s100_m3_combo,SELL,2026-07-31 05:17:00+00:00,4081.07,4083.05,4076.13,2026-07-31 05:44:00+00:00,4076.13,TP,4.49,1.98,2.2677,5,S100_OB_SHORT
s100_m3_combo,SELL,2026-07-31 06:27:00+00:00,4084.34,4086.41,4079.14,2026-07-31 06:33:00+00:00,4079.14,TP,4.75,2.07,2.2947,6,S100_FVG_SHORT
s100_m3_combo,SELL,2026-07-31 06:46:00+00:00,4080.16,4082.72,4073.75,2026-07-31 07:29:00+00:00,4073.75,TP,5.96,2.56,2.3281,6,S100_FVG_SHORT
s100_m3_combo,SELL,2026-07-31 07:40:00+00:00,4073.05,4074.82,4068.62,2026-07-31 07:59:00+00:00,4068.62,TP,3.98,1.77,2.2486,7,S100_FVG_SHORT
s100_m3_combo,SELL,2026-07-31 08:14:00+00:00,4062.26,4065.13,4055.07,2026-07-31 08:19:00+00:00,4065.13,SL,-3.32,2.87,-1.1568,8,S100_RSI3_MOMO_SHORT
s100_m3_combo,SELL,2026-07-31 08:32:00+00:00,4057.25,4060.35,4049.5,2026-07-31 08:40:00+00:00,4060.35,SL,-3.55,3.1,-1.1452,8,S100_RSI3_MOMO_SHORT
s100_m3_combo,SELL,2026-07-31 08:40:00+00:00,4059.8,4061.82,4054.73,2026-07-31 08:47:00+00:00,4061.82,SL,-2.47,2.02,-1.2228,8,S100_FVG_SHORT
s100_m3_combo,SELL,2026-07-31 13:02:00+00:00,4042.02,4047.14,4029.22,2026-07-31 13:39:00+00:00,4029.22,TP,12.35,5.12,2.4121,13,S100_OB_SHORT
s100_m3_combo,SELL,2026-07-31 13:39:00+00:00,4032.34,4037.34,4019.82,2026-07-31 14:22:00+00:00,4037.34,SL,-5.45,5.0,-1.09,13,S100_RSI3_MOMO_SHORT
s100_m3_combo,SELL,2026-07-31 15:07:00+00:00,4046.52,4050.1,4037.58,2026-07-31 15:15:00+00:00,4050.1,SL,-4.03,3.58,-1.1257,15,S100_OB_SHORT
s100_m3_combo,SELL,2026-07-31 15:32:00+00:00,4039.39,4043.91,4028.11,2026-07-31 15:51:00+00:00,4043.91,SL,-4.97,4.52,-1.0996,15,S100_RSI3_MOMO_SHORT
s100_m3_combo,BUY,2026-08-03 01:38:00+00:00,4052.88,4050.46,4058.9,2026-08-03 01:42:00+00:00,4050.46,SL,-2.87,2.42,-1.186,1,S100_OB_LONG
s100_m3_combo,BUY,2026-08-03 01:53:00+00:00,4053.2,4050.98,4058.76,2026-08-03 01:54:00+00:00,4050.98,SL,-2.67,2.22,-1.2027,1,S100_FVG_LONG
s100_m3_combo,BUY,2026-08-03 02:07:00+00:00,4058.75,4056.73,4063.8,2026-08-03 02:08:00+00:00,4056.73,SL,-2.47,2.02,-1.2228,2,S100_FVG_LONG
s100_m3_combo,BUY,2026-08-03 03:59:00+00:00,4065.11,4062.53,4071.58,2026-08-03 04:49:00+00:00,4071.58,TP,6.02,2.58,2.3333,3,S100_RSI3_MOMO_LONG
s100_m3_combo,BUY,2026-08-03 05:30:00+00:00,4060.1,4057.72,4066.06,2026-08-03 05:34:00+00:00,4057.72,SL,-2.83,2.38,-1.1891,5,S100_FVG_LONG
s100_m3_combo,BUY,2026-08-03 05:49:00+00:00,4059.59,4056.13,4068.23,2026-08-03 05:58:00+00:00,4068.23,TP,8.19,3.46,2.3671,5,S100_OB_LONG
s100_m3_combo,BUY,2026-08-03 06:04:00+00:00,4068.11,4065.49,4074.64,2026-08-03 06:33:00+00:00,4065.49,SL,-3.07,2.62,-1.1718,6,S100_FVG_LONG
s100_m3_combo,SELL,2026-08-03 13:17:00+00:00,4037.99,4042.23,4027.37,2026-08-03 13:36:00+00:00,4027.37,TP,10.17,4.24,2.3986,13,S100_RSI3_MOMO_SHORT
s100_m3_combo,SELL,2026-08-03 15:08:00+00:00,4036.32,4038.71,4030.36,2026-08-03 15:44:00+00:00,4038.71,SL,-2.84,2.39,-1.1883,15,S100_OB_SHORT
s100_m3_combo,BUY,2026-08-04 01:35:00+00:00,4051.84,4048.61,4059.91,2026-08-04 01:44:00+00:00,4059.91,TP,7.62,3.23,2.3591,1,S100_RSI3_MOMO_LONG
s100_m3_combo,BUY,2026-08-04 01:56:00+00:00,4058.99,4056.42,4065.43,2026-08-04 02:06:00+00:00,4056.42,SL,-3.02,2.57,-1.1751,1,S100_OB_LONG
s100_m3_combo,BUY,2026-08-04 02:42:00+00:00,4062.03,4059.97,4067.19,2026-08-04 02:54:00+00:00,4059.97,SL,-2.51,2.06,-1.2184,2,S100_FVG_LONG
s100_m3_combo,BUY,2026-08-04 03:23:00+00:00,4059.39,4057.75,4063.49,2026-08-04 03:27:00+00:00,4057.75,SL,-2.09,1.64,-1.2744,3,S100_OB_LONG
s100_m3_combo,BUY,2026-08-04 04:19:00+00:00,4057.0,4054.57,4063.08,2026-08-04 04:32:00+00:00,4063.08,TP,5.63,2.43,2.3169,4,S100_FVG_LONG
s100_m3_combo,BUY,2026-08-04 04:51:00+00:00,4064.39,4062.79,4068.4,2026-08-04 05:04:00+00:00,4062.79,SL,-2.05,1.6,-1.2813,4,S100_FVG_LONG
s100_m3_combo,BUY,2026-08-04 06:19:00+00:00,4061.88,4060.36,4065.65,2026-08-04 06:29:00+00:00,4060.36,SL,-1.97,1.52,-1.2961,6,S100_FVG_LONG
s100_m3_combo,BUY,2026-08-04 06:54:00+00:00,4060.08,4057.92,4065.47,2026-08-04 07:01:00+00:00,4065.47,TP,4.94,2.16,2.287,6,S100_FVG_LONG
s100_m3_combo,BUY,2026-08-04 07:13:00+00:00,4062.18,4059.34,4069.27,2026-08-04 08:03:00+00:00,4069.27,TP,6.64,2.84,2.338,7,S100_OB_LONG
s100_m3_combo,BUY,2026-08-04 08:15:00+00:00,4067.43,4065.22,4072.96,2026-08-04 08:22:00+00:00,4065.22,SL,-2.66,2.21,-1.2036,8,S100_FVG_LONG
s100_m3_combo,BUY,2026-08-04 13:28:00+00:00,4078.8,4072.96,4093.38,2026-08-04 13:49:00+00:00,4093.38,TP,14.13,5.84,2.4195,13,S100_FVG_LONG
s100_m3_combo,BUY,2026-08-04 15:47:00+00:00,4082.99,4078.54,4094.12,2026-08-04 16:59:00+00:00,4093.41,TIME,9.97,4.45,2.2404,15,S100_FVG_LONG
s100_m3_combo,BUY,2026-08-05 01:14:00+00:00,4085.89,4082.61,4094.11,2026-08-05 01:33:00+00:00,4082.61,SL,-3.73,3.28,-1.1372,1,S100_RSI3_MOMO_LONG
s100_m3_combo,BUY,2026-08-05 02:02:00+00:00,4099.36,4095.06,4110.1,2026-08-05 02:35:00+00:00,4110.1,TP,10.29,4.3,2.393,2,S100_FVG_LONG
s100_m3_combo,BUY,2026-08-05 03:01:00+00:00,4128.91,4126.53,4134.87,2026-08-05 03:08:00+00:00,4134.87,TP,5.51,2.38,2.3151,3,S100_OB_LONG
s100_m3_combo,BUY,2026-08-05 03:16:00+00:00,4132.43,4129.07,4140.84,2026-08-05 03:30:00+00:00,4129.07,SL,-3.81,3.36,-1.1339,3,S100_FVG_LONG
s100_m3_combo,BUY,2026-08-05 04:30:00+00:00,4137.83,4135.98,4142.46,2026-08-05 04:36:00+00:00,4135.98,SL,-2.3,1.85,-1.2432,4,S100_FVG_LONG
s100_m3_combo,BUY,2026-08-05 05:27:00+00:00,4138.83,4137.1,4143.15,2026-08-05 05:30:00+00:00,4143.15,TP,3.87,1.73,2.237,5,S100_FVG_LONG
s100_m3_combo,BUY,2026-08-05 06:16:00+00:00,4170.86,4165.72,4183.74,2026-08-05 06:21:00+00:00,4165.72,SL,-5.59,5.14,-1.0875,6,S100_FVG_LONG
s100_m3_combo,BUY,2026-08-05 06:39:00+00:00,4174.57,4169.94,4186.15,2026-08-05 07:05:00+00:00,4169.94,SL,-5.08,4.63,-1.0972,6,S100_FVG_LONG
s100_m3_combo,BUY,2026-08-05 08:01:00+00:00,4169.74,4167.31,4175.82,2026-08-05 08:14:00+00:00,4167.31,SL,-2.88,2.43,-1.1852,8,S100_FVG_LONG
s100_m3_combo,BUY,2026-08-05 08:45:00+00:00,4164.39,4162.49,4169.14,2026-08-05 08:46:00+00:00,4162.49,SL,-2.35,1.9,-1.2368,8,S100_OB_LONG
s100_m3_combo,BUY,2026-08-05 13:12:00+00:00,4190.85,4185.61,4203.98,2026-08-05 13:39:00+00:00,4203.98,TP,12.68,5.24,2.4198,13,S100_FVG_LONG
s100_m3_combo,BUY,2026-08-05 14:02:00+00:00,4208.85,4202.82,4223.91,2026-08-05 14:08:00+00:00,4223.91,TP,14.61,6.03,2.4229,14,S100_RSI3_MOMO_LONG
s100_m3_combo,BUY,2026-08-05 14:22:00+00:00,4233.43,4228.11,4246.72,2026-08-05 14:49:00+00:00,4246.72,TP,12.84,5.32,2.4135,14,S100_OB_LONG
s100_m3_combo,BUY,2026-08-05 14:51:00+00:00,4241.3,4232.66,4262.88,2026-08-05 15:26:00+00:00,4262.88,TP,21.13,8.64,2.4456,14,S100_FVG_LONG
s100_m3_combo,BUY,2026-08-05 15:28:00+00:00,4258.15,4253.0,4271.01,2026-08-05 15:44:00+00:00,4253.0,SL,-5.6,5.15,-1.0874,15,S100_OB_LONG
s100_m3_combo,BUY,2026-08-06 01:02:00+00:00,4298.52,4291.47,4316.13,2026-08-06 01:03:00+00:00,4291.47,SL,-7.5,7.05,-1.0638,1,S100_RSI3_MOMO_LONG
s100_m3_combo,BUY,2026-08-06 01:42:00+00:00,4288.47,4283.21,4301.63,2026-08-06 01:46:00+00:00,4283.21,SL,-5.71,5.26,-1.0856,1,S100_FVG_LONG
s100_m3_combo,BUY,2026-08-06 02:11:00+00:00,4299.16,4290.08,4321.86,2026-08-06 02:30:00+00:00,4290.08,SL,-9.53,9.08,-1.0496,2,S100_FVG_LONG
s100_m3_combo,SELL,2026-08-06 04:22:00+00:00,4263.38,4267.11,4254.03,2026-08-06 04:29:00+00:00,4254.03,TP,8.9,3.73,2.3861,4,S100_OB_SHORT
s100_m3_combo,SELL,2026-08-06 04:35:00+00:00,4259.22,4260.89,4255.06,2026-08-06 04:36:00+00:00,4260.89,SL,-2.12,1.67,-1.2695,4,S100_FVG_SHORT
s100_m3_combo,SELL,2026-08-06 06:15:00+00:00,4261.09,4266.05,4248.67,2026-08-06 07:27:00+00:00,4262.11,TIME,-1.47,4.96,-0.2964,6,S100_FVG_SHORT
s100_m3_combo,SELL,2026-08-06 07:41:00+00:00,4257.42,4260.24,4250.37,2026-08-06 07:55:00+00:00,4260.24,SL,-3.27,2.82,-1.1596,7,S100_RSI3_MOMO_SHORT
s100_m3_combo,SELL,2026-08-06 07:56:00+00:00,4261.07,4263.46,4255.09,2026-08-06 08:00:00+00:00,4263.46,SL,-2.84,2.39,-1.1883,7,S100_OB_SHORT
s100_m3_combo,SELL,2026-08-06 08:24:00+00:00,4266.89,4269.77,4259.67,2026-08-06 08:30:00+00:00,4269.77,SL,-3.33,2.88,-1.1562,8,S100_OB_SHORT
s100_m3_combo,BUY,2026-08-06 08:38:00+00:00,4271.89,4268.68,4279.91,2026-08-06 09:00:00+00:00,4279.91,TP,7.57,3.21,2.3583,8,S100_FVG_LONG
s100_m3_combo,SELL,2026-08-06 13:19:00+00:00,4242.2,4247.22,4229.64,2026-08-06 13:20:00+00:00,4247.22,SL,-5.47,5.02,-1.0896,13,S100_FVG_SHORT
s100_m3_combo,SELL,2026-08-06 14:30:00+00:00,4270.04,4274.99,4257.66,2026-08-06 14:46:00+00:00,4274.99,SL,-5.4,4.95,-1.0909,14,S100_OB_SHORT
s100_m3_combo,BUY,2026-08-06 15:02:00+00:00,4269.88,4263.91,4284.81,2026-08-06 15:12:00+00:00,4263.91,SL,-6.42,5.97,-1.0754,15,S100_OB_LONG
s100_m3_combo,SELL,2026-08-06 15:40:00+00:00,4252.98,4259.67,4236.25,2026-08-06 15:54:00+00:00,4236.25,TP,16.28,6.69,2.4335,15,S100_OB_SHORT
s100_m3_combo,BUY,2026-08-07 01:49:00+00:00,4252.94,4249.19,4262.31,2026-08-07 02:45:00+00:00,4249.19,SL,-4.2,3.75,-1.12,1,S100_FVG_LONG
s100_m3_combo,BUY,2026-08-07 03:10:00+00:00,4256.22,4254.24,4261.17,2026-08-07 03:11:00+00:00,4254.24,SL,-2.43,1.98,-1.2273,3,S100_FVG_LONG
s100_m3_combo,BUY,2026-08-07 04:03:00+00:00,4262.81,4260.54,4268.5,2026-08-07 04:32:00+00:00,4268.5,TP,5.24,2.27,2.3084,4,S100_FVG_LONG
s100_m3_combo,BUY,2026-08-07 04:59:00+00:00,4265.39,4263.44,4270.25,2026-08-07 05:05:00+00:00,4263.44,SL,-2.4,1.95,-1.2308,4,S100_FVG_LONG
s100_m3_combo,BUY,2026-08-07 05:17:00+00:00,4268.24,4265.18,4275.89,2026-08-07 05:28:00+00:00,4265.18,SL,-3.51,3.06,-1.1471,5,S100_FVG_LONG
s100_m3_combo,BUY,2026-08-07 05:40:00+00:00,4273.06,4271.0,4278.23,2026-08-07 05:42:00+00:00,4271.0,SL,-2.51,2.06,-1.2184,5,S100_FVG_LONG
s100_m3_combo,BUY,2026-08-07 06:15:00+00:00,4285.98,4283.0,4293.41,2026-08-07 06:30:00+00:00,4283.0,SL,-3.43,2.98,-1.151,6,S100_FVG_LONG
s100_m3_combo,BUY,2026-08-07 06:49:00+00:00,4291.23,4286.81,4302.31,2026-08-07 07:26:00+00:00,4286.81,SL,-4.87,4.42,-1.1018,6,S100_FVG_LONG
s100_m3_combo,BUY,2026-08-07 08:00:00+00:00,4289.16,4286.41,4296.03,2026-08-07 08:07:00+00:00,4296.03,TP,6.42,2.75,2.3345,8,S100_FVG_LONG
s100_m3_combo,BUY,2026-08-07 08:18:00+00:00,4297.88,4295.71,4303.3,2026-08-07 08:20:00+00:00,4295.71,SL,-2.62,2.17,-1.2074,8,S100_FVG_LONG
s100_m3_combo,BUY,2026-08-07 13:44:00+00:00,4360.62,4356.69,4370.45,2026-08-07 13:46:00+00:00,4356.69,SL,-4.38,3.93,-1.1145,13,S100_FVG_LONG
s100_m3_combo,BUY,2026-08-07 14:31:00+00:00,4344.86,4339.78,4357.55,2026-08-07 15:23:00+00:00,4357.55,TP,12.24,5.08,2.4094,14,S100_FVG_LONG
s100_m3_combo,SELL,2026-08-10 01:00:00+00:00,4332.92,4335.01,4327.7,2026-08-10 01:01:00+00:00,4335.01,SL,-2.54,2.09,-1.2153,1,S100_FVG_SHORT
s100_m3_combo,SELL,2026-08-10 01:33:00+00:00,4317.72,4324.4,4301.0,2026-08-10 02:10:00+00:00,4324.4,SL,-7.13,6.68,-1.0674,1,S100_FVG_SHORT
s100_m3_combo,SELL,2026-08-10 04:45:00+00:00,4332.52,4334.92,4326.54,2026-08-10 04:46:00+00:00,4334.92,SL,-2.85,2.4,-1.1875,4,S100_FVG_SHORT
s100_m3_combo,BUY,2026-08-10 05:38:00+00:00,4340.05,4336.95,4347.8,2026-08-10 05:50:00+00:00,4347.8,TP,7.3,3.1,2.3548,5,S100_RSI3_MOMO_LONG
s100_m3_combo,BUY,2026-08-10 05:55:00+00:00,4347.7,4345.02,4354.39,2026-08-10 06:01:00+00:00,4345.02,SL,-3.13,2.68,-1.1679,5,S100_FVG_LONG
s100_m3_combo,BUY,2026-08-10 06:15:00+00:00,4347.27,4345.18,4352.52,2026-08-10 06:18:00+00:00,4345.18,SL,-2.54,2.09,-1.2153,6,S100_FVG_LONG
s100_m3_combo,BUY,2026-08-10 06:36:00+00:00,4346.72,4344.99,4351.05,2026-08-10 06:43:00+00:00,4351.05,TP,3.88,1.73,2.2428,6,S100_FVG_LONG
s100_m3_combo,BUY,2026-08-10 06:56:00+00:00,4358.39,4355.03,4366.79,2026-08-10 07:01:00+00:00,4355.03,SL,-3.81,3.36,-1.1339,6,S100_RSI3_MOMO_LONG
s100_m3_combo,BUY,2026-08-10 07:55:00+00:00,4355.1,4352.89,4360.6,2026-08-10 08:09:00+00:00,4352.89,SL,-2.66,2.21,-1.2036,7,S100_OB_LONG
s100_m3_combo,SELL,2026-08-10 13:05:00+00:00,4331.3,4335.63,4320.49,2026-08-10 13:11:00+00:00,4335.63,SL,-4.78,4.33,-1.1039,13,S100_OB_SHORT
s100_m3_combo,SELL,2026-08-10 14:22:00+00:00,4337.59,4339.62,4332.49,2026-08-10 14:23:00+00:00,4339.62,SL,-2.48,2.03,-1.2217,14,S100_OB_SHORT
s100_m3_combo,BUY,2026-08-10 15:08:00+00:00,4345.6,4344.06,4349.44,2026-08-10 15:09:00+00:00,4344.06,SL,-1.99,1.54,-1.2922,15,S100_OB_LONG
s100_m3_combo,BUY,2026-08-10 15:17:00+00:00,4349.93,4346.28,4359.06,2026-08-10 15:59:00+00:00,4359.06,TP,8.68,3.65,2.3781,15,S100_RSI3_MOMO_LONG
s100_m3_combo,BUY,2026-08-11 01:36:00+00:00,4418.36,4415.05,4426.64,2026-08-11 01:45:00+00:00,4415.05,SL,-3.76,3.31,-1.136,1,S100_FVG_LONG
s100_m3_combo,BUY,2026-08-11 01:59:00+00:00,4429.63,4427.02,4436.15,2026-08-11 02:00:00+00:00,4427.02,SL,-3.06,2.61,-1.1724,1,S100_FVG_LONG
s100_m3_combo,BUY,2026-08-11 02:19:00+00:00,4432.11,4426.34,4446.54,2026-08-11 02:24:00+00:00,4426.34,SL,-6.22,5.77,-1.078,2,S100_FVG_LONG
s100_m3_combo,BUY,2026-08-11 03:43:00+00:00,4417.45,4414.9,4423.83,2026-08-11 03:49:00+00:00,4414.9,SL,-3.0,2.55,-1.1765,3,S100_OB_LONG
s100_m3_combo,BUY,2026-08-11 04:04:00+00:00,4417.9,4415.84,4423.04,2026-08-11 04:07:00+00:00,4415.84,SL,-2.51,2.06,-1.2184,4,S100_OB_LONG
s100_m3_combo,SELL,2026-08-11 05:36:00+00:00,4385.19,4392.03,4368.08,2026-08-11 05:55:00+00:00,4368.08,TP,16.66,6.84,2.4357,5,S100_FVG_SHORT
s100_m3_combo,SELL,2026-08-11 06:23:00+00:00,4372.88,4376.46,4363.92,2026-08-11 06:29:00+00:00,4363.92,TP,8.51,3.58,2.3771,6,S100_OB_SHORT
s100_m3_combo,SELL,2026-08-11 06:37:00+00:00,4367.97,4371.46,4359.23,2026-08-11 07:19:00+00:00,4359.23,TP,8.29,3.49,2.3754,6,S100_FVG_SHORT
s100_m3_combo,SELL,2026-08-11 07:20:00+00:00,4361.83,4364.04,4356.3,2026-08-11 07:26:00+00:00,4364.04,SL,-2.66,2.21,-1.2036,7,S100_OB_SHORT
s100_m3_combo,SELL,2026-08-11 07:45:00+00:00,4358.81,4360.95,4353.45,2026-08-11 07:51:00+00:00,4360.95,SL,-2.59,2.14,-1.2103,7,S100_FVG_SHORT
s100_m3_combo,BUY,2026-08-11 13:14:00+00:00,4397.83,4393.68,4408.2,2026-08-11 13:15:00+00:00,4393.68,SL,-4.6,4.15,-1.1084,13,S100_OB_LONG
s100_m3_combo,BUY,2026-08-11 13:25:00+00:00,4395.78,4392.9,4402.99,2026-08-11 13:33:00+00:00,4392.9,SL,-3.33,2.88,-1.1562,13,S100_FVG_LONG
s100_m3_combo,BUY,2026-08-11 13:48:00+00:00,4394.9,4389.2,4409.17,2026-08-11 13:53:00+00:00,4389.2,SL,-6.15,5.7,-1.0789,13,S100_OB_LONG
s100_m3_combo,BUY,2026-08-11 14:41:00+00:00,4393.34,4388.58,4405.24,2026-08-11 15:16:00+00:00,4388.58,SL,-5.21,4.76,-1.0945,14,S100_RSI3_MOMO_LONG
s100_m3_combo,SELL,2026-08-11 15:59:00+00:00,4383.8,4387.86,4373.63,2026-08-11 17:11:00+00:00,4383.24,TIME,0.11,4.06,0.0271,15,S100_OB_SHORT
