strategy,side,entry_time,entry_px,sl,tp,exit_time,exit_px,outcome,pts,risk,r,hour,reason
s93_fvg_scalp,SELL,2025-01-06 08:20:00+00:00,2628.87,2630.54,2626.36,2025-01-06 08:30:00+00:00,2630.54,SL,-2.12,1.67,-1.2695,8,S93_FVG_SCALP_SHORT
s93_fvg_scalp,SELL,2025-01-06 14:25:00+00:00,2623.945,2627.35,2618.84,2025-01-06 14:31:00+00:00,2627.35,SL,-3.855,3.405,-1.1322,14,S93_FVG_SCALP_SHORT
s93_fvg_scalp,BUY,2025-01-07 13:35:00+00:00,2657.76,2654.64,2662.44,2025-01-07 13:47:00+00:00,2662.44,TP,4.23,3.12,1.3558,13,S93_FVG_SCALP_LONG
s93_fvg_scalp,SELL,2025-01-07 14:10:00+00:00,2660.495,2662.26,2657.85,2025-01-07 14:15:00+00:00,2657.85,TP,2.195,1.765,1.2436,14,S93_FVG_SCALP_SHORT
s93_fvg_scalp,BUY,2025-01-08 13:20:00+00:00,2655.145,2651.9,2660.01,2025-01-08 13:57:00+00:00,2660.01,TP,4.415,3.245,1.3606,13,S93_FVG_SCALP_LONG
s93_fvg_scalp,BUY,2025-01-08 14:16:00+00:00,2661.58,2659.7,2664.4,2025-01-08 14:31:00+00:00,2664.4,TP,2.37,1.88,1.2606,14,S93_FVG_SCALP_LONG
s93_fvg_scalp,BUY,2025-01-08 14:44:00+00:00,2664.485,2662.47,2667.51,2025-01-08 14:47:00+00:00,2662.47,SL,-2.465,2.015,-1.2233,14,S93_FVG_SCALP_LONG
s93_fvg_scalp,SELL,2025-01-09 14:07:00+00:00,2673.0,2674.84,2670.24,2025-01-09 14:23:00+00:00,2670.24,TP,2.31,1.84,1.2554,14,S93_FVG_SCALP_SHORT
s93_fvg_scalp,SELL,2025-01-10 13:41:00+00:00,2673.47,2677.26,2667.78,2025-01-10 13:45:00+00:00,2677.26,SL,-4.24,3.79,-1.1187,13,S93_FVG_SCALP_SHORT
s93_fvg_scalp,SELL,2025-01-13 07:49:00+00:00,2686.28,2688.14,2683.49,2025-01-13 08:03:00+00:00,2688.14,SL,-2.31,1.86,-1.2419,7,S93_FVG_SCALP_SHORT
s93_fvg_scalp,SELL,2025-01-14 09:45:00+00:00,2666.955,2668.69,2664.35,2025-01-14 09:51:00+00:00,2668.69,SL,-2.185,1.735,-1.2594,9,S93_FVG_SCALP_SHORT
s93_fvg_scalp,BUY,2025-01-15 14:05:00+00:00,2693.335,2689.79,2698.65,2025-01-15 14:09:00+00:00,2689.79,SL,-3.995,3.545,-1.1269,14,S93_FVG_SCALP_LONG
s93_fvg_scalp,SELL,2025-01-15 14:40:00+00:00,2683.72,2688.93,2675.9,2025-01-15 16:40:00+00:00,2684.49,TIME,-1.22,5.21,-0.2342,14,S93_FVG_SCALP_SHORT
s93_fvg_scalp,SELL,2025-01-17 12:22:00+00:00,2708.25,2710.03,2705.58,2025-01-17 12:26:00+00:00,2710.03,SL,-2.23,1.78,-1.2528,12,S93_FVG_SCALP_SHORT
s93_fvg_scalp,BUY,2025-01-21 07:45:00+00:00,2730.7,2728.27,2734.34,2025-01-21 08:00:00+00:00,2728.27,SL,-2.88,2.43,-1.1852,7,S93_FVG_SCALP_LONG
s93_fvg_scalp,BUY,2025-01-21 14:51:00+00:00,2734.11,2732.41,2736.66,2025-01-21 14:56:00+00:00,2736.66,TP,2.1,1.7,1.2353,14,S93_FVG_SCALP_LONG
s93_fvg_scalp,BUY,2025-01-22 07:22:00+00:00,2749.805,2746.98,2754.04,2025-01-22 07:51:00+00:00,2754.04,TP,3.785,2.825,1.3398,7,S93_FVG_SCALP_LONG
s93_fvg_scalp,SELL,2025-01-22 08:09:00+00:00,2749.895,2751.69,2747.2,2025-01-22 08:14:00+00:00,2751.69,SL,-2.245,1.795,-1.2507,8,S93_FVG_SCALP_SHORT
s93_fvg_scalp,BUY,2025-01-22 09:50:00+00:00,2758.955,2757.15,2761.66,2025-01-22 10:10:00+00:00,2761.66,TP,2.255,1.805,1.2493,9,S93_FVG_SCALP_LONG
s93_fvg_scalp,SELL,2025-01-22 14:40:00+00:00,2752.7,2755.39,2748.66,2025-01-22 14:46:00+00:00,2755.39,SL,-3.14,2.69,-1.1673,14,S93_FVG_SCALP_SHORT
s93_fvg_scalp,SELL,2025-01-27 13:48:00+00:00,2755.39,2757.02,2752.94,2025-01-27 13:51:00+00:00,2757.02,SL,-2.08,1.63,-1.2761,13,S93_FVG_SCALP_SHORT
s93_fvg_scalp,SELL,2025-01-27 14:10:00+00:00,2754.755,2756.96,2751.45,2025-01-27 14:24:00+00:00,2751.45,TP,2.855,2.205,1.2948,14,S93_FVG_SCALP_SHORT
s93_fvg_scalp,BUY,2025-01-28 13:40:00+00:00,2748.71,2746.97,2751.32,2025-01-28 13:42:00+00:00,2746.97,SL,-2.19,1.74,-1.2586,13,S93_FVG_SCALP_LONG
s93_fvg_scalp,SELL,2025-01-29 09:14:00+00:00,2762.095,2764.16,2759.0,2025-01-29 09:42:00+00:00,2764.16,SL,-2.515,2.065,-1.2179,9,S93_FVG_SCALP_SHORT
s93_fvg_scalp,SELL,2025-01-29 13:25:00+00:00,2754.205,2756.91,2750.15,2025-01-29 13:35:00+00:00,2756.91,SL,-3.155,2.705,-1.1664,13,S93_FVG_SCALP_SHORT
s93_fvg_scalp,BUY,2025-01-30 09:03:00+00:00,2774.725,2772.35,2778.29,2025-01-30 09:21:00+00:00,2772.35,SL,-2.825,2.375,-1.1895,9,S93_FVG_SCALP_LONG
s93_fvg_scalp,BUY,2025-02-03 13:07:00+00:00,2806.925,2805.05,2809.74,2025-02-03 13:11:00+00:00,2809.74,TP,2.365,1.875,1.2613,13,S93_FVG_SCALP_LONG
s93_fvg_scalp,BUY,2025-02-05 08:51:00+00:00,2868.12,2866.15,2871.07,2025-02-05 09:08:00+00:00,2866.15,SL,-2.42,1.97,-1.2284,8,S93_FVG_SCALP_LONG
s93_fvg_scalp,BUY,2025-02-05 14:40:00+00:00,2868.49,2865.26,2873.33,2025-02-05 14:45:00+00:00,2865.26,SL,-3.68,3.23,-1.1393,14,S93_FVG_SCALP_LONG
s93_fvg_scalp,SELL,2025-02-06 08:32:00+00:00,2853.145,2855.07,2850.26,2025-02-06 08:37:00+00:00,2855.07,SL,-2.375,1.925,-1.2338,8,S93_FVG_SCALP_SHORT
s93_fvg_scalp,BUY,2025-02-06 08:45:00+00:00,2856.29,2853.07,2861.12,2025-02-06 10:21:00+00:00,2861.12,TP,4.38,3.22,1.3602,8,S93_FVG_SCALP_LONG
s93_fvg_scalp,BUY,2025-02-07 07:28:00+00:00,2863.895,2862.25,2866.36,2025-02-07 08:17:00+00:00,2866.36,TP,2.015,1.645,1.2249,7,S93_FVG_SCALP_LONG
s93_fvg_scalp,BUY,2025-02-10 07:40:00+00:00,2893.775,2891.99,2896.45,2025-02-10 07:47:00+00:00,2891.99,SL,-2.235,1.785,-1.2521,7,S93_FVG_SCALP_LONG
s93_fvg_scalp,BUY,2025-02-10 09:18:00+00:00,2899.61,2897.84,2902.27,2025-02-10 09:34:00+00:00,2902.27,TP,2.21,1.77,1.2486,9,S93_FVG_SCALP_LONG
s93_fvg_scalp,SELL,2025-02-11 09:51:00+00:00,2905.96,2908.08,2902.78,2025-02-11 10:00:00+00:00,2902.78,TP,2.73,2.12,1.2877,9,S93_FVG_SCALP_SHORT
s93_fvg_scalp,SELL,2025-02-11 13:37:00+00:00,2893.24,2897.35,2887.07,2025-02-11 13:45:00+00:00,2897.35,SL,-4.56,4.11,-1.1095,13,S93_FVG_SCALP_SHORT
s93_fvg_scalp,SELL,2025-02-12 07:44:00+00:00,2892.775,2894.65,2889.96,2025-02-12 08:10:00+00:00,2889.96,TP,2.365,1.875,1.2613,7,S93_FVG_SCALP_SHORT
s93_fvg_scalp,SELL,2025-02-12 13:40:00+00:00,2872.985,2876.2,2868.16,2025-02-12 13:42:00+00:00,2868.16,TP,4.375,3.215,1.3608,13,S93_FVG_SCALP_SHORT
s93_fvg_scalp,BUY,2025-02-12 14:20:00+00:00,2891.555,2886.14,2899.68,2025-02-12 16:20:00+00:00,2894.005,TIME,2.0,5.415,0.3693,14,S93_FVG_SCALP_LONG
s93_fvg_scalp,BUY,2025-02-13 07:56:00+00:00,2916.93,2915.39,2919.24,2025-02-13 07:57:00+00:00,2915.39,SL,-1.99,1.54,-1.2922,7,S93_FVG_SCALP_LONG
s93_fvg_scalp,SELL,2025-02-19 12:15:00+00:00,2935.5,2937.41,2932.64,2025-02-19 13:02:00+00:00,2937.41,SL,-2.36,1.91,-1.2356,12,S93_FVG_SCALP_SHORT
s93_fvg_scalp,BUY,2025-02-19 13:16:00+00:00,2938.995,2934.89,2945.15,2025-02-19 13:51:00+00:00,2934.89,SL,-4.555,4.105,-1.1096,13,S93_FVG_SCALP_LONG
s93_fvg_scalp,SELL,2025-02-19 14:01:00+00:00,2937.705,2939.61,2934.85,2025-02-19 14:10:00+00:00,2939.61,SL,-2.355,1.905,-1.2362,14,S93_FVG_SCALP_SHORT
s93_fvg_scalp,SELL,2025-02-20 14:17:00+00:00,2930.71,2934.65,2924.8,2025-02-20 14:35:00+00:00,2934.65,SL,-4.39,3.94,-1.1142,14,S93_FVG_SCALP_SHORT
s93_fvg_scalp,SELL,2025-02-21 08:36:00+00:00,2921.915,2924.2,2918.49,2025-02-21 08:51:00+00:00,2924.2,SL,-2.735,2.285,-1.1969,8,S93_FVG_SCALP_SHORT
s93_fvg_scalp,SELL,2025-02-21 12:08:00+00:00,2929.17,2930.8,2926.72,2025-02-21 12:10:00+00:00,2930.8,SL,-2.08,1.63,-1.2761,12,S93_FVG_SCALP_SHORT
s93_fvg_scalp,BUY,2025-02-21 12:51:00+00:00,2932.805,2931.07,2935.41,2025-02-21 12:53:00+00:00,2931.07,SL,-2.185,1.735,-1.2594,12,S93_FVG_SCALP_LONG
s93_fvg_scalp,SELL,2025-02-21 13:02:00+00:00,2931.545,2934.04,2927.8,2025-02-21 13:16:00+00:00,2934.04,SL,-2.945,2.495,-1.1804,13,S93_FVG_SCALP_SHORT
s93_fvg_scalp,SELL,2025-02-21 13:42:00+00:00,2929.835,2932.73,2925.49,2025-02-21 13:52:00+00:00,2932.73,SL,-3.345,2.895,-1.1554,13,S93_FVG_SCALP_SHORT
s93_fvg_scalp,SELL,2025-02-21 14:40:00+00:00,2931.49,2934.87,2926.42,2025-02-21 14:46:00+00:00,2934.87,SL,-3.83,3.38,-1.1331,14,S93_FVG_SCALP_SHORT
s93_fvg_scalp,SELL,2025-02-25 08:28:00+00:00,2934.825,2936.99,2931.58,2025-02-25 08:37:00+00:00,2936.99,SL,-2.615,2.165,-1.2079,8,S93_FVG_SCALP_SHORT
s93_fvg_scalp,BUY,2025-02-25 13:00:00+00:00,2928.325,2926.01,2931.8,2025-02-25 13:12:00+00:00,2931.8,TP,3.025,2.315,1.3067,13,S93_FVG_SCALP_LONG
s93_fvg_scalp,SELL,2025-02-26 14:47:00+00:00,2899.305,2902.57,2894.41,2025-02-26 14:49:00+00:00,2902.57,SL,-3.715,3.265,-1.1378,14,S93_FVG_SCALP_SHORT
s93_fvg_scalp,SELL,2025-02-27 08:37:00+00:00,2882.92,2885.64,2878.84,2025-02-27 08:43:00+00:00,2885.64,SL,-3.17,2.72,-1.1654,8,S93_FVG_SCALP_SHORT
s93_fvg_scalp,BUY,2025-02-27 13:25:00+00:00,2888.755,2887.13,2891.19,2025-02-27 13:30:00+00:00,2887.13,SL,-2.075,1.625,-1.2769,13,S93_FVG_SCALP_LONG
s93_fvg_scalp,SELL,2025-02-27 14:55:00+00:00,2872.895,2881.35,2860.21,2025-02-27 15:04:00+00:00,2881.35,SL,-8.905,8.455,-1.0532,14,S93_FVG_SCALP_SHORT
s93_fvg_scalp,SELL,2025-02-28 07:30:00+00:00,2859.205,2861.74,2855.4,2025-02-28 08:15:00+00:00,2855.4,TP,3.355,2.535,1.3235,7,S93_FVG_SCALP_SHORT
s93_fvg_scalp,SELL,2025-02-28 08:25:00+00:00,2855.375,2857.76,2851.8,2025-02-28 08:47:00+00:00,2851.8,TP,3.125,2.385,1.3103,8,S93_FVG_SCALP_SHORT
s93_fvg_scalp,SELL,2025-03-03 08:34:00+00:00,2860.91,2862.97,2857.82,2025-03-03 08:35:00+00:00,2862.97,SL,-2.51,2.06,-1.2184,8,S93_FVG_SCALP_SHORT
s93_fvg_scalp,BUY,2025-03-03 13:40:00+00:00,2873.595,2871.73,2876.39,2025-03-03 13:48:00+00:00,2871.73,SL,-2.315,1.865,-1.2413,13,S93_FVG_SCALP_LONG
s93_fvg_scalp,BUY,2025-03-04 07:35:00+00:00,2896.475,2894.17,2899.93,2025-03-04 07:58:00+00:00,2899.93,TP,3.005,2.305,1.3037,7,S93_FVG_SCALP_LONG
s93_fvg_scalp,BUY,2025-03-04 08:46:00+00:00,2912.69,2909.52,2917.45,2025-03-04 09:21:00+00:00,2917.45,TP,4.31,3.17,1.3596,8,S93_FVG_SCALP_LONG
s93_fvg_scalp,BUY,2025-03-04 13:27:00+00:00,2922.43,2920.3,2925.62,2025-03-04 13:32:00+00:00,2925.62,TP,2.74,2.13,1.2864,13,S93_FVG_SCALP_LONG
s93_fvg_scalp,BUY,2025-03-05 12:10:00+00:00,2915.48,2913.64,2918.24,2025-03-05 12:16:00+00:00,2918.24,TP,2.31,1.84,1.2554,12,S93_FVG_SCALP_LONG
s93_fvg_scalp,SELL,2025-03-05 14:03:00+00:00,2904.045,2908.19,2897.83,2025-03-05 14:18:00+00:00,2897.83,TP,5.765,4.145,1.3908,14,S93_FVG_SCALP_SHORT
s93_fvg_scalp,BUY,2025-03-05 14:55:00+00:00,2912.51,2908.52,2918.5,2025-03-05 15:00:00+00:00,2908.52,SL,-4.44,3.99,-1.1128,14,S93_FVG_SCALP_LONG
s93_fvg_scalp,BUY,2025-03-06 13:18:00+00:00,2905.51,2903.8,2908.08,2025-03-06 13:20:00+00:00,2903.8,SL,-2.16,1.71,-1.2632,13,S93_FVG_SCALP_LONG
s93_fvg_scalp,BUY,2025-03-07 13:53:00+00:00,2917.52,2912.35,2925.28,2025-03-07 14:00:00+00:00,2912.35,SL,-5.62,5.17,-1.087,13,S93_FVG_SCALP_LONG
s93_fvg_scalp,SELL,2025-03-07 14:07:00+00:00,2914.13,2917.25,2909.45,2025-03-07 14:19:00+00:00,2917.25,SL,-3.57,3.12,-1.1442,14,S93_FVG_SCALP_SHORT
s93_fvg_scalp,SELL,2025-03-10 09:02:00+00:00,2900.535,2902.54,2897.53,2025-03-10 09:05:00+00:00,2902.54,SL,-2.455,2.005,-1.2244,9,S93_FVG_SCALP_SHORT
s93_fvg_scalp,BUY,2025-03-10 13:05:00+00:00,2906.095,2904.51,2908.47,2025-03-10 13:10:00+00:00,2908.47,TP,1.925,1.585,1.2145,13,S93_FVG_SCALP_LONG
s93_fvg_scalp,SELL,2025-03-10 13:56:00+00:00,2903.755,2905.82,2900.66,2025-03-10 14:10:00+00:00,2905.82,SL,-2.515,2.065,-1.2179,13,S93_FVG_SCALP_SHORT
s93_fvg_scalp,SELL,2025-03-11 07:23:00+00:00,2899.96,2901.52,2897.62,2025-03-11 07:37:00+00:00,2897.62,TP,1.89,1.56,1.2115,7,S93_FVG_SCALP_SHORT
s93_fvg_scalp,BUY,2025-03-11 13:52:00+00:00,2917.23,2914.55,2921.25,2025-03-11 14:33:00+00:00,2914.55,SL,-3.13,2.68,-1.1679,13,S93_FVG_SCALP_LONG
s93_fvg_scalp,BUY,2025-03-12 13:00:00+00:00,2916.66,2914.86,2919.36,2025-03-12 13:15:00+00:00,2914.86,SL,-2.25,1.8,-1.25,13,S93_FVG_SCALP_LONG
s93_fvg_scalp,SELL,2025-03-12 13:30:00+00:00,2911.9,2916.15,2905.53,2025-03-12 13:50:00+00:00,2916.15,SL,-4.7,4.25,-1.1059,13,S93_FVG_SCALP_SHORT
s93_fvg_scalp,BUY,2025-03-13 13:48:00+00:00,2949.185,2946.8,2952.76,2025-03-13 14:03:00+00:00,2952.76,TP,3.125,2.385,1.3103,13,S93_FVG_SCALP_LONG
s93_fvg_scalp,BUY,2025-03-13 14:11:00+00:00,2951.97,2950.11,2954.76,2025-03-13 14:33:00+00:00,2954.76,TP,2.34,1.86,1.2581,14,S93_FVG_SCALP_LONG
s93_fvg_scalp,BUY,2025-03-14 08:30:00+00:00,2991.73,2989.72,2994.75,2025-03-14 08:31:00+00:00,2989.72,SL,-2.46,2.01,-1.2239,8,S93_FVG_SCALP_LONG
s93_fvg_scalp,SELL,2025-03-14 13:40:00+00:00,2990.18,2994.53,2983.65,2025-03-14 14:29:00+00:00,2983.65,TP,6.08,4.35,1.3977,13,S93_FVG_SCALP_SHORT
s93_fvg_scalp,SELL,2025-03-14 14:36:00+00:00,2985.5,2989.42,2979.62,2025-03-14 15:20:00+00:00,2979.62,TP,5.43,3.92,1.3852,14,S93_FVG_SCALP_SHORT
s93_fvg_scalp,SELL,2025-03-17 08:20:00+00:00,2984.59,2986.14,2982.27,2025-03-17 08:27:00+00:00,2986.14,SL,-2.0,1.55,-1.2903,8,S93_FVG_SCALP_SHORT
s93_fvg_scalp,BUY,2025-03-18 08:38:00+00:00,3024.37,3022.2,3027.62,2025-03-18 09:03:00+00:00,3027.62,TP,2.8,2.17,1.2903,8,S93_FVG_SCALP_LONG
s93_fvg_scalp,SELL,2025-03-18 13:45:00+00:00,3030.525,3033.98,3025.34,2025-03-18 13:49:00+00:00,3033.98,SL,-3.905,3.455,-1.1302,13,S93_FVG_SCALP_SHORT
s93_fvg_scalp,BUY,2025-03-18 13:57:00+00:00,3034.645,3029.84,3041.85,2025-03-18 14:01:00+00:00,3029.84,SL,-5.255,4.805,-1.0937,13,S93_FVG_SCALP_LONG
s93_fvg_scalp,SELL,2025-03-19 13:04:00+00:00,3038.02,3039.58,3035.68,2025-03-19 13:10:00+00:00,3035.68,TP,1.89,1.56,1.2115,13,S93_FVG_SCALP_SHORT
s93_fvg_scalp,SELL,2025-03-19 13:42:00+00:00,3031.22,3034.33,3026.55,2025-03-19 13:58:00+00:00,3034.33,SL,-3.56,3.11,-1.1447,13,S93_FVG_SCALP_SHORT
s93_fvg_scalp,SELL,2025-03-20 13:33:00+00:00,3035.035,3037.17,3031.83,2025-03-20 13:38:00+00:00,3037.17,SL,-2.585,2.135,-1.2108,13,S93_FVG_SCALP_SHORT
s93_fvg_scalp,BUY,2025-03-20 14:50:00+00:00,3038.395,3036.61,3041.07,2025-03-20 14:52:00+00:00,3036.61,SL,-2.235,1.785,-1.2521,14,S93_FVG_SCALP_LONG
s93_fvg_scalp,BUY,2025-03-21 07:18:00+00:00,3031.185,3029.51,3033.7,2025-03-21 08:01:00+00:00,3033.7,TP,2.065,1.675,1.2328,7,S93_FVG_SCALP_LONG
s93_fvg_scalp,SELL,2025-03-21 08:32:00+00:00,3030.27,3033.7,3025.12,2025-03-21 08:44:00+00:00,3033.7,SL,-3.88,3.43,-1.1312,8,S93_FVG_SCALP_SHORT
s93_fvg_scalp,SELL,2025-03-24 07:58:00+00:00,3023.115,3024.72,3020.71,2025-03-24 08:06:00+00:00,3024.72,SL,-2.055,1.605,-1.2804,7,S93_FVG_SCALP_SHORT
s93_fvg_scalp,SELL,2025-03-24 14:52:00+00:00,3013.955,3016.33,3010.39,2025-03-24 15:00:00+00:00,3010.39,TP,3.115,2.375,1.3116,14,S93_FVG_SCALP_SHORT
s93_fvg_scalp,BUY,2025-03-25 13:45:00+00:00,3027.46,3024.9,3031.3,2025-03-25 14:02:00+00:00,3031.3,TP,3.39,2.56,1.3242,13,S93_FVG_SCALP_LONG
s93_fvg_scalp,SELL,2025-03-25 14:55:00+00:00,3028.67,3030.36,3026.14,2025-03-25 14:59:00+00:00,3026.14,TP,2.08,1.69,1.2308,14,S93_FVG_SCALP_SHORT
s93_fvg_scalp,BUY,2025-03-26 14:50:00+00:00,3018.805,3017.03,3021.47,2025-03-26 14:52:00+00:00,3017.03,SL,-2.225,1.775,-1.2535,14,S93_FVG_SCALP_LONG
s93_fvg_scalp,SELL,2025-03-28 12:10:00+00:00,3074.865,3076.47,3072.46,2025-03-28 12:13:00+00:00,3076.47,SL,-2.055,1.605,-1.2804,12,S93_FVG_SCALP_SHORT
s93_fvg_scalp,BUY,2025-03-28 12:58:00+00:00,3078.16,3076.42,3080.77,2025-03-28 13:00:00+00:00,3076.42,SL,-2.19,1.74,-1.2586,12,S93_FVG_SCALP_LONG
s93_fvg_scalp,BUY,2025-03-31 07:37:00+00:00,3118.805,3116.52,3122.23,2025-03-31 07:50:00+00:00,3122.23,TP,2.975,2.285,1.302,7,S93_FVG_SCALP_LONG
s93_fvg_scalp,BUY,2025-03-31 08:18:00+00:00,3122.235,3120.12,3125.41,2025-03-31 09:24:00+00:00,3120.12,SL,-2.565,2.115,-1.2128,8,S93_FVG_SCALP_LONG
s93_fvg_scalp,SELL,2025-03-31 13:10:00+00:00,3118.665,3122.59,3112.78,2025-03-31 13:31:00+00:00,3112.78,TP,5.435,3.925,1.3847,13,S93_FVG_SCALP_SHORT
s93_fvg_scalp,SELL,2025-03-31 13:52:00+00:00,3108.865,3111.13,3105.47,2025-03-31 13:54:00+00:00,3111.13,SL,-2.715,2.265,-1.1987,13,S93_FVG_SCALP_SHORT
s93_fvg_scalp,BUY,2025-04-01 08:17:00+00:00,3133.665,3130.08,3139.04,2025-04-01 08:55:00+00:00,3130.08,SL,-4.035,3.585,-1.1255,8,S93_FVG_SCALP_LONG
s93_fvg_scalp,SELL,2025-04-01 14:27:00+00:00,3130.305,3132.73,3126.67,2025-04-01 14:30:00+00:00,3126.67,TP,3.185,2.425,1.3134,14,S93_FVG_SCALP_SHORT
s93_fvg_scalp,BUY,2025-04-02 13:44:00+00:00,3127.685,3126.09,3130.08,2025-04-02 13:45:00+00:00,3126.09,SL,-2.045,1.595,-1.2821,13,S93_FVG_SCALP_LONG
s93_fvg_scalp,SELL,2025-04-03 07:27:00+00:00,3125.585,3128.4,3121.36,2025-04-03 07:43:00+00:00,3121.36,TP,3.775,2.815,1.341,7,S93_FVG_SCALP_SHORT
s93_fvg_scalp,SELL,2025-04-03 12:48:00+00:00,3073.205,3076.1,3068.86,2025-04-03 12:52:00+00:00,3076.1,SL,-3.345,2.895,-1.1554,12,S93_FVG_SCALP_SHORT
s93_fvg_scalp,SELL,2025-04-04 07:25:00+00:00,3097.995,3099.83,3095.24,2025-04-04 07:26:00+00:00,3099.83,SL,-2.285,1.835,-1.2452,7,S93_FVG_SCALP_SHORT
s93_fvg_scalp,SELL,2025-04-04 09:02:00+00:00,3089.455,3091.45,3086.46,2025-04-04 09:11:00+00:00,3091.45,SL,-2.445,1.995,-1.2256,9,S93_FVG_SCALP_SHORT
s93_fvg_scalp,SELL,2025-04-04 12:19:00+00:00,3100.79,3108.98,3088.51,2025-04-04 12:30:00+00:00,3088.51,TP,11.83,8.19,1.4444,12,S93_FVG_SCALP_SHORT
s93_fvg_scalp,SELL,2025-04-04 14:24:00+00:00,3058.37,3063.14,3051.22,2025-04-04 14:28:00+00:00,3051.22,TP,6.7,4.77,1.4046,14,S93_FVG_SCALP_SHORT
s93_fvg_scalp,SELL,2025-04-07 07:17:00+00:00,3020.58,3025.39,3013.36,2025-04-07 07:23:00+00:00,3025.39,SL,-5.26,4.81,-1.0936,7,S93_FVG_SCALP_SHORT
s93_fvg_scalp,BUY,2025-04-07 13:16:00+00:00,3024.165,3019.27,3031.51,2025-04-07 13:33:00+00:00,3019.27,SL,-5.345,4.895,-1.0919,13,S93_FVG_SCALP_LONG
s93_fvg_scalp,SELL,2025-04-07 13:57:00+00:00,3015.39,3025.51,3000.21,2025-04-07 14:11:00+00:00,3025.51,SL,-10.57,10.12,-1.0445,13,S93_FVG_SCALP_SHORT
s93_fvg_scalp,BUY,2025-04-08 08:37:00+00:00,3005.815,3003.72,3008.96,2025-04-08 08:39:00+00:00,3003.72,SL,-2.545,2.095,-1.2148,8,S93_FVG_SCALP_LONG
s93_fvg_scalp,BUY,2025-04-08 13:22:00+00:00,3016.44,3008.19,3028.82,2025-04-08 13:37:00+00:00,3008.19,SL,-8.7,8.25,-1.0545,13,S93_FVG_SCALP_LONG
s93_fvg_scalp,BUY,2025-04-08 14:10:00+00:00,3013.91,3010.96,3018.33,2025-04-08 14:12:00+00:00,3010.96,SL,-3.4,2.95,-1.1525,14,S93_FVG_SCALP_LONG
s93_fvg_scalp,SELL,2025-04-10 07:42:00+00:00,3112.68,3117.7,3105.15,2025-04-10 08:35:00+00:00,3105.15,TP,7.08,5.02,1.4104,7,S93_FVG_SCALP_SHORT
s93_fvg_scalp,SELL,2025-04-10 08:41:00+00:00,3109.71,3113.38,3104.2,2025-04-10 08:45:00+00:00,3113.38,SL,-4.12,3.67,-1.1226,8,S93_FVG_SCALP_SHORT
s93_fvg_scalp,SELL,2025-04-10 09:16:00+00:00,3108.215,3111.55,3103.21,2025-04-10 09:37:00+00:00,3111.55,SL,-3.785,3.335,-1.1349,9,S93_FVG_SCALP_SHORT
s93_fvg_scalp,SELL,2025-04-10 14:01:00+00:00,3127.78,3132.17,3121.2,2025-04-10 14:03:00+00:00,3132.17,SL,-4.84,4.39,-1.1025,14,S93_FVG_SCALP_SHORT
s93_fvg_scalp,BUY,2025-04-11 07:17:00+00:00,3206.955,3199.1,3218.74,2025-04-11 08:13:00+00:00,3218.74,TP,11.335,7.855,1.443,7,S93_FVG_SCALP_LONG
s93_fvg_scalp,BUY,2025-04-11 13:18:00+00:00,3228.91,3226.24,3232.91,2025-04-11 13:31:00+00:00,3232.91,TP,3.55,2.67,1.3296,13,S93_FVG_SCALP_LONG
s93_fvg_scalp,SELL,2025-04-14 08:27:00+00:00,3223.555,3225.45,3220.71,2025-04-14 08:39:00+00:00,3225.45,SL,-2.345,1.895,-1.2375,8,S93_FVG_SCALP_SHORT
s93_fvg_scalp,SELL,2025-04-14 09:50:00+00:00,3225.61,3227.81,3222.31,2025-04-14 09:55:00+00:00,3222.31,TP,2.85,2.2,1.2955,9,S93_FVG_SCALP_SHORT
s93_fvg_scalp,BUY,2025-04-15 12:55:00+00:00,3220.38,3218.51,3223.18,2025-04-15 12:57:00+00:00,3218.51,SL,-2.32,1.87,-1.2406,12,S93_FVG_SCALP_LONG
s93_fvg_scalp,SELL,2025-04-15 13:46:00+00:00,3217.985,3221.05,3213.39,2025-04-15 13:53:00+00:00,3213.39,TP,4.145,3.065,1.3524,13,S93_FVG_SCALP_SHORT
s93_fvg_scalp,BUY,2025-04-16 07:55:00+00:00,3297.67,3295.6,3300.78,2025-04-16 07:58:00+00:00,3295.6,SL,-2.52,2.07,-1.2174,7,S93_FVG_SCALP_LONG
s93_fvg_scalp,BUY,2025-04-16 08:11:00+00:00,3304.025,3299.65,3310.59,2025-04-16 08:15:00+00:00,3310.59,TP,6.115,4.375,1.3977,8,S93_FVG_SCALP_LONG
s93_fvg_scalp,BUY,2025-04-16 08:27:00+00:00,3309.845,3306.51,3314.85,2025-04-16 08:28:00+00:00,3306.51,SL,-3.785,3.335,-1.1349,8,S93_FVG_SCALP_LONG
s93_fvg_scalp,BUY,2025-04-16 09:08:00+00:00,3302.125,3294.63,3313.37,2025-04-16 11:08:00+00:00,3299.575,TIME,-3.0,7.495,-0.4003,9,S93_FVG_SCALP_LONG
s93_fvg_scalp,BUY,2025-04-16 12:52:00+00:00,3310.47,3307.17,3315.42,2025-04-16 12:59:00+00:00,3307.17,SL,-3.75,3.3,-1.1364,12,S93_FVG_SCALP_LONG
s93_fvg_scalp,SELL,2025-04-16 13:45:00+00:00,3300.055,3303.71,3294.57,2025-04-16 13:47:00+00:00,3303.71,SL,-4.105,3.655,-1.1231,13,S93_FVG_SCALP_SHORT
s93_fvg_scalp,SELL,2025-04-17 08:40:00+00:00,3320.14,3322.29,3316.91,2025-04-17 08:50:00+00:00,3322.29,SL,-2.6,2.15,-1.2093,8,S93_FVG_SCALP_SHORT
s93_fvg_scalp,BUY,2025-04-17 12:22:00+00:00,3329.41,3327.05,3332.95,2025-04-17 12:25:00+00:00,3327.05,SL,-2.81,2.36,-1.1907,12,S93_FVG_SCALP_LONG
s93_fvg_scalp,BUY,2025-04-17 13:45:00+00:00,3328.895,3324.53,3335.44,2025-04-17 13:47:00+00:00,3324.53,SL,-4.815,4.365,-1.1031,13,S93_FVG_SCALP_LONG
s93_fvg_scalp,SELL,2025-04-17 14:41:00+00:00,3295.255,3303.21,3283.32,2025-04-17 15:13:00+00:00,3303.21,SL,-8.405,7.955,-1.0566,14,S93_FVG_SCALP_SHORT
s93_fvg_scalp,BUY,2025-04-21 09:19:00+00:00,3391.865,3389.9,3394.81,2025-04-21 09:20:00+00:00,3394.81,TP,2.495,1.965,1.2697,9,S93_FVG_SCALP_LONG
s93_fvg_scalp,BUY,2025-04-21 13:10:00+00:00,3419.72,3414.89,3426.96,2025-04-21 13:24:00+00:00,3414.89,SL,-5.28,4.83,-1.0932,13,S93_FVG_SCALP_LONG
s93_fvg_scalp,SELL,2025-04-22 09:26:00+00:00,3458.695,3463.05,3452.16,2025-04-22 09:35:00+00:00,3452.16,TP,6.085,4.355,1.3972,9,S93_FVG_SCALP_SHORT
s93_fvg_scalp,SELL,2025-04-22 13:08:00+00:00,3436.925,3443.19,3427.53,2025-04-22 13:14:00+00:00,3443.19,SL,-6.715,6.265,-1.0718,13,S93_FVG_SCALP_SHORT
s93_fvg_scalp,SELL,2025-04-22 13:49:00+00:00,3427.245,3436.18,3413.84,2025-04-22 14:30:00+00:00,3436.18,SL,-9.385,8.935,-1.0504,13,S93_FVG_SCALP_SHORT
s93_fvg_scalp,BUY,2025-04-23 07:10:00+00:00,3308.035,3301.9,3317.24,2025-04-23 07:43:00+00:00,3317.24,TP,8.755,6.135,1.4271,7,S93_FVG_SCALP_LONG
s93_fvg_scalp,BUY,2025-04-23 14:25:00+00:00,3276.325,3268.04,3288.75,2025-04-23 14:44:00+00:00,3288.75,TP,11.975,8.285,1.4454,14,S93_FVG_SCALP_LONG
s93_fvg_scalp,BUY,2025-04-23 14:51:00+00:00,3288.285,3277.98,3303.74,2025-04-23 15:14:00+00:00,3277.98,SL,-10.755,10.305,-1.0437,14,S93_FVG_SCALP_LONG
s93_fvg_scalp,BUY,2025-04-24 07:15:00+00:00,3334.235,3326.19,3346.3,2025-04-24 07:39:00+00:00,3326.19,SL,-8.495,8.045,-1.0559,7,S93_FVG_SCALP_LONG
s93_fvg_scalp,SELL,2025-04-24 09:40:00+00:00,3331.065,3335.56,3324.32,2025-04-24 09:57:00+00:00,3335.56,SL,-4.945,4.495,-1.1001,9,S93_FVG_SCALP_SHORT
s93_fvg_scalp,BUY,2025-04-24 14:37:00+00:00,3318.165,3314.73,3323.32,2025-04-24 14:41:00+00:00,3323.32,TP,4.705,3.435,1.3697,14,S93_FVG_SCALP_LONG
s93_fvg_scalp,BUY,2025-04-24 14:54:00+00:00,3325.845,3322.06,3331.52,2025-04-24 15:17:00+00:00,3322.06,SL,-4.235,3.785,-1.1189,14,S93_FVG_SCALP_LONG
s93_fvg_scalp,SELL,2025-04-25 08:27:00+00:00,3300.49,3303.61,3295.81,2025-04-25 08:40:00+00:00,3303.61,SL,-3.57,3.12,-1.1442,8,S93_FVG_SCALP_SHORT
s93_fvg_scalp,SELL,2025-04-28 07:31:00+00:00,3282.83,3285.24,3279.22,2025-04-28 07:37:00+00:00,3285.24,SL,-2.86,2.41,-1.1867,7,S93_FVG_SCALP_SHORT
s93_fvg_scalp,BUY,2025-04-28 08:02:00+00:00,3285.965,3283.07,3290.31,2025-04-28 08:31:00+00:00,3283.07,SL,-3.345,2.895,-1.1554,8,S93_FVG_SCALP_LONG
s93_fvg_scalp,BUY,2025-04-28 14:12:00+00:00,3297.365,3292.7,3304.36,2025-04-28 14:16:00+00:00,3304.36,TP,6.545,4.665,1.403,14,S93_FVG_SCALP_LONG
s93_fvg_scalp,BUY,2025-04-28 14:30:00+00:00,3310.88,3307.25,3316.33,2025-04-28 14:31:00+00:00,3316.33,TP,5.0,3.63,1.3774,14,S93_FVG_SCALP_LONG
s93_fvg_scalp,BUY,2025-04-29 08:03:00+00:00,3321.445,3319.44,3324.45,2025-04-29 08:06:00+00:00,3319.44,SL,-2.455,2.005,-1.2244,8,S93_FVG_SCALP_LONG
s93_fvg_scalp,SELL,2025-04-29 13:55:00+00:00,3307.415,3311.97,3300.58,2025-04-29 14:08:00+00:00,3300.58,TP,6.385,4.555,1.4018,13,S93_FVG_SCALP_SHORT
s93_fvg_scalp,SELL,2025-04-30 08:05:00+00:00,3307.46,3310.86,3302.36,2025-04-30 08:08:00+00:00,3302.36,TP,4.65,3.4,1.3676,8,S93_FVG_SCALP_SHORT
s93_fvg_scalp,SELL,2025-04-30 14:00:00+00:00,3310.205,3313.78,3304.84,2025-04-30 14:01:00+00:00,3304.84,TP,4.915,3.575,1.3748,14,S93_FVG_SCALP_SHORT
s93_fvg_scalp,SELL,2025-04-30 14:41:00+00:00,3300.65,3306.15,3292.4,2025-04-30 14:55:00+00:00,3306.15,SL,-5.95,5.5,-1.0818,14,S93_FVG_SCALP_SHORT
s93_fvg_scalp,SELL,2025-05-01 13:59:00+00:00,3224.855,3228.89,3218.8,2025-05-01 14:00:00+00:00,3218.8,TP,5.605,4.035,1.3891,13,S93_FVG_SCALP_SHORT
s93_fvg_scalp,BUY,2025-05-02 07:17:00+00:00,3251.74,3249.85,3254.57,2025-05-02 07:19:00+00:00,3254.57,TP,2.38,1.89,1.2593,7,S93_FVG_SCALP_LONG
s93_fvg_scalp,BUY,2025-05-02 07:41:00+00:00,3260.075,3257.56,3263.85,2025-05-02 08:02:00+00:00,3257.56,SL,-2.965,2.515,-1.1789,7,S93_FVG_SCALP_LONG
s93_fvg_scalp,BUY,2025-05-02 09:18:00+00:00,3260.25,3258.39,3263.04,2025-05-02 09:32:00+00:00,3263.04,TP,2.34,1.86,1.2581,9,S93_FVG_SCALP_LONG
s93_fvg_scalp,BUY,2025-05-02 13:31:00+00:00,3254.8,3248.06,3264.91,2025-05-02 13:45:00+00:00,3248.06,SL,-7.19,6.74,-1.0668,13,S93_FVG_SCALP_LONG
s93_fvg_scalp,BUY,2025-05-05 12:14:00+00:00,3315.35,3313.28,3318.45,2025-05-05 12:18:00+00:00,3318.45,TP,2.65,2.07,1.2802,12,S93_FVG_SCALP_LONG
s93_fvg_scalp,BUY,2025-05-06 13:05:00+00:00,3390.75,3387.3,3395.92,2025-05-06 13:13:00+00:00,3395.92,TP,4.72,3.45,1.3681,13,S93_FVG_SCALP_LONG
s93_fvg_scalp,SELL,2025-05-06 14:35:00+00:00,3386.92,3392.52,3378.52,2025-05-06 14:44:00+00:00,3378.52,TP,7.95,5.6,1.4196,14,S93_FVG_SCALP_SHORT
s93_fvg_scalp,SELL,2025-05-06 14:53:00+00:00,3383.155,3386.21,3378.57,2025-05-06 14:57:00+00:00,3386.21,SL,-3.505,3.055,-1.1473,14,S93_FVG_SCALP_SHORT
s93_fvg_scalp,BUY,2025-05-08 07:50:00+00:00,3343.525,3338.93,3350.42,2025-05-08 08:13:00+00:00,3338.93,SL,-5.045,4.595,-1.0979,7,S93_FVG_SCALP_LONG
s93_fvg_scalp,BUY,2025-05-08 13:40:00+00:00,3364.755,3359.97,3371.93,2025-05-08 13:46:00+00:00,3359.97,SL,-5.235,4.785,-1.094,13,S93_FVG_SCALP_LONG
s93_fvg_scalp,BUY,2025-05-08 14:15:00+00:00,3360.03,3355.74,3366.47,2025-05-08 14:16:00+00:00,3355.74,SL,-4.74,4.29,-1.1049,14,S93_FVG_SCALP_LONG
s93_fvg_scalp,BUY,2025-05-09 13:41:00+00:00,3334.235,3331.63,3338.14,2025-05-09 13:58:00+00:00,3331.63,SL,-3.055,2.605,-1.1727,13,S93_FVG_SCALP_LONG
s93_fvg_scalp,BUY,2025-05-09 14:40:00+00:00,3335.385,3331.38,3341.39,2025-05-09 15:13:00+00:00,3341.39,TP,5.555,4.005,1.387,14,S93_FVG_SCALP_LONG
s93_fvg_scalp,SELL,2025-05-12 07:52:00+00:00,3224.425,3229.5,3216.81,2025-05-12 08:03:00+00:00,3229.5,SL,-5.525,5.075,-1.0887,7,S93_FVG_SCALP_SHORT
s93_fvg_scalp,BUY,2025-05-12 08:45:00+00:00,3231.07,3227.23,3236.83,2025-05-12 09:07:00+00:00,3227.23,SL,-4.29,3.84,-1.1172,8,S93_FVG_SCALP_LONG
s93_fvg_scalp,BUY,2025-05-13 14:25:00+00:00,3237.47,3234.15,3242.45,2025-05-13 14:33:00+00:00,3242.45,TP,4.53,3.32,1.3645,14,S93_FVG_SCALP_LONG
s93_fvg_scalp,BUY,2025-05-13 14:40:00+00:00,3242.985,3239.74,3247.85,2025-05-13 14:44:00+00:00,3247.85,TP,4.415,3.245,1.3606,14,S93_FVG_SCALP_LONG
s93_fvg_scalp,BUY,2025-05-14 07:47:00+00:00,3235.225,3232.84,3238.8,2025-05-14 07:58:00+00:00,3238.8,TP,3.125,2.385,1.3103,7,S93_FVG_SCALP_LONG
s93_fvg_scalp,BUY,2025-05-14 09:51:00+00:00,3234.16,3231.35,3238.38,2025-05-14 10:01:00+00:00,3231.35,SL,-3.26,2.81,-1.1601,9,S93_FVG_SCALP_LONG
s93_fvg_scalp,SELL,2025-05-14 12:06:00+00:00,3222.16,3226.49,3215.66,2025-05-14 12:13:00+00:00,3215.66,TP,6.05,4.33,1.3972,12,S93_FVG_SCALP_SHORT
s93_fvg_scalp,BUY,2025-05-14 13:27:00+00:00,3185.08,3179.35,3193.68,2025-05-14 13:33:00+00:00,3193.68,TP,8.15,5.73,1.4223,13,S93_FVG_SCALP_LONG
s93_fvg_scalp,SELL,2025-05-15 07:49:00+00:00,3137.47,3143.24,3128.81,2025-05-15 07:54:00+00:00,3143.24,SL,-6.22,5.77,-1.078,7,S93_FVG_SCALP_SHORT
s93_fvg_scalp,BUY,2025-05-15 12:10:00+00:00,3180.99,3178.71,3184.41,2025-05-15 12:17:00+00:00,3178.71,SL,-2.73,2.28,-1.1974,12,S93_FVG_SCALP_LONG
s93_fvg_scalp,BUY,2025-05-15 13:00:00+00:00,3186.045,3183.67,3189.61,2025-05-15 13:03:00+00:00,3189.61,TP,3.115,2.375,1.3116,13,S93_FVG_SCALP_LONG
s93_fvg_scalp,BUY,2025-05-15 14:37:00+00:00,3198.18,3192.65,3206.47,2025-05-15 15:01:00+00:00,3206.47,TP,7.84,5.53,1.4177,14,S93_FVG_SCALP_LONG
s93_fvg_scalp,BUY,2025-05-16 08:53:00+00:00,3205.055,3201.87,3209.83,2025-05-16 09:26:00+00:00,3209.83,TP,4.325,3.185,1.3579,8,S93_FVG_SCALP_LONG
s93_fvg_scalp,BUY,2025-05-16 09:43:00+00:00,3208.14,3206.37,3210.8,2025-05-16 09:48:00+00:00,3210.8,TP,2.21,1.77,1.2486,9,S93_FVG_SCALP_LONG
s93_fvg_scalp,SELL,2025-05-16 13:33:00+00:00,3178.875,3182.42,3173.56,2025-05-16 13:34:00+00:00,3182.42,SL,-3.995,3.545,-1.1269,13,S93_FVG_SCALP_SHORT
s93_fvg_scalp,BUY,2025-05-19 07:41:00+00:00,3227.71,3225.6,3230.88,2025-05-19 07:44:00+00:00,3230.88,TP,2.72,2.11,1.2891,7,S93_FVG_SCALP_LONG
s93_fvg_scalp,BUY,2025-05-19 08:22:00+00:00,3235.295,3232.2,3239.94,2025-05-19 08:47:00+00:00,3239.94,TP,4.195,3.095,1.3554,8,S93_FVG_SCALP_LONG
s93_fvg_scalp,BUY,2025-05-19 09:05:00+00:00,3244.45,3241.84,3248.36,2025-05-19 09:11:00+00:00,3241.84,SL,-3.06,2.61,-1.1724,9,S93_FVG_SCALP_LONG
s93_fvg_scalp,BUY,2025-05-19 13:20:00+00:00,3233.47,3230.73,3237.58,2025-05-19 13:26:00+00:00,3230.73,SL,-3.19,2.74,-1.1642,13,S93_FVG_SCALP_LONG
s93_fvg_scalp,BUY,2025-05-20 13:40:00+00:00,3240.915,3238.17,3245.03,2025-05-20 13:47:00+00:00,3245.03,TP,3.665,2.745,1.3352,13,S93_FVG_SCALP_LONG
s93_fvg_scalp,SELL,2025-05-22 08:40:00+00:00,3315.995,3318.56,3312.15,2025-05-22 08:46:00+00:00,3312.15,TP,3.395,2.565,1.3236,8,S93_FVG_SCALP_SHORT
s93_fvg_scalp,SELL,2025-05-22 12:15:00+00:00,3308.945,3312.58,3303.49,2025-05-22 12:23:00+00:00,3312.58,SL,-4.085,3.635,-1.1238,12,S93_FVG_SCALP_SHORT
s93_fvg_scalp,SELL,2025-05-22 14:26:00+00:00,3296.775,3303.42,3286.81,2025-05-22 14:45:00+00:00,3303.42,SL,-7.095,6.645,-1.0677,14,S93_FVG_SCALP_SHORT
s93_fvg_scalp,SELL,2025-05-26 09:39:00+00:00,3329.04,3331.1,3325.95,2025-05-26 10:06:00+00:00,3331.1,SL,-2.51,2.06,-1.2184,9,S93_FVG_SCALP_SHORT
s93_fvg_scalp,SELL,2025-05-27 08:00:00+00:00,3297.335,3306.33,3283.84,2025-05-27 08:04:00+00:00,3306.33,SL,-9.445,8.995,-1.05,8,S93_FVG_SCALP_SHORT
s93_fvg_scalp,SELL,2025-05-27 09:08:00+00:00,3303.745,3307.4,3298.26,2025-05-27 09:09:00+00:00,3307.4,SL,-4.105,3.655,-1.1231,9,S93_FVG_SCALP_SHORT
s93_fvg_scalp,SELL,2025-05-27 09:51:00+00:00,3297.87,3301.55,3292.35,2025-05-27 10:16:00+00:00,3292.35,TP,5.07,3.68,1.3777,9,S93_FVG_SCALP_SHORT
s93_fvg_scalp,BUY,2025-05-29 07:34:00+00:00,3278.18,3275.43,3282.3,2025-05-29 07:50:00+00:00,3282.3,TP,3.67,2.75,1.3345,7,S93_FVG_SCALP_LONG
s93_fvg_scalp,BUY,2025-05-29 08:14:00+00:00,3284.0,3280.93,3288.61,2025-05-29 08:33:00+00:00,3280.93,SL,-3.52,3.07,-1.1466,8,S93_FVG_SCALP_LONG
s93_fvg_scalp,BUY,2025-05-29 09:45:00+00:00,3281.28,3279.34,3284.19,2025-05-29 10:01:00+00:00,3284.19,TP,2.46,1.94,1.268,9,S93_FVG_SCALP_LONG
s93_fvg_scalp,BUY,2025-05-29 13:35:00+00:00,3317.36,3313.86,3322.61,2025-05-29 13:42:00+00:00,3313.86,SL,-3.95,3.5,-1.1286,13,S93_FVG_SCALP_LONG
s93_fvg_scalp,BUY,2025-05-29 14:58:00+00:00,3310.75,3308.03,3314.83,2025-05-29 15:04:00+00:00,3314.83,TP,3.63,2.72,1.3346,14,S93_FVG_SCALP_LONG
s93_fvg_scalp,SELL,2025-05-30 07:27:00+00:00,3297.015,3300.78,3291.37,2025-05-30 09:27:00+00:00,3296.54,TIME,0.025,3.765,0.0066,7,S93_FVG_SCALP_SHORT
s93_fvg_scalp,SELL,2025-05-30 14:06:00+00:00,3281.665,3285.22,3276.33,2025-05-30 14:10:00+00:00,3285.22,SL,-4.005,3.555,-1.1266,14,S93_FVG_SCALP_SHORT
s93_fvg_scalp,BUY,2025-05-30 14:15:00+00:00,3281.36,3276.84,3288.14,2025-05-30 14:39:00+00:00,3276.84,SL,-4.97,4.52,-1.0996,14,S93_FVG_SCALP_LONG
s93_fvg_scalp,BUY,2025-06-02 07:29:00+00:00,3354.47,3351.95,3358.25,2025-06-02 07:32:00+00:00,3358.25,TP,3.33,2.52,1.3214,7,S93_FVG_SCALP_LONG
s93_fvg_scalp,SELL,2025-06-03 07:11:00+00:00,3355.705,3357.93,3352.37,2025-06-03 07:18:00+00:00,3357.93,SL,-2.675,2.225,-1.2022,7,S93_FVG_SCALP_SHORT
s93_fvg_scalp,SELL,2025-06-03 14:10:00+00:00,3339.87,3344.38,3333.1,2025-06-03 14:23:00+00:00,3344.38,SL,-4.96,4.51,-1.0998,14,S93_FVG_SCALP_SHORT
s93_fvg_scalp,SELL,2025-06-04 08:10:00+00:00,3355.69,3357.52,3352.95,2025-06-04 08:40:00+00:00,3357.52,SL,-2.28,1.83,-1.2459,8,S93_FVG_SCALP_SHORT
s93_fvg_scalp,BUY,2025-06-04 14:50:00+00:00,3381.415,3378.5,3385.79,2025-06-04 14:55:00+00:00,3378.5,SL,-3.365,2.915,-1.1544,14,S93_FVG_SCALP_LONG
s93_fvg_scalp,SELL,2025-06-05 13:20:00+00:00,3384.855,3392.39,3373.55,2025-06-05 14:05:00+00:00,3373.55,TP,10.855,7.535,1.4406,13,S93_FVG_SCALP_SHORT
s93_fvg_scalp,SELL,2025-06-06 07:55:00+00:00,3356.13,3358.02,3353.3,2025-06-06 07:56:00+00:00,3358.02,SL,-2.34,1.89,-1.2381,7,S93_FVG_SCALP_SHORT
s93_fvg_scalp,BUY,2025-06-06 08:12:00+00:00,3359.695,3355.52,3365.96,2025-06-06 08:42:00+00:00,3365.96,TP,5.815,4.175,1.3928,8,S93_FVG_SCALP_LONG
s93_fvg_scalp,BUY,2025-06-06 12:55:00+00:00,3355.38,3352.38,3359.88,2025-06-06 13:00:00+00:00,3352.38,SL,-3.45,3.0,-1.15,12,S93_FVG_SCALP_LONG
s93_fvg_scalp,SELL,2025-06-06 13:08:00+00:00,3353.655,3356.5,3349.39,2025-06-06 13:11:00+00:00,3356.5,SL,-3.295,2.845,-1.1582,13,S93_FVG_SCALP_SHORT
s93_fvg_scalp,SELL,2025-06-06 14:30:00+00:00,3325.295,3335.16,3310.5,2025-06-06 15:37:00+00:00,3335.16,SL,-10.315,9.865,-1.0456,14,S93_FVG_SCALP_SHORT
s93_fvg_scalp,BUY,2025-06-09 14:00:00+00:00,3317.485,3315.6,3320.31,2025-06-09 14:01:00+00:00,3320.31,TP,2.375,1.885,1.2599,14,S93_FVG_SCALP_LONG
s93_fvg_scalp,SELL,2025-06-10 07:29:00+00:00,3326.58,3328.47,3323.74,2025-06-10 07:30:00+00:00,3328.47,SL,-2.34,1.89,-1.2381,7,S93_FVG_SCALP_SHORT
s93_fvg_scalp,BUY,2025-06-10 07:40:00+00:00,3327.87,3325.93,3330.78,2025-06-10 07:45:00+00:00,3330.78,TP,2.46,1.94,1.268,7,S93_FVG_SCALP_LONG
s93_fvg_scalp,BUY,2025-06-11 07:25:00+00:00,3338.475,3336.46,3341.5,2025-06-11 07:31:00+00:00,3341.5,TP,2.575,2.015,1.2779,7,S93_FVG_SCALP_LONG
s93_fvg_scalp,BUY,2025-06-11 08:00:00+00:00,3345.35,3341.95,3350.45,2025-06-11 09:03:00+00:00,3341.95,SL,-3.85,3.4,-1.1324,8,S93_FVG_SCALP_LONG
s93_fvg_scalp,SELL,2025-06-11 13:16:00+00:00,3343.21,3350.98,3331.56,2025-06-11 13:45:00+00:00,3331.56,TP,11.2,7.77,1.4414,13,S93_FVG_SCALP_SHORT
s93_fvg_scalp,BUY,2025-06-11 14:50:00+00:00,3337.91,3334.62,3342.84,2025-06-11 15:22:00+00:00,3342.84,TP,4.48,3.29,1.3617,14,S93_FVG_SCALP_LONG
s93_fvg_scalp,SELL,2025-06-12 07:52:00+00:00,3345.415,3350.33,3338.04,2025-06-12 08:02:00+00:00,3350.33,SL,-5.365,4.915,-1.0916,7,S93_FVG_SCALP_SHORT
s93_fvg_scalp,BUY,2025-06-12 13:53:00+00:00,3388.005,3382.85,3395.74,2025-06-12 15:09:00+00:00,3382.85,SL,-5.605,5.155,-1.0873,13,S93_FVG_SCALP_LONG
s93_fvg_scalp,BUY,2025-06-13 13:00:00+00:00,3435.945,3432.63,3440.92,2025-06-13 13:02:00+00:00,3440.92,TP,4.525,3.315,1.365,13,S93_FVG_SCALP_LONG
s93_fvg_scalp,SELL,2025-06-16 07:21:00+00:00,3412.99,3415.04,3409.91,2025-06-16 07:22:00+00:00,3415.04,SL,-2.5,2.05,-1.2195,7,S93_FVG_SCALP_SHORT
s93_fvg_scalp,BUY,2025-06-17 07:54:00+00:00,3387.955,3385.93,3390.99,2025-06-17 07:55:00+00:00,3385.93,SL,-2.475,2.025,-1.2222,7,S93_FVG_SCALP_LONG
s93_fvg_scalp,BUY,2025-06-17 13:21:00+00:00,3393.325,3391.24,3396.45,2025-06-17 13:33:00+00:00,3396.45,TP,2.675,2.085,1.283,13,S93_FVG_SCALP_LONG
s93_fvg_scalp,SELL,2025-06-17 14:42:00+00:00,3376.51,3381.51,3369.01,2025-06-17 14:52:00+00:00,3381.51,SL,-5.45,5.0,-1.09,14,S93_FVG_SCALP_SHORT
s93_fvg_scalp,BUY,2025-06-18 07:45:00+00:00,3383.3,3380.41,3387.64,2025-06-18 08:02:00+00:00,3387.64,TP,3.89,2.89,1.346,7,S93_FVG_SCALP_LONG
s93_fvg_scalp,BUY,2025-06-18 14:02:00+00:00,3388.345,3386.73,3390.77,2025-06-18 14:03:00+00:00,3386.73,SL,-2.065,1.615,-1.2786,14,S93_FVG_SCALP_LONG
s93_fvg_scalp,SELL,2025-06-18 14:25:00+00:00,3381.67,3384.7,3377.13,2025-06-18 14:30:00+00:00,3384.7,SL,-3.48,3.03,-1.1485,14,S93_FVG_SCALP_SHORT
s93_fvg_scalp,SELL,2025-06-19 09:10:00+00:00,3367.045,3368.73,3364.52,2025-06-19 09:14:00+00:00,3368.73,SL,-2.135,1.685,-1.2671,9,S93_FVG_SCALP_SHORT
s93_fvg_scalp,BUY,2025-06-19 14:05:00+00:00,3367.73,3366.14,3370.12,2025-06-19 14:21:00+00:00,3366.14,SL,-2.04,1.59,-1.283,14,S93_FVG_SCALP_LONG
s93_fvg_scalp,SELL,2025-06-19 14:37:00+00:00,3364.905,3369.04,3358.7,2025-06-19 15:21:00+00:00,3369.04,SL,-4.585,4.135,-1.1088,14,S93_FVG_SCALP_SHORT
s93_fvg_scalp,BUY,2025-06-23 08:10:00+00:00,3360.35,3358.3,3363.42,2025-06-23 09:01:00+00:00,3363.42,TP,2.62,2.05,1.278,8,S93_FVG_SCALP_LONG
s93_fvg_scalp,BUY,2025-06-23 09:55:00+00:00,3365.895,3364.35,3368.21,2025-06-23 10:00:00+00:00,3368.21,TP,1.865,1.545,1.2071,9,S93_FVG_SCALP_LONG
s93_fvg_scalp,BUY,2025-06-23 12:55:00+00:00,3361.35,3359.42,3364.24,2025-06-23 13:08:00+00:00,3364.24,TP,2.44,1.93,1.2642,12,S93_FVG_SCALP_LONG
s93_fvg_scalp,BUY,2025-06-23 13:20:00+00:00,3366.73,3363.94,3370.91,2025-06-23 13:30:00+00:00,3370.91,TP,3.73,2.79,1.3369,13,S93_FVG_SCALP_LONG
s93_fvg_scalp,BUY,2025-06-23 14:27:00+00:00,3377.85,3375.14,3381.91,2025-06-23 14:39:00+00:00,3381.91,TP,3.61,2.71,1.3321,14,S93_FVG_SCALP_LONG
s93_fvg_scalp,SELL,2025-06-24 08:42:00+00:00,3328.445,3330.73,3325.02,2025-06-24 08:53:00+00:00,3325.02,TP,2.975,2.285,1.302,8,S93_FVG_SCALP_SHORT
s93_fvg_scalp,SELL,2025-06-24 12:20:00+00:00,3316.11,3318.9,3311.93,2025-06-24 12:27:00+00:00,3311.93,TP,3.73,2.79,1.3369,12,S93_FVG_SCALP_SHORT
s93_fvg_scalp,BUY,2025-06-24 13:03:00+00:00,3312.86,3309.31,3318.19,2025-06-24 13:31:00+00:00,3309.31,SL,-4.0,3.55,-1.1268,13,S93_FVG_SCALP_LONG
s93_fvg_scalp,SELL,2025-06-24 13:45:00+00:00,3302.305,3306.63,3295.82,2025-06-24 13:49:00+00:00,3295.82,TP,6.035,4.325,1.3954,13,S93_FVG_SCALP_SHORT
s93_fvg_scalp,BUY,2025-06-25 07:52:00+00:00,3332.18,3329.7,3335.9,2025-06-25 08:09:00+00:00,3329.7,SL,-2.93,2.48,-1.1815,7,S93_FVG_SCALP_LONG
s93_fvg_scalp,SELL,2025-06-25 12:50:00+00:00,3320.72,3323.57,3316.44,2025-06-25 13:07:00+00:00,3316.44,TP,3.83,2.85,1.3439,12,S93_FVG_SCALP_SHORT
s93_fvg_scalp,SELL,2025-06-25 13:21:00+00:00,3318.465,3320.73,3315.07,2025-06-25 13:27:00+00:00,3315.07,TP,2.945,2.265,1.3002,13,S93_FVG_SCALP_SHORT
s93_fvg_scalp,BUY,2025-06-26 13:26:00+00:00,3322.375,3319.46,3326.75,2025-06-26 13:28:00+00:00,3319.46,SL,-3.365,2.915,-1.1544,13,S93_FVG_SCALP_LONG
s93_fvg_scalp,SELL,2025-06-26 13:41:00+00:00,3315.585,3320.1,3308.81,2025-06-26 13:44:00+00:00,3320.1,SL,-4.965,4.515,-1.0997,13,S93_FVG_SCALP_SHORT
s93_fvg_scalp,BUY,2025-06-26 13:57:00+00:00,3324.765,3320.36,3331.37,2025-06-26 13:59:00+00:00,3320.36,SL,-4.855,4.405,-1.1022,13,S93_FVG_SCALP_LONG
s93_fvg_scalp,SELL,2025-06-26 14:05:00+00:00,3321.855,3326.04,3315.58,2025-06-26 14:28:00+00:00,3315.58,TP,5.825,4.185,1.3919,14,S93_FVG_SCALP_SHORT
s93_fvg_scalp,SELL,2025-06-27 07:21:00+00:00,3288.595,3292.0,3283.49,2025-06-27 08:14:00+00:00,3283.49,TP,4.655,3.405,1.3671,7,S93_FVG_SCALP_SHORT
s93_fvg_scalp,SELL,2025-06-27 14:25:00+00:00,3271.05,3273.87,3266.82,2025-06-27 14:26:00+00:00,3273.87,SL,-3.27,2.82,-1.1596,14,S93_FVG_SCALP_SHORT
s93_fvg_scalp,SELL,2025-06-27 14:57:00+00:00,3269.78,3274.17,3263.2,2025-06-27 15:00:00+00:00,3274.17,SL,-4.84,4.39,-1.1025,14,S93_FVG_SCALP_SHORT
s93_fvg_scalp,BUY,2025-06-30 08:14:00+00:00,3294.935,3293.08,3297.72,2025-06-30 08:16:00+00:00,3293.08,SL,-2.305,1.855,-1.2426,8,S93_FVG_SCALP_LONG
s93_fvg_scalp,SELL,2025-06-30 13:06:00+00:00,3284.555,3288.02,3279.36,2025-06-30 13:25:00+00:00,3279.36,TP,4.745,3.465,1.3694,13,S93_FVG_SCALP_SHORT
s93_fvg_scalp,SELL,2025-06-30 14:20:00+00:00,3282.48,3284.95,3278.78,2025-06-30 14:24:00+00:00,3284.95,SL,-2.92,2.47,-1.1822,14,S93_FVG_SCALP_SHORT
s93_fvg_scalp,BUY,2025-06-30 14:30:00+00:00,3284.225,3281.81,3287.85,2025-06-30 14:34:00+00:00,3287.85,TP,3.175,2.415,1.3147,14,S93_FVG_SCALP_LONG
s93_fvg_scalp,BUY,2025-06-30 14:40:00+00:00,3287.29,3284.85,3290.95,2025-06-30 15:13:00+00:00,3284.85,SL,-2.89,2.44,-1.1844,14,S93_FVG_SCALP_LONG
s93_fvg_scalp,BUY,2025-07-01 07:23:00+00:00,3336.05,3333.64,3339.67,2025-07-01 07:30:00+00:00,3339.67,TP,3.17,2.41,1.3154,7,S93_FVG_SCALP_LONG
s93_fvg_scalp,SELL,2025-07-03 12:54:00+00:00,3320.215,3328.97,3307.08,2025-07-03 13:04:00+00:00,3328.97,SL,-9.205,8.755,-1.0514,12,S93_FVG_SCALP_SHORT
s93_fvg_scalp,SELL,2025-07-03 14:30:00+00:00,3328.39,3331.4,3323.87,2025-07-03 14:39:00+00:00,3331.4,SL,-3.46,3.01,-1.1495,14,S93_FVG_SCALP_SHORT
s93_fvg_scalp,SELL,2025-07-07 08:08:00+00:00,3304.59,3307.36,3300.44,2025-07-07 08:15:00+00:00,3307.36,SL,-3.22,2.77,-1.1625,8,S93_FVG_SCALP_SHORT
s93_fvg_scalp,BUY,2025-07-07 14:03:00+00:00,3314.45,3311.8,3318.42,2025-07-07 14:13:00+00:00,3318.42,TP,3.52,2.65,1.3283,14,S93_FVG_SCALP_LONG
s93_fvg_scalp,BUY,2025-07-08 12:11:00+00:00,3327.295,3324.76,3331.1,2025-07-08 13:07:00+00:00,3324.76,SL,-2.985,2.535,-1.1775,12,S93_FVG_SCALP_LONG
s93_fvg_scalp,SELL,2025-07-09 08:25:00+00:00,3286.84,3289.18,3283.33,2025-07-09 08:37:00+00:00,3283.33,TP,3.06,2.34,1.3077,8,S93_FVG_SCALP_SHORT
s93_fvg_scalp,BUY,2025-07-09 14:00:00+00:00,3299.835,3297.7,3303.04,2025-07-09 14:03:00+00:00,3303.04,TP,2.755,2.135,1.2904,14,S93_FVG_SCALP_LONG
s93_fvg_scalp,BUY,2025-07-10 07:14:00+00:00,3326.985,3325.09,3329.83,2025-07-10 07:36:00+00:00,3325.09,SL,-2.345,1.895,-1.2375,7,S93_FVG_SCALP_LONG
s93_fvg_scalp,BUY,2025-07-10 09:14:00+00:00,3327.36,3325.44,3330.24,2025-07-10 09:35:00+00:00,3325.44,SL,-2.37,1.92,-1.2344,9,S93_FVG_SCALP_LONG
s93_fvg_scalp,SELL,2025-07-10 14:15:00+00:00,3319.715,3321.78,3316.62,2025-07-10 14:17:00+00:00,3321.78,SL,-2.515,2.065,-1.2179,14,S93_FVG_SCALP_SHORT
s93_fvg_scalp,BUY,2025-07-11 08:30:00+00:00,3338.385,3336.66,3340.97,2025-07-11 08:36:00+00:00,3336.66,SL,-2.175,1.725,-1.2609,8,S93_FVG_SCALP_LONG
s93_fvg_scalp,SELL,2025-07-14 12:46:00+00:00,3352.71,3355.84,3348.01,2025-07-14 13:00:00+00:00,3348.01,TP,4.25,3.13,1.3578,12,S93_FVG_SCALP_SHORT
s93_fvg_scalp,SELL,2025-07-14 14:26:00+00:00,3350.5,3352.22,3347.92,2025-07-14 14:29:00+00:00,3352.22,SL,-2.17,1.72,-1.2616,14,S93_FVG_SCALP_SHORT
s93_fvg_scalp,SELL,2025-07-14 14:49:00+00:00,3343.94,3348.23,3337.51,2025-07-14 15:08:00+00:00,3348.23,SL,-4.74,4.29,-1.1049,14,S93_FVG_SCALP_SHORT
s93_fvg_scalp,BUY,2025-07-15 08:46:00+00:00,3361.31,3358.15,3366.05,2025-07-15 10:05:00+00:00,3366.05,TP,4.29,3.16,1.3576,8,S93_FVG_SCALP_LONG
s93_fvg_scalp,BUY,2025-07-15 14:05:00+00:00,3343.195,3340.86,3346.7,2025-07-15 14:07:00+00:00,3346.7,TP,3.055,2.335,1.3084,14,S93_FVG_SCALP_LONG
s93_fvg_scalp,BUY,2025-07-16 08:10:00+00:00,3339.81,3338.02,3342.49,2025-07-16 08:52:00+00:00,3342.49,TP,2.23,1.79,1.2458,8,S93_FVG_SCALP_LONG
s93_fvg_scalp,SELL,2025-07-16 13:41:00+00:00,3330.55,3335.56,3323.04,2025-07-16 13:50:00+00:00,3323.04,TP,7.06,5.01,1.4092,13,S93_FVG_SCALP_SHORT
s93_fvg_scalp,BUY,2025-07-18 09:15:00+00:00,3351.805,3349.24,3355.65,2025-07-18 10:04:00+00:00,3349.24,SL,-3.015,2.565,-1.1754,9,S93_FVG_SCALP_LONG
s93_fvg_scalp,BUY,2025-07-21 14:48:00+00:00,3397.695,3395.76,3400.6,2025-07-21 14:56:00+00:00,3400.6,TP,2.455,1.935,1.2687,14,S93_FVG_SCALP_LONG
s93_fvg_scalp,BUY,2025-07-22 13:15:00+00:00,3409.6,3407.27,3413.09,2025-07-22 13:17:00+00:00,3413.09,TP,3.04,2.33,1.3047,13,S93_FVG_SCALP_LONG
s93_fvg_scalp,SELL,2025-07-22 14:10:00+00:00,3412.925,3417.18,3406.54,2025-07-22 14:16:00+00:00,3417.18,SL,-4.705,4.255,-1.1058,14,S93_FVG_SCALP_SHORT
s93_fvg_scalp,SELL,2025-07-23 08:00:00+00:00,3421.61,3423.32,3419.05,2025-07-23 08:03:00+00:00,3423.32,SL,-2.16,1.71,-1.2632,8,S93_FVG_SCALP_SHORT
s93_fvg_scalp,BUY,2025-07-23 08:26:00+00:00,3424.645,3422.89,3427.28,2025-07-23 08:55:00+00:00,3427.28,TP,2.185,1.755,1.245,8,S93_FVG_SCALP_LONG
s93_fvg_scalp,BUY,2025-07-23 09:05:00+00:00,3428.385,3426.59,3431.08,2025-07-23 09:17:00+00:00,3431.08,TP,2.245,1.795,1.2507,9,S93_FVG_SCALP_LONG
s93_fvg_scalp,BUY,2025-07-23 09:25:00+00:00,3432.1,3430.55,3434.42,2025-07-23 09:41:00+00:00,3430.55,SL,-2.0,1.55,-1.2903,9,S93_FVG_SCALP_LONG
s93_fvg_scalp,SELL,2025-07-23 13:10:00+00:00,3415.635,3420.57,3408.23,2025-07-23 13:27:00+00:00,3408.23,TP,6.955,4.935,1.4093,13,S93_FVG_SCALP_SHORT
s93_fvg_scalp,BUY,2025-07-23 14:11:00+00:00,3416.795,3413.51,3421.72,2025-07-23 14:20:00+00:00,3413.51,SL,-3.735,3.285,-1.137,14,S93_FVG_SCALP_LONG
s93_fvg_scalp,SELL,2025-07-23 14:34:00+00:00,3414.93,3417.03,3411.78,2025-07-23 15:01:00+00:00,3411.78,TP,2.7,2.1,1.2857,14,S93_FVG_SCALP_SHORT
s93_fvg_scalp,SELL,2025-07-24 08:05:00+00:00,3368.7,3372.41,3363.13,2025-07-24 08:27:00+00:00,3372.41,SL,-4.16,3.71,-1.1213,8,S93_FVG_SCALP_SHORT
s93_fvg_scalp,SELL,2025-07-24 13:04:00+00:00,3355.825,3358.7,3351.51,2025-07-24 13:08:00+00:00,3358.7,SL,-3.325,2.875,-1.1565,13,S93_FVG_SCALP_SHORT
s93_fvg_scalp,SELL,2025-07-25 07:46:00+00:00,3354.455,3357.21,3350.32,2025-07-25 08:19:00+00:00,3350.32,TP,3.685,2.755,1.3376,7,S93_FVG_SCALP_SHORT
s93_fvg_scalp,SELL,2025-07-25 08:38:00+00:00,3348.22,3350.44,3344.89,2025-07-25 09:07:00+00:00,3344.89,TP,2.88,2.22,1.2973,8,S93_FVG_SCALP_SHORT
s93_fvg_scalp,SELL,2025-07-28 08:50:00+00:00,3333.985,3335.81,3331.25,2025-07-28 08:58:00+00:00,3335.81,SL,-2.275,1.825,-1.2466,8,S93_FVG_SCALP_SHORT
s93_fvg_scalp,BUY,2025-07-29 09:03:00+00:00,3324.035,3321.69,3327.55,2025-07-29 09:21:00+00:00,3321.69,SL,-2.795,2.345,-1.1919,9,S93_FVG_SCALP_LONG
s93_fvg_scalp,BUY,2025-07-29 09:58:00+00:00,3324.15,3322.61,3326.46,2025-07-29 10:38:00+00:00,3326.46,TP,1.86,1.54,1.2078,9,S93_FVG_SCALP_LONG
s93_fvg_scalp,BUY,2025-07-29 12:17:00+00:00,3319.825,3317.9,3322.71,2025-07-29 12:20:00+00:00,3317.9,SL,-2.375,1.925,-1.2338,12,S93_FVG_SCALP_LONG
s93_fvg_scalp,SELL,2025-07-29 13:41:00+00:00,3317.895,3320.62,3313.81,2025-07-29 13:44:00+00:00,3320.62,SL,-3.175,2.725,-1.1651,13,S93_FVG_SCALP_SHORT
s93_fvg_scalp,SELL,2025-07-30 07:32:00+00:00,3328.025,3329.58,3325.69,2025-07-30 07:44:00+00:00,3329.58,SL,-2.005,1.555,-1.2894,7,S93_FVG_SCALP_SHORT
s93_fvg_scalp,BUY,2025-07-31 07:57:00+00:00,3304.155,3301.38,3308.32,2025-07-31 08:07:00+00:00,3308.32,TP,3.715,2.775,1.3387,7,S93_FVG_SCALP_LONG
s93_fvg_scalp,BUY,2025-07-31 08:15:00+00:00,3307.44,3305.85,3309.83,2025-07-31 08:17:00+00:00,3309.83,TP,1.94,1.59,1.2201,8,S93_FVG_SCALP_LONG
s93_fvg_scalp,BUY,2025-07-31 08:29:00+00:00,3310.805,3308.24,3314.65,2025-07-31 09:29:00+00:00,3308.24,SL,-3.015,2.565,-1.1754,8,S93_FVG_SCALP_LONG
s93_fvg_scalp,BUY,2025-08-01 12:52:00+00:00,3339.04,3334.32,3346.12,2025-08-01 13:10:00+00:00,3346.12,TP,6.63,4.72,1.4047,12,S93_FVG_SCALP_LONG
s93_fvg_scalp,BUY,2025-08-01 13:32:00+00:00,3349.32,3344.54,3356.49,2025-08-01 13:37:00+00:00,3344.54,SL,-5.23,4.78,-1.0941,13,S93_FVG_SCALP_LONG
s93_fvg_scalp,BUY,2025-08-01 14:30:00+00:00,3344.48,3341.4,3349.1,2025-08-01 14:40:00+00:00,3341.4,SL,-3.53,3.08,-1.1461,14,S93_FVG_SCALP_LONG
s93_fvg_scalp,SELL,2025-08-04 07:35:00+00:00,3356.155,3358.2,3353.09,2025-08-04 08:20:00+00:00,3358.2,SL,-2.495,2.045,-1.22,7,S93_FVG_SCALP_SHORT
s93_fvg_scalp,SELL,2025-08-04 12:46:00+00:00,3364.73,3367.17,3361.07,2025-08-04 12:49:00+00:00,3367.17,SL,-2.89,2.44,-1.1844,12,S93_FVG_SCALP_SHORT
s93_fvg_scalp,BUY,2025-08-04 12:55:00+00:00,3366.39,3363.5,3370.72,2025-08-04 13:01:00+00:00,3370.72,TP,3.88,2.89,1.3426,12,S93_FVG_SCALP_LONG
s93_fvg_scalp,BUY,2025-08-04 13:28:00+00:00,3374.47,3372.91,3376.81,2025-08-04 13:30:00+00:00,3376.81,TP,1.89,1.56,1.2115,13,S93_FVG_SCALP_LONG
s93_fvg_scalp,BUY,2025-08-04 14:04:00+00:00,3381.385,3376.91,3388.1,2025-08-04 14:14:00+00:00,3376.91,SL,-4.925,4.475,-1.1006,14,S93_FVG_SCALP_LONG
s93_fvg_scalp,BUY,2025-08-05 13:47:00+00:00,3375.73,3371.16,3382.59,2025-08-05 14:10:00+00:00,3371.16,SL,-5.02,4.57,-1.0985,13,S93_FVG_SCALP_LONG
s93_fvg_scalp,BUY,2025-08-05 14:31:00+00:00,3378.995,3376.73,3382.39,2025-08-05 14:35:00+00:00,3382.39,TP,2.945,2.265,1.3002,14,S93_FVG_SCALP_LONG
s93_fvg_scalp,BUY,2025-08-06 07:57:00+00:00,3374.575,3372.97,3376.98,2025-08-06 08:03:00+00:00,3372.97,SL,-2.055,1.605,-1.2804,7,S93_FVG_SCALP_LONG
s93_fvg_scalp,BUY,2025-08-06 13:32:00+00:00,3367.165,3364.48,3371.19,2025-08-06 13:51:00+00:00,3371.19,TP,3.575,2.685,1.3315,13,S93_FVG_SCALP_LONG
s93_fvg_scalp,BUY,2025-08-06 14:00:00+00:00,3371.065,3367.43,3376.52,2025-08-06 14:27:00+00:00,3376.52,TP,5.005,3.635,1.3769,14,S93_FVG_SCALP_LONG
s93_fvg_scalp,SELL,2025-08-07 08:35:00+00:00,3376.445,3380.21,3370.8,2025-08-07 08:45:00+00:00,3380.21,SL,-4.215,3.765,-1.1195,8,S93_FVG_SCALP_SHORT
s93_fvg_scalp,BUY,2025-08-07 09:52:00+00:00,3377.955,3375.1,3382.24,2025-08-07 10:02:00+00:00,3375.1,SL,-3.305,2.855,-1.1576,9,S93_FVG_SCALP_LONG
s93_fvg_scalp,BUY,2025-08-08 07:10:00+00:00,3397.685,3394.66,3402.22,2025-08-08 07:22:00+00:00,3394.66,SL,-3.475,3.025,-1.1488,7,S93_FVG_SCALP_LONG
s93_fvg_scalp,SELL,2025-08-08 12:55:00+00:00,3396.97,3399.45,3393.25,2025-08-08 12:57:00+00:00,3393.25,TP,3.27,2.48,1.3185,12,S93_FVG_SCALP_SHORT
s93_fvg_scalp,SELL,2025-08-11 07:13:00+00:00,3363.6,3366.25,3359.62,2025-08-11 07:27:00+00:00,3366.25,SL,-3.1,2.65,-1.1698,7,S93_FVG_SCALP_SHORT
s93_fvg_scalp,SELL,2025-08-11 09:22:00+00:00,3359.91,3362.17,3356.52,2025-08-11 09:27:00+00:00,3362.17,SL,-2.71,2.26,-1.1991,9,S93_FVG_SCALP_SHORT
s93_fvg_scalp,SELL,2025-08-11 13:32:00+00:00,3354.04,3356.69,3350.06,2025-08-11 13:33:00+00:00,3356.69,SL,-3.1,2.65,-1.1698,13,S93_FVG_SCALP_SHORT
s93_fvg_scalp,BUY,2025-08-12 07:53:00+00:00,3353.3,3348.79,3360.07,2025-08-12 08:29:00+00:00,3348.79,SL,-4.96,4.51,-1.0998,7,S93_FVG_SCALP_LONG
s93_fvg_scalp,SELL,2025-08-12 14:26:00+00:00,3336.4,3343.95,3325.08,2025-08-12 15:13:00+00:00,3343.95,SL,-8.0,7.55,-1.0596,14,S93_FVG_SCALP_SHORT
s93_fvg_scalp,BUY,2025-08-13 08:55:00+00:00,3359.12,3357.27,3361.89,2025-08-13 08:58:00+00:00,3361.89,TP,2.32,1.85,1.2541,8,S93_FVG_SCALP_LONG
s93_fvg_scalp,BUY,2025-08-14 08:37:00+00:00,3347.635,3345.22,3351.26,2025-08-14 08:39:00+00:00,3345.22,SL,-2.865,2.415,-1.1863,8,S93_FVG_SCALP_LONG
s93_fvg_scalp,BUY,2025-08-14 09:44:00+00:00,3354.805,3353.01,3357.5,2025-08-14 09:52:00+00:00,3357.5,TP,2.245,1.795,1.2507,9,S93_FVG_SCALP_LONG
s93_fvg_scalp,SELL,2025-08-14 13:31:00+00:00,3347.955,3352.3,3341.44,2025-08-14 14:05:00+00:00,3341.44,TP,6.065,4.345,1.3959,13,S93_FVG_SCALP_SHORT
s93_fvg_scalp,SELL,2025-08-14 14:15:00+00:00,3339.585,3342.71,3334.9,2025-08-14 14:18:00+00:00,3342.71,SL,-3.575,3.125,-1.144,14,S93_FVG_SCALP_SHORT
s93_fvg_scalp,BUY,2025-08-15 07:30:00+00:00,3344.42,3341.86,3348.26,2025-08-15 07:35:00+00:00,3341.86,SL,-3.01,2.56,-1.1758,7,S93_FVG_SCALP_LONG
s93_fvg_scalp,SELL,2025-08-15 09:47:00+00:00,3342.135,3343.69,3339.8,2025-08-15 10:08:00+00:00,3339.8,TP,1.885,1.555,1.2122,9,S93_FVG_SCALP_SHORT
s93_fvg_scalp,BUY,2025-08-18 08:36:00+00:00,3347.36,3345.83,3349.66,2025-08-18 08:56:00+00:00,3349.66,TP,1.85,1.53,1.2092,8,S93_FVG_SCALP_LONG
s93_fvg_scalp,BUY,2025-08-19 07:32:00+00:00,3338.535,3336.63,3341.39,2025-08-19 08:15:00+00:00,3336.63,SL,-2.355,1.905,-1.2362,7,S93_FVG_SCALP_LONG
s93_fvg_scalp,BUY,2025-08-19 13:59:00+00:00,3334.59,3332.59,3337.59,2025-08-19 14:01:00+00:00,3332.59,SL,-2.45,2.0,-1.225,13,S93_FVG_SCALP_LONG
s93_fvg_scalp,SELL,2025-08-19 14:56:00+00:00,3324.285,3326.24,3321.35,2025-08-19 15:00:00+00:00,3326.24,SL,-2.405,1.955,-1.2302,14,S93_FVG_SCALP_SHORT
s93_fvg_scalp,BUY,2025-08-21 12:15:00+00:00,3340.725,3338.06,3344.72,2025-08-21 12:24:00+00:00,3338.06,SL,-3.115,2.665,-1.1689,12,S93_FVG_SCALP_LONG
s93_fvg_scalp,BUY,2025-08-21 13:25:00+00:00,3344.15,3342.34,3346.86,2025-08-21 13:30:00+00:00,3346.86,TP,2.26,1.81,1.2486,13,S93_FVG_SCALP_LONG
s93_fvg_scalp,SELL,2025-08-21 14:00:00+00:00,3341.0,3345.89,3333.66,2025-08-21 14:31:00+00:00,3345.89,SL,-5.34,4.89,-1.092,14,S93_FVG_SCALP_SHORT
s93_fvg_scalp,BUY,2025-08-26 07:53:00+00:00,3377.205,3374.49,3381.28,2025-08-26 09:29:00+00:00,3374.49,SL,-3.165,2.715,-1.1657,7,S93_FVG_SCALP_LONG
s93_fvg_scalp,BUY,2025-08-28 13:37:00+00:00,3403.33,3400.93,3406.93,2025-08-28 13:42:00+00:00,3406.93,TP,3.15,2.4,1.3125,13,S93_FVG_SCALP_LONG
s93_fvg_scalp,BUY,2025-09-01 08:07:00+00:00,3477.305,3474.77,3481.11,2025-09-01 08:08:00+00:00,3474.77,SL,-2.985,2.535,-1.1775,8,S93_FVG_SCALP_LONG
s93_fvg_scalp,SELL,2025-09-01 14:10:00+00:00,3476.445,3477.96,3474.17,2025-09-01 14:13:00+00:00,3477.96,SL,-1.965,1.515,-1.297,14,S93_FVG_SCALP_SHORT
s93_fvg_scalp,BUY,2025-09-01 14:26:00+00:00,3477.44,3475.84,3479.84,2025-09-01 14:27:00+00:00,3475.84,SL,-2.05,1.6,-1.2813,14,S93_FVG_SCALP_LONG
s93_fvg_scalp,BUY,2025-09-02 08:26:00+00:00,3476.395,3472.62,3482.06,2025-09-02 10:10:00+00:00,3482.06,TP,5.215,3.775,1.3815,8,S93_FVG_SCALP_LONG
s93_fvg_scalp,BUY,2025-09-02 12:15:00+00:00,3489.44,3487.69,3492.07,2025-09-02 12:16:00+00:00,3487.69,SL,-2.2,1.75,-1.2571,12,S93_FVG_SCALP_LONG
s93_fvg_scalp,BUY,2025-09-02 14:50:00+00:00,3508.875,3504.23,3515.84,2025-09-02 15:07:00+00:00,3515.84,TP,6.515,4.645,1.4026,14,S93_FVG_SCALP_LONG
s93_fvg_scalp,SELL,2025-09-03 07:30:00+00:00,3532.065,3534.41,3528.55,2025-09-03 07:32:00+00:00,3534.41,SL,-2.795,2.345,-1.1919,7,S93_FVG_SCALP_SHORT
s93_fvg_scalp,BUY,2025-09-03 14:52:00+00:00,3558.695,3555.13,3564.04,2025-09-03 14:54:00+00:00,3555.13,SL,-4.015,3.565,-1.1262,14,S93_FVG_SCALP_LONG
s93_fvg_scalp,BUY,2025-09-04 08:16:00+00:00,3542.94,3540.76,3546.21,2025-09-04 08:21:00+00:00,3540.76,SL,-2.63,2.18,-1.2064,8,S93_FVG_SCALP_LONG
s93_fvg_scalp,BUY,2025-09-04 09:27:00+00:00,3540.95,3539.05,3543.8,2025-09-04 09:29:00+00:00,3539.05,SL,-2.35,1.9,-1.2368,9,S93_FVG_SCALP_LONG
s93_fvg_scalp,BUY,2025-09-04 13:30:00+00:00,3552.175,3549.66,3555.95,2025-09-04 13:36:00+00:00,3555.95,TP,3.325,2.515,1.3221,13,S93_FVG_SCALP_LONG
s93_fvg_scalp,BUY,2025-09-05 09:10:00+00:00,3548.745,3546.19,3552.58,2025-09-05 09:48:00+00:00,3552.58,TP,3.385,2.555,1.3249,9,S93_FVG_SCALP_LONG
s93_fvg_scalp,BUY,2025-09-05 13:55:00+00:00,3590.26,3584.12,3599.47,2025-09-05 14:26:00+00:00,3584.12,SL,-6.59,6.14,-1.0733,13,S93_FVG_SCALP_LONG
s93_fvg_scalp,SELL,2025-09-08 07:58:00+00:00,3609.545,3612.06,3605.77,2025-09-08 08:19:00+00:00,3612.06,SL,-2.965,2.515,-1.1789,7,S93_FVG_SCALP_SHORT
s93_fvg_scalp,BUY,2025-09-08 13:06:00+00:00,3623.745,3620.98,3627.89,2025-09-08 13:07:00+00:00,3627.89,TP,3.695,2.765,1.3363,13,S93_FVG_SCALP_LONG
s93_fvg_scalp,BUY,2025-09-08 13:55:00+00:00,3631.14,3626.28,3638.43,2025-09-08 14:45:00+00:00,3638.43,TP,6.84,4.86,1.4074,13,S93_FVG_SCALP_LONG
s93_fvg_scalp,SELL,2025-09-09 08:01:00+00:00,3645.59,3647.79,3642.29,2025-09-09 08:13:00+00:00,3642.29,TP,2.85,2.2,1.2955,8,S93_FVG_SCALP_SHORT
s93_fvg_scalp,BUY,2025-09-09 09:25:00+00:00,3654.275,3650.49,3659.95,2025-09-09 10:40:00+00:00,3650.49,SL,-4.235,3.785,-1.1189,9,S93_FVG_SCALP_LONG
s93_fvg_scalp,BUY,2025-09-09 12:17:00+00:00,3652.655,3650.58,3655.77,2025-09-09 12:21:00+00:00,3650.58,SL,-2.525,2.075,-1.2169,12,S93_FVG_SCALP_LONG
s93_fvg_scalp,BUY,2025-09-09 13:41:00+00:00,3663.42,3660.9,3667.2,2025-09-09 13:49:00+00:00,3667.2,TP,3.33,2.52,1.3214,13,S93_FVG_SCALP_LONG
s93_fvg_scalp,SELL,2025-09-09 14:40:00+00:00,3642.42,3651.59,3628.66,2025-09-09 15:16:00+00:00,3628.66,TP,13.31,9.17,1.4515,14,S93_FVG_SCALP_SHORT
s93_fvg_scalp,SELL,2025-09-10 14:56:00+00:00,3646.93,3649.27,3643.42,2025-09-10 15:23:00+00:00,3643.42,TP,3.06,2.34,1.3077,14,S93_FVG_SCALP_SHORT
s93_fvg_scalp,SELL,2025-09-11 07:25:00+00:00,3630.485,3632.8,3627.01,2025-09-11 07:27:00+00:00,3627.01,TP,3.025,2.315,1.3067,7,S93_FVG_SCALP_SHORT
s93_fvg_scalp,SELL,2025-09-11 09:33:00+00:00,3619.635,3621.96,3616.15,2025-09-11 09:49:00+00:00,3621.96,SL,-2.775,2.325,-1.1935,9,S93_FVG_SCALP_SHORT
s93_fvg_scalp,BUY,2025-09-11 09:55:00+00:00,3620.96,3619.38,3623.33,2025-09-11 10:20:00+00:00,3623.33,TP,1.92,1.58,1.2152,9,S93_FVG_SCALP_LONG
s93_fvg_scalp,SELL,2025-09-11 13:43:00+00:00,3629.84,3634.06,3623.51,2025-09-11 14:13:00+00:00,3634.06,SL,-4.67,4.22,-1.1066,13,S93_FVG_SCALP_SHORT
s93_fvg_scalp,SELL,2025-09-12 08:27:00+00:00,3645.96,3649.7,3640.35,2025-09-12 08:54:00+00:00,3640.35,TP,5.16,3.74,1.3797,8,S93_FVG_SCALP_SHORT
s93_fvg_scalp,BUY,2025-09-12 09:38:00+00:00,3643.2,3639.08,3649.38,2025-09-12 10:17:00+00:00,3649.38,TP,5.73,4.12,1.3908,9,S93_FVG_SCALP_LONG
s93_fvg_scalp,BUY,2025-09-12 13:01:00+00:00,3644.16,3642.35,3646.88,2025-09-12 13:04:00+00:00,3646.88,TP,2.27,1.81,1.2541,13,S93_FVG_SCALP_LONG
s93_fvg_scalp,BUY,2025-09-12 13:30:00+00:00,3647.48,3645.53,3650.4,2025-09-12 13:32:00+00:00,3650.4,TP,2.47,1.95,1.2667,13,S93_FVG_SCALP_LONG
s93_fvg_scalp,SELL,2025-09-15 07:06:00+00:00,3636.85,3638.36,3634.58,2025-09-15 07:18:00+00:00,3634.58,TP,1.82,1.51,1.2053,7,S93_FVG_SCALP_SHORT
s93_fvg_scalp,BUY,2025-09-15 09:05:00+00:00,3644.735,3641.95,3648.91,2025-09-15 09:22:00+00:00,3641.95,SL,-3.235,2.785,-1.1616,9,S93_FVG_SCALP_LONG
s93_fvg_scalp,BUY,2025-09-15 12:58:00+00:00,3648.025,3644.54,3653.25,2025-09-15 13:20:00+00:00,3653.25,TP,4.775,3.485,1.3702,12,S93_FVG_SCALP_LONG
s93_fvg_scalp,BUY,2025-09-15 14:00:00+00:00,3655.07,3653.32,3657.7,2025-09-15 14:03:00+00:00,3657.7,TP,2.18,1.75,1.2457,14,S93_FVG_SCALP_LONG
s93_fvg_scalp,SELL,2025-09-16 14:37:00+00:00,3695.095,3699.39,3688.65,2025-09-16 14:45:00+00:00,3688.65,TP,5.995,4.295,1.3958,14,S93_FVG_SCALP_SHORT
s93_fvg_scalp,BUY,2025-09-17 09:33:00+00:00,3668.285,3665.84,3671.95,2025-09-17 10:05:00+00:00,3665.84,SL,-2.895,2.445,-1.184,9,S93_FVG_SCALP_LONG
s93_fvg_scalp,SELL,2025-09-18 08:15:00+00:00,3655.465,3657.92,3651.78,2025-09-18 08:36:00+00:00,3657.92,SL,-2.905,2.455,-1.1833,8,S93_FVG_SCALP_SHORT
s93_fvg_scalp,SELL,2025-09-18 13:52:00+00:00,3640.99,3647.86,3630.68,2025-09-18 15:52:00+00:00,3640.235,TIME,0.305,6.87,0.0444,13,S93_FVG_SCALP_SHORT
s93_fvg_scalp,BUY,2025-09-19 07:36:00+00:00,3651.71,3649.59,3654.89,2025-09-19 07:49:00+00:00,3654.89,TP,2.73,2.12,1.2877,7,S93_FVG_SCALP_LONG
s93_fvg_scalp,BUY,2025-09-19 07:55:00+00:00,3654.92,3652.48,3658.58,2025-09-19 08:07:00+00:00,3652.48,SL,-2.89,2.44,-1.1844,7,S93_FVG_SCALP_LONG
s93_fvg_scalp,BUY,2025-09-19 14:05:00+00:00,3659.645,3657.5,3662.86,2025-09-19 14:17:00+00:00,3657.5,SL,-2.595,2.145,-1.2098,14,S93_FVG_SCALP_LONG
s93_fvg_scalp,BUY,2025-09-22 07:41:00+00:00,3712.9,3710.53,3716.45,2025-09-22 08:04:00+00:00,3716.45,TP,3.1,2.37,1.308,7,S93_FVG_SCALP_LONG
s93_fvg_scalp,BUY,2025-09-22 09:31:00+00:00,3723.37,3721.26,3726.53,2025-09-22 09:32:00+00:00,3721.26,SL,-2.56,2.11,-1.2133,9,S93_FVG_SCALP_LONG
s93_fvg_scalp,BUY,2025-09-22 13:33:00+00:00,3719.36,3716.87,3723.1,2025-09-22 13:35:00+00:00,3716.87,SL,-2.94,2.49,-1.1807,13,S93_FVG_SCALP_LONG
s93_fvg_scalp,SELL,2025-09-23 07:12:00+00:00,3751.785,3754.11,3748.3,2025-09-23 07:24:00+00:00,3754.11,SL,-2.775,2.325,-1.1935,7,S93_FVG_SCALP_SHORT
s93_fvg_scalp,BUY,2025-09-23 07:41:00+00:00,3753.85,3752.24,3756.27,2025-09-23 07:57:00+00:00,3752.24,SL,-2.06,1.61,-1.2795,7,S93_FVG_SCALP_LONG
s93_fvg_scalp,SELL,2025-09-23 13:56:00+00:00,3779.395,3784.01,3772.47,2025-09-23 13:57:00+00:00,3784.01,SL,-5.065,4.615,-1.0975,13,S93_FVG_SCALP_SHORT
s93_fvg_scalp,SELL,2025-09-23 14:30:00+00:00,3773.495,3777.52,3767.46,2025-09-23 15:12:00+00:00,3777.52,SL,-4.475,4.025,-1.1118,14,S93_FVG_SCALP_SHORT
s93_fvg_scalp,BUY,2025-09-25 08:34:00+00:00,3754.01,3752.23,3756.68,2025-09-25 08:35:00+00:00,3752.23,SL,-2.23,1.78,-1.2528,8,S93_FVG_SCALP_LONG
s93_fvg_scalp,BUY,2025-09-25 09:01:00+00:00,3755.755,3753.87,3758.58,2025-09-25 09:22:00+00:00,3753.87,SL,-2.335,1.885,-1.2387,9,S93_FVG_SCALP_LONG
s93_fvg_scalp,BUY,2025-09-25 09:55:00+00:00,3757.605,3755.72,3760.43,2025-09-25 09:57:00+00:00,3755.72,SL,-2.335,1.885,-1.2387,9,S93_FVG_SCALP_LONG
s93_fvg_scalp,SELL,2025-09-25 13:57:00+00:00,3729.07,3732.32,3724.2,2025-09-25 13:59:00+00:00,3732.32,SL,-3.7,3.25,-1.1385,13,S93_FVG_SCALP_SHORT
s93_fvg_scalp,SELL,2025-09-25 14:45:00+00:00,3728.015,3732.51,3721.27,2025-09-25 14:57:00+00:00,3732.51,SL,-4.945,4.495,-1.1001,14,S93_FVG_SCALP_SHORT
s93_fvg_scalp,BUY,2025-09-26 07:36:00+00:00,3745.195,3743.59,3747.6,2025-09-26 07:41:00+00:00,3747.6,TP,1.955,1.605,1.2181,7,S93_FVG_SCALP_LONG
s93_fvg_scalp,SELL,2025-09-26 13:30:00+00:00,3758.395,3762.26,3752.6,2025-09-26 13:33:00+00:00,3752.6,TP,5.345,3.865,1.3829,13,S93_FVG_SCALP_SHORT
s93_fvg_scalp,BUY,2025-09-29 08:20:00+00:00,3812.98,3810.74,3816.34,2025-09-29 08:23:00+00:00,3810.74,SL,-2.69,2.24,-1.2009,8,S93_FVG_SCALP_LONG
s93_fvg_scalp,BUY,2025-09-29 09:31:00+00:00,3814.28,3811.12,3819.02,2025-09-29 09:37:00+00:00,3811.12,SL,-3.61,3.16,-1.1424,9,S93_FVG_SCALP_LONG
s93_fvg_scalp,BUY,2025-09-29 13:27:00+00:00,3819.96,3816.58,3825.03,2025-09-29 13:34:00+00:00,3825.03,TP,4.62,3.38,1.3669,13,S93_FVG_SCALP_LONG
s93_fvg_scalp,BUY,2025-09-30 14:34:00+00:00,3842.81,3837.47,3850.82,2025-09-30 14:53:00+00:00,3850.82,TP,7.56,5.34,1.4157,14,S93_FVG_SCALP_LONG
s93_fvg_scalp,SELL,2025-10-01 09:39:00+00:00,3887.42,3889.36,3884.51,2025-10-01 09:41:00+00:00,3889.36,SL,-2.39,1.94,-1.232,9,S93_FVG_SCALP_SHORT
s93_fvg_scalp,SELL,2025-10-01 14:55:00+00:00,3871.665,3875.91,3865.3,2025-10-01 15:00:00+00:00,3875.91,SL,-4.695,4.245,-1.106,14,S93_FVG_SCALP_SHORT
s93_fvg_scalp,SELL,2025-10-02 07:35:00+00:00,3866.125,3870.74,3859.2,2025-10-02 08:23:00+00:00,3870.74,SL,-5.065,4.615,-1.0975,7,S93_FVG_SCALP_SHORT
s93_fvg_scalp,BUY,2025-10-02 13:16:00+00:00,3888.02,3883.98,3894.08,2025-10-02 13:30:00+00:00,3894.08,TP,5.61,4.04,1.3886,13,S93_FVG_SCALP_LONG
s93_fvg_scalp,BUY,2025-10-03 12:52:00+00:00,3869.665,3867.98,3872.19,2025-10-03 12:57:00+00:00,3872.19,TP,2.075,1.685,1.2315,12,S93_FVG_SCALP_LONG
s93_fvg_scalp,BUY,2025-10-06 08:33:00+00:00,3939.12,3935.77,3944.14,2025-10-06 08:39:00+00:00,3935.77,SL,-3.8,3.35,-1.1343,8,S93_FVG_SCALP_LONG
s93_fvg_scalp,BUY,2025-10-06 09:00:00+00:00,3942.355,3939.76,3946.25,2025-10-06 09:25:00+00:00,3939.76,SL,-3.045,2.595,-1.1734,9,S93_FVG_SCALP_LONG
s93_fvg_scalp,BUY,2025-10-06 12:59:00+00:00,3933.835,3930.86,3938.3,2025-10-06 13:06:00+00:00,3930.86,SL,-3.425,2.975,-1.1513,12,S93_FVG_SCALP_LONG
s93_fvg_scalp,SELL,2025-10-07 08:23:00+00:00,3951.655,3954.12,3947.96,2025-10-07 09:09:00+00:00,3954.12,SL,-2.915,2.465,-1.1826,8,S93_FVG_SCALP_SHORT
s93_fvg_scalp,BUY,2025-10-07 13:16:00+00:00,3981.36,3979.32,3984.42,2025-10-07 13:18:00+00:00,3984.42,TP,2.61,2.04,1.2794,13,S93_FVG_SCALP_LONG
s93_fvg_scalp,SELL,2025-10-07 13:47:00+00:00,3976.255,3980.9,3969.29,2025-10-07 13:48:00+00:00,3980.9,SL,-5.095,4.645,-1.0969,13,S93_FVG_SCALP_SHORT
s93_fvg_scalp,BUY,2025-10-07 14:44:00+00:00,3981.13,3977.38,3986.76,2025-10-07 14:56:00+00:00,3986.76,TP,5.18,3.75,1.3813,14,S93_FVG_SCALP_LONG
s93_fvg_scalp,BUY,2025-10-08 08:14:00+00:00,4036.125,4033.96,4039.37,2025-10-08 08:20:00+00:00,4039.37,TP,2.795,2.165,1.291,8,S93_FVG_SCALP_LONG
s93_fvg_scalp,BUY,2025-10-08 12:23:00+00:00,4041.14,4037.6,4046.45,2025-10-08 12:25:00+00:00,4037.6,SL,-3.99,3.54,-1.1271,12,S93_FVG_SCALP_LONG
s93_fvg_scalp,BUY,2025-10-08 13:20:00+00:00,4042.955,4039.83,4047.64,2025-10-08 13:21:00+00:00,4039.83,SL,-3.575,3.125,-1.144,13,S93_FVG_SCALP_LONG
s93_fvg_scalp,SELL,2025-10-08 13:40:00+00:00,4035.11,4039.12,4029.1,2025-10-08 13:45:00+00:00,4029.1,TP,5.56,4.01,1.3865,13,S93_FVG_SCALP_SHORT
s93_fvg_scalp,BUY,2025-10-09 08:21:00+00:00,4034.295,4031.79,4038.05,2025-10-09 08:36:00+00:00,4038.05,TP,3.305,2.505,1.3194,8,S93_FVG_SCALP_LONG
s93_fvg_scalp,SELL,2025-10-09 14:48:00+00:00,4016.815,4024.25,4005.66,2025-10-09 14:52:00+00:00,4024.25,SL,-7.885,7.435,-1.0605,14,S93_FVG_SCALP_SHORT
s93_fvg_scalp,BUY,2025-10-10 08:51:00+00:00,3990.695,3987.06,3996.15,2025-10-10 09:08:00+00:00,3996.15,TP,5.005,3.635,1.3769,8,S93_FVG_SCALP_LONG
s93_fvg_scalp,BUY,2025-10-10 09:51:00+00:00,4001.465,3998.64,4005.7,2025-10-10 09:53:00+00:00,3998.64,SL,-3.275,2.825,-1.1593,9,S93_FVG_SCALP_LONG
s93_fvg_scalp,SELL,2025-10-10 14:31:00+00:00,3987.435,3994.2,3977.29,2025-10-10 14:59:00+00:00,3994.2,SL,-7.215,6.765,-1.0665,14,S93_FVG_SCALP_SHORT
s93_fvg_scalp,BUY,2025-10-13 07:30:00+00:00,4073.77,4071.38,4077.35,2025-10-13 07:31:00+00:00,4071.38,SL,-2.84,2.39,-1.1883,7,S93_FVG_SCALP_LONG
s93_fvg_scalp,SELL,2025-10-13 09:40:00+00:00,4073.665,4075.71,4070.6,2025-10-13 09:50:00+00:00,4075.71,SL,-2.495,2.045,-1.22,9,S93_FVG_SCALP_SHORT
s93_fvg_scalp,BUY,2025-10-13 13:20:00+00:00,4086.065,4082.71,4091.1,2025-10-13 13:24:00+00:00,4091.1,TP,4.585,3.355,1.3666,13,S93_FVG_SCALP_LONG
s93_fvg_scalp,BUY,2025-10-14 07:32:00+00:00,4120.065,4111.3,4133.21,2025-10-14 08:10:00+00:00,4133.21,TP,12.695,8.765,1.4484,7,S93_FVG_SCALP_LONG
s93_fvg_scalp,BUY,2025-10-14 08:34:00+00:00,4138.13,4131.12,4148.65,2025-10-14 08:42:00+00:00,4131.12,SL,-7.46,7.01,-1.0642,8,S93_FVG_SCALP_LONG
s93_fvg_scalp,SELL,2025-10-14 13:17:00+00:00,4120.07,4122.71,4116.11,2025-10-14 13:18:00+00:00,4116.11,TP,3.51,2.64,1.3295,13,S93_FVG_SCALP_SHORT
s93_fvg_scalp,BUY,2025-10-14 13:51:00+00:00,4119.04,4113.6,4127.2,2025-10-14 14:00:00+00:00,4127.2,TP,7.71,5.44,1.4173,13,S93_FVG_SCALP_LONG
s93_fvg_scalp,BUY,2025-10-15 08:25:00+00:00,4212.715,4209.12,4218.11,2025-10-15 08:26:00+00:00,4209.12,SL,-4.045,3.595,-1.1252,8,S93_FVG_SCALP_LONG
s93_fvg_scalp,BUY,2025-10-15 14:35:00+00:00,4200.43,4194.38,4209.51,2025-10-15 14:55:00+00:00,4194.38,SL,-6.5,6.05,-1.0744,14,S93_FVG_SCALP_LONG
s93_fvg_scalp,SELL,2025-10-16 09:37:00+00:00,4226.465,4229.54,4221.85,2025-10-16 09:47:00+00:00,4229.54,SL,-3.525,3.075,-1.1463,9,S93_FVG_SCALP_SHORT
s93_fvg_scalp,SELL,2025-10-17 07:25:00+00:00,4346.185,4355.42,4332.33,2025-10-17 07:30:00+00:00,4332.33,TP,13.405,9.235,1.4515,7,S93_FVG_SCALP_SHORT
s93_fvg_scalp,SELL,2025-10-17 12:05:00+00:00,4293.875,4302.35,4281.16,2025-10-17 12:07:00+00:00,4302.35,SL,-8.925,8.475,-1.0531,12,S93_FVG_SCALP_SHORT
s93_fvg_scalp,BUY,2025-10-17 12:20:00+00:00,4300.655,4291.26,4314.75,2025-10-17 12:44:00+00:00,4314.75,TP,13.645,9.395,1.4524,12,S93_FVG_SCALP_LONG
s93_fvg_scalp,SELL,2025-10-17 14:10:00+00:00,4245.965,4275.45,4201.74,2025-10-17 16:10:00+00:00,4232.615,TIME,12.9,29.485,0.4375,14,S93_FVG_SCALP_SHORT
s93_fvg_scalp,BUY,2025-10-20 07:29:00+00:00,4253.865,4247.97,4262.71,2025-10-20 08:10:00+00:00,4262.71,TP,8.395,5.895,1.4241,7,S93_FVG_SCALP_LONG
s93_fvg_scalp,SELL,2025-10-20 08:55:00+00:00,4255.19,4257.79,4251.29,2025-10-20 08:57:00+00:00,4257.79,SL,-3.05,2.6,-1.1731,8,S93_FVG_SCALP_SHORT
s93_fvg_scalp,BUY,2025-10-20 12:50:00+00:00,4314.12,4304.96,4327.86,2025-10-20 13:35:00+00:00,4304.96,SL,-9.61,9.16,-1.0491,12,S93_FVG_SCALP_LONG
s93_fvg_scalp,SELL,2025-10-20 13:40:00+00:00,4312.495,4318.09,4304.1,2025-10-20 13:46:00+00:00,4304.1,TP,7.945,5.595,1.42,13,S93_FVG_SCALP_SHORT
s93_fvg_scalp,BUY,2025-10-20 14:27:00+00:00,4323.07,4314.96,4335.23,2025-10-20 15:00:00+00:00,4335.23,TP,11.71,8.11,1.4439,14,S93_FVG_SCALP_LONG
s93_fvg_scalp,SELL,2025-10-21 12:20:00+00:00,4232.76,4247.49,4210.67,2025-10-21 12:46:00+00:00,4210.67,TP,21.64,14.73,1.4691,12,S93_FVG_SCALP_SHORT
s93_fvg_scalp,SELL,2025-10-21 14:06:00+00:00,4184.845,4205.02,4154.58,2025-10-21 14:22:00+00:00,4154.58,TP,29.815,20.175,1.4778,14,S93_FVG_SCALP_SHORT
s93_fvg_scalp,SELL,2025-10-21 14:59:00+00:00,4137.625,4152.96,4114.62,2025-10-21 16:30:00+00:00,4114.62,TP,22.555,15.335,1.4708,14,S93_FVG_SCALP_SHORT
s93_fvg_scalp,BUY,2025-10-22 08:40:00+00:00,4100.215,4086.68,4120.52,2025-10-22 08:41:00+00:00,4086.68,SL,-13.985,13.535,-1.0332,8,S93_FVG_SCALP_LONG
s93_fvg_scalp,SELL,2025-10-23 14:23:00+00:00,4143.275,4148.13,4135.99,2025-10-23 14:47:00+00:00,4148.13,SL,-5.305,4.855,-1.0927,14,S93_FVG_SCALP_SHORT
s93_fvg_scalp,SELL,2025-10-24 08:00:00+00:00,4076.155,4083.36,4065.35,2025-10-24 08:04:00+00:00,4065.35,TP,10.355,7.205,1.4372,8,S93_FVG_SCALP_SHORT
s93_fvg_scalp,SELL,2025-10-24 08:35:00+00:00,4058.22,4064.58,4048.68,2025-10-24 08:47:00+00:00,4064.58,SL,-6.81,6.36,-1.0708,8,S93_FVG_SCALP_SHORT
s93_fvg_scalp,SELL,2025-10-27 07:30:00+00:00,4069.365,4071.78,4065.74,2025-10-27 07:56:00+00:00,4065.74,TP,3.175,2.415,1.3147,7,S93_FVG_SCALP_SHORT
s93_fvg_scalp,SELL,2025-10-27 08:30:00+00:00,4059.955,4066.07,4050.78,2025-10-27 08:53:00+00:00,4050.78,TP,8.725,6.115,1.4268,8,S93_FVG_SCALP_SHORT
s93_fvg_scalp,BUY,2025-10-27 12:12:00+00:00,4029.385,4024.43,4036.82,2025-10-27 12:20:00+00:00,4036.82,TP,6.985,4.955,1.4097,12,S93_FVG_SCALP_LONG
s93_fvg_scalp,SELL,2025-10-27 13:21:00+00:00,4043.49,4047.31,4037.76,2025-10-27 13:26:00+00:00,4037.76,TP,5.28,3.82,1.3822,13,S93_FVG_SCALP_SHORT
s93_fvg_scalp,SELL,2025-10-27 14:27:00+00:00,3996.105,4006.2,3980.96,2025-10-27 15:00:00+00:00,3980.96,TP,14.695,10.095,1.4557,14,S93_FVG_SCALP_SHORT
s93_fvg_scalp,SELL,2025-10-28 12:55:00+00:00,3911.22,3916.58,3903.18,2025-10-28 13:00:00+00:00,3916.58,SL,-5.81,5.36,-1.084,12,S93_FVG_SCALP_SHORT
s93_fvg_scalp,BUY,2025-10-29 08:16:00+00:00,4005.515,4000.61,4012.87,2025-10-29 08:30:00+00:00,4012.87,TP,6.905,4.905,1.4077,8,S93_FVG_SCALP_LONG
s93_fvg_scalp,BUY,2025-10-29 09:55:00+00:00,4026.7,4018.78,4038.58,2025-10-29 10:06:00+00:00,4018.78,SL,-8.37,7.92,-1.0568,9,S93_FVG_SCALP_LONG
s93_fvg_scalp,BUY,2025-10-29 14:11:00+00:00,4016.945,4012.71,4023.3,2025-10-29 14:38:00+00:00,4012.71,SL,-4.685,4.235,-1.1063,14,S93_FVG_SCALP_LONG
s93_fvg_scalp,SELL,2025-10-29 14:46:00+00:00,4013.89,4017.47,4008.52,2025-10-29 14:59:00+00:00,4008.52,TP,4.92,3.58,1.3743,14,S93_FVG_SCALP_SHORT
s93_fvg_scalp,BUY,2025-10-30 07:07:00+00:00,3971.105,3966.61,3977.85,2025-10-30 07:25:00+00:00,3966.61,SL,-4.945,4.495,-1.1001,7,S93_FVG_SCALP_LONG
s93_fvg_scalp,BUY,2025-10-30 09:22:00+00:00,4002.55,3996.87,4011.07,2025-10-30 09:49:00+00:00,3996.87,SL,-6.13,5.68,-1.0792,9,S93_FVG_SCALP_LONG
s93_fvg_scalp,BUY,2025-10-30 14:42:00+00:00,3987.44,3979.68,3999.08,2025-10-30 14:47:00+00:00,3999.08,TP,11.19,7.76,1.442,14,S93_FVG_SCALP_LONG
s93_fvg_scalp,BUY,2025-10-31 07:41:00+00:00,4017.91,4014.86,4022.48,2025-10-31 07:44:00+00:00,4014.86,SL,-3.5,3.05,-1.1475,7,S93_FVG_SCALP_LONG
s93_fvg_scalp,SELL,2025-10-31 09:00:00+00:00,4011.42,4018.46,4000.86,2025-10-31 09:21:00+00:00,4000.86,TP,10.11,7.04,1.4361,9,S93_FVG_SCALP_SHORT
s93_fvg_scalp,BUY,2025-10-31 12:54:00+00:00,4025.22,4019.03,4034.5,2025-10-31 13:13:00+00:00,4034.5,TP,8.83,6.19,1.4265,12,S93_FVG_SCALP_LONG
s93_fvg_scalp,BUY,2025-10-31 14:11:00+00:00,4020.975,4017.22,4026.61,2025-10-31 14:29:00+00:00,4017.22,SL,-4.205,3.755,-1.1198,14,S93_FVG_SCALP_LONG
s93_fvg_scalp,SELL,2025-11-03 14:36:00+00:00,4011.91,4016.3,4005.32,2025-11-03 14:45:00+00:00,4016.3,SL,-4.84,4.39,-1.1025,14,S93_FVG_SCALP_SHORT
s93_fvg_scalp,BUY,2025-11-04 09:43:00+00:00,3996.065,3994.11,3999.0,2025-11-04 09:46:00+00:00,3994.11,SL,-2.405,1.955,-1.2302,9,S93_FVG_SCALP_LONG
s93_fvg_scalp,BUY,2025-11-04 13:20:00+00:00,3991.385,3988.12,3996.28,2025-11-04 13:21:00+00:00,3988.12,SL,-3.715,3.265,-1.1378,13,S93_FVG_SCALP_LONG
s93_fvg_scalp,SELL,2025-11-04 14:11:00+00:00,3972.55,3976.4,3966.78,2025-11-04 14:13:00+00:00,3976.4,SL,-4.3,3.85,-1.1169,14,S93_FVG_SCALP_SHORT
s93_fvg_scalp,SELL,2025-11-04 14:50:00+00:00,3942.32,3953.02,3926.27,2025-11-04 14:55:00+00:00,3953.02,SL,-11.15,10.7,-1.0421,14,S93_FVG_SCALP_SHORT
s93_fvg_scalp,BUY,2025-11-05 08:20:00+00:00,3981.06,3975.53,3989.35,2025-11-05 09:13:00+00:00,3975.53,SL,-5.98,5.53,-1.0814,8,S93_FVG_SCALP_LONG
s93_fvg_scalp,BUY,2025-11-05 13:05:00+00:00,3967.595,3965.13,3971.29,2025-11-05 13:07:00+00:00,3971.29,TP,3.245,2.465,1.3164,13,S93_FVG_SCALP_LONG
s93_fvg_scalp,SELL,2025-11-06 14:33:00+00:00,3998.025,4001.81,3992.35,2025-11-06 14:35:00+00:00,4001.81,SL,-4.235,3.785,-1.1189,14,S93_FVG_SCALP_SHORT
s93_fvg_scalp,SELL,2025-11-07 13:07:00+00:00,3999.445,4001.86,3995.82,2025-11-07 13:13:00+00:00,3995.82,TP,3.175,2.415,1.3147,13,S93_FVG_SCALP_SHORT
s93_fvg_scalp,SELL,2025-11-07 14:46:00+00:00,3994.61,4000.94,3985.12,2025-11-07 15:46:00+00:00,3985.12,TP,9.04,6.33,1.4281,14,S93_FVG_SCALP_SHORT
s93_fvg_scalp,BUY,2025-11-10 08:42:00+00:00,4082.465,4080.37,4085.61,2025-11-10 08:44:00+00:00,4080.37,SL,-2.545,2.095,-1.2148,8,S93_FVG_SCALP_LONG
s93_fvg_scalp,BUY,2025-11-10 09:42:00+00:00,4082.165,4079.61,4086.0,2025-11-10 09:45:00+00:00,4079.61,SL,-3.005,2.555,-1.1761,9,S93_FVG_SCALP_LONG
s93_fvg_scalp,BUY,2025-11-10 13:12:00+00:00,4102.085,4099.11,4106.55,2025-11-10 13:17:00+00:00,4099.11,SL,-3.425,2.975,-1.1513,13,S93_FVG_SCALP_LONG
s93_fvg_scalp,SELL,2025-11-11 08:40:00+00:00,4132.23,4134.36,4129.03,2025-11-11 08:49:00+00:00,4134.36,SL,-2.58,2.13,-1.2113,8,S93_FVG_SCALP_SHORT
s93_fvg_scalp,SELL,2025-11-11 13:09:00+00:00,4138.545,4140.68,4135.34,2025-11-11 13:14:00+00:00,4140.68,SL,-2.585,2.135,-1.2108,13,S93_FVG_SCALP_SHORT
s93_fvg_scalp,SELL,2025-11-11 14:45:00+00:00,4133.92,4136.92,4129.42,2025-11-11 14:46:00+00:00,4129.42,TP,4.05,3.0,1.35,14,S93_FVG_SCALP_SHORT
s93_fvg_scalp,BUY,2025-11-12 07:21:00+00:00,4122.265,4118.17,4128.41,2025-11-12 07:35:00+00:00,4118.17,SL,-4.545,4.095,-1.1099,7,S93_FVG_SCALP_LONG
s93_fvg_scalp,SELL,2025-11-12 08:17:00+00:00,4120.07,4122.04,4117.11,2025-11-12 08:19:00+00:00,4122.04,SL,-2.42,1.97,-1.2284,8,S93_FVG_SCALP_SHORT
s93_fvg_scalp,SELL,2025-11-12 13:35:00+00:00,4132.22,4134.5,4128.8,2025-11-12 13:36:00+00:00,4128.8,TP,2.97,2.28,1.3026,13,S93_FVG_SCALP_SHORT
s93_fvg_scalp,BUY,2025-11-12 14:30:00+00:00,4130.88,4126.82,4136.97,2025-11-12 14:34:00+00:00,4126.82,SL,-4.51,4.06,-1.1108,14,S93_FVG_SCALP_LONG
s93_fvg_scalp,SELL,2025-11-13 13:17:00+00:00,4233.0,4239.45,4223.33,2025-11-13 13:33:00+00:00,4223.33,TP,9.22,6.45,1.4295,13,S93_FVG_SCALP_SHORT
s93_fvg_scalp,SELL,2025-11-13 13:43:00+00:00,4228.485,4235.79,4217.53,2025-11-13 14:08:00+00:00,4217.53,TP,10.505,7.305,1.4381,13,S93_FVG_SCALP_SHORT
s93_fvg_scalp,BUY,2025-11-14 08:08:00+00:00,4177.68,4173.28,4184.28,2025-11-14 08:10:00+00:00,4173.28,SL,-4.85,4.4,-1.1023,8,S93_FVG_SCALP_LONG
s93_fvg_scalp,SELL,2025-11-17 08:30:00+00:00,4082.28,4087.62,4074.27,2025-11-17 08:48:00+00:00,4074.27,TP,7.56,5.34,1.4157,8,S93_FVG_SCALP_SHORT
s93_fvg_scalp,SELL,2025-11-17 13:32:00+00:00,4079.135,4083.51,4072.57,2025-11-17 13:35:00+00:00,4072.57,TP,6.115,4.375,1.3977,13,S93_FVG_SCALP_SHORT
s93_fvg_scalp,SELL,2025-11-17 14:11:00+00:00,4071.925,4075.52,4066.53,2025-11-17 14:21:00+00:00,4066.53,TP,4.945,3.595,1.3755,14,S93_FVG_SCALP_SHORT
s93_fvg_scalp,BUY,2025-11-17 14:40:00+00:00,4074.295,4067.29,4084.8,2025-11-17 15:08:00+00:00,4067.29,SL,-7.455,7.005,-1.0642,14,S93_FVG_SCALP_LONG
s93_fvg_scalp,BUY,2025-11-18 13:10:00+00:00,4039.175,4033.28,4048.02,2025-11-18 13:21:00+00:00,4048.02,TP,8.395,5.895,1.4241,13,S93_FVG_SCALP_LONG
s93_fvg_scalp,BUY,2025-11-18 13:46:00+00:00,4062.265,4052.93,4076.27,2025-11-18 14:15:00+00:00,4076.27,TP,13.555,9.335,1.4521,13,S93_FVG_SCALP_LONG
s93_fvg_scalp,BUY,2025-11-19 07:53:00+00:00,4093.48,4090.69,4097.66,2025-11-19 07:56:00+00:00,4090.69,SL,-3.24,2.79,-1.1613,7,S93_FVG_SCALP_LONG
s93_fvg_scalp,SELL,2025-11-19 14:33:00+00:00,4110.56,4113.65,4105.93,2025-11-19 14:34:00+00:00,4113.65,SL,-3.54,3.09,-1.1456,14,S93_FVG_SCALP_SHORT
s93_fvg_scalp,BUY,2025-11-20 07:15:00+00:00,4073.05,4068.05,4080.55,2025-11-20 07:17:00+00:00,4068.05,SL,-5.45,5.0,-1.09,7,S93_FVG_SCALP_LONG
s93_fvg_scalp,SELL,2025-11-20 07:30:00+00:00,4065.8,4074.12,4053.32,2025-11-20 08:03:00+00:00,4053.32,TP,12.03,8.32,1.4459,7,S93_FVG_SCALP_SHORT
s93_fvg_scalp,SELL,2025-11-20 08:35:00+00:00,4055.28,4059.16,4049.46,2025-11-20 08:55:00+00:00,4059.16,SL,-4.33,3.88,-1.116,8,S93_FVG_SCALP_SHORT
s93_fvg_scalp,SELL,2025-11-20 09:35:00+00:00,4061.395,4064.94,4056.08,2025-11-20 09:37:00+00:00,4064.94,SL,-3.995,3.545,-1.1269,9,S93_FVG_SCALP_SHORT
s93_fvg_scalp,BUY,2025-11-20 13:11:00+00:00,4086.5,4080.95,4094.83,2025-11-20 13:30:00+00:00,4080.95,SL,-6.0,5.55,-1.0811,13,S93_FVG_SCALP_LONG
s93_fvg_scalp,BUY,2025-11-20 14:55:00+00:00,4100.405,4089.45,4116.84,2025-11-20 15:00:00+00:00,4089.45,SL,-11.405,10.955,-1.0411,14,S93_FVG_SCALP_LONG
s93_fvg_scalp,BUY,2025-11-21 09:27:00+00:00,4054.625,4049.16,4062.82,2025-11-21 09:45:00+00:00,4049.16,SL,-5.915,5.465,-1.0823,9,S93_FVG_SCALP_LONG
s93_fvg_scalp,SELL,2025-11-24 08:00:00+00:00,4060.915,4063.59,4056.9,2025-11-24 08:01:00+00:00,4063.59,SL,-3.125,2.675,-1.1682,8,S93_FVG_SCALP_SHORT
s93_fvg_scalp,BUY,2025-11-24 09:25:00+00:00,4068.27,4066.27,4071.27,2025-11-24 09:38:00+00:00,4071.27,TP,2.55,2.0,1.275,9,S93_FVG_SCALP_LONG
s93_fvg_scalp,BUY,2025-11-24 12:53:00+00:00,4079.185,4075.7,4084.41,2025-11-24 13:21:00+00:00,4084.41,TP,4.775,3.485,1.3702,12,S93_FVG_SCALP_LONG
s93_fvg_scalp,SELL,2025-11-25 12:51:00+00:00,4126.245,4133.77,4114.96,2025-11-25 13:03:00+00:00,4133.77,SL,-7.975,7.525,-1.0598,12,S93_FVG_SCALP_SHORT
s93_fvg_scalp,SELL,2025-11-26 08:51:00+00:00,4158.135,4161.37,4153.28,2025-11-26 08:58:00+00:00,4161.37,SL,-3.685,3.235,-1.1391,8,S93_FVG_SCALP_SHORT
s93_fvg_scalp,BUY,2025-11-26 12:05:00+00:00,4170.65,4168.6,4173.72,2025-11-26 12:09:00+00:00,4168.6,SL,-2.5,2.05,-1.2195,12,S93_FVG_SCALP_LONG
s93_fvg_scalp,SELL,2025-11-26 13:03:00+00:00,4158.875,4161.75,4154.56,2025-11-26 13:10:00+00:00,4161.75,SL,-3.325,2.875,-1.1565,13,S93_FVG_SCALP_SHORT
s93_fvg_scalp,SELL,2025-11-26 14:17:00+00:00,4148.46,4153.02,4141.62,2025-11-26 14:30:00+00:00,4141.62,TP,6.39,4.56,1.4013,14,S93_FVG_SCALP_SHORT
s93_fvg_scalp,SELL,2025-11-27 09:27:00+00:00,4152.895,4155.17,4149.48,2025-11-27 09:28:00+00:00,4155.17,SL,-2.725,2.275,-1.1978,9,S93_FVG_SCALP_SHORT
s93_fvg_scalp,SELL,2025-11-27 13:31:00+00:00,4154.255,4156.64,4150.68,2025-11-27 13:34:00+00:00,4156.64,SL,-2.835,2.385,-1.1887,13,S93_FVG_SCALP_SHORT
s93_fvg_scalp,BUY,2025-11-27 13:42:00+00:00,4155.745,4152.86,4160.07,2025-11-27 14:21:00+00:00,4160.07,TP,3.875,2.885,1.3432,13,S93_FVG_SCALP_LONG
s93_fvg_scalp,SELL,2025-12-01 08:40:00+00:00,4245.805,4249.84,4239.75,2025-12-01 08:46:00+00:00,4239.75,TP,5.605,4.035,1.3891,8,S93_FVG_SCALP_SHORT
s93_fvg_scalp,SELL,2025-12-01 13:02:00+00:00,4250.125,4252.32,4246.83,2025-12-01 13:04:00+00:00,4252.32,SL,-2.645,2.195,-1.205,13,S93_FVG_SCALP_SHORT
s93_fvg_scalp,BUY,2025-12-01 13:16:00+00:00,4251.82,4247.03,4259.0,2025-12-01 13:30:00+00:00,4259.0,TP,6.73,4.79,1.405,13,S93_FVG_SCALP_LONG
s93_fvg_scalp,SELL,2025-12-01 14:16:00+00:00,4249.335,4252.05,4245.26,2025-12-01 14:20:00+00:00,4245.26,TP,3.625,2.715,1.3352,14,S93_FVG_SCALP_SHORT
s93_fvg_scalp,BUY,2025-12-02 07:32:00+00:00,4216.665,4213.67,4221.16,2025-12-02 07:40:00+00:00,4213.67,SL,-3.445,2.995,-1.1503,7,S93_FVG_SCALP_LONG
s93_fvg_scalp,BUY,2025-12-02 13:08:00+00:00,4207.865,4205.21,4211.85,2025-12-02 13:09:00+00:00,4205.21,SL,-3.105,2.655,-1.1695,13,S93_FVG_SCALP_LONG
s93_fvg_scalp,SELL,2025-12-02 13:23:00+00:00,4207.64,4209.56,4204.76,2025-12-02 13:29:00+00:00,4204.76,TP,2.43,1.92,1.2656,13,S93_FVG_SCALP_SHORT
s93_fvg_scalp,BUY,2025-12-02 14:41:00+00:00,4219.535,4216.81,4223.62,2025-12-02 14:42:00+00:00,4216.81,SL,-3.175,2.725,-1.1651,14,S93_FVG_SCALP_LONG
s93_fvg_scalp,SELL,2025-12-03 09:15:00+00:00,4201.215,4203.78,4197.37,2025-12-03 10:11:00+00:00,4197.37,TP,3.395,2.565,1.3236,9,S93_FVG_SCALP_SHORT
s93_fvg_scalp,SELL,2025-12-03 14:15:00+00:00,4226.84,4234.24,4215.74,2025-12-03 14:32:00+00:00,4234.24,SL,-7.85,7.4,-1.0608,14,S93_FVG_SCALP_SHORT
s93_fvg_scalp,BUY,2025-12-04 14:19:00+00:00,4203.515,4199.36,4209.75,2025-12-04 14:22:00+00:00,4209.75,TP,5.785,4.155,1.3923,14,S93_FVG_SCALP_LONG
s93_fvg_scalp,BUY,2025-12-05 09:56:00+00:00,4223.42,4220.98,4227.08,2025-12-05 10:24:00+00:00,4227.08,TP,3.21,2.44,1.3156,9,S93_FVG_SCALP_LONG
s93_fvg_scalp,BUY,2025-12-05 12:12:00+00:00,4225.945,4223.39,4229.78,2025-12-05 12:32:00+00:00,4223.39,SL,-3.005,2.555,-1.1761,12,S93_FVG_SCALP_LONG
s93_fvg_scalp,BUY,2025-12-05 13:43:00+00:00,4231.81,4228.59,4236.64,2025-12-05 13:54:00+00:00,4236.64,TP,4.38,3.22,1.3602,13,S93_FVG_SCALP_LONG
s93_fvg_scalp,SELL,2025-12-05 14:26:00+00:00,4235.135,4237.7,4231.29,2025-12-05 14:29:00+00:00,4231.29,TP,3.395,2.565,1.3236,14,S93_FVG_SCALP_SHORT
s93_fvg_scalp,BUY,2025-12-05 14:56:00+00:00,4241.21,4235.76,4249.39,2025-12-05 15:07:00+00:00,4235.76,SL,-5.9,5.45,-1.0826,14,S93_FVG_SCALP_LONG
s93_fvg_scalp,BUY,2025-12-08 14:33:00+00:00,4206.67,4202.16,4213.44,2025-12-08 14:42:00+00:00,4202.16,SL,-4.96,4.51,-1.0998,14,S93_FVG_SCALP_LONG
s93_fvg_scalp,SELL,2025-12-11 09:18:00+00:00,4213.475,4216.9,4208.34,2025-12-11 09:43:00+00:00,4216.9,SL,-3.875,3.425,-1.1314,9,S93_FVG_SCALP_SHORT
s93_fvg_scalp,BUY,2025-12-11 09:53:00+00:00,4217.76,4215.77,4220.74,2025-12-11 10:02:00+00:00,4220.74,TP,2.53,1.99,1.2714,9,S93_FVG_SCALP_LONG
s93_fvg_scalp,SELL,2025-12-11 13:28:00+00:00,4213.205,4215.77,4209.36,2025-12-11 13:30:00+00:00,4215.77,SL,-3.015,2.565,-1.1754,13,S93_FVG_SCALP_SHORT
s93_fvg_scalp,BUY,2025-12-11 14:48:00+00:00,4235.35,4230.52,4242.6,2025-12-11 14:54:00+00:00,4230.52,SL,-5.28,4.83,-1.0932,14,S93_FVG_SCALP_LONG
s93_fvg_scalp,BUY,2025-12-12 07:15:00+00:00,4285.815,4282.85,4290.26,2025-12-12 07:36:00+00:00,4290.26,TP,3.995,2.965,1.3474,7,S93_FVG_SCALP_LONG
s93_fvg_scalp,BUY,2025-12-12 09:00:00+00:00,4307.19,4305.09,4310.34,2025-12-12 09:01:00+00:00,4310.34,TP,2.7,2.1,1.2857,9,S93_FVG_SCALP_LONG
s93_fvg_scalp,BUY,2025-12-12 13:20:00+00:00,4335.12,4331.89,4339.96,2025-12-12 13:30:00+00:00,4339.96,TP,4.39,3.23,1.3591,13,S93_FVG_SCALP_LONG
s93_fvg_scalp,BUY,2025-12-12 13:43:00+00:00,4341.15,4338.5,4345.12,2025-12-12 13:45:00+00:00,4338.5,SL,-3.1,2.65,-1.1698,13,S93_FVG_SCALP_LONG
s93_fvg_scalp,BUY,2025-12-16 07:40:00+00:00,4285.3,4281.9,4290.4,2025-12-16 08:07:00+00:00,4281.9,SL,-3.85,3.4,-1.1324,7,S93_FVG_SCALP_LONG
s93_fvg_scalp,SELL,2025-12-16 08:45:00+00:00,4283.88,4286.44,4280.04,2025-12-16 08:50:00+00:00,4286.44,SL,-3.01,2.56,-1.1758,8,S93_FVG_SCALP_SHORT
s93_fvg_scalp,BUY,2025-12-17 14:10:00+00:00,4341.96,4338.05,4347.82,2025-12-17 14:11:00+00:00,4338.05,SL,-4.36,3.91,-1.1151,14,S93_FVG_SCALP_LONG
s93_fvg_scalp,SELL,2025-12-18 14:50:00+00:00,4318.73,4326.64,4306.86,2025-12-18 14:55:00+00:00,4326.64,SL,-8.36,7.91,-1.0569,14,S93_FVG_SCALP_SHORT
s93_fvg_scalp,BUY,2025-12-19 07:39:00+00:00,4327.53,4326.01,4329.81,2025-12-19 07:40:00+00:00,4326.01,SL,-1.97,1.52,-1.2961,7,S93_FVG_SCALP_LONG
s93_fvg_scalp,BUY,2025-12-19 09:50:00+00:00,4329.325,4327.48,4332.09,2025-12-19 09:55:00+00:00,4327.48,SL,-2.295,1.845,-1.2439,9,S93_FVG_SCALP_LONG
s93_fvg_scalp,BUY,2025-12-19 14:45:00+00:00,4331.515,4327.75,4337.16,2025-12-19 14:46:00+00:00,4327.75,SL,-4.215,3.765,-1.1195,14,S93_FVG_SCALP_LONG
s93_fvg_scalp,SELL,2025-12-22 13:30:00+00:00,4419.795,4422.8,4415.29,2025-12-22 13:34:00+00:00,4422.8,SL,-3.455,3.005,-1.1498,13,S93_FVG_SCALP_SHORT
s93_fvg_scalp,SELL,2025-12-23 12:50:00+00:00,4487.795,4490.59,4483.6,2025-12-23 13:01:00+00:00,4490.59,SL,-3.245,2.795,-1.161,12,S93_FVG_SCALP_SHORT
s93_fvg_scalp,BUY,2025-12-26 07:18:00+00:00,4513.76,4511.84,4516.64,2025-12-26 07:25:00+00:00,4511.84,SL,-2.37,1.92,-1.2344,7,S93_FVG_SCALP_LONG
s93_fvg_scalp,SELL,2025-12-26 07:34:00+00:00,4512.32,4514.11,4509.64,2025-12-26 07:43:00+00:00,4509.64,TP,2.23,1.79,1.2458,7,S93_FVG_SCALP_SHORT
s93_fvg_scalp,BUY,2025-12-26 12:05:00+00:00,4508.755,4506.05,4512.81,2025-12-26 12:28:00+00:00,4512.81,TP,3.605,2.705,1.3327,12,S93_FVG_SCALP_LONG
s93_fvg_scalp,SELL,2025-12-29 07:11:00+00:00,4463.67,4473.42,4449.05,2025-12-29 07:13:00+00:00,4473.42,SL,-10.2,9.75,-1.0462,7,S93_FVG_SCALP_SHORT
s93_fvg_scalp,BUY,2025-12-29 07:29:00+00:00,4472.61,4461.42,4489.39,2025-12-29 08:49:00+00:00,4461.42,SL,-11.64,11.19,-1.0402,7,S93_FVG_SCALP_LONG
s93_fvg_scalp,SELL,2025-12-29 09:01:00+00:00,4464.74,4471.46,4454.66,2025-12-29 09:44:00+00:00,4471.46,SL,-7.17,6.72,-1.067,9,S93_FVG_SCALP_SHORT
s93_fvg_scalp,BUY,2025-12-29 09:50:00+00:00,4471.675,4464.01,4483.17,2025-12-29 10:29:00+00:00,4464.01,SL,-8.115,7.665,-1.0587,9,S93_FVG_SCALP_LONG
s93_fvg_scalp,SELL,2025-12-29 13:59:00+00:00,4419.235,4427.09,4407.45,2025-12-29 14:01:00+00:00,4407.45,TP,11.335,7.855,1.443,13,S93_FVG_SCALP_SHORT
s93_fvg_scalp,SELL,2025-12-29 14:15:00+00:00,4403.49,4409.67,4394.22,2025-12-29 14:19:00+00:00,4394.22,TP,8.82,6.18,1.4272,14,S93_FVG_SCALP_SHORT
s93_fvg_scalp,BUY,2025-12-30 07:21:00+00:00,4368.72,4363.55,4376.48,2025-12-30 07:43:00+00:00,4376.48,TP,7.31,5.17,1.4139,7,S93_FVG_SCALP_LONG
s93_fvg_scalp,BUY,2025-12-30 09:22:00+00:00,4371.005,4366.54,4377.7,2025-12-30 10:18:00+00:00,4377.7,TP,6.245,4.465,1.3987,9,S93_FVG_SCALP_LONG
s93_fvg_scalp,BUY,2025-12-30 12:47:00+00:00,4398.58,4395.07,4403.85,2025-12-30 13:00:00+00:00,4403.85,TP,4.82,3.51,1.3732,12,S93_FVG_SCALP_LONG
s93_fvg_scalp,SELL,2025-12-31 08:15:00+00:00,4323.33,4327.96,4316.39,2025-12-31 08:45:00+00:00,4316.39,TP,6.49,4.63,1.4017,8,S93_FVG_SCALP_SHORT
s93_fvg_scalp,SELL,2025-12-31 09:06:00+00:00,4317.89,4321.7,4312.18,2025-12-31 09:18:00+00:00,4312.18,TP,5.26,3.81,1.3806,9,S93_FVG_SCALP_SHORT
s93_fvg_scalp,BUY,2025-12-31 12:56:00+00:00,4313.2,4310.4,4317.4,2025-12-31 13:05:00+00:00,4310.4,SL,-3.25,2.8,-1.1607,12,S93_FVG_SCALP_LONG
s93_fvg_scalp,BUY,2025-12-31 14:01:00+00:00,4343.665,4339.49,4349.93,2025-12-31 14:02:00+00:00,4339.49,SL,-4.625,4.175,-1.1078,14,S93_FVG_SCALP_LONG
s93_fvg_scalp,SELL,2025-12-31 14:15:00+00:00,4341.435,4344.98,4336.12,2025-12-31 14:25:00+00:00,4336.12,TP,4.865,3.545,1.3724,14,S93_FVG_SCALP_SHORT
s93_fvg_scalp,BUY,2026-01-02 07:40:00+00:00,4378.655,4374.8,4384.44,2026-01-02 08:02:00+00:00,4384.44,TP,5.335,3.855,1.3839,7,S93_FVG_SCALP_LONG
s93_fvg_scalp,BUY,2026-01-02 08:58:00+00:00,4390.605,4388.63,4393.57,2026-01-02 08:59:00+00:00,4388.63,SL,-2.425,1.975,-1.2278,8,S93_FVG_SCALP_LONG
s93_fvg_scalp,BUY,2026-01-02 13:20:00+00:00,4392.72,4389.56,4397.46,2026-01-02 13:21:00+00:00,4389.56,SL,-3.61,3.16,-1.1424,13,S93_FVG_SCALP_LONG
s93_fvg_scalp,BUY,2026-01-05 08:30:00+00:00,4424.3,4421.91,4427.89,2026-01-05 08:43:00+00:00,4427.89,TP,3.14,2.39,1.3138,8,S93_FVG_SCALP_LONG
s93_fvg_scalp,BUY,2026-01-05 09:00:00+00:00,4430.145,4425.72,4436.78,2026-01-05 09:43:00+00:00,4436.78,TP,6.185,4.425,1.3977,9,S93_FVG_SCALP_LONG
s93_fvg_scalp,BUY,2026-01-05 09:54:00+00:00,4434.515,4432.6,4437.39,2026-01-05 10:02:00+00:00,4432.6,SL,-2.365,1.915,-1.235,9,S93_FVG_SCALP_LONG
s93_fvg_scalp,BUY,2026-01-05 14:29:00+00:00,4420.595,4415.92,4427.61,2026-01-05 14:39:00+00:00,4427.61,TP,6.565,4.675,1.4043,14,S93_FVG_SCALP_LONG
s93_fvg_scalp,SELL,2026-01-06 07:31:00+00:00,4465.295,4468.08,4461.12,2026-01-06 07:52:00+00:00,4461.12,TP,3.725,2.785,1.3375,7,S93_FVG_SCALP_SHORT
s93_fvg_scalp,SELL,2026-01-06 08:04:00+00:00,4461.21,4464.39,4456.44,2026-01-06 08:18:00+00:00,4464.39,SL,-3.63,3.18,-1.1415,8,S93_FVG_SCALP_SHORT
s93_fvg_scalp,SELL,2026-01-06 13:33:00+00:00,4461.45,4465.93,4454.73,2026-01-06 13:50:00+00:00,4454.73,TP,6.27,4.48,1.3996,13,S93_FVG_SCALP_SHORT
s93_fvg_scalp,BUY,2026-01-06 14:05:00+00:00,4467.39,4464.27,4472.07,2026-01-06 14:09:00+00:00,4472.07,TP,4.23,3.12,1.3558,14,S93_FVG_SCALP_LONG
s93_fvg_scalp,BUY,2026-01-06 14:43:00+00:00,4476.775,4467.28,4491.02,2026-01-06 15:00:00+00:00,4491.02,TP,13.795,9.495,1.4529,14,S93_FVG_SCALP_LONG
s93_fvg_scalp,SELL,2026-01-07 09:11:00+00:00,4465.505,4467.96,4461.82,2026-01-07 09:29:00+00:00,4461.82,TP,3.235,2.455,1.3177,9,S93_FVG_SCALP_SHORT
s93_fvg_scalp,SELL,2026-01-07 13:15:00+00:00,4436.27,4444.78,4423.51,2026-01-07 13:27:00+00:00,4444.78,SL,-8.96,8.51,-1.0529,13,S93_FVG_SCALP_SHORT
s93_fvg_scalp,SELL,2026-01-08 08:50:00+00:00,4424.67,4427.5,4420.43,2026-01-08 08:53:00+00:00,4427.5,SL,-3.28,2.83,-1.159,8,S93_FVG_SCALP_SHORT
s93_fvg_scalp,SELL,2026-01-08 12:10:00+00:00,4419.195,4423.01,4413.47,2026-01-08 12:14:00+00:00,4413.47,TP,5.275,3.815,1.3827,12,S93_FVG_SCALP_SHORT
s93_fvg_scalp,SELL,2026-01-08 13:15:00+00:00,4421.13,4424.49,4416.09,2026-01-08 13:17:00+00:00,4424.49,SL,-3.81,3.36,-1.1339,13,S93_FVG_SCALP_SHORT
s93_fvg_scalp,SELL,2026-01-08 14:01:00+00:00,4425.755,4431.0,4417.89,2026-01-08 14:32:00+00:00,4431.0,SL,-5.695,5.245,-1.0858,14,S93_FVG_SCALP_SHORT
s93_fvg_scalp,BUY,2026-01-09 08:15:00+00:00,4473.485,4471.23,4476.87,2026-01-09 08:31:00+00:00,4471.23,SL,-2.705,2.255,-1.1996,8,S93_FVG_SCALP_LONG
s93_fvg_scalp,SELL,2026-01-09 08:55:00+00:00,4468.43,4470.92,4464.7,2026-01-09 09:02:00+00:00,4470.92,SL,-2.94,2.49,-1.1807,8,S93_FVG_SCALP_SHORT
s93_fvg_scalp,BUY,2026-01-09 12:11:00+00:00,4475.43,4473.17,4478.82,2026-01-09 12:12:00+00:00,4473.17,SL,-2.71,2.26,-1.1991,12,S93_FVG_SCALP_LONG
s93_fvg_scalp,BUY,2026-01-09 13:10:00+00:00,4469.255,4467.06,4472.55,2026-01-09 13:14:00+00:00,4467.06,SL,-2.645,2.195,-1.205,13,S93_FVG_SCALP_LONG
s93_fvg_scalp,BUY,2026-01-09 13:50:00+00:00,4479.225,4473.45,4487.89,2026-01-09 14:01:00+00:00,4487.89,TP,8.215,5.775,1.4225,13,S93_FVG_SCALP_LONG
s93_fvg_scalp,BUY,2026-01-12 07:27:00+00:00,4581.27,4578.63,4585.23,2026-01-12 07:39:00+00:00,4585.23,TP,3.51,2.64,1.3295,7,S93_FVG_SCALP_LONG
s93_fvg_scalp,BUY,2026-01-12 09:01:00+00:00,4593.5,4587.77,4602.09,2026-01-12 10:08:00+00:00,4587.77,SL,-6.18,5.73,-1.0785,9,S93_FVG_SCALP_LONG
s93_fvg_scalp,BUY,2026-01-12 14:03:00+00:00,4601.21,4595.52,4609.74,2026-01-12 14:10:00+00:00,4595.52,SL,-6.14,5.69,-1.0791,14,S93_FVG_SCALP_LONG
s93_fvg_scalp,BUY,2026-01-13 07:38:00+00:00,4583.795,4581.58,4587.12,2026-01-13 07:41:00+00:00,4581.58,SL,-2.665,2.215,-1.2032,7,S93_FVG_SCALP_LONG
s93_fvg_scalp,SELL,2026-01-13 07:58:00+00:00,4580.885,4584.28,4575.79,2026-01-13 08:04:00+00:00,4584.28,SL,-3.845,3.395,-1.1325,7,S93_FVG_SCALP_SHORT
s93_fvg_scalp,BUY,2026-01-13 08:15:00+00:00,4586.965,4584.81,4590.2,2026-01-13 08:25:00+00:00,4590.2,TP,2.785,2.155,1.2923,8,S93_FVG_SCALP_LONG
s93_fvg_scalp,SELL,2026-01-14 09:50:00+00:00,4630.55,4634.44,4624.72,2026-01-14 10:17:00+00:00,4634.44,SL,-4.34,3.89,-1.1157,9,S93_FVG_SCALP_SHORT
s93_fvg_scalp,BUY,2026-01-14 12:15:00+00:00,4635.005,4630.85,4641.24,2026-01-14 12:59:00+00:00,4641.24,TP,5.785,4.155,1.3923,12,S93_FVG_SCALP_LONG
s93_fvg_scalp,SELL,2026-01-15 08:15:00+00:00,4605.515,4609.4,4599.69,2026-01-15 08:32:00+00:00,4599.69,TP,5.375,3.885,1.3835,8,S93_FVG_SCALP_SHORT
s93_fvg_scalp,BUY,2026-01-16 07:22:00+00:00,4606.09,4600.47,4614.52,2026-01-16 09:22:00+00:00,4603.795,TIME,-2.745,5.62,-0.4884,7,S93_FVG_SCALP_LONG
s93_fvg_scalp,BUY,2026-01-19 08:16:00+00:00,4668.43,4665.28,4673.16,2026-01-19 08:50:00+00:00,4665.28,SL,-3.6,3.15,-1.1429,8,S93_FVG_SCALP_LONG
s93_fvg_scalp,BUY,2026-01-19 09:20:00+00:00,4670.66,4668.89,4673.31,2026-01-19 09:23:00+00:00,4668.89,SL,-2.22,1.77,-1.2542,9,S93_FVG_SCALP_LONG
s93_fvg_scalp,SELL,2026-01-19 09:34:00+00:00,4668.995,4671.34,4665.48,2026-01-19 10:30:00+00:00,4665.48,TP,3.065,2.345,1.307,9,S93_FVG_SCALP_SHORT
s93_fvg_scalp,BUY,2026-01-19 14:25:00+00:00,4667.1,4664.51,4670.99,2026-01-19 14:38:00+00:00,4664.51,SL,-3.04,2.59,-1.1737,14,S93_FVG_SCALP_LONG
s93_fvg_scalp,BUY,2026-01-20 08:15:00+00:00,4723.135,4720.26,4727.45,2026-01-20 08:21:00+00:00,4720.26,SL,-3.325,2.875,-1.1565,8,S93_FVG_SCALP_LONG
s93_fvg_scalp,BUY,2026-01-20 09:03:00+00:00,4727.985,4724.47,4733.26,2026-01-20 09:14:00+00:00,4724.47,SL,-3.965,3.515,-1.128,9,S93_FVG_SCALP_LONG
s93_fvg_scalp,BUY,2026-01-20 09:55:00+00:00,4732.9,4729.26,4738.36,2026-01-20 10:28:00+00:00,4729.26,SL,-4.09,3.64,-1.1236,9,S93_FVG_SCALP_LONG
s93_fvg_scalp,SELL,2026-01-20 13:12:00+00:00,4726.37,4728.27,4723.52,2026-01-20 13:14:00+00:00,4723.52,TP,2.4,1.9,1.2632,13,S93_FVG_SCALP_SHORT
s93_fvg_scalp,BUY,2026-01-22 07:24:00+00:00,4830.64,4825.97,4837.65,2026-01-22 07:28:00+00:00,4837.65,TP,6.56,4.67,1.4047,7,S93_FVG_SCALP_LONG
s93_fvg_scalp,BUY,2026-01-22 09:00:00+00:00,4829.685,4827.31,4833.25,2026-01-22 09:02:00+00:00,4833.25,TP,3.115,2.375,1.3116,9,S93_FVG_SCALP_LONG
s93_fvg_scalp,SELL,2026-01-22 12:11:00+00:00,4827.06,4831.92,4819.77,2026-01-22 12:27:00+00:00,4831.92,SL,-5.31,4.86,-1.0926,12,S93_FVG_SCALP_SHORT
s93_fvg_scalp,SELL,2026-01-22 13:05:00+00:00,4822.9,4826.16,4818.01,2026-01-22 13:13:00+00:00,4826.16,SL,-3.71,3.26,-1.138,13,S93_FVG_SCALP_SHORT
s93_fvg_scalp,SELL,2026-01-22 13:50:00+00:00,4816.14,4820.59,4809.47,2026-01-22 13:51:00+00:00,4820.59,SL,-4.9,4.45,-1.1011,13,S93_FVG_SCALP_SHORT
s93_fvg_scalp,BUY,2026-01-26 07:44:00+00:00,5087.21,5081.1,5096.38,2026-01-26 08:03:00+00:00,5096.38,TP,8.72,6.11,1.4272,7,S93_FVG_SCALP_LONG
s93_fvg_scalp,BUY,2026-01-26 09:10:00+00:00,5088.6,5083.75,5095.88,2026-01-26 09:28:00+00:00,5095.88,TP,6.83,4.85,1.4082,9,S93_FVG_SCALP_LONG
s93_fvg_scalp,SELL,2026-01-27 08:35:00+00:00,5079.62,5083.9,5073.2,2026-01-27 08:45:00+00:00,5083.9,SL,-4.73,4.28,-1.1051,8,S93_FVG_SCALP_SHORT
s93_fvg_scalp,SELL,2026-01-27 14:10:00+00:00,5071.07,5078.92,5059.29,2026-01-27 14:13:00+00:00,5059.29,TP,11.33,7.85,1.4433,14,S93_FVG_SCALP_SHORT
s93_fvg_scalp,BUY,2026-01-28 08:38:00+00:00,5298.295,5293.31,5305.77,2026-01-28 08:43:00+00:00,5293.31,SL,-5.435,4.985,-1.0903,8,S93_FVG_SCALP_LONG
s93_fvg_scalp,SELL,2026-01-28 12:11:00+00:00,5256.885,5261.81,5249.5,2026-01-28 12:12:00+00:00,5261.81,SL,-5.375,4.925,-1.0914,12,S93_FVG_SCALP_SHORT
s93_fvg_scalp,SELL,2026-01-28 14:00:00+00:00,5269.395,5275.99,5259.5,2026-01-28 14:02:00+00:00,5259.5,TP,9.445,6.595,1.4321,14,S93_FVG_SCALP_SHORT
s93_fvg_scalp,BUY,2026-01-28 14:50:00+00:00,5273.28,5262.78,5289.03,2026-01-28 15:00:00+00:00,5289.03,TP,15.3,10.5,1.4571,14,S93_FVG_SCALP_LONG
s93_fvg_scalp,SELL,2026-01-29 13:23:00+00:00,5521.78,5531.66,5506.96,2026-01-29 13:35:00+00:00,5506.96,TP,14.37,9.88,1.4545,13,S93_FVG_SCALP_SHORT
s93_fvg_scalp,BUY,2026-01-29 14:15:00+00:00,5526.655,5517.27,5540.73,2026-01-29 14:22:00+00:00,5517.27,SL,-9.835,9.385,-1.0479,14,S93_FVG_SCALP_LONG
s93_fvg_scalp,BUY,2026-01-30 07:16:00+00:00,5166.925,5153.54,5187.0,2026-01-30 07:34:00+00:00,5153.54,SL,-13.835,13.385,-1.0336,7,S93_FVG_SCALP_LONG
s93_fvg_scalp,SELL,2026-01-30 09:19:00+00:00,5070.285,5117.46,4999.52,2026-01-30 09:42:00+00:00,4999.52,TP,70.315,47.175,1.4905,9,S93_FVG_SCALP_SHORT
s93_fvg_scalp,SELL,2026-01-30 09:56:00+00:00,5000.275,5038.09,4943.55,2026-01-30 10:02:00+00:00,5038.09,SL,-38.265,37.815,-1.0119,9,S93_FVG_SCALP_SHORT
s93_fvg_scalp,SELL,2026-01-30 13:35:00+00:00,5039.165,5058.25,5010.54,2026-01-30 13:47:00+00:00,5010.54,TP,28.175,19.085,1.4763,13,S93_FVG_SCALP_SHORT
s93_fvg_scalp,SELL,2026-01-30 13:55:00+00:00,5011.5,5035.88,4974.93,2026-01-30 14:01:00+00:00,5035.88,SL,-24.83,24.38,-1.0185,13,S93_FVG_SCALP_SHORT
s93_fvg_scalp,BUY,2026-01-30 14:12:00+00:00,5042.99,5016.43,5082.83,2026-01-30 14:23:00+00:00,5082.83,TP,39.39,26.56,1.4831,14,S93_FVG_SCALP_LONG
s93_fvg_scalp,BUY,2026-02-02 14:45:00+00:00,4750.045,4723.63,4789.67,2026-02-02 14:54:00+00:00,4723.63,SL,-26.865,26.415,-1.017,14,S93_FVG_SCALP_LONG
s93_fvg_scalp,BUY,2026-02-03 07:45:00+00:00,4916.99,4898.96,4944.03,2026-02-03 08:06:00+00:00,4898.96,SL,-18.48,18.03,-1.025,7,S93_FVG_SCALP_LONG
s93_fvg_scalp,BUY,2026-02-03 08:57:00+00:00,4927.5,4917.55,4942.42,2026-02-03 08:59:00+00:00,4917.55,SL,-10.4,9.95,-1.0452,8,S93_FVG_SCALP_LONG
s93_fvg_scalp,SELL,2026-02-03 09:08:00+00:00,4922.765,4933.31,4906.95,2026-02-03 09:16:00+00:00,4906.95,TP,15.365,10.545,1.4571,9,S93_FVG_SCALP_SHORT
s93_fvg_scalp,BUY,2026-02-03 12:14:00+00:00,4925.475,4914.8,4941.49,2026-02-03 12:18:00+00:00,4914.8,SL,-11.125,10.675,-1.0422,12,S93_FVG_SCALP_LONG
s93_fvg_scalp,BUY,2026-02-03 13:35:00+00:00,4930.375,4923.64,4940.48,2026-02-03 13:42:00+00:00,4940.48,TP,9.655,6.735,1.4336,13,S93_FVG_SCALP_LONG
s93_fvg_scalp,BUY,2026-02-04 07:34:00+00:00,5080.26,5067.19,5099.87,2026-02-04 07:36:00+00:00,5067.19,SL,-13.52,13.07,-1.0344,7,S93_FVG_SCALP_LONG
s93_fvg_scalp,BUY,2026-02-04 08:04:00+00:00,5080.335,5072.71,5091.77,2026-02-04 08:33:00+00:00,5072.71,SL,-8.075,7.625,-1.059,8,S93_FVG_SCALP_LONG
s93_fvg_scalp,SELL,2026-02-05 07:45:00+00:00,4911.315,4919.15,4899.56,2026-02-05 07:52:00+00:00,4919.15,SL,-8.285,7.835,-1.0574,7,S93_FVG_SCALP_SHORT
s93_fvg_scalp,BUY,2026-02-05 08:25:00+00:00,4931.49,4920.08,4948.6,2026-02-05 08:28:00+00:00,4920.08,SL,-11.86,11.41,-1.0394,8,S93_FVG_SCALP_LONG
s93_fvg_scalp,SELL,2026-02-05 09:39:00+00:00,4888.53,4906.21,4862.01,2026-02-05 09:55:00+00:00,4862.01,TP,26.07,17.68,1.4745,9,S93_FVG_SCALP_SHORT
s93_fvg_scalp,SELL,2026-02-05 13:11:00+00:00,4826.68,4842.48,4802.98,2026-02-05 13:16:00+00:00,4842.48,SL,-16.25,15.8,-1.0285,13,S93_FVG_SCALP_SHORT
s93_fvg_scalp,BUY,2026-02-06 08:37:00+00:00,4865.815,4857.92,4877.66,2026-02-06 08:40:00+00:00,4857.92,SL,-8.345,7.895,-1.057,8,S93_FVG_SCALP_LONG
s93_fvg_scalp,BUY,2026-02-06 13:10:00+00:00,4909.56,4899.93,4924.01,2026-02-06 13:22:00+00:00,4924.01,TP,14.0,9.63,1.4538,13,S93_FVG_SCALP_LONG
s93_fvg_scalp,SELL,2026-02-06 14:30:00+00:00,4908.21,4921.47,4888.32,2026-02-06 14:32:00+00:00,4921.47,SL,-13.71,13.26,-1.0339,14,S93_FVG_SCALP_SHORT
s93_fvg_scalp,BUY,2026-02-06 14:43:00+00:00,4924.86,4905.2,4954.35,2026-02-06 15:00:00+00:00,4954.35,TP,29.04,19.66,1.4771,14,S93_FVG_SCALP_LONG
s93_fvg_scalp,BUY,2026-02-09 08:27:00+00:00,5023.66,5018.78,5030.98,2026-02-09 08:43:00+00:00,5030.98,TP,6.87,4.88,1.4078,8,S93_FVG_SCALP_LONG
s93_fvg_scalp,BUY,2026-02-10 08:51:00+00:00,5047.405,5043.93,5052.62,2026-02-10 08:55:00+00:00,5043.93,SL,-3.925,3.475,-1.1295,8,S93_FVG_SCALP_LONG
s93_fvg_scalp,SELL,2026-02-10 09:42:00+00:00,5049.57,5053.73,5043.33,2026-02-10 09:55:00+00:00,5043.33,TP,5.79,4.16,1.3918,9,S93_FVG_SCALP_SHORT
s93_fvg_scalp,SELL,2026-02-10 12:16:00+00:00,5046.795,5052.57,5038.13,2026-02-10 12:43:00+00:00,5038.13,TP,8.215,5.775,1.4225,12,S93_FVG_SCALP_SHORT
s93_fvg_scalp,SELL,2026-02-10 14:55:00+00:00,5040.99,5055.64,5019.01,2026-02-10 15:37:00+00:00,5019.01,TP,21.53,14.65,1.4696,14,S93_FVG_SCALP_SHORT
s93_fvg_scalp,BUY,2026-02-11 09:41:00+00:00,5057.47,5054.23,5062.33,2026-02-11 09:44:00+00:00,5062.33,TP,4.41,3.24,1.3611,9,S93_FVG_SCALP_LONG
s93_fvg_scalp,BUY,2026-02-11 09:50:00+00:00,5063.425,5060.69,5067.53,2026-02-11 09:54:00+00:00,5060.69,SL,-3.185,2.735,-1.1645,9,S93_FVG_SCALP_LONG
s93_fvg_scalp,SELL,2026-02-11 14:45:00+00:00,5049.32,5063.53,5028.0,2026-02-11 14:56:00+00:00,5063.53,SL,-14.66,14.21,-1.0317,14,S93_FVG_SCALP_SHORT
s93_fvg_scalp,BUY,2026-02-12 08:13:00+00:00,5068.28,5064.9,5073.35,2026-02-12 08:22:00+00:00,5064.9,SL,-3.83,3.38,-1.1331,8,S93_FVG_SCALP_LONG
s93_fvg_scalp,SELL,2026-02-12 08:36:00+00:00,5060.97,5065.05,5054.85,2026-02-12 08:46:00+00:00,5065.05,SL,-4.53,4.08,-1.1103,8,S93_FVG_SCALP_SHORT
s93_fvg_scalp,BUY,2026-02-12 13:26:00+00:00,5068.735,5064.98,5074.37,2026-02-12 13:28:00+00:00,5064.98,SL,-4.205,3.755,-1.1198,13,S93_FVG_SCALP_LONG
s93_fvg_scalp,SELL,2026-02-13 09:43:00+00:00,4971.98,4977.2,4964.15,2026-02-13 10:11:00+00:00,4977.2,SL,-5.67,5.22,-1.0862,9,S93_FVG_SCALP_SHORT
s93_fvg_scalp,SELL,2026-02-16 08:20:00+00:00,5003.55,5006.87,4998.57,2026-02-16 08:31:00+00:00,5006.87,SL,-3.77,3.32,-1.1355,8,S93_FVG_SCALP_SHORT
s93_fvg_scalp,BUY,2026-02-17 14:38:00+00:00,4884.725,4871.32,4904.83,2026-02-17 14:44:00+00:00,4871.32,SL,-13.855,13.405,-1.0336,14,S93_FVG_SCALP_LONG
s93_fvg_scalp,BUY,2026-02-18 09:32:00+00:00,4920.42,4916.55,4926.23,2026-02-18 09:34:00+00:00,4916.55,SL,-4.32,3.87,-1.1163,9,S93_FVG_SCALP_LONG
s93_fvg_scalp,BUY,2026-02-19 08:51:00+00:00,5018.325,5015.02,5023.28,2026-02-19 08:52:00+00:00,5015.02,SL,-3.755,3.305,-1.1362,8,S93_FVG_SCALP_LONG
s93_fvg_scalp,SELL,2026-02-19 14:16:00+00:00,4980.07,4986.27,4970.77,2026-02-19 14:34:00+00:00,4970.77,TP,8.85,6.2,1.4274,14,S93_FVG_SCALP_SHORT
s93_fvg_scalp,SELL,2026-02-20 07:05:00+00:00,5022.35,5025.68,5017.36,2026-02-20 07:07:00+00:00,5025.68,SL,-3.78,3.33,-1.1351,7,S93_FVG_SCALP_SHORT
s93_fvg_scalp,SELL,2026-02-20 07:30:00+00:00,5016.25,5021.42,5008.49,2026-02-20 07:56:00+00:00,5008.49,TP,7.31,5.17,1.4139,7,S93_FVG_SCALP_SHORT
s93_fvg_scalp,BUY,2026-02-20 09:30:00+00:00,5032.99,5030.06,5037.38,2026-02-20 09:37:00+00:00,5030.06,SL,-3.38,2.93,-1.1536,9,S93_FVG_SCALP_LONG
s93_fvg_scalp,SELL,2026-02-23 08:32:00+00:00,5130.785,5136.42,5122.33,2026-02-23 08:53:00+00:00,5136.42,SL,-6.085,5.635,-1.0799,8,S93_FVG_SCALP_SHORT
s93_fvg_scalp,BUY,2026-02-23 12:50:00+00:00,5160.13,5157.36,5164.29,2026-02-23 12:53:00+00:00,5164.29,TP,3.71,2.77,1.3394,12,S93_FVG_SCALP_LONG
s93_fvg_scalp,BUY,2026-02-23 14:58:00+00:00,5190.54,5182.75,5202.23,2026-02-23 15:01:00+00:00,5182.75,SL,-8.24,7.79,-1.0578,14,S93_FVG_SCALP_LONG
s93_fvg_scalp,SELL,2026-02-24 08:11:00+00:00,5175.67,5179.35,5170.15,2026-02-24 08:13:00+00:00,5170.15,TP,5.07,3.68,1.3777,8,S93_FVG_SCALP_SHORT
s93_fvg_scalp,SELL,2026-02-24 08:57:00+00:00,5175.39,5179.18,5169.7,2026-02-24 09:07:00+00:00,5179.18,SL,-4.24,3.79,-1.1187,8,S93_FVG_SCALP_SHORT
s93_fvg_scalp,SELL,2026-02-24 14:20:00+00:00,5109.0,5119.72,5092.92,2026-02-24 14:30:00+00:00,5119.72,SL,-11.17,10.72,-1.042,14,S93_FVG_SCALP_SHORT
s93_fvg_scalp,SELL,2026-02-25 09:36:00+00:00,5192.36,5194.75,5188.77,2026-02-25 09:55:00+00:00,5188.77,TP,3.14,2.39,1.3138,9,S93_FVG_SCALP_SHORT
s93_fvg_scalp,BUY,2026-02-27 14:07:00+00:00,5222.89,5216.02,5233.19,2026-02-27 14:21:00+00:00,5233.19,TP,9.85,6.87,1.4338,14,S93_FVG_SCALP_LONG
s93_fvg_scalp,BUY,2026-03-02 07:27:00+00:00,5413.44,5405.44,5425.44,2026-03-02 07:37:00+00:00,5405.44,SL,-8.45,8.0,-1.0562,7,S93_FVG_SCALP_LONG
s93_fvg_scalp,BUY,2026-03-02 12:15:00+00:00,5390.79,5385.49,5398.74,2026-03-02 12:18:00+00:00,5385.49,SL,-5.75,5.3,-1.0849,12,S93_FVG_SCALP_LONG
s93_fvg_scalp,SELL,2026-03-02 14:41:00+00:00,5352.72,5364.59,5334.92,2026-03-02 14:46:00+00:00,5334.92,TP,17.35,11.87,1.4617,14,S93_FVG_SCALP_SHORT
s93_fvg_scalp,SELL,2026-03-03 09:37:00+00:00,5270.725,5284.33,5250.32,2026-03-03 10:03:00+00:00,5284.33,SL,-14.055,13.605,-1.0331,9,S93_FVG_SCALP_SHORT
s93_fvg_scalp,SELL,2026-03-03 13:21:00+00:00,5183.055,5212.78,5138.47,2026-03-03 13:45:00+00:00,5138.47,TP,44.135,29.725,1.4848,13,S93_FVG_SCALP_SHORT
s93_fvg_scalp,SELL,2026-03-03 14:29:00+00:00,5144.075,5167.8,5108.49,2026-03-03 14:35:00+00:00,5108.49,TP,35.135,23.725,1.4809,14,S93_FVG_SCALP_SHORT
s93_fvg_scalp,SELL,2026-03-04 08:17:00+00:00,5160.6,5170.09,5146.37,2026-03-04 08:36:00+00:00,5170.09,SL,-9.94,9.49,-1.0474,8,S93_FVG_SCALP_SHORT
s93_fvg_scalp,BUY,2026-03-04 08:54:00+00:00,5175.215,5168.89,5184.7,2026-03-04 08:57:00+00:00,5168.89,SL,-6.775,6.325,-1.0711,8,S93_FVG_SCALP_LONG
s93_fvg_scalp,BUY,2026-03-04 09:54:00+00:00,5179.165,5173.19,5188.13,2026-03-04 10:08:00+00:00,5188.13,TP,8.515,5.975,1.4251,9,S93_FVG_SCALP_LONG
s93_fvg_scalp,BUY,2026-03-04 12:10:00+00:00,5198.665,5193.24,5206.8,2026-03-04 12:16:00+00:00,5193.24,SL,-5.875,5.425,-1.0829,12,S93_FVG_SCALP_LONG
s93_fvg_scalp,BUY,2026-03-04 13:19:00+00:00,5187.115,5179.97,5197.83,2026-03-04 13:23:00+00:00,5179.97,SL,-7.595,7.145,-1.063,13,S93_FVG_SCALP_LONG
s93_fvg_scalp,BUY,2026-03-05 07:07:00+00:00,5164.515,5158.3,5173.84,2026-03-05 08:01:00+00:00,5158.3,SL,-6.665,6.215,-1.0724,7,S93_FVG_SCALP_LONG
s93_fvg_scalp,BUY,2026-03-05 12:16:00+00:00,5165.84,5163.58,5169.23,2026-03-05 12:19:00+00:00,5169.23,TP,2.94,2.26,1.3009,12,S93_FVG_SCALP_LONG
s93_fvg_scalp,SELL,2026-03-06 07:14:00+00:00,5112.28,5116.28,5106.28,2026-03-06 07:20:00+00:00,5116.28,SL,-4.45,4.0,-1.1125,7,S93_FVG_SCALP_SHORT
s93_fvg_scalp,SELL,2026-03-06 08:46:00+00:00,5110.305,5113.67,5105.26,2026-03-06 08:47:00+00:00,5113.67,SL,-3.815,3.365,-1.1337,8,S93_FVG_SCALP_SHORT
s93_fvg_scalp,SELL,2026-03-06 13:15:00+00:00,5076.19,5083.03,5065.93,2026-03-06 13:21:00+00:00,5083.03,SL,-7.29,6.84,-1.0658,13,S93_FVG_SCALP_SHORT
s93_fvg_scalp,SELL,2026-03-06 14:02:00+00:00,5102.34,5114.54,5084.04,2026-03-06 14:31:00+00:00,5114.54,SL,-12.65,12.2,-1.0369,14,S93_FVG_SCALP_SHORT
s93_fvg_scalp,SELL,2026-03-09 09:50:00+00:00,5105.895,5119.98,5084.77,2026-03-09 10:51:00+00:00,5084.77,TP,20.675,14.085,1.4679,9,S93_FVG_SCALP_SHORT
s93_fvg_scalp,SELL,2026-03-09 13:02:00+00:00,5098.31,5101.74,5093.17,2026-03-09 13:08:00+00:00,5093.17,TP,4.69,3.43,1.3673,13,S93_FVG_SCALP_SHORT
s93_fvg_scalp,SELL,2026-03-09 14:03:00+00:00,5084.885,5098.39,5064.63,2026-03-09 14:11:00+00:00,5064.63,TP,19.805,13.505,1.4665,14,S93_FVG_SCALP_SHORT
s93_fvg_scalp,SELL,2026-03-10 07:29:00+00:00,5169.165,5173.05,5163.34,2026-03-10 07:38:00+00:00,5173.05,SL,-4.335,3.885,-1.1158,7,S93_FVG_SCALP_SHORT
s93_fvg_scalp,BUY,2026-03-10 08:35:00+00:00,5183.035,5180.01,5187.57,2026-03-10 08:39:00+00:00,5187.57,TP,4.085,3.025,1.3504,8,S93_FVG_SCALP_LONG
s93_fvg_scalp,SELL,2026-03-10 12:10:00+00:00,5169.65,5174.08,5163.0,2026-03-10 12:20:00+00:00,5174.08,SL,-4.88,4.43,-1.1016,12,S93_FVG_SCALP_SHORT
s93_fvg_scalp,SELL,2026-03-10 13:40:00+00:00,5214.595,5221.97,5203.53,2026-03-10 13:45:00+00:00,5203.53,TP,10.615,7.375,1.4393,13,S93_FVG_SCALP_SHORT
s93_fvg_scalp,SELL,2026-03-10 14:15:00+00:00,5196.81,5202.68,5188.01,2026-03-10 14:16:00+00:00,5202.68,SL,-6.32,5.87,-1.0767,14,S93_FVG_SCALP_SHORT
s93_fvg_scalp,BUY,2026-03-10 14:25:00+00:00,5209.215,5194.55,5231.21,2026-03-10 15:33:00+00:00,5231.21,TP,21.545,14.665,1.4691,14,S93_FVG_SCALP_LONG
s93_fvg_scalp,BUY,2026-03-11 07:57:00+00:00,5193.795,5191.16,5197.75,2026-03-11 08:01:00+00:00,5191.16,SL,-3.085,2.635,-1.1708,7,S93_FVG_SCALP_LONG
s93_fvg_scalp,BUY,2026-03-11 14:42:00+00:00,5175.155,5167.28,5186.97,2026-03-11 14:48:00+00:00,5186.97,TP,11.365,7.875,1.4432,14,S93_FVG_SCALP_LONG
s93_fvg_scalp,BUY,2026-03-12 12:57:00+00:00,5181.52,5173.7,5193.25,2026-03-12 13:19:00+00:00,5173.7,SL,-8.27,7.82,-1.0575,12,S93_FVG_SCALP_LONG
s93_fvg_scalp,BUY,2026-03-13 07:40:00+00:00,5087.98,5083.97,5093.99,2026-03-13 07:55:00+00:00,5083.97,SL,-4.46,4.01,-1.1122,7,S93_FVG_SCALP_LONG
s93_fvg_scalp,SELL,2026-03-13 08:11:00+00:00,5075.5,5083.82,5063.02,2026-03-13 08:22:00+00:00,5063.02,TP,12.03,8.32,1.4459,8,S93_FVG_SCALP_SHORT
s93_fvg_scalp,BUY,2026-03-13 08:44:00+00:00,5076.69,5070.07,5086.62,2026-03-13 08:50:00+00:00,5086.62,TP,9.48,6.62,1.432,8,S93_FVG_SCALP_LONG
s93_fvg_scalp,BUY,2026-03-13 09:10:00+00:00,5092.05,5086.57,5100.27,2026-03-13 09:23:00+00:00,5086.57,SL,-5.93,5.48,-1.0821,9,S93_FVG_SCALP_LONG
s93_fvg_scalp,BUY,2026-03-17 07:44:00+00:00,5023.43,5017.96,5031.64,2026-03-17 07:54:00+00:00,5017.96,SL,-5.92,5.47,-1.0823,7,S93_FVG_SCALP_LONG
s93_fvg_scalp,SELL,2026-03-17 12:07:00+00:00,5005.08,5007.22,5001.87,2026-03-17 12:08:00+00:00,5007.22,SL,-2.59,2.14,-1.2103,12,S93_FVG_SCALP_SHORT
s93_fvg_scalp,SELL,2026-03-17 13:01:00+00:00,5014.29,5017.43,5009.58,2026-03-17 13:05:00+00:00,5017.43,SL,-3.59,3.14,-1.1433,13,S93_FVG_SCALP_SHORT
s93_fvg_scalp,BUY,2026-03-17 13:51:00+00:00,5017.9,5013.58,5024.38,2026-03-17 13:52:00+00:00,5013.58,SL,-4.77,4.32,-1.1042,13,S93_FVG_SCALP_LONG
s93_fvg_scalp,SELL,2026-03-17 14:00:00+00:00,5017.985,5024.19,5008.68,2026-03-17 14:25:00+00:00,5008.68,TP,8.855,6.205,1.4271,14,S93_FVG_SCALP_SHORT
s93_fvg_scalp,SELL,2026-03-18 07:25:00+00:00,5008.59,5010.5,5005.73,2026-03-18 07:35:00+00:00,5005.73,TP,2.41,1.91,1.2618,7,S93_FVG_SCALP_SHORT
s93_fvg_scalp,SELL,2026-03-18 08:03:00+00:00,4996.635,5002.0,4988.59,2026-03-18 08:08:00+00:00,4988.59,TP,7.595,5.365,1.4157,8,S93_FVG_SCALP_SHORT
s93_fvg_scalp,SELL,2026-03-18 13:39:00+00:00,4867.68,4880.92,4847.82,2026-03-18 13:42:00+00:00,4880.92,SL,-13.69,13.24,-1.034,13,S93_FVG_SCALP_SHORT
s93_fvg_scalp,SELL,2026-03-18 14:47:00+00:00,4867.285,4875.27,4855.31,2026-03-18 15:00:00+00:00,4875.27,SL,-8.435,7.985,-1.0564,14,S93_FVG_SCALP_SHORT
s93_fvg_scalp,SELL,2026-03-19 07:54:00+00:00,4752.97,4766.44,4732.77,2026-03-19 07:59:00+00:00,4732.77,TP,19.75,13.47,1.4662,7,S93_FVG_SCALP_SHORT
s93_fvg_scalp,SELL,2026-03-19 08:15:00+00:00,4721.38,4730.25,4708.08,2026-03-19 08:17:00+00:00,4730.25,SL,-9.32,8.87,-1.0507,8,S93_FVG_SCALP_SHORT
s93_fvg_scalp,BUY,2026-03-19 08:25:00+00:00,4727.28,4718.11,4741.03,2026-03-19 08:29:00+00:00,4718.11,SL,-9.62,9.17,-1.0491,8,S93_FVG_SCALP_LONG
s93_fvg_scalp,BUY,2026-03-20 08:29:00+00:00,4723.215,4716.4,4733.44,2026-03-20 08:30:00+00:00,4716.4,SL,-7.265,6.815,-1.066,8,S93_FVG_SCALP_LONG
s93_fvg_scalp,SELL,2026-03-20 09:25:00+00:00,4689.87,4696.07,4680.57,2026-03-20 09:34:00+00:00,4680.57,TP,8.85,6.2,1.4274,9,S93_FVG_SCALP_SHORT
s93_fvg_scalp,SELL,2026-03-20 14:34:00+00:00,4579.87,4590.09,4564.54,2026-03-20 14:47:00+00:00,4564.54,TP,14.88,10.22,1.456,14,S93_FVG_SCALP_SHORT
s93_fvg_scalp,SELL,2026-03-23 07:36:00+00:00,4181.225,4213.23,4133.22,2026-03-23 07:41:00+00:00,4213.23,SL,-32.455,32.005,-1.0141,7,S93_FVG_SCALP_SHORT
s93_fvg_scalp,SELL,2026-03-23 09:58:00+00:00,4249.545,4285.19,4196.08,2026-03-23 11:00:00+00:00,4285.19,SL,-36.095,35.645,-1.0126,9,S93_FVG_SCALP_SHORT
s93_fvg_scalp,BUY,2026-03-23 13:01:00+00:00,4458.715,4435.78,4493.12,2026-03-23 13:05:00+00:00,4435.78,SL,-23.385,22.935,-1.0196,13,S93_FVG_SCALP_LONG
s93_fvg_scalp,BUY,2026-03-23 14:29:00+00:00,4485.46,4467.16,4512.91,2026-03-23 14:50:00+00:00,4467.16,SL,-18.75,18.3,-1.0246,14,S93_FVG_SCALP_LONG
s93_fvg_scalp,BUY,2026-03-24 07:42:00+00:00,4400.065,4388.22,4417.83,2026-03-24 07:48:00+00:00,4417.83,TP,17.315,11.845,1.4618,7,S93_FVG_SCALP_LONG
s93_fvg_scalp,BUY,2026-03-24 07:56:00+00:00,4419.56,4408.72,4435.82,2026-03-24 08:00:00+00:00,4408.72,SL,-11.29,10.84,-1.0415,7,S93_FVG_SCALP_LONG
s93_fvg_scalp,BUY,2026-03-24 12:21:00+00:00,4417.96,4410.96,4428.46,2026-03-24 12:22:00+00:00,4410.96,SL,-7.45,7.0,-1.0643,12,S93_FVG_SCALP_LONG
s93_fvg_scalp,SELL,2026-03-24 12:52:00+00:00,4389.7,4399.13,4375.55,2026-03-24 13:00:00+00:00,4375.55,TP,13.7,9.43,1.4528,12,S93_FVG_SCALP_SHORT
s93_fvg_scalp,BUY,2026-03-25 07:23:00+00:00,4556.525,4551.05,4564.74,2026-03-25 07:35:00+00:00,4551.05,SL,-5.925,5.475,-1.0822,7,S93_FVG_SCALP_LONG
s93_fvg_scalp,BUY,2026-03-25 13:12:00+00:00,4559.64,4550.0,4574.1,2026-03-25 13:30:00+00:00,4574.1,TP,14.01,9.64,1.4533,13,S93_FVG_SCALP_LONG
s93_fvg_scalp,SELL,2026-03-25 13:57:00+00:00,4552.42,4559.06,4542.46,2026-03-25 14:00:00+00:00,4542.46,TP,9.51,6.64,1.4322,13,S93_FVG_SCALP_SHORT
s93_fvg_scalp,BUY,2026-03-26 12:17:00+00:00,4438.365,4426.61,4456.0,2026-03-26 13:00:00+00:00,4426.61,SL,-12.205,11.755,-1.0383,12,S93_FVG_SCALP_LONG
s93_fvg_scalp,BUY,2026-03-30 09:50:00+00:00,4532.84,4528.45,4539.43,2026-03-30 10:20:00+00:00,4539.43,TP,6.14,4.39,1.3986,9,S93_FVG_SCALP_LONG
s93_fvg_scalp,SELL,2026-03-30 12:08:00+00:00,4560.29,4571.32,4543.75,2026-03-30 12:30:00+00:00,4571.32,SL,-11.48,11.03,-1.0408,12,S93_FVG_SCALP_SHORT
s93_fvg_scalp,SELL,2026-03-31 09:48:00+00:00,4558.99,4562.74,4553.36,2026-03-31 09:57:00+00:00,4553.36,TP,5.18,3.75,1.3813,9,S93_FVG_SCALP_SHORT
s93_fvg_scalp,SELL,2026-04-01 07:21:00+00:00,4723.385,4728.3,4716.01,2026-04-01 07:32:00+00:00,4728.3,SL,-5.365,4.915,-1.0916,7,S93_FVG_SCALP_SHORT
s93_fvg_scalp,SELL,2026-04-01 08:00:00+00:00,4716.75,4722.02,4708.84,2026-04-01 08:03:00+00:00,4722.02,SL,-5.72,5.27,-1.0854,8,S93_FVG_SCALP_SHORT
s93_fvg_scalp,SELL,2026-04-02 13:05:00+00:00,4602.91,4620.75,4576.15,2026-04-02 13:47:00+00:00,4620.75,SL,-18.29,17.84,-1.0252,13,S93_FVG_SCALP_SHORT
s93_fvg_scalp,BUY,2026-04-06 14:46:00+00:00,4677.47,4670.49,4687.94,2026-04-06 14:57:00+00:00,4687.94,TP,10.02,6.98,1.4355,14,S93_FVG_SCALP_LONG
s93_fvg_scalp,BUY,2026-04-07 08:30:00+00:00,4677.59,4662.51,4700.21,2026-04-07 09:46:00+00:00,4662.51,SL,-15.53,15.08,-1.0298,8,S93_FVG_SCALP_LONG
s93_fvg_scalp,SELL,2026-04-07 09:50:00+00:00,4667.585,4676.35,4654.44,2026-04-07 10:05:00+00:00,4676.35,SL,-9.215,8.765,-1.0513,9,S93_FVG_SCALP_SHORT
s93_fvg_scalp,SELL,2026-04-07 13:54:00+00:00,4651.915,4658.93,4641.39,2026-04-07 14:00:00+00:00,4641.39,TP,10.075,7.015,1.4362,13,S93_FVG_SCALP_SHORT
s93_fvg_scalp,SELL,2026-04-07 14:21:00+00:00,4627.55,4645.3,4600.93,2026-04-07 14:24:00+00:00,4645.3,SL,-18.2,17.75,-1.0254,14,S93_FVG_SCALP_SHORT
s93_fvg_scalp,BUY,2026-04-08 07:59:00+00:00,4814.035,4809.74,4820.48,2026-04-08 08:04:00+00:00,4809.74,SL,-4.745,4.295,-1.1048,7,S93_FVG_SCALP_LONG
s93_fvg_scalp,BUY,2026-04-08 13:11:00+00:00,4791.73,4782.84,4805.06,2026-04-08 13:31:00+00:00,4782.84,SL,-9.34,8.89,-1.0506,13,S93_FVG_SCALP_LONG
s93_fvg_scalp,BUY,2026-04-09 07:16:00+00:00,4722.015,4715.56,4731.7,2026-04-09 07:19:00+00:00,4715.56,SL,-6.905,6.455,-1.0697,7,S93_FVG_SCALP_LONG
s93_fvg_scalp,SELL,2026-04-09 07:33:00+00:00,4716.24,4723.52,4705.32,2026-04-09 07:36:00+00:00,4723.52,SL,-7.73,7.28,-1.0618,7,S93_FVG_SCALP_SHORT
s93_fvg_scalp,BUY,2026-04-09 07:46:00+00:00,4718.57,4713.0,4726.92,2026-04-09 07:50:00+00:00,4713.0,SL,-6.02,5.57,-1.0808,7,S93_FVG_SCALP_LONG
s93_fvg_scalp,SELL,2026-04-09 07:56:00+00:00,4718.365,4724.1,4709.76,2026-04-09 07:59:00+00:00,4724.1,SL,-6.185,5.735,-1.0785,7,S93_FVG_SCALP_SHORT
s93_fvg_scalp,BUY,2026-04-09 09:15:00+00:00,4729.875,4727.03,4734.14,2026-04-09 09:43:00+00:00,4727.03,SL,-3.295,2.845,-1.1582,9,S93_FVG_SCALP_LONG
s93_fvg_scalp,BUY,2026-04-09 13:24:00+00:00,4752.97,4748.53,4759.63,2026-04-09 13:35:00+00:00,4759.63,TP,6.21,4.44,1.3986,13,S93_FVG_SCALP_LONG
s93_fvg_scalp,SELL,2026-04-10 08:27:00+00:00,4747.3,4749.84,4743.49,2026-04-10 08:31:00+00:00,4749.84,SL,-2.99,2.54,-1.1772,8,S93_FVG_SCALP_SHORT
s93_fvg_scalp,SELL,2026-04-10 08:55:00+00:00,4736.735,4742.24,4728.48,2026-04-10 08:58:00+00:00,4742.24,SL,-5.955,5.505,-1.0817,8,S93_FVG_SCALP_SHORT
s93_fvg_scalp,SELL,2026-04-10 09:36:00+00:00,4750.475,4754.21,4744.87,2026-04-10 10:06:00+00:00,4744.87,TP,5.155,3.735,1.3802,9,S93_FVG_SCALP_SHORT
s93_fvg_scalp,SELL,2026-04-14 07:30:00+00:00,4775.015,4785.63,4759.09,2026-04-14 08:29:00+00:00,4785.63,SL,-11.065,10.615,-1.0424,7,S93_FVG_SCALP_SHORT
s93_fvg_scalp,BUY,2026-04-14 08:41:00+00:00,4785.135,4780.79,4791.65,2026-04-14 09:06:00+00:00,4780.79,SL,-4.795,4.345,-1.1036,8,S93_FVG_SCALP_LONG
s93_fvg_scalp,SELL,2026-04-14 09:38:00+00:00,4779.19,4784.21,4771.66,2026-04-14 10:09:00+00:00,4784.21,SL,-5.47,5.02,-1.0896,9,S93_FVG_SCALP_SHORT
s93_fvg_scalp,BUY,2026-04-15 09:02:00+00:00,4814.22,4811.09,4818.92,2026-04-15 09:07:00+00:00,4811.09,SL,-3.58,3.13,-1.1438,9,S93_FVG_SCALP_LONG
s93_fvg_scalp,SELL,2026-04-16 08:11:00+00:00,4814.19,4820.45,4804.8,2026-04-16 10:11:00+00:00,4810.145,TIME,3.595,6.26,0.5743,8,S93_FVG_SCALP_SHORT
s93_fvg_scalp,SELL,2026-04-16 12:15:00+00:00,4817.445,4819.97,4813.66,2026-04-16 12:30:00+00:00,4813.66,TP,3.335,2.525,1.3208,12,S93_FVG_SCALP_SHORT
s93_fvg_scalp,SELL,2026-04-17 08:00:00+00:00,4787.825,4791.38,4782.49,2026-04-17 08:13:00+00:00,4782.49,TP,4.885,3.555,1.3741,8,S93_FVG_SCALP_SHORT
s93_fvg_scalp,BUY,2026-04-17 13:20:00+00:00,4862.09,4845.62,4886.8,2026-04-17 15:20:00+00:00,4865.725,TIME,3.185,16.47,0.1934,13,S93_FVG_SCALP_LONG
s93_fvg_scalp,SELL,2026-04-20 07:44:00+00:00,4798.89,4802.44,4793.57,2026-04-20 07:47:00+00:00,4793.57,TP,4.87,3.55,1.3718,7,S93_FVG_SCALP_SHORT
s93_fvg_scalp,BUY,2026-04-20 09:18:00+00:00,4792.305,4790.21,4795.45,2026-04-20 09:21:00+00:00,4795.45,TP,2.695,2.095,1.2864,9,S93_FVG_SCALP_LONG
s93_fvg_scalp,BUY,2026-04-20 09:55:00+00:00,4791.36,4788.73,4795.31,2026-04-20 10:07:00+00:00,4795.31,TP,3.5,2.63,1.3308,9,S93_FVG_SCALP_LONG
s93_fvg_scalp,BUY,2026-04-20 14:33:00+00:00,4821.915,4817.31,4828.82,2026-04-20 14:34:00+00:00,4817.31,SL,-5.055,4.605,-1.0977,14,S93_FVG_SCALP_LONG
s93_fvg_scalp,BUY,2026-04-21 07:57:00+00:00,4786.365,4783.63,4790.47,2026-04-21 08:06:00+00:00,4783.63,SL,-3.185,2.735,-1.1645,7,S93_FVG_SCALP_LONG
s93_fvg_scalp,SELL,2026-04-21 08:19:00+00:00,4781.535,4785.52,4775.56,2026-04-21 08:20:00+00:00,4785.52,SL,-4.435,3.985,-1.1129,8,S93_FVG_SCALP_SHORT
s93_fvg_scalp,SELL,2026-04-21 13:17:00+00:00,4771.29,4779.85,4758.45,2026-04-21 13:31:00+00:00,4779.85,SL,-9.01,8.56,-1.0526,13,S93_FVG_SCALP_SHORT
s93_fvg_scalp,BUY,2026-04-21 13:57:00+00:00,4784.52,4779.7,4791.75,2026-04-21 13:59:00+00:00,4779.7,SL,-5.27,4.82,-1.0934,13,S93_FVG_SCALP_LONG
s93_fvg_scalp,SELL,2026-04-21 14:05:00+00:00,4781.46,4788.58,4770.78,2026-04-21 14:26:00+00:00,4770.78,TP,10.23,7.12,1.4368,14,S93_FVG_SCALP_SHORT
s93_fvg_scalp,SELL,2026-04-21 14:56:00+00:00,4739.5,4746.03,4729.7,2026-04-21 15:05:00+00:00,4729.7,TP,9.35,6.53,1.4319,14,S93_FVG_SCALP_SHORT
s93_fvg_scalp,SELL,2026-04-22 09:36:00+00:00,4757.35,4760.05,4753.3,2026-04-22 09:40:00+00:00,4760.05,SL,-3.15,2.7,-1.1667,9,S93_FVG_SCALP_SHORT
s93_fvg_scalp,SELL,2026-04-22 14:10:00+00:00,4747.495,4753.11,4739.07,2026-04-22 14:31:00+00:00,4739.07,TP,7.975,5.615,1.4203,14,S93_FVG_SCALP_SHORT
s93_fvg_scalp,SELL,2026-04-22 14:40:00+00:00,4738.72,4744.86,4729.51,2026-04-22 15:35:00+00:00,4729.51,TP,8.76,6.14,1.4267,14,S93_FVG_SCALP_SHORT
s93_fvg_scalp,BUY,2026-04-23 12:10:00+00:00,4729.14,4719.83,4743.11,2026-04-23 12:58:00+00:00,4743.11,TP,13.52,9.31,1.4522,12,S93_FVG_SCALP_LONG
s93_fvg_scalp,SELL,2026-04-23 13:40:00+00:00,4734.005,4738.16,4727.77,2026-04-23 13:49:00+00:00,4738.16,SL,-4.605,4.155,-1.1083,13,S93_FVG_SCALP_SHORT
s93_fvg_scalp,BUY,2026-04-24 07:55:00+00:00,4690.41,4685.56,4697.68,2026-04-24 08:35:00+00:00,4685.56,SL,-5.3,4.85,-1.0928,7,S93_FVG_SCALP_LONG
s93_fvg_scalp,SELL,2026-04-24 12:56:00+00:00,4695.5,4699.74,4689.14,2026-04-24 12:58:00+00:00,4699.74,SL,-4.69,4.24,-1.1061,12,S93_FVG_SCALP_SHORT
s93_fvg_scalp,SELL,2026-04-24 13:30:00+00:00,4697.615,4701.12,4692.36,2026-04-24 13:31:00+00:00,4692.36,TP,4.805,3.505,1.3709,13,S93_FVG_SCALP_SHORT
s93_fvg_scalp,BUY,2026-04-24 14:25:00+00:00,4725.78,4713.79,4743.76,2026-04-24 16:25:00+00:00,4724.35,TIME,-1.88,11.99,-0.1568,14,S93_FVG_SCALP_LONG
s93_fvg_scalp,BUY,2026-04-27 08:50:00+00:00,4711.475,4709.48,4714.47,2026-04-27 08:52:00+00:00,4709.48,SL,-2.445,1.995,-1.2256,8,S93_FVG_SCALP_LONG
s93_fvg_scalp,SELL,2026-04-27 12:48:00+00:00,4702.625,4705.0,4699.06,2026-04-27 12:56:00+00:00,4699.06,TP,3.115,2.375,1.3116,12,S93_FVG_SCALP_SHORT
s93_fvg_scalp,SELL,2026-04-28 09:30:00+00:00,4618.99,4622.99,4612.99,2026-04-28 09:32:00+00:00,4612.99,TP,5.55,4.0,1.3875,9,S93_FVG_SCALP_SHORT
s93_fvg_scalp,SELL,2026-04-28 13:29:00+00:00,4584.555,4594.07,4570.28,2026-04-28 14:02:00+00:00,4570.28,TP,13.825,9.515,1.453,13,S93_FVG_SCALP_SHORT
s93_fvg_scalp,SELL,2026-04-28 14:45:00+00:00,4565.87,4571.2,4557.88,2026-04-28 14:51:00+00:00,4557.88,TP,7.54,5.33,1.4146,14,S93_FVG_SCALP_SHORT
s93_fvg_scalp,BUY,2026-04-29 09:01:00+00:00,4570.66,4567.89,4574.81,2026-04-29 09:02:00+00:00,4574.81,TP,3.7,2.77,1.3357,9,S93_FVG_SCALP_LONG
s93_fvg_scalp,SELL,2026-04-29 09:35:00+00:00,4567.355,4573.23,4558.54,2026-04-29 09:45:00+00:00,4558.54,TP,8.365,5.875,1.4238,9,S93_FVG_SCALP_SHORT
s93_fvg_scalp,SELL,2026-04-29 13:00:00+00:00,4548.755,4556.15,4537.66,2026-04-29 13:20:00+00:00,4537.66,TP,10.645,7.395,1.4395,13,S93_FVG_SCALP_SHORT
s93_fvg_scalp,SELL,2026-04-29 13:50:00+00:00,4517.51,4525.74,4505.17,2026-04-29 13:55:00+00:00,4525.74,SL,-8.68,8.23,-1.0547,13,S93_FVG_SCALP_SHORT
s93_fvg_scalp,BUY,2026-04-30 07:20:00+00:00,4586.255,4583.0,4591.14,2026-04-30 07:29:00+00:00,4591.14,TP,4.435,3.255,1.3625,7,S93_FVG_SCALP_LONG
s93_fvg_scalp,BUY,2026-04-30 08:11:00+00:00,4616.825,4604.0,4636.06,2026-04-30 10:11:00+00:00,4626.545,TIME,9.27,12.825,0.7228,8,S93_FVG_SCALP_LONG
s93_fvg_scalp,BUY,2026-04-30 13:05:00+00:00,4638.4,4634.26,4644.61,2026-04-30 13:15:00+00:00,4644.61,TP,5.76,4.14,1.3913,13,S93_FVG_SCALP_LONG
s93_fvg_scalp,BUY,2026-04-30 14:10:00+00:00,4617.46,4613.1,4624.0,2026-04-30 14:19:00+00:00,4624.0,TP,6.09,4.36,1.3968,14,S93_FVG_SCALP_LONG
s93_fvg_scalp,SELL,2026-05-01 08:31:00+00:00,4569.275,4572.35,4564.66,2026-05-01 08:35:00+00:00,4572.35,SL,-3.525,3.075,-1.1463,8,S93_FVG_SCALP_SHORT
s93_fvg_scalp,BUY,2026-05-01 14:24:00+00:00,4649.31,4638.3,4665.83,2026-05-01 14:36:00+00:00,4638.3,SL,-11.46,11.01,-1.0409,14,S93_FVG_SCALP_LONG
s93_fvg_scalp,BUY,2026-05-04 14:29:00+00:00,4572.325,4561.8,4588.11,2026-05-04 14:59:00+00:00,4561.8,SL,-10.975,10.525,-1.0428,14,S93_FVG_SCALP_LONG
s93_fvg_scalp,BUY,2026-05-05 09:00:00+00:00,4555.505,4551.35,4561.74,2026-05-05 09:30:00+00:00,4551.35,SL,-4.605,4.155,-1.1083,9,S93_FVG_SCALP_LONG
s93_fvg_scalp,SELL,2026-05-05 12:58:00+00:00,4564.69,4568.09,4559.59,2026-05-05 13:02:00+00:00,4568.09,SL,-3.85,3.4,-1.1324,12,S93_FVG_SCALP_SHORT
s93_fvg_scalp,BUY,2026-05-05 13:36:00+00:00,4574.01,4564.67,4588.02,2026-05-05 15:36:00+00:00,4577.22,TIME,2.76,9.34,0.2955,13,S93_FVG_SCALP_LONG
s93_fvg_scalp,SELL,2026-05-06 07:20:00+00:00,4660.92,4667.03,4651.76,2026-05-06 07:27:00+00:00,4667.03,SL,-6.56,6.11,-1.0736,7,S93_FVG_SCALP_SHORT
s93_fvg_scalp,BUY,2026-05-06 07:32:00+00:00,4663.45,4659.84,4668.86,2026-05-06 07:43:00+00:00,4668.86,TP,4.96,3.61,1.374,7,S93_FVG_SCALP_LONG
s93_fvg_scalp,BUY,2026-05-06 08:35:00+00:00,4673.875,4669.62,4680.26,2026-05-06 08:48:00+00:00,4680.26,TP,5.935,4.255,1.3948,8,S93_FVG_SCALP_LONG
s93_fvg_scalp,BUY,2026-05-06 13:45:00+00:00,4693.235,4685.02,4705.56,2026-05-06 13:54:00+00:00,4705.56,TP,11.875,8.215,1.4455,13,S93_FVG_SCALP_LONG
s93_fvg_scalp,SELL,2026-05-07 08:25:00+00:00,4740.075,4743.7,4734.64,2026-05-07 08:38:00+00:00,4734.64,TP,4.985,3.625,1.3752,8,S93_FVG_SCALP_SHORT
s93_fvg_scalp,BUY,2026-05-07 13:00:00+00:00,4743.77,4738.15,4752.2,2026-05-07 13:04:00+00:00,4738.15,SL,-6.07,5.62,-1.0801,13,S93_FVG_SCALP_LONG
s93_fvg_scalp,BUY,2026-05-07 13:40:00+00:00,4750.965,4745.22,4759.58,2026-05-07 13:45:00+00:00,4745.22,SL,-6.195,5.745,-1.0783,13,S93_FVG_SCALP_LONG
s93_fvg_scalp,BUY,2026-05-08 13:40:00+00:00,4738.38,4726.2,4756.65,2026-05-08 14:09:00+00:00,4726.2,SL,-12.63,12.18,-1.0369,13,S93_FVG_SCALP_LONG
s93_fvg_scalp,SELL,2026-05-08 14:15:00+00:00,4732.27,4740.98,4719.21,2026-05-08 14:28:00+00:00,4719.21,TP,12.61,8.71,1.4478,14,S93_FVG_SCALP_SHORT
s93_fvg_scalp,SELL,2026-05-11 09:43:00+00:00,4661.675,4665.49,4655.95,2026-05-11 10:25:00+00:00,4665.49,SL,-4.265,3.815,-1.118,9,S93_FVG_SCALP_SHORT
s93_fvg_scalp,SELL,2026-05-11 12:15:00+00:00,4669.51,4671.43,4666.63,2026-05-11 12:18:00+00:00,4671.43,SL,-2.37,1.92,-1.2344,12,S93_FVG_SCALP_SHORT
s93_fvg_scalp,SELL,2026-05-11 14:13:00+00:00,4731.455,4738.04,4721.58,2026-05-11 14:31:00+00:00,4721.58,TP,9.425,6.585,1.4313,14,S93_FVG_SCALP_SHORT
s93_fvg_scalp,SELL,2026-05-12 13:21:00+00:00,4689.265,4694.49,4681.43,2026-05-12 13:22:00+00:00,4694.49,SL,-5.675,5.225,-1.0861,13,S93_FVG_SCALP_SHORT
s93_fvg_scalp,BUY,2026-05-12 13:46:00+00:00,4696.035,4691.46,4702.9,2026-05-12 13:48:00+00:00,4691.46,SL,-5.025,4.575,-1.0984,13,S93_FVG_SCALP_LONG
s93_fvg_scalp,SELL,2026-05-13 14:25:00+00:00,4684.195,4689.71,4675.92,2026-05-13 14:34:00+00:00,4689.71,SL,-5.965,5.515,-1.0816,14,S93_FVG_SCALP_SHORT
s93_fvg_scalp,BUY,2026-05-14 07:40:00+00:00,4710.15,4705.6,4716.97,2026-05-14 07:47:00+00:00,4705.6,SL,-5.0,4.55,-1.0989,7,S93_FVG_SCALP_LONG
s93_fvg_scalp,SELL,2026-05-14 13:25:00+00:00,4695.355,4702.28,4684.97,2026-05-14 13:30:00+00:00,4684.97,TP,9.935,6.925,1.4347,13,S93_FVG_SCALP_SHORT
s93_fvg_scalp,BUY,2026-05-14 14:25:00+00:00,4693.75,4688.46,4701.68,2026-05-14 14:26:00+00:00,4688.46,SL,-5.74,5.29,-1.0851,14,S93_FVG_SCALP_LONG
s93_fvg_scalp,SELL,2026-05-15 08:25:00+00:00,4561.39,4565.01,4555.96,2026-05-15 08:30:00+00:00,4555.96,TP,4.98,3.62,1.3757,8,S93_FVG_SCALP_SHORT
s93_fvg_scalp,SELL,2026-05-15 09:21:00+00:00,4549.41,4554.89,4541.19,2026-05-15 09:30:00+00:00,4554.89,SL,-5.93,5.48,-1.0821,9,S93_FVG_SCALP_SHORT
s93_fvg_scalp,SELL,2026-05-15 13:50:00+00:00,4531.37,4543.76,4512.78,2026-05-15 14:12:00+00:00,4543.76,SL,-12.84,12.39,-1.0363,13,S93_FVG_SCALP_SHORT
s93_fvg_scalp,BUY,2026-05-18 07:41:00+00:00,4550.515,4540.98,4564.82,2026-05-18 07:50:00+00:00,4540.98,SL,-9.985,9.535,-1.0472,7,S93_FVG_SCALP_LONG
s93_fvg_scalp,BUY,2026-05-18 12:51:00+00:00,4568.12,4561.64,4577.84,2026-05-18 13:33:00+00:00,4577.84,TP,9.27,6.48,1.4306,12,S93_FVG_SCALP_LONG
s93_fvg_scalp,SELL,2026-05-18 14:10:00+00:00,4567.555,4576.81,4553.67,2026-05-18 14:33:00+00:00,4553.67,TP,13.435,9.255,1.4516,14,S93_FVG_SCALP_SHORT
s93_fvg_scalp,SELL,2026-05-19 08:18:00+00:00,4548.08,4553.92,4539.32,2026-05-19 08:23:00+00:00,4539.32,TP,8.31,5.84,1.4229,8,S93_FVG_SCALP_SHORT
s93_fvg_scalp,SELL,2026-05-19 08:33:00+00:00,4541.125,4545.54,4534.5,2026-05-19 08:45:00+00:00,4545.54,SL,-4.865,4.415,-1.1019,8,S93_FVG_SCALP_SHORT
s93_fvg_scalp,SELL,2026-05-19 13:50:00+00:00,4487.125,4493.33,4477.82,2026-05-19 13:51:00+00:00,4493.33,SL,-6.655,6.205,-1.0725,13,S93_FVG_SCALP_SHORT
s93_fvg_scalp,BUY,2026-05-19 14:00:00+00:00,4497.995,4480.03,4524.94,2026-05-19 16:00:00+00:00,4509.655,TIME,11.21,17.965,0.624,14,S93_FVG_SCALP_LONG
s93_fvg_scalp,BUY,2026-05-20 12:50:00+00:00,4501.27,4498.97,4504.72,2026-05-20 12:54:00+00:00,4498.97,SL,-2.75,2.3,-1.1957,12,S93_FVG_SCALP_LONG
s93_fvg_scalp,BUY,2026-05-22 12:22:00+00:00,4526.295,4522.34,4532.23,2026-05-22 12:28:00+00:00,4522.34,SL,-4.405,3.955,-1.1138,12,S93_FVG_SCALP_LONG
s93_fvg_scalp,SELL,2026-05-22 14:32:00+00:00,4500.565,4506.09,4492.28,2026-05-22 14:45:00+00:00,4506.09,SL,-5.975,5.525,-1.0814,14,S93_FVG_SCALP_SHORT
s93_fvg_scalp,SELL,2026-05-25 07:26:00+00:00,4556.16,4561.45,4548.23,2026-05-25 07:33:00+00:00,4561.45,SL,-5.74,5.29,-1.0851,7,S93_FVG_SCALP_SHORT
s93_fvg_scalp,SELL,2026-05-25 08:30:00+00:00,4556.135,4560.22,4550.01,2026-05-25 09:31:00+00:00,4560.22,SL,-4.535,4.085,-1.1102,8,S93_FVG_SCALP_SHORT
s93_fvg_scalp,SELL,2026-05-26 07:43:00+00:00,4526.4,4529.84,4521.24,2026-05-26 07:46:00+00:00,4529.84,SL,-3.89,3.44,-1.1308,7,S93_FVG_SCALP_SHORT
s93_fvg_scalp,SELL,2026-05-26 08:37:00+00:00,4523.22,4527.3,4517.1,2026-05-26 08:46:00+00:00,4527.3,SL,-4.53,4.08,-1.1103,8,S93_FVG_SCALP_SHORT
s93_fvg_scalp,SELL,2026-05-26 09:49:00+00:00,4519.05,4522.7,4513.58,2026-05-26 09:59:00+00:00,4522.7,SL,-4.1,3.65,-1.1233,9,S93_FVG_SCALP_SHORT
s93_fvg_scalp,BUY,2026-05-26 13:11:00+00:00,4517.54,4510.8,4527.65,2026-05-26 13:30:00+00:00,4527.65,TP,9.66,6.74,1.4332,13,S93_FVG_SCALP_LONG
s93_fvg_scalp,SELL,2026-05-26 14:04:00+00:00,4517.955,4526.65,4504.91,2026-05-26 15:27:00+00:00,4504.91,TP,12.595,8.695,1.4485,14,S93_FVG_SCALP_SHORT
s93_fvg_scalp,SELL,2026-05-27 07:56:00+00:00,4480.705,4483.13,4477.07,2026-05-27 08:00:00+00:00,4483.13,SL,-2.875,2.425,-1.1856,7,S93_FVG_SCALP_SHORT
s93_fvg_scalp,BUY,2026-05-27 08:10:00+00:00,4485.03,4481.59,4490.19,2026-05-27 08:19:00+00:00,4490.19,TP,4.71,3.44,1.3692,8,S93_FVG_SCALP_LONG
s93_fvg_scalp,BUY,2026-05-27 09:02:00+00:00,4492.765,4488.76,4498.77,2026-05-27 09:30:00+00:00,4488.76,SL,-4.455,4.005,-1.1124,9,S93_FVG_SCALP_LONG
s93_fvg_scalp,SELL,2026-05-27 13:17:00+00:00,4420.445,4431.77,4403.46,2026-05-27 13:28:00+00:00,4403.46,TP,16.535,11.325,1.46,13,S93_FVG_SCALP_SHORT
s93_fvg_scalp,BUY,2026-05-28 09:30:00+00:00,4393.61,4391.31,4397.06,2026-05-28 09:40:00+00:00,4391.31,SL,-2.75,2.3,-1.1957,9,S93_FVG_SCALP_LONG
s93_fvg_scalp,BUY,2026-05-28 12:19:00+00:00,4387.92,4383.86,4394.01,2026-05-28 12:20:00+00:00,4383.86,SL,-4.51,4.06,-1.1108,12,S93_FVG_SCALP_LONG
s93_fvg_scalp,BUY,2026-05-28 13:08:00+00:00,4428.83,4420.06,4441.98,2026-05-28 13:33:00+00:00,4420.06,SL,-9.22,8.77,-1.0513,13,S93_FVG_SCALP_LONG
s93_fvg_scalp,BUY,2026-05-28 14:57:00+00:00,4466.215,4457.58,4479.17,2026-05-28 15:06:00+00:00,4479.17,TP,12.505,8.635,1.4482,14,S93_FVG_SCALP_LONG
s93_fvg_scalp,BUY,2026-05-29 08:02:00+00:00,4520.33,4513.27,4530.92,2026-05-29 08:19:00+00:00,4513.27,SL,-7.51,7.06,-1.0637,8,S93_FVG_SCALP_LONG
s93_fvg_scalp,BUY,2026-05-29 09:20:00+00:00,4526.97,4523.32,4532.45,2026-05-29 09:23:00+00:00,4523.32,SL,-4.1,3.65,-1.1233,9,S93_FVG_SCALP_LONG
s93_fvg_scalp,SELL,2026-05-29 12:10:00+00:00,4530.605,4534.89,4524.18,2026-05-29 12:20:00+00:00,4524.18,TP,5.975,4.285,1.3944,12,S93_FVG_SCALP_SHORT
s93_fvg_scalp,SELL,2026-05-29 12:52:00+00:00,4518.975,4521.7,4514.89,2026-05-29 12:59:00+00:00,4521.7,SL,-3.175,2.725,-1.1651,12,S93_FVG_SCALP_SHORT
s93_fvg_scalp,BUY,2026-05-29 14:13:00+00:00,4546.255,4539.41,4556.52,2026-05-29 14:19:00+00:00,4539.41,SL,-7.295,6.845,-1.0657,14,S93_FVG_SCALP_LONG
s93_fvg_scalp,SELL,2026-06-01 07:57:00+00:00,4500.425,4503.55,4495.74,2026-06-01 08:00:00+00:00,4503.55,SL,-3.575,3.125,-1.144,7,S93_FVG_SCALP_SHORT
s93_fvg_scalp,BUY,2026-06-01 12:52:00+00:00,4505.72,4502.66,4510.31,2026-06-01 12:56:00+00:00,4502.66,SL,-3.51,3.06,-1.1471,12,S93_FVG_SCALP_LONG
s93_fvg_scalp,SELL,2026-06-01 13:32:00+00:00,4469.375,4481.46,4451.25,2026-06-01 13:55:00+00:00,4451.25,TP,17.675,12.085,1.4626,13,S93_FVG_SCALP_SHORT
s93_fvg_scalp,SELL,2026-06-01 14:05:00+00:00,4455.57,4465.55,4440.6,2026-06-01 15:15:00+00:00,4465.55,SL,-10.43,9.98,-1.0451,14,S93_FVG_SCALP_SHORT
s93_fvg_scalp,SELL,2026-06-02 07:59:00+00:00,4535.425,4537.4,4532.46,2026-06-02 08:06:00+00:00,4537.4,SL,-2.425,1.975,-1.2278,7,S93_FVG_SCALP_SHORT
s93_fvg_scalp,BUY,2026-06-02 09:21:00+00:00,4532.82,4530.27,4536.64,2026-06-02 09:22:00+00:00,4530.27,SL,-3.0,2.55,-1.1765,9,S93_FVG_SCALP_LONG
s93_fvg_scalp,SELL,2026-06-02 13:01:00+00:00,4517.59,4520.99,4512.49,2026-06-02 13:05:00+00:00,4520.99,SL,-3.85,3.4,-1.1324,13,S93_FVG_SCALP_SHORT
s93_fvg_scalp,SELL,2026-06-02 14:32:00+00:00,4498.535,4504.05,4490.26,2026-06-02 14:37:00+00:00,4504.05,SL,-5.965,5.515,-1.0816,14,S93_FVG_SCALP_SHORT
s93_fvg_scalp,SELL,2026-06-03 09:01:00+00:00,4446.09,4455.33,4432.23,2026-06-03 09:07:00+00:00,4455.33,SL,-9.69,9.24,-1.0487,9,S93_FVG_SCALP_SHORT
s93_fvg_scalp,SELL,2026-06-03 09:37:00+00:00,4444.59,4448.29,4439.04,2026-06-03 09:40:00+00:00,4448.29,SL,-4.15,3.7,-1.1216,9,S93_FVG_SCALP_SHORT
s93_fvg_scalp,BUY,2026-06-03 12:55:00+00:00,4456.775,4453.03,4462.39,2026-06-03 12:58:00+00:00,4462.39,TP,5.165,3.745,1.3792,12,S93_FVG_SCALP_LONG
s93_fvg_scalp,SELL,2026-06-03 13:30:00+00:00,4450.775,4456.81,4441.72,2026-06-03 13:42:00+00:00,4441.72,TP,8.605,6.035,1.4258,13,S93_FVG_SCALP_SHORT
s93_fvg_scalp,SELL,2026-06-03 13:50:00+00:00,4438.545,4448.1,4424.21,2026-06-03 13:55:00+00:00,4448.1,SL,-10.005,9.555,-1.0471,13,S93_FVG_SCALP_SHORT
s93_fvg_scalp,BUY,2026-06-04 08:11:00+00:00,4464.54,4461.74,4468.74,2026-06-04 08:14:00+00:00,4461.74,SL,-3.25,2.8,-1.1607,8,S93_FVG_SCALP_LONG
s93_fvg_scalp,SELL,2026-06-04 14:16:00+00:00,4492.445,4496.07,4487.01,2026-06-04 14:20:00+00:00,4487.01,TP,4.985,3.625,1.3752,14,S93_FVG_SCALP_SHORT
s93_fvg_scalp,BUY,2026-06-05 09:28:00+00:00,4464.255,4462.34,4467.13,2026-06-05 09:29:00+00:00,4462.34,SL,-2.365,1.915,-1.235,9,S93_FVG_SCALP_LONG
s93_fvg_scalp,BUY,2026-06-08 13:50:00+00:00,4329.49,4324.7,4336.67,2026-06-08 13:53:00+00:00,4336.67,TP,6.73,4.79,1.405,13,S93_FVG_SCALP_LONG
s93_fvg_scalp,BUY,2026-06-09 08:34:00+00:00,4331.485,4326.06,4339.62,2026-06-09 08:50:00+00:00,4326.06,SL,-5.875,5.425,-1.0829,8,S93_FVG_SCALP_LONG
s93_fvg_scalp,SELL,2026-06-10 08:11:00+00:00,4171.48,4183.16,4153.96,2026-06-10 10:11:00+00:00,4158.915,TIME,12.115,11.68,1.0372,8,S93_FVG_SCALP_SHORT
s93_fvg_scalp,BUY,2026-06-11 07:36:00+00:00,4102.98,4097.35,4111.42,2026-06-11 08:01:00+00:00,4111.42,TP,7.99,5.63,1.4192,7,S93_FVG_SCALP_LONG
s93_fvg_scalp,SELL,2026-06-11 08:36:00+00:00,4097.935,4101.69,4092.3,2026-06-11 08:42:00+00:00,4092.3,TP,5.185,3.755,1.3808,8,S93_FVG_SCALP_SHORT
s93_fvg_scalp,BUY,2026-06-11 09:53:00+00:00,4091.335,4087.7,4096.79,2026-06-11 10:17:00+00:00,4087.7,SL,-4.085,3.635,-1.1238,9,S93_FVG_SCALP_LONG
s93_fvg_scalp,BUY,2026-06-11 13:38:00+00:00,4069.935,4065.09,4077.2,2026-06-11 13:43:00+00:00,4077.2,TP,6.815,4.845,1.4066,13,S93_FVG_SCALP_LONG
s93_fvg_scalp,SELL,2026-06-11 14:15:00+00:00,4063.61,4077.94,4042.12,2026-06-11 14:23:00+00:00,4077.94,SL,-14.78,14.33,-1.0314,14,S93_FVG_SCALP_SHORT
s93_fvg_scalp,BUY,2026-06-12 07:48:00+00:00,4178.79,4174.79,4184.79,2026-06-12 07:49:00+00:00,4174.79,SL,-4.45,4.0,-1.1125,7,S93_FVG_SCALP_LONG
s93_fvg_scalp,BUY,2026-06-12 08:26:00+00:00,4212.565,4203.22,4226.58,2026-06-12 09:16:00+00:00,4226.58,TP,13.565,9.345,1.4516,8,S93_FVG_SCALP_LONG
s93_fvg_scalp,SELL,2026-06-12 14:01:00+00:00,4194.15,4200.38,4184.8,2026-06-12 14:22:00+00:00,4184.8,TP,8.9,6.23,1.4286,14,S93_FVG_SCALP_SHORT
s93_fvg_scalp,BUY,2026-06-15 13:46:00+00:00,4359.495,4354.83,4366.49,2026-06-15 13:59:00+00:00,4354.83,SL,-5.115,4.665,-1.0965,13,S93_FVG_SCALP_LONG
s93_fvg_scalp,BUY,2026-06-16 07:16:00+00:00,4325.68,4323.76,4328.56,2026-06-16 07:27:00+00:00,4328.56,TP,2.43,1.92,1.2656,7,S93_FVG_SCALP_LONG
s93_fvg_scalp,SELL,2026-06-16 09:30:00+00:00,4342.975,4346.22,4338.11,2026-06-16 09:37:00+00:00,4346.22,SL,-3.695,3.245,-1.1387,9,S93_FVG_SCALP_SHORT
s93_fvg_scalp,BUY,2026-06-16 09:43:00+00:00,4344.005,4340.7,4348.96,2026-06-16 09:45:00+00:00,4340.7,SL,-3.755,3.305,-1.1362,9,S93_FVG_SCALP_LONG
s93_fvg_scalp,SELL,2026-06-16 13:32:00+00:00,4340.58,4343.24,4336.59,2026-06-16 13:33:00+00:00,4336.59,TP,3.54,2.66,1.3308,13,S93_FVG_SCALP_SHORT
s93_fvg_scalp,BUY,2026-06-16 14:45:00+00:00,4323.705,4320.19,4328.98,2026-06-16 15:52:00+00:00,4328.98,TP,4.825,3.515,1.3727,14,S93_FVG_SCALP_LONG
s93_fvg_scalp,SELL,2026-06-17 08:20:00+00:00,4323.715,4326.05,4320.21,2026-06-17 08:31:00+00:00,4320.21,TP,3.055,2.335,1.3084,8,S93_FVG_SCALP_SHORT
s93_fvg_scalp,BUY,2026-06-17 09:00:00+00:00,4323.26,4319.66,4328.66,2026-06-17 09:25:00+00:00,4328.66,TP,4.95,3.6,1.375,9,S93_FVG_SCALP_LONG
s93_fvg_scalp,SELL,2026-06-17 13:11:00+00:00,4330.835,4333.03,4327.54,2026-06-17 13:13:00+00:00,4333.03,SL,-2.645,2.195,-1.205,13,S93_FVG_SCALP_SHORT
s93_fvg_scalp,SELL,2026-06-17 14:46:00+00:00,4353.52,4359.4,4344.7,2026-06-17 14:47:00+00:00,4344.7,TP,8.37,5.88,1.4235,14,S93_FVG_SCALP_SHORT
s93_fvg_scalp,SELL,2026-06-18 09:15:00+00:00,4269.525,4275.32,4260.83,2026-06-18 10:52:00+00:00,4260.83,TP,8.245,5.795,1.4228,9,S93_FVG_SCALP_SHORT
s93_fvg_scalp,SELL,2026-06-18 14:19:00+00:00,4247.92,4252.48,4241.08,2026-06-18 14:23:00+00:00,4252.48,SL,-5.01,4.56,-1.0987,14,S93_FVG_SCALP_SHORT
s93_fvg_scalp,BUY,2026-06-19 08:37:00+00:00,4173.8,4169.99,4179.52,2026-06-19 08:38:00+00:00,4169.99,SL,-4.26,3.81,-1.1181,8,S93_FVG_SCALP_LONG
s93_fvg_scalp,SELL,2026-06-19 13:26:00+00:00,4166.625,4171.67,4159.06,2026-06-19 13:44:00+00:00,4159.06,TP,7.115,5.045,1.4103,13,S93_FVG_SCALP_SHORT
s93_fvg_scalp,SELL,2026-06-22 13:36:00+00:00,4191.665,4194.77,4187.01,2026-06-22 13:46:00+00:00,4194.77,SL,-3.555,3.105,-1.1449,13,S93_FVG_SCALP_SHORT
s93_fvg_scalp,BUY,2026-06-22 13:58:00+00:00,4199.385,4193.26,4208.57,2026-06-22 14:08:00+00:00,4208.57,TP,8.735,6.125,1.4261,13,S93_FVG_SCALP_LONG
s93_fvg_scalp,SELL,2026-06-22 14:43:00+00:00,4196.81,4202.12,4188.85,2026-06-22 14:46:00+00:00,4202.12,SL,-5.76,5.31,-1.0847,14,S93_FVG_SCALP_SHORT
s93_fvg_scalp,SELL,2026-06-23 08:33:00+00:00,4101.245,4105.52,4094.83,2026-06-23 08:40:00+00:00,4105.52,SL,-4.725,4.275,-1.1053,8,S93_FVG_SCALP_SHORT
s93_fvg_scalp,BUY,2026-06-24 08:38:00+00:00,4080.105,4076.81,4085.05,2026-06-24 08:54:00+00:00,4076.81,SL,-3.745,3.295,-1.1366,8,S93_FVG_SCALP_LONG
s93_fvg_scalp,SELL,2026-06-24 13:33:00+00:00,3995.74,4002.32,3985.87,2026-06-24 13:34:00+00:00,3985.87,TP,9.42,6.58,1.4316,13,S93_FVG_SCALP_SHORT
s93_fvg_scalp,BUY,2026-06-25 08:10:00+00:00,3987.18,3976.74,4002.84,2026-06-25 10:10:00+00:00,3984.9,TIME,-2.73,10.44,-0.2615,8,S93_FVG_SCALP_LONG
s93_fvg_scalp,BUY,2026-06-25 12:58:00+00:00,4011.175,4005.09,4020.3,2026-06-25 13:00:00+00:00,4020.3,TP,8.675,6.085,1.4256,12,S93_FVG_SCALP_LONG
s93_fvg_scalp,BUY,2026-06-25 13:18:00+00:00,4024.105,4014.55,4038.44,2026-06-25 13:33:00+00:00,4014.55,SL,-10.005,9.555,-1.0471,13,S93_FVG_SCALP_LONG
s93_fvg_scalp,BUY,2026-06-26 07:35:00+00:00,4037.075,4030.51,4046.92,2026-06-26 07:46:00+00:00,4030.51,SL,-7.015,6.565,-1.0685,7,S93_FVG_SCALP_LONG
s93_fvg_scalp,SELL,2026-06-26 07:56:00+00:00,4031.9,4035.21,4026.94,2026-06-26 08:02:00+00:00,4026.94,TP,4.51,3.31,1.3625,7,S93_FVG_SCALP_SHORT
s93_fvg_scalp,BUY,2026-06-26 09:15:00+00:00,4037.595,4034.15,4042.76,2026-06-26 09:19:00+00:00,4042.76,TP,4.715,3.445,1.3687,9,S93_FVG_SCALP_LONG
s93_fvg_scalp,BUY,2026-06-26 12:18:00+00:00,4047.665,4045.56,4050.82,2026-06-26 12:19:00+00:00,4045.56,SL,-2.555,2.105,-1.2138,12,S93_FVG_SCALP_LONG
s93_fvg_scalp,SELL,2026-06-29 09:06:00+00:00,4052.265,4055.12,4047.98,2026-06-29 09:08:00+00:00,4055.12,SL,-3.305,2.855,-1.1576,9,S93_FVG_SCALP_SHORT
s93_fvg_scalp,SELL,2026-06-29 13:34:00+00:00,4043.76,4047.16,4038.66,2026-06-29 13:37:00+00:00,4038.66,TP,4.65,3.4,1.3676,13,S93_FVG_SCALP_SHORT
s93_fvg_scalp,SELL,2026-06-29 14:19:00+00:00,4018.085,4024.36,4008.67,2026-06-29 14:25:00+00:00,4024.36,SL,-6.725,6.275,-1.0717,14,S93_FVG_SCALP_SHORT
s93_fvg_scalp,BUY,2026-06-29 14:38:00+00:00,4023.76,4018.93,4031.01,2026-06-29 14:47:00+00:00,4018.93,SL,-5.28,4.83,-1.0932,14,S93_FVG_SCALP_LONG
s93_fvg_scalp,SELL,2026-06-30 08:45:00+00:00,4019.385,4024.19,4012.18,2026-06-30 10:00:00+00:00,4024.19,SL,-5.255,4.805,-1.0937,8,S93_FVG_SCALP_SHORT
s93_fvg_scalp,BUY,2026-06-30 13:15:00+00:00,4022.285,4017.37,4029.66,2026-06-30 13:19:00+00:00,4029.66,TP,6.925,4.915,1.409,13,S93_FVG_SCALP_LONG
s93_fvg_scalp,SELL,2026-07-01 07:18:00+00:00,3966.65,3971.78,3958.95,2026-07-01 07:20:00+00:00,3971.78,SL,-5.58,5.13,-1.0877,7,S93_FVG_SCALP_SHORT
s93_fvg_scalp,SELL,2026-07-01 07:35:00+00:00,3965.275,3968.52,3960.41,2026-07-01 07:36:00+00:00,3968.52,SL,-3.695,3.245,-1.1387,7,S93_FVG_SCALP_SHORT
s93_fvg_scalp,SELL,2026-07-01 12:15:00+00:00,4024.905,4031.5,4015.01,2026-07-01 12:32:00+00:00,4031.5,SL,-7.045,6.595,-1.0682,12,S93_FVG_SCALP_SHORT
s93_fvg_scalp,BUY,2026-07-01 14:02:00+00:00,4085.11,4069.46,4108.59,2026-07-01 14:34:00+00:00,4108.59,TP,23.03,15.65,1.4716,14,S93_FVG_SCALP_LONG
s93_fvg_scalp,BUY,2026-07-02 07:46:00+00:00,4070.41,4063.65,4080.55,2026-07-02 08:00:00+00:00,4063.65,SL,-7.21,6.76,-1.0666,7,S93_FVG_SCALP_LONG
s93_fvg_scalp,SELL,2026-07-02 12:05:00+00:00,4066.89,4070.59,4061.34,2026-07-02 12:06:00+00:00,4070.59,SL,-4.15,3.7,-1.1216,12,S93_FVG_SCALP_SHORT
s93_fvg_scalp,BUY,2026-07-02 14:10:00+00:00,4126.945,4114.19,4146.08,2026-07-02 14:29:00+00:00,4114.19,SL,-13.205,12.755,-1.0353,14,S93_FVG_SCALP_LONG
s93_fvg_scalp,SELL,2026-07-03 13:16:00+00:00,4169.205,4173.27,4163.11,2026-07-03 14:06:00+00:00,4163.11,TP,5.645,4.065,1.3887,13,S93_FVG_SCALP_SHORT
s93_fvg_scalp,SELL,2026-07-06 12:46:00+00:00,4140.225,4143.54,4135.25,2026-07-06 12:49:00+00:00,4135.25,TP,4.525,3.315,1.365,12,S93_FVG_SCALP_SHORT
s93_fvg_scalp,BUY,2026-07-07 12:20:00+00:00,4165.88,4158.77,4176.55,2026-07-07 13:00:00+00:00,4176.55,TP,10.22,7.11,1.4374,12,S93_FVG_SCALP_LONG
s93_fvg_scalp,SELL,2026-07-08 08:46:00+00:00,4068.12,4080.39,4049.72,2026-07-08 09:43:00+00:00,4049.72,TP,17.95,12.27,1.4629,8,S93_FVG_SCALP_SHORT
s93_fvg_scalp,SELL,2026-07-09 09:18:00+00:00,4111.02,4113.95,4106.63,2026-07-09 09:32:00+00:00,4106.63,TP,3.94,2.93,1.3447,9,S93_FVG_SCALP_SHORT
s93_fvg_scalp,BUY,2026-07-09 12:15:00+00:00,4112.365,4109.21,4117.1,2026-07-09 12:19:00+00:00,4109.21,SL,-3.605,3.155,-1.1426,12,S93_FVG_SCALP_LONG
s93_fvg_scalp,BUY,2026-07-09 13:20:00+00:00,4119.495,4116.44,4124.08,2026-07-09 13:23:00+00:00,4124.08,TP,4.135,3.055,1.3535,13,S93_FVG_SCALP_LONG
s93_fvg_scalp,SELL,2026-07-10 07:50:00+00:00,4107.465,4111.2,4101.86,2026-07-10 08:35:00+00:00,4101.86,TP,5.155,3.735,1.3802,7,S93_FVG_SCALP_SHORT
s93_fvg_scalp,SELL,2026-07-10 09:00:00+00:00,4098.775,4100.63,4095.99,2026-07-10 09:01:00+00:00,4095.99,TP,2.335,1.855,1.2588,9,S93_FVG_SCALP_SHORT
s93_fvg_scalp,SELL,2026-07-10 12:09:00+00:00,4103.925,4106.14,4100.6,2026-07-10 12:13:00+00:00,4106.14,SL,-2.665,2.215,-1.2032,12,S93_FVG_SCALP_SHORT
s93_fvg_scalp,SELL,2026-07-10 14:40:00+00:00,4097.51,4102.54,4089.97,2026-07-10 14:46:00+00:00,4102.54,SL,-5.48,5.03,-1.0895,14,S93_FVG_SCALP_SHORT
s93_fvg_scalp,BUY,2026-07-13 08:30:00+00:00,4073.595,4070.68,4077.97,2026-07-13 08:53:00+00:00,4077.97,TP,3.925,2.915,1.3465,8,S93_FVG_SCALP_LONG
s93_fvg_scalp,SELL,2026-07-13 14:25:00+00:00,4022.35,4035.93,4001.98,2026-07-13 14:40:00+00:00,4001.98,TP,19.92,13.58,1.4669,14,S93_FVG_SCALP_SHORT
s93_fvg_scalp,BUY,2026-07-14 09:55:00+00:00,4020.54,4017.41,4025.24,2026-07-14 10:13:00+00:00,4017.41,SL,-3.58,3.13,-1.1438,9,S93_FVG_SCALP_LONG
s93_fvg_scalp,SELL,2026-07-14 13:00:00+00:00,4077.215,4085.03,4065.49,2026-07-14 13:23:00+00:00,4085.03,SL,-8.265,7.815,-1.0576,13,S93_FVG_SCALP_SHORT
s93_fvg_scalp,SELL,2026-07-15 07:32:00+00:00,4026.445,4028.9,4022.76,2026-07-15 07:35:00+00:00,4022.76,TP,3.235,2.455,1.3177,7,S93_FVG_SCALP_SHORT
s93_fvg_scalp,BUY,2026-07-15 13:26:00+00:00,4057.35,4053.58,4063.01,2026-07-15 13:42:00+00:00,4063.01,TP,5.21,3.77,1.382,13,S93_FVG_SCALP_LONG
s93_fvg_scalp,SELL,2026-07-16 07:20:00+00:00,4026.495,4028.82,4023.01,2026-07-16 07:46:00+00:00,4028.82,SL,-2.775,2.325,-1.1935,7,S93_FVG_SCALP_SHORT
s93_fvg_scalp,SELL,2026-07-16 09:30:00+00:00,4033.975,4036.5,4030.19,2026-07-16 10:03:00+00:00,4030.19,TP,3.335,2.525,1.3208,9,S93_FVG_SCALP_SHORT
s93_fvg_scalp,SELL,2026-07-16 13:10:00+00:00,3986.455,3992.76,3977.0,2026-07-16 13:13:00+00:00,3992.76,SL,-6.755,6.305,-1.0714,13,S93_FVG_SCALP_SHORT
s93_fvg_scalp,BUY,2026-07-16 13:21:00+00:00,3991.49,3984.3,4002.27,2026-07-16 13:27:00+00:00,4002.27,TP,10.33,7.19,1.4367,13,S93_FVG_SCALP_LONG
s93_fvg_scalp,SELL,2026-07-16 13:45:00+00:00,3989.71,3995.42,3981.14,2026-07-16 13:50:00+00:00,3995.42,SL,-6.16,5.71,-1.0788,13,S93_FVG_SCALP_SHORT
s93_fvg_scalp,SELL,2026-07-17 08:25:00+00:00,3994.765,3997.25,3991.04,2026-07-17 08:28:00+00:00,3991.04,TP,3.275,2.485,1.3179,8,S93_FVG_SCALP_SHORT
s93_fvg_scalp,SELL,2026-07-17 13:04:00+00:00,3973.28,3978.71,3965.14,2026-07-17 13:30:00+00:00,3965.14,TP,7.69,5.43,1.4162,13,S93_FVG_SCALP_SHORT
s93_fvg_scalp,BUY,2026-07-17 13:45:00+00:00,3982.435,3970.38,4000.52,2026-07-17 14:07:00+00:00,4000.52,TP,17.635,12.055,1.4629,13,S93_FVG_SCALP_LONG
s93_fvg_scalp,BUY,2026-07-20 07:51:00+00:00,4016.24,4012.91,4021.23,2026-07-20 08:00:00+00:00,4021.23,TP,4.54,3.33,1.3634,7,S93_FVG_SCALP_LONG
s93_fvg_scalp,BUY,2026-07-21 07:41:00+00:00,4072.605,4070.57,4075.66,2026-07-21 07:47:00+00:00,4070.57,SL,-2.485,2.035,-1.2211,7,S93_FVG_SCALP_LONG
s93_fvg_scalp,SELL,2026-07-21 08:32:00+00:00,4064.74,4066.77,4061.69,2026-07-21 08:36:00+00:00,4061.69,TP,2.6,2.03,1.2808,8,S93_FVG_SCALP_SHORT
s93_fvg_scalp,SELL,2026-07-22 07:54:00+00:00,4113.665,4115.77,4110.51,2026-07-22 07:58:00+00:00,4110.51,TP,2.705,2.105,1.285,7,S93_FVG_SCALP_SHORT
s93_fvg_scalp,BUY,2026-07-22 09:30:00+00:00,4117.58,4115.62,4120.52,2026-07-22 09:39:00+00:00,4115.62,SL,-2.41,1.96,-1.2296,9,S93_FVG_SCALP_LONG
s93_fvg_scalp,SELL,2026-07-22 13:01:00+00:00,4119.855,4126.43,4109.99,2026-07-22 13:15:00+00:00,4126.43,SL,-7.025,6.575,-1.0684,13,S93_FVG_SCALP_SHORT
s93_fvg_scalp,SELL,2026-07-22 14:40:00+00:00,4152.885,4156.85,4146.94,2026-07-22 14:49:00+00:00,4146.94,TP,5.495,3.965,1.3859,14,S93_FVG_SCALP_SHORT
s93_fvg_scalp,BUY,2026-07-23 09:14:00+00:00,4096.755,4094.12,4100.71,2026-07-23 09:21:00+00:00,4094.12,SL,-3.085,2.635,-1.1708,9,S93_FVG_SCALP_LONG
s93_fvg_scalp,SELL,2026-07-23 13:19:00+00:00,4047.52,4056.09,4034.66,2026-07-23 13:28:00+00:00,4056.09,SL,-9.02,8.57,-1.0525,13,S93_FVG_SCALP_SHORT
s93_fvg_scalp,BUY,2026-07-24 08:35:00+00:00,4050.115,4047.67,4053.78,2026-07-24 08:40:00+00:00,4053.78,TP,3.215,2.445,1.3149,8,S93_FVG_SCALP_LONG
s93_fvg_scalp,BUY,2026-07-24 09:04:00+00:00,4056.12,4054.37,4058.74,2026-07-24 09:12:00+00:00,4054.37,SL,-2.2,1.75,-1.2571,9,S93_FVG_SCALP_LONG
s93_fvg_scalp,SELL,2026-07-24 13:31:00+00:00,4049.87,4052.48,4045.95,2026-07-24 13:37:00+00:00,4052.48,SL,-3.06,2.61,-1.1724,13,S93_FVG_SCALP_SHORT
s93_fvg_scalp,BUY,2026-07-24 14:36:00+00:00,4064.62,4059.28,4072.63,2026-07-24 14:45:00+00:00,4059.28,SL,-5.79,5.34,-1.0843,14,S93_FVG_SCALP_LONG
s93_fvg_scalp,SELL,2026-07-27 08:54:00+00:00,4094.995,4097.63,4091.04,2026-07-27 09:06:00+00:00,4097.63,SL,-3.085,2.635,-1.1708,8,S93_FVG_SCALP_SHORT
s93_fvg_scalp,BUY,2026-07-27 09:59:00+00:00,4096.245,4094.32,4099.13,2026-07-27 10:01:00+00:00,4094.32,SL,-2.375,1.925,-1.2338,9,S93_FVG_SCALP_LONG
s93_fvg_scalp,SELL,2026-07-27 14:35:00+00:00,4070.03,4073.78,4064.41,2026-07-27 14:52:00+00:00,4073.78,SL,-4.2,3.75,-1.12,14,S93_FVG_SCALP_SHORT
s93_fvg_scalp,SELL,2026-07-28 09:47:00+00:00,4034.345,4036.79,4030.68,2026-07-28 09:48:00+00:00,4030.68,TP,3.215,2.445,1.3149,9,S93_FVG_SCALP_SHORT
s93_fvg_scalp,SELL,2026-07-28 13:45:00+00:00,4025.615,4028.31,4021.57,2026-07-28 13:52:00+00:00,4028.31,SL,-3.145,2.695,-1.167,13,S93_FVG_SCALP_SHORT
s93_fvg_scalp,BUY,2026-07-28 14:57:00+00:00,4026.03,4022.94,4030.67,2026-07-28 15:05:00+00:00,4022.94,SL,-3.54,3.09,-1.1456,14,S93_FVG_SCALP_LONG
s93_fvg_scalp,SELL,2026-07-29 13:21:00+00:00,4019.2,4022.22,4014.67,2026-07-29 13:23:00+00:00,4022.22,SL,-3.47,3.02,-1.149,13,S93_FVG_SCALP_SHORT
s93_fvg_scalp,SELL,2026-07-29 14:22:00+00:00,4009.245,4012.25,4004.74,2026-07-29 14:27:00+00:00,4004.74,TP,4.055,3.005,1.3494,14,S93_FVG_SCALP_SHORT
s93_fvg_scalp,BUY,2026-07-30 14:05:00+00:00,4106.465,4100.95,4114.74,2026-07-30 14:07:00+00:00,4100.95,SL,-5.965,5.515,-1.0816,14,S93_FVG_SCALP_LONG
s93_fvg_scalp,BUY,2026-07-30 14:50:00+00:00,4100.08,4094.07,4109.09,2026-07-30 15:07:00+00:00,4094.07,SL,-6.46,6.01,-1.0749,14,S93_FVG_SCALP_LONG
s93_fvg_scalp,BUY,2026-07-31 09:55:00+00:00,4055.915,4052.6,4060.89,2026-07-31 10:17:00+00:00,4052.6,SL,-3.765,3.315,-1.1357,9,S93_FVG_SCALP_LONG
s93_fvg_scalp,SELL,2026-07-31 13:56:00+00:00,4030.44,4036.45,4021.43,2026-07-31 14:08:00+00:00,4021.43,TP,8.56,6.01,1.4243,13,S93_FVG_SCALP_SHORT
s93_fvg_scalp,SELL,2026-08-03 07:25:00+00:00,4056.375,4062.42,4047.31,2026-08-03 07:53:00+00:00,4062.42,SL,-6.495,6.045,-1.0744,7,S93_FVG_SCALP_SHORT
s93_fvg_scalp,BUY,2026-08-04 08:10:00+00:00,4068.76,4065.01,4074.39,2026-08-04 08:22:00+00:00,4065.01,SL,-4.2,3.75,-1.12,8,S93_FVG_SCALP_LONG
s93_fvg_scalp,BUY,2026-08-04 12:49:00+00:00,4075.79,4068.92,4086.09,2026-08-04 13:00:00+00:00,4068.92,SL,-7.32,6.87,-1.0655,12,S93_FVG_SCALP_LONG
s93_fvg_scalp,SELL,2026-08-04 13:10:00+00:00,4066.02,4070.77,4058.89,2026-08-04 13:20:00+00:00,4070.77,SL,-5.2,4.75,-1.0947,13,S93_FVG_SCALP_SHORT
s93_fvg_scalp,SELL,2026-08-04 14:27:00+00:00,4085.045,4090.02,4077.58,2026-08-04 14:34:00+00:00,4077.58,TP,7.015,4.975,1.4101,14,S93_FVG_SCALP_SHORT
s93_fvg_scalp,SELL,2026-08-05 08:00:00+00:00,4172.615,4176.55,4166.71,2026-08-05 08:14:00+00:00,4166.71,TP,5.455,3.935,1.3863,8,S93_FVG_SCALP_SHORT
s93_fvg_scalp,SELL,2026-08-05 13:00:00+00:00,4188.735,4192.36,4183.3,2026-08-05 13:03:00+00:00,4192.36,SL,-4.075,3.625,-1.1241,13,S93_FVG_SCALP_SHORT
s93_fvg_scalp,BUY,2026-08-05 13:37:00+00:00,4193.485,4189.38,4199.64,2026-08-05 13:39:00+00:00,4199.64,TP,5.705,4.105,1.3898,13,S93_FVG_SCALP_LONG
s93_fvg_scalp,BUY,2026-08-05 14:51:00+00:00,4241.295,4232.18,4254.97,2026-08-05 15:02:00+00:00,4254.97,TP,13.225,9.115,1.4509,14,S93_FVG_SCALP_LONG
s93_fvg_scalp,SELL,2026-08-06 07:54:00+00:00,4258.37,4260.79,4254.74,2026-08-06 07:55:00+00:00,4260.79,SL,-2.87,2.42,-1.186,7,S93_FVG_SCALP_SHORT
s93_fvg_scalp,BUY,2026-08-06 08:20:00+00:00,4267.725,4264.12,4273.13,2026-08-06 08:24:00+00:00,4264.12,SL,-4.055,3.605,-1.1248,8,S93_FVG_SCALP_LONG
s93_fvg_scalp,BUY,2026-08-06 08:41:00+00:00,4270.945,4268.51,4274.6,2026-08-06 08:45:00+00:00,4274.6,TP,3.205,2.435,1.3162,8,S93_FVG_SCALP_LONG
s93_fvg_scalp,BUY,2026-08-06 12:06:00+00:00,4260.775,4257.89,4265.1,2026-08-06 12:09:00+00:00,4257.89,SL,-3.335,2.885,-1.156,12,S93_FVG_SCALP_LONG
s93_fvg_scalp,SELL,2026-08-06 13:16:00+00:00,4239.765,4251.44,4222.25,2026-08-06 13:31:00+00:00,4251.44,SL,-12.125,11.675,-1.0385,13,S93_FVG_SCALP_SHORT
s93_fvg_scalp,BUY,2026-08-07 09:57:00+00:00,4315.19,4308.24,4325.61,2026-08-07 10:14:00+00:00,4308.24,SL,-7.4,6.95,-1.0647,9,S93_FVG_SCALP_LONG
s93_fvg_scalp,SELL,2026-08-07 14:10:00+00:00,4338.45,4344.38,4329.55,2026-08-07 14:12:00+00:00,4329.55,TP,8.45,5.93,1.425,14,S93_FVG_SCALP_SHORT
s93_fvg_scalp,BUY,2026-08-10 14:36:00+00:00,4345.325,4338.79,4355.13,2026-08-10 15:51:00+00:00,4355.13,TP,9.355,6.535,1.4315,14,S93_FVG_SCALP_LONG
s93_fvg_scalp,BUY,2026-08-11 08:16:00+00:00,4362.555,4359.02,4367.86,2026-08-11 08:26:00+00:00,4367.86,TP,4.855,3.535,1.3734,8,S93_FVG_SCALP_LONG
s93_fvg_scalp,BUY,2026-08-11 08:47:00+00:00,4374.25,4371.73,4378.03,2026-08-11 08:54:00+00:00,4371.73,SL,-2.97,2.52,-1.1786,8,S93_FVG_SCALP_LONG
s93_fvg_scalp,BUY,2026-08-11 12:23:00+00:00,4391.735,4387.04,4398.78,2026-08-11 12:45:00+00:00,4398.78,TP,6.595,4.695,1.4047,12,S93_FVG_SCALP_LONG
s93_fvg_scalp,BUY,2026-08-11 12:52:00+00:00,4395.47,4391.15,4401.95,2026-08-11 13:16:00+00:00,4391.15,SL,-4.77,4.32,-1.1042,12,S93_FVG_SCALP_LONG
