strategy,side,entry_time,entry_px,sl,tp,exit_time,exit_px,outcome,pts,risk,r,hour,reason
s94_sweep_reversal,SELL,2025-01-10 14:10:00+00:00,2683.13,2686.8,2674.28,2025-01-10 14:18:00+00:00,2686.8,SL,-4.12,3.67,-1.1226,14,S94_SWEEP_REVERSAL_SHORT
s94_sweep_reversal,BUY,2025-01-10 13:40:00+00:00,2671.65,2663.32,2690.55,2025-01-10 14:29:00+00:00,2690.55,TP,18.45,8.33,2.2149,13,S94_SWEEP_REVERSAL_LONG
s94_sweep_reversal,SELL,2025-01-14 15:20:00+00:00,2671.69,2674.78,2659.6,2025-01-14 19:35:00+00:00,2674.78,SL,-3.54,3.09,-1.1456,15,S94_SWEEP_REVERSAL_SHORT
s94_sweep_reversal,SELL,2025-01-15 13:46:00+00:00,2689.02,2693.91,2674.51,2025-01-15 13:58:00+00:00,2693.91,SL,-5.34,4.89,-1.092,13,S94_SWEEP_REVERSAL_SHORT
s94_sweep_reversal,BUY,2025-01-15 14:46:00+00:00,2680.075,2677.74,2689.49,2025-01-15 15:04:00+00:00,2677.74,SL,-2.785,2.335,-1.1927,14,S94_SWEEP_REVERSAL_LONG
s94_sweep_reversal,SELL,2025-01-16 13:40:00+00:00,2711.22,2715.01,2704.39,2025-01-16 13:44:00+00:00,2715.01,SL,-4.24,3.79,-1.1187,13,S94_SWEEP_REVERSAL_SHORT
s94_sweep_reversal,SELL,2025-01-17 15:23:00+00:00,2713.06,2715.17,2707.96,2025-01-17 15:56:00+00:00,2715.17,SL,-2.56,2.11,-1.2133,15,S94_SWEEP_REVERSAL_SHORT
s94_sweep_reversal,BUY,2025-01-20 16:35:00+00:00,2705.3,2703.11,2711.89,2025-01-21 00:54:00+00:00,2703.11,SL,-2.64,2.19,-1.2055,16,S94_SWEEP_REVERSAL_LONG
s94_sweep_reversal,BUY,2025-01-20 13:41:00+00:00,2704.84,2701.46,2719.47,2025-01-21 02:03:00+00:00,2719.47,TP,14.18,3.38,4.1953,13,S94_SWEEP_REVERSAL_LONG
s94_sweep_reversal,SELL,2025-01-22 03:55:00+00:00,2749.755,2751.43,2746.55,2025-01-22 04:17:00+00:00,2751.43,SL,-2.125,1.675,-1.2687,3,S94_SWEEP_REVERSAL_SHORT
s94_sweep_reversal,BUY,2025-01-23 13:34:00+00:00,2740.05,2737.11,2748.91,2025-01-23 13:38:00+00:00,2737.11,SL,-3.39,2.94,-1.1531,13,S94_SWEEP_REVERSAL_LONG
s94_sweep_reversal,SELL,2025-01-23 16:55:00+00:00,2754.545,2757.87,2747.08,2025-01-23 17:41:00+00:00,2757.87,SL,-3.775,3.325,-1.1353,16,S94_SWEEP_REVERSAL_SHORT
s94_sweep_reversal,SELL,2025-01-24 11:40:00+00:00,2777.89,2780.34,2773.77,2025-01-24 13:07:00+00:00,2780.34,SL,-2.9,2.45,-1.1837,11,S94_SWEEP_REVERSAL_SHORT
s94_sweep_reversal,BUY,2025-01-27 15:01:00+00:00,2747.42,2744.73,2757.17,2025-01-27 15:04:00+00:00,2744.73,SL,-3.14,2.69,-1.1673,15,S94_SWEEP_REVERSAL_LONG
s94_sweep_reversal,BUY,2025-02-02 23:30:00+00:00,2791.07,2788.53,2811.43,2025-02-02 23:32:00+00:00,2788.53,SL,-2.99,2.54,-1.1772,23,S94_SWEEP_REVERSAL_LONG
s94_sweep_reversal,BUY,2025-02-03 01:03:00+00:00,2788.485,2784.37,2799.6,2025-02-03 01:11:00+00:00,2784.37,SL,-4.565,4.115,-1.1094,1,S94_SWEEP_REVERSAL_LONG
s94_sweep_reversal,BUY,2025-02-03 01:15:00+00:00,2784.74,2782.42,2796.88,2025-02-03 01:17:00+00:00,2782.42,SL,-2.77,2.32,-1.194,1,S94_SWEEP_REVERSAL_LONG
s94_sweep_reversal,BUY,2025-02-03 03:45:00+00:00,2773.815,2772.06,2778.89,2025-02-03 04:05:00+00:00,2778.89,TP,4.625,1.755,2.6353,3,S94_SWEEP_REVERSAL_LONG
s94_sweep_reversal,SELL,2025-02-05 14:55:00+00:00,2871.02,2872.88,2855.9,2025-02-05 15:00:00+00:00,2872.88,SL,-2.31,1.86,-1.2419,14,S94_SWEEP_REVERSAL_SHORT
s94_sweep_reversal,SELL,2025-02-06 12:11:00+00:00,2867.51,2870.68,2861.26,2025-02-06 13:10:00+00:00,2861.26,TP,5.8,3.17,1.8297,12,S94_SWEEP_REVERSAL_SHORT
s94_sweep_reversal,BUY,2025-02-06 14:55:00+00:00,2848.97,2846.51,2866.74,2025-02-06 14:56:00+00:00,2846.51,SL,-2.91,2.46,-1.1829,14,S94_SWEEP_REVERSAL_LONG
s94_sweep_reversal,BUY,2025-02-07 13:51:00+00:00,2860.35,2851.82,2889.16,2025-02-09 23:05:00+00:00,2861.135,TIME,0.335,8.53,0.0393,13,S94_SWEEP_REVERSAL_LONG
s94_sweep_reversal,BUY,2025-02-10 14:10:00+00:00,2898.225,2896.2,2907.18,2025-02-10 14:45:00+00:00,2907.18,TP,8.505,2.025,4.2,14,S94_SWEEP_REVERSAL_LONG
s94_sweep_reversal,SELL,2025-02-10 14:45:00+00:00,2906.98,2911.37,2896.5,2025-02-10 15:40:00+00:00,2911.37,SL,-4.84,4.39,-1.1025,14,S94_SWEEP_REVERSAL_SHORT
s94_sweep_reversal,BUY,2025-02-11 07:25:00+00:00,2915.1,2912.42,2923.15,2025-02-11 07:29:00+00:00,2912.42,SL,-3.13,2.68,-1.1679,7,S94_SWEEP_REVERSAL_LONG
s94_sweep_reversal,BUY,2025-02-11 09:37:00+00:00,2907.305,2904.68,2916.22,2025-02-11 09:40:00+00:00,2904.68,SL,-3.075,2.625,-1.1714,9,S94_SWEEP_REVERSAL_LONG
s94_sweep_reversal,SELL,2025-02-11 15:50:00+00:00,2904.39,2905.92,2897.06,2025-02-11 15:52:00+00:00,2905.92,SL,-1.98,1.53,-1.2941,15,S94_SWEEP_REVERSAL_SHORT
s94_sweep_reversal,BUY,2025-02-12 01:00:00+00:00,2890.945,2889.18,2895.28,2025-02-12 01:01:00+00:00,2895.28,TP,3.885,1.765,2.2011,1,S94_SWEEP_REVERSAL_LONG
s94_sweep_reversal,BUY,2025-02-12 13:26:00+00:00,2876.225,2872.99,2886.76,2025-02-12 13:30:00+00:00,2872.99,SL,-3.685,3.235,-1.1391,13,S94_SWEEP_REVERSAL_LONG
s94_sweep_reversal,BUY,2025-02-12 13:40:00+00:00,2871.235,2863.64,2892.25,2025-02-12 14:14:00+00:00,2892.25,TP,20.565,7.595,2.7077,13,S94_SWEEP_REVERSAL_LONG
s94_sweep_reversal,SELL,2025-02-12 14:58:00+00:00,2895.85,2898.32,2883.62,2025-02-12 16:48:00+00:00,2898.32,SL,-2.92,2.47,-1.1822,14,S94_SWEEP_REVERSAL_SHORT
s94_sweep_reversal,BUY,2025-02-13 13:12:00+00:00,2915.505,2912.8,2923.1,2025-02-13 13:21:00+00:00,2912.8,SL,-3.155,2.705,-1.1664,13,S94_SWEEP_REVERSAL_LONG
s94_sweep_reversal,BUY,2025-02-14 02:26:00+00:00,2927.54,2925.83,2931.04,2025-02-14 03:41:00+00:00,2925.83,SL,-2.16,1.71,-1.2632,2,S94_SWEEP_REVERSAL_LONG
s94_sweep_reversal,SELL,2025-02-14 08:31:00+00:00,2936.85,2938.78,2932.16,2025-02-14 09:32:00+00:00,2938.78,SL,-2.38,1.93,-1.2332,8,S94_SWEEP_REVERSAL_SHORT
s94_sweep_reversal,BUY,2025-02-14 16:43:00+00:00,2893.015,2891.12,2898.48,2025-02-14 16:47:00+00:00,2891.12,SL,-2.345,1.895,-1.2375,16,S94_SWEEP_REVERSAL_LONG
s94_sweep_reversal,BUY,2025-02-18 01:20:00+00:00,2896.91,2894.64,2901.38,2025-02-18 01:33:00+00:00,2894.64,SL,-2.72,2.27,-1.1982,1,S94_SWEEP_REVERSAL_LONG
s94_sweep_reversal,BUY,2025-02-18 08:00:00+00:00,2910.07,2908.5,2915.07,2025-02-18 08:04:00+00:00,2908.5,SL,-2.02,1.57,-1.2866,8,S94_SWEEP_REVERSAL_LONG
s94_sweep_reversal,BUY,2025-02-19 03:00:00+00:00,2928.21,2923.81,2940.32,2025-02-19 09:15:00+00:00,2940.32,TP,11.66,4.4,2.65,3,S94_SWEEP_REVERSAL_LONG
s94_sweep_reversal,SELL,2025-02-21 16:32:00+00:00,2936.14,2939.47,2920.94,2025-02-21 17:18:00+00:00,2939.47,SL,-3.78,3.33,-1.1351,16,S94_SWEEP_REVERSAL_SHORT
s94_sweep_reversal,SELL,2025-02-24 13:01:00+00:00,2948.88,2951.56,2943.67,2025-02-24 13:39:00+00:00,2951.56,SL,-3.13,2.68,-1.1679,13,S94_SWEEP_REVERSAL_SHORT
s94_sweep_reversal,SELL,2025-02-24 14:10:00+00:00,2954.94,2956.45,2952.75,2025-02-24 14:13:00+00:00,2952.75,TP,1.74,1.51,1.1523,14,S94_SWEEP_REVERSAL_SHORT
s94_sweep_reversal,BUY,2025-02-25 01:45:00+00:00,2947.07,2945.1,2954.15,2025-02-25 03:27:00+00:00,2945.1,SL,-2.42,1.97,-1.2284,1,S94_SWEEP_REVERSAL_LONG
s94_sweep_reversal,BUY,2025-02-26 04:30:00+00:00,2914.86,2912.51,2919.06,2025-02-26 05:25:00+00:00,2919.06,TP,3.75,2.35,1.5957,4,S94_SWEEP_REVERSAL_LONG
s94_sweep_reversal,BUY,2025-02-27 05:50:00+00:00,2890.865,2888.38,2897.33,2025-02-27 06:33:00+00:00,2897.33,TP,6.015,2.485,2.4205,5,S94_SWEEP_REVERSAL_LONG
s94_sweep_reversal,BUY,2025-02-27 13:46:00+00:00,2883.255,2881.05,2900.74,2025-02-27 14:43:00+00:00,2881.05,SL,-2.655,2.205,-1.2041,13,S94_SWEEP_REVERSAL_LONG
s94_sweep_reversal,SELL,2025-03-03 11:00:00+00:00,2872.15,2873.86,2868.48,2025-03-03 11:09:00+00:00,2873.86,SL,-2.16,1.71,-1.2632,11,S94_SWEEP_REVERSAL_SHORT
s94_sweep_reversal,BUY,2025-03-05 01:58:00+00:00,2908.305,2903.05,2923.91,2025-03-05 02:35:00+00:00,2903.05,SL,-5.705,5.255,-1.0856,1,S94_SWEEP_REVERSAL_LONG
s94_sweep_reversal,BUY,2025-03-05 02:57:00+00:00,2903.525,2901.89,2912.12,2025-03-05 03:47:00+00:00,2912.12,TP,8.145,1.635,4.9817,2,S94_SWEEP_REVERSAL_LONG
s94_sweep_reversal,BUY,2025-03-05 13:40:00+00:00,2909.1,2906.28,2921.22,2025-03-05 13:42:00+00:00,2906.28,SL,-3.27,2.82,-1.1596,13,S94_SWEEP_REVERSAL_LONG
s94_sweep_reversal,SELL,2025-03-05 15:22:00+00:00,2919.39,2922.04,2908.32,2025-03-05 15:32:00+00:00,2922.04,SL,-3.1,2.65,-1.1698,15,S94_SWEEP_REVERSAL_SHORT
s94_sweep_reversal,BUY,2025-03-06 07:40:00+00:00,2914.63,2911.2,2922.61,2025-03-06 07:57:00+00:00,2911.2,SL,-3.88,3.43,-1.1312,7,S94_SWEEP_REVERSAL_LONG
s94_sweep_reversal,SELL,2025-03-06 13:35:00+00:00,2907.69,2909.61,2899.75,2025-03-06 14:07:00+00:00,2909.61,SL,-2.37,1.92,-1.2344,13,S94_SWEEP_REVERSAL_SHORT
s94_sweep_reversal,SELL,2025-03-07 08:10:00+00:00,2917.765,2919.59,2913.61,2025-03-07 08:21:00+00:00,2919.59,SL,-2.275,1.825,-1.2466,8,S94_SWEEP_REVERSAL_SHORT
s94_sweep_reversal,BUY,2025-03-07 14:00:00+00:00,2911.72,2910.02,2919.98,2025-03-07 14:01:00+00:00,2910.02,SL,-2.15,1.7,-1.2647,14,S94_SWEEP_REVERSAL_LONG
s94_sweep_reversal,SELL,2025-03-07 14:47:00+00:00,2923.18,2926.75,2908.61,2025-03-07 14:55:00+00:00,2926.75,SL,-4.02,3.57,-1.1261,14,S94_SWEEP_REVERSAL_SHORT
s94_sweep_reversal,BUY,2025-03-07 17:30:00+00:00,2908.66,2904.72,2924.89,2025-03-07 18:15:00+00:00,2904.72,SL,-4.39,3.94,-1.1142,17,S94_SWEEP_REVERSAL_LONG
s94_sweep_reversal,BUY,2025-03-07 18:37:00+00:00,2905.075,2901.76,2910.79,2025-03-07 20:40:00+00:00,2910.79,TP,5.265,3.315,1.5882,18,S94_SWEEP_REVERSAL_LONG
s94_sweep_reversal,BUY,2025-03-10 08:12:00+00:00,2907.035,2904.1,2918.16,2025-03-10 08:27:00+00:00,2904.1,SL,-3.385,2.935,-1.1533,8,S94_SWEEP_REVERSAL_LONG
s94_sweep_reversal,BUY,2025-03-10 16:57:00+00:00,2897.705,2895.72,2906.35,2025-03-10 17:00:00+00:00,2895.72,SL,-2.435,1.985,-1.2267,16,S94_SWEEP_REVERSAL_LONG
s94_sweep_reversal,BUY,2025-03-10 17:55:00+00:00,2884.525,2882.77,2894.01,2025-03-10 18:02:00+00:00,2882.77,SL,-2.205,1.755,-1.2564,17,S94_SWEEP_REVERSAL_LONG
s94_sweep_reversal,BUY,2025-03-10 19:05:00+00:00,2881.98,2880.14,2892.0,2025-03-11 02:09:00+00:00,2892.0,TP,9.57,1.84,5.2011,19,S94_SWEEP_REVERSAL_LONG
s94_sweep_reversal,BUY,2025-03-11 01:10:00+00:00,2882.43,2880.03,2897.19,2025-03-11 02:23:00+00:00,2897.19,TP,14.31,2.4,5.9625,1,S94_SWEEP_REVERSAL_LONG
s94_sweep_reversal,BUY,2025-03-11 06:04:00+00:00,2895.21,2892.58,2899.66,2025-03-11 06:33:00+00:00,2899.66,TP,4.0,2.63,1.5209,6,S94_SWEEP_REVERSAL_LONG
s94_sweep_reversal,SELL,2025-03-11 06:42:00+00:00,2900.515,2902.26,2892.89,2025-03-11 06:52:00+00:00,2902.26,SL,-2.195,1.745,-1.2579,6,S94_SWEEP_REVERSAL_SHORT
s94_sweep_reversal,BUY,2025-03-12 19:31:00+00:00,2933.88,2932.3,2938.19,2025-03-12 19:50:00+00:00,2932.3,SL,-2.03,1.58,-1.2848,19,S94_SWEEP_REVERSAL_LONG
s94_sweep_reversal,BUY,2025-03-14 13:55:00+00:00,2986.69,2982.85,2997.16,2025-03-14 14:29:00+00:00,2982.85,SL,-4.29,3.84,-1.1172,13,S94_SWEEP_REVERSAL_LONG
s94_sweep_reversal,SELL,2025-03-18 06:04:00+00:00,3015.21,3017.4,3010.67,2025-03-18 06:26:00+00:00,3010.67,TP,4.09,2.19,1.8676,6,S94_SWEEP_REVERSAL_SHORT
s94_sweep_reversal,BUY,2025-03-24 02:57:00+00:00,3017.06,3013.42,3021.66,2025-03-24 05:08:00+00:00,3021.66,TP,4.15,3.64,1.1401,2,S94_SWEEP_REVERSAL_LONG
s94_sweep_reversal,BUY,2025-03-24 14:00:00+00:00,3021.0,3019.07,3026.11,2025-03-24 14:24:00+00:00,3019.07,SL,-2.38,1.93,-1.2332,14,S94_SWEEP_REVERSAL_LONG
s94_sweep_reversal,SELL,2025-03-25 13:48:00+00:00,3028.74,3031.01,3019.21,2025-03-25 14:02:00+00:00,3031.01,SL,-2.72,2.27,-1.1982,13,S94_SWEEP_REVERSAL_SHORT
s94_sweep_reversal,SELL,2025-03-25 14:15:00+00:00,3033.34,3036.34,3019.34,2025-03-25 15:31:00+00:00,3019.34,TP,13.55,3.0,4.5167,14,S94_SWEEP_REVERSAL_SHORT
s94_sweep_reversal,BUY,2025-03-26 01:21:00+00:00,3017.835,3016.3,3019.96,2025-03-26 01:33:00+00:00,3019.96,TP,1.675,1.535,1.0912,1,S94_SWEEP_REVERSAL_LONG
s94_sweep_reversal,BUY,2025-03-26 15:55:00+00:00,3014.995,3012.06,3022.77,2025-03-27 00:01:00+00:00,3022.77,TP,7.325,2.935,2.4957,15,S94_SWEEP_REVERSAL_LONG
s94_sweep_reversal,SELL,2025-03-27 14:45:00+00:00,3056.03,3058.58,3042.39,2025-03-27 14:49:00+00:00,3058.58,SL,-3.0,2.55,-1.1765,14,S94_SWEEP_REVERSAL_SHORT
s94_sweep_reversal,SELL,2025-03-28 00:17:00+00:00,3059.755,3062.2,3052.34,2025-03-28 00:24:00+00:00,3062.2,SL,-2.895,2.445,-1.184,0,S94_SWEEP_REVERSAL_SHORT
s94_sweep_reversal,BUY,2025-03-28 14:41:00+00:00,3070.85,3067.9,3084.89,2025-03-28 15:01:00+00:00,3067.9,SL,-3.4,2.95,-1.1525,14,S94_SWEEP_REVERSAL_LONG
s94_sweep_reversal,BUY,2025-03-31 10:03:00+00:00,3113.445,3111.78,3120.86,2025-03-31 10:33:00+00:00,3120.86,TP,6.965,1.665,4.1832,10,S94_SWEEP_REVERSAL_LONG
s94_sweep_reversal,SELL,2025-04-02 22:48:00+00:00,3145.34,3148.33,3132.3,2025-04-02 23:01:00+00:00,3148.33,SL,-3.44,2.99,-1.1505,22,S94_SWEEP_REVERSAL_SHORT
s94_sweep_reversal,BUY,2025-04-03 04:55:00+00:00,3142.355,3138.84,3153.41,2025-04-03 05:01:00+00:00,3138.84,SL,-3.965,3.515,-1.128,4,S94_SWEEP_REVERSAL_LONG
s94_sweep_reversal,BUY,2025-04-03 10:16:00+00:00,3116.515,3111.78,3133.26,2025-04-03 10:17:00+00:00,3111.78,SL,-5.185,4.735,-1.095,10,S94_SWEEP_REVERSAL_LONG
s94_sweep_reversal,BUY,2025-04-03 10:53:00+00:00,3104.79,3100.87,3122.67,2025-04-03 10:58:00+00:00,3100.87,SL,-4.37,3.92,-1.1148,10,S94_SWEEP_REVERSAL_LONG
s94_sweep_reversal,BUY,2025-04-03 17:03:00+00:00,3104.065,3101.63,3115.22,2025-04-03 17:17:00+00:00,3101.63,SL,-2.885,2.435,-1.1848,17,S94_SWEEP_REVERSAL_LONG
s94_sweep_reversal,SELL,2025-04-04 10:41:00+00:00,3110.075,3115.38,3093.98,2025-04-04 10:43:00+00:00,3115.38,SL,-5.755,5.305,-1.0848,10,S94_SWEEP_REVERSAL_SHORT
s94_sweep_reversal,BUY,2025-04-04 12:46:00+00:00,3078.515,3070.19,3119.74,2025-04-04 12:54:00+00:00,3070.19,SL,-8.775,8.325,-1.0541,12,S94_SWEEP_REVERSAL_LONG
s94_sweep_reversal,SELL,2025-04-04 19:55:00+00:00,3036.97,3041.5,3019.12,2025-04-06 22:05:00+00:00,3019.12,TP,17.4,4.53,3.8411,19,S94_SWEEP_REVERSAL_SHORT
s94_sweep_reversal,BUY,2025-04-06 22:21:00+00:00,3018.035,2993.84,3075.24,2025-04-06 23:22:00+00:00,2993.84,SL,-24.645,24.195,-1.0186,22,S94_SWEEP_REVERSAL_LONG
s94_sweep_reversal,BUY,2025-04-07 00:47:00+00:00,2977.285,2969.51,3007.06,2025-04-07 01:13:00+00:00,3007.06,TP,29.325,7.775,3.7717,0,S94_SWEEP_REVERSAL_LONG
s94_sweep_reversal,BUY,2025-04-07 13:33:00+00:00,3019.555,3014.33,3029.14,2025-04-07 13:35:00+00:00,3014.33,SL,-5.675,5.225,-1.0861,13,S94_SWEEP_REVERSAL_LONG
s94_sweep_reversal,BUY,2025-04-07 14:45:00+00:00,3002.32,2996.93,3019.37,2025-04-07 14:53:00+00:00,2996.93,SL,-5.84,5.39,-1.0835,14,S94_SWEEP_REVERSAL_LONG
s94_sweep_reversal,BUY,2025-04-08 17:24:00+00:00,2980.44,2976.2,2990.31,2025-04-08 17:29:00+00:00,2976.2,SL,-4.69,4.24,-1.1061,17,S94_SWEEP_REVERSAL_LONG
s94_sweep_reversal,SELL,2025-04-09 05:25:00+00:00,3018.275,3020.87,2997.11,2025-04-09 06:06:00+00:00,3020.87,SL,-3.045,2.595,-1.1734,5,S94_SWEEP_REVERSAL_SHORT
s94_sweep_reversal,SELL,2025-04-09 06:15:00+00:00,3022.76,3025.58,3005.51,2025-04-09 06:19:00+00:00,3025.58,SL,-3.27,2.82,-1.1596,6,S94_SWEEP_REVERSAL_SHORT
s94_sweep_reversal,SELL,2025-04-09 07:23:00+00:00,3046.235,3053.09,3032.14,2025-04-09 11:19:00+00:00,3053.09,SL,-7.305,6.855,-1.0656,7,S94_SWEEP_REVERSAL_SHORT
s94_sweep_reversal,SELL,2025-04-09 13:33:00+00:00,3067.99,3073.73,3059.56,2025-04-09 13:35:00+00:00,3073.73,SL,-6.19,5.74,-1.0784,13,S94_SWEEP_REVERSAL_SHORT
s94_sweep_reversal,SELL,2025-04-09 13:45:00+00:00,3073.212,3078.52,3065.43,2025-04-09 14:16:00+00:00,3078.52,SL,-5.758,5.308,-1.0848,13,S94_SWEEP_REVERSAL_SHORT
s94_sweep_reversal,SELL,2025-04-09 15:30:00+00:00,3084.73,3088.24,3077.53,2025-04-09 16:13:00+00:00,3088.24,SL,-3.96,3.51,-1.1282,15,S94_SWEEP_REVERSAL_SHORT
s94_sweep_reversal,SELL,2025-04-10 01:00:00+00:00,3099.77,3101.65,3087.91,2025-04-10 01:13:00+00:00,3087.91,TP,11.41,1.88,6.0691,1,S94_SWEEP_REVERSAL_SHORT
s94_sweep_reversal,BUY,2025-04-10 08:57:00+00:00,3106.69,3104.36,3124.31,2025-04-10 09:00:00+00:00,3104.36,SL,-2.78,2.33,-1.1931,8,S94_SWEEP_REVERSAL_LONG
s94_sweep_reversal,SELL,2025-04-10 11:37:00+00:00,3122.605,3125.24,3110.31,2025-04-10 11:59:00+00:00,3125.24,SL,-3.085,2.635,-1.1708,11,S94_SWEEP_REVERSAL_SHORT
s94_sweep_reversal,SELL,2025-04-11 08:30:00+00:00,3219.43,3228.25,3201.31,2025-04-11 09:50:00+00:00,3228.25,SL,-9.27,8.82,-1.051,8,S94_SWEEP_REVERSAL_SHORT
s94_sweep_reversal,BUY,2025-04-11 11:52:00+00:00,3211.92,3210.02,3222.76,2025-04-11 12:28:00+00:00,3222.76,TP,10.39,1.9,5.4684,11,S94_SWEEP_REVERSAL_LONG
s94_sweep_reversal,SELL,2025-04-11 13:41:00+00:00,3237.96,3244.98,3216.42,2025-04-11 16:08:00+00:00,3244.98,SL,-7.47,7.02,-1.0641,13,S94_SWEEP_REVERSAL_SHORT
s94_sweep_reversal,BUY,2025-04-13 22:15:00+00:00,3219.815,3215.07,3230.84,2025-04-13 22:17:00+00:00,3215.07,SL,-5.195,4.745,-1.0948,22,S94_SWEEP_REVERSAL_LONG
s94_sweep_reversal,BUY,2025-04-14 12:53:00+00:00,3206.38,3200.09,3218.52,2025-04-14 13:10:00+00:00,3200.09,SL,-6.74,6.29,-1.0715,12,S94_SWEEP_REVERSAL_LONG
s94_sweep_reversal,SELL,2025-04-15 03:10:00+00:00,3226.05,3228.39,3219.84,2025-04-15 03:58:00+00:00,3228.39,SL,-2.79,2.34,-1.1923,3,S94_SWEEP_REVERSAL_SHORT
s94_sweep_reversal,SELL,2025-04-15 22:06:00+00:00,3232.24,3233.85,3226.12,2025-04-15 22:28:00+00:00,3233.85,SL,-2.06,1.61,-1.2795,22,S94_SWEEP_REVERSAL_SHORT
s94_sweep_reversal,SELL,2025-04-15 23:56:00+00:00,3245.845,3249.19,3237.2,2025-04-15 23:58:00+00:00,3249.19,SL,-3.795,3.345,-1.1345,23,S94_SWEEP_REVERSAL_SHORT
s94_sweep_reversal,SELL,2025-04-16 07:10:00+00:00,3295.18,3297.91,3285.95,2025-04-16 07:12:00+00:00,3297.91,SL,-3.18,2.73,-1.1648,7,S94_SWEEP_REVERSAL_SHORT
s94_sweep_reversal,SELL,2025-04-16 12:00:00+00:00,3306.98,3314.5,3292.56,2025-04-16 13:56:00+00:00,3314.5,SL,-7.97,7.52,-1.0598,12,S94_SWEEP_REVERSAL_SHORT
s94_sweep_reversal,SELL,2025-04-16 14:18:00+00:00,3313.82,3320.28,3299.71,2025-04-16 15:41:00+00:00,3320.28,SL,-6.91,6.46,-1.0697,14,S94_SWEEP_REVERSAL_SHORT
s94_sweep_reversal,BUY,2025-04-17 01:47:00+00:00,3334.435,3329.14,3367.5,2025-04-17 01:49:00+00:00,3329.14,SL,-5.745,5.295,-1.085,1,S94_SWEEP_REVERSAL_LONG
s94_sweep_reversal,BUY,2025-04-17 14:48:00+00:00,3293.075,3283.04,3325.23,2025-04-17 20:36:00+00:00,3325.23,TP,31.705,10.035,3.1594,14,S94_SWEEP_REVERSAL_LONG
s94_sweep_reversal,SELL,2025-04-20 22:31:00+00:00,3345.59,3353.98,3323.17,2025-04-21 00:03:00+00:00,3353.98,SL,-8.84,8.39,-1.0536,22,S94_SWEEP_REVERSAL_SHORT
s94_sweep_reversal,BUY,2025-04-22 00:10:00+00:00,3417.5,3411.83,3458.59,2025-04-22 02:32:00+00:00,3458.59,TP,40.64,5.67,7.1675,0,S94_SWEEP_REVERSAL_LONG
s94_sweep_reversal,BUY,2025-04-22 16:15:00+00:00,3408.62,3404.92,3437.15,2025-04-22 16:16:00+00:00,3404.92,SL,-4.15,3.7,-1.1216,16,S94_SWEEP_REVERSAL_LONG
s94_sweep_reversal,BUY,2025-04-22 16:35:00+00:00,3386.445,3378.45,3418.55,2025-04-22 16:37:00+00:00,3378.45,SL,-8.445,7.995,-1.0563,16,S94_SWEEP_REVERSAL_LONG
s94_sweep_reversal,BUY,2025-04-22 16:45:00+00:00,3381.875,3371.29,3409.89,2025-04-22 17:27:00+00:00,3409.89,TP,27.565,10.585,2.6042,16,S94_SWEEP_REVERSAL_LONG
s94_sweep_reversal,BUY,2025-04-22 19:47:00+00:00,3372.255,3366.37,3384.57,2025-04-22 22:04:00+00:00,3366.37,SL,-6.335,5.885,-1.0765,19,S94_SWEEP_REVERSAL_LONG
s94_sweep_reversal,BUY,2025-04-23 06:10:00+00:00,3311.06,3307.69,3334.11,2025-04-23 06:51:00+00:00,3307.69,SL,-3.82,3.37,-1.1335,6,S94_SWEEP_REVERSAL_LONG
s94_sweep_reversal,BUY,2025-04-23 06:15:00+00:00,3315.34,3307.27,3334.11,2025-04-23 06:51:00+00:00,3307.27,SL,-8.52,8.07,-1.0558,6,S94_SWEEP_REVERSAL_LONG
s94_sweep_reversal,BUY,2025-04-23 13:45:00+00:00,3291.735,3279.03,3329.28,2025-04-23 13:50:00+00:00,3279.03,SL,-13.155,12.705,-1.0354,13,S94_SWEEP_REVERSAL_LONG
s94_sweep_reversal,BUY,2025-04-23 14:15:00+00:00,3269.33,3259.28,3296.53,2025-04-23 14:50:00+00:00,3296.53,TP,26.75,10.05,2.6617,14,S94_SWEEP_REVERSAL_LONG
s94_sweep_reversal,SELL,2025-04-24 09:05:00+00:00,3339.97,3341.85,3331.64,2025-04-24 09:09:00+00:00,3341.85,SL,-2.33,1.88,-1.2394,9,S94_SWEEP_REVERSAL_SHORT
s94_sweep_reversal,BUY,2025-04-24 13:40:00+00:00,3323.225,3319.72,3347.27,2025-04-24 13:41:00+00:00,3319.72,SL,-3.955,3.505,-1.1284,13,S94_SWEEP_REVERSAL_LONG
s94_sweep_reversal,BUY,2025-04-24 14:00:00+00:00,3314.8,3312.43,3319.33,2025-04-24 14:04:00+00:00,3312.43,SL,-2.82,2.37,-1.1899,14,S94_SWEEP_REVERSAL_LONG
s94_sweep_reversal,SELL,2025-04-24 17:26:00+00:00,3335.515,3338.13,3329.25,2025-04-24 17:30:00+00:00,3338.13,SL,-3.065,2.615,-1.1721,17,S94_SWEEP_REVERSAL_SHORT
s94_sweep_reversal,SELL,2025-04-24 20:32:00+00:00,3344.785,3347.35,3337.52,2025-04-24 20:47:00+00:00,3347.35,SL,-3.015,2.565,-1.1754,20,S94_SWEEP_REVERSAL_SHORT
s94_sweep_reversal,SELL,2025-04-24 23:00:00+00:00,3367.685,3370.75,3353.47,2025-04-24 23:24:00+00:00,3353.47,TP,13.765,3.065,4.491,23,S94_SWEEP_REVERSAL_SHORT
s94_sweep_reversal,BUY,2025-04-25 13:15:00+00:00,3284.0,3276.22,3309.11,2025-04-25 13:17:00+00:00,3276.22,SL,-8.23,7.78,-1.0578,13,S94_SWEEP_REVERSAL_LONG
s94_sweep_reversal,BUY,2025-04-25 13:35:00+00:00,3269.04,3264.74,3283.51,2025-04-25 13:46:00+00:00,3283.51,TP,14.02,4.3,3.2605,13,S94_SWEEP_REVERSAL_LONG
s94_sweep_reversal,BUY,2025-04-28 01:58:00+00:00,3280.485,3278.95,3295.34,2025-04-28 02:02:00+00:00,3278.95,SL,-1.985,1.535,-1.2932,1,S94_SWEEP_REVERSAL_LONG
s94_sweep_reversal,SELL,2025-04-28 11:39:00+00:00,3292.59,3294.78,3282.06,2025-04-28 11:46:00+00:00,3294.78,SL,-2.64,2.19,-1.2055,11,S94_SWEEP_REVERSAL_SHORT
s94_sweep_reversal,SELL,2025-04-28 14:50:00+00:00,3330.605,3333.48,3318.16,2025-04-28 15:18:00+00:00,3333.48,SL,-3.325,2.875,-1.1565,14,S94_SWEEP_REVERSAL_SHORT
s94_sweep_reversal,SELL,2025-04-28 16:35:00+00:00,3336.075,3338.27,3325.51,2025-04-28 16:37:00+00:00,3338.27,SL,-2.645,2.195,-1.205,16,S94_SWEEP_REVERSAL_SHORT
s94_sweep_reversal,BUY,2025-04-29 05:14:00+00:00,3308.19,3306.55,3315.64,2025-04-29 05:15:00+00:00,3306.55,SL,-2.09,1.64,-1.2744,5,S94_SWEEP_REVERSAL_LONG
s94_sweep_reversal,BUY,2025-04-29 10:27:00+00:00,3308.74,3305.86,3318.46,2025-04-29 12:20:00+00:00,3305.86,SL,-3.33,2.88,-1.1563,10,S94_SWEEP_REVERSAL_LONG
s94_sweep_reversal,BUY,2025-04-30 01:56:00+00:00,3310.985,3308.11,3321.27,2025-04-30 01:59:00+00:00,3308.11,SL,-3.325,2.875,-1.1565,1,S94_SWEEP_REVERSAL_LONG
s94_sweep_reversal,BUY,2025-05-01 00:00:00+00:00,3271.345,3269.5,3281.17,2025-05-01 00:19:00+00:00,3269.5,SL,-2.295,1.845,-1.2439,0,S94_SWEEP_REVERSAL_LONG
s94_sweep_reversal,BUY,2025-05-01 09:52:00+00:00,3221.32,3219.59,3226.7,2025-05-01 09:55:00+00:00,3219.59,SL,-2.18,1.73,-1.2601,9,S94_SWEEP_REVERSAL_LONG
s94_sweep_reversal,BUY,2025-05-01 12:10:00+00:00,3203.46,3201.8,3216.02,2025-05-01 12:25:00+00:00,3216.02,TP,12.11,1.66,7.2952,12,S94_SWEEP_REVERSAL_LONG
s94_sweep_reversal,SELL,2025-05-01 12:50:00+00:00,3227.31,3230.4,3213.26,2025-05-01 12:54:00+00:00,3230.4,SL,-3.54,3.09,-1.1456,12,S94_SWEEP_REVERSAL_SHORT
s94_sweep_reversal,SELL,2025-05-01 22:24:00+00:00,3239.9,3243.83,3227.3,2025-05-02 00:23:00+00:00,3243.83,SL,-4.38,3.93,-1.1145,22,S94_SWEEP_REVERSAL_SHORT
s94_sweep_reversal,SELL,2025-05-02 06:30:00+00:00,3258.795,3262.87,3241.12,2025-05-02 07:35:00+00:00,3262.87,SL,-4.525,4.075,-1.1104,6,S94_SWEEP_REVERSAL_SHORT
s94_sweep_reversal,SELL,2025-05-05 02:04:00+00:00,3269.3,3271.39,3257.95,2025-05-05 02:49:00+00:00,3271.39,SL,-2.54,2.09,-1.2153,2,S94_SWEEP_REVERSAL_SHORT
s94_sweep_reversal,BUY,2025-05-05 03:26:00+00:00,3259.68,3257.11,3266.5,2025-05-05 03:33:00+00:00,3257.11,SL,-3.02,2.57,-1.1751,3,S94_SWEEP_REVERSAL_LONG
s94_sweep_reversal,BUY,2025-05-05 14:57:00+00:00,3311.385,3309.78,3327.49,2025-05-05 15:09:00+00:00,3309.78,SL,-2.055,1.605,-1.2804,14,S94_SWEEP_REVERSAL_LONG
s94_sweep_reversal,SELL,2025-05-06 06:37:00+00:00,3366.255,3368.27,3354.86,2025-05-06 07:01:00+00:00,3368.27,SL,-2.465,2.015,-1.2233,6,S94_SWEEP_REVERSAL_SHORT
s94_sweep_reversal,SELL,2025-05-07 06:15:00+00:00,3394.035,3396.09,3387.09,2025-05-07 07:13:00+00:00,3396.09,SL,-2.505,2.055,-1.219,6,S94_SWEEP_REVERSAL_SHORT
s94_sweep_reversal,BUY,2025-05-07 13:30:00+00:00,3383.665,3381.15,3394.98,2025-05-07 13:45:00+00:00,3394.98,TP,10.865,2.515,4.3201,13,S94_SWEEP_REVERSAL_LONG
s94_sweep_reversal,BUY,2025-05-07 14:46:00+00:00,3381.375,3375.24,3397.13,2025-05-07 18:08:00+00:00,3397.13,TP,15.305,6.135,2.4947,14,S94_SWEEP_REVERSAL_LONG
s94_sweep_reversal,BUY,2025-05-07 19:04:00+00:00,3378.8,3375.81,3393.74,2025-05-07 19:11:00+00:00,3375.81,SL,-3.44,2.99,-1.1505,19,S94_SWEEP_REVERSAL_LONG
s94_sweep_reversal,BUY,2025-05-07 19:32:00+00:00,3369.305,3363.18,3382.86,2025-05-08 00:19:00+00:00,3382.86,TP,13.105,6.125,2.1396,19,S94_SWEEP_REVERSAL_LONG
s94_sweep_reversal,BUY,2025-05-09 01:50:00+00:00,3288.805,3286.61,3305.38,2025-05-09 02:09:00+00:00,3286.61,SL,-2.645,2.195,-1.205,1,S94_SWEEP_REVERSAL_LONG
s94_sweep_reversal,SELL,2025-05-09 04:10:00+00:00,3313.51,3315.02,3301.56,2025-05-09 04:11:00+00:00,3315.02,SL,-1.96,1.51,-1.298,4,S94_SWEEP_REVERSAL_SHORT
s94_sweep_reversal,SELL,2025-05-09 07:44:00+00:00,3330.435,3332.54,3321.52,2025-05-09 08:07:00+00:00,3321.52,TP,8.465,2.105,4.0214,7,S94_SWEEP_REVERSAL_SHORT
s94_sweep_reversal,BUY,2025-05-11 22:40:00+00:00,3274.81,3270.89,3294.64,2025-05-11 22:45:00+00:00,3270.89,SL,-4.37,3.92,-1.1148,22,S94_SWEEP_REVERSAL_LONG
s94_sweep_reversal,SELL,2025-05-13 11:30:00+00:00,3256.265,3258.89,3248.0,2025-05-13 12:00:00+00:00,3248.0,TP,7.815,2.625,2.9771,11,S94_SWEEP_REVERSAL_SHORT
s94_sweep_reversal,BUY,2025-05-14 02:14:00+00:00,3238.76,3235.17,3250.68,2025-05-14 02:26:00+00:00,3235.17,SL,-4.04,3.59,-1.1253,2,S94_SWEEP_REVERSAL_LONG
s94_sweep_reversal,SELL,2025-05-14 07:45:00+00:00,3236.895,3238.97,3224.99,2025-05-14 08:02:00+00:00,3238.97,SL,-2.525,2.075,-1.2169,7,S94_SWEEP_REVERSAL_SHORT
s94_sweep_reversal,BUY,2025-05-14 12:11:00+00:00,3219.575,3215.77,3228.2,2025-05-14 12:13:00+00:00,3215.77,SL,-4.255,3.805,-1.1183,12,S94_SWEEP_REVERSAL_LONG
s94_sweep_reversal,SELL,2025-05-15 14:07:00+00:00,3198.395,3200.12,3189.38,2025-05-15 14:10:00+00:00,3200.12,SL,-2.175,1.725,-1.2609,14,S94_SWEEP_REVERSAL_SHORT
s94_sweep_reversal,BUY,2025-05-16 03:00:00+00:00,3215.035,3212.57,3226.02,2025-05-16 03:02:00+00:00,3212.57,SL,-2.915,2.465,-1.1826,3,S94_SWEEP_REVERSAL_LONG
s94_sweep_reversal,BUY,2025-05-16 07:15:00+00:00,3212.08,3209.7,3223.69,2025-05-16 07:18:00+00:00,3209.7,SL,-2.83,2.38,-1.1891,7,S94_SWEEP_REVERSAL_LONG
s94_sweep_reversal,BUY,2025-05-16 11:06:00+00:00,3172.55,3168.62,3210.13,2025-05-16 11:53:00+00:00,3168.62,SL,-4.38,3.93,-1.1145,11,S94_SWEEP_REVERSAL_LONG
s94_sweep_reversal,BUY,2025-05-19 03:55:00+00:00,3212.075,3207.75,3230.1,2025-05-19 04:05:00+00:00,3207.75,SL,-4.775,4.325,-1.104,3,S94_SWEEP_REVERSAL_LONG
s94_sweep_reversal,BUY,2025-05-20 02:09:00+00:00,3217.29,3213.81,3225.86,2025-05-20 02:11:00+00:00,3213.81,SL,-3.93,3.48,-1.1293,2,S94_SWEEP_REVERSAL_LONG
s94_sweep_reversal,SELL,2025-05-20 13:50:00+00:00,3248.59,3251.3,3239.08,2025-05-20 13:57:00+00:00,3251.3,SL,-3.16,2.71,-1.1661,13,S94_SWEEP_REVERSAL_SHORT
s94_sweep_reversal,SELL,2025-05-20 17:30:00+00:00,3282.675,3285.61,3276.46,2025-05-20 17:39:00+00:00,3285.61,SL,-3.385,2.935,-1.1533,17,S94_SWEEP_REVERSAL_SHORT
s94_sweep_reversal,BUY,2025-05-21 01:30:00+00:00,3288.675,3285.01,3303.35,2025-05-21 02:41:00+00:00,3303.35,TP,14.225,3.665,3.8813,1,S94_SWEEP_REVERSAL_LONG
s94_sweep_reversal,SELL,2025-05-22 00:53:00+00:00,3324.935,3326.5,3320.96,2025-05-22 01:02:00+00:00,3320.96,TP,3.525,1.565,2.2524,0,S94_SWEEP_REVERSAL_SHORT
s94_sweep_reversal,BUY,2025-05-22 08:46:00+00:00,3313.155,3310.87,3326.55,2025-05-22 08:59:00+00:00,3310.87,SL,-2.735,2.285,-1.1969,8,S94_SWEEP_REVERSAL_LONG
s94_sweep_reversal,BUY,2025-05-22 10:53:00+00:00,3295.355,3290.15,3307.38,2025-05-22 10:58:00+00:00,3290.15,SL,-5.655,5.205,-1.0865,10,S94_SWEEP_REVERSAL_LONG
s94_sweep_reversal,BUY,2025-05-22 15:07:00+00:00,3283.075,3278.85,3301.45,2025-05-22 16:38:00+00:00,3301.45,TP,17.925,4.225,4.2426,15,S94_SWEEP_REVERSAL_LONG
s94_sweep_reversal,SELL,2025-05-23 11:57:00+00:00,3345.47,3350.32,3311.05,2025-05-23 12:00:00+00:00,3350.32,SL,-5.3,4.85,-1.0928,11,S94_SWEEP_REVERSAL_SHORT
s94_sweep_reversal,BUY,2025-05-26 00:22:00+00:00,3336.635,3333.26,3350.53,2025-05-26 00:28:00+00:00,3333.26,SL,-3.825,3.375,-1.1333,0,S94_SWEEP_REVERSAL_LONG
s94_sweep_reversal,SELL,2025-05-26 14:13:00+00:00,3339.755,3341.89,3333.78,2025-05-26 16:40:00+00:00,3341.89,SL,-2.585,2.135,-1.2108,14,S94_SWEEP_REVERSAL_SHORT
s94_sweep_reversal,SELL,2025-05-26 22:15:00+00:00,3343.72,3348.12,3338.97,2025-05-26 22:33:00+00:00,3348.12,SL,-4.85,4.4,-1.1023,22,S94_SWEEP_REVERSAL_SHORT
s94_sweep_reversal,BUY,2025-05-27 05:58:00+00:00,3323.5,3315.36,3333.64,2025-05-27 06:45:00+00:00,3315.36,SL,-8.59,8.14,-1.0553,5,S94_SWEEP_REVERSAL_LONG
s94_sweep_reversal,BUY,2025-05-27 07:29:00+00:00,3305.14,3301.99,3317.51,2025-05-27 07:51:00+00:00,3301.99,SL,-3.6,3.15,-1.1429,7,S94_SWEEP_REVERSAL_LONG
s94_sweep_reversal,BUY,2025-05-27 10:35:00+00:00,3292.655,3290.2,3303.71,2025-05-27 11:21:00+00:00,3290.2,SL,-2.905,2.455,-1.1833,10,S94_SWEEP_REVERSAL_LONG
s94_sweep_reversal,SELL,2025-05-28 07:10:00+00:00,3310.405,3312.43,3302.14,2025-05-28 07:13:00+00:00,3312.43,SL,-2.475,2.025,-1.2222,7,S94_SWEEP_REVERSAL_SHORT
s94_sweep_reversal,BUY,2025-05-28 15:28:00+00:00,3297.345,3295.07,3310.46,2025-05-28 15:29:00+00:00,3295.07,SL,-2.725,2.275,-1.1978,15,S94_SWEEP_REVERSAL_LONG
s94_sweep_reversal,BUY,2025-05-28 22:22:00+00:00,3285.25,3275.47,3307.63,2025-05-28 23:09:00+00:00,3275.47,SL,-10.23,9.78,-1.046,22,S94_SWEEP_REVERSAL_LONG
s94_sweep_reversal,SELL,2025-05-29 11:47:00+00:00,3303.14,3305.0,3296.87,2025-05-29 11:49:00+00:00,3305.0,SL,-2.31,1.86,-1.2419,11,S94_SWEEP_REVERSAL_SHORT
s94_sweep_reversal,BUY,2025-05-30 02:00:00+00:00,3309.65,3308.01,3314.48,2025-05-30 02:04:00+00:00,3308.01,SL,-2.09,1.64,-1.2744,2,S94_SWEEP_REVERSAL_LONG
s94_sweep_reversal,BUY,2025-05-30 02:20:00+00:00,3304.76,3302.39,3314.04,2025-05-30 02:21:00+00:00,3302.39,SL,-2.82,2.37,-1.1899,2,S94_SWEEP_REVERSAL_LONG
s94_sweep_reversal,BUY,2025-05-30 11:37:00+00:00,3292.595,3289.94,3300.02,2025-05-30 11:51:00+00:00,3289.94,SL,-3.105,2.655,-1.1695,11,S94_SWEEP_REVERSAL_LONG
s94_sweep_reversal,BUY,2025-05-30 14:40:00+00:00,3276.33,3270.97,3291.87,2025-05-30 15:40:00+00:00,3291.87,TP,15.09,5.36,2.8153,14,S94_SWEEP_REVERSAL_LONG
s94_sweep_reversal,SELL,2025-06-01 22:16:00+00:00,3308.38,3309.91,3296.39,2025-06-01 22:52:00+00:00,3309.91,SL,-1.98,1.53,-1.2941,22,S94_SWEEP_REVERSAL_SHORT
s94_sweep_reversal,SELL,2025-06-02 05:12:00+00:00,3316.745,3318.45,3309.6,2025-06-02 05:14:00+00:00,3318.45,SL,-2.155,1.705,-1.2639,5,S94_SWEEP_REVERSAL_SHORT
s94_sweep_reversal,SELL,2025-06-02 05:50:00+00:00,3322.925,3324.92,3313.5,2025-06-02 05:51:00+00:00,3324.92,SL,-2.445,1.995,-1.2256,5,S94_SWEEP_REVERSAL_SHORT
s94_sweep_reversal,BUY,2025-06-03 00:36:00+00:00,3378.49,3375.39,3388.72,2025-06-03 00:40:00+00:00,3375.39,SL,-3.55,3.1,-1.1452,0,S94_SWEEP_REVERSAL_LONG
s94_sweep_reversal,BUY,2025-06-03 12:15:00+00:00,3353.43,3349.61,3362.91,2025-06-03 12:20:00+00:00,3349.61,SL,-4.27,3.82,-1.1178,12,S94_SWEEP_REVERSAL_LONG
s94_sweep_reversal,SELL,2025-06-04 01:45:00+00:00,3367.925,3369.87,3362.55,2025-06-04 01:51:00+00:00,3369.87,SL,-2.395,1.945,-1.2314,1,S94_SWEEP_REVERSAL_SHORT
s94_sweep_reversal,BUY,2025-06-04 11:57:00+00:00,3346.53,3343.54,3355.53,2025-06-04 12:22:00+00:00,3355.53,TP,8.55,2.99,2.8595,11,S94_SWEEP_REVERSAL_LONG
s94_sweep_reversal,SELL,2025-06-05 01:10:00+00:00,3382.22,3384.49,3374.16,2025-06-05 01:32:00+00:00,3374.16,TP,7.61,2.27,3.3524,1,S94_SWEEP_REVERSAL_SHORT
s94_sweep_reversal,BUY,2025-06-05 02:41:00+00:00,3369.79,3368.22,3378.15,2025-06-05 04:16:00+00:00,3368.22,SL,-2.02,1.57,-1.2866,2,S94_SWEEP_REVERSAL_LONG
s94_sweep_reversal,BUY,2025-06-05 05:40:00+00:00,3363.97,3361.49,3372.97,2025-06-05 05:54:00+00:00,3361.49,SL,-2.93,2.48,-1.1815,5,S94_SWEEP_REVERSAL_LONG
s94_sweep_reversal,SELL,2025-06-05 10:15:00+00:00,3392.305,3394.41,3386.07,2025-06-05 10:26:00+00:00,3394.41,SL,-2.555,2.105,-1.2138,10,S94_SWEEP_REVERSAL_SHORT
s94_sweep_reversal,BUY,2025-06-05 14:42:00+00:00,3371.26,3367.29,3385.57,2025-06-05 14:48:00+00:00,3367.29,SL,-4.42,3.97,-1.1134,14,S94_SWEEP_REVERSAL_LONG
s94_sweep_reversal,BUY,2025-06-05 16:00:00+00:00,3344.425,3338.84,3362.44,2025-06-05 22:28:00+00:00,3362.44,TP,17.565,5.585,3.145,16,S94_SWEEP_REVERSAL_LONG
s94_sweep_reversal,SELL,2025-06-05 22:50:00+00:00,3361.44,3363.81,3353.93,2025-06-06 00:03:00+00:00,3363.81,SL,-2.82,2.37,-1.1899,22,S94_SWEEP_REVERSAL_SHORT
s94_sweep_reversal,BUY,2025-06-06 09:29:00+00:00,3356.105,3352.45,3365.7,2025-06-06 12:30:00+00:00,3352.45,SL,-4.105,3.655,-1.1231,9,S94_SWEEP_REVERSAL_LONG
s94_sweep_reversal,BUY,2025-06-09 00:25:00+00:00,3307.195,3304.48,3318.83,2025-06-09 00:43:00+00:00,3304.48,SL,-3.165,2.715,-1.1657,0,S94_SWEEP_REVERSAL_LONG
s94_sweep_reversal,BUY,2025-06-09 00:30:00+00:00,3309.22,3304.28,3318.83,2025-06-09 00:43:00+00:00,3304.28,SL,-5.39,4.94,-1.0911,0,S94_SWEEP_REVERSAL_LONG
s94_sweep_reversal,BUY,2025-06-09 13:37:00+00:00,3313.095,3310.57,3319.36,2025-06-09 13:46:00+00:00,3319.36,TP,5.815,2.525,2.303,13,S94_SWEEP_REVERSAL_LONG
s94_sweep_reversal,BUY,2025-06-10 00:26:00+00:00,3321.655,3319.72,3333.12,2025-06-10 00:28:00+00:00,3319.72,SL,-2.385,1.935,-1.2326,0,S94_SWEEP_REVERSAL_LONG
s94_sweep_reversal,BUY,2025-06-10 15:00:00+00:00,3328.3,3325.29,3339.42,2025-06-10 15:03:00+00:00,3325.29,SL,-3.46,3.01,-1.1495,15,S94_SWEEP_REVERSAL_LONG
s94_sweep_reversal,BUY,2025-06-10 23:32:00+00:00,3320.825,3315.07,3329.32,2025-06-11 00:10:00+00:00,3329.32,TP,8.045,5.755,1.3979,23,S94_SWEEP_REVERSAL_LONG
s94_sweep_reversal,SELL,2025-06-11 18:25:00+00:00,3342.93,3345.33,3333.82,2025-06-11 18:29:00+00:00,3345.33,SL,-2.85,2.4,-1.1875,18,S94_SWEEP_REVERSAL_SHORT
s94_sweep_reversal,SELL,2025-06-11 19:40:00+00:00,3347.38,3349.59,3340.3,2025-06-11 20:25:00+00:00,3349.59,SL,-2.66,2.21,-1.2036,19,S94_SWEEP_REVERSAL_SHORT
s94_sweep_reversal,BUY,2025-06-12 06:25:00+00:00,3367.8,3365.04,3378.07,2025-06-12 07:32:00+00:00,3365.04,SL,-3.21,2.76,-1.163,6,S94_SWEEP_REVERSAL_LONG
s94_sweep_reversal,BUY,2025-06-12 17:20:00+00:00,3379.255,3377.75,3387.81,2025-06-12 19:41:00+00:00,3387.81,TP,8.105,1.505,5.3854,17,S94_SWEEP_REVERSAL_LONG
s94_sweep_reversal,BUY,2025-06-16 00:48:00+00:00,3438.6,3436.99,3451.35,2025-06-16 00:49:00+00:00,3436.99,SL,-2.06,1.61,-1.2795,0,S94_SWEEP_REVERSAL_LONG
s94_sweep_reversal,BUY,2025-06-16 06:02:00+00:00,3419.215,3417.63,3430.27,2025-06-16 06:05:00+00:00,3417.63,SL,-2.035,1.585,-1.2839,6,S94_SWEEP_REVERSAL_LONG
s94_sweep_reversal,BUY,2025-06-16 13:38:00+00:00,3410.815,3405.56,3426.31,2025-06-16 13:42:00+00:00,3405.56,SL,-5.705,5.255,-1.0856,13,S94_SWEEP_REVERSAL_LONG
s94_sweep_reversal,BUY,2025-06-17 02:05:00+00:00,3392.94,3391.37,3399.28,2025-06-17 02:06:00+00:00,3391.37,SL,-2.02,1.57,-1.2866,2,S94_SWEEP_REVERSAL_LONG
s94_sweep_reversal,SELL,2025-06-17 10:36:00+00:00,3395.55,3397.94,3388.72,2025-06-17 10:40:00+00:00,3397.94,SL,-2.84,2.39,-1.1883,10,S94_SWEEP_REVERSAL_SHORT
s94_sweep_reversal,BUY,2025-06-17 14:46:00+00:00,3373.67,3365.36,3386.91,2025-06-17 15:05:00+00:00,3386.91,TP,12.79,8.31,1.5391,14,S94_SWEEP_REVERSAL_LONG
s94_sweep_reversal,SELL,2025-06-17 17:30:00+00:00,3388.49,3390.98,3380.38,2025-06-17 17:35:00+00:00,3390.98,SL,-2.94,2.49,-1.1807,17,S94_SWEEP_REVERSAL_SHORT
s94_sweep_reversal,BUY,2025-06-18 10:12:00+00:00,3377.18,3375.41,3382.03,2025-06-18 10:35:00+00:00,3382.03,TP,4.4,1.77,2.4859,10,S94_SWEEP_REVERSAL_LONG
s94_sweep_reversal,BUY,2025-06-19 06:00:00+00:00,3362.605,3360.06,3373.44,2025-06-19 06:01:00+00:00,3360.06,SL,-2.995,2.545,-1.1768,6,S94_SWEEP_REVERSAL_LONG
s94_sweep_reversal,BUY,2025-06-20 06:23:00+00:00,3344.675,3341.8,3351.75,2025-06-20 06:35:00+00:00,3341.8,SL,-3.325,2.875,-1.1565,6,S94_SWEEP_REVERSAL_LONG
s94_sweep_reversal,BUY,2025-06-20 12:58:00+00:00,3343.44,3341.75,3355.51,2025-06-20 13:22:00+00:00,3355.51,TP,11.62,1.69,6.8757,12,S94_SWEEP_REVERSAL_LONG
s94_sweep_reversal,SELL,2025-06-20 14:00:00+00:00,3370.475,3374.22,3359.97,2025-06-20 14:11:00+00:00,3374.22,SL,-4.195,3.745,-1.1202,14,S94_SWEEP_REVERSAL_SHORT
s94_sweep_reversal,SELL,2025-06-23 08:15:00+00:00,3359.98,3362.63,3353.07,2025-06-23 09:01:00+00:00,3362.63,SL,-3.1,2.65,-1.1698,8,S94_SWEEP_REVERSAL_SHORT
s94_sweep_reversal,BUY,2025-06-23 07:13:00+00:00,3351.935,3346.55,3365.05,2025-06-23 09:10:00+00:00,3365.05,TP,12.665,5.385,2.3519,7,S94_SWEEP_REVERSAL_LONG
s94_sweep_reversal,SELL,2025-06-23 13:50:00+00:00,3382.15,3385.07,3367.8,2025-06-23 13:51:00+00:00,3385.07,SL,-3.37,2.92,-1.1541,13,S94_SWEEP_REVERSAL_SHORT
s94_sweep_reversal,BUY,2025-06-23 22:36:00+00:00,3355.935,3349.9,3371.69,2025-06-23 23:18:00+00:00,3349.9,SL,-6.485,6.035,-1.0746,22,S94_SWEEP_REVERSAL_LONG
s94_sweep_reversal,BUY,2025-06-23 23:40:00+00:00,3347.035,3342.26,3364.02,2025-06-23 23:56:00+00:00,3342.26,SL,-5.225,4.775,-1.0942,23,S94_SWEEP_REVERSAL_LONG
s94_sweep_reversal,SELL,2025-06-26 03:05:00+00:00,3340.325,3342.11,3335.5,2025-06-26 03:07:00+00:00,3342.11,SL,-2.235,1.785,-1.2521,3,S94_SWEEP_REVERSAL_SHORT
s94_sweep_reversal,BUY,2025-06-26 14:39:00+00:00,3312.055,3309.78,3321.18,2025-06-26 15:01:00+00:00,3321.18,TP,8.675,2.275,3.8132,14,S94_SWEEP_REVERSAL_LONG
s94_sweep_reversal,BUY,2025-06-27 07:35:00+00:00,3286.93,3283.18,3292.69,2025-06-27 08:14:00+00:00,3283.18,SL,-4.2,3.75,-1.12,7,S94_SWEEP_REVERSAL_LONG
s94_sweep_reversal,BUY,2025-06-27 11:35:00+00:00,3282.23,3279.56,3287.39,2025-06-27 11:38:00+00:00,3279.56,SL,-3.12,2.67,-1.1685,11,S94_SWEEP_REVERSAL_LONG
s94_sweep_reversal,SELL,2025-07-01 06:56:00+00:00,3332.395,3334.85,3325.32,2025-07-01 07:10:00+00:00,3334.85,SL,-2.905,2.455,-1.1833,6,S94_SWEEP_REVERSAL_SHORT
s94_sweep_reversal,SELL,2025-07-01 07:25:00+00:00,3336.55,3339.15,3328.46,2025-07-01 07:30:00+00:00,3339.15,SL,-3.05,2.6,-1.1731,7,S94_SWEEP_REVERSAL_SHORT
s94_sweep_reversal,SELL,2025-07-01 11:10:00+00:00,3350.415,3352.7,3344.39,2025-07-01 11:30:00+00:00,3352.7,SL,-2.735,2.285,-1.1969,11,S94_SWEEP_REVERSAL_SHORT
s94_sweep_reversal,BUY,2025-07-02 01:30:00+00:00,3334.615,3332.07,3342.67,2025-07-02 01:40:00+00:00,3332.07,SL,-2.995,2.545,-1.1768,1,S94_SWEEP_REVERSAL_LONG
s94_sweep_reversal,BUY,2025-07-02 02:11:00+00:00,3330.9,3328.39,3338.14,2025-07-02 02:55:00+00:00,3338.14,TP,6.79,2.51,2.7052,2,S94_SWEEP_REVERSAL_LONG
s94_sweep_reversal,BUY,2025-07-07 02:33:00+00:00,3310.02,3306.46,3322.36,2025-07-07 02:49:00+00:00,3306.46,SL,-4.01,3.56,-1.1264,2,S94_SWEEP_REVERSAL_LONG
s94_sweep_reversal,SELL,2025-07-07 12:55:00+00:00,3310.76,3313.0,3302.98,2025-07-07 13:52:00+00:00,3313.0,SL,-2.69,2.24,-1.2009,12,S94_SWEEP_REVERSAL_SHORT
s94_sweep_reversal,SELL,2025-07-08 07:15:00+00:00,3338.15,3339.73,3332.1,2025-07-08 07:36:00+00:00,3332.1,TP,5.6,1.58,3.5443,7,S94_SWEEP_REVERSAL_SHORT
s94_sweep_reversal,BUY,2025-07-08 15:00:00+00:00,3296.28,3294.25,3309.97,2025-07-08 15:04:00+00:00,3294.25,SL,-2.48,2.03,-1.2217,15,S94_SWEEP_REVERSAL_LONG
s94_sweep_reversal,SELL,2025-07-09 14:25:00+00:00,3307.305,3309.18,3303.06,2025-07-09 14:33:00+00:00,3309.18,SL,-2.325,1.875,-1.24,14,S94_SWEEP_REVERSAL_SHORT
s94_sweep_reversal,SELL,2025-07-10 07:00:00+00:00,3326.39,3328.78,3320.74,2025-07-10 07:06:00+00:00,3328.78,SL,-2.84,2.39,-1.1883,7,S94_SWEEP_REVERSAL_SHORT
s94_sweep_reversal,SELL,2025-07-11 12:55:00+00:00,3355.545,3357.13,3346.65,2025-07-11 12:56:00+00:00,3357.13,SL,-2.035,1.585,-1.2839,12,S94_SWEEP_REVERSAL_SHORT
s94_sweep_reversal,BUY,2025-07-14 01:16:00+00:00,3364.895,3360.96,3376.0,2025-07-14 01:27:00+00:00,3360.96,SL,-4.385,3.935,-1.1144,1,S94_SWEEP_REVERSAL_LONG
s94_sweep_reversal,BUY,2025-07-14 13:10:00+00:00,3349.255,3347.13,3358.53,2025-07-14 13:49:00+00:00,3358.53,TP,8.825,2.125,4.1529,13,S94_SWEEP_REVERSAL_LONG
s94_sweep_reversal,BUY,2025-07-14 14:35:00+00:00,3347.325,3344.98,3355.8,2025-07-14 14:37:00+00:00,3344.98,SL,-2.795,2.345,-1.1919,14,S94_SWEEP_REVERSAL_LONG
s94_sweep_reversal,BUY,2025-07-15 15:45:00+00:00,3331.245,3324.74,3342.94,2025-07-15 16:08:00+00:00,3324.74,SL,-6.955,6.505,-1.0692,15,S94_SWEEP_REVERSAL_LONG
s94_sweep_reversal,BUY,2025-07-15 15:46:00+00:00,3329.79,3324.89,3342.94,2025-07-15 16:08:00+00:00,3324.89,SL,-5.35,4.9,-1.0918,15,S94_SWEEP_REVERSAL_LONG
s94_sweep_reversal,BUY,2025-07-16 14:00:00+00:00,3325.21,3321.75,3332.21,2025-07-16 14:17:00+00:00,3321.75,SL,-3.91,3.46,-1.1301,14,S94_SWEEP_REVERSAL_LONG
s94_sweep_reversal,BUY,2025-07-17 11:35:00+00:00,3324.755,3322.91,3330.36,2025-07-17 11:52:00+00:00,3322.91,SL,-2.295,1.845,-1.2439,11,S94_SWEEP_REVERSAL_LONG
s94_sweep_reversal,BUY,2025-07-17 13:03:00+00:00,3312.25,3309.54,3321.36,2025-07-17 13:57:00+00:00,3321.36,TP,8.66,2.71,3.1956,13,S94_SWEEP_REVERSAL_LONG
s94_sweep_reversal,SELL,2025-07-18 09:19:00+00:00,3352.28,3354.86,3344.12,2025-07-18 09:38:00+00:00,3354.86,SL,-3.03,2.58,-1.1744,9,S94_SWEEP_REVERSAL_SHORT
s94_sweep_reversal,BUY,2025-07-21 17:00:00+00:00,3395.56,3393.71,3398.59,2025-07-21 17:04:00+00:00,3393.71,SL,-2.3,1.85,-1.2432,17,S94_SWEEP_REVERSAL_LONG
s94_sweep_reversal,SELL,2025-07-23 00:46:00+00:00,3433.35,3439.6,3423.66,2025-07-23 01:09:00+00:00,3423.66,TP,9.24,6.25,1.4784,0,S94_SWEEP_REVERSAL_SHORT
s94_sweep_reversal,BUY,2025-07-23 16:12:00+00:00,3390.935,3383.7,3412.07,2025-07-23 16:21:00+00:00,3383.7,SL,-7.685,7.235,-1.0622,16,S94_SWEEP_REVERSAL_LONG
s94_sweep_reversal,BUY,2025-07-23 16:30:00+00:00,3383.42,3381.22,3393.87,2025-07-23 17:51:00+00:00,3393.87,TP,10.0,2.2,4.5455,16,S94_SWEEP_REVERSAL_LONG
s94_sweep_reversal,BUY,2025-07-24 01:33:00+00:00,3386.66,3383.81,3402.87,2025-07-24 02:11:00+00:00,3383.81,SL,-3.3,2.85,-1.1579,1,S94_SWEEP_REVERSAL_LONG
s94_sweep_reversal,BUY,2025-07-24 12:21:00+00:00,3361.375,3357.87,3366.43,2025-07-24 12:48:00+00:00,3357.87,SL,-3.955,3.505,-1.1284,12,S94_SWEEP_REVERSAL_LONG
s94_sweep_reversal,SELL,2025-07-24 14:00:00+00:00,3367.385,3372.77,3353.86,2025-07-24 14:17:00+00:00,3372.77,SL,-5.835,5.385,-1.0836,14,S94_SWEEP_REVERSAL_SHORT
s94_sweep_reversal,BUY,2025-07-25 02:32:00+00:00,3365.205,3363.49,3369.78,2025-07-25 02:35:00+00:00,3363.49,SL,-2.165,1.715,-1.2624,2,S94_SWEEP_REVERSAL_LONG
s94_sweep_reversal,BUY,2025-07-25 12:48:00+00:00,3338.8,3336.1,3347.32,2025-07-25 13:36:00+00:00,3347.32,TP,8.07,2.7,2.9889,12,S94_SWEEP_REVERSAL_LONG
s94_sweep_reversal,SELL,2025-07-25 13:40:00+00:00,3344.295,3347.97,3336.51,2025-07-25 14:17:00+00:00,3336.51,TP,7.335,3.675,1.9959,13,S94_SWEEP_REVERSAL_SHORT
s94_sweep_reversal,BUY,2025-07-25 14:35:00+00:00,3336.345,3333.67,3346.79,2025-07-25 14:39:00+00:00,3333.67,SL,-3.125,2.675,-1.1682,14,S94_SWEEP_REVERSAL_LONG
s94_sweep_reversal,BUY,2025-07-28 06:45:00+00:00,3338.085,3335.63,3343.21,2025-07-28 07:39:00+00:00,3335.63,SL,-2.905,2.455,-1.1833,6,S94_SWEEP_REVERSAL_LONG
s94_sweep_reversal,SELL,2025-07-28 20:00:00+00:00,3317.29,3319.13,3312.68,2025-07-28 22:06:00+00:00,3312.68,TP,4.16,1.84,2.2609,20,S94_SWEEP_REVERSAL_SHORT
s94_sweep_reversal,BUY,2025-07-29 13:51:00+00:00,3315.0,3312.68,3331.08,2025-07-29 14:05:00+00:00,3312.68,SL,-2.77,2.32,-1.194,13,S94_SWEEP_REVERSAL_LONG
s94_sweep_reversal,SELL,2025-07-29 14:59:00+00:00,3328.32,3329.89,3321.24,2025-07-29 15:04:00+00:00,3329.89,SL,-2.02,1.57,-1.2866,14,S94_SWEEP_REVERSAL_SHORT
s94_sweep_reversal,SELL,2025-07-29 15:18:00+00:00,3330.1,3334.69,3319.33,2025-07-29 16:01:00+00:00,3319.33,TP,10.32,4.59,2.2484,15,S94_SWEEP_REVERSAL_SHORT
s94_sweep_reversal,SELL,2025-07-30 00:55:00+00:00,3330.89,3334.05,3324.8,2025-07-30 01:39:00+00:00,3324.8,TP,5.64,3.16,1.7848,0,S94_SWEEP_REVERSAL_SHORT
s94_sweep_reversal,SELL,2025-07-30 07:16:00+00:00,3330.77,3332.46,3326.03,2025-07-30 07:27:00+00:00,3326.03,TP,4.29,1.69,2.5385,7,S94_SWEEP_REVERSAL_SHORT
s94_sweep_reversal,BUY,2025-07-30 13:21:00+00:00,3309.11,3307.18,3321.46,2025-07-30 13:28:00+00:00,3307.18,SL,-2.38,1.93,-1.2332,13,S94_SWEEP_REVERSAL_LONG
s94_sweep_reversal,SELL,2025-07-31 08:00:00+00:00,3305.135,3310.35,3298.43,2025-07-31 08:18:00+00:00,3310.35,SL,-5.665,5.215,-1.0863,8,S94_SWEEP_REVERSAL_SHORT
s94_sweep_reversal,BUY,2025-07-31 14:49:00+00:00,3293.785,3291.19,3302.11,2025-07-31 16:05:00+00:00,3291.19,SL,-3.045,2.595,-1.1734,14,S94_SWEEP_REVERSAL_LONG
s94_sweep_reversal,BUY,2025-07-31 23:55:00+00:00,3289.91,3288.26,3292.9,2025-07-31 23:59:00+00:00,3288.26,SL,-2.1,1.65,-1.2727,23,S94_SWEEP_REVERSAL_LONG
s94_sweep_reversal,SELL,2025-08-01 06:12:00+00:00,3297.19,3300.88,3293.05,2025-08-01 06:27:00+00:00,3293.05,TP,3.69,3.69,1.0,6,S94_SWEEP_REVERSAL_SHORT
s94_sweep_reversal,SELL,2025-08-01 11:01:00+00:00,3300.54,3303.44,3290.37,2025-08-01 12:22:00+00:00,3303.44,SL,-3.35,2.9,-1.1552,11,S94_SWEEP_REVERSAL_SHORT
s94_sweep_reversal,SELL,2025-08-01 12:55:00+00:00,3340.85,3345.72,3332.8,2025-08-01 13:09:00+00:00,3345.72,SL,-5.32,4.87,-1.0924,12,S94_SWEEP_REVERSAL_SHORT
s94_sweep_reversal,BUY,2025-08-04 07:46:00+00:00,3353.57,3351.6,3360.54,2025-08-04 09:08:00+00:00,3360.54,TP,6.52,1.97,3.3096,7,S94_SWEEP_REVERSAL_LONG
s94_sweep_reversal,BUY,2025-08-05 02:43:00+00:00,3375.925,3374.3,3378.77,2025-08-05 02:51:00+00:00,3374.3,SL,-2.075,1.625,-1.2769,2,S94_SWEEP_REVERSAL_LONG
s94_sweep_reversal,BUY,2025-08-05 09:10:00+00:00,3365.79,3363.9,3368.57,2025-08-05 09:31:00+00:00,3363.9,SL,-2.34,1.89,-1.2381,9,S94_SWEEP_REVERSAL_LONG
s94_sweep_reversal,BUY,2025-08-05 11:10:00+00:00,3352.89,3351.3,3357.05,2025-08-05 11:32:00+00:00,3351.3,SL,-2.04,1.59,-1.283,11,S94_SWEEP_REVERSAL_LONG
s94_sweep_reversal,SELL,2025-08-06 13:00:00+00:00,3367.965,3369.49,3357.21,2025-08-06 13:03:00+00:00,3369.49,SL,-1.975,1.525,-1.2951,13,S94_SWEEP_REVERSAL_SHORT
s94_sweep_reversal,SELL,2025-08-07 22:10:00+00:00,3401.885,3410.18,3390.75,2025-08-07 22:16:00+00:00,3390.75,TP,10.685,8.295,1.2881,22,S94_SWEEP_REVERSAL_SHORT
s94_sweep_reversal,SELL,2025-08-08 07:32:00+00:00,3398.18,3401.02,3386.5,2025-08-08 07:45:00+00:00,3401.02,SL,-3.29,2.84,-1.1585,7,S94_SWEEP_REVERSAL_SHORT
s94_sweep_reversal,SELL,2025-08-08 08:02:00+00:00,3402.34,3404.47,3391.52,2025-08-08 10:20:00+00:00,3391.52,TP,10.37,2.13,4.8685,8,S94_SWEEP_REVERSAL_SHORT
s94_sweep_reversal,BUY,2025-08-11 01:18:00+00:00,3371.87,3367.12,3396.78,2025-08-11 06:29:00+00:00,3367.12,SL,-5.2,4.75,-1.0947,1,S94_SWEEP_REVERSAL_LONG
s94_sweep_reversal,BUY,2025-08-11 16:35:00+00:00,3344.42,3341.16,3360.19,2025-08-11 17:32:00+00:00,3341.16,SL,-3.71,3.26,-1.138,16,S94_SWEEP_REVERSAL_LONG
s94_sweep_reversal,SELL,2025-08-12 07:45:00+00:00,3355.87,3358.49,3348.35,2025-08-12 08:33:00+00:00,3348.35,TP,7.07,2.62,2.6985,7,S94_SWEEP_REVERSAL_SHORT
s94_sweep_reversal,BUY,2025-08-12 11:34:00+00:00,3341.155,3339.19,3348.17,2025-08-12 11:35:00+00:00,3339.19,SL,-2.415,1.965,-1.229,11,S94_SWEEP_REVERSAL_LONG
s94_sweep_reversal,BUY,2025-08-13 00:32:00+00:00,3345.595,3343.62,3352.2,2025-08-13 00:52:00+00:00,3343.62,SL,-2.425,1.975,-1.2278,0,S94_SWEEP_REVERSAL_LONG
s94_sweep_reversal,SELL,2025-08-13 08:57:00+00:00,3360.985,3363.88,3356.65,2025-08-13 09:36:00+00:00,3363.88,SL,-3.345,2.895,-1.1554,8,S94_SWEEP_REVERSAL_SHORT
s94_sweep_reversal,SELL,2025-08-13 14:15:00+00:00,3367.095,3371.2,3355.65,2025-08-13 15:22:00+00:00,3355.65,TP,10.995,4.105,2.6784,14,S94_SWEEP_REVERSAL_SHORT
s94_sweep_reversal,BUY,2025-08-13 18:16:00+00:00,3352.915,3351.17,3356.71,2025-08-13 18:23:00+00:00,3351.17,SL,-2.195,1.745,-1.2579,18,S94_SWEEP_REVERSAL_LONG
s94_sweep_reversal,BUY,2025-08-14 12:49:00+00:00,3352.15,3341.12,3364.98,2025-08-14 14:05:00+00:00,3341.12,SL,-11.48,11.03,-1.0408,12,S94_SWEEP_REVERSAL_LONG
s94_sweep_reversal,SELL,2025-08-15 01:00:00+00:00,3337.215,3338.87,3334.72,2025-08-15 01:19:00+00:00,3334.72,TP,2.045,1.655,1.2356,1,S94_SWEEP_REVERSAL_SHORT
s94_sweep_reversal,BUY,2025-08-15 13:32:00+00:00,3336.345,3333.33,3346.07,2025-08-15 13:52:00+00:00,3333.33,SL,-3.465,3.015,-1.1493,13,S94_SWEEP_REVERSAL_LONG
s94_sweep_reversal,SELL,2025-08-15 15:03:00+00:00,3344.145,3346.3,3336.43,2025-08-15 16:50:00+00:00,3336.43,TP,7.265,2.155,3.3712,15,S94_SWEEP_REVERSAL_SHORT
s94_sweep_reversal,BUY,2025-08-18 13:00:00+00:00,3344.74,3342.96,3350.44,2025-08-18 13:01:00+00:00,3342.96,SL,-2.23,1.78,-1.2528,13,S94_SWEEP_REVERSAL_LONG
s94_sweep_reversal,BUY,2025-08-18 13:45:00+00:00,3339.685,3337.72,3344.99,2025-08-18 13:53:00+00:00,3337.72,SL,-2.415,1.965,-1.229,13,S94_SWEEP_REVERSAL_LONG
s94_sweep_reversal,BUY,2025-08-19 01:09:00+00:00,3330.355,3325.88,3335.47,2025-08-19 01:46:00+00:00,3335.47,TP,4.665,4.475,1.0425,1,S94_SWEEP_REVERSAL_LONG
s94_sweep_reversal,SELL,2025-08-19 00:25:00+00:00,3336.9,3339.6,3326.16,2025-08-19 03:06:00+00:00,3339.6,SL,-3.15,2.7,-1.1667,0,S94_SWEEP_REVERSAL_SHORT
s94_sweep_reversal,BUY,2025-08-19 13:20:00+00:00,3329.52,3325.41,3335.66,2025-08-19 13:33:00+00:00,3335.66,TP,5.69,4.11,1.3844,13,S94_SWEEP_REVERSAL_LONG
s94_sweep_reversal,BUY,2025-08-19 15:01:00+00:00,3323.685,3320.69,3332.98,2025-08-19 16:14:00+00:00,3320.69,SL,-3.445,2.995,-1.1503,15,S94_SWEEP_REVERSAL_LONG
s94_sweep_reversal,SELL,2025-08-20 14:57:00+00:00,3348.365,3350.47,3341.3,2025-08-20 15:23:00+00:00,3341.3,TP,6.615,2.105,3.1425,14,S94_SWEEP_REVERSAL_SHORT
s94_sweep_reversal,SELL,2025-08-25 14:10:00+00:00,3371.675,3373.32,3367.49,2025-08-25 14:12:00+00:00,3373.32,SL,-2.095,1.645,-1.2736,14,S94_SWEEP_REVERSAL_SHORT
s94_sweep_reversal,SELL,2025-08-26 00:30:00+00:00,3378.835,3380.67,3363.94,2025-08-26 00:32:00+00:00,3380.67,SL,-2.285,1.835,-1.2452,0,S94_SWEEP_REVERSAL_SHORT
s94_sweep_reversal,BUY,2025-08-26 07:25:00+00:00,3369.735,3366.94,3379.02,2025-08-26 07:46:00+00:00,3379.02,TP,8.835,2.795,3.161,7,S94_SWEEP_REVERSAL_LONG
s94_sweep_reversal,SELL,2025-08-28 14:02:00+00:00,3408.78,3410.71,3404.96,2025-08-28 14:07:00+00:00,3410.71,SL,-2.38,1.93,-1.2332,14,S94_SWEEP_REVERSAL_SHORT
s94_sweep_reversal,SELL,2025-09-01 05:47:00+00:00,3479.395,3483.31,3471.19,2025-09-01 06:14:00+00:00,3483.31,SL,-4.365,3.915,-1.1149,5,S94_SWEEP_REVERSAL_SHORT
s94_sweep_reversal,SELL,2025-09-01 22:26:00+00:00,3479.07,3480.62,3470.88,2025-09-01 23:24:00+00:00,3480.62,SL,-2.0,1.55,-1.2903,22,S94_SWEEP_REVERSAL_SHORT
s94_sweep_reversal,SELL,2025-09-02 00:15:00+00:00,3481.535,3483.32,3473.6,2025-09-02 00:28:00+00:00,3483.32,SL,-2.235,1.785,-1.2521,0,S94_SWEEP_REVERSAL_SHORT
s94_sweep_reversal,BUY,2025-09-02 08:02:00+00:00,3474.565,3472.05,3489.51,2025-09-02 08:05:00+00:00,3472.05,SL,-2.965,2.515,-1.1789,8,S94_SWEEP_REVERSAL_LONG
s94_sweep_reversal,SELL,2025-09-02 10:15:00+00:00,3481.36,3483.69,3468.86,2025-09-02 10:38:00+00:00,3483.69,SL,-2.78,2.33,-1.1931,10,S94_SWEEP_REVERSAL_SHORT
s94_sweep_reversal,BUY,2025-09-03 07:20:00+00:00,3529.38,3526.51,3534.25,2025-09-03 07:31:00+00:00,3534.25,TP,4.42,2.87,1.5401,7,S94_SWEEP_REVERSAL_LONG
s94_sweep_reversal,SELL,2025-09-03 08:16:00+00:00,3537.725,3540.34,3534.08,2025-09-03 08:25:00+00:00,3540.34,SL,-3.065,2.615,-1.1721,8,S94_SWEEP_REVERSAL_SHORT
s94_sweep_reversal,SELL,2025-09-03 00:35:00+00:00,3540.06,3548.06,3518.61,2025-09-03 11:32:00+00:00,3548.06,SL,-8.45,8.0,-1.0562,0,S94_SWEEP_REVERSAL_SHORT
s94_sweep_reversal,SELL,2025-09-03 16:12:00+00:00,3565.805,3567.7,3561.38,2025-09-03 16:28:00+00:00,3567.7,SL,-2.345,1.895,-1.2375,16,S94_SWEEP_REVERSAL_SHORT
s94_sweep_reversal,BUY,2025-09-04 01:21:00+00:00,3554.48,3551.64,3565.96,2025-09-04 01:30:00+00:00,3551.64,SL,-3.29,2.84,-1.1585,1,S94_SWEEP_REVERSAL_LONG
s94_sweep_reversal,BUY,2025-09-04 03:00:00+00:00,3529.13,3526.13,3538.52,2025-09-04 03:11:00+00:00,3526.13,SL,-3.45,3.0,-1.15,3,S94_SWEEP_REVERSAL_LONG
s94_sweep_reversal,SELL,2025-09-04 10:15:00+00:00,3545.63,3547.34,3533.86,2025-09-04 11:48:00+00:00,3547.34,SL,-2.16,1.71,-1.2632,10,S94_SWEEP_REVERSAL_SHORT
s94_sweep_reversal,SELL,2025-09-04 12:03:00+00:00,3547.185,3550.33,3539.36,2025-09-04 12:15:00+00:00,3550.33,SL,-3.595,3.145,-1.1431,12,S94_SWEEP_REVERSAL_SHORT
s94_sweep_reversal,SELL,2025-09-04 13:17:00+00:00,3550.04,3553.65,3541.46,2025-09-04 13:25:00+00:00,3553.65,SL,-4.06,3.61,-1.1247,13,S94_SWEEP_REVERSAL_SHORT
s94_sweep_reversal,SELL,2025-09-04 16:00:00+00:00,3553.32,3559.49,3545.42,2025-09-04 17:35:00+00:00,3545.42,TP,7.45,6.17,1.2075,16,S94_SWEEP_REVERSAL_SHORT
s94_sweep_reversal,BUY,2025-09-04 14:10:00+00:00,3539.9,3534.67,3557.54,2025-09-05 03:32:00+00:00,3557.54,TP,17.19,5.23,3.2868,14,S94_SWEEP_REVERSAL_LONG
s94_sweep_reversal,SELL,2025-09-05 12:00:00+00:00,3553.92,3555.46,3549.28,2025-09-05 12:02:00+00:00,3549.28,TP,4.19,1.54,2.7208,12,S94_SWEEP_REVERSAL_SHORT
s94_sweep_reversal,BUY,2025-09-05 20:12:00+00:00,3590.445,3586.88,3603.52,2025-09-05 20:50:00+00:00,3586.88,SL,-4.015,3.565,-1.1262,20,S94_SWEEP_REVERSAL_LONG
s94_sweep_reversal,BUY,2025-09-08 01:28:00+00:00,3587.005,3584.7,3595.78,2025-09-08 03:30:00+00:00,3584.7,SL,-2.755,2.305,-1.1952,1,S94_SWEEP_REVERSAL_LONG
s94_sweep_reversal,SELL,2025-09-09 00:31:00+00:00,3638.02,3641.31,3632.03,2025-09-09 01:03:00+00:00,3641.31,SL,-3.74,3.29,-1.1368,0,S94_SWEEP_REVERSAL_SHORT
s94_sweep_reversal,BUY,2025-09-09 06:17:00+00:00,3642.655,3637.6,3663.22,2025-09-09 06:28:00+00:00,3637.6,SL,-5.505,5.055,-1.089,6,S94_SWEEP_REVERSAL_LONG
s94_sweep_reversal,BUY,2025-09-09 14:31:00+00:00,3643.775,3642.02,3684.13,2025-09-09 14:34:00+00:00,3642.02,SL,-2.205,1.755,-1.2564,14,S94_SWEEP_REVERSAL_LONG
s94_sweep_reversal,BUY,2025-09-09 14:40:00+00:00,3641.615,3635.44,3673.32,2025-09-09 15:14:00+00:00,3635.44,SL,-6.625,6.175,-1.0729,14,S94_SWEEP_REVERSAL_LONG
s94_sweep_reversal,BUY,2025-09-10 01:00:00+00:00,3623.12,3621.34,3633.27,2025-09-10 01:29:00+00:00,3621.34,SL,-2.23,1.78,-1.2528,1,S94_SWEEP_REVERSAL_LONG
s94_sweep_reversal,BUY,2025-09-10 16:31:00+00:00,3640.34,3638.48,3658.78,2025-09-10 19:32:00+00:00,3638.48,SL,-2.31,1.86,-1.2419,16,S94_SWEEP_REVERSAL_LONG
s94_sweep_reversal,BUY,2025-09-11 02:41:00+00:00,3637.96,3635.61,3642.3,2025-09-11 02:45:00+00:00,3635.61,SL,-2.8,2.35,-1.1915,2,S94_SWEEP_REVERSAL_LONG
s94_sweep_reversal,SELL,2025-09-11 14:26:00+00:00,3637.92,3644.7,3581.59,2025-09-12 01:31:00+00:00,3644.7,SL,-7.23,6.78,-1.0664,14,S94_SWEEP_REVERSAL_SHORT
s94_sweep_reversal,BUY,2025-09-15 00:31:00+00:00,3636.955,3634.55,3643.89,2025-09-15 00:39:00+00:00,3634.55,SL,-2.855,2.405,-1.1871,0,S94_SWEEP_REVERSAL_LONG
s94_sweep_reversal,SELL,2025-09-16 06:32:00+00:00,3685.435,3687.4,3677.91,2025-09-16 06:35:00+00:00,3687.4,SL,-2.415,1.965,-1.229,6,S94_SWEEP_REVERSAL_SHORT
s94_sweep_reversal,SELL,2025-09-17 05:18:00+00:00,3684.01,3686.28,3675.35,2025-09-17 06:11:00+00:00,3675.35,TP,8.21,2.27,3.6167,5,S94_SWEEP_REVERSAL_SHORT
s94_sweep_reversal,BUY,2025-09-17 10:50:00+00:00,3662.635,3660.7,3669.88,2025-09-17 10:51:00+00:00,3660.7,SL,-2.385,1.935,-1.2326,10,S94_SWEEP_REVERSAL_LONG
s94_sweep_reversal,BUY,2025-09-17 18:45:00+00:00,3660.02,3648.81,3749.85,2025-09-17 18:51:00+00:00,3648.81,SL,-11.66,11.21,-1.0401,18,S94_SWEEP_REVERSAL_LONG
s94_sweep_reversal,BUY,2025-09-18 01:30:00+00:00,3654.815,3652.85,3669.26,2025-09-18 01:31:00+00:00,3652.85,SL,-2.415,1.965,-1.229,1,S94_SWEEP_REVERSAL_LONG
s94_sweep_reversal,BUY,2025-09-18 06:21:00+00:00,3636.93,3633.77,3650.51,2025-09-18 07:31:00+00:00,3650.51,TP,13.13,3.16,4.1551,6,S94_SWEEP_REVERSAL_LONG
s94_sweep_reversal,SELL,2025-09-17 18:15:00+00:00,3688.595,3709.45,3592.11,2025-09-18 14:15:00+00:00,3639.395,TIME,48.75,20.855,2.3376,18,S94_SWEEP_REVERSAL_SHORT
s94_sweep_reversal,SELL,2025-09-19 16:04:00+00:00,3672.535,3676.36,3654.83,2025-09-19 17:45:00+00:00,3676.36,SL,-4.275,3.825,-1.1176,16,S94_SWEEP_REVERSAL_SHORT
s94_sweep_reversal,BUY,2025-09-23 14:05:00+00:00,3777.56,3773.74,3784.7,2025-09-23 14:17:00+00:00,3773.74,SL,-4.27,3.82,-1.1178,14,S94_SWEEP_REVERSAL_LONG
s94_sweep_reversal,BUY,2025-09-23 18:55:00+00:00,3767.615,3764.77,3789.61,2025-09-23 18:56:00+00:00,3764.77,SL,-3.295,2.845,-1.1582,18,S94_SWEEP_REVERSAL_LONG
s94_sweep_reversal,BUY,2025-09-24 09:19:00+00:00,3769.155,3766.94,3773.0,2025-09-24 09:33:00+00:00,3766.94,SL,-2.665,2.215,-1.2032,9,S94_SWEEP_REVERSAL_LONG
s94_sweep_reversal,BUY,2025-09-24 13:41:00+00:00,3764.045,3761.34,3775.07,2025-09-24 13:44:00+00:00,3761.34,SL,-3.155,2.705,-1.1664,13,S94_SWEEP_REVERSAL_LONG
s94_sweep_reversal,BUY,2025-09-24 16:55:00+00:00,3736.66,3731.94,3749.5,2025-09-24 18:04:00+00:00,3731.94,SL,-5.17,4.72,-1.0953,16,S94_SWEEP_REVERSAL_LONG
s94_sweep_reversal,BUY,2025-09-25 13:02:00+00:00,3734.17,3730.31,3742.12,2025-09-25 13:19:00+00:00,3742.12,TP,7.5,3.86,1.943,13,S94_SWEEP_REVERSAL_LONG
s94_sweep_reversal,SELL,2025-09-25 18:50:00+00:00,3755.9,3757.79,3752.53,2025-09-25 18:53:00+00:00,3757.79,SL,-2.34,1.89,-1.2381,18,S94_SWEEP_REVERSAL_SHORT
s94_sweep_reversal,BUY,2025-09-26 07:10:00+00:00,3741.415,3739.14,3750.01,2025-09-26 08:05:00+00:00,3750.01,TP,8.145,2.275,3.5802,7,S94_SWEEP_REVERSAL_LONG
s94_sweep_reversal,SELL,2025-09-26 13:04:00+00:00,3755.16,3757.74,3735.56,2025-09-26 13:07:00+00:00,3757.74,SL,-3.03,2.58,-1.1744,13,S94_SWEEP_REVERSAL_SHORT
s94_sweep_reversal,SELL,2025-09-26 14:32:00+00:00,3779.34,3784.34,3768.19,2025-09-26 19:38:00+00:00,3768.19,TP,10.7,5.0,2.14,14,S94_SWEEP_REVERSAL_SHORT
s94_sweep_reversal,SELL,2025-09-30 00:10:00+00:00,3834.3,3840.21,3822.49,2025-09-30 00:25:00+00:00,3840.21,SL,-6.36,5.91,-1.0761,0,S94_SWEEP_REVERSAL_SHORT
s94_sweep_reversal,SELL,2025-09-30 05:16:00+00:00,3867.405,3870.39,3862.89,2025-09-30 05:57:00+00:00,3870.39,SL,-3.435,2.985,-1.1508,5,S94_SWEEP_REVERSAL_SHORT
s94_sweep_reversal,BUY,2025-09-30 08:05:00+00:00,3842.72,3839.23,3850.51,2025-09-30 08:07:00+00:00,3839.23,SL,-3.94,3.49,-1.1289,8,S94_SWEEP_REVERSAL_LONG
s94_sweep_reversal,SELL,2025-09-30 20:50:00+00:00,3859.415,3860.93,3848.21,2025-09-30 22:06:00+00:00,3860.93,SL,-1.965,1.515,-1.297,20,S94_SWEEP_REVERSAL_SHORT
s94_sweep_reversal,BUY,2025-10-01 15:18:00+00:00,3863.72,3855.6,3900.39,2025-10-01 18:05:00+00:00,3855.6,SL,-8.57,8.12,-1.0554,15,S94_SWEEP_REVERSAL_LONG
s94_sweep_reversal,SELL,2025-10-02 06:04:00+00:00,3869.565,3871.42,3865.89,2025-10-02 06:06:00+00:00,3871.42,SL,-2.305,1.855,-1.2426,6,S94_SWEEP_REVERSAL_SHORT
s94_sweep_reversal,SELL,2025-10-02 11:30:00+00:00,3883.95,3885.55,3880.39,2025-10-02 11:37:00+00:00,3885.55,SL,-2.05,1.6,-1.2812,11,S94_SWEEP_REVERSAL_SHORT
s94_sweep_reversal,SELL,2025-10-02 12:15:00+00:00,3886.76,3892.73,3879.91,2025-10-02 13:24:00+00:00,3892.73,SL,-6.42,5.97,-1.0754,12,S94_SWEEP_REVERSAL_SHORT
s94_sweep_reversal,BUY,2025-10-03 18:07:00+00:00,3880.62,3876.62,3887.12,2025-10-03 18:33:00+00:00,3887.12,TP,6.05,4.0,1.5125,18,S94_SWEEP_REVERSAL_LONG
s94_sweep_reversal,SELL,2025-10-06 03:36:00+00:00,3924.905,3926.7,3916.1,2025-10-06 03:41:00+00:00,3926.7,SL,-2.245,1.795,-1.2507,3,S94_SWEEP_REVERSAL_SHORT
s94_sweep_reversal,BUY,2025-10-06 12:21:00+00:00,3932.52,3930.88,3942.76,2025-10-06 12:27:00+00:00,3930.88,SL,-2.09,1.64,-1.2744,12,S94_SWEEP_REVERSAL_LONG
s94_sweep_reversal,BUY,2025-10-07 01:34:00+00:00,3957.34,3955.76,3969.02,2025-10-07 03:16:00+00:00,3969.02,TP,11.23,1.58,7.1076,1,S94_SWEEP_REVERSAL_LONG
s94_sweep_reversal,BUY,2025-10-07 07:55:00+00:00,3945.88,3943.67,3957.19,2025-10-07 07:58:00+00:00,3943.67,SL,-2.66,2.21,-1.2036,7,S94_SWEEP_REVERSAL_LONG
s94_sweep_reversal,SELL,2025-10-08 07:25:00+00:00,4037.16,4039.5,4032.49,2025-10-08 07:56:00+00:00,4032.49,TP,4.22,2.34,1.8034,7,S94_SWEEP_REVERSAL_SHORT
s94_sweep_reversal,SELL,2025-10-08 14:57:00+00:00,4046.51,4050.01,4040.16,2025-10-08 15:05:00+00:00,4050.01,SL,-3.95,3.5,-1.1286,14,S94_SWEEP_REVERSAL_SHORT
s94_sweep_reversal,BUY,2025-10-08 19:16:00+00:00,4037.2,4031.62,4076.47,2025-10-08 22:08:00+00:00,4031.62,SL,-6.03,5.58,-1.0806,19,S94_SWEEP_REVERSAL_LONG
s94_sweep_reversal,BUY,2025-10-08 22:39:00+00:00,4021.33,4014.88,4058.73,2025-10-08 23:02:00+00:00,4014.88,SL,-6.9,6.45,-1.0698,22,S94_SWEEP_REVERSAL_LONG
s94_sweep_reversal,BUY,2025-10-08 23:10:00+00:00,4015.465,4011.64,4031.1,2025-10-08 23:44:00+00:00,4011.64,SL,-4.275,3.825,-1.1176,23,S94_SWEEP_REVERSAL_LONG
s94_sweep_reversal,BUY,2025-10-09 02:32:00+00:00,4008.235,4002.17,4024.71,2025-10-09 03:11:00+00:00,4024.71,TP,16.025,6.065,2.6422,2,S94_SWEEP_REVERSAL_LONG
s94_sweep_reversal,SELL,2025-10-09 13:10:00+00:00,4054.6,4057.8,4044.61,2025-10-09 13:11:00+00:00,4057.8,SL,-3.65,3.2,-1.1406,13,S94_SWEEP_REVERSAL_SHORT
s94_sweep_reversal,BUY,2025-10-10 03:37:00+00:00,3969.885,3961.03,3986.85,2025-10-10 03:46:00+00:00,3961.03,SL,-9.305,8.855,-1.0508,3,S94_SWEEP_REVERSAL_LONG
s94_sweep_reversal,BUY,2025-10-10 11:55:00+00:00,3990.85,3982.7,4007.48,2025-10-10 12:47:00+00:00,3982.7,SL,-8.6,8.15,-1.0552,11,S94_SWEEP_REVERSAL_LONG
s94_sweep_reversal,BUY,2025-10-10 13:01:00+00:00,3983.44,3979.79,3993.59,2025-10-10 13:02:00+00:00,3979.79,SL,-4.1,3.65,-1.1233,13,S94_SWEEP_REVERSAL_LONG
s94_sweep_reversal,BUY,2025-10-10 14:11:00+00:00,3979.5,3969.99,3995.62,2025-10-10 15:01:00+00:00,3995.62,TP,15.67,9.51,1.6477,14,S94_SWEEP_REVERSAL_LONG
s94_sweep_reversal,SELL,2025-10-13 00:45:00+00:00,4058.11,4060.79,4035.93,2025-10-13 05:04:00+00:00,4060.79,SL,-3.13,2.68,-1.1679,0,S94_SWEEP_REVERSAL_SHORT
s94_sweep_reversal,BUY,2025-10-14 13:10:00+00:00,4102.73,4097.24,4116.59,2025-10-14 13:15:00+00:00,4116.59,TP,13.41,5.49,2.4426,13,S94_SWEEP_REVERSAL_LONG
s94_sweep_reversal,SELL,2025-10-15 01:15:00+00:00,4179.935,4185.8,4162.56,2025-10-15 01:25:00+00:00,4185.8,SL,-6.315,5.865,-1.0767,1,S94_SWEEP_REVERSAL_SHORT
s94_sweep_reversal,SELL,2025-10-16 10:15:00+00:00,4239.64,4243.73,4224.77,2025-10-16 10:57:00+00:00,4243.73,SL,-4.54,4.09,-1.11,10,S94_SWEEP_REVERSAL_SHORT
s94_sweep_reversal,SELL,2025-10-16 11:06:00+00:00,4243.355,4246.52,4236.43,2025-10-16 11:26:00+00:00,4246.52,SL,-3.615,3.165,-1.1422,11,S94_SWEEP_REVERSAL_SHORT
s94_sweep_reversal,SELL,2025-10-16 13:17:00+00:00,4247.7,4251.71,4226.52,2025-10-16 13:22:00+00:00,4251.71,SL,-4.46,4.01,-1.1122,13,S94_SWEEP_REVERSAL_SHORT
s94_sweep_reversal,SELL,2025-10-17 04:56:00+00:00,4371.76,4377.06,4356.99,2025-10-17 04:59:00+00:00,4377.06,SL,-5.75,5.3,-1.0849,4,S94_SWEEP_REVERSAL_SHORT
s94_sweep_reversal,BUY,2025-10-17 07:27:00+00:00,4342.18,4302.66,4408.37,2025-10-17 11:51:00+00:00,4302.66,SL,-39.97,39.52,-1.0114,7,S94_SWEEP_REVERSAL_LONG
s94_sweep_reversal,BUY,2025-10-17 13:47:00+00:00,4283.665,4255.8,4332.56,2025-10-17 14:02:00+00:00,4255.8,SL,-28.315,27.865,-1.0161,13,S94_SWEEP_REVERSAL_LONG
s94_sweep_reversal,BUY,2025-10-17 17:15:00+00:00,4203.55,4184.15,4237.35,2025-10-17 18:09:00+00:00,4237.35,TP,33.35,19.4,1.7191,17,S94_SWEEP_REVERSAL_LONG
s94_sweep_reversal,SELL,2025-10-20 14:30:00+00:00,4327.445,4335.28,4311.57,2025-10-20 15:00:00+00:00,4335.28,SL,-8.285,7.835,-1.0574,14,S94_SWEEP_REVERSAL_SHORT
s94_sweep_reversal,SELL,2025-10-20 15:37:00+00:00,4349.975,4356.22,4336.3,2025-10-20 18:29:00+00:00,4356.22,SL,-6.695,6.245,-1.0721,15,S94_SWEEP_REVERSAL_SHORT
s94_sweep_reversal,SELL,2025-10-20 18:45:00+00:00,4362.065,4365.07,4354.67,2025-10-20 19:07:00+00:00,4365.07,SL,-3.455,3.005,-1.1498,18,S94_SWEEP_REVERSAL_SHORT
s94_sweep_reversal,BUY,2025-10-21 02:42:00+00:00,4337.195,4332.69,4361.72,2025-10-21 05:12:00+00:00,4332.69,SL,-4.955,4.505,-1.0999,2,S94_SWEEP_REVERSAL_LONG
s94_sweep_reversal,BUY,2025-10-21 12:08:00+00:00,4249.6,4245.16,4263.13,2025-10-21 12:10:00+00:00,4245.16,SL,-4.89,4.44,-1.1014,12,S94_SWEEP_REVERSAL_LONG
s94_sweep_reversal,BUY,2025-10-21 13:55:00+00:00,4176.295,4166.8,4250.85,2025-10-21 14:02:00+00:00,4166.8,SL,-9.945,9.495,-1.0474,13,S94_SWEEP_REVERSAL_LONG
s94_sweep_reversal,SELL,2025-10-22 05:48:00+00:00,4143.425,4147.36,4132.76,2025-10-22 05:58:00+00:00,4132.76,TP,10.215,3.935,2.5959,5,S94_SWEEP_REVERSAL_SHORT
s94_sweep_reversal,BUY,2025-10-22 10:52:00+00:00,4053.35,4044.38,4089.41,2025-10-22 10:53:00+00:00,4044.38,SL,-9.42,8.97,-1.0502,10,S94_SWEEP_REVERSAL_LONG
s94_sweep_reversal,BUY,2025-10-22 23:25:00+00:00,4088.52,4084.15,4107.82,2025-10-22 23:27:00+00:00,4084.15,SL,-4.82,4.37,-1.103,23,S94_SWEEP_REVERSAL_LONG
s94_sweep_reversal,SELL,2025-10-23 05:32:00+00:00,4096.73,4101.47,4088.68,2025-10-23 05:53:00+00:00,4101.47,SL,-5.19,4.74,-1.0949,5,S94_SWEEP_REVERSAL_SHORT
s94_sweep_reversal,SELL,2025-10-24 00:15:00+00:00,4128.8,4132.81,4112.22,2025-10-24 00:29:00+00:00,4132.81,SL,-4.46,4.01,-1.1122,0,S94_SWEEP_REVERSAL_SHORT
s94_sweep_reversal,SELL,2025-10-24 13:26:00+00:00,4118.025,4122.74,4096.59,2025-10-24 14:12:00+00:00,4122.74,SL,-5.165,4.715,-1.0954,13,S94_SWEEP_REVERSAL_SHORT
s94_sweep_reversal,SELL,2025-10-24 16:22:00+00:00,4135.32,4136.94,4120.68,2025-10-24 16:26:00+00:00,4136.94,SL,-2.07,1.62,-1.2778,16,S94_SWEEP_REVERSAL_SHORT
s94_sweep_reversal,BUY,2025-10-27 09:00:00+00:00,4043.515,4022.42,4091.21,2025-10-27 11:11:00+00:00,4022.42,SL,-21.545,21.095,-1.0213,9,S94_SWEEP_REVERSAL_LONG
s94_sweep_reversal,BUY,2025-10-27 11:36:00+00:00,4024.34,4020.49,4049.56,2025-10-27 11:38:00+00:00,4020.49,SL,-4.3,3.85,-1.1169,11,S94_SWEEP_REVERSAL_LONG
s94_sweep_reversal,BUY,2025-10-27 14:01:00+00:00,4015.29,4013.35,4041.29,2025-10-27 14:03:00+00:00,4013.35,SL,-2.39,1.94,-1.232,14,S94_SWEEP_REVERSAL_LONG
s94_sweep_reversal,BUY,2025-10-27 14:15:00+00:00,4004.28,3999.92,4036.31,2025-10-27 14:16:00+00:00,3999.92,SL,-4.81,4.36,-1.1032,14,S94_SWEEP_REVERSAL_LONG
s94_sweep_reversal,BUY,2025-10-28 02:53:00+00:00,3983.25,3971.9,4004.69,2025-10-28 04:24:00+00:00,3971.9,SL,-11.8,11.35,-1.0396,2,S94_SWEEP_REVERSAL_LONG
s94_sweep_reversal,BUY,2025-10-28 04:37:00+00:00,3971.445,3962.84,3986.0,2025-10-28 05:35:00+00:00,3962.84,SL,-9.055,8.605,-1.0523,4,S94_SWEEP_REVERSAL_LONG
s94_sweep_reversal,BUY,2025-10-28 07:17:00+00:00,3938.335,3935.97,3949.96,2025-10-28 07:18:00+00:00,3935.97,SL,-2.815,2.365,-1.1903,7,S94_SWEEP_REVERSAL_LONG
s94_sweep_reversal,SELL,2025-10-28 13:25:00+00:00,3930.1,3933.93,3912.14,2025-10-28 13:28:00+00:00,3933.93,SL,-4.28,3.83,-1.1175,13,S94_SWEEP_REVERSAL_SHORT
s94_sweep_reversal,BUY,2025-10-28 18:45:00+00:00,3951.155,3944.55,3965.46,2025-10-28 22:07:00+00:00,3944.55,SL,-7.055,6.605,-1.0681,18,S94_SWEEP_REVERSAL_LONG
s94_sweep_reversal,SELL,2025-10-29 07:02:00+00:00,3982.495,3985.04,3975.71,2025-10-29 07:09:00+00:00,3985.04,SL,-2.995,2.545,-1.1768,7,S94_SWEEP_REVERSAL_SHORT
s94_sweep_reversal,SELL,2025-10-29 09:18:00+00:00,4019.805,4021.99,4010.48,2025-10-29 09:45:00+00:00,4021.99,SL,-2.635,2.185,-1.2059,9,S94_SWEEP_REVERSAL_SHORT
s94_sweep_reversal,BUY,2025-10-29 19:30:00+00:00,3950.79,3941.9,3971.78,2025-10-29 19:33:00+00:00,3941.9,SL,-9.34,8.89,-1.0506,19,S94_SWEEP_REVERSAL_LONG
s94_sweep_reversal,SELL,2025-10-30 14:15:00+00:00,4011.705,4015.44,3979.38,2025-10-30 17:46:00+00:00,4015.44,SL,-4.185,3.735,-1.1205,14,S94_SWEEP_REVERSAL_SHORT
s94_sweep_reversal,SELL,2025-10-30 18:30:00+00:00,4015.1,4018.35,4002.43,2025-10-30 19:03:00+00:00,4018.35,SL,-3.7,3.25,-1.1385,18,S94_SWEEP_REVERSAL_SHORT
s94_sweep_reversal,BUY,2025-10-31 02:01:00+00:00,4016.36,4012.39,4038.64,2025-10-31 02:07:00+00:00,4012.39,SL,-4.42,3.97,-1.1134,2,S94_SWEEP_REVERSAL_LONG
s94_sweep_reversal,BUY,2025-10-31 04:15:00+00:00,3991.235,3988.85,4003.25,2025-10-31 04:31:00+00:00,4003.25,TP,11.565,2.385,4.8491,4,S94_SWEEP_REVERSAL_LONG
s94_sweep_reversal,SELL,2025-11-03 01:55:00+00:00,3999.335,4002.35,3978.48,2025-11-03 02:21:00+00:00,4002.35,SL,-3.465,3.015,-1.1493,1,S94_SWEEP_REVERSAL_SHORT
s94_sweep_reversal,SELL,2025-11-03 03:10:00+00:00,4006.74,4012.07,3992.81,2025-11-03 03:38:00+00:00,4012.07,SL,-5.78,5.33,-1.0844,3,S94_SWEEP_REVERSAL_SHORT
s94_sweep_reversal,SELL,2025-11-03 05:40:00+00:00,4015.45,4018.62,4005.7,2025-11-03 06:24:00+00:00,4018.62,SL,-3.62,3.17,-1.142,5,S94_SWEEP_REVERSAL_SHORT
s94_sweep_reversal,SELL,2025-11-03 07:25:00+00:00,4018.795,4024.16,4008.23,2025-11-03 07:50:00+00:00,4024.16,SL,-5.815,5.365,-1.0839,7,S94_SWEEP_REVERSAL_SHORT
s94_sweep_reversal,SELL,2025-11-03 15:13:00+00:00,4028.13,4030.65,4015.26,2025-11-03 15:14:00+00:00,4030.65,SL,-2.97,2.52,-1.1786,15,S94_SWEEP_REVERSAL_SHORT
s94_sweep_reversal,SELL,2025-11-03 20:11:00+00:00,4009.78,4012.72,3996.73,2025-11-03 20:19:00+00:00,4012.72,SL,-3.39,2.94,-1.1531,20,S94_SWEEP_REVERSAL_SHORT
s94_sweep_reversal,BUY,2025-11-04 05:58:00+00:00,3975.57,3973.13,3989.72,2025-11-04 05:59:00+00:00,3973.13,SL,-2.89,2.44,-1.1844,5,S94_SWEEP_REVERSAL_LONG
s94_sweep_reversal,BUY,2025-11-04 12:54:00+00:00,3986.065,3983.91,3997.1,2025-11-04 12:55:00+00:00,3983.91,SL,-2.605,2.155,-1.2088,12,S94_SWEEP_REVERSAL_LONG
s94_sweep_reversal,SELL,2025-11-05 00:15:00+00:00,3940.88,3943.17,3922.95,2025-11-05 01:04:00+00:00,3943.17,SL,-2.74,2.29,-1.1965,0,S94_SWEEP_REVERSAL_SHORT
s94_sweep_reversal,SELL,2025-11-05 01:10:00+00:00,3942.96,3945.07,3929.43,2025-11-05 01:13:00+00:00,3945.07,SL,-2.56,2.11,-1.2133,1,S94_SWEEP_REVERSAL_SHORT
s94_sweep_reversal,BUY,2025-11-05 10:16:00+00:00,3961.875,3955.52,3987.77,2025-11-05 16:47:00+00:00,3987.77,TP,25.445,6.355,4.0039,10,S94_SWEEP_REVERSAL_LONG
s94_sweep_reversal,SELL,2025-11-05 16:55:00+00:00,3987.34,3990.89,3975.09,2025-11-05 23:04:00+00:00,3975.09,TP,11.8,3.55,3.3239,16,S94_SWEEP_REVERSAL_SHORT
s94_sweep_reversal,SELL,2025-11-06 02:15:00+00:00,3977.795,3980.11,3968.87,2025-11-06 02:30:00+00:00,3980.11,SL,-2.765,2.315,-1.1944,2,S94_SWEEP_REVERSAL_SHORT
s94_sweep_reversal,BUY,2025-11-06 13:00:00+00:00,4004.5,4002.79,4017.77,2025-11-06 14:18:00+00:00,4002.79,SL,-2.16,1.71,-1.2632,13,S94_SWEEP_REVERSAL_LONG
s94_sweep_reversal,BUY,2025-11-06 15:00:00+00:00,3991.185,3988.89,4006.96,2025-11-06 15:01:00+00:00,3988.89,SL,-2.745,2.295,-1.1961,15,S94_SWEEP_REVERSAL_LONG
s94_sweep_reversal,BUY,2025-11-06 15:10:00+00:00,3982.365,3977.83,4009.56,2025-11-06 15:37:00+00:00,3977.83,SL,-4.985,4.535,-1.0992,15,S94_SWEEP_REVERSAL_LONG
s94_sweep_reversal,BUY,2025-11-07 11:22:00+00:00,4003.26,3999.85,4016.68,2025-11-07 11:27:00+00:00,3999.85,SL,-3.86,3.41,-1.132,11,S94_SWEEP_REVERSAL_LONG
s94_sweep_reversal,BUY,2025-11-07 13:01:00+00:00,3993.65,3991.49,4005.39,2025-11-07 14:18:00+00:00,4005.39,TP,11.29,2.16,5.2269,13,S94_SWEEP_REVERSAL_LONG
s94_sweep_reversal,SELL,2025-11-10 16:54:00+00:00,4094.355,4095.91,4088.52,2025-11-10 17:00:00+00:00,4095.91,SL,-2.005,1.555,-1.2894,16,S94_SWEEP_REVERSAL_SHORT
s94_sweep_reversal,BUY,2025-11-11 05:45:00+00:00,4129.75,4124.41,4138.99,2025-11-11 09:02:00+00:00,4138.99,TP,8.79,5.34,1.6461,5,S94_SWEEP_REVERSAL_LONG
s94_sweep_reversal,SELL,2025-11-11 13:49:00+00:00,4144.805,4147.09,4131.47,2025-11-11 14:21:00+00:00,4131.47,TP,12.885,2.285,5.6389,13,S94_SWEEP_REVERSAL_SHORT
s94_sweep_reversal,BUY,2025-11-12 04:17:00+00:00,4106.64,4103.33,4112.44,2025-11-12 04:32:00+00:00,4112.44,TP,5.35,3.31,1.6163,4,S94_SWEEP_REVERSAL_LONG
s94_sweep_reversal,BUY,2025-11-12 05:43:00+00:00,4103.635,4098.44,4113.02,2025-11-12 06:25:00+00:00,4113.02,TP,8.935,5.195,1.7199,5,S94_SWEEP_REVERSAL_LONG
s94_sweep_reversal,BUY,2025-11-12 23:45:00+00:00,4191.0,4186.9,4201.14,2025-11-13 00:12:00+00:00,4186.9,SL,-4.55,4.1,-1.1098,23,S94_SWEEP_REVERSAL_LONG
s94_sweep_reversal,BUY,2025-11-13 01:26:00+00:00,4185.9,4179.12,4202.81,2025-11-13 03:11:00+00:00,4202.81,TP,16.46,6.78,2.4277,1,S94_SWEEP_REVERSAL_LONG
s94_sweep_reversal,BUY,2025-11-13 11:17:00+00:00,4225.08,4221.36,4236.58,2025-11-13 11:21:00+00:00,4221.36,SL,-4.17,3.72,-1.121,11,S94_SWEEP_REVERSAL_LONG
s94_sweep_reversal,BUY,2025-11-13 14:15:00+00:00,4219.35,4213.2,4238.62,2025-11-13 14:22:00+00:00,4213.2,SL,-6.6,6.15,-1.0732,14,S94_SWEEP_REVERSAL_LONG
s94_sweep_reversal,BUY,2025-11-13 14:40:00+00:00,4208.4,4203.51,4228.07,2025-11-13 14:42:00+00:00,4203.51,SL,-5.34,4.89,-1.092,14,S94_SWEEP_REVERSAL_LONG
s94_sweep_reversal,BUY,2025-11-14 11:48:00+00:00,4145.19,4141.58,4163.97,2025-11-14 11:54:00+00:00,4141.58,SL,-4.06,3.61,-1.1247,11,S94_SWEEP_REVERSAL_LONG
s94_sweep_reversal,BUY,2025-11-14 21:06:00+00:00,4080.87,4075.09,4094.22,2025-11-16 23:05:00+00:00,4078.65,TIME,-2.67,5.78,-0.4619,21,S94_SWEEP_REVERSAL_LONG
s94_sweep_reversal,BUY,2025-11-17 03:10:00+00:00,4077.98,4069.05,4093.8,2025-11-17 05:19:00+00:00,4069.05,SL,-9.38,8.93,-1.0504,3,S94_SWEEP_REVERSAL_LONG
s94_sweep_reversal,SELL,2025-11-17 13:19:00+00:00,4085.98,4092.92,4060.02,2025-11-17 16:04:00+00:00,4060.02,TP,25.51,6.94,3.6758,13,S94_SWEEP_REVERSAL_SHORT
s94_sweep_reversal,BUY,2025-11-17 16:16:00+00:00,4060.57,4051.56,4078.46,2025-11-17 17:20:00+00:00,4078.46,TP,17.44,9.01,1.9356,16,S94_SWEEP_REVERSAL_LONG
s94_sweep_reversal,BUY,2025-11-18 04:37:00+00:00,4008.24,4004.37,4018.53,2025-11-18 05:21:00+00:00,4018.53,TP,9.84,3.87,2.5426,4,S94_SWEEP_REVERSAL_LONG
s94_sweep_reversal,BUY,2025-11-18 07:22:00+00:00,4004.725,4002.0,4015.68,2025-11-18 07:30:00+00:00,4002.0,SL,-3.175,2.725,-1.1651,7,S94_SWEEP_REVERSAL_LONG
s94_sweep_reversal,SELL,2025-11-18 08:31:00+00:00,4025.395,4026.98,4011.19,2025-11-18 08:32:00+00:00,4026.98,SL,-2.035,1.585,-1.2839,8,S94_SWEEP_REVERSAL_SHORT
s94_sweep_reversal,SELL,2025-11-18 10:09:00+00:00,4042.795,4047.79,4026.65,2025-11-18 10:46:00+00:00,4047.79,SL,-5.445,4.995,-1.0901,10,S94_SWEEP_REVERSAL_SHORT
s94_sweep_reversal,SELL,2025-11-18 10:45:00+00:00,4045.355,4047.53,4029.62,2025-11-18 10:46:00+00:00,4047.53,SL,-2.625,2.175,-1.2069,10,S94_SWEEP_REVERSAL_SHORT
s94_sweep_reversal,SELL,2025-11-18 13:30:00+00:00,4050.525,4053.21,4030.25,2025-11-18 13:33:00+00:00,4053.21,SL,-3.135,2.685,-1.1676,13,S94_SWEEP_REVERSAL_SHORT
s94_sweep_reversal,BUY,2025-11-19 01:16:00+00:00,4063.22,4061.22,4073.26,2025-11-19 01:18:00+00:00,4061.22,SL,-2.45,2.0,-1.225,1,S94_SWEEP_REVERSAL_LONG
s94_sweep_reversal,SELL,2025-11-19 02:51:00+00:00,4078.655,4080.99,4063.07,2025-11-19 05:16:00+00:00,4080.99,SL,-2.785,2.335,-1.1927,2,S94_SWEEP_REVERSAL_SHORT
s94_sweep_reversal,BUY,2025-11-19 17:15:00+00:00,4064.68,4054.55,4097.86,2025-11-19 23:41:00+00:00,4097.86,TP,32.73,10.13,3.231,17,S94_SWEEP_REVERSAL_LONG
s94_sweep_reversal,BUY,2025-11-20 07:58:00+00:00,4058.52,4053.93,4069.59,2025-11-20 08:03:00+00:00,4053.93,SL,-5.04,4.59,-1.098,7,S94_SWEEP_REVERSAL_LONG
s94_sweep_reversal,SELL,2025-11-20 15:03:00+00:00,4096.545,4108.43,4065.88,2025-11-20 16:25:00+00:00,4065.88,TP,30.215,11.885,2.5423,15,S94_SWEEP_REVERSAL_SHORT
s94_sweep_reversal,BUY,2025-11-21 00:34:00+00:00,4073.075,4071.46,4086.87,2025-11-21 00:53:00+00:00,4071.46,SL,-2.065,1.615,-1.2786,0,S94_SWEEP_REVERSAL_LONG
s94_sweep_reversal,BUY,2025-11-21 04:50:00+00:00,4049.46,4047.53,4055.38,2025-11-21 05:00:00+00:00,4055.38,TP,5.47,1.93,2.8342,4,S94_SWEEP_REVERSAL_LONG
s94_sweep_reversal,BUY,2025-11-21 06:15:00+00:00,4047.705,4038.95,4060.04,2025-11-21 06:28:00+00:00,4038.95,SL,-9.205,8.755,-1.0514,6,S94_SWEEP_REVERSAL_LONG
s94_sweep_reversal,BUY,2025-11-21 07:57:00+00:00,4029.36,4024.38,4040.81,2025-11-21 08:03:00+00:00,4024.38,SL,-5.43,4.98,-1.0904,7,S94_SWEEP_REVERSAL_LONG
s94_sweep_reversal,SELL,2025-11-21 12:56:00+00:00,4065.095,4072.45,4052.07,2025-11-21 13:44:00+00:00,4072.45,SL,-7.805,7.355,-1.0612,12,S94_SWEEP_REVERSAL_SHORT
s94_sweep_reversal,BUY,2025-11-24 04:54:00+00:00,4042.755,4040.57,4049.08,2025-11-24 05:22:00+00:00,4040.57,SL,-2.635,2.185,-1.2059,4,S94_SWEEP_REVERSAL_LONG
s94_sweep_reversal,BUY,2025-11-25 01:17:00+00:00,4125.385,4123.83,4141.16,2025-11-25 01:19:00+00:00,4123.83,SL,-2.005,1.555,-1.2894,1,S94_SWEEP_REVERSAL_LONG
s94_sweep_reversal,SELL,2025-11-25 13:09:00+00:00,4137.47,4139.07,4132.39,2025-11-25 13:10:00+00:00,4139.07,SL,-2.05,1.6,-1.2813,13,S94_SWEEP_REVERSAL_SHORT
s94_sweep_reversal,BUY,2025-11-26 06:30:00+00:00,4156.525,4152.77,4162.03,2025-11-26 06:34:00+00:00,4152.77,SL,-4.205,3.755,-1.1198,6,S94_SWEEP_REVERSAL_LONG
s94_sweep_reversal,BUY,2025-11-26 13:00:00+00:00,4154.76,4147.95,4169.18,2025-11-26 14:07:00+00:00,4147.95,SL,-7.26,6.81,-1.0661,13,S94_SWEEP_REVERSAL_LONG
s94_sweep_reversal,BUY,2025-11-26 14:15:00+00:00,4146.68,4138.89,4174.35,2025-11-26 15:00:00+00:00,4138.89,SL,-8.24,7.79,-1.0578,14,S94_SWEEP_REVERSAL_LONG
s94_sweep_reversal,SELL,2025-11-27 11:45:00+00:00,4161.005,4162.76,4157.5,2025-11-27 11:59:00+00:00,4157.5,TP,3.055,1.755,1.7407,11,S94_SWEEP_REVERSAL_SHORT
s94_sweep_reversal,BUY,2025-12-01 14:21:00+00:00,4244.225,4237.9,4260.19,2025-12-01 14:35:00+00:00,4237.9,SL,-6.775,6.325,-1.0711,14,S94_SWEEP_REVERSAL_LONG
s94_sweep_reversal,SELL,2025-12-01 18:50:00+00:00,4242.66,4245.03,4232.04,2025-12-01 19:51:00+00:00,4232.04,TP,10.17,2.37,4.2911,18,S94_SWEEP_REVERSAL_SHORT
s94_sweep_reversal,BUY,2025-12-01 23:56:00+00:00,4229.315,4223.9,4240.92,2025-12-02 00:10:00+00:00,4223.9,SL,-5.865,5.415,-1.0831,23,S94_SWEEP_REVERSAL_LONG
s94_sweep_reversal,BUY,2025-12-02 09:16:00+00:00,4207.24,4204.71,4218.79,2025-12-02 09:17:00+00:00,4204.71,SL,-2.98,2.53,-1.1779,9,S94_SWEEP_REVERSAL_LONG
s94_sweep_reversal,BUY,2025-12-03 09:07:00+00:00,4202.38,4200.19,4210.87,2025-12-03 09:08:00+00:00,4200.19,SL,-2.64,2.19,-1.2055,9,S94_SWEEP_REVERSAL_LONG
s94_sweep_reversal,BUY,2025-12-04 02:21:00+00:00,4202.9,4198.62,4219.61,2025-12-04 03:02:00+00:00,4198.62,SL,-4.73,4.28,-1.1051,2,S94_SWEEP_REVERSAL_LONG
s94_sweep_reversal,BUY,2025-12-04 03:10:00+00:00,4195.195,4186.65,4215.73,2025-12-04 05:38:00+00:00,4186.65,SL,-8.995,8.545,-1.0527,3,S94_SWEEP_REVERSAL_LONG
s94_sweep_reversal,BUY,2025-12-04 12:21:00+00:00,4196.645,4193.11,4204.79,2025-12-04 12:29:00+00:00,4193.11,SL,-3.985,3.535,-1.1273,12,S94_SWEEP_REVERSAL_LONG
s94_sweep_reversal,SELL,2025-12-04 11:15:00+00:00,4202.83,4207.01,4190.54,2025-12-04 12:34:00+00:00,4190.54,TP,11.84,4.18,2.8325,11,S94_SWEEP_REVERSAL_SHORT
s94_sweep_reversal,SELL,2025-12-04 16:16:00+00:00,4213.61,4215.61,4197.83,2025-12-04 16:17:00+00:00,4215.61,SL,-2.45,2.0,-1.225,16,S94_SWEEP_REVERSAL_SHORT
s94_sweep_reversal,SELL,2025-12-04 17:50:00+00:00,4217.08,4219.87,4200.28,2025-12-04 19:12:00+00:00,4200.28,TP,16.35,2.79,5.8602,17,S94_SWEEP_REVERSAL_SHORT
s94_sweep_reversal,BUY,2025-12-04 23:45:00+00:00,4205.485,4203.86,4213.14,2025-12-05 00:30:00+00:00,4203.86,SL,-2.075,1.625,-1.2769,23,S94_SWEEP_REVERSAL_LONG
s94_sweep_reversal,SELL,2025-12-05 12:16:00+00:00,4227.545,4229.91,4222.19,2025-12-05 13:00:00+00:00,4229.91,SL,-2.815,2.365,-1.1903,12,S94_SWEEP_REVERSAL_SHORT
s94_sweep_reversal,SELL,2025-12-05 13:25:00+00:00,4230.9,4233.63,4215.09,2025-12-05 13:28:00+00:00,4233.63,SL,-3.18,2.73,-1.1648,13,S94_SWEEP_REVERSAL_SHORT
s94_sweep_reversal,BUY,2025-12-05 19:17:00+00:00,4206.55,4203.38,4218.49,2025-12-05 19:46:00+00:00,4203.38,SL,-3.62,3.17,-1.142,19,S94_SWEEP_REVERSAL_LONG
s94_sweep_reversal,BUY,2025-12-05 21:30:00+00:00,4196.77,4191.58,4209.06,2025-12-07 23:35:00+00:00,4201.9,TIME,4.68,5.19,0.9017,21,S94_SWEEP_REVERSAL_LONG
s94_sweep_reversal,BUY,2025-12-08 09:08:00+00:00,4204.77,4203.02,4218.21,2025-12-08 10:31:00+00:00,4203.02,SL,-2.2,1.75,-1.2571,9,S94_SWEEP_REVERSAL_LONG
s94_sweep_reversal,BUY,2025-12-08 10:47:00+00:00,4204.305,4200.78,4212.95,2025-12-08 11:05:00+00:00,4200.78,SL,-3.975,3.525,-1.1277,10,S94_SWEEP_REVERSAL_LONG
s94_sweep_reversal,BUY,2025-12-08 14:00:00+00:00,4199.71,4197.71,4212.98,2025-12-08 14:01:00+00:00,4197.71,SL,-2.45,2.0,-1.225,14,S94_SWEEP_REVERSAL_LONG
s94_sweep_reversal,SELL,2025-12-10 01:29:00+00:00,4216.695,4218.29,4210.11,2025-12-10 02:43:00+00:00,4218.29,SL,-2.045,1.595,-1.2821,1,S94_SWEEP_REVERSAL_SHORT
s94_sweep_reversal,BUY,2025-12-10 05:25:00+00:00,4203.485,4201.52,4210.21,2025-12-10 05:38:00+00:00,4210.21,TP,6.275,1.965,3.1934,5,S94_SWEEP_REVERSAL_LONG
s94_sweep_reversal,BUY,2025-12-10 14:40:00+00:00,4193.22,4191.23,4208.3,2025-12-10 15:16:00+00:00,4191.23,SL,-2.44,1.99,-1.2261,14,S94_SWEEP_REVERSAL_LONG
s94_sweep_reversal,SELL,2025-12-10 19:15:00+00:00,4214.66,4220.38,4187.37,2025-12-10 19:41:00+00:00,4187.37,TP,26.84,5.72,4.6923,19,S94_SWEEP_REVERSAL_SHORT
s94_sweep_reversal,BUY,2025-12-11 02:58:00+00:00,4224.255,4219.97,4234.06,2025-12-11 03:05:00+00:00,4219.97,SL,-4.735,4.285,-1.105,2,S94_SWEEP_REVERSAL_LONG
s94_sweep_reversal,SELL,2025-12-11 09:55:00+00:00,4219.65,4221.81,4213.91,2025-12-11 10:03:00+00:00,4221.81,SL,-2.61,2.16,-1.2083,9,S94_SWEEP_REVERSAL_SHORT
s94_sweep_reversal,SELL,2025-12-11 16:19:00+00:00,4259.34,4261.72,4250.76,2025-12-11 16:43:00+00:00,4261.72,SL,-2.83,2.38,-1.1891,16,S94_SWEEP_REVERSAL_SHORT
s94_sweep_reversal,BUY,2025-12-12 16:19:00+00:00,4281.38,4272.84,4319.72,2025-12-12 16:21:00+00:00,4272.84,SL,-8.99,8.54,-1.0527,16,S94_SWEEP_REVERSAL_LONG
s94_sweep_reversal,SELL,2025-12-15 09:12:00+00:00,4347.48,4349.18,4340.07,2025-12-15 09:13:00+00:00,4349.18,SL,-2.15,1.7,-1.2647,9,S94_SWEEP_REVERSAL_SHORT
s94_sweep_reversal,BUY,2025-12-15 14:48:00+00:00,4323.1,4320.47,4332.27,2025-12-15 14:53:00+00:00,4320.47,SL,-3.08,2.63,-1.1711,14,S94_SWEEP_REVERSAL_LONG
s94_sweep_reversal,BUY,2025-12-15 15:00:00+00:00,4319.32,4317.33,4344.62,2025-12-15 15:01:00+00:00,4317.33,SL,-2.44,1.99,-1.2261,15,S94_SWEEP_REVERSAL_LONG
s94_sweep_reversal,BUY,2025-12-16 02:51:00+00:00,4303.04,4298.99,4318.02,2025-12-16 02:53:00+00:00,4298.99,SL,-4.5,4.05,-1.1111,2,S94_SWEEP_REVERSAL_LONG
s94_sweep_reversal,SELL,2025-12-16 14:11:00+00:00,4318.035,4320.43,4302.65,2025-12-16 14:14:00+00:00,4320.43,SL,-2.845,2.395,-1.1879,14,S94_SWEEP_REVERSAL_SHORT
s94_sweep_reversal,SELL,2025-12-16 14:30:00+00:00,4327.935,4330.84,4320.91,2025-12-16 14:33:00+00:00,4330.84,SL,-3.355,2.905,-1.1549,14,S94_SWEEP_REVERSAL_SHORT
s94_sweep_reversal,SELL,2025-12-16 20:06:00+00:00,4313.475,4316.16,4303.16,2025-12-16 20:53:00+00:00,4303.16,TP,9.865,2.685,3.6741,20,S94_SWEEP_REVERSAL_SHORT
s94_sweep_reversal,SELL,2025-12-17 05:35:00+00:00,4335.185,4338.25,4327.22,2025-12-17 05:38:00+00:00,4338.25,SL,-3.515,3.065,-1.1468,5,S94_SWEEP_REVERSAL_SHORT
s94_sweep_reversal,BUY,2025-12-17 10:37:00+00:00,4311.145,4308.17,4327.03,2025-12-17 10:38:00+00:00,4308.17,SL,-3.425,2.975,-1.1513,10,S94_SWEEP_REVERSAL_LONG
s94_sweep_reversal,SELL,2025-12-17 13:15:00+00:00,4323.45,4328.65,4313.14,2025-12-17 13:16:00+00:00,4328.65,SL,-5.65,5.2,-1.0865,13,S94_SWEEP_REVERSAL_SHORT
s94_sweep_reversal,SELL,2025-12-17 14:54:00+00:00,4342.58,4346.44,4325.8,2025-12-17 15:31:00+00:00,4346.44,SL,-4.31,3.86,-1.1166,14,S94_SWEEP_REVERSAL_SHORT
s94_sweep_reversal,SELL,2025-12-17 18:04:00+00:00,4346.09,4349.6,4337.53,2025-12-17 18:38:00+00:00,4337.53,TP,8.11,3.51,2.3105,18,S94_SWEEP_REVERSAL_SHORT
s94_sweep_reversal,BUY,2025-12-18 08:13:00+00:00,4328.69,4324.59,4340.22,2025-12-18 08:55:00+00:00,4324.59,SL,-4.55,4.1,-1.1098,8,S94_SWEEP_REVERSAL_LONG
s94_sweep_reversal,BUY,2025-12-18 09:26:00+00:00,4324.02,4321.58,4333.88,2025-12-18 09:42:00+00:00,4321.58,SL,-2.89,2.44,-1.1844,9,S94_SWEEP_REVERSAL_LONG
s94_sweep_reversal,SELL,2025-12-18 14:01:00+00:00,4337.785,4343.73,4323.68,2025-12-18 14:41:00+00:00,4323.68,TP,13.655,5.945,2.2969,14,S94_SWEEP_REVERSAL_SHORT
s94_sweep_reversal,BUY,2025-12-19 01:22:00+00:00,4322.755,4320.51,4334.44,2025-12-19 01:23:00+00:00,4320.51,SL,-2.695,2.245,-1.2004,1,S94_SWEEP_REVERSAL_LONG
s94_sweep_reversal,SELL,2025-12-19 10:06:00+00:00,4330.975,4333.94,4320.3,2025-12-19 13:11:00+00:00,4333.94,SL,-3.415,2.965,-1.1518,10,S94_SWEEP_REVERSAL_SHORT
s94_sweep_reversal,SELL,2025-12-19 13:20:00+00:00,4333.67,4335.37,4324.03,2025-12-19 13:31:00+00:00,4335.37,SL,-2.15,1.7,-1.2647,13,S94_SWEEP_REVERSAL_SHORT
s94_sweep_reversal,SELL,2025-12-19 15:00:00+00:00,4335.705,4338.15,4325.1,2025-12-19 15:04:00+00:00,4338.15,SL,-2.895,2.445,-1.184,15,S94_SWEEP_REVERSAL_SHORT
s94_sweep_reversal,BUY,2025-12-22 19:06:00+00:00,4431.995,4429.19,4437.26,2025-12-22 19:15:00+00:00,4429.19,SL,-3.255,2.805,-1.1604,19,S94_SWEEP_REVERSAL_LONG
s94_sweep_reversal,BUY,2025-12-23 14:00:00+00:00,4478.225,4473.04,4503.89,2025-12-23 14:03:00+00:00,4473.04,SL,-5.635,5.185,-1.0868,14,S94_SWEEP_REVERSAL_LONG
s94_sweep_reversal,BUY,2025-12-23 14:15:00+00:00,4469.5,4454.88,4487.6,2025-12-23 14:31:00+00:00,4454.88,SL,-15.07,14.62,-1.0308,14,S94_SWEEP_REVERSAL_LONG
s94_sweep_reversal,SELL,2025-12-23 18:50:00+00:00,4479.92,4481.63,4467.16,2025-12-23 18:57:00+00:00,4481.63,SL,-2.16,1.71,-1.2632,18,S94_SWEEP_REVERSAL_SHORT
s94_sweep_reversal,SELL,2025-12-26 05:42:00+00:00,4511.855,4515.29,4499.54,2025-12-26 06:21:00+00:00,4515.29,SL,-3.885,3.435,-1.131,5,S94_SWEEP_REVERSAL_SHORT
s94_sweep_reversal,SELL,2025-12-26 10:30:00+00:00,4520.7,4524.06,4510.41,2025-12-26 11:04:00+00:00,4510.41,TP,9.84,3.36,2.9286,10,S94_SWEEP_REVERSAL_SHORT
s94_sweep_reversal,BUY,2025-12-26 11:27:00+00:00,4507.435,4502.99,4519.99,2025-12-26 11:49:00+00:00,4502.99,SL,-4.895,4.445,-1.1012,11,S94_SWEEP_REVERSAL_LONG
s94_sweep_reversal,SELL,2025-12-26 13:56:00+00:00,4523.75,4529.4,4507.83,2025-12-26 14:27:00+00:00,4529.4,SL,-6.1,5.65,-1.0796,13,S94_SWEEP_REVERSAL_SHORT
s94_sweep_reversal,SELL,2025-12-26 00:51:00+00:00,4510.78,4539.34,4433.14,2025-12-26 15:34:00+00:00,4539.34,SL,-29.01,28.56,-1.0158,0,S94_SWEEP_REVERSAL_SHORT
s94_sweep_reversal,BUY,2025-12-26 17:54:00+00:00,4512.795,4509.75,4530.92,2025-12-26 18:53:00+00:00,4530.92,TP,17.675,3.045,5.8046,17,S94_SWEEP_REVERSAL_LONG
s94_sweep_reversal,BUY,2025-12-29 00:15:00+00:00,4523.05,4513.76,4541.35,2025-12-29 00:18:00+00:00,4513.76,SL,-9.74,9.29,-1.0484,0,S94_SWEEP_REVERSAL_LONG
s94_sweep_reversal,BUY,2025-12-29 00:16:00+00:00,4519.925,4514.07,4541.35,2025-12-29 00:18:00+00:00,4514.07,SL,-6.305,5.855,-1.0769,0,S94_SWEEP_REVERSAL_LONG
s94_sweep_reversal,SELL,2025-12-29 03:23:00+00:00,4517.59,4519.09,4503.89,2025-12-29 03:35:00+00:00,4519.09,SL,-1.95,1.5,-1.3,3,S94_SWEEP_REVERSAL_SHORT
s94_sweep_reversal,BUY,2025-12-29 07:29:00+00:00,4472.25,4442.4,4513.26,2025-12-29 11:40:00+00:00,4442.4,SL,-30.3,29.85,-1.0151,7,S94_SWEEP_REVERSAL_LONG
s94_sweep_reversal,BUY,2025-12-29 11:45:00+00:00,4452.68,4432.26,4492.68,2025-12-29 13:42:00+00:00,4432.26,SL,-20.87,20.42,-1.022,11,S94_SWEEP_REVERSAL_LONG
s94_sweep_reversal,BUY,2025-12-29 11:55:00+00:00,4445.115,4433.02,4472.4,2025-12-29 13:42:00+00:00,4433.02,SL,-12.545,12.095,-1.0372,11,S94_SWEEP_REVERSAL_LONG
s94_sweep_reversal,BUY,2025-12-29 14:00:00+00:00,4411.945,4406.67,4431.32,2025-12-29 14:01:00+00:00,4406.67,SL,-5.725,5.275,-1.0853,14,S94_SWEEP_REVERSAL_LONG
s94_sweep_reversal,BUY,2025-12-29 14:58:00+00:00,4361.375,4356.3,4393.29,2025-12-29 15:00:00+00:00,4356.3,SL,-5.525,5.075,-1.0887,14,S94_SWEEP_REVERSAL_LONG
s94_sweep_reversal,BUY,2025-12-29 15:15:00+00:00,4336.555,4327.49,4365.88,2025-12-29 15:20:00+00:00,4327.49,SL,-9.515,9.065,-1.0496,15,S94_SWEEP_REVERSAL_LONG
s94_sweep_reversal,SELL,2025-12-29 23:55:00+00:00,4344.695,4347.88,4333.47,2025-12-30 00:15:00+00:00,4347.88,SL,-3.635,3.185,-1.1413,23,S94_SWEEP_REVERSAL_SHORT
s94_sweep_reversal,SELL,2025-12-30 00:26:00+00:00,4347.59,4350.11,4340.07,2025-12-30 00:27:00+00:00,4350.11,SL,-2.97,2.52,-1.1786,0,S94_SWEEP_REVERSAL_SHORT
s94_sweep_reversal,BUY,2025-12-30 01:05:00+00:00,4325.735,4323.19,4358.67,2025-12-30 01:55:00+00:00,4358.67,TP,32.485,2.545,12.7642,1,S94_SWEEP_REVERSAL_LONG
s94_sweep_reversal,BUY,2025-12-29 15:32:00+00:00,4317.05,4300.62,4365.59,2025-12-30 03:19:00+00:00,4365.59,TP,48.09,16.43,2.927,15,S94_SWEEP_REVERSAL_LONG
s94_sweep_reversal,SELL,2025-12-30 10:53:00+00:00,4383.445,4392.76,4372.0,2025-12-30 12:12:00+00:00,4392.76,SL,-9.765,9.315,-1.0483,10,S94_SWEEP_REVERSAL_SHORT
s94_sweep_reversal,BUY,2025-12-30 13:40:00+00:00,4381.365,4376.38,4410.9,2025-12-30 13:43:00+00:00,4376.38,SL,-5.435,4.985,-1.0903,13,S94_SWEEP_REVERSAL_LONG
s94_sweep_reversal,BUY,2025-12-30 18:52:00+00:00,4364.27,4362.58,4369.96,2025-12-30 19:33:00+00:00,4362.58,SL,-2.14,1.69,-1.2663,18,S94_SWEEP_REVERSAL_LONG
s94_sweep_reversal,BUY,2025-12-31 05:10:00+00:00,4332.765,4328.95,4353.51,2025-12-31 05:40:00+00:00,4328.95,SL,-4.265,3.815,-1.118,5,S94_SWEEP_REVERSAL_LONG
s94_sweep_reversal,SELL,2026-01-01 23:16:00+00:00,4331.78,4336.12,4319.91,2026-01-01 23:22:00+00:00,4336.12,SL,-4.79,4.34,-1.1037,23,S94_SWEEP_REVERSAL_SHORT
s94_sweep_reversal,SELL,2026-01-02 00:45:00+00:00,4351.665,4353.71,4341.4,2026-01-02 00:56:00+00:00,4353.71,SL,-2.495,2.045,-1.22,0,S94_SWEEP_REVERSAL_SHORT
s94_sweep_reversal,SELL,2026-01-02 05:23:00+00:00,4378.665,4380.38,4374.65,2026-01-02 05:54:00+00:00,4380.38,SL,-2.165,1.715,-1.2624,5,S94_SWEEP_REVERSAL_SHORT
s94_sweep_reversal,SELL,2026-01-02 10:37:00+00:00,4392.34,4398.38,4383.37,2026-01-02 10:51:00+00:00,4398.38,SL,-6.49,6.04,-1.0745,10,S94_SWEEP_REVERSAL_SHORT
s94_sweep_reversal,BUY,2026-01-02 13:45:00+00:00,4372.05,4365.34,4389.3,2026-01-02 13:57:00+00:00,4365.34,SL,-7.16,6.71,-1.0671,13,S94_SWEEP_REVERSAL_LONG
s94_sweep_reversal,BUY,2026-01-02 15:10:00+00:00,4345.32,4338.36,4375.91,2026-01-02 15:11:00+00:00,4338.36,SL,-7.41,6.96,-1.0647,15,S94_SWEEP_REVERSAL_LONG
s94_sweep_reversal,SELL,2026-01-05 01:16:00+00:00,4404.375,4423.33,4367.65,2026-01-05 06:25:00+00:00,4423.33,SL,-19.405,18.955,-1.0237,1,S94_SWEEP_REVERSAL_SHORT
s94_sweep_reversal,BUY,2026-01-06 00:05:00+00:00,4438.24,4436.24,4447.97,2026-01-06 00:34:00+00:00,4436.24,SL,-2.45,2.0,-1.225,0,S94_SWEEP_REVERSAL_LONG
s94_sweep_reversal,BUY,2026-01-06 00:53:00+00:00,4434.855,4429.82,4444.96,2026-01-06 01:03:00+00:00,4429.82,SL,-5.485,5.035,-1.0894,0,S94_SWEEP_REVERSAL_LONG
s94_sweep_reversal,BUY,2026-01-06 01:02:00+00:00,4432.535,4430.05,4443.89,2026-01-06 01:03:00+00:00,4430.05,SL,-2.935,2.485,-1.1811,1,S94_SWEEP_REVERSAL_LONG
s94_sweep_reversal,BUY,2026-01-06 09:25:00+00:00,4457.115,4451.69,4472.48,2026-01-06 09:47:00+00:00,4451.69,SL,-5.875,5.425,-1.0829,9,S94_SWEEP_REVERSAL_LONG
s94_sweep_reversal,SELL,2026-01-06 15:08:00+00:00,4488.6,4491.47,4480.92,2026-01-06 15:11:00+00:00,4480.92,TP,7.23,2.87,2.5192,15,S94_SWEEP_REVERSAL_SHORT
s94_sweep_reversal,BUY,2026-01-06 19:27:00+00:00,4481.76,4477.06,4487.84,2026-01-06 20:21:00+00:00,4487.84,TP,5.63,4.7,1.1979,19,S94_SWEEP_REVERSAL_LONG
s94_sweep_reversal,SELL,2026-01-06 21:06:00+00:00,4494.165,4497.14,4482.47,2026-01-06 21:49:00+00:00,4497.14,SL,-3.425,2.975,-1.1513,21,S94_SWEEP_REVERSAL_SHORT
s94_sweep_reversal,BUY,2026-01-07 06:56:00+00:00,4443.24,4441.27,4456.49,2026-01-07 07:35:00+00:00,4456.49,TP,12.8,1.97,6.4975,6,S94_SWEEP_REVERSAL_LONG
s94_sweep_reversal,SELL,2026-01-07 08:49:00+00:00,4470.55,4475.31,4457.64,2026-01-07 11:25:00+00:00,4457.64,TP,12.46,4.76,2.6176,8,S94_SWEEP_REVERSAL_SHORT
s94_sweep_reversal,BUY,2026-01-07 19:25:00+00:00,4447.135,4445.39,4454.25,2026-01-07 19:31:00+00:00,4454.25,TP,6.665,1.745,3.8195,19,S94_SWEEP_REVERSAL_LONG
s94_sweep_reversal,BUY,2026-01-08 12:12:00+00:00,4415.405,4411.98,4434.08,2026-01-08 12:14:00+00:00,4411.98,SL,-3.875,3.425,-1.1314,12,S94_SWEEP_REVERSAL_LONG
s94_sweep_reversal,SELL,2026-01-08 14:57:00+00:00,4436.205,4439.86,4412.27,2026-01-08 15:05:00+00:00,4439.86,SL,-4.105,3.655,-1.1231,14,S94_SWEEP_REVERSAL_SHORT
s94_sweep_reversal,SELL,2026-01-08 20:40:00+00:00,4474.875,4478.51,4461.75,2026-01-08 21:00:00+00:00,4478.51,SL,-4.085,3.635,-1.1238,20,S94_SWEEP_REVERSAL_SHORT
s94_sweep_reversal,SELL,2026-01-08 21:15:00+00:00,4478.18,4479.86,4472.36,2026-01-09 00:14:00+00:00,4472.36,TP,5.37,1.68,3.1964,21,S94_SWEEP_REVERSAL_SHORT
s94_sweep_reversal,BUY,2026-01-09 12:54:00+00:00,4464.2,4460.73,4476.66,2026-01-09 13:30:00+00:00,4460.73,SL,-3.92,3.47,-1.1297,12,S94_SWEEP_REVERSAL_LONG
s94_sweep_reversal,SELL,2026-01-09 13:31:00+00:00,4477.7,4480.91,4470.25,2026-01-09 13:32:00+00:00,4480.91,SL,-3.66,3.21,-1.1402,13,S94_SWEEP_REVERSAL_SHORT
s94_sweep_reversal,SELL,2026-01-12 07:09:00+00:00,4582.165,4585.47,4567.61,2026-01-12 07:16:00+00:00,4585.47,SL,-3.755,3.305,-1.1362,7,S94_SWEEP_REVERSAL_SHORT
s94_sweep_reversal,SELL,2026-01-12 07:25:00+00:00,4585.17,4587.95,4578.42,2026-01-12 07:57:00+00:00,4587.95,SL,-3.23,2.78,-1.1619,7,S94_SWEEP_REVERSAL_SHORT
s94_sweep_reversal,BUY,2026-01-13 01:59:00+00:00,4578.095,4575.33,4589.36,2026-01-13 02:07:00+00:00,4589.36,TP,10.815,2.765,3.9114,1,S94_SWEEP_REVERSAL_LONG
s94_sweep_reversal,SELL,2026-01-13 13:51:00+00:00,4618.985,4621.23,4604.66,2026-01-13 14:22:00+00:00,4621.23,SL,-2.695,2.245,-1.2004,13,S94_SWEEP_REVERSAL_SHORT
s94_sweep_reversal,SELL,2026-01-13 14:58:00+00:00,4630.19,4635.36,4614.74,2026-01-13 15:04:00+00:00,4614.74,TP,15.0,5.17,2.9014,14,S94_SWEEP_REVERSAL_SHORT
s94_sweep_reversal,SELL,2026-01-14 05:15:00+00:00,4634.89,4640.2,4619.15,2026-01-14 05:57:00+00:00,4619.15,TP,15.29,5.31,2.8795,5,S94_SWEEP_REVERSAL_SHORT
s94_sweep_reversal,BUY,2026-01-14 14:32:00+00:00,4626.175,4624.12,4643.41,2026-01-14 14:38:00+00:00,4624.12,SL,-2.505,2.055,-1.219,14,S94_SWEEP_REVERSAL_LONG
s94_sweep_reversal,BUY,2026-01-14 14:45:00+00:00,4617.945,4613.77,4645.97,2026-01-14 14:48:00+00:00,4613.77,SL,-4.625,4.175,-1.1078,14,S94_SWEEP_REVERSAL_LONG
s94_sweep_reversal,BUY,2026-01-14 15:00:00+00:00,4613.51,4606.37,4634.58,2026-01-14 15:02:00+00:00,4606.37,SL,-7.59,7.14,-1.063,15,S94_SWEEP_REVERSAL_LONG
s94_sweep_reversal,SELL,2026-01-14 19:23:00+00:00,4639.07,4643.36,4627.36,2026-01-14 20:02:00+00:00,4627.36,TP,11.26,4.29,2.6247,19,S94_SWEEP_REVERSAL_SHORT
s94_sweep_reversal,BUY,2026-01-15 03:30:00+00:00,4583.565,4581.0,4601.28,2026-01-15 06:07:00+00:00,4601.28,TP,17.265,2.565,6.731,3,S94_SWEEP_REVERSAL_LONG
s94_sweep_reversal,BUY,2026-01-16 02:54:00+00:00,4593.78,4591.13,4599.64,2026-01-16 03:17:00+00:00,4599.64,TP,5.41,2.65,2.0415,2,S94_SWEEP_REVERSAL_LONG
s94_sweep_reversal,SELL,2026-01-16 15:15:00+00:00,4616.33,4620.8,4609.86,2026-01-16 15:18:00+00:00,4609.86,TP,6.02,4.47,1.3468,15,S94_SWEEP_REVERSAL_SHORT
s94_sweep_reversal,SELL,2026-01-16 21:42:00+00:00,4595.865,4598.92,4573.9,2026-01-18 23:05:00+00:00,4598.92,SL,-3.505,3.055,-1.1473,21,S94_SWEEP_REVERSAL_SHORT
s94_sweep_reversal,BUY,2026-01-19 01:31:00+00:00,4660.89,4656.14,4679.22,2026-01-19 02:00:00+00:00,4656.14,SL,-5.2,4.75,-1.0947,1,S94_SWEEP_REVERSAL_LONG
s94_sweep_reversal,SELL,2026-01-19 06:46:00+00:00,4674.48,4676.93,4662.95,2026-01-19 06:54:00+00:00,4676.93,SL,-2.9,2.45,-1.1837,6,S94_SWEEP_REVERSAL_SHORT
s94_sweep_reversal,SELL,2026-01-20 04:47:00+00:00,4690.94,4693.84,4681.05,2026-01-20 04:49:00+00:00,4693.84,SL,-3.35,2.9,-1.1552,4,S94_SWEEP_REVERSAL_SHORT
s94_sweep_reversal,SELL,2026-01-20 14:11:00+00:00,4737.57,4749.82,4713.35,2026-01-20 14:28:00+00:00,4749.82,SL,-12.7,12.25,-1.0367,14,S94_SWEEP_REVERSAL_SHORT
s94_sweep_reversal,SELL,2026-01-23 00:55:00+00:00,4960.67,4963.67,4952.4,2026-01-23 00:59:00+00:00,4963.67,SL,-3.45,3.0,-1.15,0,S94_SWEEP_REVERSAL_SHORT
s94_sweep_reversal,SELL,2026-01-23 06:02:00+00:00,4962.47,4967.76,4954.3,2026-01-23 06:10:00+00:00,4954.3,TP,7.72,5.29,1.4594,6,S94_SWEEP_REVERSAL_SHORT
s94_sweep_reversal,BUY,2026-01-23 07:57:00+00:00,4945.575,4943.0,4957.55,2026-01-23 08:00:00+00:00,4943.0,SL,-3.025,2.575,-1.1748,7,S94_SWEEP_REVERSAL_LONG
s94_sweep_reversal,SELL,2026-01-23 15:59:00+00:00,4959.715,4963.85,4942.2,2026-01-23 16:02:00+00:00,4963.85,SL,-4.585,4.135,-1.1088,15,S94_SWEEP_REVERSAL_SHORT
s94_sweep_reversal,SELL,2026-01-23 21:56:00+00:00,4988.16,4990.05,4974.85,2026-01-23 21:58:00+00:00,4990.05,SL,-2.34,1.89,-1.2381,21,S94_SWEEP_REVERSAL_SHORT
s94_sweep_reversal,SELL,2026-01-26 00:26:00+00:00,5040.55,5044.38,5024.77,2026-01-26 00:30:00+00:00,5044.38,SL,-4.28,3.83,-1.1175,0,S94_SWEEP_REVERSAL_SHORT
s94_sweep_reversal,SELL,2026-01-26 07:16:00+00:00,5092.975,5113.36,5071.87,2026-01-26 13:02:00+00:00,5071.87,TP,20.655,20.385,1.0132,7,S94_SWEEP_REVERSAL_SHORT
s94_sweep_reversal,BUY,2026-01-26 10:04:00+00:00,5080.14,5074.92,5097.25,2026-01-26 13:02:00+00:00,5074.92,SL,-5.67,5.22,-1.0862,10,S94_SWEEP_REVERSAL_LONG
s94_sweep_reversal,BUY,2026-01-26 13:18:00+00:00,5078.435,5065.02,5105.48,2026-01-26 13:30:00+00:00,5065.02,SL,-13.865,13.415,-1.0335,13,S94_SWEEP_REVERSAL_LONG
s94_sweep_reversal,BUY,2026-01-26 13:19:00+00:00,5075.395,5065.32,5095.64,2026-01-26 13:30:00+00:00,5065.32,SL,-10.525,10.075,-1.0447,13,S94_SWEEP_REVERSAL_LONG
s94_sweep_reversal,BUY,2026-01-26 19:11:00+00:00,5054.67,5034.29,5103.56,2026-01-26 19:20:00+00:00,5034.29,SL,-20.83,20.38,-1.0221,19,S94_SWEEP_REVERSAL_LONG
s94_sweep_reversal,BUY,2026-01-27 05:17:00+00:00,5060.16,5056.9,5069.74,2026-01-27 05:31:00+00:00,5069.74,TP,9.13,3.26,2.8006,5,S94_SWEEP_REVERSAL_LONG
s94_sweep_reversal,SELL,2026-01-27 05:55:00+00:00,5079.31,5086.11,5063.95,2026-01-27 06:01:00+00:00,5086.11,SL,-7.25,6.8,-1.0662,5,S94_SWEEP_REVERSAL_SHORT
s94_sweep_reversal,BUY,2026-01-27 13:41:00+00:00,5073.51,5065.95,5088.44,2026-01-27 14:05:00+00:00,5065.95,SL,-8.01,7.56,-1.0595,13,S94_SWEEP_REVERSAL_LONG
s94_sweep_reversal,BUY,2026-01-27 14:52:00+00:00,5057.195,5045.8,5097.17,2026-01-27 16:12:00+00:00,5097.17,TP,39.525,11.395,3.4686,14,S94_SWEEP_REVERSAL_LONG
s94_sweep_reversal,SELL,2026-01-28 14:58:00+00:00,5285.95,5290.09,5262.36,2026-01-28 15:00:00+00:00,5290.09,SL,-4.59,4.14,-1.1087,14,S94_SWEEP_REVERSAL_SHORT
s94_sweep_reversal,BUY,2026-01-28 11:20:00+00:00,5251.87,5237.26,5302.95,2026-01-28 15:08:00+00:00,5237.26,SL,-15.06,14.61,-1.0308,11,S94_SWEEP_REVERSAL_LONG
s94_sweep_reversal,SELL,2026-01-28 16:16:00+00:00,5289.71,5299.21,5272.57,2026-01-28 16:57:00+00:00,5299.21,SL,-9.95,9.5,-1.0474,16,S94_SWEEP_REVERSAL_SHORT
s94_sweep_reversal,SELL,2026-01-28 18:30:00+00:00,5307.285,5327.84,5271.99,2026-01-28 18:39:00+00:00,5271.99,TP,34.845,20.555,1.6952,18,S94_SWEEP_REVERSAL_SHORT
s94_sweep_reversal,BUY,2026-01-28 15:17:00+00:00,5248.775,5234.45,5360.31,2026-01-28 20:30:00+00:00,5360.31,TP,111.085,14.325,7.7546,15,S94_SWEEP_REVERSAL_LONG
s94_sweep_reversal,BUY,2026-01-29 14:56:00+00:00,5499.925,5490.37,5554.38,2026-01-29 15:00:00+00:00,5490.37,SL,-10.005,9.555,-1.0471,14,S94_SWEEP_REVERSAL_LONG
s94_sweep_reversal,SELL,2026-01-30 00:18:00+00:00,5448.89,5451.39,5418.04,2026-01-30 00:30:00+00:00,5418.04,TP,30.4,2.5,12.16,0,S94_SWEEP_REVERSAL_SHORT
s94_sweep_reversal,SELL,2026-01-30 05:30:00+00:00,5231.515,5242.88,5205.98,2026-01-30 05:56:00+00:00,5205.98,TP,25.085,11.365,2.2072,5,S94_SWEEP_REVERSAL_SHORT
s94_sweep_reversal,BUY,2026-01-29 15:35:00+00:00,5157.21,5091.22,5525.61,2026-01-30 08:33:00+00:00,5091.22,SL,-66.44,65.99,-1.0068,15,S94_SWEEP_REVERSAL_LONG
s94_sweep_reversal,BUY,2026-01-30 08:42:00+00:00,5076.45,5052.23,5255.65,2026-01-30 09:12:00+00:00,5052.23,SL,-24.67,24.22,-1.0186,8,S94_SWEEP_REVERSAL_LONG
s94_sweep_reversal,BUY,2026-01-30 16:24:00+00:00,4992.555,4979.62,5090.17,2026-01-30 16:35:00+00:00,4979.62,SL,-13.385,12.935,-1.0348,16,S94_SWEEP_REVERSAL_LONG
s94_sweep_reversal,BUY,2026-01-30 16:48:00+00:00,4980.8,4958.19,5015.02,2026-01-30 16:51:00+00:00,4958.19,SL,-23.06,22.61,-1.0199,16,S94_SWEEP_REVERSAL_LONG
s94_sweep_reversal,BUY,2026-02-02 15:44:00+00:00,4669.27,4645.48,4726.34,2026-02-02 15:53:00+00:00,4645.48,SL,-24.24,23.79,-1.0189,15,S94_SWEEP_REVERSAL_LONG
s94_sweep_reversal,SELL,2026-02-03 12:10:00+00:00,4930.075,4937.29,4883.42,2026-02-03 13:29:00+00:00,4937.29,SL,-7.665,7.215,-1.0624,12,S94_SWEEP_REVERSAL_SHORT
s94_sweep_reversal,SELL,2026-02-03 13:35:00+00:00,4936.63,4939.81,4904.91,2026-02-03 13:41:00+00:00,4939.81,SL,-3.63,3.18,-1.1415,13,S94_SWEEP_REVERSAL_SHORT
s94_sweep_reversal,BUY,2026-02-03 18:51:00+00:00,4893.775,4883.86,4952.64,2026-02-03 19:06:00+00:00,4883.86,SL,-10.365,9.915,-1.0454,18,S94_SWEEP_REVERSAL_LONG
s94_sweep_reversal,SELL,2026-02-04 00:37:00+00:00,4993.835,5001.06,4969.12,2026-02-04 00:49:00+00:00,5001.06,SL,-7.675,7.225,-1.0623,0,S94_SWEEP_REVERSAL_SHORT
s94_sweep_reversal,SELL,2026-02-04 03:47:00+00:00,5065.795,5073.06,5050.93,2026-02-04 03:53:00+00:00,5073.06,SL,-7.715,7.265,-1.0619,3,S94_SWEEP_REVERSAL_SHORT
s94_sweep_reversal,BUY,2026-02-04 09:47:00+00:00,5051.155,5042.45,5071.87,2026-02-04 10:28:00+00:00,5042.45,SL,-9.155,8.705,-1.0517,9,S94_SWEEP_REVERSAL_LONG
s94_sweep_reversal,BUY,2026-02-04 16:01:00+00:00,4909.17,4885.47,4967.83,2026-02-04 16:46:00+00:00,4885.47,SL,-24.15,23.7,-1.019,16,S94_SWEEP_REVERSAL_LONG
s94_sweep_reversal,SELL,2026-02-04 18:58:00+00:00,4931.535,4935.45,4878.22,2026-02-04 19:08:00+00:00,4935.45,SL,-4.365,3.915,-1.1149,18,S94_SWEEP_REVERSAL_SHORT
s94_sweep_reversal,BUY,2026-02-04 18:00:00+00:00,4887.62,4844.48,4954.85,2026-02-04 19:53:00+00:00,4954.85,TP,66.78,43.14,1.548,18,S94_SWEEP_REVERSAL_LONG
s94_sweep_reversal,BUY,2026-02-05 02:33:00+00:00,4914.245,4893.92,4995.2,2026-02-05 02:45:00+00:00,4893.92,SL,-20.775,20.325,-1.0221,2,S94_SWEEP_REVERSAL_LONG
s94_sweep_reversal,BUY,2026-02-05 21:17:00+00:00,4800.535,4792.47,4822.19,2026-02-05 21:33:00+00:00,4792.47,SL,-8.515,8.065,-1.0558,21,S94_SWEEP_REVERSAL_LONG
s94_sweep_reversal,SELL,2026-02-06 11:11:00+00:00,4882.34,4888.61,4857.13,2026-02-06 11:22:00+00:00,4888.61,SL,-6.72,6.27,-1.0718,11,S94_SWEEP_REVERSAL_SHORT
s94_sweep_reversal,SELL,2026-02-06 14:49:00+00:00,4938.505,4948.58,4902.06,2026-02-06 14:57:00+00:00,4948.58,SL,-10.525,10.075,-1.0447,14,S94_SWEEP_REVERSAL_SHORT
s94_sweep_reversal,SELL,2026-02-06 18:05:00+00:00,4964.815,4969.11,4940.47,2026-02-06 18:11:00+00:00,4969.11,SL,-4.745,4.295,-1.1048,18,S94_SWEEP_REVERSAL_SHORT
s94_sweep_reversal,BUY,2026-02-06 20:45:00+00:00,4943.835,4935.98,4973.72,2026-02-08 23:05:00+00:00,4973.72,TP,29.435,7.855,3.7473,20,S94_SWEEP_REVERSAL_LONG
s94_sweep_reversal,BUY,2026-02-09 07:39:00+00:00,5007.42,4996.9,5029.65,2026-02-09 08:17:00+00:00,5029.65,TP,21.78,10.52,2.0703,7,S94_SWEEP_REVERSAL_LONG
s94_sweep_reversal,SELL,2026-02-10 02:30:00+00:00,5048.65,5057.11,5026.67,2026-02-10 03:14:00+00:00,5026.67,TP,21.53,8.46,2.5449,2,S94_SWEEP_REVERSAL_SHORT
s94_sweep_reversal,SELL,2026-02-10 10:39:00+00:00,5056.34,5064.27,5033.38,2026-02-10 12:44:00+00:00,5033.38,TP,22.51,7.93,2.8386,10,S94_SWEEP_REVERSAL_SHORT
s94_sweep_reversal,SELL,2026-02-10 14:07:00+00:00,5057.555,5059.21,5017.03,2026-02-10 14:15:00+00:00,5059.21,SL,-2.105,1.655,-1.2719,14,S94_SWEEP_REVERSAL_SHORT
s94_sweep_reversal,SELL,2026-02-10 23:16:00+00:00,5040.22,5046.14,5023.29,2026-02-10 23:20:00+00:00,5046.14,SL,-6.37,5.92,-1.076,23,S94_SWEEP_REVERSAL_SHORT
s94_sweep_reversal,SELL,2026-02-11 02:46:00+00:00,5054.855,5057.09,5030.11,2026-02-11 02:52:00+00:00,5057.09,SL,-2.685,2.235,-1.2013,2,S94_SWEEP_REVERSAL_SHORT
s94_sweep_reversal,BUY,2026-02-10 16:07:00+00:00,5011.445,4997.7,5066.34,2026-02-11 07:10:00+00:00,5066.34,TP,54.445,13.745,3.9611,16,S94_SWEEP_REVERSAL_LONG
s94_sweep_reversal,SELL,2026-02-11 10:12:00+00:00,5069.235,5072.48,5054.66,2026-02-11 10:16:00+00:00,5072.48,SL,-3.695,3.245,-1.1387,10,S94_SWEEP_REVERSAL_SHORT
s94_sweep_reversal,BUY,2026-02-11 21:48:00+00:00,5076.92,5069.27,5099.25,2026-02-11 23:11:00+00:00,5069.27,SL,-8.1,7.65,-1.0588,21,S94_SWEEP_REVERSAL_LONG
s94_sweep_reversal,BUY,2026-02-12 00:22:00+00:00,5053.89,5049.59,5071.27,2026-02-12 01:04:00+00:00,5049.59,SL,-4.75,4.3,-1.1047,0,S94_SWEEP_REVERSAL_LONG
s94_sweep_reversal,BUY,2026-02-11 14:39:00+00:00,5045.92,5017.09,5149.0,2026-02-12 10:39:00+00:00,5062.51,TIME,16.14,28.83,0.5598,14,S94_SWEEP_REVERSAL_LONG
s94_sweep_reversal,BUY,2026-02-12 13:00:00+00:00,5052.43,5048.59,5061.54,2026-02-12 13:09:00+00:00,5061.54,TP,8.66,3.84,2.2552,13,S94_SWEEP_REVERSAL_LONG
s94_sweep_reversal,BUY,2026-02-12 16:25:00+00:00,4921.85,4906.2,5025.47,2026-02-12 16:26:00+00:00,4906.2,SL,-16.1,15.65,-1.0288,16,S94_SWEEP_REVERSAL_LONG
s94_sweep_reversal,SELL,2026-02-13 01:55:00+00:00,4983.245,4989.38,4961.65,2026-02-13 02:30:00+00:00,4989.38,SL,-6.585,6.135,-1.0733,1,S94_SWEEP_REVERSAL_SHORT
s94_sweep_reversal,BUY,2026-02-13 05:30:00+00:00,4972.315,4964.18,4994.71,2026-02-13 05:43:00+00:00,4964.18,SL,-8.585,8.135,-1.0553,5,S94_SWEEP_REVERSAL_LONG
s94_sweep_reversal,SELL,2026-02-13 08:47:00+00:00,4986.555,4990.01,4963.76,2026-02-13 09:30:00+00:00,4963.76,TP,22.345,3.455,6.4674,8,S94_SWEEP_REVERSAL_SHORT
s94_sweep_reversal,BUY,2026-02-13 11:10:00+00:00,4944.93,4940.74,4963.61,2026-02-13 11:24:00+00:00,4940.74,SL,-4.64,4.19,-1.1074,11,S94_SWEEP_REVERSAL_LONG
s94_sweep_reversal,SELL,2026-02-13 13:55:00+00:00,4989.695,5000.68,4934.09,2026-02-13 14:15:00+00:00,5000.68,SL,-11.435,10.985,-1.041,13,S94_SWEEP_REVERSAL_SHORT
s94_sweep_reversal,BUY,2026-02-16 00:25:00+00:00,5009.64,4999.18,5044.01,2026-02-16 02:45:00+00:00,4999.18,SL,-10.91,10.46,-1.043,0,S94_SWEEP_REVERSAL_LONG
s94_sweep_reversal,SELL,2026-02-16 09:15:00+00:00,5013.33,5015.59,5000.61,2026-02-16 09:16:00+00:00,5015.59,SL,-2.71,2.26,-1.1991,9,S94_SWEEP_REVERSAL_SHORT
s94_sweep_reversal,BUY,2026-02-16 14:20:00+00:00,4992.725,4989.33,5001.36,2026-02-16 14:37:00+00:00,4989.33,SL,-3.845,3.395,-1.1325,14,S94_SWEEP_REVERSAL_LONG
s94_sweep_reversal,BUY,2026-02-16 23:20:00+00:00,4988.645,4984.84,5010.78,2026-02-17 00:04:00+00:00,4984.84,SL,-4.255,3.805,-1.1183,23,S94_SWEEP_REVERSAL_LONG
s94_sweep_reversal,BUY,2026-02-17 00:38:00+00:00,4973.235,4970.94,4982.84,2026-02-17 00:42:00+00:00,4970.94,SL,-2.745,2.295,-1.1961,0,S94_SWEEP_REVERSAL_LONG
s94_sweep_reversal,SELL,2026-02-17 10:10:00+00:00,4930.425,4932.89,4904.23,2026-02-17 10:11:00+00:00,4932.89,SL,-2.915,2.465,-1.1826,10,S94_SWEEP_REVERSAL_SHORT
s94_sweep_reversal,BUY,2026-02-17 11:00:00+00:00,4913.365,4907.34,4929.11,2026-02-17 11:21:00+00:00,4929.11,TP,15.295,6.025,2.5386,11,S94_SWEEP_REVERSAL_LONG
s94_sweep_reversal,BUY,2026-02-17 05:40:00+00:00,4878.5,4857.27,4945.91,2026-02-17 14:01:00+00:00,4857.27,SL,-21.68,21.23,-1.0212,5,S94_SWEEP_REVERSAL_LONG
s94_sweep_reversal,SELL,2026-02-17 18:50:00+00:00,4894.005,4896.14,4882.43,2026-02-17 18:51:00+00:00,4896.14,SL,-2.585,2.135,-1.2108,18,S94_SWEEP_REVERSAL_SHORT
s94_sweep_reversal,BUY,2026-02-17 14:50:00+00:00,4859.2,4840.94,4906.23,2026-02-17 18:56:00+00:00,4906.23,TP,46.58,18.26,2.5509,14,S94_SWEEP_REVERSAL_LONG
s94_sweep_reversal,SELL,2026-02-18 01:15:00+00:00,4886.965,4891.94,4857.81,2026-02-18 01:36:00+00:00,4891.94,SL,-5.425,4.975,-1.0905,1,S94_SWEEP_REVERSAL_SHORT
s94_sweep_reversal,SELL,2026-02-18 07:29:00+00:00,4940.89,4942.65,4928.37,2026-02-18 08:05:00+00:00,4928.37,TP,12.07,1.76,6.858,7,S94_SWEEP_REVERSAL_SHORT
s94_sweep_reversal,SELL,2026-02-18 15:13:00+00:00,5001.24,5008.87,4974.8,2026-02-18 15:16:00+00:00,5008.87,SL,-8.08,7.63,-1.059,15,S94_SWEEP_REVERSAL_SHORT
s94_sweep_reversal,BUY,2026-02-18 23:13:00+00:00,4972.87,4966.1,4981.61,2026-02-18 23:24:00+00:00,4981.61,TP,8.29,6.77,1.2245,23,S94_SWEEP_REVERSAL_LONG
s94_sweep_reversal,BUY,2026-02-19 00:22:00+00:00,4966.715,4960.69,4991.61,2026-02-19 00:51:00+00:00,4960.69,SL,-6.475,6.025,-1.0747,0,S94_SWEEP_REVERSAL_LONG
s94_sweep_reversal,SELL,2026-02-19 03:44:00+00:00,4977.465,4979.37,4960.7,2026-02-19 03:45:00+00:00,4979.37,SL,-2.355,1.905,-1.2362,3,S94_SWEEP_REVERSAL_SHORT
s94_sweep_reversal,SELL,2026-02-19 07:26:00+00:00,5020.29,5021.96,5013.49,2026-02-19 07:55:00+00:00,5013.49,TP,6.35,1.67,3.8024,7,S94_SWEEP_REVERSAL_SHORT
s94_sweep_reversal,SELL,2026-02-20 00:57:00+00:00,5004.225,5008.64,4992.83,2026-02-20 01:00:00+00:00,5008.64,SL,-4.865,4.415,-1.1019,0,S94_SWEEP_REVERSAL_SHORT
s94_sweep_reversal,BUY,2026-02-20 03:29:00+00:00,4992.9,4989.65,5000.55,2026-02-20 03:41:00+00:00,4989.65,SL,-3.7,3.25,-1.1385,3,S94_SWEEP_REVERSAL_LONG
s94_sweep_reversal,SELL,2026-02-20 06:10:00+00:00,5014.865,5018.0,5006.07,2026-02-20 06:11:00+00:00,5018.0,SL,-3.585,3.135,-1.1435,6,S94_SWEEP_REVERSAL_SHORT
s94_sweep_reversal,SELL,2026-02-20 06:30:00+00:00,5022.385,5030.56,5003.85,2026-02-20 08:54:00+00:00,5030.56,SL,-8.625,8.175,-1.055,6,S94_SWEEP_REVERSAL_SHORT
s94_sweep_reversal,BUY,2026-02-20 11:55:00+00:00,5019.52,5015.65,5041.65,2026-02-20 11:57:00+00:00,5015.65,SL,-4.32,3.87,-1.1163,11,S94_SWEEP_REVERSAL_LONG
s94_sweep_reversal,SELL,2026-02-20 14:09:00+00:00,5046.48,5049.13,5032.49,2026-02-20 14:31:00+00:00,5049.13,SL,-3.1,2.65,-1.1698,14,S94_SWEEP_REVERSAL_SHORT
s94_sweep_reversal,SELL,2026-02-20 16:45:00+00:00,5064.33,5069.99,5036.25,2026-02-20 17:03:00+00:00,5069.99,SL,-6.11,5.66,-1.0795,16,S94_SWEEP_REVERSAL_SHORT
s94_sweep_reversal,BUY,2026-02-20 15:10:00+00:00,5018.145,4987.83,5138.07,2026-02-22 23:04:00+00:00,5117.9,TIME,99.305,30.315,3.2758,15,S94_SWEEP_REVERSAL_LONG
s94_sweep_reversal,BUY,2026-02-23 07:35:00+00:00,5129.61,5124.75,5156.51,2026-02-23 08:29:00+00:00,5124.75,SL,-5.31,4.86,-1.0926,7,S94_SWEEP_REVERSAL_LONG
s94_sweep_reversal,BUY,2026-02-23 08:40:00+00:00,5125.19,5121.92,5139.35,2026-02-23 08:55:00+00:00,5139.35,TP,13.71,3.27,4.1927,8,S94_SWEEP_REVERSAL_LONG
s94_sweep_reversal,BUY,2026-02-24 10:40:00+00:00,5166.565,5163.03,5190.56,2026-02-24 12:17:00+00:00,5163.03,SL,-3.985,3.535,-1.1273,10,S94_SWEEP_REVERSAL_LONG
s94_sweep_reversal,BUY,2026-02-24 12:13:00+00:00,5165.21,5163.17,5180.1,2026-02-24 12:17:00+00:00,5163.17,SL,-2.49,2.04,-1.2206,12,S94_SWEEP_REVERSAL_LONG
s94_sweep_reversal,BUY,2026-02-24 13:45:00+00:00,5141.615,5132.62,5177.56,2026-02-24 13:48:00+00:00,5132.62,SL,-9.445,8.995,-1.05,13,S94_SWEEP_REVERSAL_LONG
s94_sweep_reversal,SELL,2026-02-24 20:41:00+00:00,5170.37,5173.07,5158.47,2026-02-24 20:42:00+00:00,5173.07,SL,-3.15,2.7,-1.1667,20,S94_SWEEP_REVERSAL_SHORT
s94_sweep_reversal,BUY,2026-02-24 23:20:00+00:00,5130.68,5128.05,5146.66,2026-02-24 23:42:00+00:00,5146.66,TP,15.53,2.63,5.9049,23,S94_SWEEP_REVERSAL_LONG
s94_sweep_reversal,SELL,2026-02-25 01:25:00+00:00,5181.49,5187.65,5160.76,2026-02-25 01:28:00+00:00,5187.65,SL,-6.61,6.16,-1.0731,1,S94_SWEEP_REVERSAL_SHORT
s94_sweep_reversal,SELL,2026-02-25 01:33:00+00:00,5185.88,5188.97,5167.91,2026-02-25 01:35:00+00:00,5188.97,SL,-3.54,3.09,-1.1456,1,S94_SWEEP_REVERSAL_SHORT
s94_sweep_reversal,BUY,2026-02-25 10:16:00+00:00,5180.325,5176.27,5197.43,2026-02-25 10:20:00+00:00,5176.27,SL,-4.505,4.055,-1.111,10,S94_SWEEP_REVERSAL_LONG
s94_sweep_reversal,SELL,2026-02-25 15:16:00+00:00,5195.285,5203.55,5177.9,2026-02-25 15:27:00+00:00,5177.9,TP,16.935,8.265,2.049,15,S94_SWEEP_REVERSAL_SHORT
s94_sweep_reversal,SELL,2026-02-25 15:49:00+00:00,5197.265,5203.35,5177.9,2026-02-25 16:22:00+00:00,5203.35,SL,-6.535,6.085,-1.074,15,S94_SWEEP_REVERSAL_SHORT
s94_sweep_reversal,BUY,2026-02-26 02:40:00+00:00,5178.53,5174.06,5193.39,2026-02-26 03:18:00+00:00,5193.39,TP,14.41,4.47,3.2237,2,S94_SWEEP_REVERSAL_LONG
s94_sweep_reversal,BUY,2026-02-26 08:40:00+00:00,5174.07,5170.31,5191.41,2026-02-26 08:47:00+00:00,5170.31,SL,-4.21,3.76,-1.1197,8,S94_SWEEP_REVERSAL_LONG
s94_sweep_reversal,BUY,2026-02-26 11:51:00+00:00,5167.7,5165.56,5181.81,2026-02-26 11:54:00+00:00,5165.56,SL,-2.59,2.14,-1.2103,11,S94_SWEEP_REVERSAL_LONG
s94_sweep_reversal,BUY,2026-02-26 14:08:00+00:00,5161.05,5157.55,5178.59,2026-02-26 14:30:00+00:00,5157.55,SL,-3.95,3.5,-1.1286,14,S94_SWEEP_REVERSAL_LONG
s94_sweep_reversal,BUY,2026-02-26 15:15:00+00:00,5157.87,5138.37,5200.68,2026-02-26 15:27:00+00:00,5138.37,SL,-19.95,19.5,-1.0231,15,S94_SWEEP_REVERSAL_LONG
s94_sweep_reversal,SELL,2026-02-26 17:09:00+00:00,5188.095,5193.44,5169.17,2026-02-26 17:49:00+00:00,5169.17,TP,18.475,5.345,3.4565,17,S94_SWEEP_REVERSAL_SHORT
s94_sweep_reversal,SELL,2026-02-27 02:15:00+00:00,5195.03,5200.33,5183.77,2026-02-27 02:30:00+00:00,5183.77,TP,10.81,5.3,2.0396,2,S94_SWEEP_REVERSAL_SHORT
s94_sweep_reversal,BUY,2026-02-27 07:28:00+00:00,5181.015,5177.24,5188.82,2026-02-27 07:31:00+00:00,5177.24,SL,-4.225,3.775,-1.1192,7,S94_SWEEP_REVERSAL_LONG
s94_sweep_reversal,SELL,2026-02-27 15:12:00+00:00,5238.18,5241.09,5224.47,2026-02-27 15:18:00+00:00,5224.47,TP,13.26,2.91,4.5567,15,S94_SWEEP_REVERSAL_SHORT
s94_sweep_reversal,SELL,2026-02-27 16:02:00+00:00,5240.825,5247.43,5217.62,2026-02-27 16:10:00+00:00,5247.43,SL,-7.055,6.605,-1.0681,16,S94_SWEEP_REVERSAL_SHORT
s94_sweep_reversal,SELL,2026-02-27 20:30:00+00:00,5257.75,5262.73,5246.49,2026-02-27 20:43:00+00:00,5262.73,SL,-5.43,4.98,-1.0904,20,S94_SWEEP_REVERSAL_SHORT
s94_sweep_reversal,BUY,2026-03-02 01:20:00+00:00,5329.785,5313.35,5380.57,2026-03-02 01:29:00+00:00,5313.35,SL,-16.885,16.435,-1.0274,1,S94_SWEEP_REVERSAL_LONG
s94_sweep_reversal,BUY,2026-03-02 12:00:00+00:00,5379.055,5373.9,5405.77,2026-03-02 13:05:00+00:00,5405.77,TP,26.265,5.155,5.0951,12,S94_SWEEP_REVERSAL_LONG
s94_sweep_reversal,SELL,2026-03-02 13:10:00+00:00,5401.045,5411.18,5369.57,2026-03-02 13:30:00+00:00,5411.18,SL,-10.585,10.135,-1.0444,13,S94_SWEEP_REVERSAL_SHORT
s94_sweep_reversal,BUY,2026-03-02 14:15:00+00:00,5374.37,5362.75,5410.59,2026-03-02 14:18:00+00:00,5362.75,SL,-12.07,11.62,-1.0387,14,S94_SWEEP_REVERSAL_LONG
s94_sweep_reversal,BUY,2026-03-03 05:15:00+00:00,5358.94,5353.78,5378.74,2026-03-03 05:17:00+00:00,5353.78,SL,-5.61,5.16,-1.0872,5,S94_SWEEP_REVERSAL_LONG
s94_sweep_reversal,BUY,2026-03-03 11:17:00+00:00,5183.12,5158.25,5344.29,2026-03-03 11:28:00+00:00,5158.25,SL,-25.32,24.87,-1.0181,11,S94_SWEEP_REVERSAL_LONG
s94_sweep_reversal,BUY,2026-03-04 06:15:00+00:00,5141.14,5115.38,5170.78,2026-03-04 07:06:00+00:00,5170.78,TP,29.19,25.76,1.1332,6,S94_SWEEP_REVERSAL_LONG
s94_sweep_reversal,SELL,2026-03-04 07:15:00+00:00,5168.47,5176.82,5141.04,2026-03-04 08:45:00+00:00,5176.82,SL,-8.8,8.35,-1.0539,7,S94_SWEEP_REVERSAL_SHORT
s94_sweep_reversal,SELL,2026-03-04 09:20:00+00:00,5176.065,5182.96,5155.35,2026-03-04 09:39:00+00:00,5182.96,SL,-7.345,6.895,-1.0653,9,S94_SWEEP_REVERSAL_SHORT
s94_sweep_reversal,BUY,2026-03-04 14:55:00+00:00,5147.64,5141.82,5217.38,2026-03-04 14:56:00+00:00,5141.82,SL,-6.27,5.82,-1.0773,14,S94_SWEEP_REVERSAL_LONG
s94_sweep_reversal,BUY,2026-03-04 17:30:00+00:00,5131.34,5119.18,5174.51,2026-03-04 18:11:00+00:00,5119.18,SL,-12.61,12.16,-1.037,17,S94_SWEEP_REVERSAL_LONG
s94_sweep_reversal,SELL,2026-03-05 02:30:00+00:00,5186.575,5188.49,5168.01,2026-03-05 02:53:00+00:00,5188.49,SL,-2.365,1.915,-1.235,2,S94_SWEEP_REVERSAL_SHORT
s94_sweep_reversal,BUY,2026-03-05 13:30:00+00:00,5120.785,5077.27,5185.83,2026-03-05 15:08:00+00:00,5077.27,SL,-43.965,43.515,-1.0103,13,S94_SWEEP_REVERSAL_LONG
s94_sweep_reversal,BUY,2026-03-05 15:21:00+00:00,5081.23,5058.56,5151.55,2026-03-05 16:30:00+00:00,5058.56,SL,-23.12,22.67,-1.0199,15,S94_SWEEP_REVERSAL_LONG
s94_sweep_reversal,BUY,2026-03-05 16:35:00+00:00,5060.625,5053.58,5094.16,2026-03-05 18:03:00+00:00,5053.58,SL,-7.495,7.045,-1.0639,16,S94_SWEEP_REVERSAL_LONG
s94_sweep_reversal,SELL,2026-03-05 20:26:00+00:00,5085.525,5095.86,5063.1,2026-03-05 23:19:00+00:00,5095.86,SL,-10.785,10.335,-1.0435,20,S94_SWEEP_REVERSAL_SHORT
s94_sweep_reversal,SELL,2026-03-05 23:28:00+00:00,5094.925,5097.15,5069.08,2026-03-05 23:41:00+00:00,5097.15,SL,-2.675,2.225,-1.2022,23,S94_SWEEP_REVERSAL_SHORT
s94_sweep_reversal,BUY,2026-03-06 01:11:00+00:00,5074.22,5065.62,5104.35,2026-03-06 01:36:00+00:00,5104.35,TP,29.68,8.6,3.4512,1,S94_SWEEP_REVERSAL_LONG
s94_sweep_reversal,BUY,2026-03-06 07:33:00+00:00,5109.25,5105.37,5118.84,2026-03-06 07:54:00+00:00,5118.84,TP,9.14,3.88,2.3557,7,S94_SWEEP_REVERSAL_LONG
s94_sweep_reversal,BUY,2026-03-06 13:01:00+00:00,5075.66,5061.97,5098.45,2026-03-06 13:30:00+00:00,5098.45,TP,22.34,13.69,1.6318,13,S94_SWEEP_REVERSAL_LONG
s94_sweep_reversal,SELL,2026-03-06 14:57:00+00:00,5123.16,5132.05,5035.13,2026-03-06 14:59:00+00:00,5132.05,SL,-9.34,8.89,-1.0506,14,S94_SWEEP_REVERSAL_SHORT
s94_sweep_reversal,SELL,2026-03-06 21:35:00+00:00,5171.89,5174.95,5165.66,2026-03-06 21:56:00+00:00,5174.95,SL,-3.51,3.06,-1.1471,21,S94_SWEEP_REVERSAL_SHORT
s94_sweep_reversal,BUY,2026-03-08 22:15:00+00:00,5149.34,5115.45,5212.06,2026-03-08 22:41:00+00:00,5115.45,SL,-34.34,33.89,-1.0133,22,S94_SWEEP_REVERSAL_LONG
s94_sweep_reversal,BUY,2026-03-08 23:50:00+00:00,5065.5,5042.0,5106.22,2026-03-09 00:13:00+00:00,5042.0,SL,-23.95,23.5,-1.0191,23,S94_SWEEP_REVERSAL_LONG
s94_sweep_reversal,BUY,2026-03-09 11:19:00+00:00,5087.07,5083.52,5109.36,2026-03-09 11:20:00+00:00,5083.52,SL,-4.0,3.55,-1.1268,11,S94_SWEEP_REVERSAL_LONG
s94_sweep_reversal,SELL,2026-03-09 19:58:00+00:00,5140.79,5144.33,5124.01,2026-03-09 20:00:00+00:00,5144.33,SL,-3.99,3.54,-1.1271,19,S94_SWEEP_REVERSAL_SHORT
s94_sweep_reversal,SELL,2026-03-10 15:20:00+00:00,5227.08,5229.11,5211.79,2026-03-10 15:31:00+00:00,5229.11,SL,-2.48,2.03,-1.2217,15,S94_SWEEP_REVERSAL_SHORT
s94_sweep_reversal,BUY,2026-03-11 05:43:00+00:00,5199.42,5189.83,5210.77,2026-03-11 06:17:00+00:00,5210.77,TP,10.9,9.59,1.1366,5,S94_SWEEP_REVERSAL_LONG
s94_sweep_reversal,BUY,2026-03-11 07:45:00+00:00,5190.705,5183.95,5212.41,2026-03-11 08:26:00+00:00,5183.95,SL,-7.205,6.755,-1.0666,7,S94_SWEEP_REVERSAL_LONG
s94_sweep_reversal,BUY,2026-03-11 08:37:00+00:00,5183.47,5180.78,5196.54,2026-03-11 08:38:00+00:00,5180.78,SL,-3.14,2.69,-1.1673,8,S94_SWEEP_REVERSAL_LONG
s94_sweep_reversal,BUY,2026-03-11 08:45:00+00:00,5179.905,5174.89,5197.9,2026-03-11 12:36:00+00:00,5174.89,SL,-5.465,5.015,-1.0897,8,S94_SWEEP_REVERSAL_LONG
s94_sweep_reversal,BUY,2026-03-11 12:46:00+00:00,5175.35,5173.06,5190.46,2026-03-11 12:47:00+00:00,5173.06,SL,-2.74,2.29,-1.1965,12,S94_SWEEP_REVERSAL_LONG
s94_sweep_reversal,BUY,2026-03-10 19:00:00+00:00,5185.3,5158.18,5276.72,2026-03-11 13:51:00+00:00,5158.18,SL,-27.57,27.12,-1.0166,19,S94_SWEEP_REVERSAL_LONG
s94_sweep_reversal,SELL,2026-03-12 10:05:00+00:00,5189.86,5191.9,5173.93,2026-03-12 11:20:00+00:00,5173.93,TP,15.48,2.04,7.5882,10,S94_SWEEP_REVERSAL_SHORT
s94_sweep_reversal,BUY,2026-03-12 12:04:00+00:00,5174.43,5172.72,5185.9,2026-03-12 12:05:00+00:00,5172.72,SL,-2.16,1.71,-1.2632,12,S94_SWEEP_REVERSAL_LONG
s94_sweep_reversal,BUY,2026-03-12 13:31:00+00:00,5163.685,5158.39,5190.41,2026-03-12 13:42:00+00:00,5158.39,SL,-5.745,5.295,-1.085,13,S94_SWEEP_REVERSAL_LONG
s94_sweep_reversal,BUY,2026-03-12 17:45:00+00:00,5109.85,5104.67,5126.89,2026-03-12 17:55:00+00:00,5104.67,SL,-5.63,5.18,-1.0869,17,S94_SWEEP_REVERSAL_LONG
s94_sweep_reversal,BUY,2026-03-12 19:11:00+00:00,5089.135,5078.39,5111.23,2026-03-12 20:20:00+00:00,5078.39,SL,-11.195,10.745,-1.0419,19,S94_SWEEP_REVERSAL_LONG
s94_sweep_reversal,SELL,2026-03-13 12:10:00+00:00,5111.26,5119.59,5096.21,2026-03-13 12:46:00+00:00,5119.59,SL,-8.78,8.33,-1.054,12,S94_SWEEP_REVERSAL_SHORT
s94_sweep_reversal,BUY,2026-03-13 19:59:00+00:00,5015.045,5009.22,5041.98,2026-03-15 22:04:00+00:00,5015.76,TIME,0.265,5.825,0.0455,19,S94_SWEEP_REVERSAL_LONG
s94_sweep_reversal,BUY,2026-03-15 22:41:00+00:00,5009.745,5000.03,5046.67,2026-03-15 23:20:00+00:00,5000.03,SL,-10.165,9.715,-1.0463,22,S94_SWEEP_REVERSAL_LONG
s94_sweep_reversal,SELL,2026-03-16 00:33:00+00:00,5026.335,5028.94,5010.84,2026-03-16 00:34:00+00:00,5028.94,SL,-3.055,2.605,-1.1727,0,S94_SWEEP_REVERSAL_SHORT
s94_sweep_reversal,BUY,2026-03-16 07:26:00+00:00,5003.41,5000.54,5019.26,2026-03-16 07:28:00+00:00,5000.54,SL,-3.32,2.87,-1.1568,7,S94_SWEEP_REVERSAL_LONG
s94_sweep_reversal,BUY,2026-03-16 09:44:00+00:00,4982.675,4979.68,4992.95,2026-03-16 09:45:00+00:00,4979.68,SL,-3.445,2.995,-1.1503,9,S94_SWEEP_REVERSAL_LONG
s94_sweep_reversal,BUY,2026-03-16 14:55:00+00:00,4992.78,4987.62,5017.34,2026-03-16 15:29:00+00:00,4987.62,SL,-5.61,5.16,-1.0872,14,S94_SWEEP_REVERSAL_LONG
s94_sweep_reversal,SELL,2026-03-18 01:15:00+00:00,5012.24,5016.18,4999.89,2026-03-18 01:20:00+00:00,5016.18,SL,-4.39,3.94,-1.1142,1,S94_SWEEP_REVERSAL_SHORT
s94_sweep_reversal,BUY,2026-03-18 02:56:00+00:00,4993.39,4991.26,5007.51,2026-03-18 02:57:00+00:00,4991.26,SL,-2.58,2.13,-1.2113,2,S94_SWEEP_REVERSAL_LONG
s94_sweep_reversal,BUY,2026-03-18 03:12:00+00:00,4991.455,4985.79,5006.3,2026-03-18 04:36:00+00:00,4985.79,SL,-6.115,5.665,-1.0794,3,S94_SWEEP_REVERSAL_LONG
s94_sweep_reversal,BUY,2026-03-17 15:45:00+00:00,4984.015,4972.69,5017.81,2026-03-18 10:35:00+00:00,4972.69,SL,-11.775,11.325,-1.0397,15,S94_SWEEP_REVERSAL_LONG
s94_sweep_reversal,BUY,2026-03-18 10:29:00+00:00,4981.83,4977.02,5003.55,2026-03-18 10:35:00+00:00,4977.02,SL,-5.26,4.81,-1.0936,10,S94_SWEEP_REVERSAL_LONG
s94_sweep_reversal,BUY,2026-03-18 10:45:00+00:00,4977.455,4957.94,5001.86,2026-03-18 11:04:00+00:00,4957.94,SL,-19.965,19.515,-1.0231,10,S94_SWEEP_REVERSAL_LONG
s94_sweep_reversal,SELL,2026-03-18 17:34:00+00:00,4894.67,4898.49,4877.56,2026-03-18 17:35:00+00:00,4898.49,SL,-4.27,3.82,-1.1178,17,S94_SWEEP_REVERSAL_SHORT
s94_sweep_reversal,SELL,2026-03-20 01:35:00+00:00,4677.205,4681.16,4651.05,2026-03-20 01:40:00+00:00,4681.16,SL,-4.405,3.955,-1.1138,1,S94_SWEEP_REVERSAL_SHORT
s94_sweep_reversal,SELL,2026-03-20 02:57:00+00:00,4699.53,4704.21,4662.1,2026-03-20 03:04:00+00:00,4704.21,SL,-5.13,4.68,-1.0962,2,S94_SWEEP_REVERSAL_SHORT
s94_sweep_reversal,BUY,2026-03-20 10:17:00+00:00,4661.305,4649.12,4688.84,2026-03-20 10:20:00+00:00,4649.12,SL,-12.635,12.185,-1.0369,10,S94_SWEEP_REVERSAL_LONG
s94_sweep_reversal,BUY,2026-03-20 18:38:00+00:00,4540.785,4536.12,4600.32,2026-03-20 18:42:00+00:00,4536.12,SL,-5.115,4.665,-1.0965,18,S94_SWEEP_REVERSAL_LONG
s94_sweep_reversal,BUY,2026-03-22 23:36:00+00:00,4477.54,4471.39,4485.41,2026-03-22 23:43:00+00:00,4485.41,TP,7.42,6.15,1.2065,23,S94_SWEEP_REVERSAL_LONG
s94_sweep_reversal,SELL,2026-03-23 14:32:00+00:00,4492.925,4515.19,4409.41,2026-03-23 15:44:00+00:00,4409.41,TP,83.065,22.265,3.7307,14,S94_SWEEP_REVERSAL_SHORT
s94_sweep_reversal,BUY,2026-03-23 22:10:00+00:00,4382.855,4357.43,4413.9,2026-03-23 22:29:00+00:00,4413.9,TP,30.595,25.425,1.2033,22,S94_SWEEP_REVERSAL_LONG
s94_sweep_reversal,BUY,2026-03-24 11:53:00+00:00,4391.285,4373.09,4509.75,2026-03-24 12:37:00+00:00,4373.09,SL,-18.645,18.195,-1.0247,11,S94_SWEEP_REVERSAL_LONG
s94_sweep_reversal,BUY,2026-03-24 17:15:00+00:00,4396.455,4387.57,4429.08,2026-03-24 17:32:00+00:00,4387.57,SL,-9.335,8.885,-1.0506,17,S94_SWEEP_REVERSAL_LONG
s94_sweep_reversal,SELL,2026-03-24 20:36:00+00:00,4467.27,4486.22,4414.45,2026-03-24 23:16:00+00:00,4486.22,SL,-19.4,18.95,-1.0237,20,S94_SWEEP_REVERSAL_SHORT
s94_sweep_reversal,SELL,2026-03-25 00:10:00+00:00,4551.66,4555.54,4519.79,2026-03-25 00:26:00+00:00,4555.54,SL,-4.33,3.88,-1.116,0,S94_SWEEP_REVERSAL_SHORT
s94_sweep_reversal,SELL,2026-03-25 08:25:00+00:00,4563.34,4568.72,4546.54,2026-03-25 09:45:00+00:00,4546.54,TP,16.35,5.38,3.039,8,S94_SWEEP_REVERSAL_SHORT
s94_sweep_reversal,BUY,2026-03-25 23:48:00+00:00,4494.7,4488.51,4523.48,2026-03-26 00:13:00+00:00,4523.48,TP,28.33,6.19,4.5767,23,S94_SWEEP_REVERSAL_LONG
s94_sweep_reversal,BUY,2026-03-26 05:40:00+00:00,4489.075,4479.19,4508.8,2026-03-26 05:45:00+00:00,4479.19,SL,-10.335,9.885,-1.0455,5,S94_SWEEP_REVERSAL_LONG
s94_sweep_reversal,SELL,2026-03-26 13:55:00+00:00,4456.865,4461.45,4439.62,2026-03-26 13:59:00+00:00,4439.62,TP,16.795,4.585,3.663,13,S94_SWEEP_REVERSAL_SHORT
s94_sweep_reversal,BUY,2026-03-26 09:31:00+00:00,4415.87,4412.1,4462.54,2026-03-26 14:22:00+00:00,4462.54,TP,46.22,3.77,12.2599,9,S94_SWEEP_REVERSAL_LONG
s94_sweep_reversal,SELL,2026-03-26 14:33:00+00:00,4463.995,4470.4,4434.5,2026-03-26 14:34:00+00:00,4470.4,SL,-6.855,6.405,-1.0703,14,S94_SWEEP_REVERSAL_SHORT
s94_sweep_reversal,BUY,2026-03-26 18:20:00+00:00,4372.655,4366.38,4420.49,2026-03-26 19:54:00+00:00,4366.38,SL,-6.725,6.275,-1.0717,18,S94_SWEEP_REVERSAL_LONG
s94_sweep_reversal,SELL,2026-03-26 20:21:00+00:00,4399.45,4415.77,4295.68,2026-03-26 20:22:00+00:00,4415.77,SL,-16.77,16.32,-1.0276,20,S94_SWEEP_REVERSAL_SHORT
s94_sweep_reversal,BUY,2026-03-27 00:35:00+00:00,4389.84,4382.14,4412.84,2026-03-27 00:50:00+00:00,4382.14,SL,-8.15,7.7,-1.0584,0,S94_SWEEP_REVERSAL_LONG
s94_sweep_reversal,SELL,2026-03-27 05:06:00+00:00,4446.33,4450.18,4440.62,2026-03-27 05:30:00+00:00,4450.18,SL,-4.3,3.85,-1.1169,5,S94_SWEEP_REVERSAL_SHORT
s94_sweep_reversal,SELL,2026-03-27 15:31:00+00:00,4544.815,4556.71,4509.06,2026-03-27 16:40:00+00:00,4509.06,TP,35.305,11.895,2.9681,15,S94_SWEEP_REVERSAL_SHORT
s94_sweep_reversal,BUY,2026-03-29 22:56:00+00:00,4486.505,4480.68,4545.89,2026-03-29 23:05:00+00:00,4480.68,SL,-6.275,5.825,-1.0773,22,S94_SWEEP_REVERSAL_LONG
s94_sweep_reversal,SELL,2026-03-30 05:18:00+00:00,4513.55,4518.64,4493.65,2026-03-30 05:49:00+00:00,4518.64,SL,-5.54,5.09,-1.0884,5,S94_SWEEP_REVERSAL_SHORT
s94_sweep_reversal,SELL,2026-03-31 01:30:00+00:00,4583.87,4585.84,4544.84,2026-03-31 01:31:00+00:00,4585.84,SL,-2.42,1.97,-1.2284,1,S94_SWEEP_REVERSAL_SHORT
s94_sweep_reversal,SELL,2026-03-31 01:38:00+00:00,4585.6,4592.83,4559.63,2026-03-31 01:40:00+00:00,4592.83,SL,-7.68,7.23,-1.0622,1,S94_SWEEP_REVERSAL_SHORT
s94_sweep_reversal,SELL,2026-03-31 11:30:00+00:00,4575.4,4584.22,4546.43,2026-03-31 11:39:00+00:00,4584.22,SL,-9.27,8.82,-1.051,11,S94_SWEEP_REVERSAL_SHORT
s94_sweep_reversal,SELL,2026-03-31 11:38:00+00:00,4581.94,4583.56,4566.96,2026-03-31 11:39:00+00:00,4583.56,SL,-2.07,1.62,-1.2778,11,S94_SWEEP_REVERSAL_SHORT
s94_sweep_reversal,SELL,2026-03-31 13:50:00+00:00,4593.365,4598.2,4571.92,2026-03-31 13:51:00+00:00,4598.2,SL,-5.285,4.835,-1.0931,13,S94_SWEEP_REVERSAL_SHORT
s94_sweep_reversal,SELL,2026-03-31 14:29:00+00:00,4619.255,4626.07,4583.69,2026-03-31 14:33:00+00:00,4626.07,SL,-7.265,6.815,-1.066,14,S94_SWEEP_REVERSAL_SHORT
s94_sweep_reversal,SELL,2026-03-31 23:33:00+00:00,4687.335,4697.46,4647.14,2026-03-31 23:55:00+00:00,4697.46,SL,-10.575,10.125,-1.0444,23,S94_SWEEP_REVERSAL_SHORT
s94_sweep_reversal,BUY,2026-04-01 02:45:00+00:00,4681.225,4677.94,4693.18,2026-04-01 03:19:00+00:00,4693.18,TP,11.505,3.285,3.5023,2,S94_SWEEP_REVERSAL_LONG
s94_sweep_reversal,SELL,2026-04-01 08:25:00+00:00,4733.235,4749.27,4696.85,2026-04-01 11:30:00+00:00,4749.27,SL,-16.485,16.035,-1.0281,8,S94_SWEEP_REVERSAL_SHORT
s94_sweep_reversal,SELL,2026-04-01 15:01:00+00:00,4762.905,4769.47,4743.49,2026-04-01 15:03:00+00:00,4769.47,SL,-7.015,6.565,-1.0685,15,S94_SWEEP_REVERSAL_SHORT
s94_sweep_reversal,SELL,2026-04-01 17:28:00+00:00,4790.84,4793.43,4780.16,2026-04-01 17:34:00+00:00,4780.16,TP,10.23,2.59,3.9498,17,S94_SWEEP_REVERSAL_SHORT
s94_sweep_reversal,SELL,2026-04-01 22:44:00+00:00,4778.21,4782.08,4761.24,2026-04-01 22:51:00+00:00,4782.08,SL,-4.32,3.87,-1.1163,22,S94_SWEEP_REVERSAL_SHORT
s94_sweep_reversal,SELL,2026-04-01 23:25:00+00:00,4793.195,4800.09,4778.45,2026-04-01 23:30:00+00:00,4800.09,SL,-7.345,6.895,-1.0653,23,S94_SWEEP_REVERSAL_SHORT
s94_sweep_reversal,BUY,2026-04-02 01:16:00+00:00,4742.17,4722.88,4848.08,2026-04-02 01:20:00+00:00,4722.88,SL,-19.74,19.29,-1.0233,1,S94_SWEEP_REVERSAL_LONG
s94_sweep_reversal,BUY,2026-04-02 02:34:00+00:00,4667.195,4647.69,4750.41,2026-04-02 05:33:00+00:00,4647.69,SL,-19.955,19.505,-1.0231,2,S94_SWEEP_REVERSAL_LONG
s94_sweep_reversal,BUY,2026-04-02 05:58:00+00:00,4594.97,4584.83,4685.45,2026-04-02 06:02:00+00:00,4584.83,SL,-10.59,10.14,-1.0444,5,S94_SWEEP_REVERSAL_LONG
s94_sweep_reversal,BUY,2026-04-02 11:30:00+00:00,4613.15,4602.84,4649.85,2026-04-02 11:41:00+00:00,4602.84,SL,-10.76,10.31,-1.0436,11,S94_SWEEP_REVERSAL_LONG
s94_sweep_reversal,BUY,2026-04-02 13:10:00+00:00,4592.895,4579.43,4625.17,2026-04-02 13:48:00+00:00,4625.17,TP,31.825,13.465,2.3635,13,S94_SWEEP_REVERSAL_LONG
s94_sweep_reversal,SELL,2026-04-06 09:13:00+00:00,4699.89,4703.72,4688.77,2026-04-06 09:16:00+00:00,4703.72,SL,-4.28,3.83,-1.1175,9,S94_SWEEP_REVERSAL_SHORT
s94_sweep_reversal,BUY,2026-04-06 15:37:00+00:00,4659.8,4655.25,4678.84,2026-04-06 15:38:00+00:00,4655.25,SL,-5.0,4.55,-1.0989,15,S94_SWEEP_REVERSAL_LONG
s94_sweep_reversal,BUY,2026-04-06 17:48:00+00:00,4652.095,4645.26,4673.67,2026-04-07 01:00:00+00:00,4645.26,SL,-7.285,6.835,-1.0658,17,S94_SWEEP_REVERSAL_LONG
s94_sweep_reversal,BUY,2026-04-07 01:10:00+00:00,4643.505,4626.18,4697.14,2026-04-07 01:52:00+00:00,4626.18,SL,-17.775,17.325,-1.026,1,S94_SWEEP_REVERSAL_LONG
s94_sweep_reversal,BUY,2026-04-07 02:00:00+00:00,4625.47,4615.64,4657.42,2026-04-07 04:32:00+00:00,4657.42,TP,31.5,9.83,3.2045,2,S94_SWEEP_REVERSAL_LONG
s94_sweep_reversal,BUY,2026-04-07 14:15:00+00:00,4616.53,4606.74,4647.47,2026-04-07 14:25:00+00:00,4647.47,TP,30.49,9.79,3.1144,14,S94_SWEEP_REVERSAL_LONG
s94_sweep_reversal,SELL,2026-04-07 16:23:00+00:00,4661.935,4669.51,4637.15,2026-04-07 17:06:00+00:00,4669.51,SL,-8.025,7.575,-1.0594,16,S94_SWEEP_REVERSAL_SHORT
s94_sweep_reversal,SELL,2026-04-07 17:32:00+00:00,4668.825,4673.87,4655.59,2026-04-07 17:35:00+00:00,4673.87,SL,-5.495,5.045,-1.0892,17,S94_SWEEP_REVERSAL_SHORT
s94_sweep_reversal,SELL,2026-04-07 20:01:00+00:00,4706.875,4720.17,4652.68,2026-04-07 22:04:00+00:00,4720.17,SL,-13.745,13.295,-1.0338,20,S94_SWEEP_REVERSAL_SHORT
s94_sweep_reversal,SELL,2026-04-08 00:16:00+00:00,4836.505,4860.39,4803.03,2026-04-08 01:19:00+00:00,4803.03,TP,33.025,23.885,1.3827,0,S94_SWEEP_REVERSAL_SHORT
s94_sweep_reversal,SELL,2026-04-08 17:03:00+00:00,4763.32,4765.91,4754.8,2026-04-08 17:19:00+00:00,4754.8,TP,8.07,2.59,3.1158,17,S94_SWEEP_REVERSAL_SHORT
s94_sweep_reversal,BUY,2026-04-09 07:28:00+00:00,4705.98,4703.34,4723.48,2026-04-09 07:36:00+00:00,4723.48,TP,17.05,2.64,6.4583,7,S94_SWEEP_REVERSAL_LONG
s94_sweep_reversal,SELL,2026-04-09 07:37:00+00:00,4726.575,4730.83,4699.54,2026-04-09 07:39:00+00:00,4730.83,SL,-4.705,4.255,-1.1058,7,S94_SWEEP_REVERSAL_SHORT
s94_sweep_reversal,SELL,2026-04-09 09:09:00+00:00,4731.735,4733.34,4720.61,2026-04-09 09:28:00+00:00,4733.34,SL,-2.055,1.605,-1.2804,9,S94_SWEEP_REVERSAL_SHORT
s94_sweep_reversal,SELL,2026-04-09 13:15:00+00:00,4757.665,4760.09,4738.34,2026-04-09 13:35:00+00:00,4760.09,SL,-2.875,2.425,-1.1856,13,S94_SWEEP_REVERSAL_SHORT
s94_sweep_reversal,BUY,2026-04-09 22:46:00+00:00,4760.835,4759.3,4772.36,2026-04-09 22:48:00+00:00,4759.3,SL,-1.985,1.535,-1.2932,22,S94_SWEEP_REVERSAL_LONG
s94_sweep_reversal,BUY,2026-04-10 08:55:00+00:00,4735.065,4730.31,4757.44,2026-04-10 09:19:00+00:00,4757.44,TP,21.925,4.755,4.6109,8,S94_SWEEP_REVERSAL_LONG
s94_sweep_reversal,SELL,2026-04-10 10:23:00+00:00,4757.7,4761.24,4728.33,2026-04-10 11:23:00+00:00,4761.24,SL,-3.99,3.54,-1.1271,10,S94_SWEEP_REVERSAL_SHORT
s94_sweep_reversal,BUY,2026-04-13 04:18:00+00:00,4711.44,4708.36,4722.47,2026-04-13 04:54:00+00:00,4722.47,TP,10.58,3.08,3.4351,4,S94_SWEEP_REVERSAL_LONG
s94_sweep_reversal,SELL,2026-04-13 05:38:00+00:00,4724.065,4726.69,4716.95,2026-04-13 05:56:00+00:00,4726.69,SL,-3.075,2.625,-1.1714,5,S94_SWEEP_REVERSAL_SHORT
s94_sweep_reversal,SELL,2026-04-13 07:19:00+00:00,4732.79,4739.31,4712.62,2026-04-13 07:50:00+00:00,4739.31,SL,-6.97,6.52,-1.069,7,S94_SWEEP_REVERSAL_SHORT
s94_sweep_reversal,BUY,2026-04-13 15:25:00+00:00,4703.375,4700.28,4717.39,2026-04-13 15:38:00+00:00,4717.39,TP,13.565,3.095,4.3829,15,S94_SWEEP_REVERSAL_LONG
s94_sweep_reversal,SELL,2026-04-13 17:19:00+00:00,4744.64,4746.43,4727.06,2026-04-13 17:22:00+00:00,4746.43,SL,-2.24,1.79,-1.2514,17,S94_SWEEP_REVERSAL_SHORT
s94_sweep_reversal,SELL,2026-04-13 22:43:00+00:00,4750.205,4752.3,4741.13,2026-04-13 22:45:00+00:00,4752.3,SL,-2.545,2.095,-1.2148,22,S94_SWEEP_REVERSAL_SHORT
s94_sweep_reversal,SELL,2026-04-14 01:05:00+00:00,4773.35,4776.35,4764.06,2026-04-14 01:09:00+00:00,4776.35,SL,-3.45,3.0,-1.15,1,S94_SWEEP_REVERSAL_SHORT
s94_sweep_reversal,SELL,2026-04-14 13:33:00+00:00,4788.31,4792.97,4780.45,2026-04-14 13:34:00+00:00,4792.97,SL,-5.11,4.66,-1.0966,13,S94_SWEEP_REVERSAL_SHORT
s94_sweep_reversal,SELL,2026-04-14 14:00:00+00:00,4796.63,4804.51,4773.31,2026-04-14 14:19:00+00:00,4804.51,SL,-8.33,7.88,-1.0571,14,S94_SWEEP_REVERSAL_SHORT
s94_sweep_reversal,SELL,2026-04-14 16:50:00+00:00,4818.33,4820.54,4810.29,2026-04-14 16:58:00+00:00,4810.29,TP,7.59,2.21,3.4344,16,S94_SWEEP_REVERSAL_SHORT
s94_sweep_reversal,BUY,2026-04-15 00:26:00+00:00,4830.895,4828.61,4838.63,2026-04-15 00:33:00+00:00,4828.61,SL,-2.735,2.285,-1.1969,0,S94_SWEEP_REVERSAL_LONG
s94_sweep_reversal,BUY,2026-04-15 02:40:00+00:00,4827.285,4821.06,4850.09,2026-04-15 02:56:00+00:00,4821.06,SL,-6.675,6.225,-1.0723,2,S94_SWEEP_REVERSAL_LONG
s94_sweep_reversal,SELL,2026-04-15 01:26:00+00:00,4850.88,4873.43,4807.61,2026-04-15 07:01:00+00:00,4807.61,TP,42.82,22.55,1.8989,1,S94_SWEEP_REVERSAL_SHORT
s94_sweep_reversal,BUY,2026-04-15 07:16:00+00:00,4811.31,4803.32,4823.45,2026-04-15 09:11:00+00:00,4803.32,SL,-8.44,7.99,-1.0563,7,S94_SWEEP_REVERSAL_LONG
s94_sweep_reversal,BUY,2026-04-15 09:20:00+00:00,4804.595,4791.64,4824.48,2026-04-15 09:47:00+00:00,4791.64,SL,-13.405,12.955,-1.0347,9,S94_SWEEP_REVERSAL_LONG
s94_sweep_reversal,BUY,2026-04-15 10:26:00+00:00,4791.115,4785.58,4807.23,2026-04-15 11:25:00+00:00,4807.23,TP,15.665,5.535,2.8302,10,S94_SWEEP_REVERSAL_LONG
s94_sweep_reversal,SELL,2026-04-16 04:25:00+00:00,4827.205,4830.51,4815.56,2026-04-16 04:37:00+00:00,4830.51,SL,-3.755,3.305,-1.1362,4,S94_SWEEP_REVERSAL_SHORT
s94_sweep_reversal,BUY,2026-04-16 08:19:00+00:00,4811.33,4806.85,4821.12,2026-04-16 08:33:00+00:00,4806.85,SL,-4.93,4.48,-1.1004,8,S94_SWEEP_REVERSAL_LONG
s94_sweep_reversal,SELL,2026-04-16 11:16:00+00:00,4818.11,4820.86,4812.55,2026-04-16 11:56:00+00:00,4820.86,SL,-3.2,2.75,-1.1636,11,S94_SWEEP_REVERSAL_SHORT
s94_sweep_reversal,BUY,2026-04-16 14:05:00+00:00,4787.895,4784.41,4812.6,2026-04-16 14:40:00+00:00,4784.41,SL,-3.935,3.485,-1.1291,14,S94_SWEEP_REVERSAL_LONG
s94_sweep_reversal,SELL,2026-04-17 12:20:00+00:00,4806.2,4812.38,4785.7,2026-04-17 12:24:00+00:00,4812.38,SL,-6.63,6.18,-1.0728,12,S94_SWEEP_REVERSAL_SHORT
s94_sweep_reversal,SELL,2026-04-17 12:00:00+00:00,4800.995,4812.9,4785.7,2026-04-17 12:25:00+00:00,4812.9,SL,-12.355,11.905,-1.0378,12,S94_SWEEP_REVERSAL_SHORT
s94_sweep_reversal,BUY,2026-04-19 23:55:00+00:00,4751.22,4735.39,4796.14,2026-04-20 01:23:00+00:00,4796.14,TP,44.47,15.83,2.8092,23,S94_SWEEP_REVERSAL_LONG
s94_sweep_reversal,SELL,2026-04-20 07:10:00+00:00,4796.36,4802.16,4788.51,2026-04-20 07:18:00+00:00,4802.16,SL,-6.25,5.8,-1.0776,7,S94_SWEEP_REVERSAL_SHORT
s94_sweep_reversal,SELL,2026-04-20 10:17:00+00:00,4798.075,4799.69,4782.7,2026-04-20 10:18:00+00:00,4799.69,SL,-2.065,1.615,-1.2786,10,S94_SWEEP_REVERSAL_SHORT
s94_sweep_reversal,SELL,2026-04-20 12:11:00+00:00,4810.9,4812.78,4799.89,2026-04-20 12:12:00+00:00,4812.78,SL,-2.33,1.88,-1.2394,12,S94_SWEEP_REVERSAL_SHORT
s94_sweep_reversal,SELL,2026-04-20 13:08:00+00:00,4814.46,4822.95,4793.55,2026-04-20 13:29:00+00:00,4822.95,SL,-8.94,8.49,-1.053,13,S94_SWEEP_REVERSAL_SHORT
s94_sweep_reversal,BUY,2026-04-21 01:53:00+00:00,4810.615,4809.09,4818.94,2026-04-21 01:54:00+00:00,4809.09,SL,-1.975,1.525,-1.2951,1,S94_SWEEP_REVERSAL_LONG
s94_sweep_reversal,BUY,2026-04-21 06:19:00+00:00,4779.54,4775.38,4795.29,2026-04-21 06:29:00+00:00,4775.38,SL,-4.61,4.16,-1.1082,6,S94_SWEEP_REVERSAL_LONG
s94_sweep_reversal,BUY,2026-04-21 08:13:00+00:00,4774.8,4772.69,4786.73,2026-04-21 08:21:00+00:00,4786.73,TP,11.48,2.11,5.4408,8,S94_SWEEP_REVERSAL_LONG
s94_sweep_reversal,BUY,2026-04-21 13:06:00+00:00,4775.49,4765.65,4809.33,2026-04-21 13:14:00+00:00,4765.65,SL,-10.29,9.84,-1.0457,13,S94_SWEEP_REVERSAL_LONG
s94_sweep_reversal,BUY,2026-04-21 14:55:00+00:00,4736.83,4722.46,4768.01,2026-04-21 16:28:00+00:00,4722.46,SL,-14.82,14.37,-1.0313,14,S94_SWEEP_REVERSAL_LONG
s94_sweep_reversal,BUY,2026-04-22 12:55:00+00:00,4745.89,4742.69,4758.27,2026-04-22 13:00:00+00:00,4742.69,SL,-3.65,3.2,-1.1406,12,S94_SWEEP_REVERSAL_LONG
s94_sweep_reversal,BUY,2026-04-22 14:41:00+00:00,4736.595,4729.33,4759.7,2026-04-22 15:35:00+00:00,4729.33,SL,-7.715,7.265,-1.0619,14,S94_SWEEP_REVERSAL_LONG
s94_sweep_reversal,SELL,2026-04-23 00:46:00+00:00,4750.2,4752.11,4730.13,2026-04-23 00:52:00+00:00,4752.11,SL,-2.36,1.91,-1.2356,0,S94_SWEEP_REVERSAL_SHORT
s94_sweep_reversal,SELL,2026-04-23 08:20:00+00:00,4721.57,4725.47,4712.83,2026-04-23 08:32:00+00:00,4712.83,TP,8.29,3.9,2.1256,8,S94_SWEEP_REVERSAL_SHORT
s94_sweep_reversal,BUY,2026-04-23 09:00:00+00:00,4703.2,4701.64,4711.41,2026-04-23 09:01:00+00:00,4701.64,SL,-2.01,1.56,-1.2885,9,S94_SWEEP_REVERSAL_LONG
s94_sweep_reversal,BUY,2026-04-23 17:15:00+00:00,4715.76,4704.99,4745.59,2026-04-23 17:19:00+00:00,4704.99,SL,-11.22,10.77,-1.0418,17,S94_SWEEP_REVERSAL_LONG
s94_sweep_reversal,SELL,2026-04-23 23:46:00+00:00,4699.445,4700.98,4686.27,2026-04-24 00:24:00+00:00,4700.98,SL,-1.985,1.535,-1.2932,23,S94_SWEEP_REVERSAL_SHORT
s94_sweep_reversal,SELL,2026-04-24 11:15:00+00:00,4697.55,4704.01,4671.28,2026-04-24 11:22:00+00:00,4704.01,SL,-6.91,6.46,-1.0697,11,S94_SWEEP_REVERSAL_SHORT
s94_sweep_reversal,BUY,2026-04-27 08:52:00+00:00,4708.985,4705.26,4716.28,2026-04-27 09:09:00+00:00,4705.26,SL,-4.175,3.725,-1.1208,8,S94_SWEEP_REVERSAL_LONG
s94_sweep_reversal,BUY,2026-04-27 15:22:00+00:00,4672.405,4666.83,4691.73,2026-04-27 23:28:00+00:00,4691.73,TP,18.875,5.575,3.3857,15,S94_SWEEP_REVERSAL_LONG
s94_sweep_reversal,BUY,2026-04-28 02:56:00+00:00,4668.44,4666.42,4680.44,2026-04-28 05:00:00+00:00,4666.42,SL,-2.47,2.02,-1.2228,2,S94_SWEEP_REVERSAL_LONG
s94_sweep_reversal,SELL,2026-04-29 04:49:00+00:00,4604.32,4605.99,4598.01,2026-04-29 05:03:00+00:00,4605.99,SL,-2.12,1.67,-1.2695,4,S94_SWEEP_REVERSAL_SHORT
s94_sweep_reversal,BUY,2026-04-29 10:00:00+00:00,4555.135,4551.33,4567.95,2026-04-29 10:14:00+00:00,4567.95,TP,12.365,3.805,3.2497,10,S94_SWEEP_REVERSAL_LONG
s94_sweep_reversal,SELL,2026-04-30 00:30:00+00:00,4564.985,4569.12,4547.52,2026-04-30 00:45:00+00:00,4569.12,SL,-4.585,4.135,-1.1088,0,S94_SWEEP_REVERSAL_SHORT
s94_sweep_reversal,SELL,2026-04-30 10:16:00+00:00,4629.76,4632.15,4614.36,2026-04-30 10:22:00+00:00,4632.15,SL,-2.84,2.39,-1.1883,10,S94_SWEEP_REVERSAL_SHORT
s94_sweep_reversal,BUY,2026-04-30 13:45:00+00:00,4624.75,4619.86,4639.43,2026-04-30 13:46:00+00:00,4619.86,SL,-5.34,4.89,-1.092,13,S94_SWEEP_REVERSAL_LONG
s94_sweep_reversal,BUY,2026-04-30 16:26:00+00:00,4609.5,4605.25,4618.15,2026-04-30 17:09:00+00:00,4618.15,TP,8.2,4.25,1.9294,16,S94_SWEEP_REVERSAL_LONG
s94_sweep_reversal,SELL,2026-04-30 19:10:00+00:00,4625.57,4627.6,4617.14,2026-04-30 19:27:00+00:00,4617.14,TP,7.98,2.03,3.931,19,S94_SWEEP_REVERSAL_SHORT
s94_sweep_reversal,BUY,2026-05-01 04:40:00+00:00,4614.15,4612.29,4624.01,2026-05-01 04:46:00+00:00,4612.29,SL,-2.31,1.86,-1.2419,4,S94_SWEEP_REVERSAL_LONG
s94_sweep_reversal,SELL,2026-05-01 11:20:00+00:00,4573.13,4576.4,4565.86,2026-05-01 11:25:00+00:00,4576.4,SL,-3.72,3.27,-1.1376,11,S94_SWEEP_REVERSAL_SHORT
s94_sweep_reversal,SELL,2026-05-01 14:10:00+00:00,4635.94,4642.66,4608.27,2026-05-01 14:11:00+00:00,4642.66,SL,-7.17,6.72,-1.067,14,S94_SWEEP_REVERSAL_SHORT
s94_sweep_reversal,BUY,2026-05-04 00:12:00+00:00,4611.405,4604.03,4623.24,2026-05-04 00:22:00+00:00,4604.03,SL,-7.825,7.375,-1.061,0,S94_SWEEP_REVERSAL_LONG
s94_sweep_reversal,BUY,2026-05-04 06:23:00+00:00,4591.11,4587.45,4609.47,2026-05-04 06:38:00+00:00,4587.45,SL,-4.11,3.66,-1.123,6,S94_SWEEP_REVERSAL_LONG
s94_sweep_reversal,SELL,2026-05-04 14:31:00+00:00,4579.44,4582.91,4562.06,2026-05-04 14:40:00+00:00,4582.91,SL,-3.92,3.47,-1.1297,14,S94_SWEEP_REVERSAL_SHORT
s94_sweep_reversal,BUY,2026-05-04 15:49:00+00:00,4526.09,4513.65,4568.02,2026-05-04 15:51:00+00:00,4513.65,SL,-12.89,12.44,-1.0362,15,S94_SWEEP_REVERSAL_LONG
s94_sweep_reversal,SELL,2026-05-05 05:46:00+00:00,4546.94,4552.51,4527.42,2026-05-05 07:02:00+00:00,4552.51,SL,-6.02,5.57,-1.0808,5,S94_SWEEP_REVERSAL_SHORT
s94_sweep_reversal,BUY,2026-05-05 11:00:00+00:00,4543.42,4539.8,4549.59,2026-05-05 11:09:00+00:00,4549.59,TP,5.72,3.62,1.5801,11,S94_SWEEP_REVERSAL_LONG
s94_sweep_reversal,SELL,2026-05-05 14:00:00+00:00,4583.38,4585.39,4571.8,2026-05-05 14:14:00+00:00,4571.8,TP,11.13,2.01,5.5373,14,S94_SWEEP_REVERSAL_SHORT
s94_sweep_reversal,SELL,2026-05-05 14:44:00+00:00,4585.205,4586.74,4571.41,2026-05-05 15:52:00+00:00,4571.41,TP,13.345,1.535,8.6938,14,S94_SWEEP_REVERSAL_SHORT
s94_sweep_reversal,BUY,2026-05-05 16:15:00+00:00,4565.985,4562.04,4575.85,2026-05-05 16:24:00+00:00,4562.04,SL,-4.395,3.945,-1.1141,16,S94_SWEEP_REVERSAL_LONG
s94_sweep_reversal,BUY,2026-05-05 22:04:00+00:00,4553.355,4551.45,4560.06,2026-05-05 22:05:00+00:00,4551.45,SL,-2.355,1.905,-1.2362,22,S94_SWEEP_REVERSAL_LONG
s94_sweep_reversal,SELL,2026-05-06 00:18:00+00:00,4596.0,4598.71,4585.02,2026-05-06 00:20:00+00:00,4598.71,SL,-3.16,2.71,-1.1661,0,S94_SWEEP_REVERSAL_SHORT
s94_sweep_reversal,SELL,2026-05-07 01:55:00+00:00,4717.625,4721.92,4701.1,2026-05-07 02:30:00+00:00,4701.1,TP,16.075,4.295,3.7427,1,S94_SWEEP_REVERSAL_SHORT
s94_sweep_reversal,SELL,2026-05-07 14:13:00+00:00,4753.435,4758.64,4728.69,2026-05-07 14:25:00+00:00,4758.64,SL,-5.655,5.205,-1.0865,14,S94_SWEEP_REVERSAL_SHORT
s94_sweep_reversal,BUY,2026-05-07 22:55:00+00:00,4685.275,4681.72,4693.77,2026-05-07 23:11:00+00:00,4693.77,TP,8.045,3.555,2.263,22,S94_SWEEP_REVERSAL_LONG
s94_sweep_reversal,BUY,2026-05-11 00:13:00+00:00,4682.045,4679.88,4698.18,2026-05-11 00:17:00+00:00,4679.88,SL,-2.615,2.165,-1.2079,0,S94_SWEEP_REVERSAL_LONG
s94_sweep_reversal,BUY,2026-05-11 04:12:00+00:00,4675.45,4673.49,4686.55,2026-05-11 04:20:00+00:00,4673.49,SL,-2.41,1.96,-1.2296,4,S94_SWEEP_REVERSAL_LONG
s94_sweep_reversal,SELL,2026-05-11 13:30:00+00:00,4729.025,4736.38,4705.57,2026-05-11 13:31:00+00:00,4736.38,SL,-7.805,7.355,-1.0612,13,S94_SWEEP_REVERSAL_SHORT
s94_sweep_reversal,BUY,2026-05-12 02:30:00+00:00,4722.495,4720.33,4738.81,2026-05-12 03:45:00+00:00,4720.33,SL,-2.615,2.165,-1.2079,2,S94_SWEEP_REVERSAL_LONG
s94_sweep_reversal,BUY,2026-05-12 07:10:00+00:00,4694.51,4685.58,4710.56,2026-05-12 10:39:00+00:00,4685.58,SL,-9.38,8.93,-1.0504,7,S94_SWEEP_REVERSAL_LONG
s94_sweep_reversal,SELL,2026-05-12 11:46:00+00:00,4706.99,4708.89,4696.72,2026-05-12 11:56:00+00:00,4708.89,SL,-2.35,1.9,-1.2368,11,S94_SWEEP_REVERSAL_SHORT
s94_sweep_reversal,BUY,2026-05-12 13:33:00+00:00,4685.28,4678.82,4699.12,2026-05-12 13:40:00+00:00,4699.12,TP,13.39,6.46,2.0728,13,S94_SWEEP_REVERSAL_LONG
s94_sweep_reversal,BUY,2026-05-13 01:13:00+00:00,4711.74,4707.11,4727.28,2026-05-13 01:17:00+00:00,4707.11,SL,-5.08,4.63,-1.0972,1,S94_SWEEP_REVERSAL_LONG
s94_sweep_reversal,BUY,2026-05-13 08:41:00+00:00,4696.8,4694.45,4704.56,2026-05-13 09:14:00+00:00,4694.45,SL,-2.8,2.35,-1.1915,8,S94_SWEEP_REVERSAL_LONG
s94_sweep_reversal,BUY,2026-05-13 09:30:00+00:00,4687.705,4685.72,4698.47,2026-05-13 09:55:00+00:00,4698.47,TP,10.315,1.985,5.1965,9,S94_SWEEP_REVERSAL_LONG
s94_sweep_reversal,SELL,2026-05-13 10:15:00+00:00,4702.995,4711.34,4687.31,2026-05-13 12:21:00+00:00,4687.31,TP,15.235,8.345,1.8256,10,S94_SWEEP_REVERSAL_SHORT
s94_sweep_reversal,SELL,2026-05-14 00:27:00+00:00,4702.125,4705.79,4689.81,2026-05-14 00:59:00+00:00,4705.79,SL,-4.115,3.665,-1.1228,0,S94_SWEEP_REVERSAL_SHORT
s94_sweep_reversal,BUY,2026-05-14 03:07:00+00:00,4683.455,4679.89,4706.95,2026-05-14 03:39:00+00:00,4679.89,SL,-4.015,3.565,-1.1262,3,S94_SWEEP_REVERSAL_LONG
s94_sweep_reversal,BUY,2026-05-14 16:22:00+00:00,4677.195,4673.91,4684.74,2026-05-14 16:34:00+00:00,4673.91,SL,-3.735,3.285,-1.137,16,S94_SWEEP_REVERSAL_LONG
s94_sweep_reversal,BUY,2026-05-14 18:39:00+00:00,4670.51,4668.78,4687.88,2026-05-14 18:44:00+00:00,4668.78,SL,-2.18,1.73,-1.2601,18,S94_SWEEP_REVERSAL_LONG
s94_sweep_reversal,BUY,2026-05-15 08:27:00+00:00,4556.52,4552.47,4579.19,2026-05-15 08:30:00+00:00,4552.47,SL,-4.5,4.05,-1.1111,8,S94_SWEEP_REVERSAL_LONG
s94_sweep_reversal,SELL,2026-05-18 07:26:00+00:00,4549.93,4552.26,4538.34,2026-05-18 07:30:00+00:00,4552.26,SL,-2.78,2.33,-1.1931,7,S94_SWEEP_REVERSAL_SHORT
s94_sweep_reversal,SELL,2026-05-18 08:33:00+00:00,4552.045,4560.9,4540.94,2026-05-18 09:30:00+00:00,4540.94,TP,10.655,8.855,1.2033,8,S94_SWEEP_REVERSAL_SHORT
s94_sweep_reversal,SELL,2026-05-18 08:50:00+00:00,4554.915,4560.61,4540.94,2026-05-18 09:30:00+00:00,4540.94,TP,13.525,5.695,2.3749,8,S94_SWEEP_REVERSAL_SHORT
s94_sweep_reversal,SELL,2026-05-18 19:11:00+00:00,4558.29,4565.75,4505.6,2026-05-18 20:17:00+00:00,4565.75,SL,-7.91,7.46,-1.0603,19,S94_SWEEP_REVERSAL_SHORT
s94_sweep_reversal,SELL,2026-05-18 20:44:00+00:00,4565.07,4567.01,4557.53,2026-05-18 22:04:00+00:00,4567.01,SL,-2.39,1.94,-1.232,20,S94_SWEEP_REVERSAL_SHORT
s94_sweep_reversal,BUY,2026-05-19 05:30:00+00:00,4534.375,4530.76,4554.46,2026-05-19 07:09:00+00:00,4554.46,TP,19.635,3.615,5.4315,5,S94_SWEEP_REVERSAL_LONG
s94_sweep_reversal,BUY,2026-05-19 13:40:00+00:00,4480.41,4463.22,4526.72,2026-05-20 01:36:00+00:00,4463.22,SL,-17.64,17.19,-1.0262,13,S94_SWEEP_REVERSAL_LONG
s94_sweep_reversal,BUY,2026-05-20 01:45:00+00:00,4464.78,4455.23,4491.19,2026-05-20 03:06:00+00:00,4455.23,SL,-10.0,9.55,-1.0471,1,S94_SWEEP_REVERSAL_LONG
s94_sweep_reversal,SELL,2026-05-20 18:45:00+00:00,4538.24,4544.11,4526.71,2026-05-20 18:55:00+00:00,4544.11,SL,-6.32,5.87,-1.0767,18,S94_SWEEP_REVERSAL_SHORT
s94_sweep_reversal,SELL,2026-05-21 01:09:00+00:00,4550.445,4553.65,4526.62,2026-05-21 01:10:00+00:00,4553.65,SL,-3.655,3.205,-1.1404,1,S94_SWEEP_REVERSAL_SHORT
s94_sweep_reversal,BUY,2026-05-21 02:41:00+00:00,4537.365,4533.99,4550.81,2026-05-21 02:45:00+00:00,4533.99,SL,-3.825,3.375,-1.1333,2,S94_SWEEP_REVERSAL_LONG
s94_sweep_reversal,BUY,2026-05-21 10:36:00+00:00,4512.075,4507.85,4561.56,2026-05-21 10:39:00+00:00,4507.85,SL,-4.675,4.225,-1.1065,10,S94_SWEEP_REVERSAL_LONG
s94_sweep_reversal,SELL,2026-05-21 17:30:00+00:00,4543.06,4546.73,4520.31,2026-05-21 17:31:00+00:00,4546.73,SL,-4.12,3.67,-1.1226,17,S94_SWEEP_REVERSAL_SHORT
s94_sweep_reversal,BUY,2026-05-22 13:55:00+00:00,4515.325,4509.82,4529.94,2026-05-22 14:00:00+00:00,4509.82,SL,-5.955,5.505,-1.0817,13,S94_SWEEP_REVERSAL_LONG
s94_sweep_reversal,BUY,2026-05-22 14:12:00+00:00,4507.43,4502.58,4524.44,2026-05-22 14:13:00+00:00,4502.58,SL,-5.3,4.85,-1.0928,14,S94_SWEEP_REVERSAL_LONG
s94_sweep_reversal,BUY,2026-05-22 14:21:00+00:00,4496.91,4492.12,4529.83,2026-05-22 14:24:00+00:00,4492.12,SL,-5.24,4.79,-1.0939,14,S94_SWEEP_REVERSAL_LONG
s94_sweep_reversal,BUY,2026-05-25 01:15:00+00:00,4565.685,4560.1,4579.32,2026-05-25 02:16:00+00:00,4560.1,SL,-6.035,5.585,-1.0806,1,S94_SWEEP_REVERSAL_LONG
s94_sweep_reversal,SELL,2026-05-25 11:30:00+00:00,4573.825,4575.46,4568.56,2026-05-25 11:38:00+00:00,4575.46,SL,-2.085,1.635,-1.2752,11,S94_SWEEP_REVERSAL_SHORT
s94_sweep_reversal,SELL,2026-05-25 15:20:00+00:00,4571.605,4573.83,4558.56,2026-05-25 15:25:00+00:00,4573.83,SL,-2.675,2.225,-1.2022,15,S94_SWEEP_REVERSAL_SHORT
s94_sweep_reversal,BUY,2026-05-26 00:16:00+00:00,4550.55,4548.41,4572.12,2026-05-26 00:18:00+00:00,4548.41,SL,-2.59,2.14,-1.2103,0,S94_SWEEP_REVERSAL_LONG
s94_sweep_reversal,BUY,2026-05-26 18:10:00+00:00,4488.63,4482.02,4504.48,2026-05-26 19:17:00+00:00,4504.48,TP,15.4,6.61,2.3298,18,S94_SWEEP_REVERSAL_LONG
s94_sweep_reversal,SELL,2026-05-26 23:05:00+00:00,4511.34,4514.11,4499.64,2026-05-26 23:34:00+00:00,4514.11,SL,-3.22,2.77,-1.1625,23,S94_SWEEP_REVERSAL_SHORT
s94_sweep_reversal,SELL,2026-05-26 23:28:00+00:00,4511.22,4514.12,4499.64,2026-05-26 23:34:00+00:00,4514.12,SL,-3.35,2.9,-1.1552,23,S94_SWEEP_REVERSAL_SHORT
s94_sweep_reversal,SELL,2026-05-27 05:04:00+00:00,4512.095,4517.9,4499.78,2026-05-27 05:32:00+00:00,4499.78,TP,11.865,5.805,2.0439,5,S94_SWEEP_REVERSAL_SHORT
s94_sweep_reversal,BUY,2026-05-27 05:41:00+00:00,4496.065,4493.73,4523.81,2026-05-27 05:42:00+00:00,4493.73,SL,-2.785,2.335,-1.1927,5,S94_SWEEP_REVERSAL_LONG
s94_sweep_reversal,BUY,2026-05-27 06:42:00+00:00,4482.62,4479.6,4493.05,2026-05-27 07:49:00+00:00,4479.6,SL,-3.47,3.02,-1.149,6,S94_SWEEP_REVERSAL_LONG
s94_sweep_reversal,BUY,2026-05-27 10:19:00+00:00,4479.87,4475.6,4492.64,2026-05-27 10:30:00+00:00,4475.6,SL,-4.72,4.27,-1.1054,10,S94_SWEEP_REVERSAL_LONG
s94_sweep_reversal,SELL,2026-05-27 18:30:00+00:00,4455.655,4458.72,4446.66,2026-05-27 20:18:00+00:00,4458.72,SL,-3.515,3.065,-1.1468,18,S94_SWEEP_REVERSAL_SHORT
s94_sweep_reversal,BUY,2026-05-28 02:22:00+00:00,4401.63,4395.92,4420.68,2026-05-28 02:45:00+00:00,4395.92,SL,-6.16,5.71,-1.0788,2,S94_SWEEP_REVERSAL_LONG
s94_sweep_reversal,BUY,2026-05-28 11:00:00+00:00,4382.9,4374.49,4403.1,2026-05-28 12:44:00+00:00,4403.1,TP,19.75,8.41,2.3484,11,S94_SWEEP_REVERSAL_LONG
s94_sweep_reversal,SELL,2026-05-28 14:20:00+00:00,4466.7,4474.1,4391.05,2026-05-28 14:45:00+00:00,4474.1,SL,-7.85,7.4,-1.0608,14,S94_SWEEP_REVERSAL_SHORT
s94_sweep_reversal,SELL,2026-05-29 06:28:00+00:00,4520.815,4522.64,4506.42,2026-05-29 06:54:00+00:00,4522.64,SL,-2.275,1.825,-1.2466,6,S94_SWEEP_REVERSAL_SHORT
s94_sweep_reversal,SELL,2026-05-29 10:45:00+00:00,4540.69,4543.57,4533.11,2026-05-29 11:09:00+00:00,4533.11,TP,7.13,2.88,2.4757,10,S94_SWEEP_REVERSAL_SHORT
s94_sweep_reversal,SELL,2026-05-29 14:00:00+00:00,4538.99,4540.96,4523.81,2026-05-29 14:01:00+00:00,4540.96,SL,-2.42,1.97,-1.2284,14,S94_SWEEP_REVERSAL_SHORT
s94_sweep_reversal,SELL,2026-05-29 14:51:00+00:00,4545.6,4553.36,4517.78,2026-05-29 14:52:00+00:00,4553.36,SL,-8.21,7.76,-1.058,14,S94_SWEEP_REVERSAL_SHORT
s94_sweep_reversal,BUY,2026-06-01 06:35:00+00:00,4508.64,4504.61,4517.07,2026-06-01 06:36:00+00:00,4504.61,SL,-4.48,4.03,-1.1117,6,S94_SWEEP_REVERSAL_LONG
s94_sweep_reversal,BUY,2026-06-01 08:05:00+00:00,4494.935,4492.36,4508.26,2026-06-01 08:16:00+00:00,4492.36,SL,-3.025,2.575,-1.1748,8,S94_SWEEP_REVERSAL_LONG
s94_sweep_reversal,BUY,2026-06-01 09:32:00+00:00,4492.42,4490.25,4502.98,2026-06-01 09:33:00+00:00,4490.25,SL,-2.62,2.17,-1.2074,9,S94_SWEEP_REVERSAL_LONG
s94_sweep_reversal,SELL,2026-06-01 23:11:00+00:00,4485.89,4488.16,4479.62,2026-06-01 23:26:00+00:00,4488.16,SL,-2.72,2.27,-1.1982,23,S94_SWEEP_REVERSAL_SHORT
s94_sweep_reversal,BUY,2026-06-02 01:00:00+00:00,4479.16,4476.68,4493.62,2026-06-02 01:01:00+00:00,4476.68,SL,-2.93,2.48,-1.1815,1,S94_SWEEP_REVERSAL_LONG
s94_sweep_reversal,SELL,2026-06-02 03:36:00+00:00,4497.135,4499.66,4479.91,2026-06-02 04:00:00+00:00,4499.66,SL,-2.975,2.525,-1.1782,3,S94_SWEEP_REVERSAL_SHORT
s94_sweep_reversal,SELL,2026-06-02 04:55:00+00:00,4513.08,4516.39,4503.91,2026-06-02 04:58:00+00:00,4516.39,SL,-3.76,3.31,-1.136,4,S94_SWEEP_REVERSAL_SHORT
s94_sweep_reversal,SELL,2026-06-02 05:42:00+00:00,4525.27,4528.56,4511.3,2026-06-02 06:21:00+00:00,4528.56,SL,-3.74,3.29,-1.1368,5,S94_SWEEP_REVERSAL_SHORT
s94_sweep_reversal,SELL,2026-06-02 06:45:00+00:00,4534.825,4538.82,4527.81,2026-06-02 07:10:00+00:00,4538.82,SL,-4.445,3.995,-1.1126,6,S94_SWEEP_REVERSAL_SHORT
s94_sweep_reversal,BUY,2026-06-03 05:41:00+00:00,4463.64,4458.71,4479.04,2026-06-03 05:58:00+00:00,4458.71,SL,-5.38,4.93,-1.0913,5,S94_SWEEP_REVERSAL_LONG
s94_sweep_reversal,SELL,2026-06-03 19:10:00+00:00,4448.445,4450.15,4433.21,2026-06-03 19:15:00+00:00,4450.15,SL,-2.155,1.705,-1.2639,19,S94_SWEEP_REVERSAL_SHORT
s94_sweep_reversal,SELL,2026-06-03 23:55:00+00:00,4459.745,4465.38,4442.62,2026-06-04 00:02:00+00:00,4465.38,SL,-6.085,5.635,-1.0799,23,S94_SWEEP_REVERSAL_SHORT
s94_sweep_reversal,SELL,2026-06-04 01:30:00+00:00,4468.19,4474.53,4455.77,2026-06-04 02:11:00+00:00,4455.77,TP,11.97,6.34,1.888,1,S94_SWEEP_REVERSAL_SHORT
s94_sweep_reversal,SELL,2026-06-04 11:16:00+00:00,4475.725,4479.18,4465.26,2026-06-04 11:17:00+00:00,4479.18,SL,-3.905,3.455,-1.1302,11,S94_SWEEP_REVERSAL_SHORT
s94_sweep_reversal,BUY,2026-06-04 15:00:00+00:00,4464.35,4456.66,4483.73,2026-06-04 16:10:00+00:00,4483.73,TP,18.93,7.69,2.4616,15,S94_SWEEP_REVERSAL_LONG
s94_sweep_reversal,BUY,2026-06-05 06:12:00+00:00,4437.69,4435.11,4450.15,2026-06-05 06:15:00+00:00,4435.11,SL,-3.03,2.58,-1.1744,6,S94_SWEEP_REVERSAL_LONG
s94_sweep_reversal,BUY,2026-06-08 02:31:00+00:00,4310.115,4299.02,4336.22,2026-06-08 05:34:00+00:00,4299.02,SL,-11.545,11.095,-1.0406,2,S94_SWEEP_REVERSAL_LONG
s94_sweep_reversal,BUY,2026-06-08 08:10:00+00:00,4293.205,4289.14,4305.14,2026-06-08 08:17:00+00:00,4289.14,SL,-4.515,4.065,-1.1107,8,S94_SWEEP_REVERSAL_LONG
s94_sweep_reversal,BUY,2026-06-08 23:55:00+00:00,4314.945,4312.76,4327.33,2026-06-09 01:06:00+00:00,4327.33,TP,11.935,2.185,5.4622,23,S94_SWEEP_REVERSAL_LONG
s94_sweep_reversal,SELL,2026-06-09 01:25:00+00:00,4328.93,4332.75,4312.4,2026-06-09 01:27:00+00:00,4332.75,SL,-4.27,3.82,-1.1178,1,S94_SWEEP_REVERSAL_SHORT
s94_sweep_reversal,BUY,2026-06-09 14:30:00+00:00,4315.125,4304.87,4340.65,2026-06-09 14:38:00+00:00,4304.87,SL,-10.705,10.255,-1.0439,14,S94_SWEEP_REVERSAL_LONG
s94_sweep_reversal,BUY,2026-06-09 15:57:00+00:00,4273.165,4262.3,4300.93,2026-06-09 16:09:00+00:00,4262.3,SL,-11.315,10.865,-1.0414,15,S94_SWEEP_REVERSAL_LONG
s94_sweep_reversal,BUY,2026-06-09 16:06:00+00:00,4268.48,4262.77,4300.93,2026-06-09 16:09:00+00:00,4262.77,SL,-6.16,5.71,-1.0788,16,S94_SWEEP_REVERSAL_LONG
s94_sweep_reversal,BUY,2026-06-09 23:00:00+00:00,4236.7,4232.05,4249.82,2026-06-09 23:17:00+00:00,4232.05,SL,-5.1,4.65,-1.0968,23,S94_SWEEP_REVERSAL_LONG
s94_sweep_reversal,BUY,2026-06-10 11:44:00+00:00,4155.715,4153.42,4175.95,2026-06-10 11:45:00+00:00,4153.42,SL,-2.745,2.295,-1.1961,11,S94_SWEEP_REVERSAL_LONG
s94_sweep_reversal,SELL,2026-06-10 14:00:00+00:00,4179.65,4187.1,4161.28,2026-06-10 14:28:00+00:00,4161.28,TP,17.92,7.45,2.4054,14,S94_SWEEP_REVERSAL_SHORT
s94_sweep_reversal,BUY,2026-06-10 19:00:00+00:00,4100.985,4096.71,4112.01,2026-06-10 19:04:00+00:00,4096.71,SL,-4.725,4.275,-1.1053,19,S94_SWEEP_REVERSAL_LONG
s94_sweep_reversal,SELL,2026-06-11 16:00:00+00:00,4092.92,4095.93,4080.92,2026-06-11 16:11:00+00:00,4095.93,SL,-3.46,3.01,-1.1495,16,S94_SWEEP_REVERSAL_SHORT
s94_sweep_reversal,SELL,2026-06-12 03:26:00+00:00,4200.03,4201.64,4186.09,2026-06-12 03:27:00+00:00,4201.64,SL,-2.06,1.61,-1.2795,3,S94_SWEEP_REVERSAL_SHORT
s94_sweep_reversal,SELL,2026-06-12 15:30:00+00:00,4228.07,4236.45,4190.81,2026-06-14 22:04:00+00:00,4236.45,SL,-8.83,8.38,-1.0537,15,S94_SWEEP_REVERSAL_SHORT
s94_sweep_reversal,BUY,2026-06-15 11:55:00+00:00,4335.4,4331.65,4345.48,2026-06-15 12:14:00+00:00,4331.65,SL,-4.2,3.75,-1.12,11,S94_SWEEP_REVERSAL_LONG
s94_sweep_reversal,SELL,2026-06-15 13:40:00+00:00,4363.72,4367.16,4337.66,2026-06-15 13:41:00+00:00,4367.16,SL,-3.89,3.44,-1.1308,13,S94_SWEEP_REVERSAL_SHORT
s94_sweep_reversal,SELL,2026-06-16 01:10:00+00:00,4319.33,4326.69,4301.37,2026-06-16 03:35:00+00:00,4326.69,SL,-7.81,7.36,-1.0611,1,S94_SWEEP_REVERSAL_SHORT
s94_sweep_reversal,SELL,2026-06-16 07:40:00+00:00,4331.0,4332.92,4323.71,2026-06-16 07:52:00+00:00,4332.92,SL,-2.37,1.92,-1.2344,7,S94_SWEEP_REVERSAL_SHORT
s94_sweep_reversal,BUY,2026-06-16 11:40:00+00:00,4338.41,4334.84,4349.71,2026-06-16 12:44:00+00:00,4349.71,TP,10.85,3.57,3.0392,11,S94_SWEEP_REVERSAL_LONG
s94_sweep_reversal,SELL,2026-06-17 00:15:00+00:00,4338.57,4340.33,4327.06,2026-06-17 00:16:00+00:00,4340.33,SL,-2.21,1.76,-1.2557,0,S94_SWEEP_REVERSAL_SHORT
s94_sweep_reversal,SELL,2026-06-17 10:48:00+00:00,4334.285,4335.96,4320.9,2026-06-17 12:08:00+00:00,4320.9,TP,12.935,1.675,7.7224,10,S94_SWEEP_REVERSAL_SHORT
s94_sweep_reversal,SELL,2026-06-17 10:46:00+00:00,4332.825,4336.11,4319.04,2026-06-17 13:22:00+00:00,4336.11,SL,-3.735,3.285,-1.137,10,S94_SWEEP_REVERSAL_SHORT
s94_sweep_reversal,SELL,2026-06-17 13:30:00+00:00,4335.81,4338.76,4323.81,2026-06-17 13:37:00+00:00,4338.76,SL,-3.4,2.95,-1.1525,13,S94_SWEEP_REVERSAL_SHORT
s94_sweep_reversal,SELL,2026-06-17 16:06:00+00:00,4364.09,4365.93,4352.07,2026-06-17 16:22:00+00:00,4365.93,SL,-2.29,1.84,-1.2446,16,S94_SWEEP_REVERSAL_SHORT
s94_sweep_reversal,SELL,2026-06-17 22:26:00+00:00,4269.855,4271.82,4258.76,2026-06-17 23:09:00+00:00,4271.82,SL,-2.415,1.965,-1.229,22,S94_SWEEP_REVERSAL_SHORT
s94_sweep_reversal,BUY,2026-06-18 07:48:00+00:00,4296.23,4293.13,4322.43,2026-06-18 07:53:00+00:00,4293.13,SL,-3.55,3.1,-1.1452,7,S94_SWEEP_REVERSAL_LONG
s94_sweep_reversal,BUY,2026-06-18 16:47:00+00:00,4219.165,4214.54,4231.71,2026-06-18 16:56:00+00:00,4214.54,SL,-5.075,4.625,-1.0973,16,S94_SWEEP_REVERSAL_LONG
s94_sweep_reversal,BUY,2026-06-19 02:25:00+00:00,4177.25,4175.1,4185.39,2026-06-19 02:50:00+00:00,4175.1,SL,-2.6,2.15,-1.2093,2,S94_SWEEP_REVERSAL_LONG
s94_sweep_reversal,BUY,2026-06-19 14:32:00+00:00,4147.445,4143.39,4156.47,2026-06-19 14:44:00+00:00,4143.39,SL,-4.505,4.055,-1.111,14,S94_SWEEP_REVERSAL_LONG
s94_sweep_reversal,SELL,2026-06-19 16:56:00+00:00,4154.155,4158.37,4145.23,2026-06-21 22:04:00+00:00,4156.92,TIME,-3.215,4.215,-0.7628,16,S94_SWEEP_REVERSAL_SHORT
s94_sweep_reversal,BUY,2026-06-21 23:46:00+00:00,4144.32,4141.97,4153.64,2026-06-21 23:47:00+00:00,4141.97,SL,-2.8,2.35,-1.1915,23,S94_SWEEP_REVERSAL_LONG
s94_sweep_reversal,SELL,2026-06-22 00:13:00+00:00,4160.11,4165.43,4152.74,2026-06-22 00:16:00+00:00,4165.43,SL,-5.77,5.32,-1.0846,0,S94_SWEEP_REVERSAL_SHORT
s94_sweep_reversal,SELL,2026-06-22 00:25:00+00:00,4164.945,4171.34,4151.05,2026-06-22 00:36:00+00:00,4171.34,SL,-6.845,6.395,-1.0704,0,S94_SWEEP_REVERSAL_SHORT
s94_sweep_reversal,SELL,2026-06-22 09:19:00+00:00,4207.355,4209.98,4193.02,2026-06-22 09:33:00+00:00,4209.98,SL,-3.075,2.625,-1.1714,9,S94_SWEEP_REVERSAL_SHORT
s94_sweep_reversal,BUY,2026-06-23 01:26:00+00:00,4177.165,4170.21,4201.33,2026-06-23 01:33:00+00:00,4170.21,SL,-7.405,6.955,-1.0647,1,S94_SWEEP_REVERSAL_LONG
s94_sweep_reversal,BUY,2026-06-23 03:37:00+00:00,4136.695,4130.39,4157.27,2026-06-23 04:56:00+00:00,4130.39,SL,-6.755,6.305,-1.0714,3,S94_SWEEP_REVERSAL_LONG
s94_sweep_reversal,BUY,2026-06-23 04:55:00+00:00,4133.065,4130.76,4157.27,2026-06-23 04:56:00+00:00,4130.76,SL,-2.755,2.305,-1.1952,4,S94_SWEEP_REVERSAL_LONG
s94_sweep_reversal,BUY,2026-06-23 06:26:00+00:00,4114.825,4110.74,4136.01,2026-06-23 06:48:00+00:00,4110.74,SL,-4.535,4.085,-1.1102,6,S94_SWEEP_REVERSAL_LONG
s94_sweep_reversal,BUY,2026-06-24 02:08:00+00:00,4080.895,4067.28,4127.37,2026-06-24 02:30:00+00:00,4067.28,SL,-14.065,13.615,-1.0331,2,S94_SWEEP_REVERSAL_LONG
s94_sweep_reversal,BUY,2026-06-24 09:25:00+00:00,4073.185,4069.57,4081.36,2026-06-24 09:29:00+00:00,4069.57,SL,-4.065,3.615,-1.1245,9,S94_SWEEP_REVERSAL_LONG
s94_sweep_reversal,BUY,2026-06-24 12:15:00+00:00,4037.585,4035.1,4056.78,2026-06-24 12:23:00+00:00,4035.1,SL,-2.935,2.485,-1.1811,12,S94_SWEEP_REVERSAL_LONG
s94_sweep_reversal,BUY,2026-06-24 17:20:00+00:00,3997.37,3995.44,4017.66,2026-06-24 17:22:00+00:00,3995.44,SL,-2.38,1.93,-1.2332,17,S94_SWEEP_REVERSAL_LONG
s94_sweep_reversal,SELL,2026-06-25 12:55:00+00:00,4016.42,4019.68,3987.86,2026-06-25 13:00:00+00:00,4019.68,SL,-3.71,3.26,-1.138,12,S94_SWEEP_REVERSAL_SHORT
s94_sweep_reversal,SELL,2026-06-25 15:47:00+00:00,4034.225,4041.45,3984.56,2026-06-25 15:54:00+00:00,4041.45,SL,-7.675,7.225,-1.0623,15,S94_SWEEP_REVERSAL_SHORT
s94_sweep_reversal,BUY,2026-06-25 20:00:00+00:00,4026.025,4021.56,4033.32,2026-06-25 20:01:00+00:00,4033.32,TP,6.845,4.465,1.533,20,S94_SWEEP_REVERSAL_LONG
s94_sweep_reversal,BUY,2026-06-25 22:51:00+00:00,4021.965,4019.73,4028.96,2026-06-25 23:23:00+00:00,4028.96,TP,6.545,2.235,2.9284,22,S94_SWEEP_REVERSAL_LONG
s94_sweep_reversal,SELL,2026-06-26 09:34:00+00:00,4048.86,4051.21,4034.97,2026-06-26 09:35:00+00:00,4051.21,SL,-2.8,2.35,-1.1915,9,S94_SWEEP_REVERSAL_SHORT
s94_sweep_reversal,SELL,2026-06-26 14:25:00+00:00,4090.845,4093.38,4069.56,2026-06-26 15:39:00+00:00,4093.38,SL,-2.985,2.535,-1.1775,14,S94_SWEEP_REVERSAL_SHORT
s94_sweep_reversal,SELL,2026-06-26 14:48:00+00:00,4087.76,4093.69,4069.56,2026-06-26 15:39:00+00:00,4093.69,SL,-6.38,5.93,-1.0759,14,S94_SWEEP_REVERSAL_SHORT
s94_sweep_reversal,BUY,2026-06-26 17:46:00+00:00,4075.72,4074.17,4083.68,2026-06-26 17:57:00+00:00,4074.17,SL,-2.0,1.55,-1.2903,17,S94_SWEEP_REVERSAL_LONG
s94_sweep_reversal,SELL,2026-06-29 01:05:00+00:00,4070.545,4074.71,4061.57,2026-06-29 01:07:00+00:00,4074.71,SL,-4.615,4.165,-1.108,1,S94_SWEEP_REVERSAL_SHORT
s94_sweep_reversal,SELL,2026-06-29 17:19:00+00:00,4030.525,4032.33,4018.35,2026-06-29 18:47:00+00:00,4018.35,TP,11.725,1.805,6.4958,17,S94_SWEEP_REVERSAL_SHORT
s94_sweep_reversal,BUY,2026-06-30 00:15:00+00:00,4009.57,4002.89,4027.31,2026-06-30 00:31:00+00:00,4002.89,SL,-7.13,6.68,-1.0674,0,S94_SWEEP_REVERSAL_LONG
s94_sweep_reversal,SELL,2026-06-30 06:49:00+00:00,4032.17,4034.54,4009.41,2026-06-30 07:25:00+00:00,4034.54,SL,-2.82,2.37,-1.1899,6,S94_SWEEP_REVERSAL_SHORT
s94_sweep_reversal,SELL,2026-06-30 06:40:00+00:00,4022.505,4035.51,3987.72,2026-06-30 08:00:00+00:00,4035.51,SL,-13.455,13.005,-1.0346,6,S94_SWEEP_REVERSAL_SHORT
s94_sweep_reversal,BUY,2026-06-30 17:27:00+00:00,4022.335,4020.61,4032.84,2026-06-30 18:05:00+00:00,4032.84,TP,10.055,1.725,5.829,17,S94_SWEEP_REVERSAL_LONG
s94_sweep_reversal,SELL,2026-07-01 09:45:00+00:00,3982.985,3984.71,3964.05,2026-07-01 09:49:00+00:00,3984.71,SL,-2.175,1.725,-1.2609,9,S94_SWEEP_REVERSAL_SHORT
s94_sweep_reversal,SELL,2026-07-01 10:00:00+00:00,3984.555,3986.3,3977.38,2026-07-01 10:01:00+00:00,3986.3,SL,-2.195,1.745,-1.2579,10,S94_SWEEP_REVERSAL_SHORT
s94_sweep_reversal,SELL,2026-07-01 10:29:00+00:00,3987.095,3989.95,3979.15,2026-07-01 10:31:00+00:00,3989.95,SL,-3.305,2.855,-1.1576,10,S94_SWEEP_REVERSAL_SHORT
s94_sweep_reversal,SELL,2026-07-01 12:00:00+00:00,4033.925,4035.76,4021.83,2026-07-01 12:07:00+00:00,4021.83,TP,11.645,1.835,6.346,12,S94_SWEEP_REVERSAL_SHORT
s94_sweep_reversal,SELL,2026-07-02 06:18:00+00:00,4074.235,4076.29,4056.12,2026-07-02 06:21:00+00:00,4076.29,SL,-2.505,2.055,-1.219,6,S94_SWEEP_REVERSAL_SHORT
s94_sweep_reversal,SELL,2026-07-02 13:56:00+00:00,4140.525,4144.44,4123.92,2026-07-02 14:20:00+00:00,4123.92,TP,16.155,3.915,4.1264,13,S94_SWEEP_REVERSAL_SHORT
s94_sweep_reversal,BUY,2026-07-02 17:05:00+00:00,4114.06,4098.98,4132.7,2026-07-02 23:33:00+00:00,4132.7,TP,18.19,15.08,1.2062,17,S94_SWEEP_REVERSAL_LONG
s94_sweep_reversal,BUY,2026-07-02 17:38:00+00:00,4109.445,4099.45,4132.7,2026-07-02 23:33:00+00:00,4132.7,TP,22.805,9.995,2.2816,17,S94_SWEEP_REVERSAL_LONG
s94_sweep_reversal,SELL,2026-07-02 23:56:00+00:00,4131.665,4135.42,4117.19,2026-07-03 00:14:00+00:00,4135.42,SL,-4.205,3.755,-1.1198,23,S94_SWEEP_REVERSAL_SHORT
s94_sweep_reversal,BUY,2026-07-06 02:58:00+00:00,4170.295,4168.55,4183.34,2026-07-06 03:02:00+00:00,4168.55,SL,-2.195,1.745,-1.2579,2,S94_SWEEP_REVERSAL_LONG
s94_sweep_reversal,BUY,2026-07-07 01:15:00+00:00,4140.295,4137.67,4158.12,2026-07-07 01:16:00+00:00,4137.67,SL,-3.075,2.625,-1.1714,1,S94_SWEEP_REVERSAL_LONG
s94_sweep_reversal,BUY,2026-07-07 03:43:00+00:00,4128.51,4125.42,4144.26,2026-07-07 03:48:00+00:00,4125.42,SL,-3.54,3.09,-1.1456,3,S94_SWEEP_REVERSAL_LONG
s94_sweep_reversal,BUY,2026-07-07 05:13:00+00:00,4124.535,4122.68,4134.31,2026-07-07 05:14:00+00:00,4122.68,SL,-2.305,1.855,-1.2426,5,S94_SWEEP_REVERSAL_LONG
s94_sweep_reversal,BUY,2026-07-07 19:25:00+00:00,4100.355,4091.49,4120.0,2026-07-08 00:39:00+00:00,4120.0,TP,19.195,8.865,2.1653,19,S94_SWEEP_REVERSAL_LONG
s94_sweep_reversal,SELL,2026-07-08 05:42:00+00:00,4131.22,4134.27,4121.87,2026-07-08 07:03:00+00:00,4121.87,TP,8.9,3.05,2.918,5,S94_SWEEP_REVERSAL_SHORT
s94_sweep_reversal,BUY,2026-07-08 09:05:00+00:00,4053.245,4050.49,4079.73,2026-07-08 09:09:00+00:00,4050.49,SL,-3.205,2.755,-1.1633,9,S94_SWEEP_REVERSAL_LONG
s94_sweep_reversal,SELL,2026-07-09 00:10:00+00:00,4079.885,4083.1,4069.57,2026-07-09 00:11:00+00:00,4083.1,SL,-3.665,3.215,-1.14,0,S94_SWEEP_REVERSAL_SHORT
s94_sweep_reversal,BUY,2026-07-09 01:00:00+00:00,4072.26,4070.19,4085.58,2026-07-09 01:03:00+00:00,4070.19,SL,-2.52,2.07,-1.2174,1,S94_SWEEP_REVERSAL_LONG
s94_sweep_reversal,SELL,2026-07-08 19:00:00+00:00,4086.445,4092.19,4066.1,2026-07-09 01:04:00+00:00,4066.1,TP,19.895,5.745,3.463,19,S94_SWEEP_REVERSAL_SHORT
s94_sweep_reversal,SELL,2026-07-09 06:10:00+00:00,4090.02,4100.78,4063.08,2026-07-09 06:25:00+00:00,4100.78,SL,-11.21,10.76,-1.0418,6,S94_SWEEP_REVERSAL_SHORT
s94_sweep_reversal,SELL,2026-07-09 07:26:00+00:00,4108.185,4110.57,4101.73,2026-07-09 07:42:00+00:00,4110.57,SL,-2.835,2.385,-1.1887,7,S94_SWEEP_REVERSAL_SHORT
s94_sweep_reversal,SELL,2026-07-09 13:38:00+00:00,4127.27,4129.5,4117.84,2026-07-09 13:44:00+00:00,4129.5,SL,-2.68,2.23,-1.2018,13,S94_SWEEP_REVERSAL_SHORT
s94_sweep_reversal,SELL,2026-07-09 16:30:00+00:00,4133.805,4136.88,4106.88,2026-07-09 16:32:00+00:00,4136.88,SL,-3.525,3.075,-1.1463,16,S94_SWEEP_REVERSAL_SHORT
s94_sweep_reversal,SELL,2026-07-09 17:47:00+00:00,4136.605,4138.18,4126.18,2026-07-09 18:20:00+00:00,4126.18,TP,9.975,1.575,6.3333,17,S94_SWEEP_REVERSAL_SHORT
s94_sweep_reversal,BUY,2026-07-10 00:40:00+00:00,4118.91,4114.11,4125.7,2026-07-10 00:45:00+00:00,4125.7,TP,6.34,4.8,1.3208,0,S94_SWEEP_REVERSAL_LONG
s94_sweep_reversal,SELL,2026-07-10 02:11:00+00:00,4127.815,4131.6,4114.24,2026-07-10 03:00:00+00:00,4131.6,SL,-4.235,3.785,-1.1189,2,S94_SWEEP_REVERSAL_SHORT
s94_sweep_reversal,BUY,2026-07-10 05:45:00+00:00,4112.265,4109.01,4121.88,2026-07-10 05:47:00+00:00,4109.01,SL,-3.705,3.255,-1.1382,5,S94_SWEEP_REVERSAL_LONG
s94_sweep_reversal,BUY,2026-07-12 23:00:00+00:00,4072.8,4069.37,4089.8,2026-07-12 23:04:00+00:00,4069.37,SL,-3.88,3.43,-1.1312,23,S94_SWEEP_REVERSAL_LONG
s94_sweep_reversal,BUY,2026-07-13 00:40:00+00:00,4068.61,4060.37,4090.49,2026-07-13 03:06:00+00:00,4060.37,SL,-8.69,8.24,-1.0546,0,S94_SWEEP_REVERSAL_LONG
s94_sweep_reversal,BUY,2026-07-13 04:08:00+00:00,4056.455,4052.95,4071.01,2026-07-13 04:14:00+00:00,4052.95,SL,-3.955,3.505,-1.1284,4,S94_SWEEP_REVERSAL_LONG
s94_sweep_reversal,BUY,2026-07-13 04:49:00+00:00,4053.27,4050.18,4064.1,2026-07-13 05:07:00+00:00,4064.1,TP,10.38,3.09,3.3592,4,S94_SWEEP_REVERSAL_LONG
s94_sweep_reversal,BUY,2026-07-13 06:12:00+00:00,4050.465,4043.42,4068.66,2026-07-13 08:06:00+00:00,4068.66,TP,17.745,7.045,2.5188,6,S94_SWEEP_REVERSAL_LONG
s94_sweep_reversal,BUY,2026-07-13 16:46:00+00:00,4000.23,3989.98,4018.99,2026-07-13 16:55:00+00:00,3989.98,SL,-10.7,10.25,-1.0439,16,S94_SWEEP_REVERSAL_LONG
s94_sweep_reversal,BUY,2026-07-14 00:20:00+00:00,3986.92,3983.21,4006.52,2026-07-14 00:34:00+00:00,4006.52,TP,19.15,3.71,5.1617,0,S94_SWEEP_REVERSAL_LONG
s94_sweep_reversal,BUY,2026-07-14 15:50:00+00:00,4070.71,4066.46,4087.42,2026-07-14 15:54:00+00:00,4066.46,SL,-4.7,4.25,-1.1059,15,S94_SWEEP_REVERSAL_LONG
s94_sweep_reversal,SELL,2026-07-15 10:20:00+00:00,4034.475,4036.31,4023.52,2026-07-15 11:41:00+00:00,4036.31,SL,-2.285,1.835,-1.2452,10,S94_SWEEP_REVERSAL_SHORT
s94_sweep_reversal,SELL,2026-07-15 12:16:00+00:00,4040.25,4042.97,4033.36,2026-07-15 12:30:00+00:00,4042.97,SL,-3.17,2.72,-1.1654,12,S94_SWEEP_REVERSAL_SHORT
s94_sweep_reversal,BUY,2026-07-16 02:51:00+00:00,4026.945,4024.0,4042.04,2026-07-16 06:35:00+00:00,4024.0,SL,-3.395,2.945,-1.1528,2,S94_SWEEP_REVERSAL_LONG
s94_sweep_reversal,BUY,2026-07-16 13:10:00+00:00,3983.545,3972.83,4020.31,2026-07-16 19:35:00+00:00,3972.83,SL,-11.165,10.715,-1.042,13,S94_SWEEP_REVERSAL_LONG
s94_sweep_reversal,BUY,2026-07-16 19:48:00+00:00,3973.8,3968.9,3981.71,2026-07-16 19:53:00+00:00,3981.71,TP,7.46,4.9,1.5224,19,S94_SWEEP_REVERSAL_LONG
s94_sweep_reversal,SELL,2026-07-17 14:00:00+00:00,3998.805,4004.24,3926.66,2026-07-17 14:20:00+00:00,4004.24,SL,-5.885,5.435,-1.0828,14,S94_SWEEP_REVERSAL_SHORT
s94_sweep_reversal,SELL,2026-07-17 15:10:00+00:00,4008.795,4014.75,3981.27,2026-07-17 15:30:00+00:00,4014.75,SL,-6.405,5.955,-1.0756,15,S94_SWEEP_REVERSAL_SHORT
s94_sweep_reversal,SELL,2026-07-17 15:17:00+00:00,4007.295,4014.9,3981.27,2026-07-17 15:30:00+00:00,4014.9,SL,-8.055,7.605,-1.0592,15,S94_SWEEP_REVERSAL_SHORT
s94_sweep_reversal,SELL,2026-07-20 02:55:00+00:00,4023.835,4029.45,3999.06,2026-07-20 08:24:00+00:00,4029.45,SL,-6.065,5.615,-1.0801,2,S94_SWEEP_REVERSAL_SHORT
s94_sweep_reversal,BUY,2026-07-20 12:10:00+00:00,4014.845,4012.03,4038.36,2026-07-20 12:13:00+00:00,4012.03,SL,-3.265,2.815,-1.1599,12,S94_SWEEP_REVERSAL_LONG
s94_sweep_reversal,SELL,2026-07-20 16:06:00+00:00,4017.48,4019.85,3994.0,2026-07-21 00:36:00+00:00,4019.85,SL,-2.82,2.37,-1.1899,16,S94_SWEEP_REVERSAL_SHORT
s94_sweep_reversal,SELL,2026-07-21 01:00:00+00:00,4025.325,4027.41,4020.26,2026-07-21 01:05:00+00:00,4027.41,SL,-2.535,2.085,-1.2158,1,S94_SWEEP_REVERSAL_SHORT
s94_sweep_reversal,SELL,2026-07-21 02:45:00+00:00,4036.16,4046.29,4014.98,2026-07-21 03:26:00+00:00,4046.29,SL,-10.58,10.13,-1.0444,2,S94_SWEEP_REVERSAL_SHORT
s94_sweep_reversal,SELL,2026-07-21 14:48:00+00:00,4070.235,4074.46,4059.52,2026-07-21 15:15:00+00:00,4074.46,SL,-4.675,4.225,-1.1065,14,S94_SWEEP_REVERSAL_SHORT
s94_sweep_reversal,BUY,2026-07-22 23:20:00+00:00,4119.59,4116.44,4129.86,2026-07-22 23:47:00+00:00,4129.86,TP,9.82,3.15,3.1175,23,S94_SWEEP_REVERSAL_LONG
s94_sweep_reversal,SELL,2026-07-23 01:21:00+00:00,4137.92,4139.6,4120.12,2026-07-23 01:23:00+00:00,4139.6,SL,-2.13,1.68,-1.2679,1,S94_SWEEP_REVERSAL_SHORT
s94_sweep_reversal,BUY,2026-07-23 02:15:00+00:00,4116.73,4111.87,4126.21,2026-07-23 02:53:00+00:00,4126.21,TP,9.03,4.86,1.858,2,S94_SWEEP_REVERSAL_LONG
s94_sweep_reversal,BUY,2026-07-23 06:55:00+00:00,4119.645,4116.8,4126.24,2026-07-23 07:00:00+00:00,4116.8,SL,-3.295,2.845,-1.1582,6,S94_SWEEP_REVERSAL_LONG
s94_sweep_reversal,BUY,2026-07-23 12:16:00+00:00,4076.755,4072.84,4086.27,2026-07-23 12:24:00+00:00,4072.84,SL,-4.365,3.915,-1.1149,12,S94_SWEEP_REVERSAL_LONG
s94_sweep_reversal,SELL,2026-07-24 08:29:00+00:00,4051.01,4054.12,4041.82,2026-07-24 08:41:00+00:00,4054.12,SL,-3.56,3.11,-1.1447,8,S94_SWEEP_REVERSAL_SHORT
s94_sweep_reversal,SELL,2026-07-26 23:55:00+00:00,4093.84,4096.62,4080.47,2026-07-27 00:00:00+00:00,4096.62,SL,-3.23,2.78,-1.1619,23,S94_SWEEP_REVERSAL_SHORT
s94_sweep_reversal,SELL,2026-07-27 06:25:00+00:00,4094.99,4096.66,4089.78,2026-07-27 06:32:00+00:00,4096.66,SL,-2.12,1.67,-1.2695,6,S94_SWEEP_REVERSAL_SHORT
s94_sweep_reversal,BUY,2026-07-28 00:15:00+00:00,4065.415,4061.78,4072.41,2026-07-28 00:23:00+00:00,4061.78,SL,-4.085,3.635,-1.1238,0,S94_SWEEP_REVERSAL_LONG
s94_sweep_reversal,BUY,2026-07-28 10:09:00+00:00,4022.06,4019.33,4040.85,2026-07-28 10:21:00+00:00,4019.33,SL,-3.18,2.73,-1.1648,10,S94_SWEEP_REVERSAL_LONG
s94_sweep_reversal,BUY,2026-07-28 13:47:00+00:00,4022.965,4020.07,4045.1,2026-07-28 14:20:00+00:00,4020.07,SL,-3.345,2.895,-1.1554,13,S94_SWEEP_REVERSAL_LONG
s94_sweep_reversal,SELL,2026-07-28 15:37:00+00:00,4038.22,4041.13,4029.71,2026-07-28 15:43:00+00:00,4041.13,SL,-3.36,2.91,-1.1546,15,S94_SWEEP_REVERSAL_SHORT
s94_sweep_reversal,BUY,2026-07-29 01:12:00+00:00,4013.975,4010.05,4033.74,2026-07-29 02:23:00+00:00,4033.74,TP,19.315,3.925,4.921,1,S94_SWEEP_REVERSAL_LONG
s94_sweep_reversal,SELL,2026-07-29 17:20:00+00:00,4047.88,4051.03,4024.48,2026-07-29 18:00:00+00:00,4051.03,SL,-3.6,3.15,-1.1429,17,S94_SWEEP_REVERSAL_SHORT
s94_sweep_reversal,SELL,2026-07-30 13:22:00+00:00,4083.23,4087.14,4056.86,2026-07-30 13:37:00+00:00,4087.14,SL,-4.36,3.91,-1.1151,13,S94_SWEEP_REVERSAL_SHORT
s94_sweep_reversal,SELL,2026-07-30 13:47:00+00:00,4092.955,4099.35,4051.15,2026-07-30 13:48:00+00:00,4099.35,SL,-6.845,6.395,-1.0704,13,S94_SWEEP_REVERSAL_SHORT
s94_sweep_reversal,BUY,2026-07-31 07:45:00+00:00,4072.145,4067.76,4084.14,2026-07-31 07:59:00+00:00,4067.76,SL,-4.835,4.385,-1.1026,7,S94_SWEEP_REVERSAL_LONG
s94_sweep_reversal,BUY,2026-07-31 20:15:00+00:00,4046.955,4045.12,4052.3,2026-07-31 20:36:00+00:00,4052.3,TP,4.895,1.835,2.6676,20,S94_SWEEP_REVERSAL_LONG
s94_sweep_reversal,BUY,2026-08-03 00:35:00+00:00,4063.3,4061.3,4074.54,2026-08-03 00:37:00+00:00,4061.3,SL,-2.45,2.0,-1.225,0,S94_SWEEP_REVERSAL_LONG
s94_sweep_reversal,BUY,2026-08-03 09:23:00+00:00,4054.17,4051.99,4072.42,2026-08-03 09:30:00+00:00,4051.99,SL,-2.63,2.18,-1.2064,9,S94_SWEEP_REVERSAL_LONG
s94_sweep_reversal,BUY,2026-08-03 09:42:00+00:00,4052.19,4046.13,4060.22,2026-08-03 10:52:00+00:00,4046.13,SL,-6.51,6.06,-1.0743,9,S94_SWEEP_REVERSAL_LONG
s94_sweep_reversal,SELL,2026-08-04 02:39:00+00:00,4064.74,4069.94,4049.39,2026-08-04 08:03:00+00:00,4069.94,SL,-5.65,5.2,-1.0865,2,S94_SWEEP_REVERSAL_SHORT
s94_sweep_reversal,SELL,2026-08-04 08:10:00+00:00,4069.465,4073.32,4056.19,2026-08-04 08:46:00+00:00,4056.19,TP,12.825,3.855,3.3268,8,S94_SWEEP_REVERSAL_SHORT
s94_sweep_reversal,SELL,2026-08-04 13:36:00+00:00,4087.665,4091.82,4036.23,2026-08-04 13:41:00+00:00,4091.82,SL,-4.605,4.155,-1.1083,13,S94_SWEEP_REVERSAL_SHORT
s94_sweep_reversal,SELL,2026-08-06 00:33:00+00:00,4282.05,4285.03,4262.54,2026-08-06 00:34:00+00:00,4285.03,SL,-3.43,2.98,-1.151,0,S94_SWEEP_REVERSAL_SHORT
s94_sweep_reversal,BUY,2026-08-06 06:36:00+00:00,4253.045,4246.66,4268.7,2026-08-06 08:13:00+00:00,4268.7,TP,15.205,6.385,2.3814,6,S94_SWEEP_REVERSAL_LONG
s94_sweep_reversal,SELL,2026-08-06 14:00:00+00:00,4271.115,4274.61,4243.12,2026-08-06 14:11:00+00:00,4274.61,SL,-3.945,3.495,-1.1288,14,S94_SWEEP_REVERSAL_SHORT
s94_sweep_reversal,BUY,2026-08-06 13:15:00+00:00,4237.0,4229.81,4275.52,2026-08-06 15:55:00+00:00,4229.81,SL,-7.64,7.19,-1.0626,13,S94_SWEEP_REVERSAL_LONG
s94_sweep_reversal,BUY,2026-08-07 00:55:00+00:00,4233.12,4230.12,4241.56,2026-08-07 00:59:00+00:00,4230.12,SL,-3.45,3.0,-1.15,0,S94_SWEEP_REVERSAL_LONG
s94_sweep_reversal,SELL,2026-08-07 05:48:00+00:00,4275.44,4277.76,4254.64,2026-08-07 05:50:00+00:00,4277.76,SL,-2.77,2.32,-1.194,5,S94_SWEEP_REVERSAL_SHORT
s94_sweep_reversal,SELL,2026-08-07 11:19:00+00:00,4320.865,4326.96,4307.39,2026-08-07 11:27:00+00:00,4326.96,SL,-6.545,6.095,-1.0738,11,S94_SWEEP_REVERSAL_SHORT
s94_sweep_reversal,SELL,2026-08-10 06:12:00+00:00,4349.11,4352.74,4338.31,2026-08-10 06:43:00+00:00,4352.74,SL,-4.08,3.63,-1.124,6,S94_SWEEP_REVERSAL_SHORT
s94_sweep_reversal,SELL,2026-08-10 07:24:00+00:00,4358.545,4360.07,4353.72,2026-08-10 07:26:00+00:00,4353.72,TP,4.375,1.525,2.8689,7,S94_SWEEP_REVERSAL_SHORT
s94_sweep_reversal,SELL,2026-08-10 16:16:00+00:00,4362.06,4365.07,4351.03,2026-08-10 16:32:00+00:00,4351.03,TP,10.58,3.01,3.515,16,S94_SWEEP_REVERSAL_SHORT
s94_sweep_reversal,BUY,2026-08-11 05:00:00+00:00,4408.09,4403.03,4419.7,2026-08-11 05:05:00+00:00,4403.03,SL,-5.51,5.06,-1.0889,5,S94_SWEEP_REVERSAL_LONG
s94_sweep_reversal,BUY,2026-08-11 07:25:00+00:00,4359.675,4357.29,4369.69,2026-08-11 07:40:00+00:00,4357.29,SL,-2.835,2.385,-1.1887,7,S94_SWEEP_REVERSAL_LONG
