strategy,side,entry_time,entry_px,sl,tp,exit_time,exit_px,outcome,pts,risk,r,hour,reason
s99_mss_fvg,SELL,2025-01-06 08:20:00+00:00,2628.87,2630.54,2626.36,2025-01-06 08:30:00+00:00,2630.54,SL,-2.12,1.67,-1.2695,8,S99_MSS_FVG_SHORT
s99_mss_fvg,SELL,2025-01-06 13:50:00+00:00,2625.86,2627.89,2622.82,2025-01-06 13:56:00+00:00,2622.82,TP,2.59,2.03,1.2759,13,S99_MSS_FVG_SHORT
s99_mss_fvg,BUY,2025-01-06 15:01:00+00:00,2630.855,2629.27,2633.23,2025-01-06 15:05:00+00:00,2633.23,TP,1.925,1.585,1.2145,15,S99_MSS_FVG_LONG
s99_mss_fvg,SELL,2025-01-07 15:13:00+00:00,2647.325,2658.22,2630.98,2025-01-07 23:13:00+00:00,2649.175,TIME,-2.3,10.895,-0.2111,15,S99_MSS_FVG_SHORT
s99_mss_fvg,BUY,2025-01-08 14:16:00+00:00,2661.58,2659.7,2664.4,2025-01-08 14:31:00+00:00,2664.4,TP,2.37,1.88,1.2606,14,S99_MSS_FVG_LONG
s99_mss_fvg,BUY,2025-01-08 14:44:00+00:00,2664.485,2662.47,2667.51,2025-01-08 14:47:00+00:00,2662.47,SL,-2.465,2.015,-1.2233,14,S99_MSS_FVG_LONG
s99_mss_fvg,SELL,2025-01-10 13:41:00+00:00,2673.47,2677.26,2667.78,2025-01-10 13:45:00+00:00,2677.26,SL,-4.24,3.79,-1.1187,13,S99_MSS_FVG_SHORT
s99_mss_fvg,SELL,2025-01-13 07:49:00+00:00,2686.28,2688.14,2683.49,2025-01-13 08:03:00+00:00,2688.14,SL,-2.31,1.86,-1.2419,7,S99_MSS_FVG_SHORT
s99_mss_fvg,SELL,2025-01-13 10:37:00+00:00,2681.385,2685.2,2675.66,2025-01-13 11:59:00+00:00,2675.66,TP,5.275,3.815,1.3827,10,S99_MSS_FVG_SHORT
s99_mss_fvg,BUY,2025-01-14 15:10:00+00:00,2668.46,2665.48,2672.93,2025-01-14 16:14:00+00:00,2672.93,TP,4.02,2.98,1.349,15,S99_MSS_FVG_LONG
s99_mss_fvg,SELL,2025-01-16 06:22:00+00:00,2692.055,2694.11,2688.97,2025-01-16 06:50:00+00:00,2694.11,SL,-2.505,2.055,-1.219,6,S99_MSS_FVG_SHORT
s99_mss_fvg,BUY,2025-01-16 08:26:00+00:00,2701.8,2699.97,2704.55,2025-01-16 08:31:00+00:00,2699.97,SL,-2.28,1.83,-1.2459,8,S99_MSS_FVG_LONG
s99_mss_fvg,SELL,2025-01-20 15:12:00+00:00,2707.99,2709.81,2705.26,2025-01-20 15:18:00+00:00,2709.81,SL,-2.27,1.82,-1.2473,15,S99_MSS_FVG_SHORT
s99_mss_fvg,BUY,2025-01-21 14:51:00+00:00,2734.11,2732.41,2736.66,2025-01-21 14:56:00+00:00,2736.66,TP,2.1,1.7,1.2353,14,S99_MSS_FVG_LONG
s99_mss_fvg,BUY,2025-01-22 07:22:00+00:00,2749.805,2746.98,2754.04,2025-01-22 07:51:00+00:00,2754.04,TP,3.785,2.825,1.3398,7,S99_MSS_FVG_LONG
s99_mss_fvg,SELL,2025-01-22 08:09:00+00:00,2749.895,2751.69,2747.2,2025-01-22 08:14:00+00:00,2751.69,SL,-2.245,1.795,-1.2507,8,S99_MSS_FVG_SHORT
s99_mss_fvg,BUY,2025-01-27 09:18:00+00:00,2762.845,2760.61,2766.2,2025-01-27 09:19:00+00:00,2760.61,SL,-2.685,2.235,-1.2013,9,S99_MSS_FVG_LONG
s99_mss_fvg,SELL,2025-01-27 13:48:00+00:00,2755.39,2757.02,2752.94,2025-01-27 13:51:00+00:00,2757.02,SL,-2.08,1.63,-1.2761,13,S99_MSS_FVG_SHORT
s99_mss_fvg,SELL,2025-01-27 15:10:00+00:00,2745.495,2751.01,2737.22,2025-01-27 16:49:00+00:00,2737.22,TP,7.825,5.515,1.4189,15,S99_MSS_FVG_SHORT
s99_mss_fvg,BUY,2025-01-28 13:40:00+00:00,2748.71,2746.97,2751.32,2025-01-28 13:42:00+00:00,2746.97,SL,-2.19,1.74,-1.2586,13,S99_MSS_FVG_LONG
s99_mss_fvg,SELL,2025-01-29 13:25:00+00:00,2754.205,2756.91,2750.15,2025-01-29 13:35:00+00:00,2756.91,SL,-3.155,2.705,-1.1664,13,S99_MSS_FVG_SHORT
s99_mss_fvg,SELL,2025-01-29 15:43:00+00:00,2753.1,2755.02,2750.22,2025-01-29 16:00:00+00:00,2755.02,SL,-2.37,1.92,-1.2344,15,S99_MSS_FVG_SHORT
s99_mss_fvg,BUY,2025-01-30 09:03:00+00:00,2774.725,2772.35,2778.29,2025-01-30 09:21:00+00:00,2772.35,SL,-2.825,2.375,-1.1895,9,S99_MSS_FVG_LONG
s99_mss_fvg,BUY,2025-02-03 09:00:00+00:00,2796.235,2794.67,2798.58,2025-02-03 09:27:00+00:00,2798.58,TP,1.895,1.565,1.2109,9,S99_MSS_FVG_LONG
s99_mss_fvg,BUY,2025-02-03 15:00:00+00:00,2827.69,2825.68,2830.71,2025-02-03 15:02:00+00:00,2825.68,SL,-2.46,2.01,-1.2239,15,S99_MSS_FVG_LONG
s99_mss_fvg,SELL,2025-02-04 07:37:00+00:00,2810.285,2813.46,2805.52,2025-02-04 07:51:00+00:00,2813.46,SL,-3.625,3.175,-1.1417,7,S99_MSS_FVG_SHORT
s99_mss_fvg,BUY,2025-02-04 09:59:00+00:00,2820.66,2819.15,2822.92,2025-02-04 10:07:00+00:00,2819.15,SL,-1.96,1.51,-1.298,9,S99_MSS_FVG_LONG
s99_mss_fvg,BUY,2025-02-05 06:32:00+00:00,2860.915,2859.36,2863.25,2025-02-05 06:59:00+00:00,2859.36,SL,-2.005,1.555,-1.2894,6,S99_MSS_FVG_LONG
s99_mss_fvg,SELL,2025-02-05 07:10:00+00:00,2855.94,2859.68,2850.33,2025-02-05 07:47:00+00:00,2859.68,SL,-4.19,3.74,-1.1203,7,S99_MSS_FVG_SHORT
s99_mss_fvg,BUY,2025-02-05 08:08:00+00:00,2863.812,2860.59,2868.64,2025-02-05 08:43:00+00:00,2868.64,TP,4.378,3.222,1.3588,8,S99_MSS_FVG_LONG
s99_mss_fvg,BUY,2025-02-05 08:51:00+00:00,2868.12,2866.15,2871.07,2025-02-05 09:08:00+00:00,2866.15,SL,-2.42,1.97,-1.2284,8,S99_MSS_FVG_LONG
s99_mss_fvg,BUY,2025-02-05 15:55:00+00:00,2879.895,2877.38,2883.67,2025-02-05 16:05:00+00:00,2877.38,SL,-2.965,2.515,-1.1789,15,S99_MSS_FVG_LONG
s99_mss_fvg,SELL,2025-02-06 08:32:00+00:00,2853.145,2855.07,2850.26,2025-02-06 08:37:00+00:00,2855.07,SL,-2.375,1.925,-1.2338,8,S99_MSS_FVG_SHORT
s99_mss_fvg,BUY,2025-02-06 10:26:00+00:00,2859.485,2857.21,2862.9,2025-02-06 11:36:00+00:00,2862.9,TP,2.965,2.275,1.3033,10,S99_MSS_FVG_LONG
s99_mss_fvg,BUY,2025-02-06 11:45:00+00:00,2865.355,2861.23,2871.54,2025-02-06 13:10:00+00:00,2861.23,SL,-4.575,4.125,-1.1091,11,S99_MSS_FVG_LONG
s99_mss_fvg,BUY,2025-02-07 15:49:00+00:00,2884.415,2882.61,2887.12,2025-02-07 15:50:00+00:00,2882.61,SL,-2.255,1.805,-1.2493,15,S99_MSS_FVG_LONG
s99_mss_fvg,BUY,2025-02-10 07:40:00+00:00,2893.775,2891.99,2896.45,2025-02-10 07:47:00+00:00,2891.99,SL,-2.235,1.785,-1.2521,7,S99_MSS_FVG_LONG
s99_mss_fvg,BUY,2025-02-10 09:18:00+00:00,2899.61,2897.84,2902.27,2025-02-10 09:34:00+00:00,2902.27,TP,2.21,1.77,1.2486,9,S99_MSS_FVG_LONG
s99_mss_fvg,BUY,2025-02-11 06:12:00+00:00,2926.82,2923.34,2932.04,2025-02-11 06:22:00+00:00,2923.34,SL,-3.93,3.48,-1.1293,6,S99_MSS_FVG_LONG
s99_mss_fvg,SELL,2025-02-11 07:35:00+00:00,2911.495,2915.89,2904.9,2025-02-11 09:40:00+00:00,2904.9,TP,6.145,4.395,1.3982,7,S99_MSS_FVG_SHORT
s99_mss_fvg,SELL,2025-02-11 13:37:00+00:00,2893.24,2897.35,2887.07,2025-02-11 13:45:00+00:00,2897.35,SL,-4.56,4.11,-1.1095,13,S99_MSS_FVG_SHORT
s99_mss_fvg,BUY,2025-02-11 14:39:00+00:00,2900.765,2899.09,2903.28,2025-02-11 14:40:00+00:00,2899.09,SL,-2.125,1.675,-1.2687,14,S99_MSS_FVG_LONG
s99_mss_fvg,BUY,2025-02-11 15:50:00+00:00,2903.89,2901.41,2907.61,2025-02-11 16:20:00+00:00,2907.61,TP,3.27,2.48,1.3185,15,S99_MSS_FVG_LONG
s99_mss_fvg,BUY,2025-02-12 06:25:00+00:00,2891.275,2888.42,2895.56,2025-02-12 06:38:00+00:00,2888.42,SL,-3.305,2.855,-1.1576,6,S99_MSS_FVG_LONG
s99_mss_fvg,SELL,2025-02-12 10:53:00+00:00,2885.19,2888.42,2880.35,2025-02-12 11:11:00+00:00,2880.35,TP,4.39,3.23,1.3591,10,S99_MSS_FVG_SHORT
s99_mss_fvg,SELL,2025-02-12 13:40:00+00:00,2872.985,2876.2,2868.16,2025-02-12 13:42:00+00:00,2868.16,TP,4.375,3.215,1.3608,13,S99_MSS_FVG_SHORT
s99_mss_fvg,BUY,2025-02-14 06:50:00+00:00,2935.645,2933.78,2938.44,2025-02-14 06:54:00+00:00,2933.78,SL,-2.315,1.865,-1.2413,6,S99_MSS_FVG_LONG
s99_mss_fvg,SELL,2025-02-14 13:16:00+00:00,2928.83,2930.35,2926.55,2025-02-14 13:18:00+00:00,2930.35,SL,-1.97,1.52,-1.2961,13,S99_MSS_FVG_SHORT
s99_mss_fvg,SELL,2025-02-14 13:52:00+00:00,2921.63,2930.5,2908.33,2025-02-14 15:21:00+00:00,2908.33,TP,12.85,8.87,1.4487,13,S99_MSS_FVG_SHORT
s99_mss_fvg,SELL,2025-02-14 15:36:00+00:00,2900.685,2905.02,2894.18,2025-02-14 15:42:00+00:00,2905.02,SL,-4.785,4.335,-1.1038,15,S99_MSS_FVG_SHORT
s99_mss_fvg,SELL,2025-02-17 06:15:00+00:00,2894.45,2896.66,2891.13,2025-02-17 06:21:00+00:00,2891.13,TP,2.87,2.21,1.2986,6,S99_MSS_FVG_SHORT
s99_mss_fvg,SELL,2025-02-17 10:36:00+00:00,2898.785,2901.58,2894.59,2025-02-17 10:53:00+00:00,2901.58,SL,-3.245,2.795,-1.161,10,S99_MSS_FVG_SHORT
s99_mss_fvg,BUY,2025-02-19 09:35:00+00:00,2943.375,2939.45,2949.26,2025-02-19 11:49:00+00:00,2939.45,SL,-4.375,3.925,-1.1146,9,S99_MSS_FVG_LONG
s99_mss_fvg,SELL,2025-02-19 12:15:00+00:00,2935.5,2937.41,2932.64,2025-02-19 13:02:00+00:00,2937.41,SL,-2.36,1.91,-1.2356,12,S99_MSS_FVG_SHORT
s99_mss_fvg,BUY,2025-02-19 13:16:00+00:00,2938.995,2934.89,2945.15,2025-02-19 13:51:00+00:00,2934.89,SL,-4.555,4.105,-1.1096,13,S99_MSS_FVG_LONG
s99_mss_fvg,BUY,2025-02-20 07:00:00+00:00,2947.79,2945.17,2951.72,2025-02-20 07:37:00+00:00,2951.72,TP,3.48,2.62,1.3282,7,S99_MSS_FVG_LONG
s99_mss_fvg,SELL,2025-02-20 14:17:00+00:00,2930.71,2934.65,2924.8,2025-02-20 14:35:00+00:00,2934.65,SL,-4.39,3.94,-1.1142,14,S99_MSS_FVG_SHORT
s99_mss_fvg,BUY,2025-02-21 09:42:00+00:00,2927.065,2925.2,2929.86,2025-02-21 10:00:00+00:00,2929.86,TP,2.345,1.865,1.2574,9,S99_MSS_FVG_LONG
s99_mss_fvg,SELL,2025-02-21 13:42:00+00:00,2929.835,2932.73,2925.49,2025-02-21 13:52:00+00:00,2932.73,SL,-3.345,2.895,-1.1554,13,S99_MSS_FVG_SHORT
s99_mss_fvg,BUY,2025-02-21 14:57:00+00:00,2933.785,2931.59,2937.08,2025-02-21 15:01:00+00:00,2931.59,SL,-2.645,2.195,-1.205,14,S99_MSS_FVG_LONG
s99_mss_fvg,BUY,2025-02-24 09:00:00+00:00,2946.135,2942.96,2950.9,2025-02-24 09:54:00+00:00,2942.96,SL,-3.625,3.175,-1.1417,9,S99_MSS_FVG_LONG
s99_mss_fvg,SELL,2025-02-24 15:11:00+00:00,2935.3,2939.44,2929.09,2025-02-24 15:41:00+00:00,2939.44,SL,-4.59,4.14,-1.1087,15,S99_MSS_FVG_SHORT
s99_mss_fvg,SELL,2025-02-25 12:51:00+00:00,2929.25,2934.86,2920.84,2025-02-25 13:42:00+00:00,2934.86,SL,-6.06,5.61,-1.0802,12,S99_MSS_FVG_SHORT
s99_mss_fvg,SELL,2025-02-26 06:24:00+00:00,2911.14,2913.74,2907.24,2025-02-26 06:52:00+00:00,2907.24,TP,3.45,2.6,1.3269,6,S99_MSS_FVG_SHORT
s99_mss_fvg,BUY,2025-02-26 09:06:00+00:00,2916.88,2915.02,2919.67,2025-02-26 09:16:00+00:00,2915.02,SL,-2.31,1.86,-1.2419,9,S99_MSS_FVG_LONG
s99_mss_fvg,SELL,2025-02-27 08:37:00+00:00,2882.92,2885.64,2878.84,2025-02-27 08:43:00+00:00,2885.64,SL,-3.17,2.72,-1.1654,8,S99_MSS_FVG_SHORT
s99_mss_fvg,BUY,2025-02-27 09:22:00+00:00,2886.24,2881.06,2894.01,2025-02-27 10:52:00+00:00,2894.01,TP,7.32,5.18,1.4131,9,S99_MSS_FVG_LONG
s99_mss_fvg,SELL,2025-02-27 12:11:00+00:00,2885.335,2886.93,2882.94,2025-02-27 12:18:00+00:00,2886.93,SL,-2.045,1.595,-1.2821,12,S99_MSS_FVG_SHORT
s99_mss_fvg,BUY,2025-02-27 13:25:00+00:00,2888.755,2887.13,2891.19,2025-02-27 13:30:00+00:00,2887.13,SL,-2.075,1.625,-1.2769,13,S99_MSS_FVG_LONG
s99_mss_fvg,SELL,2025-02-27 14:55:00+00:00,2872.895,2881.35,2860.21,2025-02-27 15:04:00+00:00,2881.35,SL,-8.905,8.455,-1.0532,14,S99_MSS_FVG_SHORT
s99_mss_fvg,SELL,2025-02-28 07:30:00+00:00,2859.205,2861.74,2855.4,2025-02-28 08:15:00+00:00,2855.4,TP,3.355,2.535,1.3235,7,S99_MSS_FVG_SHORT
s99_mss_fvg,SELL,2025-02-28 08:25:00+00:00,2855.375,2857.76,2851.8,2025-02-28 08:47:00+00:00,2851.8,TP,3.125,2.385,1.3103,8,S99_MSS_FVG_SHORT
s99_mss_fvg,SELL,2025-02-28 14:10:00+00:00,2846.815,2849.15,2843.31,2025-02-28 14:16:00+00:00,2849.15,SL,-2.785,2.335,-1.1927,14,S99_MSS_FVG_SHORT
s99_mss_fvg,SELL,2025-02-28 15:12:00+00:00,2840.91,2842.57,2838.42,2025-02-28 15:28:00+00:00,2842.57,SL,-2.11,1.66,-1.2711,15,S99_MSS_FVG_SHORT
s99_mss_fvg,SELL,2025-03-03 08:34:00+00:00,2860.91,2862.97,2857.82,2025-03-03 08:35:00+00:00,2862.97,SL,-2.51,2.06,-1.2184,8,S99_MSS_FVG_SHORT
s99_mss_fvg,BUY,2025-03-03 14:43:00+00:00,2878.9,2874.0,2886.25,2025-03-03 15:00:00+00:00,2874.0,SL,-5.35,4.9,-1.0918,14,S99_MSS_FVG_LONG
s99_mss_fvg,BUY,2025-03-03 15:37:00+00:00,2885.31,2882.62,2889.35,2025-03-03 16:22:00+00:00,2889.35,TP,3.59,2.69,1.3346,15,S99_MSS_FVG_LONG
s99_mss_fvg,BUY,2025-03-04 08:46:00+00:00,2912.69,2909.52,2917.45,2025-03-04 09:21:00+00:00,2917.45,TP,4.31,3.17,1.3596,8,S99_MSS_FVG_LONG
s99_mss_fvg,BUY,2025-03-04 09:35:00+00:00,2919.94,2918.38,2922.28,2025-03-04 09:37:00+00:00,2918.38,SL,-2.01,1.56,-1.2885,9,S99_MSS_FVG_LONG
s99_mss_fvg,SELL,2025-03-05 14:03:00+00:00,2904.045,2908.19,2897.83,2025-03-05 14:18:00+00:00,2897.83,TP,5.765,4.145,1.3908,14,S99_MSS_FVG_SHORT
s99_mss_fvg,BUY,2025-03-05 14:55:00+00:00,2912.51,2908.52,2918.5,2025-03-05 15:00:00+00:00,2908.52,SL,-4.44,3.99,-1.1128,14,S99_MSS_FVG_LONG
s99_mss_fvg,SELL,2025-03-06 10:00:00+00:00,2894.365,2896.74,2890.8,2025-03-06 10:02:00+00:00,2896.74,SL,-2.825,2.375,-1.1895,10,S99_MSS_FVG_SHORT
s99_mss_fvg,BUY,2025-03-06 13:18:00+00:00,2905.51,2903.8,2908.08,2025-03-06 13:20:00+00:00,2903.8,SL,-2.16,1.71,-1.2632,13,S99_MSS_FVG_LONG
s99_mss_fvg,BUY,2025-03-07 11:21:00+00:00,2919.925,2918.28,2922.39,2025-03-07 11:49:00+00:00,2918.28,SL,-2.095,1.645,-1.2736,11,S99_MSS_FVG_LONG
s99_mss_fvg,BUY,2025-03-10 06:13:00+00:00,2911.35,2909.83,2913.63,2025-03-10 06:19:00+00:00,2909.83,SL,-1.97,1.52,-1.2961,6,S99_MSS_FVG_LONG
s99_mss_fvg,BUY,2025-03-10 10:28:00+00:00,2903.79,2901.55,2907.15,2025-03-10 10:32:00+00:00,2901.55,SL,-2.69,2.24,-1.2009,10,S99_MSS_FVG_LONG
s99_mss_fvg,BUY,2025-03-13 13:48:00+00:00,2949.185,2946.8,2952.76,2025-03-13 14:03:00+00:00,2952.76,TP,3.125,2.385,1.3103,13,S99_MSS_FVG_LONG
s99_mss_fvg,BUY,2025-03-13 14:11:00+00:00,2951.97,2950.11,2954.76,2025-03-13 14:33:00+00:00,2954.76,TP,2.34,1.86,1.2581,14,S99_MSS_FVG_LONG
s99_mss_fvg,BUY,2025-03-14 08:30:00+00:00,2991.73,2989.72,2994.75,2025-03-14 08:31:00+00:00,2989.72,SL,-2.46,2.01,-1.2239,8,S99_MSS_FVG_LONG
s99_mss_fvg,SELL,2025-03-14 12:55:00+00:00,2995.875,2997.86,2992.9,2025-03-14 13:00:00+00:00,2992.9,TP,2.525,1.985,1.272,12,S99_MSS_FVG_SHORT
s99_mss_fvg,SELL,2025-03-14 13:40:00+00:00,2990.18,2994.53,2983.65,2025-03-14 14:29:00+00:00,2983.65,TP,6.08,4.35,1.3977,13,S99_MSS_FVG_SHORT
s99_mss_fvg,SELL,2025-03-14 14:36:00+00:00,2985.5,2989.42,2979.62,2025-03-14 15:20:00+00:00,2979.62,TP,5.43,3.92,1.3852,14,S99_MSS_FVG_SHORT
s99_mss_fvg,SELL,2025-03-17 08:20:00+00:00,2984.59,2986.14,2982.27,2025-03-17 08:27:00+00:00,2986.14,SL,-2.0,1.55,-1.2903,8,S99_MSS_FVG_SHORT
s99_mss_fvg,BUY,2025-03-18 06:19:00+00:00,3014.595,3012.57,3017.63,2025-03-18 06:24:00+00:00,3012.57,SL,-2.475,2.025,-1.2222,6,S99_MSS_FVG_LONG
s99_mss_fvg,BUY,2025-03-18 08:38:00+00:00,3024.37,3022.2,3027.62,2025-03-18 09:03:00+00:00,3027.62,TP,2.8,2.17,1.2903,8,S99_MSS_FVG_LONG
s99_mss_fvg,BUY,2025-03-18 11:45:00+00:00,3027.55,3025.74,3030.27,2025-03-18 11:51:00+00:00,3025.74,SL,-2.26,1.81,-1.2486,11,S99_MSS_FVG_LONG
s99_mss_fvg,SELL,2025-03-18 13:45:00+00:00,3030.525,3033.98,3025.34,2025-03-18 13:49:00+00:00,3033.98,SL,-3.905,3.455,-1.1302,13,S99_MSS_FVG_SHORT
s99_mss_fvg,BUY,2025-03-18 15:30:00+00:00,3031.32,3029.31,3034.34,2025-03-18 16:20:00+00:00,3034.34,TP,2.57,2.01,1.2786,15,S99_MSS_FVG_LONG
s99_mss_fvg,SELL,2025-03-19 08:18:00+00:00,3033.52,3035.53,3030.5,2025-03-19 08:38:00+00:00,3030.5,TP,2.57,2.01,1.2786,8,S99_MSS_FVG_SHORT
s99_mss_fvg,SELL,2025-03-19 13:42:00+00:00,3031.22,3034.33,3026.55,2025-03-19 13:58:00+00:00,3034.33,SL,-3.56,3.11,-1.1447,13,S99_MSS_FVG_SHORT
s99_mss_fvg,BUY,2025-03-20 12:04:00+00:00,3034.24,3032.44,3036.94,2025-03-20 12:18:00+00:00,3036.94,TP,2.25,1.8,1.25,12,S99_MSS_FVG_LONG
s99_mss_fvg,SELL,2025-03-20 13:33:00+00:00,3035.035,3037.17,3031.83,2025-03-20 13:38:00+00:00,3037.17,SL,-2.585,2.135,-1.2108,13,S99_MSS_FVG_SHORT
s99_mss_fvg,BUY,2025-03-20 14:50:00+00:00,3038.395,3036.61,3041.07,2025-03-20 14:52:00+00:00,3036.61,SL,-2.235,1.785,-1.2521,14,S99_MSS_FVG_LONG
s99_mss_fvg,SELL,2025-03-21 08:32:00+00:00,3030.27,3033.7,3025.12,2025-03-21 08:44:00+00:00,3033.7,SL,-3.88,3.43,-1.1312,8,S99_MSS_FVG_SHORT
s99_mss_fvg,SELL,2025-03-21 11:09:00+00:00,3030.93,3032.6,3028.42,2025-03-21 11:37:00+00:00,3032.6,SL,-2.12,1.67,-1.2695,11,S99_MSS_FVG_SHORT
s99_mss_fvg,SELL,2025-03-21 14:22:00+00:00,3007.4,3009.42,3004.37,2025-03-21 14:23:00+00:00,3009.42,SL,-2.47,2.02,-1.2228,14,S99_MSS_FVG_SHORT
s99_mss_fvg,BUY,2025-03-24 07:04:00+00:00,3024.585,3023.05,3026.89,2025-03-24 07:20:00+00:00,3026.89,TP,1.855,1.535,1.2085,7,S99_MSS_FVG_LONG
s99_mss_fvg,SELL,2025-03-24 14:52:00+00:00,3013.955,3016.33,3010.39,2025-03-24 15:00:00+00:00,3010.39,TP,3.115,2.375,1.3116,14,S99_MSS_FVG_SHORT
s99_mss_fvg,SELL,2025-03-24 15:10:00+00:00,3008.775,3011.8,3004.24,2025-03-24 15:13:00+00:00,3011.8,SL,-3.475,3.025,-1.1488,15,S99_MSS_FVG_SHORT
s99_mss_fvg,BUY,2025-03-24 15:46:00+00:00,3013.74,3011.59,3016.96,2025-03-24 16:18:00+00:00,3011.59,SL,-2.6,2.15,-1.2093,15,S99_MSS_FVG_LONG
s99_mss_fvg,BUY,2025-03-25 07:00:00+00:00,3017.15,3015.65,3019.4,2025-03-25 07:07:00+00:00,3015.65,SL,-1.95,1.5,-1.3,7,S99_MSS_FVG_LONG
s99_mss_fvg,SELL,2025-03-25 07:30:00+00:00,3015.55,3017.14,3013.17,2025-03-25 07:41:00+00:00,3013.17,TP,1.93,1.59,1.2138,7,S99_MSS_FVG_SHORT
s99_mss_fvg,BUY,2025-03-25 13:45:00+00:00,3027.46,3024.9,3031.3,2025-03-25 14:02:00+00:00,3031.3,TP,3.39,2.56,1.3242,13,S99_MSS_FVG_LONG
s99_mss_fvg,BUY,2025-03-25 14:10:00+00:00,3033.87,3028.95,3041.25,2025-03-25 14:21:00+00:00,3028.95,SL,-5.37,4.92,-1.0915,14,S99_MSS_FVG_LONG
s99_mss_fvg,SELL,2025-03-25 15:33:00+00:00,3023.64,3025.37,3021.05,2025-03-25 15:40:00+00:00,3021.05,TP,2.14,1.73,1.237,15,S99_MSS_FVG_SHORT
s99_mss_fvg,SELL,2025-03-27 13:28:00+00:00,3042.615,3045.67,3038.03,2025-03-27 13:37:00+00:00,3038.03,TP,4.135,3.055,1.3535,13,S99_MSS_FVG_SHORT
s99_mss_fvg,BUY,2025-03-28 12:58:00+00:00,3078.16,3076.42,3080.77,2025-03-28 13:00:00+00:00,3076.42,SL,-2.19,1.74,-1.2586,12,S99_MSS_FVG_LONG
s99_mss_fvg,BUY,2025-03-28 14:10:00+00:00,3080.98,3078.78,3084.28,2025-03-28 14:16:00+00:00,3078.78,SL,-2.65,2.2,-1.2045,14,S99_MSS_FVG_LONG
s99_mss_fvg,BUY,2025-03-31 06:19:00+00:00,3120.86,3118.18,3124.88,2025-03-31 06:26:00+00:00,3118.18,SL,-3.13,2.68,-1.1679,6,S99_MSS_FVG_LONG
s99_mss_fvg,SELL,2025-03-31 13:10:00+00:00,3118.665,3122.59,3112.78,2025-03-31 13:31:00+00:00,3112.78,TP,5.435,3.925,1.3847,13,S99_MSS_FVG_SHORT
s99_mss_fvg,SELL,2025-03-31 13:50:00+00:00,3106.33,3109.4,3101.72,2025-03-31 13:53:00+00:00,3109.4,SL,-3.52,3.07,-1.1466,13,S99_MSS_FVG_SHORT
s99_mss_fvg,SELL,2025-04-01 13:31:00+00:00,3131.34,3133.84,3127.59,2025-04-01 13:40:00+00:00,3133.84,SL,-2.95,2.5,-1.18,13,S99_MSS_FVG_SHORT
s99_mss_fvg,SELL,2025-04-01 14:27:00+00:00,3130.305,3132.73,3126.67,2025-04-01 14:30:00+00:00,3126.67,TP,3.185,2.425,1.3134,14,S99_MSS_FVG_SHORT
s99_mss_fvg,BUY,2025-04-02 08:01:00+00:00,3123.765,3122.11,3126.25,2025-04-02 08:06:00+00:00,3126.25,TP,2.035,1.655,1.2296,8,S99_MSS_FVG_LONG
s99_mss_fvg,SELL,2025-04-02 11:04:00+00:00,3117.385,3124.27,3107.06,2025-04-02 12:28:00+00:00,3124.27,SL,-7.335,6.885,-1.0654,11,S99_MSS_FVG_SHORT
s99_mss_fvg,BUY,2025-04-02 13:44:00+00:00,3127.685,3126.09,3130.08,2025-04-02 13:45:00+00:00,3126.09,SL,-2.045,1.595,-1.2821,13,S99_MSS_FVG_LONG
s99_mss_fvg,SELL,2025-04-03 06:26:00+00:00,3128.41,3130.66,3125.03,2025-04-03 06:28:00+00:00,3125.03,TP,2.93,2.25,1.3022,6,S99_MSS_FVG_SHORT
s99_mss_fvg,SELL,2025-04-03 06:35:00+00:00,3124.095,3125.73,3121.64,2025-04-03 06:40:00+00:00,3125.73,SL,-2.085,1.635,-1.2752,6,S99_MSS_FVG_SHORT
s99_mss_fvg,SELL,2025-04-03 07:18:00+00:00,3123.04,3124.98,3120.13,2025-04-03 07:26:00+00:00,3124.98,SL,-2.39,1.94,-1.232,7,S99_MSS_FVG_SHORT
s99_mss_fvg,BUY,2025-04-03 08:00:00+00:00,3128.21,3125.28,3132.6,2025-04-03 09:22:00+00:00,3125.28,SL,-3.38,2.93,-1.1536,8,S99_MSS_FVG_LONG
s99_mss_fvg,SELL,2025-04-03 10:43:00+00:00,3108.24,3112.35,3102.07,2025-04-03 10:46:00+00:00,3112.35,SL,-4.56,4.11,-1.1095,10,S99_MSS_FVG_SHORT
s99_mss_fvg,SELL,2025-04-03 11:06:00+00:00,3098.08,3105.88,3086.38,2025-04-03 11:41:00+00:00,3086.38,TP,11.25,7.8,1.4423,11,S99_MSS_FVG_SHORT
s99_mss_fvg,BUY,2025-04-03 14:21:00+00:00,3113.645,3105.36,3126.07,2025-04-03 14:28:00+00:00,3126.07,TP,11.975,8.285,1.4454,14,S99_MSS_FVG_LONG
s99_mss_fvg,BUY,2025-04-03 14:55:00+00:00,3131.76,3123.35,3144.38,2025-04-03 15:07:00+00:00,3123.35,SL,-8.86,8.41,-1.0535,14,S99_MSS_FVG_LONG
s99_mss_fvg,SELL,2025-04-04 08:25:00+00:00,3087.455,3089.25,3084.76,2025-04-04 08:26:00+00:00,3084.76,TP,2.245,1.795,1.2507,8,S99_MSS_FVG_SHORT
s99_mss_fvg,BUY,2025-04-04 10:40:00+00:00,3108.18,3105.94,3111.54,2025-04-04 10:41:00+00:00,3111.54,TP,2.91,2.24,1.2991,10,S99_MSS_FVG_LONG
s99_mss_fvg,BUY,2025-04-04 11:25:00+00:00,3126.715,3112.87,3147.48,2025-04-04 11:40:00+00:00,3112.87,SL,-14.295,13.845,-1.0325,11,S99_MSS_FVG_LONG
s99_mss_fvg,SELL,2025-04-04 12:19:00+00:00,3100.015,3101.88,3097.22,2025-04-04 12:20:00+00:00,3097.22,TP,2.345,1.865,1.2574,12,S99_MSS_FVG_SHORT
s99_mss_fvg,SELL,2025-04-04 14:24:00+00:00,3058.37,3063.14,3051.22,2025-04-04 14:28:00+00:00,3051.22,TP,6.7,4.77,1.4046,14,S99_MSS_FVG_SHORT
s99_mss_fvg,SELL,2025-04-07 06:39:00+00:00,3030.535,3033.13,3026.64,2025-04-07 06:45:00+00:00,3026.64,TP,3.445,2.595,1.3276,6,S99_MSS_FVG_SHORT
s99_mss_fvg,SELL,2025-04-07 07:17:00+00:00,3020.58,3025.39,3013.36,2025-04-07 07:23:00+00:00,3025.39,SL,-5.26,4.81,-1.0936,7,S99_MSS_FVG_SHORT
s99_mss_fvg,BUY,2025-04-07 09:00:00+00:00,3031.045,3028.64,3034.65,2025-04-07 09:02:00+00:00,3028.64,SL,-2.855,2.405,-1.1871,9,S99_MSS_FVG_LONG
s99_mss_fvg,BUY,2025-04-07 13:16:00+00:00,3024.165,3019.27,3031.51,2025-04-07 13:33:00+00:00,3019.27,SL,-5.345,4.895,-1.0919,13,S99_MSS_FVG_LONG
s99_mss_fvg,SELL,2025-04-07 13:56:00+00:00,3014.015,3016.09,3010.9,2025-04-07 13:57:00+00:00,3016.09,SL,-2.525,2.075,-1.2169,13,S99_MSS_FVG_SHORT
s99_mss_fvg,SELL,2025-04-07 15:18:00+00:00,2992.66,2999.57,2982.29,2025-04-07 15:34:00+00:00,2982.29,TP,9.92,6.91,1.4356,15,S99_MSS_FVG_SHORT
s99_mss_fvg,BUY,2025-04-08 07:23:00+00:00,3008.065,3004.79,3012.98,2025-04-08 07:42:00+00:00,3004.79,SL,-3.725,3.275,-1.1374,7,S99_MSS_FVG_LONG
s99_mss_fvg,SELL,2025-04-08 09:30:00+00:00,2998.76,3000.88,2995.58,2025-04-08 09:31:00+00:00,3000.88,SL,-2.57,2.12,-1.2123,9,S99_MSS_FVG_SHORT
s99_mss_fvg,BUY,2025-04-08 12:00:00+00:00,3015.0,3012.12,3019.32,2025-04-08 12:10:00+00:00,3019.32,TP,3.87,2.88,1.3438,12,S99_MSS_FVG_LONG
s99_mss_fvg,BUY,2025-04-08 13:22:00+00:00,3016.44,3008.19,3028.82,2025-04-08 13:37:00+00:00,3008.19,SL,-8.7,8.25,-1.0545,13,S99_MSS_FVG_LONG
s99_mss_fvg,SELL,2025-04-08 15:19:00+00:00,3008.13,3009.83,3005.58,2025-04-08 15:21:00+00:00,3009.83,SL,-2.15,1.7,-1.2647,15,S99_MSS_FVG_SHORT
s99_mss_fvg,BUY,2025-04-09 08:32:00+00:00,3043.985,3041.72,3047.38,2025-04-09 08:33:00+00:00,3041.72,SL,-2.715,2.265,-1.1987,8,S99_MSS_FVG_LONG
s99_mss_fvg,BUY,2025-04-09 09:29:00+00:00,3044.765,3042.88,3047.59,2025-04-09 09:34:00+00:00,3047.59,TP,2.375,1.885,1.2599,9,S99_MSS_FVG_LONG
s99_mss_fvg,SELL,2025-04-09 10:31:00+00:00,3042.655,3044.64,3039.68,2025-04-09 10:41:00+00:00,3044.64,SL,-2.435,1.985,-1.2267,10,S99_MSS_FVG_SHORT
s99_mss_fvg,BUY,2025-04-09 12:06:00+00:00,3066.385,3062.32,3072.48,2025-04-09 12:11:00+00:00,3062.32,SL,-4.515,4.065,-1.1107,12,S99_MSS_FVG_LONG
s99_mss_fvg,BUY,2025-04-09 13:45:00+00:00,3071.735,3059.83,3089.59,2025-04-09 16:14:00+00:00,3089.59,TP,17.405,11.905,1.462,13,S99_MSS_FVG_LONG
s99_mss_fvg,SELL,2025-04-10 07:42:00+00:00,3112.68,3117.7,3105.15,2025-04-10 08:35:00+00:00,3105.15,TP,7.08,5.02,1.4104,7,S99_MSS_FVG_SHORT
s99_mss_fvg,BUY,2025-04-10 10:06:00+00:00,3115.3,3113.0,3118.75,2025-04-10 10:15:00+00:00,3118.75,TP,3.0,2.3,1.3043,10,S99_MSS_FVG_LONG
s99_mss_fvg,BUY,2025-04-10 11:35:00+00:00,3121.7,3118.22,3126.92,2025-04-10 12:09:00+00:00,3126.92,TP,4.77,3.48,1.3707,11,S99_MSS_FVG_LONG
s99_mss_fvg,BUY,2025-04-10 13:30:00+00:00,3130.795,3129.1,3133.34,2025-04-10 13:32:00+00:00,3129.1,SL,-2.145,1.695,-1.2655,13,S99_MSS_FVG_LONG
s99_mss_fvg,BUY,2025-04-10 15:56:00+00:00,3162.27,3158.79,3167.49,2025-04-10 15:57:00+00:00,3158.79,SL,-3.93,3.48,-1.1293,15,S99_MSS_FVG_LONG
s99_mss_fvg,BUY,2025-04-11 10:04:00+00:00,3226.575,3223.03,3231.89,2025-04-11 10:11:00+00:00,3231.89,TP,4.865,3.545,1.3724,10,S99_MSS_FVG_LONG
s99_mss_fvg,BUY,2025-04-11 13:18:00+00:00,3228.91,3226.24,3232.91,2025-04-11 13:31:00+00:00,3232.91,TP,3.55,2.67,1.3296,13,S99_MSS_FVG_LONG
s99_mss_fvg,BUY,2025-04-11 15:30:00+00:00,3238.58,3236.38,3241.88,2025-04-11 15:36:00+00:00,3236.38,SL,-2.65,2.2,-1.2045,15,S99_MSS_FVG_LONG
s99_mss_fvg,SELL,2025-04-14 08:27:00+00:00,3223.555,3225.45,3220.71,2025-04-14 08:39:00+00:00,3225.45,SL,-2.345,1.895,-1.2375,8,S99_MSS_FVG_SHORT
s99_mss_fvg,SELL,2025-04-14 10:42:00+00:00,3211.865,3218.86,3201.37,2025-04-14 11:05:00+00:00,3218.86,SL,-7.445,6.995,-1.0643,10,S99_MSS_FVG_SHORT
s99_mss_fvg,SELL,2025-04-14 13:26:00+00:00,3202.94,3205.82,3198.62,2025-04-14 13:31:00+00:00,3198.62,TP,3.87,2.88,1.3438,13,S99_MSS_FVG_SHORT
s99_mss_fvg,BUY,2025-04-14 13:50:00+00:00,3206.285,3200.78,3214.54,2025-04-14 14:03:00+00:00,3200.78,SL,-5.955,5.505,-1.0817,13,S99_MSS_FVG_LONG
s99_mss_fvg,BUY,2025-04-14 14:56:00+00:00,3212.31,3208.81,3217.56,2025-04-14 15:01:00+00:00,3208.81,SL,-3.95,3.5,-1.1286,14,S99_MSS_FVG_LONG
s99_mss_fvg,SELL,2025-04-15 13:46:00+00:00,3217.985,3221.05,3213.39,2025-04-15 13:53:00+00:00,3213.39,TP,4.145,3.065,1.3524,13,S99_MSS_FVG_SHORT
s99_mss_fvg,BUY,2025-04-16 08:11:00+00:00,3304.025,3299.65,3310.59,2025-04-16 08:15:00+00:00,3310.59,TP,6.115,4.375,1.3977,8,S99_MSS_FVG_LONG
s99_mss_fvg,BUY,2025-04-16 08:27:00+00:00,3309.845,3306.51,3314.85,2025-04-16 08:28:00+00:00,3306.51,SL,-3.785,3.335,-1.1349,8,S99_MSS_FVG_LONG
s99_mss_fvg,SELL,2025-04-16 10:17:00+00:00,3302.165,3304.0,3299.41,2025-04-16 10:24:00+00:00,3304.0,SL,-2.285,1.835,-1.2452,10,S99_MSS_FVG_SHORT
s99_mss_fvg,SELL,2025-04-16 11:15:00+00:00,3298.865,3300.64,3296.2,2025-04-16 11:23:00+00:00,3296.2,TP,2.215,1.775,1.2479,11,S99_MSS_FVG_SHORT
s99_mss_fvg,BUY,2025-04-16 11:55:00+00:00,3308.845,3302.9,3317.76,2025-04-16 12:40:00+00:00,3302.9,SL,-6.395,5.945,-1.0757,11,S99_MSS_FVG_LONG
s99_mss_fvg,BUY,2025-04-16 12:52:00+00:00,3310.47,3307.17,3315.42,2025-04-16 12:59:00+00:00,3307.17,SL,-3.75,3.3,-1.1364,12,S99_MSS_FVG_LONG
s99_mss_fvg,SELL,2025-04-16 13:45:00+00:00,3300.055,3303.71,3294.57,2025-04-16 13:47:00+00:00,3303.71,SL,-4.105,3.655,-1.1231,13,S99_MSS_FVG_SHORT
s99_mss_fvg,BUY,2025-04-16 14:10:00+00:00,3311.685,3309.37,3315.16,2025-04-16 14:11:00+00:00,3309.37,SL,-2.765,2.315,-1.1944,14,S99_MSS_FVG_LONG
s99_mss_fvg,SELL,2025-04-17 08:40:00+00:00,3320.14,3322.29,3316.91,2025-04-17 08:50:00+00:00,3322.29,SL,-2.6,2.15,-1.2093,8,S99_MSS_FVG_SHORT
s99_mss_fvg,SELL,2025-04-17 14:41:00+00:00,3295.255,3303.21,3283.32,2025-04-17 15:13:00+00:00,3303.21,SL,-8.405,7.955,-1.0566,14,S99_MSS_FVG_SHORT
s99_mss_fvg,SELL,2025-04-21 11:23:00+00:00,3390.47,3393.15,3386.45,2025-04-21 11:30:00+00:00,3393.15,SL,-3.13,2.68,-1.1679,11,S99_MSS_FVG_SHORT
s99_mss_fvg,BUY,2025-04-21 12:14:00+00:00,3401.89,3399.78,3405.05,2025-04-21 12:18:00+00:00,3405.05,TP,2.71,2.11,1.2844,12,S99_MSS_FVG_LONG
s99_mss_fvg,BUY,2025-04-21 13:10:00+00:00,3419.72,3414.89,3426.96,2025-04-21 13:24:00+00:00,3414.89,SL,-5.28,4.83,-1.0932,13,S99_MSS_FVG_LONG
s99_mss_fvg,BUY,2025-04-21 15:31:00+00:00,3416.465,3413.83,3420.42,2025-04-21 15:36:00+00:00,3420.42,TP,3.505,2.635,1.3302,15,S99_MSS_FVG_LONG
s99_mss_fvg,BUY,2025-04-21 15:45:00+00:00,3422.91,3420.13,3427.08,2025-04-21 15:51:00+00:00,3420.13,SL,-3.23,2.78,-1.1619,15,S99_MSS_FVG_LONG
s99_mss_fvg,SELL,2025-04-22 07:36:00+00:00,3474.77,3476.97,3471.47,2025-04-22 07:38:00+00:00,3476.97,SL,-2.65,2.2,-1.2045,7,S99_MSS_FVG_SHORT
s99_mss_fvg,SELL,2025-04-22 09:00:00+00:00,3447.58,3449.78,3444.28,2025-04-22 09:01:00+00:00,3449.78,SL,-2.65,2.2,-1.2045,9,S99_MSS_FVG_SHORT
s99_mss_fvg,BUY,2025-04-22 10:15:00+00:00,3463.505,3462.0,3465.76,2025-04-22 10:17:00+00:00,3462.0,SL,-1.955,1.505,-1.299,10,S99_MSS_FVG_LONG
s99_mss_fvg,SELL,2025-04-22 13:00:00+00:00,3433.19,3436.46,3428.28,2025-04-22 13:04:00+00:00,3428.28,TP,4.46,3.27,1.3639,13,S99_MSS_FVG_SHORT
s99_mss_fvg,SELL,2025-04-22 13:49:00+00:00,3427.245,3436.18,3413.84,2025-04-22 14:30:00+00:00,3436.18,SL,-9.385,8.935,-1.0504,13,S99_MSS_FVG_SHORT
s99_mss_fvg,SELL,2025-04-22 15:37:00+00:00,3422.105,3425.1,3417.61,2025-04-22 15:39:00+00:00,3425.1,SL,-3.445,2.995,-1.1503,15,S99_MSS_FVG_SHORT
s99_mss_fvg,SELL,2025-04-23 06:13:00+00:00,3316.525,3318.93,3312.92,2025-04-23 06:16:00+00:00,3318.93,SL,-2.855,2.405,-1.1871,6,S99_MSS_FVG_SHORT
s99_mss_fvg,SELL,2025-04-23 07:00:00+00:00,3303.575,3313.81,3288.22,2025-04-23 07:39:00+00:00,3313.81,SL,-10.685,10.235,-1.044,7,S99_MSS_FVG_SHORT
s99_mss_fvg,BUY,2025-04-23 09:27:00+00:00,3335.76,3332.12,3341.22,2025-04-23 09:32:00+00:00,3332.12,SL,-4.09,3.64,-1.1236,9,S99_MSS_FVG_LONG
s99_mss_fvg,SELL,2025-04-23 11:12:00+00:00,3327.795,3330.35,3323.96,2025-04-23 11:13:00+00:00,3330.35,SL,-3.005,2.555,-1.1761,11,S99_MSS_FVG_SHORT
s99_mss_fvg,SELL,2025-04-23 13:45:00+00:00,3293.58,3295.34,3290.94,2025-04-23 13:46:00+00:00,3290.94,TP,2.19,1.76,1.2443,13,S99_MSS_FVG_SHORT
s99_mss_fvg,SELL,2025-04-23 14:19:00+00:00,3278.905,3281.09,3275.63,2025-04-23 14:20:00+00:00,3281.09,SL,-2.635,2.185,-1.2059,14,S99_MSS_FVG_SHORT
s99_mss_fvg,BUY,2025-04-23 14:51:00+00:00,3288.285,3277.98,3303.74,2025-04-23 15:14:00+00:00,3277.98,SL,-10.755,10.305,-1.0437,14,S99_MSS_FVG_LONG
s99_mss_fvg,BUY,2025-04-24 07:15:00+00:00,3334.235,3326.19,3346.3,2025-04-24 07:39:00+00:00,3326.19,SL,-8.495,8.045,-1.0559,7,S99_MSS_FVG_LONG
s99_mss_fvg,BUY,2025-04-24 08:56:00+00:00,3336.66,3334.91,3339.28,2025-04-24 09:00:00+00:00,3339.28,TP,2.17,1.75,1.24,8,S99_MSS_FVG_LONG
s99_mss_fvg,BUY,2025-04-24 11:39:00+00:00,3339.455,3337.79,3341.95,2025-04-24 11:41:00+00:00,3337.79,SL,-2.115,1.665,-1.2703,11,S99_MSS_FVG_LONG
s99_mss_fvg,SELL,2025-04-24 15:25:00+00:00,3321.855,3324.83,3317.39,2025-04-24 15:26:00+00:00,3324.83,SL,-3.425,2.975,-1.1513,15,S99_MSS_FVG_SHORT
s99_mss_fvg,BUY,2025-04-24 15:44:00+00:00,3324.115,3320.81,3329.07,2025-04-24 15:54:00+00:00,3329.07,TP,4.505,3.305,1.3631,15,S99_MSS_FVG_LONG
s99_mss_fvg,BUY,2025-04-25 07:10:00+00:00,3305.97,3303.69,3309.39,2025-04-25 07:12:00+00:00,3303.69,SL,-2.73,2.28,-1.1974,7,S99_MSS_FVG_LONG
s99_mss_fvg,SELL,2025-04-25 11:26:00+00:00,3297.225,3298.82,3294.83,2025-04-25 11:28:00+00:00,3298.82,SL,-2.045,1.595,-1.2821,11,S99_MSS_FVG_SHORT
s99_mss_fvg,SELL,2025-04-25 11:49:00+00:00,3293.98,3298.9,3286.6,2025-04-25 12:02:00+00:00,3298.9,SL,-5.37,4.92,-1.0915,11,S99_MSS_FVG_SHORT
s99_mss_fvg,SELL,2025-04-25 13:43:00+00:00,3279.055,3282.13,3274.44,2025-04-25 13:45:00+00:00,3282.13,SL,-3.525,3.075,-1.1463,13,S99_MSS_FVG_SHORT
s99_mss_fvg,SELL,2025-04-25 15:18:00+00:00,3275.085,3278.01,3270.7,2025-04-25 15:21:00+00:00,3270.7,TP,3.935,2.925,1.3453,15,S99_MSS_FVG_SHORT
s99_mss_fvg,SELL,2025-04-28 06:47:00+00:00,3287.575,3291.84,3281.18,2025-04-28 07:04:00+00:00,3281.18,TP,5.945,4.265,1.3939,6,S99_MSS_FVG_SHORT
s99_mss_fvg,BUY,2025-04-28 08:02:00+00:00,3285.965,3283.07,3290.31,2025-04-28 08:31:00+00:00,3283.07,SL,-3.345,2.895,-1.1554,8,S99_MSS_FVG_LONG
s99_mss_fvg,SELL,2025-04-28 13:55:00+00:00,3292.5,3294.53,3289.45,2025-04-28 13:57:00+00:00,3289.45,TP,2.6,2.03,1.2808,13,S99_MSS_FVG_SHORT
s99_mss_fvg,BUY,2025-04-28 14:30:00+00:00,3310.88,3307.25,3316.33,2025-04-28 14:31:00+00:00,3316.33,TP,5.0,3.63,1.3774,14,S99_MSS_FVG_LONG
s99_mss_fvg,BUY,2025-04-28 15:01:00+00:00,3325.69,3320.78,3333.05,2025-04-28 15:18:00+00:00,3333.05,TP,6.91,4.91,1.4073,15,S99_MSS_FVG_LONG
s99_mss_fvg,BUY,2025-04-28 15:26:00+00:00,3329.405,3326.76,3333.37,2025-04-28 15:30:00+00:00,3326.76,SL,-3.095,2.645,-1.1701,15,S99_MSS_FVG_LONG
s99_mss_fvg,BUY,2025-04-29 06:39:00+00:00,3319.59,3315.61,3325.56,2025-04-29 06:53:00+00:00,3315.61,SL,-4.43,3.98,-1.1131,6,S99_MSS_FVG_LONG
s99_mss_fvg,BUY,2025-04-29 08:03:00+00:00,3321.445,3319.44,3324.45,2025-04-29 08:06:00+00:00,3319.44,SL,-2.455,2.005,-1.2244,8,S99_MSS_FVG_LONG
s99_mss_fvg,BUY,2025-04-29 13:00:00+00:00,3311.075,3309.31,3313.72,2025-04-29 13:03:00+00:00,3313.72,TP,2.195,1.765,1.2436,13,S99_MSS_FVG_LONG
s99_mss_fvg,SELL,2025-04-29 14:26:00+00:00,3312.245,3317.93,3303.72,2025-04-29 16:23:00+00:00,3317.93,SL,-6.135,5.685,-1.0792,14,S99_MSS_FVG_SHORT
s99_mss_fvg,BUY,2025-04-30 07:30:00+00:00,3310.66,3308.53,3313.85,2025-04-30 07:42:00+00:00,3313.85,TP,2.74,2.13,1.2864,7,S99_MSS_FVG_LONG
s99_mss_fvg,SELL,2025-04-30 10:26:00+00:00,3278.235,3280.77,3274.43,2025-04-30 10:34:00+00:00,3280.77,SL,-2.985,2.535,-1.1775,10,S99_MSS_FVG_SHORT
s99_mss_fvg,SELL,2025-04-30 12:02:00+00:00,3274.975,3277.61,3271.02,2025-04-30 12:03:00+00:00,3271.02,TP,3.505,2.635,1.3302,12,S99_MSS_FVG_SHORT
s99_mss_fvg,BUY,2025-04-30 12:56:00+00:00,3298.255,3294.33,3304.14,2025-04-30 13:13:00+00:00,3304.14,TP,5.435,3.925,1.3847,12,S99_MSS_FVG_LONG
s99_mss_fvg,BUY,2025-04-30 13:22:00+00:00,3303.045,3301.25,3305.74,2025-04-30 13:23:00+00:00,3301.25,SL,-2.245,1.795,-1.2507,13,S99_MSS_FVG_LONG
s99_mss_fvg,BUY,2025-04-30 13:48:00+00:00,3313.42,3306.81,3323.34,2025-04-30 13:56:00+00:00,3306.81,SL,-7.06,6.61,-1.0681,13,S99_MSS_FVG_LONG
s99_mss_fvg,SELL,2025-04-30 15:50:00+00:00,3302.86,3305.74,3298.54,2025-04-30 15:51:00+00:00,3305.74,SL,-3.33,2.88,-1.1563,15,S99_MSS_FVG_SHORT
s99_mss_fvg,SELL,2025-05-01 10:37:00+00:00,3220.835,3223.15,3217.36,2025-05-01 10:41:00+00:00,3223.15,SL,-2.765,2.315,-1.1944,10,S99_MSS_FVG_SHORT
s99_mss_fvg,SELL,2025-05-01 12:04:00+00:00,3208.26,3214.98,3198.18,2025-05-01 12:24:00+00:00,3214.98,SL,-7.17,6.72,-1.067,12,S99_MSS_FVG_SHORT
s99_mss_fvg,BUY,2025-05-01 14:47:00+00:00,3227.825,3226.31,3230.1,2025-05-01 14:48:00+00:00,3226.31,SL,-1.965,1.515,-1.297,14,S99_MSS_FVG_LONG
s99_mss_fvg,SELL,2025-05-01 15:41:00+00:00,3212.6,3214.5,3209.75,2025-05-01 15:42:00+00:00,3209.75,TP,2.4,1.9,1.2632,15,S99_MSS_FVG_SHORT
s99_mss_fvg,BUY,2025-05-02 06:26:00+00:00,3259.59,3255.29,3266.04,2025-05-02 06:39:00+00:00,3255.29,SL,-4.75,4.3,-1.1047,6,S99_MSS_FVG_LONG
s99_mss_fvg,BUY,2025-05-02 07:41:00+00:00,3260.075,3257.56,3263.85,2025-05-02 08:02:00+00:00,3257.56,SL,-2.965,2.515,-1.1789,7,S99_MSS_FVG_LONG
s99_mss_fvg,BUY,2025-05-02 09:18:00+00:00,3260.25,3258.39,3263.04,2025-05-02 09:32:00+00:00,3263.04,TP,2.34,1.86,1.2581,9,S99_MSS_FVG_LONG
s99_mss_fvg,SELL,2025-05-02 13:15:00+00:00,3246.015,3251.46,3237.85,2025-05-02 13:21:00+00:00,3251.46,SL,-5.895,5.445,-1.0826,13,S99_MSS_FVG_SHORT
s99_mss_fvg,BUY,2025-05-02 15:00:00+00:00,3260.545,3255.88,3267.54,2025-05-02 15:20:00+00:00,3255.88,SL,-5.115,4.665,-1.0965,15,S99_MSS_FVG_LONG
s99_mss_fvg,BUY,2025-05-05 10:11:00+00:00,3309.77,3308.17,3312.17,2025-05-05 10:17:00+00:00,3312.17,TP,1.95,1.6,1.2188,10,S99_MSS_FVG_LONG
s99_mss_fvg,BUY,2025-05-05 10:25:00+00:00,3314.35,3310.85,3319.6,2025-05-05 12:19:00+00:00,3319.6,TP,4.8,3.5,1.3714,10,S99_MSS_FVG_LONG
s99_mss_fvg,SELL,2025-05-05 13:43:00+00:00,3316.09,3317.88,3313.41,2025-05-05 13:48:00+00:00,3317.88,SL,-2.24,1.79,-1.2514,13,S99_MSS_FVG_SHORT
s99_mss_fvg,BUY,2025-05-06 07:32:00+00:00,3373.45,3367.93,3381.73,2025-05-06 08:19:00+00:00,3381.73,TP,7.83,5.52,1.4185,7,S99_MSS_FVG_LONG
s99_mss_fvg,BUY,2025-05-06 08:32:00+00:00,3377.455,3374.17,3382.38,2025-05-06 09:18:00+00:00,3374.17,SL,-3.735,3.285,-1.137,8,S99_MSS_FVG_LONG
s99_mss_fvg,SELL,2025-05-06 09:29:00+00:00,3374.75,3376.49,3372.14,2025-05-06 09:31:00+00:00,3376.49,SL,-2.19,1.74,-1.2586,9,S99_MSS_FVG_SHORT
s99_mss_fvg,BUY,2025-05-07 06:18:00+00:00,3391.495,3388.76,3395.6,2025-05-07 06:30:00+00:00,3388.76,SL,-3.185,2.735,-1.1645,6,S99_MSS_FVG_LONG
s99_mss_fvg,SELL,2025-05-07 09:30:00+00:00,3375.81,3379.36,3370.48,2025-05-07 09:59:00+00:00,3370.48,TP,4.88,3.55,1.3746,9,S99_MSS_FVG_SHORT
s99_mss_fvg,SELL,2025-05-07 10:05:00+00:00,3374.3,3376.61,3370.84,2025-05-07 10:08:00+00:00,3376.61,SL,-2.76,2.31,-1.1948,10,S99_MSS_FVG_SHORT
s99_mss_fvg,BUY,2025-05-07 12:19:00+00:00,3389.805,3386.34,3395.0,2025-05-07 12:27:00+00:00,3386.34,SL,-3.915,3.465,-1.1299,12,S99_MSS_FVG_LONG
s99_mss_fvg,SELL,2025-05-08 06:41:00+00:00,3332.475,3337.48,3324.97,2025-05-08 06:48:00+00:00,3324.97,TP,7.055,5.005,1.4096,6,S99_MSS_FVG_SHORT
s99_mss_fvg,SELL,2025-05-08 10:05:00+00:00,3333.935,3337.9,3327.99,2025-05-08 10:09:00+00:00,3337.9,SL,-4.415,3.965,-1.1135,10,S99_MSS_FVG_SHORT
s99_mss_fvg,BUY,2025-05-08 10:31:00+00:00,3344.45,3341.05,3349.55,2025-05-08 10:41:00+00:00,3341.05,SL,-3.85,3.4,-1.1324,10,S99_MSS_FVG_LONG
s99_mss_fvg,BUY,2025-05-08 13:40:00+00:00,3364.755,3359.97,3371.93,2025-05-08 13:46:00+00:00,3359.97,SL,-5.235,4.785,-1.094,13,S99_MSS_FVG_LONG
s99_mss_fvg,SELL,2025-05-08 15:30:00+00:00,3353.105,3357.86,3345.97,2025-05-08 15:32:00+00:00,3345.97,TP,6.685,4.755,1.4059,15,S99_MSS_FVG_SHORT
s99_mss_fvg,SELL,2025-05-08 15:55:00+00:00,3333.81,3336.57,3329.67,2025-05-08 15:57:00+00:00,3329.67,TP,3.69,2.76,1.337,15,S99_MSS_FVG_SHORT
s99_mss_fvg,BUY,2025-05-09 10:24:00+00:00,3326.435,3324.44,3329.43,2025-05-09 10:26:00+00:00,3324.44,SL,-2.445,1.995,-1.2256,10,S99_MSS_FVG_LONG
s99_mss_fvg,SELL,2025-05-12 07:52:00+00:00,3224.425,3229.5,3216.81,2025-05-12 08:03:00+00:00,3229.5,SL,-5.525,5.075,-1.0887,7,S99_MSS_FVG_SHORT
s99_mss_fvg,BUY,2025-05-12 08:45:00+00:00,3231.07,3227.23,3236.83,2025-05-12 09:07:00+00:00,3227.23,SL,-4.29,3.84,-1.1172,8,S99_MSS_FVG_LONG
s99_mss_fvg,SELL,2025-05-12 10:02:00+00:00,3217.545,3221.67,3211.36,2025-05-12 10:24:00+00:00,3211.36,TP,5.735,4.125,1.3903,10,S99_MSS_FVG_SHORT
s99_mss_fvg,BUY,2025-05-12 11:31:00+00:00,3218.475,3211.16,3229.45,2025-05-12 11:55:00+00:00,3229.45,TP,10.525,7.315,1.4388,11,S99_MSS_FVG_LONG
s99_mss_fvg,BUY,2025-05-12 12:00:00+00:00,3223.905,3221.95,3226.84,2025-05-12 12:07:00+00:00,3221.95,SL,-2.405,1.955,-1.2302,12,S99_MSS_FVG_LONG
s99_mss_fvg,BUY,2025-05-12 13:26:00+00:00,3237.64,3235.62,3240.67,2025-05-12 13:30:00+00:00,3235.62,SL,-2.47,2.02,-1.2228,13,S99_MSS_FVG_LONG
s99_mss_fvg,BUY,2025-05-12 13:54:00+00:00,3240.715,3236.69,3246.75,2025-05-12 14:01:00+00:00,3236.69,SL,-4.475,4.025,-1.1118,13,S99_MSS_FVG_LONG
s99_mss_fvg,BUY,2025-05-13 06:55:00+00:00,3261.24,3257.03,3267.55,2025-05-13 07:22:00+00:00,3257.03,SL,-4.66,4.21,-1.1069,6,S99_MSS_FVG_LONG
s99_mss_fvg,BUY,2025-05-14 07:47:00+00:00,3235.225,3232.84,3238.8,2025-05-14 07:58:00+00:00,3238.8,TP,3.125,2.385,1.3103,7,S99_MSS_FVG_LONG
s99_mss_fvg,BUY,2025-05-14 09:51:00+00:00,3234.16,3231.35,3238.38,2025-05-14 10:01:00+00:00,3231.35,SL,-3.26,2.81,-1.1601,9,S99_MSS_FVG_LONG
s99_mss_fvg,SELL,2025-05-14 12:06:00+00:00,3222.16,3226.49,3215.66,2025-05-14 12:13:00+00:00,3215.66,TP,6.05,4.33,1.3972,12,S99_MSS_FVG_SHORT
s99_mss_fvg,SELL,2025-05-14 12:20:00+00:00,3215.46,3220.37,3208.1,2025-05-14 12:36:00+00:00,3208.1,TP,6.91,4.91,1.4073,12,S99_MSS_FVG_SHORT
s99_mss_fvg,SELL,2025-05-15 07:49:00+00:00,3137.47,3143.24,3128.81,2025-05-15 07:54:00+00:00,3143.24,SL,-6.22,5.77,-1.078,7,S99_MSS_FVG_SHORT
s99_mss_fvg,BUY,2025-05-15 12:10:00+00:00,3180.99,3178.71,3184.41,2025-05-15 12:17:00+00:00,3178.71,SL,-2.73,2.28,-1.1974,12,S99_MSS_FVG_LONG
s99_mss_fvg,BUY,2025-05-15 13:00:00+00:00,3186.045,3183.67,3189.61,2025-05-15 13:03:00+00:00,3189.61,TP,3.115,2.375,1.3116,13,S99_MSS_FVG_LONG
s99_mss_fvg,BUY,2025-05-15 14:27:00+00:00,3201.59,3198.97,3205.52,2025-05-15 14:29:00+00:00,3205.52,TP,3.48,2.62,1.3282,14,S99_MSS_FVG_LONG
s99_mss_fvg,BUY,2025-05-15 15:30:00+00:00,3214.335,3212.38,3217.27,2025-05-15 15:40:00+00:00,3217.27,TP,2.485,1.955,1.2711,15,S99_MSS_FVG_LONG
s99_mss_fvg,BUY,2025-05-16 06:17:00+00:00,3224.31,3221.71,3228.21,2025-05-16 06:23:00+00:00,3221.71,SL,-3.05,2.6,-1.1731,6,S99_MSS_FVG_LONG
s99_mss_fvg,SELL,2025-05-16 08:20:00+00:00,3199.89,3205.13,3192.03,2025-05-16 08:29:00+00:00,3205.13,SL,-5.69,5.24,-1.0859,8,S99_MSS_FVG_SHORT
s99_mss_fvg,SELL,2025-05-16 11:02:00+00:00,3178.0,3188.18,3162.73,2025-05-16 11:54:00+00:00,3162.73,TP,14.82,10.18,1.4558,11,S99_MSS_FVG_SHORT
s99_mss_fvg,SELL,2025-05-16 12:03:00+00:00,3164.895,3174.34,3150.73,2025-05-16 12:24:00+00:00,3174.34,SL,-9.895,9.445,-1.0476,12,S99_MSS_FVG_SHORT
s99_mss_fvg,SELL,2025-05-16 13:33:00+00:00,3178.875,3182.42,3173.56,2025-05-16 13:34:00+00:00,3182.42,SL,-3.995,3.545,-1.1269,13,S99_MSS_FVG_SHORT
s99_mss_fvg,SELL,2025-05-16 14:47:00+00:00,3173.185,3174.75,3170.84,2025-05-16 14:48:00+00:00,3174.75,SL,-2.015,1.565,-1.2875,14,S99_MSS_FVG_SHORT
s99_mss_fvg,BUY,2025-05-16 15:41:00+00:00,3180.645,3177.81,3184.9,2025-05-16 15:52:00+00:00,3184.9,TP,3.805,2.835,1.3422,15,S99_MSS_FVG_LONG
s99_mss_fvg,BUY,2025-05-19 06:37:00+00:00,3222.33,3218.64,3227.86,2025-05-19 07:02:00+00:00,3227.86,TP,5.08,3.69,1.3767,6,S99_MSS_FVG_LONG
s99_mss_fvg,BUY,2025-05-19 08:22:00+00:00,3235.295,3232.2,3239.94,2025-05-19 08:47:00+00:00,3239.94,TP,4.195,3.095,1.3554,8,S99_MSS_FVG_LONG
s99_mss_fvg,BUY,2025-05-19 09:05:00+00:00,3244.45,3241.84,3248.36,2025-05-19 09:11:00+00:00,3241.84,SL,-3.06,2.61,-1.1724,9,S99_MSS_FVG_LONG
s99_mss_fvg,SELL,2025-05-19 10:14:00+00:00,3239.61,3241.28,3237.11,2025-05-19 10:21:00+00:00,3237.11,TP,2.05,1.67,1.2275,10,S99_MSS_FVG_SHORT
s99_mss_fvg,SELL,2025-05-19 13:05:00+00:00,3230.515,3234.49,3224.55,2025-05-19 13:13:00+00:00,3234.49,SL,-4.425,3.975,-1.1132,13,S99_MSS_FVG_SHORT
s99_mss_fvg,SELL,2025-05-19 14:15:00+00:00,3224.61,3229.02,3218.0,2025-05-19 14:22:00+00:00,3229.02,SL,-4.86,4.41,-1.102,14,S99_MSS_FVG_SHORT
s99_mss_fvg,BUY,2025-05-20 10:52:00+00:00,3236.215,3234.13,3239.34,2025-05-20 11:16:00+00:00,3239.34,TP,2.675,2.085,1.283,10,S99_MSS_FVG_LONG
s99_mss_fvg,BUY,2025-05-20 15:06:00+00:00,3274.125,3270.22,3279.98,2025-05-20 15:15:00+00:00,3279.98,TP,5.405,3.905,1.3841,15,S99_MSS_FVG_LONG
s99_mss_fvg,SELL,2025-05-21 08:16:00+00:00,3307.34,3309.1,3304.7,2025-05-21 08:20:00+00:00,3309.1,SL,-2.21,1.76,-1.2557,8,S99_MSS_FVG_SHORT
s99_mss_fvg,BUY,2025-05-21 10:30:00+00:00,3316.085,3313.76,3319.57,2025-05-21 10:43:00+00:00,3313.76,SL,-2.775,2.325,-1.1935,10,S99_MSS_FVG_LONG
s99_mss_fvg,SELL,2025-05-21 10:58:00+00:00,3311.275,3316.69,3303.15,2025-05-21 12:22:00+00:00,3303.15,TP,7.675,5.415,1.4174,10,S99_MSS_FVG_SHORT
s99_mss_fvg,SELL,2025-05-22 07:00:00+00:00,3327.385,3329.44,3324.3,2025-05-22 07:05:00+00:00,3324.3,TP,2.635,2.055,1.2822,7,S99_MSS_FVG_SHORT
s99_mss_fvg,SELL,2025-05-22 08:40:00+00:00,3315.995,3318.56,3312.15,2025-05-22 08:46:00+00:00,3312.15,TP,3.395,2.565,1.3236,8,S99_MSS_FVG_SHORT
s99_mss_fvg,SELL,2025-05-22 10:41:00+00:00,3299.0,3302.18,3294.23,2025-05-22 10:54:00+00:00,3294.23,TP,4.32,3.18,1.3585,10,S99_MSS_FVG_SHORT
s99_mss_fvg,SELL,2025-05-22 11:06:00+00:00,3289.655,3295.09,3281.5,2025-05-22 11:23:00+00:00,3295.09,SL,-5.885,5.435,-1.0828,11,S99_MSS_FVG_SHORT
s99_mss_fvg,BUY,2025-05-22 12:06:00+00:00,3311.63,3308.2,3316.78,2025-05-22 12:08:00+00:00,3308.2,SL,-3.88,3.43,-1.1312,12,S99_MSS_FVG_LONG
s99_mss_fvg,BUY,2025-05-23 06:10:00+00:00,3327.58,3325.09,3331.31,2025-05-23 06:24:00+00:00,3325.09,SL,-2.94,2.49,-1.1807,6,S99_MSS_FVG_LONG
s99_mss_fvg,BUY,2025-05-23 10:46:00+00:00,3329.48,3327.73,3332.11,2025-05-23 11:01:00+00:00,3327.73,SL,-2.2,1.75,-1.2571,10,S99_MSS_FVG_LONG
s99_mss_fvg,BUY,2025-05-23 14:25:00+00:00,3349.775,3347.25,3353.56,2025-05-23 14:36:00+00:00,3353.56,TP,3.335,2.525,1.3208,14,S99_MSS_FVG_LONG
s99_mss_fvg,BUY,2025-05-23 15:10:00+00:00,3356.775,3352.67,3362.93,2025-05-23 15:20:00+00:00,3352.67,SL,-4.555,4.105,-1.1096,15,S99_MSS_FVG_LONG
s99_mss_fvg,SELL,2025-05-26 09:39:00+00:00,3329.04,3331.1,3325.95,2025-05-26 10:06:00+00:00,3331.1,SL,-2.51,2.06,-1.2184,9,S99_MSS_FVG_SHORT
s99_mss_fvg,BUY,2025-05-26 10:28:00+00:00,3331.825,3329.25,3335.69,2025-05-26 11:30:00+00:00,3329.25,SL,-3.025,2.575,-1.1748,10,S99_MSS_FVG_LONG
s99_mss_fvg,SELL,2025-05-27 08:00:00+00:00,3297.335,3306.33,3283.84,2025-05-27 08:04:00+00:00,3306.33,SL,-9.445,8.995,-1.05,8,S99_MSS_FVG_SHORT
s99_mss_fvg,SELL,2025-05-27 09:08:00+00:00,3303.745,3307.4,3298.26,2025-05-27 09:09:00+00:00,3307.4,SL,-4.105,3.655,-1.1231,9,S99_MSS_FVG_SHORT
s99_mss_fvg,SELL,2025-05-27 09:51:00+00:00,3297.87,3301.55,3292.35,2025-05-27 10:16:00+00:00,3292.35,TP,5.07,3.68,1.3777,9,S99_MSS_FVG_SHORT
s99_mss_fvg,SELL,2025-05-27 11:31:00+00:00,3292.39,3294.25,3289.6,2025-05-27 11:51:00+00:00,3289.6,TP,2.34,1.86,1.2581,11,S99_MSS_FVG_SHORT
s99_mss_fvg,BUY,2025-05-27 13:40:00+00:00,3299.2,3296.91,3302.63,2025-05-27 13:46:00+00:00,3302.63,TP,2.98,2.29,1.3013,13,S99_MSS_FVG_LONG
s99_mss_fvg,SELL,2025-05-28 06:15:00+00:00,3300.805,3304.63,3295.07,2025-05-28 06:27:00+00:00,3304.63,SL,-4.275,3.825,-1.1176,6,S99_MSS_FVG_SHORT
s99_mss_fvg,BUY,2025-05-28 08:22:00+00:00,3317.37,3311.91,3325.56,2025-05-28 09:46:00+00:00,3325.56,TP,7.74,5.46,1.4176,8,S99_MSS_FVG_LONG
s99_mss_fvg,SELL,2025-05-28 15:10:00+00:00,3298.505,3301.3,3294.31,2025-05-28 15:30:00+00:00,3294.31,TP,3.745,2.795,1.3399,15,S99_MSS_FVG_SHORT
s99_mss_fvg,BUY,2025-05-29 06:05:00+00:00,3272.065,3269.05,3276.59,2025-05-29 06:12:00+00:00,3269.05,SL,-3.465,3.015,-1.1493,6,S99_MSS_FVG_LONG
s99_mss_fvg,BUY,2025-05-29 07:34:00+00:00,3278.18,3275.43,3282.3,2025-05-29 07:50:00+00:00,3282.3,TP,3.67,2.75,1.3345,7,S99_MSS_FVG_LONG
s99_mss_fvg,BUY,2025-05-29 08:14:00+00:00,3284.0,3280.93,3288.61,2025-05-29 08:33:00+00:00,3280.93,SL,-3.52,3.07,-1.1466,8,S99_MSS_FVG_LONG
s99_mss_fvg,BUY,2025-05-29 10:47:00+00:00,3296.27,3294.42,3299.05,2025-05-29 10:54:00+00:00,3299.05,TP,2.33,1.85,1.2595,10,S99_MSS_FVG_LONG
s99_mss_fvg,BUY,2025-05-29 11:35:00+00:00,3300.85,3298.38,3304.55,2025-05-29 11:49:00+00:00,3304.55,TP,3.25,2.47,1.3158,11,S99_MSS_FVG_LONG
s99_mss_fvg,BUY,2025-05-29 13:35:00+00:00,3317.36,3313.86,3322.61,2025-05-29 13:42:00+00:00,3313.86,SL,-3.95,3.5,-1.1286,13,S99_MSS_FVG_LONG
s99_mss_fvg,BUY,2025-05-30 09:25:00+00:00,3297.06,3295.34,3299.64,2025-05-30 09:30:00+00:00,3295.34,SL,-2.17,1.72,-1.2616,9,S99_MSS_FVG_LONG
s99_mss_fvg,BUY,2025-05-30 10:10:00+00:00,3298.915,3297.34,3301.28,2025-05-30 10:24:00+00:00,3297.34,SL,-2.025,1.575,-1.2857,10,S99_MSS_FVG_LONG
s99_mss_fvg,BUY,2025-05-30 15:48:00+00:00,3289.505,3287.91,3291.9,2025-05-30 15:50:00+00:00,3291.9,TP,1.945,1.595,1.2194,15,S99_MSS_FVG_LONG
s99_mss_fvg,BUY,2025-06-02 07:29:00+00:00,3354.47,3351.95,3358.25,2025-06-02 07:32:00+00:00,3358.25,TP,3.33,2.52,1.3214,7,S99_MSS_FVG_LONG
s99_mss_fvg,SELL,2025-06-03 06:54:00+00:00,3356.8,3359.42,3352.87,2025-06-03 06:59:00+00:00,3359.42,SL,-3.07,2.62,-1.1718,6,S99_MSS_FVG_SHORT
s99_mss_fvg,BUY,2025-06-03 08:41:00+00:00,3361.555,3359.09,3365.25,2025-06-03 09:10:00+00:00,3359.09,SL,-2.915,2.465,-1.1826,8,S99_MSS_FVG_LONG
s99_mss_fvg,SELL,2025-06-03 14:10:00+00:00,3339.87,3344.38,3333.1,2025-06-03 14:23:00+00:00,3344.38,SL,-4.96,4.51,-1.0998,14,S99_MSS_FVG_SHORT
s99_mss_fvg,SELL,2025-06-04 11:00:00+00:00,3351.83,3354.63,3347.63,2025-06-04 11:23:00+00:00,3347.63,TP,3.75,2.8,1.3393,11,S99_MSS_FVG_SHORT
s99_mss_fvg,BUY,2025-06-04 14:50:00+00:00,3381.415,3378.5,3385.79,2025-06-04 14:55:00+00:00,3378.5,SL,-3.365,2.915,-1.1544,14,S99_MSS_FVG_LONG
s99_mss_fvg,BUY,2025-06-05 07:15:00+00:00,3371.01,3368.22,3375.2,2025-06-05 08:43:00+00:00,3375.2,TP,3.74,2.79,1.3405,7,S99_MSS_FVG_LONG
s99_mss_fvg,BUY,2025-06-05 09:34:00+00:00,3382.33,3379.26,3386.93,2025-06-05 09:48:00+00:00,3386.93,TP,4.15,3.07,1.3518,9,S99_MSS_FVG_LONG
s99_mss_fvg,BUY,2025-06-05 10:35:00+00:00,3394.34,3391.93,3397.96,2025-06-05 10:42:00+00:00,3397.96,TP,3.17,2.41,1.3154,10,S99_MSS_FVG_LONG
s99_mss_fvg,SELL,2025-06-05 13:20:00+00:00,3384.855,3392.39,3373.55,2025-06-05 14:05:00+00:00,3373.55,TP,10.855,7.535,1.4406,13,S99_MSS_FVG_SHORT
s99_mss_fvg,SELL,2025-06-05 14:10:00+00:00,3376.615,3378.75,3373.41,2025-06-05 14:17:00+00:00,3378.75,SL,-2.585,2.135,-1.2108,14,S99_MSS_FVG_SHORT
s99_mss_fvg,SELL,2025-06-06 07:55:00+00:00,3356.13,3358.02,3353.3,2025-06-06 07:56:00+00:00,3358.02,SL,-2.34,1.89,-1.2381,7,S99_MSS_FVG_SHORT
s99_mss_fvg,BUY,2025-06-06 08:35:00+00:00,3363.445,3360.89,3367.28,2025-06-06 08:44:00+00:00,3367.28,TP,3.385,2.555,1.3249,8,S99_MSS_FVG_LONG
s99_mss_fvg,SELL,2025-06-06 14:30:00+00:00,3325.295,3335.16,3310.5,2025-06-06 15:37:00+00:00,3335.16,SL,-10.315,9.865,-1.0456,14,S99_MSS_FVG_SHORT
s99_mss_fvg,SELL,2025-06-09 09:32:00+00:00,3319.7,3321.5,3317.0,2025-06-09 09:35:00+00:00,3321.5,SL,-2.25,1.8,-1.25,9,S99_MSS_FVG_SHORT
s99_mss_fvg,BUY,2025-06-09 14:00:00+00:00,3317.485,3315.6,3320.31,2025-06-09 14:01:00+00:00,3320.31,TP,2.375,1.885,1.2599,14,S99_MSS_FVG_LONG
s99_mss_fvg,BUY,2025-06-09 15:37:00+00:00,3328.81,3325.89,3333.19,2025-06-09 16:22:00+00:00,3333.19,TP,3.93,2.92,1.3459,15,S99_MSS_FVG_LONG
s99_mss_fvg,BUY,2025-06-10 06:27:00+00:00,3322.955,3321.42,3325.26,2025-06-10 06:28:00+00:00,3321.42,SL,-1.985,1.535,-1.2932,6,S99_MSS_FVG_LONG
s99_mss_fvg,BUY,2025-06-10 08:21:00+00:00,3331.895,3330.35,3334.21,2025-06-10 08:24:00+00:00,3330.35,SL,-1.995,1.545,-1.2913,8,S99_MSS_FVG_LONG
s99_mss_fvg,BUY,2025-06-11 08:00:00+00:00,3345.35,3341.95,3350.45,2025-06-11 09:03:00+00:00,3341.95,SL,-3.85,3.4,-1.1324,8,S99_MSS_FVG_LONG
s99_mss_fvg,SELL,2025-06-11 09:13:00+00:00,3341.35,3344.92,3335.99,2025-06-11 09:46:00+00:00,3335.99,TP,4.91,3.57,1.3754,9,S99_MSS_FVG_SHORT
s99_mss_fvg,SELL,2025-06-11 10:02:00+00:00,3335.52,3337.1,3333.15,2025-06-11 10:11:00+00:00,3333.15,TP,1.92,1.58,1.2152,10,S99_MSS_FVG_SHORT
s99_mss_fvg,BUY,2025-06-11 14:50:00+00:00,3337.91,3334.62,3342.84,2025-06-11 15:22:00+00:00,3342.84,TP,4.48,3.29,1.3617,14,S99_MSS_FVG_LONG
s99_mss_fvg,SELL,2025-06-12 06:27:00+00:00,3369.475,3371.88,3365.87,2025-06-12 06:34:00+00:00,3371.88,SL,-2.855,2.405,-1.1871,6,S99_MSS_FVG_SHORT
s99_mss_fvg,SELL,2025-06-12 07:52:00+00:00,3345.415,3350.33,3338.04,2025-06-12 08:02:00+00:00,3350.33,SL,-5.365,4.915,-1.0916,7,S99_MSS_FVG_SHORT
s99_mss_fvg,BUY,2025-06-12 10:02:00+00:00,3364.11,3361.64,3367.82,2025-06-12 10:15:00+00:00,3367.82,TP,3.26,2.47,1.3198,10,S99_MSS_FVG_LONG
s99_mss_fvg,BUY,2025-06-12 11:18:00+00:00,3381.095,3379.25,3383.86,2025-06-12 11:23:00+00:00,3383.86,TP,2.315,1.845,1.2547,11,S99_MSS_FVG_LONG
s99_mss_fvg,BUY,2025-06-12 13:52:00+00:00,3389.78,3387.33,3393.46,2025-06-12 13:53:00+00:00,3387.33,SL,-2.9,2.45,-1.1837,13,S99_MSS_FVG_LONG
s99_mss_fvg,SELL,2025-06-13 06:55:00+00:00,3415.195,3419.24,3409.13,2025-06-13 07:08:00+00:00,3409.13,TP,5.615,4.045,1.3881,6,S99_MSS_FVG_SHORT
s99_mss_fvg,BUY,2025-06-13 08:30:00+00:00,3423.635,3422.12,3425.91,2025-06-13 08:31:00+00:00,3425.91,TP,1.825,1.515,1.2046,8,S99_MSS_FVG_LONG
s99_mss_fvg,SELL,2025-06-13 11:15:00+00:00,3417.37,3418.99,3414.94,2025-06-13 11:20:00+00:00,3418.99,SL,-2.07,1.62,-1.2778,11,S99_MSS_FVG_SHORT
s99_mss_fvg,BUY,2025-06-13 13:00:00+00:00,3435.945,3432.63,3440.92,2025-06-13 13:02:00+00:00,3440.92,TP,4.525,3.315,1.365,13,S99_MSS_FVG_LONG
s99_mss_fvg,SELL,2025-06-16 06:14:00+00:00,3419.025,3421.65,3415.09,2025-06-16 06:27:00+00:00,3415.09,TP,3.485,2.625,1.3276,6,S99_MSS_FVG_SHORT
s99_mss_fvg,SELL,2025-06-16 07:21:00+00:00,3412.99,3415.04,3409.91,2025-06-16 07:22:00+00:00,3415.04,SL,-2.5,2.05,-1.2195,7,S99_MSS_FVG_SHORT
s99_mss_fvg,SELL,2025-06-16 14:01:00+00:00,3394.455,3407.21,3375.32,2025-06-16 22:04:00+00:00,3388.295,TIME,5.71,12.755,0.4477,14,S99_MSS_FVG_SHORT
s99_mss_fvg,SELL,2025-06-17 06:12:00+00:00,3390.24,3392.85,3386.32,2025-06-17 06:40:00+00:00,3386.32,TP,3.47,2.61,1.3295,6,S99_MSS_FVG_SHORT
s99_mss_fvg,BUY,2025-06-17 07:25:00+00:00,3388.625,3386.66,3391.57,2025-06-17 07:32:00+00:00,3386.66,SL,-2.415,1.965,-1.229,7,S99_MSS_FVG_LONG
s99_mss_fvg,BUY,2025-06-17 10:33:00+00:00,3393.22,3391.39,3395.96,2025-06-17 10:36:00+00:00,3395.96,TP,2.29,1.83,1.2514,10,S99_MSS_FVG_LONG
s99_mss_fvg,BUY,2025-06-17 13:21:00+00:00,3393.325,3391.24,3396.45,2025-06-17 13:33:00+00:00,3396.45,TP,2.675,2.085,1.283,13,S99_MSS_FVG_LONG
s99_mss_fvg,SELL,2025-06-17 14:42:00+00:00,3376.51,3381.51,3369.01,2025-06-17 14:52:00+00:00,3381.51,SL,-5.45,5.0,-1.09,14,S99_MSS_FVG_SHORT
s99_mss_fvg,SELL,2025-06-18 14:25:00+00:00,3381.67,3384.7,3377.13,2025-06-18 14:30:00+00:00,3384.7,SL,-3.48,3.03,-1.1485,14,S99_MSS_FVG_SHORT
s99_mss_fvg,SELL,2025-06-19 07:38:00+00:00,3360.34,3362.41,3357.24,2025-06-19 07:39:00+00:00,3362.41,SL,-2.52,2.07,-1.2174,7,S99_MSS_FVG_SHORT
s99_mss_fvg,BUY,2025-06-19 07:46:00+00:00,3365.525,3356.35,3379.29,2025-06-19 15:46:00+00:00,3366.305,TIME,0.33,9.175,0.036,7,S99_MSS_FVG_LONG
s99_mss_fvg,BUY,2025-06-23 08:10:00+00:00,3360.35,3358.3,3363.42,2025-06-23 09:01:00+00:00,3363.42,TP,2.62,2.05,1.278,8,S99_MSS_FVG_LONG
s99_mss_fvg,SELL,2025-06-24 06:40:00+00:00,3321.3,3322.9,3318.9,2025-06-24 06:41:00+00:00,3322.9,SL,-2.05,1.6,-1.2813,6,S99_MSS_FVG_SHORT
s99_mss_fvg,BUY,2025-06-24 07:42:00+00:00,3325.15,3323.11,3328.21,2025-06-24 07:47:00+00:00,3323.11,SL,-2.49,2.04,-1.2206,7,S99_MSS_FVG_LONG
s99_mss_fvg,BUY,2025-06-24 08:00:00+00:00,3326.94,3325.41,3329.24,2025-06-24 08:02:00+00:00,3329.24,TP,1.85,1.53,1.2092,8,S99_MSS_FVG_LONG
s99_mss_fvg,SELL,2025-06-24 12:20:00+00:00,3316.11,3318.9,3311.93,2025-06-24 12:27:00+00:00,3311.93,TP,3.73,2.79,1.3369,12,S99_MSS_FVG_SHORT
s99_mss_fvg,SELL,2025-06-24 13:31:00+00:00,3313.475,3315.47,3310.48,2025-06-24 13:32:00+00:00,3310.48,TP,2.545,1.995,1.2757,13,S99_MSS_FVG_SHORT
s99_mss_fvg,SELL,2025-06-24 13:45:00+00:00,3302.305,3306.63,3295.82,2025-06-24 13:49:00+00:00,3295.82,TP,6.035,4.325,1.3954,13,S99_MSS_FVG_SHORT
s99_mss_fvg,SELL,2025-06-24 15:15:00+00:00,3303.14,3304.68,3300.83,2025-06-24 15:20:00+00:00,3304.68,SL,-1.99,1.54,-1.2922,15,S99_MSS_FVG_SHORT
s99_mss_fvg,BUY,2025-06-25 08:08:00+00:00,3329.9,3327.56,3333.41,2025-06-25 08:15:00+00:00,3327.56,SL,-2.79,2.34,-1.1923,8,S99_MSS_FVG_LONG
s99_mss_fvg,SELL,2025-06-25 09:20:00+00:00,3324.32,3326.15,3321.58,2025-06-25 09:35:00+00:00,3321.58,TP,2.29,1.83,1.2514,9,S99_MSS_FVG_SHORT
s99_mss_fvg,SELL,2025-06-25 12:50:00+00:00,3320.72,3323.57,3316.44,2025-06-25 13:07:00+00:00,3316.44,TP,3.83,2.85,1.3439,12,S99_MSS_FVG_SHORT
s99_mss_fvg,SELL,2025-06-25 13:21:00+00:00,3318.465,3320.73,3315.07,2025-06-25 13:27:00+00:00,3315.07,TP,2.945,2.265,1.3002,13,S99_MSS_FVG_SHORT
s99_mss_fvg,SELL,2025-06-26 13:19:00+00:00,3324.865,3327.07,3321.56,2025-06-26 13:27:00+00:00,3321.56,TP,2.855,2.205,1.2948,13,S99_MSS_FVG_SHORT
s99_mss_fvg,SELL,2025-06-26 13:41:00+00:00,3315.585,3320.1,3308.81,2025-06-26 13:44:00+00:00,3320.1,SL,-4.965,4.515,-1.0997,13,S99_MSS_FVG_SHORT
s99_mss_fvg,BUY,2025-06-26 13:59:00+00:00,3319.91,3314.31,3328.31,2025-06-26 14:29:00+00:00,3314.31,SL,-6.05,5.6,-1.0804,13,S99_MSS_FVG_LONG
s99_mss_fvg,SELL,2025-06-26 14:35:00+00:00,3315.655,3317.36,3313.1,2025-06-26 14:39:00+00:00,3313.1,TP,2.105,1.705,1.2346,14,S99_MSS_FVG_SHORT
s99_mss_fvg,SELL,2025-06-27 13:31:00+00:00,3259.545,3261.46,3256.67,2025-06-27 13:32:00+00:00,3261.46,SL,-2.365,1.915,-1.235,13,S99_MSS_FVG_SHORT
s99_mss_fvg,SELL,2025-06-30 08:46:00+00:00,3290.635,3293.0,3287.09,2025-06-30 09:00:00+00:00,3287.09,TP,3.095,2.365,1.3087,8,S99_MSS_FVG_SHORT
s99_mss_fvg,SELL,2025-06-30 09:20:00+00:00,3284.045,3287.34,3279.1,2025-06-30 09:33:00+00:00,3279.1,TP,4.495,3.295,1.3642,9,S99_MSS_FVG_SHORT
s99_mss_fvg,SELL,2025-06-30 11:32:00+00:00,3276.51,3279.32,3272.3,2025-06-30 11:37:00+00:00,3279.32,SL,-3.26,2.81,-1.1601,11,S99_MSS_FVG_SHORT
s99_mss_fvg,BUY,2025-07-01 06:54:00+00:00,3331.915,3330.03,3334.74,2025-07-01 07:10:00+00:00,3334.74,TP,2.375,1.885,1.2599,6,S99_MSS_FVG_LONG
s99_mss_fvg,BUY,2025-07-01 07:23:00+00:00,3336.05,3333.64,3339.67,2025-07-01 07:30:00+00:00,3339.67,TP,3.17,2.41,1.3154,7,S99_MSS_FVG_LONG
s99_mss_fvg,SELL,2025-07-02 14:27:00+00:00,3338.815,3340.78,3335.87,2025-07-02 14:45:00+00:00,3340.78,SL,-2.415,1.965,-1.229,14,S99_MSS_FVG_SHORT
s99_mss_fvg,BUY,2025-07-03 07:05:00+00:00,3360.105,3357.24,3364.4,2025-07-03 07:14:00+00:00,3357.24,SL,-3.315,2.865,-1.1571,7,S99_MSS_FVG_LONG
s99_mss_fvg,SELL,2025-07-03 10:17:00+00:00,3347.755,3349.4,3345.29,2025-07-03 10:21:00+00:00,3349.4,SL,-2.095,1.645,-1.2736,10,S99_MSS_FVG_SHORT
s99_mss_fvg,SELL,2025-07-03 12:54:00+00:00,3320.215,3328.97,3307.08,2025-07-03 13:04:00+00:00,3328.97,SL,-9.205,8.755,-1.0514,12,S99_MSS_FVG_SHORT
s99_mss_fvg,SELL,2025-07-03 14:30:00+00:00,3328.39,3331.4,3323.87,2025-07-03 14:39:00+00:00,3331.4,SL,-3.46,3.01,-1.1495,14,S99_MSS_FVG_SHORT
s99_mss_fvg,SELL,2025-07-07 10:50:00+00:00,3303.035,3305.02,3300.06,2025-07-07 11:08:00+00:00,3305.02,SL,-2.435,1.985,-1.2267,10,S99_MSS_FVG_SHORT
s99_mss_fvg,BUY,2025-07-07 14:03:00+00:00,3314.45,3311.8,3318.42,2025-07-07 14:13:00+00:00,3318.42,TP,3.52,2.65,1.3283,14,S99_MSS_FVG_LONG
s99_mss_fvg,BUY,2025-07-08 07:17:00+00:00,3337.295,3335.71,3339.67,2025-07-08 07:23:00+00:00,3335.71,SL,-2.035,1.585,-1.2839,7,S99_MSS_FVG_LONG
s99_mss_fvg,SELL,2025-07-08 11:46:00+00:00,3321.9,3324.37,3318.2,2025-07-08 11:57:00+00:00,3324.37,SL,-2.92,2.47,-1.1822,11,S99_MSS_FVG_SHORT
s99_mss_fvg,SELL,2025-07-08 15:16:00+00:00,3293.115,3295.11,3290.12,2025-07-08 15:17:00+00:00,3295.11,SL,-2.445,1.995,-1.2256,15,S99_MSS_FVG_SHORT
s99_mss_fvg,SELL,2025-07-09 08:25:00+00:00,3286.84,3289.18,3283.33,2025-07-09 08:37:00+00:00,3283.33,TP,3.06,2.34,1.3077,8,S99_MSS_FVG_SHORT
s99_mss_fvg,BUY,2025-07-09 14:00:00+00:00,3299.835,3297.7,3303.04,2025-07-09 14:03:00+00:00,3303.04,TP,2.755,2.135,1.2904,14,S99_MSS_FVG_LONG
s99_mss_fvg,BUY,2025-07-10 07:14:00+00:00,3326.985,3325.09,3329.83,2025-07-10 07:36:00+00:00,3325.09,SL,-2.345,1.895,-1.2375,7,S99_MSS_FVG_LONG
s99_mss_fvg,SELL,2025-07-10 07:56:00+00:00,3321.35,3323.11,3318.71,2025-07-10 08:36:00+00:00,3323.11,SL,-2.21,1.76,-1.2557,7,S99_MSS_FVG_SHORT
s99_mss_fvg,BUY,2025-07-10 09:14:00+00:00,3327.36,3325.44,3330.24,2025-07-10 09:35:00+00:00,3325.44,SL,-2.37,1.92,-1.2344,9,S99_MSS_FVG_LONG
s99_mss_fvg,SELL,2025-07-10 12:24:00+00:00,3321.8,3324.75,3317.38,2025-07-10 12:53:00+00:00,3324.75,SL,-3.4,2.95,-1.1525,12,S99_MSS_FVG_SHORT
s99_mss_fvg,SELL,2025-07-10 14:05:00+00:00,3314.56,3316.07,3312.29,2025-07-10 14:06:00+00:00,3316.07,SL,-1.96,1.51,-1.298,14,S99_MSS_FVG_SHORT
s99_mss_fvg,BUY,2025-07-11 06:37:00+00:00,3340.27,3336.87,3345.37,2025-07-11 06:47:00+00:00,3336.87,SL,-3.85,3.4,-1.1324,6,S99_MSS_FVG_LONG
s99_mss_fvg,SELL,2025-07-11 09:18:00+00:00,3335.615,3338.71,3330.97,2025-07-11 09:55:00+00:00,3338.71,SL,-3.545,3.095,-1.1454,9,S99_MSS_FVG_SHORT
s99_mss_fvg,SELL,2025-07-11 13:32:00+00:00,3354.085,3355.86,3351.42,2025-07-11 13:33:00+00:00,3355.86,SL,-2.225,1.775,-1.2535,13,S99_MSS_FVG_SHORT
s99_mss_fvg,BUY,2025-07-14 07:01:00+00:00,3367.05,3364.65,3370.65,2025-07-14 07:05:00+00:00,3370.65,TP,3.15,2.4,1.3125,7,S99_MSS_FVG_LONG
s99_mss_fvg,SELL,2025-07-14 12:46:00+00:00,3352.71,3355.84,3348.01,2025-07-14 13:00:00+00:00,3348.01,TP,4.25,3.13,1.3578,12,S99_MSS_FVG_SHORT
s99_mss_fvg,SELL,2025-07-14 14:26:00+00:00,3350.5,3352.22,3347.92,2025-07-14 14:29:00+00:00,3352.22,SL,-2.17,1.72,-1.2616,14,S99_MSS_FVG_SHORT
s99_mss_fvg,SELL,2025-07-14 14:49:00+00:00,3343.94,3348.23,3337.51,2025-07-14 15:08:00+00:00,3348.23,SL,-4.74,4.29,-1.1049,14,S99_MSS_FVG_SHORT
s99_mss_fvg,SELL,2025-07-15 07:03:00+00:00,3359.49,3361.29,3356.79,2025-07-15 07:15:00+00:00,3361.29,SL,-2.25,1.8,-1.25,7,S99_MSS_FVG_SHORT
s99_mss_fvg,SELL,2025-07-15 08:31:00+00:00,3359.19,3363.5,3352.73,2025-07-15 08:42:00+00:00,3363.5,SL,-4.76,4.31,-1.1044,8,S99_MSS_FVG_SHORT
s99_mss_fvg,SELL,2025-07-15 15:40:00+00:00,3330.11,3333.42,3325.15,2025-07-15 15:41:00+00:00,3333.42,SL,-3.76,3.31,-1.136,15,S99_MSS_FVG_SHORT
s99_mss_fvg,SELL,2025-07-16 13:41:00+00:00,3330.55,3335.56,3323.04,2025-07-16 13:50:00+00:00,3323.04,TP,7.06,5.01,1.4092,13,S99_MSS_FVG_SHORT
s99_mss_fvg,SELL,2025-07-17 13:21:00+00:00,3319.57,3326.96,3308.49,2025-07-17 14:17:00+00:00,3326.96,SL,-7.84,7.39,-1.0609,13,S99_MSS_FVG_SHORT
s99_mss_fvg,BUY,2025-07-18 09:15:00+00:00,3351.805,3349.24,3355.65,2025-07-18 10:04:00+00:00,3349.24,SL,-3.015,2.565,-1.1754,9,S99_MSS_FVG_LONG
s99_mss_fvg,SELL,2025-07-18 13:55:00+00:00,3356.42,3358.28,3353.63,2025-07-18 14:06:00+00:00,3358.28,SL,-2.31,1.86,-1.2419,13,S99_MSS_FVG_SHORT
s99_mss_fvg,BUY,2025-07-21 11:50:00+00:00,3373.52,3371.81,3376.09,2025-07-21 12:00:00+00:00,3376.09,TP,2.12,1.71,1.2398,11,S99_MSS_FVG_LONG
s99_mss_fvg,BUY,2025-07-22 13:15:00+00:00,3409.6,3407.27,3413.09,2025-07-22 13:17:00+00:00,3413.09,TP,3.04,2.33,1.3047,13,S99_MSS_FVG_LONG
s99_mss_fvg,BUY,2025-07-23 09:05:00+00:00,3428.385,3426.59,3431.08,2025-07-23 09:17:00+00:00,3431.08,TP,2.245,1.795,1.2507,9,S99_MSS_FVG_LONG
s99_mss_fvg,BUY,2025-07-23 09:25:00+00:00,3432.1,3430.55,3434.42,2025-07-23 09:41:00+00:00,3430.55,SL,-2.0,1.55,-1.2903,9,S99_MSS_FVG_LONG
s99_mss_fvg,SELL,2025-07-23 13:10:00+00:00,3415.635,3420.57,3408.23,2025-07-23 13:27:00+00:00,3408.23,TP,6.955,4.935,1.4093,13,S99_MSS_FVG_SHORT
s99_mss_fvg,SELL,2025-07-23 13:44:00+00:00,3412.56,3414.2,3410.1,2025-07-23 13:54:00+00:00,3414.2,SL,-2.09,1.64,-1.2744,13,S99_MSS_FVG_SHORT
s99_mss_fvg,SELL,2025-07-24 13:04:00+00:00,3355.825,3358.7,3351.51,2025-07-24 13:08:00+00:00,3358.7,SL,-3.325,2.875,-1.1565,13,S99_MSS_FVG_SHORT
s99_mss_fvg,SELL,2025-07-25 07:46:00+00:00,3354.455,3357.21,3350.32,2025-07-25 08:19:00+00:00,3350.32,TP,3.685,2.755,1.3376,7,S99_MSS_FVG_SHORT
s99_mss_fvg,SELL,2025-07-25 08:38:00+00:00,3348.22,3350.44,3344.89,2025-07-25 09:07:00+00:00,3344.89,TP,2.88,2.22,1.2973,8,S99_MSS_FVG_SHORT
s99_mss_fvg,SELL,2025-07-28 08:50:00+00:00,3333.985,3335.81,3331.25,2025-07-28 08:58:00+00:00,3335.81,SL,-2.275,1.825,-1.2466,8,S99_MSS_FVG_SHORT
s99_mss_fvg,SELL,2025-07-28 14:15:00+00:00,3309.74,3317.45,3298.17,2025-07-28 19:51:00+00:00,3317.45,SL,-8.16,7.71,-1.0584,14,S99_MSS_FVG_SHORT
s99_mss_fvg,SELL,2025-07-29 09:10:00+00:00,3324.45,3325.99,3322.14,2025-07-29 09:19:00+00:00,3322.14,TP,1.86,1.54,1.2078,9,S99_MSS_FVG_SHORT
s99_mss_fvg,SELL,2025-07-29 11:14:00+00:00,3320.285,3322.35,3317.19,2025-07-29 11:39:00+00:00,3317.19,TP,2.645,2.065,1.2809,11,S99_MSS_FVG_SHORT
s99_mss_fvg,SELL,2025-07-29 11:45:00+00:00,3317.035,3319.22,3313.76,2025-07-29 12:05:00+00:00,3319.22,SL,-2.635,2.185,-1.2059,11,S99_MSS_FVG_SHORT
s99_mss_fvg,SELL,2025-07-29 13:41:00+00:00,3317.895,3320.62,3313.81,2025-07-29 13:44:00+00:00,3320.62,SL,-3.175,2.725,-1.1651,13,S99_MSS_FVG_SHORT
s99_mss_fvg,SELL,2025-07-30 06:05:00+00:00,3325.33,3326.88,3323.0,2025-07-30 06:53:00+00:00,3326.88,SL,-2.0,1.55,-1.2903,6,S99_MSS_FVG_SHORT
s99_mss_fvg,BUY,2025-07-30 12:10:00+00:00,3329.025,3326.33,3333.07,2025-07-30 12:18:00+00:00,3326.33,SL,-3.145,2.695,-1.167,12,S99_MSS_FVG_LONG
s99_mss_fvg,SELL,2025-07-30 13:00:00+00:00,3314.07,3320.03,3305.13,2025-07-30 13:28:00+00:00,3305.13,TP,8.49,5.96,1.4245,13,S99_MSS_FVG_SHORT
s99_mss_fvg,SELL,2025-07-30 15:44:00+00:00,3293.57,3299.09,3285.29,2025-07-30 17:12:00+00:00,3299.09,SL,-5.97,5.52,-1.0815,15,S99_MSS_FVG_SHORT
s99_mss_fvg,BUY,2025-07-31 08:29:00+00:00,3310.805,3308.24,3314.65,2025-07-31 09:29:00+00:00,3308.24,SL,-3.015,2.565,-1.1754,8,S99_MSS_FVG_LONG
s99_mss_fvg,SELL,2025-07-31 11:02:00+00:00,3297.175,3299.39,3293.85,2025-07-31 11:05:00+00:00,3299.39,SL,-2.665,2.215,-1.2032,11,S99_MSS_FVG_SHORT
s99_mss_fvg,SELL,2025-08-01 06:40:00+00:00,3292.57,3294.47,3289.72,2025-08-01 07:05:00+00:00,3289.72,TP,2.4,1.9,1.2632,6,S99_MSS_FVG_SHORT
s99_mss_fvg,BUY,2025-08-01 12:52:00+00:00,3339.04,3334.32,3346.12,2025-08-01 13:10:00+00:00,3346.12,TP,6.63,4.72,1.4047,12,S99_MSS_FVG_LONG
s99_mss_fvg,BUY,2025-08-01 13:32:00+00:00,3349.32,3344.54,3356.49,2025-08-01 13:37:00+00:00,3344.54,SL,-5.23,4.78,-1.0941,13,S99_MSS_FVG_LONG
s99_mss_fvg,BUY,2025-08-01 15:36:00+00:00,3348.725,3345.82,3353.08,2025-08-01 16:05:00+00:00,3345.82,SL,-3.355,2.905,-1.1549,15,S99_MSS_FVG_LONG
s99_mss_fvg,SELL,2025-08-04 06:33:00+00:00,3356.515,3358.14,3354.08,2025-08-04 06:38:00+00:00,3358.14,SL,-2.075,1.625,-1.2769,6,S99_MSS_FVG_SHORT
s99_mss_fvg,BUY,2025-08-04 13:28:00+00:00,3374.47,3372.91,3376.81,2025-08-04 13:30:00+00:00,3376.81,TP,1.89,1.56,1.2115,13,S99_MSS_FVG_LONG
s99_mss_fvg,SELL,2025-08-04 14:56:00+00:00,3373.82,3377.42,3368.42,2025-08-04 16:12:00+00:00,3377.42,SL,-4.05,3.6,-1.125,14,S99_MSS_FVG_SHORT
s99_mss_fvg,SELL,2025-08-06 10:08:00+00:00,3361.05,3362.8,3358.43,2025-08-06 10:14:00+00:00,3362.8,SL,-2.2,1.75,-1.2571,10,S99_MSS_FVG_SHORT
s99_mss_fvg,BUY,2025-08-06 13:32:00+00:00,3367.165,3364.48,3371.19,2025-08-06 13:51:00+00:00,3371.19,TP,3.575,2.685,1.3315,13,S99_MSS_FVG_LONG
s99_mss_fvg,BUY,2025-08-06 14:00:00+00:00,3371.065,3367.43,3376.52,2025-08-06 14:27:00+00:00,3376.52,TP,5.005,3.635,1.3769,14,S99_MSS_FVG_LONG
s99_mss_fvg,SELL,2025-08-07 11:00:00+00:00,3373.42,3375.5,3370.3,2025-08-07 11:10:00+00:00,3375.5,SL,-2.53,2.08,-1.2163,11,S99_MSS_FVG_SHORT
s99_mss_fvg,SELL,2025-08-08 06:40:00+00:00,3392.145,3393.84,3389.6,2025-08-08 06:42:00+00:00,3389.6,TP,2.095,1.695,1.236,6,S99_MSS_FVG_SHORT
s99_mss_fvg,BUY,2025-08-08 07:10:00+00:00,3397.685,3394.66,3402.22,2025-08-08 07:22:00+00:00,3394.66,SL,-3.475,3.025,-1.1488,7,S99_MSS_FVG_LONG
s99_mss_fvg,SELL,2025-08-11 06:10:00+00:00,3374.58,3377.53,3370.15,2025-08-11 06:23:00+00:00,3370.15,TP,3.98,2.95,1.3492,6,S99_MSS_FVG_SHORT
s99_mss_fvg,SELL,2025-08-11 06:36:00+00:00,3368.525,3370.03,3366.27,2025-08-11 06:38:00+00:00,3366.27,TP,1.805,1.505,1.1993,6,S99_MSS_FVG_SHORT
s99_mss_fvg,SELL,2025-08-11 07:13:00+00:00,3363.6,3366.25,3359.62,2025-08-11 07:27:00+00:00,3366.25,SL,-3.1,2.65,-1.1698,7,S99_MSS_FVG_SHORT
s99_mss_fvg,SELL,2025-08-11 10:01:00+00:00,3355.27,3358.19,3350.89,2025-08-11 10:06:00+00:00,3358.19,SL,-3.37,2.92,-1.1541,10,S99_MSS_FVG_SHORT
s99_mss_fvg,SELL,2025-08-11 14:50:00+00:00,3349.02,3350.62,3346.62,2025-08-11 14:54:00+00:00,3346.62,TP,1.95,1.6,1.2188,14,S99_MSS_FVG_SHORT
s99_mss_fvg,SELL,2025-08-12 14:25:00+00:00,3335.105,3337.17,3332.01,2025-08-12 14:26:00+00:00,3337.17,SL,-2.515,2.065,-1.2179,14,S99_MSS_FVG_SHORT
s99_mss_fvg,BUY,2025-08-12 15:53:00+00:00,3350.02,3347.75,3353.43,2025-08-12 16:13:00+00:00,3347.75,SL,-2.72,2.27,-1.1982,15,S99_MSS_FVG_LONG
s99_mss_fvg,BUY,2025-08-14 09:44:00+00:00,3354.805,3353.01,3357.5,2025-08-14 09:52:00+00:00,3357.5,TP,2.245,1.795,1.2507,9,S99_MSS_FVG_LONG
s99_mss_fvg,SELL,2025-08-14 10:53:00+00:00,3354.53,3357.67,3349.82,2025-08-14 12:07:00+00:00,3357.67,SL,-3.59,3.14,-1.1433,10,S99_MSS_FVG_SHORT
s99_mss_fvg,SELL,2025-08-14 13:31:00+00:00,3347.955,3352.3,3341.44,2025-08-14 14:05:00+00:00,3341.44,TP,6.065,4.345,1.3959,13,S99_MSS_FVG_SHORT
s99_mss_fvg,SELL,2025-08-14 14:15:00+00:00,3339.585,3342.71,3334.9,2025-08-14 14:18:00+00:00,3342.71,SL,-3.575,3.125,-1.144,14,S99_MSS_FVG_SHORT
s99_mss_fvg,SELL,2025-08-14 15:16:00+00:00,3338.845,3340.49,3336.38,2025-08-14 15:24:00+00:00,3336.38,TP,2.015,1.645,1.2249,15,S99_MSS_FVG_SHORT
s99_mss_fvg,SELL,2025-08-19 13:15:00+00:00,3330.725,3334.07,3325.71,2025-08-19 13:32:00+00:00,3334.07,SL,-3.795,3.345,-1.1345,13,S99_MSS_FVG_SHORT
s99_mss_fvg,SELL,2025-08-19 14:56:00+00:00,3324.285,3326.24,3321.35,2025-08-19 15:00:00+00:00,3326.24,SL,-2.405,1.955,-1.2302,14,S99_MSS_FVG_SHORT
s99_mss_fvg,BUY,2025-08-20 10:35:00+00:00,3326.95,3325.45,3329.2,2025-08-20 11:15:00+00:00,3329.2,TP,1.8,1.5,1.2,10,S99_MSS_FVG_LONG
s99_mss_fvg,BUY,2025-08-21 13:25:00+00:00,3344.15,3342.34,3346.86,2025-08-21 13:30:00+00:00,3346.86,TP,2.26,1.81,1.2486,13,S99_MSS_FVG_LONG
s99_mss_fvg,BUY,2025-08-22 15:45:00+00:00,3371.28,3365.55,3379.88,2025-08-24 22:05:00+00:00,3369.87,TIME,-1.86,5.73,-0.3246,15,S99_MSS_FVG_LONG
s99_mss_fvg,BUY,2025-08-26 08:38:00+00:00,3378.49,3376.88,3380.9,2025-08-26 08:59:00+00:00,3376.88,SL,-2.06,1.61,-1.2795,8,S99_MSS_FVG_LONG
s99_mss_fvg,BUY,2025-08-28 06:10:00+00:00,3391.21,3389.04,3394.47,2025-08-28 06:18:00+00:00,3389.04,SL,-2.62,2.17,-1.2074,6,S99_MSS_FVG_LONG
s99_mss_fvg,BUY,2025-08-28 06:47:00+00:00,3393.85,3391.27,3397.72,2025-08-28 07:16:00+00:00,3397.72,TP,3.42,2.58,1.3256,6,S99_MSS_FVG_LONG
s99_mss_fvg,SELL,2025-08-28 10:28:00+00:00,3396.52,3399.51,3392.03,2025-08-28 11:20:00+00:00,3399.51,SL,-3.44,2.99,-1.1505,10,S99_MSS_FVG_SHORT
s99_mss_fvg,BUY,2025-08-28 11:59:00+00:00,3404.085,3401.62,3407.78,2025-08-28 12:07:00+00:00,3407.78,TP,3.245,2.465,1.3164,11,S99_MSS_FVG_LONG
s99_mss_fvg,BUY,2025-08-29 15:25:00+00:00,3444.33,3442.12,3447.64,2025-08-29 15:43:00+00:00,3447.64,TP,2.86,2.21,1.2941,15,S99_MSS_FVG_LONG
s99_mss_fvg,BUY,2025-09-01 13:18:00+00:00,3475.43,3471.37,3481.52,2025-09-01 14:22:00+00:00,3481.52,TP,5.64,4.06,1.3892,13,S99_MSS_FVG_LONG
s99_mss_fvg,SELL,2025-09-02 06:31:00+00:00,3487.055,3489.39,3483.55,2025-09-02 06:35:00+00:00,3489.39,SL,-2.785,2.335,-1.1927,6,S99_MSS_FVG_SHORT
s99_mss_fvg,SELL,2025-09-02 08:35:00+00:00,3478.735,3480.85,3475.56,2025-09-02 08:46:00+00:00,3480.85,SL,-2.565,2.115,-1.2128,8,S99_MSS_FVG_SHORT
s99_mss_fvg,BUY,2025-09-02 10:21:00+00:00,3480.5,3476.74,3486.14,2025-09-02 11:00:00+00:00,3486.14,TP,5.19,3.76,1.3803,10,S99_MSS_FVG_LONG
s99_mss_fvg,BUY,2025-09-02 14:50:00+00:00,3508.875,3504.23,3515.84,2025-09-02 15:07:00+00:00,3515.84,TP,6.515,4.645,1.4026,14,S99_MSS_FVG_LONG
s99_mss_fvg,BUY,2025-09-03 08:13:00+00:00,3537.09,3534.62,3540.8,2025-09-03 08:29:00+00:00,3540.8,TP,3.26,2.47,1.3198,8,S99_MSS_FVG_LONG
s99_mss_fvg,BUY,2025-09-03 11:20:00+00:00,3545.475,3543.11,3549.02,2025-09-03 11:34:00+00:00,3549.02,TP,3.095,2.365,1.3087,11,S99_MSS_FVG_LONG
s99_mss_fvg,BUY,2025-09-03 14:31:00+00:00,3562.105,3559.94,3565.35,2025-09-03 14:33:00+00:00,3559.94,SL,-2.615,2.165,-1.2079,14,S99_MSS_FVG_LONG
s99_mss_fvg,BUY,2025-09-04 06:37:00+00:00,3536.88,3534.1,3541.05,2025-09-04 07:01:00+00:00,3534.1,SL,-3.23,2.78,-1.1619,6,S99_MSS_FVG_LONG
s99_mss_fvg,BUY,2025-09-04 08:16:00+00:00,3542.94,3540.76,3546.21,2025-09-04 08:21:00+00:00,3540.76,SL,-2.63,2.18,-1.2064,8,S99_MSS_FVG_LONG
s99_mss_fvg,SELL,2025-09-04 08:56:00+00:00,3539.68,3541.62,3536.77,2025-09-04 08:57:00+00:00,3541.62,SL,-2.39,1.94,-1.232,8,S99_MSS_FVG_SHORT
s99_mss_fvg,BUY,2025-09-04 10:18:00+00:00,3542.975,3540.61,3546.52,2025-09-04 10:21:00+00:00,3540.61,SL,-2.815,2.365,-1.1903,10,S99_MSS_FVG_LONG
s99_mss_fvg,BUY,2025-09-04 11:57:00+00:00,3543.56,3541.68,3546.38,2025-09-04 12:00:00+00:00,3546.38,TP,2.37,1.88,1.2606,11,S99_MSS_FVG_LONG
s99_mss_fvg,BUY,2025-09-04 13:30:00+00:00,3552.175,3549.66,3555.95,2025-09-04 13:36:00+00:00,3555.95,TP,3.325,2.515,1.3221,13,S99_MSS_FVG_LONG
s99_mss_fvg,BUY,2025-09-05 12:47:00+00:00,3574.295,3554.53,3603.94,2025-09-05 20:47:00+00:00,3589.19,TIME,14.445,19.765,0.7308,12,S99_MSS_FVG_LONG
s99_mss_fvg,BUY,2025-09-08 07:48:00+00:00,3610.22,3608.45,3612.88,2025-09-08 07:49:00+00:00,3608.45,SL,-2.22,1.77,-1.2542,7,S99_MSS_FVG_LONG
s99_mss_fvg,BUY,2025-09-08 08:27:00+00:00,3611.99,3609.18,3616.2,2025-09-08 09:01:00+00:00,3609.18,SL,-3.26,2.81,-1.1601,8,S99_MSS_FVG_LONG
s99_mss_fvg,BUY,2025-09-08 13:06:00+00:00,3623.745,3620.98,3627.89,2025-09-08 13:07:00+00:00,3627.89,TP,3.695,2.765,1.3363,13,S99_MSS_FVG_LONG
s99_mss_fvg,BUY,2025-09-08 15:26:00+00:00,3640.56,3638.56,3643.56,2025-09-08 15:27:00+00:00,3638.56,SL,-2.45,2.0,-1.225,15,S99_MSS_FVG_LONG
s99_mss_fvg,BUY,2025-09-09 09:25:00+00:00,3654.275,3650.49,3659.95,2025-09-09 10:40:00+00:00,3650.49,SL,-4.235,3.785,-1.1189,9,S99_MSS_FVG_LONG
s99_mss_fvg,BUY,2025-09-09 12:17:00+00:00,3652.655,3650.58,3655.77,2025-09-09 12:21:00+00:00,3650.58,SL,-2.525,2.075,-1.2169,12,S99_MSS_FVG_LONG
s99_mss_fvg,SELL,2025-09-09 15:21:00+00:00,3636.235,3641.13,3628.89,2025-09-09 15:28:00+00:00,3641.13,SL,-5.345,4.895,-1.0919,15,S99_MSS_FVG_SHORT
s99_mss_fvg,BUY,2025-09-10 06:24:00+00:00,3645.85,3644.3,3648.17,2025-09-10 06:29:00+00:00,3644.3,SL,-2.0,1.55,-1.2903,6,S99_MSS_FVG_LONG
s99_mss_fvg,BUY,2025-09-10 10:08:00+00:00,3653.68,3650.83,3657.95,2025-09-10 11:04:00+00:00,3650.83,SL,-3.3,2.85,-1.1579,10,S99_MSS_FVG_LONG
s99_mss_fvg,BUY,2025-09-10 13:46:00+00:00,3648.67,3646.9,3651.32,2025-09-10 13:53:00+00:00,3651.32,TP,2.2,1.77,1.2429,13,S99_MSS_FVG_LONG
s99_mss_fvg,SELL,2025-09-10 14:56:00+00:00,3646.93,3649.27,3643.42,2025-09-10 15:23:00+00:00,3643.42,TP,3.06,2.34,1.3077,14,S99_MSS_FVG_SHORT
s99_mss_fvg,SELL,2025-09-11 09:33:00+00:00,3619.635,3621.96,3616.15,2025-09-11 09:49:00+00:00,3621.96,SL,-2.775,2.325,-1.1935,9,S99_MSS_FVG_SHORT
s99_mss_fvg,BUY,2025-09-11 09:55:00+00:00,3620.96,3619.38,3623.33,2025-09-11 10:20:00+00:00,3623.33,TP,1.92,1.58,1.2152,9,S99_MSS_FVG_LONG
s99_mss_fvg,BUY,2025-09-11 15:30:00+00:00,3636.14,3633.51,3640.08,2025-09-11 15:45:00+00:00,3633.51,SL,-3.08,2.63,-1.1711,15,S99_MSS_FVG_LONG
s99_mss_fvg,SELL,2025-09-12 08:27:00+00:00,3645.96,3649.7,3640.35,2025-09-12 08:54:00+00:00,3640.35,TP,5.16,3.74,1.3797,8,S99_MSS_FVG_SHORT
s99_mss_fvg,SELL,2025-09-15 07:06:00+00:00,3636.85,3638.36,3634.58,2025-09-15 07:18:00+00:00,3634.58,TP,1.82,1.51,1.2053,7,S99_MSS_FVG_SHORT
s99_mss_fvg,BUY,2025-09-15 12:58:00+00:00,3648.025,3644.54,3653.25,2025-09-15 13:20:00+00:00,3653.25,TP,4.775,3.485,1.3702,12,S99_MSS_FVG_LONG
s99_mss_fvg,BUY,2025-09-15 13:47:00+00:00,3661.195,3655.14,3670.28,2025-09-15 14:00:00+00:00,3655.14,SL,-6.505,6.055,-1.0743,13,S99_MSS_FVG_LONG
s99_mss_fvg,SELL,2025-09-16 07:46:00+00:00,3688.55,3690.38,3685.81,2025-09-16 08:10:00+00:00,3690.38,SL,-2.28,1.83,-1.2459,7,S99_MSS_FVG_SHORT
s99_mss_fvg,BUY,2025-09-16 08:26:00+00:00,3694.1,3689.01,3701.73,2025-09-16 12:30:00+00:00,3689.01,SL,-5.54,5.09,-1.0884,8,S99_MSS_FVG_LONG
s99_mss_fvg,BUY,2025-09-16 14:32:00+00:00,3691.135,3687.63,3696.39,2025-09-16 14:51:00+00:00,3687.63,SL,-3.955,3.505,-1.1284,14,S99_MSS_FVG_LONG
s99_mss_fvg,BUY,2025-09-17 09:33:00+00:00,3668.285,3665.84,3671.95,2025-09-17 10:05:00+00:00,3665.84,SL,-2.895,2.445,-1.184,9,S99_MSS_FVG_LONG
s99_mss_fvg,SELL,2025-09-17 10:15:00+00:00,3665.375,3667.87,3661.63,2025-09-17 10:19:00+00:00,3667.87,SL,-2.945,2.495,-1.1804,10,S99_MSS_FVG_SHORT
s99_mss_fvg,BUY,2025-09-17 13:40:00+00:00,3679.565,3676.24,3684.55,2025-09-17 14:17:00+00:00,3684.55,TP,4.535,3.325,1.3639,13,S99_MSS_FVG_LONG
s99_mss_fvg,BUY,2025-09-17 14:20:00+00:00,3682.845,3680.99,3685.63,2025-09-17 14:40:00+00:00,3685.63,TP,2.335,1.855,1.2588,14,S99_MSS_FVG_LONG
s99_mss_fvg,SELL,2025-09-18 06:29:00+00:00,3639.545,3641.69,3636.33,2025-09-18 06:31:00+00:00,3636.33,TP,2.765,2.145,1.289,6,S99_MSS_FVG_SHORT
s99_mss_fvg,BUY,2025-09-18 08:05:00+00:00,3657.09,3652.87,3663.42,2025-09-18 08:53:00+00:00,3663.42,TP,5.88,4.22,1.3934,8,S99_MSS_FVG_LONG
s99_mss_fvg,BUY,2025-09-18 09:30:00+00:00,3670.885,3668.53,3674.42,2025-09-18 10:09:00+00:00,3668.53,SL,-2.805,2.355,-1.1911,9,S99_MSS_FVG_LONG
s99_mss_fvg,SELL,2025-09-18 11:35:00+00:00,3666.835,3668.4,3664.49,2025-09-18 11:36:00+00:00,3668.4,SL,-2.015,1.565,-1.2875,11,S99_MSS_FVG_SHORT
s99_mss_fvg,SELL,2025-09-18 13:50:00+00:00,3637.465,3639.62,3634.23,2025-09-18 13:51:00+00:00,3639.62,SL,-2.605,2.155,-1.2088,13,S99_MSS_FVG_SHORT
s99_mss_fvg,SELL,2025-09-19 06:25:00+00:00,3649.69,3652.11,3646.06,2025-09-19 06:33:00+00:00,3646.06,TP,3.18,2.42,1.314,6,S99_MSS_FVG_SHORT
s99_mss_fvg,SELL,2025-09-19 06:42:00+00:00,3647.715,3650.21,3643.97,2025-09-19 07:00:00+00:00,3650.21,SL,-2.945,2.495,-1.1804,6,S99_MSS_FVG_SHORT
s99_mss_fvg,BUY,2025-09-19 07:55:00+00:00,3654.92,3652.48,3658.58,2025-09-19 08:07:00+00:00,3652.48,SL,-2.89,2.44,-1.1844,7,S99_MSS_FVG_LONG
s99_mss_fvg,BUY,2025-09-22 06:54:00+00:00,3715.26,3713.65,3717.68,2025-09-22 06:57:00+00:00,3713.65,SL,-2.06,1.61,-1.2795,6,S99_MSS_FVG_LONG
s99_mss_fvg,BUY,2025-09-22 09:31:00+00:00,3723.37,3721.26,3726.53,2025-09-22 09:32:00+00:00,3721.26,SL,-2.56,2.11,-1.2133,9,S99_MSS_FVG_LONG
s99_mss_fvg,SELL,2025-09-22 11:52:00+00:00,3724.31,3725.88,3721.95,2025-09-22 11:55:00+00:00,3721.95,TP,1.91,1.57,1.2166,11,S99_MSS_FVG_SHORT
s99_mss_fvg,BUY,2025-09-22 15:00:00+00:00,3724.02,3720.08,3729.93,2025-09-22 15:28:00+00:00,3729.93,TP,5.46,3.94,1.3858,15,S99_MSS_FVG_LONG
s99_mss_fvg,BUY,2025-09-22 15:37:00+00:00,3731.19,3728.68,3734.96,2025-09-22 15:48:00+00:00,3734.96,TP,3.32,2.51,1.3227,15,S99_MSS_FVG_LONG
s99_mss_fvg,SELL,2025-09-23 07:12:00+00:00,3751.785,3754.11,3748.3,2025-09-23 07:24:00+00:00,3754.11,SL,-2.775,2.325,-1.1935,7,S99_MSS_FVG_SHORT
s99_mss_fvg,BUY,2025-09-23 11:33:00+00:00,3784.435,3782.89,3786.75,2025-09-23 11:37:00+00:00,3782.89,SL,-1.995,1.545,-1.2913,11,S99_MSS_FVG_LONG
s99_mss_fvg,SELL,2025-09-23 13:56:00+00:00,3779.395,3784.01,3772.47,2025-09-23 13:57:00+00:00,3784.01,SL,-5.065,4.615,-1.0975,13,S99_MSS_FVG_SHORT
s99_mss_fvg,SELL,2025-09-23 14:30:00+00:00,3773.495,3777.52,3767.46,2025-09-23 15:12:00+00:00,3777.52,SL,-4.475,4.025,-1.1118,14,S99_MSS_FVG_SHORT
s99_mss_fvg,BUY,2025-09-23 15:21:00+00:00,3778.585,3775.36,3783.42,2025-09-23 15:55:00+00:00,3775.36,SL,-3.675,3.225,-1.1395,15,S99_MSS_FVG_LONG
s99_mss_fvg,BUY,2025-09-25 06:24:00+00:00,3745.735,3740.89,3753.0,2025-09-25 06:41:00+00:00,3740.89,SL,-5.295,4.845,-1.0929,6,S99_MSS_FVG_LONG
s99_mss_fvg,BUY,2025-09-25 09:55:00+00:00,3757.605,3755.72,3760.43,2025-09-25 09:57:00+00:00,3755.72,SL,-2.335,1.885,-1.2387,9,S99_MSS_FVG_LONG
s99_mss_fvg,SELL,2025-09-25 12:55:00+00:00,3736.39,3737.92,3734.09,2025-09-25 12:56:00+00:00,3737.92,SL,-1.98,1.53,-1.2941,12,S99_MSS_FVG_SHORT
s99_mss_fvg,SELL,2025-09-25 13:57:00+00:00,3729.07,3732.32,3724.2,2025-09-25 13:59:00+00:00,3732.32,SL,-3.7,3.25,-1.1385,13,S99_MSS_FVG_SHORT
s99_mss_fvg,BUY,2025-09-25 14:27:00+00:00,3731.76,3729.66,3734.91,2025-09-25 14:37:00+00:00,3729.66,SL,-2.55,2.1,-1.2143,14,S99_MSS_FVG_LONG
s99_mss_fvg,BUY,2025-09-25 15:22:00+00:00,3734.985,3730.7,3741.41,2025-09-25 15:29:00+00:00,3730.7,SL,-4.735,4.285,-1.105,15,S99_MSS_FVG_LONG
s99_mss_fvg,BUY,2025-09-26 06:22:00+00:00,3751.13,3747.84,3756.07,2025-09-26 06:41:00+00:00,3747.84,SL,-3.74,3.29,-1.1368,6,S99_MSS_FVG_LONG
s99_mss_fvg,BUY,2025-09-26 13:19:00+00:00,3761.505,3754.83,3771.52,2025-09-26 13:24:00+00:00,3754.83,SL,-7.125,6.675,-1.0674,13,S99_MSS_FVG_LONG
s99_mss_fvg,BUY,2025-09-26 14:43:00+00:00,3776.04,3773.62,3779.67,2025-09-26 14:47:00+00:00,3773.62,SL,-2.87,2.42,-1.186,14,S99_MSS_FVG_LONG
s99_mss_fvg,BUY,2025-09-29 12:21:00+00:00,3821.085,3818.52,3824.93,2025-09-29 12:27:00+00:00,3818.52,SL,-3.015,2.565,-1.1754,12,S99_MSS_FVG_LONG
s99_mss_fvg,BUY,2025-09-29 15:50:00+00:00,3830.185,3828.64,3832.5,2025-09-29 15:53:00+00:00,3832.5,TP,1.865,1.545,1.2071,15,S99_MSS_FVG_LONG
s99_mss_fvg,SELL,2025-09-30 08:46:00+00:00,3819.355,3825.15,3810.66,2025-09-30 09:10:00+00:00,3810.66,TP,8.245,5.795,1.4228,8,S99_MSS_FVG_SHORT
s99_mss_fvg,SELL,2025-09-30 09:31:00+00:00,3806.645,3812.68,3797.59,2025-09-30 09:46:00+00:00,3797.59,TP,8.605,6.035,1.4258,9,S99_MSS_FVG_SHORT
s99_mss_fvg,BUY,2025-09-30 10:58:00+00:00,3812.69,3809.61,3817.31,2025-09-30 11:06:00+00:00,3809.61,SL,-3.53,3.08,-1.1461,10,S99_MSS_FVG_LONG
s99_mss_fvg,BUY,2025-09-30 11:45:00+00:00,3814.2,3809.37,3821.44,2025-09-30 12:43:00+00:00,3809.37,SL,-5.28,4.83,-1.0932,11,S99_MSS_FVG_LONG
s99_mss_fvg,BUY,2025-09-30 13:54:00+00:00,3824.74,3822.63,3827.9,2025-09-30 13:58:00+00:00,3822.63,SL,-2.56,2.11,-1.2133,13,S99_MSS_FVG_LONG
s99_mss_fvg,BUY,2025-09-30 14:34:00+00:00,3842.81,3837.47,3850.82,2025-09-30 14:53:00+00:00,3850.82,TP,7.56,5.34,1.4157,14,S99_MSS_FVG_LONG
s99_mss_fvg,BUY,2025-09-30 15:00:00+00:00,3852.51,3849.16,3857.54,2025-09-30 15:02:00+00:00,3849.16,SL,-3.8,3.35,-1.1343,15,S99_MSS_FVG_LONG
s99_mss_fvg,BUY,2025-10-01 08:25:00+00:00,3892.19,3888.39,3897.89,2025-10-01 08:33:00+00:00,3888.39,SL,-4.25,3.8,-1.1184,8,S99_MSS_FVG_LONG
s99_mss_fvg,SELL,2025-10-01 09:39:00+00:00,3887.42,3889.36,3884.51,2025-10-01 09:41:00+00:00,3889.36,SL,-2.39,1.94,-1.232,9,S99_MSS_FVG_SHORT
s99_mss_fvg,BUY,2025-10-02 10:32:00+00:00,3881.32,3879.46,3884.11,2025-10-02 10:40:00+00:00,3879.46,SL,-2.31,1.86,-1.2419,10,S99_MSS_FVG_LONG
s99_mss_fvg,BUY,2025-10-02 13:16:00+00:00,3888.02,3883.98,3894.08,2025-10-02 13:30:00+00:00,3894.08,TP,5.61,4.04,1.3886,13,S99_MSS_FVG_LONG
s99_mss_fvg,SELL,2025-10-02 13:45:00+00:00,3885.77,3891.74,3876.82,2025-10-02 13:50:00+00:00,3876.82,TP,8.5,5.97,1.4238,13,S99_MSS_FVG_SHORT
s99_mss_fvg,SELL,2025-10-02 15:42:00+00:00,3830.97,3836.24,3823.06,2025-10-02 15:45:00+00:00,3836.24,SL,-5.72,5.27,-1.0854,15,S99_MSS_FVG_SHORT
s99_mss_fvg,SELL,2025-10-03 06:07:00+00:00,3855.49,3857.05,3853.15,2025-10-03 06:09:00+00:00,3857.05,SL,-2.01,1.56,-1.2885,6,S99_MSS_FVG_SHORT
s99_mss_fvg,BUY,2025-10-03 06:46:00+00:00,3857.54,3854.8,3861.65,2025-10-03 07:22:00+00:00,3861.65,TP,3.66,2.74,1.3358,6,S99_MSS_FVG_LONG
s99_mss_fvg,BUY,2025-10-03 12:52:00+00:00,3869.665,3867.98,3872.19,2025-10-03 12:57:00+00:00,3872.19,TP,2.075,1.685,1.2315,12,S99_MSS_FVG_LONG
s99_mss_fvg,BUY,2025-10-03 15:32:00+00:00,3885.05,3880.2,3892.33,2025-10-03 17:51:00+00:00,3880.2,SL,-5.3,4.85,-1.0928,15,S99_MSS_FVG_LONG
s99_mss_fvg,BUY,2025-10-06 07:21:00+00:00,3930.755,3927.62,3935.46,2025-10-06 07:38:00+00:00,3935.46,TP,4.255,3.135,1.3573,7,S99_MSS_FVG_LONG
s99_mss_fvg,BUY,2025-10-06 08:20:00+00:00,3944.83,3943.26,3947.18,2025-10-06 08:22:00+00:00,3947.18,TP,1.9,1.57,1.2102,8,S99_MSS_FVG_LONG
s99_mss_fvg,BUY,2025-10-06 10:49:00+00:00,3943.005,3941.47,3945.31,2025-10-06 11:01:00+00:00,3941.47,SL,-1.985,1.535,-1.2932,10,S99_MSS_FVG_LONG
s99_mss_fvg,BUY,2025-10-06 14:06:00+00:00,3940.645,3938.34,3944.1,2025-10-06 14:07:00+00:00,3944.1,TP,3.005,2.305,1.3037,14,S99_MSS_FVG_LONG
s99_mss_fvg,BUY,2025-10-06 15:09:00+00:00,3951.375,3948.57,3955.58,2025-10-06 15:15:00+00:00,3955.58,TP,3.755,2.805,1.3387,15,S99_MSS_FVG_LONG
s99_mss_fvg,BUY,2025-10-07 09:29:00+00:00,3957.585,3954.41,3962.35,2025-10-07 09:33:00+00:00,3962.35,TP,4.315,3.175,1.3591,9,S99_MSS_FVG_LONG
s99_mss_fvg,BUY,2025-10-07 13:16:00+00:00,3981.36,3979.32,3984.42,2025-10-07 13:18:00+00:00,3984.42,TP,2.61,2.04,1.2794,13,S99_MSS_FVG_LONG
s99_mss_fvg,BUY,2025-10-07 14:44:00+00:00,3981.13,3977.38,3986.76,2025-10-07 14:56:00+00:00,3986.76,TP,5.18,3.75,1.3813,14,S99_MSS_FVG_LONG
s99_mss_fvg,SELL,2025-10-08 06:27:00+00:00,4025.915,4028.23,4022.44,2025-10-08 06:29:00+00:00,4028.23,SL,-2.765,2.315,-1.1944,6,S99_MSS_FVG_SHORT
s99_mss_fvg,BUY,2025-10-08 15:06:00+00:00,4046.14,4044.55,4048.52,2025-10-08 15:07:00+00:00,4048.52,TP,1.93,1.59,1.2138,15,S99_MSS_FVG_LONG
s99_mss_fvg,BUY,2025-10-09 08:21:00+00:00,4034.295,4031.79,4038.05,2025-10-09 08:36:00+00:00,4038.05,TP,3.305,2.505,1.3194,8,S99_MSS_FVG_LONG
s99_mss_fvg,BUY,2025-10-09 13:16:00+00:00,4051.06,4049.49,4053.41,2025-10-09 13:17:00+00:00,4049.49,SL,-2.02,1.57,-1.2866,13,S99_MSS_FVG_LONG
s99_mss_fvg,SELL,2025-10-09 14:48:00+00:00,4016.815,4024.25,4005.66,2025-10-09 14:52:00+00:00,4024.25,SL,-7.885,7.435,-1.0605,14,S99_MSS_FVG_SHORT
s99_mss_fvg,SELL,2025-10-09 15:41:00+00:00,4012.43,4017.61,4004.66,2025-10-09 16:00:00+00:00,4017.61,SL,-5.63,5.18,-1.0869,15,S99_MSS_FVG_SHORT
s99_mss_fvg,SELL,2025-10-10 07:15:00+00:00,3959.365,3961.6,3956.01,2025-10-10 07:19:00+00:00,3961.6,SL,-2.685,2.235,-1.2013,7,S99_MSS_FVG_SHORT
s99_mss_fvg,BUY,2025-10-10 08:00:00+00:00,3971.935,3967.57,3978.48,2025-10-10 08:04:00+00:00,3978.48,TP,6.095,4.365,1.3963,8,S99_MSS_FVG_LONG
s99_mss_fvg,BUY,2025-10-10 08:51:00+00:00,3990.695,3987.06,3996.15,2025-10-10 09:08:00+00:00,3996.15,TP,5.005,3.635,1.3769,8,S99_MSS_FVG_LONG
s99_mss_fvg,BUY,2025-10-10 09:17:00+00:00,3996.185,3994.53,3998.67,2025-10-10 09:18:00+00:00,3994.53,SL,-2.105,1.655,-1.2719,9,S99_MSS_FVG_LONG
s99_mss_fvg,BUY,2025-10-10 09:51:00+00:00,4001.465,3998.64,4005.7,2025-10-10 09:53:00+00:00,3998.64,SL,-3.275,2.825,-1.1593,9,S99_MSS_FVG_LONG
s99_mss_fvg,BUY,2025-10-13 07:30:00+00:00,4073.77,4071.38,4077.35,2025-10-13 07:31:00+00:00,4071.38,SL,-2.84,2.39,-1.1883,7,S99_MSS_FVG_LONG
s99_mss_fvg,BUY,2025-10-13 09:12:00+00:00,4075.175,4073.52,4077.66,2025-10-13 09:23:00+00:00,4073.52,SL,-2.105,1.655,-1.2719,9,S99_MSS_FVG_LONG
s99_mss_fvg,SELL,2025-10-13 12:20:00+00:00,4079.1,4081.06,4076.16,2025-10-13 12:21:00+00:00,4081.06,SL,-2.41,1.96,-1.2296,12,S99_MSS_FVG_SHORT
s99_mss_fvg,BUY,2025-10-13 14:08:00+00:00,4091.205,4088.72,4094.93,2025-10-13 14:09:00+00:00,4094.93,TP,3.275,2.485,1.3179,14,S99_MSS_FVG_LONG
s99_mss_fvg,BUY,2025-10-14 07:32:00+00:00,4120.065,4111.3,4133.21,2025-10-14 08:10:00+00:00,4133.21,TP,12.695,8.765,1.4484,7,S99_MSS_FVG_LONG
s99_mss_fvg,BUY,2025-10-14 08:34:00+00:00,4138.13,4131.12,4148.65,2025-10-14 08:42:00+00:00,4131.12,SL,-7.46,7.01,-1.0642,8,S99_MSS_FVG_LONG
s99_mss_fvg,SELL,2025-10-14 10:21:00+00:00,4134.025,4136.56,4130.22,2025-10-14 10:23:00+00:00,4136.56,SL,-2.985,2.535,-1.1775,10,S99_MSS_FVG_SHORT
s99_mss_fvg,BUY,2025-10-14 13:50:00+00:00,4121.685,4118.57,4126.36,2025-10-14 13:51:00+00:00,4118.57,SL,-3.565,3.115,-1.1445,13,S99_MSS_FVG_LONG
s99_mss_fvg,BUY,2025-10-14 15:20:00+00:00,4137.445,4134.22,4142.28,2025-10-14 15:34:00+00:00,4142.28,TP,4.385,3.225,1.3597,15,S99_MSS_FVG_LONG
s99_mss_fvg,BUY,2025-10-15 07:00:00+00:00,4197.99,4196.47,4200.27,2025-10-15 07:01:00+00:00,4196.47,SL,-1.97,1.52,-1.2961,7,S99_MSS_FVG_LONG
s99_mss_fvg,BUY,2025-10-15 08:25:00+00:00,4212.715,4209.12,4218.11,2025-10-15 08:26:00+00:00,4209.12,SL,-4.045,3.595,-1.1252,8,S99_MSS_FVG_LONG
s99_mss_fvg,SELL,2025-10-15 09:28:00+00:00,4192.895,4203.99,4176.25,2025-10-15 10:16:00+00:00,4203.99,SL,-11.545,11.095,-1.0406,9,S99_MSS_FVG_SHORT
s99_mss_fvg,SELL,2025-10-15 10:52:00+00:00,4198.865,4200.96,4195.72,2025-10-15 10:54:00+00:00,4200.96,SL,-2.545,2.095,-1.2148,10,S99_MSS_FVG_SHORT
s99_mss_fvg,BUY,2025-10-15 13:20:00+00:00,4193.49,4189.13,4200.03,2025-10-15 13:23:00+00:00,4189.13,SL,-4.81,4.36,-1.1032,13,S99_MSS_FVG_LONG
s99_mss_fvg,BUY,2025-10-15 14:35:00+00:00,4200.43,4194.38,4209.51,2025-10-15 14:55:00+00:00,4194.38,SL,-6.5,6.05,-1.0744,14,S99_MSS_FVG_LONG
s99_mss_fvg,BUY,2025-10-16 07:38:00+00:00,4228.52,4226.28,4231.88,2025-10-16 07:57:00+00:00,4226.28,SL,-2.69,2.24,-1.2009,7,S99_MSS_FVG_LONG
s99_mss_fvg,SELL,2025-10-16 09:37:00+00:00,4226.465,4229.54,4221.85,2025-10-16 09:47:00+00:00,4229.54,SL,-3.525,3.075,-1.1463,9,S99_MSS_FVG_SHORT
s99_mss_fvg,BUY,2025-10-16 10:05:00+00:00,4238.83,4233.34,4247.06,2025-10-16 11:44:00+00:00,4247.06,TP,7.78,5.49,1.4171,10,S99_MSS_FVG_LONG
s99_mss_fvg,BUY,2025-10-16 14:20:00+00:00,4259.31,4256.47,4263.57,2025-10-16 14:26:00+00:00,4256.47,SL,-3.29,2.84,-1.1585,14,S99_MSS_FVG_LONG
s99_mss_fvg,SELL,2025-10-17 07:25:00+00:00,4346.185,4355.42,4332.33,2025-10-17 07:30:00+00:00,4332.33,TP,13.405,9.235,1.4515,7,S99_MSS_FVG_SHORT
s99_mss_fvg,SELL,2025-10-17 09:37:00+00:00,4341.035,4342.62,4338.66,2025-10-17 09:38:00+00:00,4342.62,SL,-2.035,1.585,-1.2839,9,S99_MSS_FVG_SHORT
s99_mss_fvg,SELL,2025-10-17 10:48:00+00:00,4335.255,4339.24,4329.28,2025-10-17 10:55:00+00:00,4329.28,TP,5.525,3.985,1.3864,10,S99_MSS_FVG_SHORT
s99_mss_fvg,SELL,2025-10-17 12:05:00+00:00,4293.875,4302.35,4281.16,2025-10-17 12:07:00+00:00,4302.35,SL,-8.925,8.475,-1.0531,12,S99_MSS_FVG_SHORT
s99_mss_fvg,SELL,2025-10-17 14:10:00+00:00,4245.965,4275.45,4201.74,2025-10-17 16:55:00+00:00,4201.74,TP,43.775,29.485,1.4847,14,S99_MSS_FVG_SHORT
s99_mss_fvg,SELL,2025-10-20 06:09:00+00:00,4241.685,4244.67,4237.21,2025-10-20 06:10:00+00:00,4244.67,SL,-3.435,2.985,-1.1508,6,S99_MSS_FVG_SHORT
s99_mss_fvg,BUY,2025-10-20 07:29:00+00:00,4253.865,4247.97,4262.71,2025-10-20 08:10:00+00:00,4262.71,TP,8.395,5.895,1.4241,7,S99_MSS_FVG_LONG
s99_mss_fvg,SELL,2025-10-20 08:55:00+00:00,4255.19,4257.79,4251.29,2025-10-20 08:57:00+00:00,4257.79,SL,-3.05,2.6,-1.1731,8,S99_MSS_FVG_SHORT
s99_mss_fvg,BUY,2025-10-20 10:00:00+00:00,4259.82,4258.11,4262.39,2025-10-20 10:02:00+00:00,4258.11,SL,-2.16,1.71,-1.2632,10,S99_MSS_FVG_LONG
s99_mss_fvg,SELL,2025-10-20 10:14:00+00:00,4253.565,4261.22,4242.08,2025-10-20 11:18:00+00:00,4261.22,SL,-8.105,7.655,-1.0588,10,S99_MSS_FVG_SHORT
s99_mss_fvg,BUY,2025-10-20 12:05:00+00:00,4275.785,4266.76,4289.32,2025-10-20 12:19:00+00:00,4289.32,TP,13.085,9.025,1.4499,12,S99_MSS_FVG_LONG
s99_mss_fvg,BUY,2025-10-20 12:50:00+00:00,4314.12,4304.96,4327.86,2025-10-20 13:35:00+00:00,4304.96,SL,-9.61,9.16,-1.0491,12,S99_MSS_FVG_LONG
s99_mss_fvg,BUY,2025-10-20 14:27:00+00:00,4323.07,4314.96,4335.23,2025-10-20 15:00:00+00:00,4335.23,TP,11.71,8.11,1.4439,14,S99_MSS_FVG_LONG
s99_mss_fvg,BUY,2025-10-20 15:24:00+00:00,4345.975,4340.45,4354.26,2025-10-20 17:30:00+00:00,4340.45,SL,-5.975,5.525,-1.0814,15,S99_MSS_FVG_LONG
s99_mss_fvg,BUY,2025-10-21 06:18:00+00:00,4324.52,4321.92,4328.42,2025-10-21 06:20:00+00:00,4328.42,TP,3.45,2.6,1.3269,6,S99_MSS_FVG_LONG
s99_mss_fvg,BUY,2025-10-21 07:00:00+00:00,4341.305,4336.92,4347.88,2025-10-21 07:02:00+00:00,4336.92,SL,-4.835,4.385,-1.1026,7,S99_MSS_FVG_LONG
s99_mss_fvg,SELL,2025-10-21 07:41:00+00:00,4305.75,4324.23,4278.03,2025-10-21 08:03:00+00:00,4278.03,TP,27.27,18.48,1.4756,7,S99_MSS_FVG_SHORT
s99_mss_fvg,BUY,2025-10-21 11:19:00+00:00,4261.87,4259.81,4264.96,2025-10-21 11:20:00+00:00,4259.81,SL,-2.51,2.06,-1.2184,11,S99_MSS_FVG_LONG
s99_mss_fvg,SELL,2025-10-21 12:00:00+00:00,4254.345,4256.78,4250.69,2025-10-21 12:01:00+00:00,4256.78,SL,-2.885,2.435,-1.1848,12,S99_MSS_FVG_SHORT
s99_mss_fvg,SELL,2025-10-21 12:20:00+00:00,4232.76,4247.49,4210.67,2025-10-21 12:46:00+00:00,4210.67,TP,21.64,14.73,1.4691,12,S99_MSS_FVG_SHORT
s99_mss_fvg,SELL,2025-10-21 14:06:00+00:00,4184.845,4205.02,4154.58,2025-10-21 14:22:00+00:00,4154.58,TP,29.815,20.175,1.4778,14,S99_MSS_FVG_SHORT
s99_mss_fvg,BUY,2025-10-22 07:01:00+00:00,4152.25,4149.16,4156.89,2025-10-22 07:03:00+00:00,4149.16,SL,-3.54,3.09,-1.1456,7,S99_MSS_FVG_LONG
s99_mss_fvg,SELL,2025-10-22 08:20:00+00:00,4089.64,4101.97,4071.14,2025-10-22 08:21:00+00:00,4101.97,SL,-12.78,12.33,-1.0365,8,S99_MSS_FVG_SHORT
s99_mss_fvg,BUY,2025-10-22 10:36:00+00:00,4078.085,4075.89,4081.38,2025-10-22 10:37:00+00:00,4075.89,SL,-2.645,2.195,-1.205,10,S99_MSS_FVG_LONG
s99_mss_fvg,SELL,2025-10-22 11:06:00+00:00,4038.535,4053.06,4016.75,2025-10-22 11:39:00+00:00,4016.75,TP,21.335,14.525,1.4688,11,S99_MSS_FVG_SHORT
s99_mss_fvg,BUY,2025-10-22 13:29:00+00:00,4052.17,4033.92,4079.55,2025-10-22 13:39:00+00:00,4079.55,TP,26.93,18.25,1.4756,13,S99_MSS_FVG_LONG
s99_mss_fvg,BUY,2025-10-22 13:45:00+00:00,4070.865,4057.77,4090.51,2025-10-22 14:10:00+00:00,4057.77,SL,-13.545,13.095,-1.0344,13,S99_MSS_FVG_LONG
s99_mss_fvg,SELL,2025-10-22 15:07:00+00:00,4031.175,4037.35,4021.91,2025-10-22 15:09:00+00:00,4037.35,SL,-6.625,6.175,-1.0729,15,S99_MSS_FVG_SHORT
s99_mss_fvg,BUY,2025-10-23 06:19:00+00:00,4126.615,4123.87,4130.73,2025-10-23 06:20:00+00:00,4123.87,SL,-3.195,2.745,-1.1639,6,S99_MSS_FVG_LONG
s99_mss_fvg,SELL,2025-10-23 08:03:00+00:00,4107.855,4112.2,4101.34,2025-10-23 08:05:00+00:00,4112.2,SL,-4.795,4.345,-1.1036,8,S99_MSS_FVG_SHORT
s99_mss_fvg,SELL,2025-10-23 09:52:00+00:00,4119.685,4122.13,4116.02,2025-10-23 09:55:00+00:00,4122.13,SL,-2.895,2.445,-1.184,9,S99_MSS_FVG_SHORT
s99_mss_fvg,SELL,2025-10-24 06:27:00+00:00,4090.9,4094.64,4085.29,2025-10-24 06:31:00+00:00,4085.29,TP,5.16,3.74,1.3797,6,S99_MSS_FVG_SHORT
s99_mss_fvg,SELL,2025-10-24 08:00:00+00:00,4076.155,4083.36,4065.35,2025-10-24 08:04:00+00:00,4065.35,TP,10.355,7.205,1.4372,8,S99_MSS_FVG_SHORT
s99_mss_fvg,SELL,2025-10-24 08:35:00+00:00,4058.22,4064.58,4048.68,2025-10-24 08:47:00+00:00,4064.58,SL,-6.81,6.36,-1.0708,8,S99_MSS_FVG_SHORT
s99_mss_fvg,BUY,2025-10-24 13:41:00+00:00,4106.025,4089.31,4131.1,2025-10-24 14:14:00+00:00,4131.1,TP,24.625,16.715,1.4732,13,S99_MSS_FVG_LONG
s99_mss_fvg,BUY,2025-10-24 14:22:00+00:00,4124.28,4116.01,4136.68,2025-10-24 14:53:00+00:00,4116.01,SL,-8.72,8.27,-1.0544,14,S99_MSS_FVG_LONG
s99_mss_fvg,SELL,2025-10-27 07:30:00+00:00,4069.365,4071.78,4065.74,2025-10-27 07:56:00+00:00,4065.74,TP,3.175,2.415,1.3147,7,S99_MSS_FVG_SHORT
s99_mss_fvg,SELL,2025-10-27 08:30:00+00:00,4059.955,4066.07,4050.78,2025-10-27 08:53:00+00:00,4050.78,TP,8.725,6.115,1.4268,8,S99_MSS_FVG_SHORT
s99_mss_fvg,SELL,2025-10-27 09:00:00+00:00,4044.81,4056.73,4026.93,2025-10-27 11:11:00+00:00,4026.93,TP,17.43,11.92,1.4622,9,S99_MSS_FVG_SHORT
s99_mss_fvg,SELL,2025-10-27 11:45:00+00:00,4023.475,4026.79,4018.5,2025-10-27 11:47:00+00:00,4026.79,SL,-3.765,3.315,-1.1357,11,S99_MSS_FVG_SHORT
s99_mss_fvg,SELL,2025-10-27 14:27:00+00:00,3996.105,4006.2,3980.96,2025-10-27 15:00:00+00:00,3980.96,TP,14.695,10.095,1.4557,14,S99_MSS_FVG_SHORT
s99_mss_fvg,SELL,2025-10-27 15:18:00+00:00,3982.24,3986.72,3975.52,2025-10-27 15:29:00+00:00,3986.72,SL,-4.93,4.48,-1.1004,15,S99_MSS_FVG_SHORT
s99_mss_fvg,SELL,2025-10-28 09:44:00+00:00,3910.255,3911.86,3907.85,2025-10-28 09:47:00+00:00,3907.85,TP,1.955,1.605,1.2181,9,S99_MSS_FVG_SHORT
s99_mss_fvg,BUY,2025-10-28 11:16:00+00:00,3911.12,3908.05,3915.72,2025-10-28 11:18:00+00:00,3915.72,TP,4.15,3.07,1.3518,11,S99_MSS_FVG_LONG
s99_mss_fvg,SELL,2025-10-28 12:55:00+00:00,3911.22,3916.58,3903.18,2025-10-28 13:00:00+00:00,3916.58,SL,-5.81,5.36,-1.084,12,S99_MSS_FVG_SHORT
s99_mss_fvg,BUY,2025-10-28 14:10:00+00:00,3938.81,3935.13,3944.33,2025-10-28 14:11:00+00:00,3935.13,SL,-4.13,3.68,-1.1223,14,S99_MSS_FVG_LONG
s99_mss_fvg,BUY,2025-10-28 14:38:00+00:00,3944.71,3941.65,3949.3,2025-10-28 14:40:00+00:00,3941.65,SL,-3.51,3.06,-1.1471,14,S99_MSS_FVG_LONG
s99_mss_fvg,BUY,2025-10-28 15:20:00+00:00,3957.395,3954.53,3961.69,2025-10-28 15:31:00+00:00,3961.69,TP,3.845,2.865,1.3421,15,S99_MSS_FVG_LONG
s99_mss_fvg,BUY,2025-10-28 15:55:00+00:00,3965.305,3963.79,3967.58,2025-10-28 15:56:00+00:00,3967.58,TP,1.825,1.515,1.2046,15,S99_MSS_FVG_LONG
s99_mss_fvg,BUY,2025-10-29 06:19:00+00:00,3966.53,3965.02,3968.8,2025-10-29 06:21:00+00:00,3968.8,TP,1.82,1.51,1.2053,6,S99_MSS_FVG_LONG
s99_mss_fvg,BUY,2025-10-29 06:40:00+00:00,3976.3,3973.29,3980.82,2025-10-29 06:44:00+00:00,3980.82,TP,4.07,3.01,1.3522,6,S99_MSS_FVG_LONG
s99_mss_fvg,BUY,2025-10-29 06:50:00+00:00,3980.26,3977.52,3984.37,2025-10-29 06:52:00+00:00,3977.52,SL,-3.19,2.74,-1.1642,6,S99_MSS_FVG_LONG
s99_mss_fvg,BUY,2025-10-29 07:23:00+00:00,3993.815,3984.12,4008.36,2025-10-29 08:05:00+00:00,4008.36,TP,14.095,9.695,1.4538,7,S99_MSS_FVG_LONG
s99_mss_fvg,BUY,2025-10-29 08:16:00+00:00,4005.515,4000.61,4012.87,2025-10-29 08:30:00+00:00,4012.87,TP,6.905,4.905,1.4077,8,S99_MSS_FVG_LONG
s99_mss_fvg,BUY,2025-10-29 09:55:00+00:00,4026.7,4018.78,4038.58,2025-10-29 10:06:00+00:00,4018.78,SL,-8.37,7.92,-1.0568,9,S99_MSS_FVG_LONG
s99_mss_fvg,SELL,2025-10-29 13:10:00+00:00,4018.8,4024.58,4010.13,2025-10-29 13:13:00+00:00,4010.13,TP,8.22,5.78,1.4221,13,S99_MSS_FVG_SHORT
s99_mss_fvg,SELL,2025-10-29 13:56:00+00:00,4012.94,4017.84,4005.59,2025-10-29 14:03:00+00:00,4017.84,SL,-5.35,4.9,-1.0918,13,S99_MSS_FVG_SHORT
s99_mss_fvg,SELL,2025-10-29 14:46:00+00:00,4013.89,4017.47,4008.52,2025-10-29 14:59:00+00:00,4008.52,TP,4.92,3.58,1.3743,14,S99_MSS_FVG_SHORT
s99_mss_fvg,BUY,2025-10-30 07:07:00+00:00,3971.105,3966.61,3977.85,2025-10-30 07:25:00+00:00,3966.61,SL,-4.945,4.495,-1.1001,7,S99_MSS_FVG_LONG
s99_mss_fvg,BUY,2025-10-30 09:22:00+00:00,4002.55,3996.87,4011.07,2025-10-30 09:49:00+00:00,3996.87,SL,-6.13,5.68,-1.0792,9,S99_MSS_FVG_LONG
s99_mss_fvg,SELL,2025-10-30 10:41:00+00:00,3981.8,3987.01,3973.99,2025-10-30 10:52:00+00:00,3987.01,SL,-5.66,5.21,-1.0864,10,S99_MSS_FVG_SHORT
s99_mss_fvg,BUY,2025-10-30 14:18:00+00:00,4005.55,3998.87,4015.57,2025-10-30 14:24:00+00:00,3998.87,SL,-7.13,6.68,-1.0674,14,S99_MSS_FVG_LONG
s99_mss_fvg,BUY,2025-10-31 07:41:00+00:00,4017.91,4014.86,4022.48,2025-10-31 07:44:00+00:00,4014.86,SL,-3.5,3.05,-1.1475,7,S99_MSS_FVG_LONG
s99_mss_fvg,SELL,2025-10-31 09:00:00+00:00,4011.42,4018.46,4000.86,2025-10-31 09:21:00+00:00,4000.86,TP,10.11,7.04,1.4361,9,S99_MSS_FVG_SHORT
s99_mss_fvg,SELL,2025-10-31 09:26:00+00:00,4004.155,4007.42,3999.26,2025-10-31 09:56:00+00:00,4007.42,SL,-3.715,3.265,-1.1378,9,S99_MSS_FVG_SHORT
s99_mss_fvg,BUY,2025-10-31 10:16:00+00:00,4014.75,4012.29,4018.44,2025-10-31 10:17:00+00:00,4012.29,SL,-2.91,2.46,-1.1829,10,S99_MSS_FVG_LONG
s99_mss_fvg,BUY,2025-10-31 12:51:00+00:00,4028.415,4026.14,4031.83,2025-10-31 12:53:00+00:00,4026.14,SL,-2.725,2.275,-1.1978,12,S99_MSS_FVG_LONG
s99_mss_fvg,SELL,2025-11-03 09:50:00+00:00,4001.285,4003.68,3997.69,2025-11-03 09:52:00+00:00,4003.68,SL,-2.845,2.395,-1.1879,9,S99_MSS_FVG_SHORT
s99_mss_fvg,BUY,2025-11-03 15:24:00+00:00,4020.08,4012.1,4032.05,2025-11-03 15:27:00+00:00,4012.1,SL,-8.43,7.98,-1.0564,15,S99_MSS_FVG_LONG
s99_mss_fvg,SELL,2025-11-04 06:09:00+00:00,3973.945,3977.67,3968.36,2025-11-04 06:31:00+00:00,3977.67,SL,-4.175,3.725,-1.1208,6,S99_MSS_FVG_SHORT
s99_mss_fvg,SELL,2025-11-04 13:41:00+00:00,3982.52,3984.12,3980.12,2025-11-04 13:42:00+00:00,3980.12,TP,1.95,1.6,1.2188,13,S99_MSS_FVG_SHORT
s99_mss_fvg,SELL,2025-11-04 14:11:00+00:00,3972.55,3976.4,3966.78,2025-11-04 14:13:00+00:00,3976.4,SL,-4.3,3.85,-1.1169,14,S99_MSS_FVG_SHORT
s99_mss_fvg,SELL,2025-11-04 14:50:00+00:00,3942.32,3953.02,3926.27,2025-11-04 14:55:00+00:00,3953.02,SL,-11.15,10.7,-1.0421,14,S99_MSS_FVG_SHORT
s99_mss_fvg,BUY,2025-11-04 15:45:00+00:00,3964.36,3956.49,3976.17,2025-11-04 17:52:00+00:00,3956.49,SL,-8.32,7.87,-1.0572,15,S99_MSS_FVG_LONG
s99_mss_fvg,BUY,2025-11-05 08:20:00+00:00,3981.06,3975.53,3989.35,2025-11-05 09:13:00+00:00,3975.53,SL,-5.98,5.53,-1.0814,8,S99_MSS_FVG_LONG
s99_mss_fvg,SELL,2025-11-05 09:31:00+00:00,3967.76,3971.69,3961.87,2025-11-05 09:40:00+00:00,3971.69,SL,-4.38,3.93,-1.1145,9,S99_MSS_FVG_SHORT
s99_mss_fvg,SELL,2025-11-06 10:37:00+00:00,4006.545,4008.14,4004.15,2025-11-06 10:42:00+00:00,4008.14,SL,-2.045,1.595,-1.2821,10,S99_MSS_FVG_SHORT
s99_mss_fvg,BUY,2025-11-06 11:47:00+00:00,4014.64,4012.55,4017.77,2025-11-06 11:51:00+00:00,4017.77,TP,2.68,2.09,1.2823,11,S99_MSS_FVG_LONG
s99_mss_fvg,SELL,2025-11-06 14:33:00+00:00,3998.025,4001.81,3992.35,2025-11-06 14:35:00+00:00,4001.81,SL,-4.235,3.785,-1.1189,14,S99_MSS_FVG_SHORT
s99_mss_fvg,SELL,2025-11-06 15:10:00+00:00,3985.715,3994.16,3973.05,2025-11-06 17:21:00+00:00,3973.05,TP,12.215,8.445,1.4464,15,S99_MSS_FVG_SHORT
s99_mss_fvg,BUY,2025-11-07 07:02:00+00:00,4006.1,4004.02,4009.22,2025-11-07 07:13:00+00:00,4009.22,TP,2.67,2.08,1.2837,7,S99_MSS_FVG_LONG
s99_mss_fvg,SELL,2025-11-07 14:46:00+00:00,3994.61,4000.94,3985.12,2025-11-07 15:46:00+00:00,3985.12,TP,9.04,6.33,1.4281,14,S99_MSS_FVG_SHORT
s99_mss_fvg,BUY,2025-11-10 06:41:00+00:00,4075.195,4073.17,4078.23,2025-11-10 06:42:00+00:00,4073.17,SL,-2.475,2.025,-1.2222,6,S99_MSS_FVG_LONG
s99_mss_fvg,BUY,2025-11-10 08:42:00+00:00,4082.465,4080.37,4085.61,2025-11-10 08:44:00+00:00,4080.37,SL,-2.545,2.095,-1.2148,8,S99_MSS_FVG_LONG
s99_mss_fvg,BUY,2025-11-10 09:42:00+00:00,4082.165,4079.61,4086.0,2025-11-10 09:45:00+00:00,4079.61,SL,-3.005,2.555,-1.1761,9,S99_MSS_FVG_LONG
s99_mss_fvg,BUY,2025-11-10 13:00:00+00:00,4097.09,4095.59,4099.34,2025-11-10 13:01:00+00:00,4099.34,TP,1.8,1.5,1.2,13,S99_MSS_FVG_LONG
s99_mss_fvg,BUY,2025-11-10 13:12:00+00:00,4102.085,4099.11,4106.55,2025-11-10 13:17:00+00:00,4099.11,SL,-3.425,2.975,-1.1513,13,S99_MSS_FVG_LONG
s99_mss_fvg,SELL,2025-11-10 15:40:00+00:00,4086.71,4088.78,4083.6,2025-11-10 15:46:00+00:00,4083.6,TP,2.66,2.07,1.285,15,S99_MSS_FVG_SHORT
s99_mss_fvg,SELL,2025-11-11 10:46:00+00:00,4140.87,4142.65,4138.2,2025-11-11 10:52:00+00:00,4142.65,SL,-2.23,1.78,-1.2528,10,S99_MSS_FVG_SHORT
s99_mss_fvg,SELL,2025-11-11 15:38:00+00:00,4104.19,4106.94,4100.06,2025-11-11 15:39:00+00:00,4106.94,SL,-3.2,2.75,-1.1636,15,S99_MSS_FVG_SHORT
s99_mss_fvg,BUY,2025-11-12 08:30:00+00:00,4127.195,4121.59,4135.6,2025-11-12 09:50:00+00:00,4121.59,SL,-6.055,5.605,-1.0803,8,S99_MSS_FVG_LONG
s99_mss_fvg,SELL,2025-11-12 10:34:00+00:00,4123.455,4125.48,4120.42,2025-11-12 10:39:00+00:00,4125.48,SL,-2.475,2.025,-1.2222,10,S99_MSS_FVG_SHORT
s99_mss_fvg,BUY,2025-11-12 14:30:00+00:00,4130.88,4126.82,4136.97,2025-11-12 14:34:00+00:00,4126.82,SL,-4.51,4.06,-1.1108,14,S99_MSS_FVG_LONG
s99_mss_fvg,BUY,2025-11-12 15:41:00+00:00,4175.07,4168.05,4185.6,2025-11-12 15:50:00+00:00,4185.6,TP,10.08,7.02,1.4359,15,S99_MSS_FVG_LONG
s99_mss_fvg,BUY,2025-11-13 07:36:00+00:00,4214.355,4211.35,4218.86,2025-11-13 07:57:00+00:00,4218.86,TP,4.055,3.005,1.3494,7,S99_MSS_FVG_LONG
s99_mss_fvg,BUY,2025-11-13 09:00:00+00:00,4231.705,4229.71,4234.7,2025-11-13 09:03:00+00:00,4229.71,SL,-2.445,1.995,-1.2256,9,S99_MSS_FVG_LONG
s99_mss_fvg,BUY,2025-11-13 10:16:00+00:00,4235.7,4233.08,4239.63,2025-11-13 10:20:00+00:00,4239.63,TP,3.48,2.62,1.3282,10,S99_MSS_FVG_LONG
s99_mss_fvg,SELL,2025-11-13 13:17:00+00:00,4233.0,4239.45,4223.33,2025-11-13 13:33:00+00:00,4223.33,TP,9.22,6.45,1.4295,13,S99_MSS_FVG_SHORT
s99_mss_fvg,SELL,2025-11-13 14:35:00+00:00,4216.01,4218.77,4211.87,2025-11-13 14:36:00+00:00,4218.77,SL,-3.21,2.76,-1.163,14,S99_MSS_FVG_SHORT
s99_mss_fvg,SELL,2025-11-13 14:55:00+00:00,4194.795,4212.29,4168.55,2025-11-13 18:32:00+00:00,4168.55,TP,25.795,17.495,1.4744,14,S99_MSS_FVG_SHORT
s99_mss_fvg,SELL,2025-11-14 06:34:00+00:00,4182.055,4184.39,4178.55,2025-11-14 06:45:00+00:00,4178.55,TP,3.055,2.335,1.3084,6,S99_MSS_FVG_SHORT
s99_mss_fvg,SELL,2025-11-14 06:59:00+00:00,4175.9,4180.86,4168.46,2025-11-14 07:20:00+00:00,4168.46,TP,6.99,4.96,1.4093,6,S99_MSS_FVG_SHORT
s99_mss_fvg,SELL,2025-11-14 07:30:00+00:00,4164.475,4170.95,4154.76,2025-11-14 07:43:00+00:00,4170.95,SL,-6.925,6.475,-1.0695,7,S99_MSS_FVG_SHORT
s99_mss_fvg,SELL,2025-11-14 11:25:00+00:00,4148.57,4152.0,4143.42,2025-11-14 11:30:00+00:00,4152.0,SL,-3.88,3.43,-1.1312,11,S99_MSS_FVG_SHORT
s99_mss_fvg,SELL,2025-11-14 12:08:00+00:00,4140.63,4146.27,4132.17,2025-11-14 12:11:00+00:00,4132.17,TP,8.01,5.64,1.4202,12,S99_MSS_FVG_SHORT
s99_mss_fvg,SELL,2025-11-14 14:38:00+00:00,4063.83,4067.35,4058.55,2025-11-14 14:39:00+00:00,4067.35,SL,-3.97,3.52,-1.1278,14,S99_MSS_FVG_SHORT
s99_mss_fvg,BUY,2025-11-14 15:55:00+00:00,4086.035,4081.55,4092.76,2025-11-14 15:56:00+00:00,4081.55,SL,-4.935,4.485,-1.1003,15,S99_MSS_FVG_LONG
s99_mss_fvg,BUY,2025-11-17 06:54:00+00:00,4065.265,4062.92,4068.78,2025-11-17 07:01:00+00:00,4068.78,TP,3.065,2.345,1.307,6,S99_MSS_FVG_LONG
s99_mss_fvg,BUY,2025-11-17 07:25:00+00:00,4074.59,4072.6,4077.58,2025-11-17 07:27:00+00:00,4077.58,TP,2.54,1.99,1.2764,7,S99_MSS_FVG_LONG
s99_mss_fvg,BUY,2025-11-17 08:14:00+00:00,4090.51,4088.47,4093.57,2025-11-17 08:18:00+00:00,4088.47,SL,-2.49,2.04,-1.2206,8,S99_MSS_FVG_LONG
s99_mss_fvg,SELL,2025-11-17 11:09:00+00:00,4073.455,4078.7,4065.59,2025-11-17 11:28:00+00:00,4065.59,TP,7.415,5.245,1.4137,11,S99_MSS_FVG_SHORT
s99_mss_fvg,SELL,2025-11-17 14:02:00+00:00,4067.55,4069.37,4064.82,2025-11-17 14:04:00+00:00,4064.82,TP,2.28,1.82,1.2527,14,S99_MSS_FVG_SHORT
s99_mss_fvg,SELL,2025-11-18 07:08:00+00:00,4009.33,4010.95,4006.9,2025-11-18 07:10:00+00:00,4006.9,TP,1.98,1.62,1.2222,7,S99_MSS_FVG_SHORT
s99_mss_fvg,BUY,2025-11-18 08:47:00+00:00,4034.935,4022.16,4054.1,2025-11-18 13:34:00+00:00,4054.1,TP,18.715,12.775,1.465,8,S99_MSS_FVG_LONG
s99_mss_fvg,BUY,2025-11-18 14:26:00+00:00,4075.665,4073.48,4078.94,2025-11-18 14:27:00+00:00,4073.48,SL,-2.635,2.185,-1.2059,14,S99_MSS_FVG_LONG
s99_mss_fvg,SELL,2025-11-19 07:15:00+00:00,4087.63,4091.37,4082.02,2025-11-19 07:35:00+00:00,4091.37,SL,-4.19,3.74,-1.1203,7,S99_MSS_FVG_SHORT
s99_mss_fvg,BUY,2025-11-19 09:16:00+00:00,4086.69,4084.4,4090.12,2025-11-19 09:20:00+00:00,4090.12,TP,2.98,2.29,1.3013,9,S99_MSS_FVG_LONG
s99_mss_fvg,BUY,2025-11-19 10:10:00+00:00,4110.95,4107.08,4116.75,2025-11-19 10:59:00+00:00,4107.08,SL,-4.32,3.87,-1.1163,10,S99_MSS_FVG_LONG
s99_mss_fvg,BUY,2025-11-19 15:05:00+00:00,4124.76,4116.91,4136.54,2025-11-19 15:29:00+00:00,4116.91,SL,-8.3,7.85,-1.0573,15,S99_MSS_FVG_LONG
s99_mss_fvg,SELL,2025-11-20 06:31:00+00:00,4066.55,4069.75,4061.75,2025-11-20 06:34:00+00:00,4061.75,TP,4.35,3.2,1.3594,6,S99_MSS_FVG_SHORT
s99_mss_fvg,BUY,2025-11-20 07:15:00+00:00,4073.05,4068.05,4080.55,2025-11-20 07:17:00+00:00,4068.05,SL,-5.45,5.0,-1.09,7,S99_MSS_FVG_LONG
s99_mss_fvg,SELL,2025-11-20 07:30:00+00:00,4065.8,4074.12,4053.32,2025-11-20 08:03:00+00:00,4053.32,TP,12.03,8.32,1.4459,7,S99_MSS_FVG_SHORT
s99_mss_fvg,SELL,2025-11-20 08:35:00+00:00,4055.28,4059.16,4049.46,2025-11-20 08:55:00+00:00,4059.16,SL,-4.33,3.88,-1.116,8,S99_MSS_FVG_SHORT
s99_mss_fvg,SELL,2025-11-20 11:28:00+00:00,4055.115,4057.16,4052.05,2025-11-20 11:31:00+00:00,4057.16,SL,-2.495,2.045,-1.22,11,S99_MSS_FVG_SHORT
s99_mss_fvg,BUY,2025-11-20 13:11:00+00:00,4086.5,4080.95,4094.83,2025-11-20 13:30:00+00:00,4080.95,SL,-6.0,5.55,-1.0811,13,S99_MSS_FVG_LONG
s99_mss_fvg,BUY,2025-11-20 14:55:00+00:00,4100.405,4089.45,4116.84,2025-11-20 15:00:00+00:00,4089.45,SL,-11.405,10.955,-1.0411,14,S99_MSS_FVG_LONG
s99_mss_fvg,BUY,2025-11-21 06:05:00+00:00,4057.42,4046.25,4074.18,2025-11-21 06:18:00+00:00,4046.25,SL,-11.62,11.17,-1.0403,6,S99_MSS_FVG_LONG
s99_mss_fvg,SELL,2025-11-21 06:35:00+00:00,4038.18,4041.82,4032.72,2025-11-21 06:38:00+00:00,4032.72,TP,5.01,3.64,1.3764,6,S99_MSS_FVG_SHORT
s99_mss_fvg,BUY,2025-11-21 09:27:00+00:00,4054.625,4049.16,4062.82,2025-11-21 09:45:00+00:00,4049.16,SL,-5.915,5.465,-1.0823,9,S99_MSS_FVG_LONG
s99_mss_fvg,BUY,2025-11-21 14:09:00+00:00,4074.03,4071.19,4078.29,2025-11-21 14:19:00+00:00,4071.19,SL,-3.29,2.84,-1.1585,14,S99_MSS_FVG_LONG
s99_mss_fvg,BUY,2025-11-24 06:10:00+00:00,4050.995,4046.8,4057.29,2025-11-24 06:43:00+00:00,4057.29,TP,5.845,4.195,1.3933,6,S99_MSS_FVG_LONG
s99_mss_fvg,BUY,2025-11-24 09:25:00+00:00,4068.27,4066.27,4071.27,2025-11-24 09:38:00+00:00,4071.27,TP,2.55,2.0,1.275,9,S99_MSS_FVG_LONG
s99_mss_fvg,SELL,2025-11-24 11:09:00+00:00,4066.775,4069.43,4062.79,2025-11-24 11:16:00+00:00,4069.43,SL,-3.105,2.655,-1.1695,11,S99_MSS_FVG_SHORT
s99_mss_fvg,BUY,2025-11-24 12:53:00+00:00,4079.185,4075.7,4084.41,2025-11-24 13:21:00+00:00,4084.41,TP,4.775,3.485,1.3702,12,S99_MSS_FVG_LONG
s99_mss_fvg,BUY,2025-11-24 15:26:00+00:00,4088.49,4084.92,4093.84,2025-11-24 16:03:00+00:00,4093.84,TP,4.9,3.57,1.3725,15,S99_MSS_FVG_LONG
s99_mss_fvg,SELL,2025-11-25 06:33:00+00:00,4143.34,4147.23,4137.51,2025-11-25 07:29:00+00:00,4137.51,TP,5.38,3.89,1.383,6,S99_MSS_FVG_SHORT
s99_mss_fvg,SELL,2025-11-25 07:45:00+00:00,4138.83,4141.45,4134.9,2025-11-25 07:50:00+00:00,4134.9,TP,3.48,2.62,1.3282,7,S99_MSS_FVG_SHORT
s99_mss_fvg,SELL,2025-11-25 09:02:00+00:00,4118.24,4124.01,4109.58,2025-11-25 09:05:00+00:00,4124.01,SL,-6.22,5.77,-1.078,9,S99_MSS_FVG_SHORT
s99_mss_fvg,BUY,2025-11-25 10:24:00+00:00,4132.845,4128.81,4138.9,2025-11-25 10:30:00+00:00,4128.81,SL,-4.485,4.035,-1.1115,10,S99_MSS_FVG_LONG
s99_mss_fvg,BUY,2025-11-26 08:00:00+00:00,4157.275,4155.69,4159.65,2025-11-26 08:01:00+00:00,4159.65,TP,1.925,1.585,1.2145,8,S99_MSS_FVG_LONG
s99_mss_fvg,BUY,2025-11-26 08:33:00+00:00,4164.195,4159.31,4171.52,2025-11-26 08:41:00+00:00,4159.31,SL,-5.335,4.885,-1.0921,8,S99_MSS_FVG_LONG
s99_mss_fvg,SELL,2025-11-26 08:51:00+00:00,4158.135,4161.37,4153.28,2025-11-26 08:58:00+00:00,4161.37,SL,-3.685,3.235,-1.1391,8,S99_MSS_FVG_SHORT
s99_mss_fvg,BUY,2025-11-26 10:18:00+00:00,4162.23,4160.07,4165.47,2025-11-26 10:30:00+00:00,4160.07,SL,-2.61,2.16,-1.2083,10,S99_MSS_FVG_LONG
s99_mss_fvg,BUY,2025-11-26 11:26:00+00:00,4162.37,4159.59,4166.54,2025-11-26 11:30:00+00:00,4166.54,TP,3.72,2.78,1.3381,11,S99_MSS_FVG_LONG
s99_mss_fvg,BUY,2025-11-26 11:42:00+00:00,4170.685,4164.37,4180.16,2025-11-26 12:28:00+00:00,4164.37,SL,-6.765,6.315,-1.0713,11,S99_MSS_FVG_LONG
s99_mss_fvg,SELL,2025-11-26 14:17:00+00:00,4148.46,4153.02,4141.62,2025-11-26 14:30:00+00:00,4141.62,TP,6.39,4.56,1.4013,14,S99_MSS_FVG_SHORT
s99_mss_fvg,BUY,2025-11-27 14:28:00+00:00,4157.425,4155.57,4160.21,2025-11-27 14:40:00+00:00,4155.57,SL,-2.305,1.855,-1.2426,14,S99_MSS_FVG_LONG
s99_mss_fvg,BUY,2025-12-01 06:58:00+00:00,4238.04,4234.91,4242.74,2025-12-01 07:05:00+00:00,4234.91,SL,-3.58,3.13,-1.1438,6,S99_MSS_FVG_LONG
s99_mss_fvg,BUY,2025-12-01 07:44:00+00:00,4240.425,4237.01,4245.55,2025-12-01 07:57:00+00:00,4245.55,TP,4.675,3.415,1.369,7,S99_MSS_FVG_LONG
s99_mss_fvg,BUY,2025-12-01 08:28:00+00:00,4250.015,4247.8,4253.34,2025-12-01 08:31:00+00:00,4247.8,SL,-2.665,2.215,-1.2032,8,S99_MSS_FVG_LONG
s99_mss_fvg,BUY,2025-12-01 10:17:00+00:00,4257.935,4250.18,4269.57,2025-12-01 11:20:00+00:00,4250.18,SL,-8.205,7.755,-1.058,10,S99_MSS_FVG_LONG
s99_mss_fvg,BUY,2025-12-01 11:47:00+00:00,4255.755,4253.91,4258.52,2025-12-01 11:49:00+00:00,4253.91,SL,-2.295,1.845,-1.2439,11,S99_MSS_FVG_LONG
s99_mss_fvg,SELL,2025-12-01 14:48:00+00:00,4233.395,4241.52,4221.21,2025-12-01 14:59:00+00:00,4241.52,SL,-8.575,8.125,-1.0554,14,S99_MSS_FVG_SHORT
s99_mss_fvg,BUY,2025-12-02 07:32:00+00:00,4216.665,4213.67,4221.16,2025-12-02 07:40:00+00:00,4213.67,SL,-3.445,2.995,-1.1503,7,S99_MSS_FVG_LONG
s99_mss_fvg,SELL,2025-12-02 10:23:00+00:00,4187.08,4189.64,4183.24,2025-12-02 10:46:00+00:00,4189.64,SL,-3.01,2.56,-1.1758,10,S99_MSS_FVG_SHORT
s99_mss_fvg,BUY,2025-12-02 12:17:00+00:00,4203.515,4198.41,4211.17,2025-12-02 13:00:00+00:00,4211.17,TP,7.205,5.105,1.4114,12,S99_MSS_FVG_LONG
s99_mss_fvg,SELL,2025-12-02 15:40:00+00:00,4190.71,4192.71,4187.71,2025-12-02 15:45:00+00:00,4187.71,TP,2.55,2.0,1.275,15,S99_MSS_FVG_SHORT
s99_mss_fvg,SELL,2025-12-03 09:15:00+00:00,4201.215,4203.78,4197.37,2025-12-03 10:11:00+00:00,4197.37,TP,3.395,2.565,1.3236,9,S99_MSS_FVG_SHORT
s99_mss_fvg,BUY,2025-12-03 11:37:00+00:00,4205.1,4202.92,4208.37,2025-12-03 11:44:00+00:00,4202.92,SL,-2.63,2.18,-1.2064,11,S99_MSS_FVG_LONG
s99_mss_fvg,BUY,2025-12-03 12:47:00+00:00,4211.93,4209.49,4215.59,2025-12-03 13:07:00+00:00,4215.59,TP,3.21,2.44,1.3156,12,S99_MSS_FVG_LONG
s99_mss_fvg,BUY,2025-12-03 13:27:00+00:00,4218.48,4214.34,4224.69,2025-12-03 13:42:00+00:00,4224.69,TP,5.76,4.14,1.3913,13,S99_MSS_FVG_LONG
s99_mss_fvg,BUY,2025-12-03 14:03:00+00:00,4233.945,4226.0,4245.86,2025-12-03 14:07:00+00:00,4226.0,SL,-8.395,7.945,-1.0566,14,S99_MSS_FVG_LONG
s99_mss_fvg,SELL,2025-12-03 15:33:00+00:00,4226.97,4230.35,4221.9,2025-12-03 15:50:00+00:00,4221.9,TP,4.62,3.38,1.3669,15,S99_MSS_FVG_SHORT
s99_mss_fvg,BUY,2025-12-04 10:00:00+00:00,4199.645,4197.58,4202.74,2025-12-04 10:12:00+00:00,4202.74,TP,2.645,2.065,1.2809,10,S99_MSS_FVG_LONG
s99_mss_fvg,BUY,2025-12-04 11:21:00+00:00,4201.55,4199.91,4204.01,2025-12-04 11:23:00+00:00,4199.91,SL,-2.09,1.64,-1.2744,11,S99_MSS_FVG_LONG
s99_mss_fvg,BUY,2025-12-04 14:19:00+00:00,4203.515,4199.36,4209.75,2025-12-04 14:22:00+00:00,4209.75,TP,5.785,4.155,1.3923,14,S99_MSS_FVG_LONG
s99_mss_fvg,BUY,2025-12-05 06:17:00+00:00,4224.885,4220.75,4231.09,2025-12-05 08:53:00+00:00,4220.75,SL,-4.585,4.135,-1.1088,6,S99_MSS_FVG_LONG
s99_mss_fvg,BUY,2025-12-05 12:12:00+00:00,4225.945,4223.39,4229.78,2025-12-05 12:32:00+00:00,4223.39,SL,-3.005,2.555,-1.1761,12,S99_MSS_FVG_LONG
s99_mss_fvg,BUY,2025-12-05 13:43:00+00:00,4231.81,4228.59,4236.64,2025-12-05 13:54:00+00:00,4236.64,TP,4.38,3.22,1.3602,13,S99_MSS_FVG_LONG
s99_mss_fvg,BUY,2025-12-05 14:56:00+00:00,4241.21,4235.76,4249.39,2025-12-05 15:07:00+00:00,4235.76,SL,-5.9,5.45,-1.0826,14,S99_MSS_FVG_LONG
s99_mss_fvg,BUY,2025-12-05 15:46:00+00:00,4251.835,4247.99,4257.6,2025-12-05 15:48:00+00:00,4247.99,SL,-4.295,3.845,-1.117,15,S99_MSS_FVG_LONG
s99_mss_fvg,BUY,2025-12-08 14:33:00+00:00,4206.67,4202.16,4213.44,2025-12-08 14:42:00+00:00,4202.16,SL,-4.96,4.51,-1.0998,14,S99_MSS_FVG_LONG
s99_mss_fvg,SELL,2025-12-08 15:18:00+00:00,4185.675,4188.57,4181.33,2025-12-08 15:20:00+00:00,4188.57,SL,-3.345,2.895,-1.1554,15,S99_MSS_FVG_SHORT
s99_mss_fvg,BUY,2025-12-10 13:53:00+00:00,4201.69,4198.32,4206.74,2025-12-10 14:12:00+00:00,4206.74,TP,4.6,3.37,1.365,13,S99_MSS_FVG_LONG
s99_mss_fvg,BUY,2025-12-10 14:15:00+00:00,4204.495,4201.59,4208.85,2025-12-10 14:20:00+00:00,4201.59,SL,-3.355,2.905,-1.1549,14,S99_MSS_FVG_LONG
s99_mss_fvg,SELL,2025-12-10 15:25:00+00:00,4195.515,4197.59,4192.4,2025-12-10 15:30:00+00:00,4197.59,SL,-2.525,2.075,-1.2169,15,S99_MSS_FVG_SHORT
s99_mss_fvg,BUY,2025-12-11 06:18:00+00:00,4208.84,4207.27,4211.19,2025-12-11 06:23:00+00:00,4211.19,TP,1.9,1.57,1.2102,6,S99_MSS_FVG_LONG
s99_mss_fvg,BUY,2025-12-11 09:53:00+00:00,4217.76,4215.77,4220.74,2025-12-11 10:02:00+00:00,4220.74,TP,2.53,1.99,1.2714,9,S99_MSS_FVG_LONG
s99_mss_fvg,BUY,2025-12-11 10:10:00+00:00,4222.255,4219.21,4226.82,2025-12-11 10:17:00+00:00,4219.21,SL,-3.495,3.045,-1.1478,10,S99_MSS_FVG_LONG
s99_mss_fvg,SELL,2025-12-11 13:28:00+00:00,4213.205,4215.77,4209.36,2025-12-11 13:30:00+00:00,4215.77,SL,-3.015,2.565,-1.1754,13,S99_MSS_FVG_SHORT
s99_mss_fvg,BUY,2025-12-11 14:47:00+00:00,4237.605,4235.26,4241.12,2025-12-11 14:48:00+00:00,4235.26,SL,-2.795,2.345,-1.1919,14,S99_MSS_FVG_LONG
s99_mss_fvg,BUY,2025-12-11 15:57:00+00:00,4252.465,4243.82,4265.43,2025-12-11 16:47:00+00:00,4265.43,TP,12.515,8.645,1.4477,15,S99_MSS_FVG_LONG
s99_mss_fvg,BUY,2025-12-12 07:15:00+00:00,4285.815,4282.85,4290.26,2025-12-12 07:36:00+00:00,4290.26,TP,3.995,2.965,1.3474,7,S99_MSS_FVG_LONG
s99_mss_fvg,BUY,2025-12-12 09:00:00+00:00,4307.19,4305.09,4310.34,2025-12-12 09:01:00+00:00,4310.34,TP,2.7,2.1,1.2857,9,S99_MSS_FVG_LONG
s99_mss_fvg,BUY,2025-12-12 10:00:00+00:00,4317.535,4314.54,4322.03,2025-12-12 10:25:00+00:00,4322.03,TP,4.045,2.995,1.3506,10,S99_MSS_FVG_LONG
s99_mss_fvg,BUY,2025-12-12 10:56:00+00:00,4326.97,4323.76,4331.78,2025-12-12 11:02:00+00:00,4331.78,TP,4.36,3.21,1.3583,10,S99_MSS_FVG_LONG
s99_mss_fvg,BUY,2025-12-12 11:22:00+00:00,4335.4,4333.52,4338.22,2025-12-12 11:25:00+00:00,4333.52,SL,-2.33,1.88,-1.2394,11,S99_MSS_FVG_LONG
s99_mss_fvg,BUY,2025-12-12 13:43:00+00:00,4341.15,4338.5,4345.12,2025-12-12 13:45:00+00:00,4338.5,SL,-3.1,2.65,-1.1698,13,S99_MSS_FVG_LONG
s99_mss_fvg,SELL,2025-12-12 15:39:00+00:00,4316.16,4327.06,4299.81,2025-12-12 15:54:00+00:00,4299.81,TP,15.9,10.9,1.4587,15,S99_MSS_FVG_SHORT
s99_mss_fvg,SELL,2025-12-15 07:45:00+00:00,4340.045,4341.7,4337.56,2025-12-15 07:46:00+00:00,4341.7,SL,-2.105,1.655,-1.2719,7,S99_MSS_FVG_SHORT
s99_mss_fvg,SELL,2025-12-15 10:47:00+00:00,4340.835,4342.77,4337.93,2025-12-15 11:00:00+00:00,4337.93,TP,2.455,1.935,1.2687,10,S99_MSS_FVG_SHORT
s99_mss_fvg,SELL,2025-12-15 14:30:00+00:00,4326.49,4328.59,4323.34,2025-12-15 14:31:00+00:00,4323.34,TP,2.7,2.1,1.2857,14,S99_MSS_FVG_SHORT
s99_mss_fvg,SELL,2025-12-16 08:25:00+00:00,4279.39,4281.23,4276.63,2025-12-16 08:30:00+00:00,4276.63,TP,2.31,1.84,1.2554,8,S99_MSS_FVG_SHORT
s99_mss_fvg,SELL,2025-12-16 10:39:00+00:00,4278.07,4280.06,4275.08,2025-12-16 10:45:00+00:00,4280.06,SL,-2.44,1.99,-1.2261,10,S99_MSS_FVG_SHORT
s99_mss_fvg,BUY,2025-12-16 12:52:00+00:00,4292.58,4290.46,4295.76,2025-12-16 13:08:00+00:00,4295.76,TP,2.73,2.12,1.2877,12,S99_MSS_FVG_LONG
s99_mss_fvg,BUY,2025-12-16 13:44:00+00:00,4304.565,4301.17,4309.66,2025-12-16 13:46:00+00:00,4301.17,SL,-3.845,3.395,-1.1325,13,S99_MSS_FVG_LONG
s99_mss_fvg,BUY,2025-12-16 14:28:00+00:00,4325.745,4319.26,4335.47,2025-12-16 15:18:00+00:00,4319.26,SL,-6.935,6.485,-1.0694,14,S99_MSS_FVG_LONG
s99_mss_fvg,SELL,2025-12-16 15:31:00+00:00,4326.05,4330.88,4318.81,2025-12-16 16:00:00+00:00,4318.81,TP,6.79,4.83,1.4058,15,S99_MSS_FVG_SHORT
s99_mss_fvg,SELL,2025-12-17 07:51:00+00:00,4318.68,4322.21,4313.39,2025-12-17 08:07:00+00:00,4313.39,TP,4.84,3.53,1.3711,7,S99_MSS_FVG_SHORT
s99_mss_fvg,SELL,2025-12-17 10:41:00+00:00,4313.845,4319.81,4304.9,2025-12-17 11:16:00+00:00,4319.81,SL,-6.415,5.965,-1.0754,10,S99_MSS_FVG_SHORT
s99_mss_fvg,BUY,2025-12-17 14:10:00+00:00,4341.96,4338.05,4347.82,2025-12-17 14:11:00+00:00,4338.05,SL,-4.36,3.91,-1.1151,14,S99_MSS_FVG_LONG
s99_mss_fvg,SELL,2025-12-17 14:20:00+00:00,4328.245,4343.24,4305.75,2025-12-17 15:04:00+00:00,4343.24,SL,-15.445,14.995,-1.03,14,S99_MSS_FVG_SHORT
s99_mss_fvg,BUY,2025-12-18 11:12:00+00:00,4327.275,4325.18,4330.42,2025-12-18 11:57:00+00:00,4325.18,SL,-2.545,2.095,-1.2148,11,S99_MSS_FVG_LONG
s99_mss_fvg,SELL,2025-12-18 14:50:00+00:00,4318.73,4326.64,4306.86,2025-12-18 14:55:00+00:00,4326.64,SL,-8.36,7.91,-1.0569,14,S99_MSS_FVG_SHORT
s99_mss_fvg,BUY,2025-12-18 15:44:00+00:00,4337.605,4332.74,4344.9,2025-12-18 16:03:00+00:00,4344.9,TP,6.845,4.865,1.407,15,S99_MSS_FVG_LONG
s99_mss_fvg,BUY,2025-12-19 07:39:00+00:00,4327.53,4326.01,4329.81,2025-12-19 07:40:00+00:00,4326.01,SL,-1.97,1.52,-1.2961,7,S99_MSS_FVG_LONG
s99_mss_fvg,BUY,2025-12-19 09:50:00+00:00,4329.325,4327.48,4332.09,2025-12-19 09:55:00+00:00,4327.48,SL,-2.295,1.845,-1.2439,9,S99_MSS_FVG_LONG
s99_mss_fvg,SELL,2025-12-19 10:41:00+00:00,4326.095,4327.68,4323.72,2025-12-19 10:43:00+00:00,4327.68,SL,-2.035,1.585,-1.2839,10,S99_MSS_FVG_SHORT
s99_mss_fvg,BUY,2025-12-19 13:15:00+00:00,4329.625,4328.04,4332.0,2025-12-19 13:16:00+00:00,4332.0,TP,1.925,1.585,1.2145,13,S99_MSS_FVG_LONG
s99_mss_fvg,BUY,2025-12-19 14:45:00+00:00,4331.515,4327.75,4337.16,2025-12-19 14:46:00+00:00,4327.75,SL,-4.215,3.765,-1.1195,14,S99_MSS_FVG_LONG
s99_mss_fvg,BUY,2025-12-22 07:04:00+00:00,4415.04,4413.25,4417.73,2025-12-22 07:06:00+00:00,4413.25,SL,-2.24,1.79,-1.2514,7,S99_MSS_FVG_LONG
s99_mss_fvg,BUY,2025-12-22 13:21:00+00:00,4421.94,4420.22,4424.52,2025-12-22 13:22:00+00:00,4420.22,SL,-2.17,1.72,-1.2616,13,S99_MSS_FVG_LONG
s99_mss_fvg,BUY,2025-12-23 12:02:00+00:00,4491.325,4489.11,4494.65,2025-12-23 12:06:00+00:00,4489.11,SL,-2.665,2.215,-1.2032,12,S99_MSS_FVG_LONG
s99_mss_fvg,SELL,2025-12-23 15:15:00+00:00,4451.165,4454.31,4446.45,2025-12-23 15:18:00+00:00,4446.45,TP,4.265,3.145,1.3561,15,S99_MSS_FVG_SHORT
s99_mss_fvg,BUY,2025-12-23 15:47:00+00:00,4451.875,4446.94,4459.28,2025-12-23 15:59:00+00:00,4459.28,TP,6.955,4.935,1.4093,15,S99_MSS_FVG_LONG
s99_mss_fvg,BUY,2025-12-26 15:41:00+00:00,4537.39,4532.56,4544.64,2025-12-26 15:50:00+00:00,4544.64,TP,6.8,4.83,1.4079,15,S99_MSS_FVG_LONG
s99_mss_fvg,SELL,2025-12-29 06:12:00+00:00,4509.675,4514.08,4503.07,2025-12-29 06:17:00+00:00,4503.07,TP,6.155,4.405,1.3973,6,S99_MSS_FVG_SHORT
s99_mss_fvg,SELL,2025-12-29 06:35:00+00:00,4497.285,4500.27,4492.81,2025-12-29 06:38:00+00:00,4492.81,TP,4.025,2.985,1.3484,6,S99_MSS_FVG_SHORT
s99_mss_fvg,SELL,2025-12-29 07:11:00+00:00,4463.67,4473.42,4449.05,2025-12-29 07:13:00+00:00,4473.42,SL,-10.2,9.75,-1.0462,7,S99_MSS_FVG_SHORT
s99_mss_fvg,BUY,2025-12-29 08:20:00+00:00,4481.65,4478.05,4487.05,2025-12-29 08:30:00+00:00,4478.05,SL,-4.05,3.6,-1.125,8,S99_MSS_FVG_LONG
s99_mss_fvg,SELL,2025-12-29 09:01:00+00:00,4464.74,4471.46,4454.66,2025-12-29 09:44:00+00:00,4471.46,SL,-7.17,6.72,-1.067,9,S99_MSS_FVG_SHORT
s99_mss_fvg,BUY,2025-12-29 09:50:00+00:00,4471.675,4464.01,4483.17,2025-12-29 10:29:00+00:00,4464.01,SL,-8.115,7.665,-1.0587,9,S99_MSS_FVG_LONG
s99_mss_fvg,SELL,2025-12-29 10:38:00+00:00,4462.815,4466.93,4456.64,2025-12-29 11:07:00+00:00,4456.64,TP,5.725,4.115,1.3913,10,S99_MSS_FVG_SHORT
s99_mss_fvg,BUY,2025-12-29 11:25:00+00:00,4464.085,4459.26,4471.32,2025-12-29 11:37:00+00:00,4459.26,SL,-5.275,4.825,-1.0933,11,S99_MSS_FVG_LONG
s99_mss_fvg,SELL,2025-12-29 11:45:00+00:00,4453.26,4463.99,4437.17,2025-12-29 12:40:00+00:00,4463.99,SL,-11.18,10.73,-1.0419,11,S99_MSS_FVG_SHORT
s99_mss_fvg,SELL,2025-12-29 13:59:00+00:00,4419.235,4427.09,4407.45,2025-12-29 14:01:00+00:00,4407.45,TP,11.335,7.855,1.443,13,S99_MSS_FVG_SHORT
s99_mss_fvg,SELL,2025-12-29 14:15:00+00:00,4403.49,4409.67,4394.22,2025-12-29 14:19:00+00:00,4394.22,TP,8.82,6.18,1.4272,14,S99_MSS_FVG_SHORT
s99_mss_fvg,BUY,2025-12-30 07:21:00+00:00,4368.72,4363.55,4376.48,2025-12-30 07:43:00+00:00,4376.48,TP,7.31,5.17,1.4139,7,S99_MSS_FVG_LONG
s99_mss_fvg,SELL,2025-12-30 08:40:00+00:00,4359.235,4360.98,4356.62,2025-12-30 08:43:00+00:00,4356.62,TP,2.165,1.745,1.2407,8,S99_MSS_FVG_SHORT
s99_mss_fvg,BUY,2025-12-30 10:40:00+00:00,4387.58,4382.18,4395.68,2025-12-30 10:45:00+00:00,4382.18,SL,-5.85,5.4,-1.0833,10,S99_MSS_FVG_LONG
s99_mss_fvg,BUY,2025-12-30 12:47:00+00:00,4398.58,4395.07,4403.85,2025-12-30 13:00:00+00:00,4403.85,TP,4.82,3.51,1.3732,12,S99_MSS_FVG_LONG
s99_mss_fvg,SELL,2025-12-30 15:06:00+00:00,4372.52,4375.45,4368.13,2025-12-30 15:08:00+00:00,4368.13,TP,3.94,2.93,1.3447,15,S99_MSS_FVG_SHORT
s99_mss_fvg,SELL,2025-12-31 08:15:00+00:00,4323.33,4327.96,4316.39,2025-12-31 08:45:00+00:00,4316.39,TP,6.49,4.63,1.4017,8,S99_MSS_FVG_SHORT
s99_mss_fvg,SELL,2025-12-31 09:06:00+00:00,4317.89,4321.7,4312.18,2025-12-31 09:18:00+00:00,4312.18,TP,5.26,3.81,1.3806,9,S99_MSS_FVG_SHORT
s99_mss_fvg,BUY,2025-12-31 09:51:00+00:00,4328.9,4324.97,4334.79,2025-12-31 10:12:00+00:00,4324.97,SL,-4.38,3.93,-1.1145,9,S99_MSS_FVG_LONG
s99_mss_fvg,SELL,2025-12-31 11:08:00+00:00,4312.455,4320.88,4299.82,2025-12-31 13:22:00+00:00,4320.88,SL,-8.875,8.425,-1.0534,11,S99_MSS_FVG_SHORT
s99_mss_fvg,BUY,2025-12-31 14:01:00+00:00,4343.665,4339.49,4349.93,2025-12-31 14:02:00+00:00,4339.49,SL,-4.625,4.175,-1.1078,14,S99_MSS_FVG_LONG
s99_mss_fvg,SELL,2025-12-31 15:32:00+00:00,4339.94,4347.68,4328.33,2025-12-31 15:46:00+00:00,4328.33,TP,11.16,7.74,1.4419,15,S99_MSS_FVG_SHORT
s99_mss_fvg,BUY,2026-01-02 07:40:00+00:00,4378.655,4374.8,4384.44,2026-01-02 08:02:00+00:00,4384.44,TP,5.335,3.855,1.3839,7,S99_MSS_FVG_LONG
s99_mss_fvg,BUY,2026-01-02 08:56:00+00:00,4391.805,4390.04,4394.45,2026-01-02 08:58:00+00:00,4390.04,SL,-2.215,1.765,-1.255,8,S99_MSS_FVG_LONG
s99_mss_fvg,BUY,2026-01-02 11:31:00+00:00,4393.255,4388.46,4400.45,2026-01-02 12:41:00+00:00,4388.46,SL,-5.245,4.795,-1.0938,11,S99_MSS_FVG_LONG
s99_mss_fvg,SELL,2026-01-02 12:51:00+00:00,4389.12,4392.16,4384.56,2026-01-02 12:57:00+00:00,4392.16,SL,-3.49,3.04,-1.148,12,S99_MSS_FVG_SHORT
s99_mss_fvg,SELL,2026-01-02 14:47:00+00:00,4360.245,4369.36,4346.57,2026-01-02 15:04:00+00:00,4346.57,TP,13.225,9.115,1.4509,14,S99_MSS_FVG_SHORT
s99_mss_fvg,BUY,2026-01-05 09:00:00+00:00,4430.145,4425.72,4436.78,2026-01-05 09:43:00+00:00,4436.78,TP,6.185,4.425,1.3977,9,S99_MSS_FVG_LONG
s99_mss_fvg,BUY,2026-01-05 09:54:00+00:00,4434.515,4432.6,4437.39,2026-01-05 10:02:00+00:00,4432.6,SL,-2.365,1.915,-1.235,9,S99_MSS_FVG_LONG
s99_mss_fvg,SELL,2026-01-05 11:36:00+00:00,4421.57,4427.65,4412.45,2026-01-05 12:41:00+00:00,4412.45,TP,8.67,6.08,1.426,11,S99_MSS_FVG_SHORT
s99_mss_fvg,SELL,2026-01-05 13:01:00+00:00,4412.405,4414.43,4409.37,2026-01-05 13:02:00+00:00,4414.43,SL,-2.475,2.025,-1.2222,13,S99_MSS_FVG_SHORT
s99_mss_fvg,BUY,2026-01-05 15:11:00+00:00,4449.51,4441.2,4461.98,2026-01-05 15:30:00+00:00,4441.2,SL,-8.76,8.31,-1.0542,15,S99_MSS_FVG_LONG
s99_mss_fvg,SELL,2026-01-06 08:04:00+00:00,4461.21,4464.39,4456.44,2026-01-06 08:18:00+00:00,4464.39,SL,-3.63,3.18,-1.1415,8,S99_MSS_FVG_SHORT
s99_mss_fvg,BUY,2026-01-06 08:30:00+00:00,4469.44,4465.36,4475.56,2026-01-06 08:41:00+00:00,4465.36,SL,-4.53,4.08,-1.1103,8,S99_MSS_FVG_LONG
s99_mss_fvg,SELL,2026-01-06 09:55:00+00:00,4450.43,4454.72,4444.0,2026-01-06 10:03:00+00:00,4444.0,TP,5.98,4.29,1.3939,9,S99_MSS_FVG_SHORT
s99_mss_fvg,BUY,2026-01-06 11:40:00+00:00,4459.12,4455.23,4464.95,2026-01-06 12:22:00+00:00,4464.95,TP,5.38,3.89,1.383,11,S99_MSS_FVG_LONG
s99_mss_fvg,BUY,2026-01-06 14:43:00+00:00,4476.775,4467.28,4491.02,2026-01-06 15:00:00+00:00,4491.02,TP,13.795,9.495,1.4529,14,S99_MSS_FVG_LONG
s99_mss_fvg,SELL,2026-01-07 13:15:00+00:00,4436.27,4444.78,4423.51,2026-01-07 13:27:00+00:00,4444.78,SL,-8.96,8.51,-1.0529,13,S99_MSS_FVG_SHORT
s99_mss_fvg,SELL,2026-01-07 15:20:00+00:00,4430.34,4441.44,4413.69,2026-01-07 15:29:00+00:00,4441.44,SL,-11.55,11.1,-1.0405,15,S99_MSS_FVG_SHORT
s99_mss_fvg,BUY,2026-01-08 06:45:00+00:00,4431.925,4427.09,4439.18,2026-01-08 07:09:00+00:00,4439.18,TP,6.805,4.835,1.4074,6,S99_MSS_FVG_LONG
s99_mss_fvg,SELL,2026-01-08 08:50:00+00:00,4424.67,4427.5,4420.43,2026-01-08 08:53:00+00:00,4427.5,SL,-3.28,2.83,-1.159,8,S99_MSS_FVG_SHORT
s99_mss_fvg,SELL,2026-01-08 10:15:00+00:00,4430.34,4432.38,4427.28,2026-01-08 10:17:00+00:00,4427.28,TP,2.61,2.04,1.2794,10,S99_MSS_FVG_SHORT
s99_mss_fvg,SELL,2026-01-08 10:27:00+00:00,4426.735,4428.44,4424.18,2026-01-08 10:28:00+00:00,4424.18,TP,2.105,1.705,1.2346,10,S99_MSS_FVG_SHORT
s99_mss_fvg,SELL,2026-01-08 12:10:00+00:00,4419.195,4423.01,4413.47,2026-01-08 12:14:00+00:00,4413.47,TP,5.275,3.815,1.3827,12,S99_MSS_FVG_SHORT
s99_mss_fvg,BUY,2026-01-08 13:30:00+00:00,4430.685,4426.53,4436.92,2026-01-08 13:33:00+00:00,4426.53,SL,-4.605,4.155,-1.1083,13,S99_MSS_FVG_LONG
s99_mss_fvg,BUY,2026-01-08 15:20:00+00:00,4446.455,4443.38,4451.07,2026-01-08 15:26:00+00:00,4443.38,SL,-3.525,3.075,-1.1463,15,S99_MSS_FVG_LONG
s99_mss_fvg,BUY,2026-01-09 06:55:00+00:00,4472.92,4468.51,4479.53,2026-01-09 08:02:00+00:00,4468.51,SL,-4.86,4.41,-1.102,6,S99_MSS_FVG_LONG
s99_mss_fvg,BUY,2026-01-09 08:15:00+00:00,4473.485,4471.23,4476.87,2026-01-09 08:31:00+00:00,4471.23,SL,-2.705,2.255,-1.1996,8,S99_MSS_FVG_LONG
s99_mss_fvg,BUY,2026-01-09 13:50:00+00:00,4479.225,4473.45,4487.89,2026-01-09 14:01:00+00:00,4487.89,TP,8.215,5.775,1.4225,13,S99_MSS_FVG_LONG
s99_mss_fvg,BUY,2026-01-09 15:45:00+00:00,4513.235,4510.44,4517.43,2026-01-09 15:47:00+00:00,4510.44,SL,-3.245,2.795,-1.161,15,S99_MSS_FVG_LONG
s99_mss_fvg,BUY,2026-01-12 09:01:00+00:00,4593.5,4587.77,4602.09,2026-01-12 10:08:00+00:00,4587.77,SL,-6.18,5.73,-1.0785,9,S99_MSS_FVG_LONG
s99_mss_fvg,SELL,2026-01-12 11:36:00+00:00,4588.26,4590.22,4585.32,2026-01-12 11:40:00+00:00,4590.22,SL,-2.41,1.96,-1.2296,11,S99_MSS_FVG_SHORT
s99_mss_fvg,SELL,2026-01-12 14:38:00+00:00,4604.48,4617.24,4585.34,2026-01-12 15:09:00+00:00,4617.24,SL,-13.21,12.76,-1.0353,14,S99_MSS_FVG_SHORT
s99_mss_fvg,BUY,2026-01-12 15:16:00+00:00,4614.59,4611.4,4619.38,2026-01-12 15:22:00+00:00,4611.4,SL,-3.64,3.19,-1.1411,15,S99_MSS_FVG_LONG
s99_mss_fvg,BUY,2026-01-12 15:40:00+00:00,4622.715,4620.52,4626.01,2026-01-12 15:43:00+00:00,4626.01,TP,2.845,2.195,1.2961,15,S99_MSS_FVG_LONG
s99_mss_fvg,SELL,2026-01-13 06:46:00+00:00,4578.03,4580.05,4575.0,2026-01-13 06:49:00+00:00,4580.05,SL,-2.47,2.02,-1.2228,6,S99_MSS_FVG_SHORT
s99_mss_fvg,BUY,2026-01-13 08:15:00+00:00,4586.965,4584.81,4590.2,2026-01-13 08:25:00+00:00,4590.2,TP,2.785,2.155,1.2923,8,S99_MSS_FVG_LONG
s99_mss_fvg,BUY,2026-01-13 08:41:00+00:00,4593.66,4591.92,4596.27,2026-01-13 08:58:00+00:00,4591.92,SL,-2.19,1.74,-1.2586,8,S99_MSS_FVG_LONG
s99_mss_fvg,SELL,2026-01-13 09:31:00+00:00,4590.075,4592.29,4586.75,2026-01-13 09:42:00+00:00,4586.75,TP,2.875,2.215,1.298,9,S99_MSS_FVG_SHORT
s99_mss_fvg,SELL,2026-01-13 10:20:00+00:00,4584.245,4586.32,4581.13,2026-01-13 10:22:00+00:00,4586.32,SL,-2.525,2.075,-1.2169,10,S99_MSS_FVG_SHORT
s99_mss_fvg,BUY,2026-01-13 14:54:00+00:00,4624.815,4619.44,4632.88,2026-01-13 14:59:00+00:00,4632.88,TP,7.615,5.375,1.4167,14,S99_MSS_FVG_LONG
s99_mss_fvg,SELL,2026-01-14 06:05:00+00:00,4627.125,4634.8,4615.61,2026-01-14 06:14:00+00:00,4634.8,SL,-8.125,7.675,-1.0586,6,S99_MSS_FVG_SHORT
s99_mss_fvg,SELL,2026-01-14 08:15:00+00:00,4627.82,4631.49,4622.31,2026-01-14 08:28:00+00:00,4622.31,TP,5.06,3.67,1.3787,8,S99_MSS_FVG_SHORT
s99_mss_fvg,SELL,2026-01-14 15:11:00+00:00,4611.14,4615.23,4605.01,2026-01-14 15:13:00+00:00,4615.23,SL,-4.54,4.09,-1.11,15,S99_MSS_FVG_SHORT
s99_mss_fvg,BUY,2026-01-15 11:40:00+00:00,4621.26,4619.64,4623.69,2026-01-15 11:43:00+00:00,4619.64,SL,-2.07,1.62,-1.2778,11,S99_MSS_FVG_LONG
s99_mss_fvg,SELL,2026-01-15 11:51:00+00:00,4618.175,4621.78,4612.77,2026-01-15 12:54:00+00:00,4612.77,TP,4.955,3.605,1.3745,11,S99_MSS_FVG_SHORT
s99_mss_fvg,SELL,2026-01-15 13:25:00+00:00,4609.515,4611.68,4606.27,2026-01-15 13:27:00+00:00,4606.27,TP,2.795,2.165,1.291,13,S99_MSS_FVG_SHORT
s99_mss_fvg,BUY,2026-01-15 15:40:00+00:00,4612.4,4610.82,4614.77,2026-01-15 15:43:00+00:00,4610.82,SL,-2.03,1.58,-1.2848,15,S99_MSS_FVG_LONG
s99_mss_fvg,SELL,2026-01-16 06:50:00+00:00,4598.86,4605.12,4589.47,2026-01-16 07:06:00+00:00,4605.12,SL,-6.71,6.26,-1.0719,6,S99_MSS_FVG_SHORT
s99_mss_fvg,BUY,2026-01-16 07:22:00+00:00,4606.09,4600.47,4614.52,2026-01-16 09:27:00+00:00,4600.47,SL,-6.07,5.62,-1.0801,7,S99_MSS_FVG_LONG
s99_mss_fvg,BUY,2026-01-16 10:43:00+00:00,4606.915,4605.39,4609.2,2026-01-16 10:52:00+00:00,4605.39,SL,-1.975,1.525,-1.2951,10,S99_MSS_FVG_LONG
s99_mss_fvg,SELL,2026-01-16 13:27:00+00:00,4593.375,4595.72,4589.86,2026-01-16 13:28:00+00:00,4589.86,TP,3.065,2.345,1.307,13,S99_MSS_FVG_SHORT
s99_mss_fvg,BUY,2026-01-16 15:13:00+00:00,4615.125,4612.64,4618.85,2026-01-16 15:18:00+00:00,4612.64,SL,-2.935,2.485,-1.1811,15,S99_MSS_FVG_LONG
s99_mss_fvg,BUY,2026-01-19 06:40:00+00:00,4673.51,4671.27,4676.87,2026-01-19 06:54:00+00:00,4676.87,TP,2.91,2.24,1.2991,6,S99_MSS_FVG_LONG
s99_mss_fvg,BUY,2026-01-19 08:16:00+00:00,4668.43,4665.28,4673.16,2026-01-19 08:50:00+00:00,4665.28,SL,-3.6,3.15,-1.1429,8,S99_MSS_FVG_LONG
s99_mss_fvg,SELL,2026-01-19 09:01:00+00:00,4664.215,4666.55,4660.71,2026-01-19 09:05:00+00:00,4666.55,SL,-2.785,2.335,-1.1927,9,S99_MSS_FVG_SHORT
s99_mss_fvg,BUY,2026-01-20 08:15:00+00:00,4723.135,4720.26,4727.45,2026-01-20 08:21:00+00:00,4720.26,SL,-3.325,2.875,-1.1565,8,S99_MSS_FVG_LONG
s99_mss_fvg,BUY,2026-01-20 09:03:00+00:00,4727.985,4724.47,4733.26,2026-01-20 09:14:00+00:00,4724.47,SL,-3.965,3.515,-1.128,9,S99_MSS_FVG_LONG
s99_mss_fvg,BUY,2026-01-20 09:55:00+00:00,4732.9,4729.26,4738.36,2026-01-20 10:28:00+00:00,4729.26,SL,-4.09,3.64,-1.1236,9,S99_MSS_FVG_LONG
s99_mss_fvg,BUY,2026-01-20 12:03:00+00:00,4729.555,4727.14,4733.18,2026-01-20 12:26:00+00:00,4727.14,SL,-2.865,2.415,-1.1863,12,S99_MSS_FVG_LONG
s99_mss_fvg,SELL,2026-01-20 13:12:00+00:00,4726.37,4728.27,4723.52,2026-01-20 13:14:00+00:00,4723.52,TP,2.4,1.9,1.2632,13,S99_MSS_FVG_SHORT
s99_mss_fvg,BUY,2026-01-20 15:10:00+00:00,4743.435,4740.03,4748.54,2026-01-20 15:15:00+00:00,4740.03,SL,-3.855,3.405,-1.1322,15,S99_MSS_FVG_LONG
s99_mss_fvg,SELL,2026-01-20 15:30:00+00:00,4729.79,4738.16,4717.24,2026-01-20 15:49:00+00:00,4738.16,SL,-8.82,8.37,-1.0538,15,S99_MSS_FVG_SHORT
s99_mss_fvg,BUY,2026-01-22 06:10:00+00:00,4820.13,4818.62,4822.4,2026-01-22 06:12:00+00:00,4818.62,SL,-1.96,1.51,-1.298,6,S99_MSS_FVG_LONG
s99_mss_fvg,BUY,2026-01-22 06:30:00+00:00,4825.48,4822.04,4830.64,2026-01-22 06:52:00+00:00,4822.04,SL,-3.89,3.44,-1.1308,6,S99_MSS_FVG_LONG
s99_mss_fvg,BUY,2026-01-22 07:24:00+00:00,4830.64,4825.97,4837.65,2026-01-22 07:28:00+00:00,4837.65,TP,6.56,4.67,1.4047,7,S99_MSS_FVG_LONG
s99_mss_fvg,SELL,2026-01-22 08:26:00+00:00,4830.06,4832.05,4827.08,2026-01-22 08:29:00+00:00,4827.08,TP,2.53,1.99,1.2714,8,S99_MSS_FVG_SHORT
s99_mss_fvg,SELL,2026-01-22 10:18:00+00:00,4826.17,4828.98,4821.96,2026-01-22 10:21:00+00:00,4821.96,TP,3.76,2.81,1.3381,10,S99_MSS_FVG_SHORT
s99_mss_fvg,BUY,2026-01-22 11:58:00+00:00,4833.375,4830.93,4837.04,2026-01-22 12:00:00+00:00,4830.93,SL,-2.895,2.445,-1.184,11,S99_MSS_FVG_LONG
s99_mss_fvg,SELL,2026-01-22 12:11:00+00:00,4827.06,4831.92,4819.77,2026-01-22 12:27:00+00:00,4831.92,SL,-5.31,4.86,-1.0926,12,S99_MSS_FVG_SHORT
s99_mss_fvg,SELL,2026-01-22 13:05:00+00:00,4822.9,4826.16,4818.01,2026-01-22 13:13:00+00:00,4826.16,SL,-3.71,3.26,-1.138,13,S99_MSS_FVG_SHORT
s99_mss_fvg,SELL,2026-01-22 13:50:00+00:00,4816.14,4820.59,4809.47,2026-01-22 13:51:00+00:00,4820.59,SL,-4.9,4.45,-1.1011,13,S99_MSS_FVG_SHORT
s99_mss_fvg,BUY,2026-01-22 15:40:00+00:00,4860.68,4854.32,4870.22,2026-01-22 15:52:00+00:00,4870.22,TP,9.09,6.36,1.4292,15,S99_MSS_FVG_LONG
s99_mss_fvg,SELL,2026-01-23 07:54:00+00:00,4950.39,4953.53,4945.68,2026-01-23 07:57:00+00:00,4945.68,TP,4.26,3.14,1.3567,7,S99_MSS_FVG_SHORT
s99_mss_fvg,SELL,2026-01-23 08:35:00+00:00,4920.185,4922.05,4917.39,2026-01-23 08:36:00+00:00,4922.05,SL,-2.315,1.865,-1.2413,8,S99_MSS_FVG_SHORT
s99_mss_fvg,SELL,2026-01-23 11:12:00+00:00,4920.97,4928.5,4909.68,2026-01-23 12:02:00+00:00,4928.5,SL,-7.98,7.53,-1.0598,11,S99_MSS_FVG_SHORT
s99_mss_fvg,BUY,2026-01-23 12:18:00+00:00,4932.44,4930.11,4935.93,2026-01-23 12:27:00+00:00,4935.93,TP,3.04,2.33,1.3047,12,S99_MSS_FVG_LONG
s99_mss_fvg,BUY,2026-01-23 13:57:00+00:00,4935.445,4932.27,4940.21,2026-01-23 13:59:00+00:00,4940.21,TP,4.315,3.175,1.3591,13,S99_MSS_FVG_LONG
s99_mss_fvg,BUY,2026-01-23 14:15:00+00:00,4942.685,4940.85,4945.44,2026-01-23 14:18:00+00:00,4940.85,SL,-2.285,1.835,-1.2452,14,S99_MSS_FVG_LONG
s99_mss_fvg,BUY,2026-01-23 14:55:00+00:00,4950.995,4948.57,4954.63,2026-01-23 14:58:00+00:00,4948.57,SL,-2.875,2.425,-1.1856,14,S99_MSS_FVG_LONG
s99_mss_fvg,BUY,2026-01-26 06:55:00+00:00,5098.845,5090.82,5110.88,2026-01-26 06:56:00+00:00,5090.82,SL,-8.475,8.025,-1.0561,6,S99_MSS_FVG_LONG
s99_mss_fvg,SELL,2026-01-26 10:12:00+00:00,5086.325,5088.66,5082.82,2026-01-26 10:14:00+00:00,5088.66,SL,-2.785,2.335,-1.1927,10,S99_MSS_FVG_SHORT
s99_mss_fvg,SELL,2026-01-26 11:27:00+00:00,5085.37,5088.26,5081.03,2026-01-26 11:37:00+00:00,5088.26,SL,-3.34,2.89,-1.1557,11,S99_MSS_FVG_SHORT
s99_mss_fvg,SELL,2026-01-26 13:10:00+00:00,5080.94,5083.12,5077.67,2026-01-26 13:15:00+00:00,5083.12,SL,-2.63,2.18,-1.2064,13,S99_MSS_FVG_SHORT
s99_mss_fvg,SELL,2026-01-26 13:40:00+00:00,5065.65,5068.78,5060.95,2026-01-26 13:41:00+00:00,5068.78,SL,-3.58,3.13,-1.1438,13,S99_MSS_FVG_SHORT
s99_mss_fvg,BUY,2026-01-27 07:48:00+00:00,5091.045,5088.35,5095.09,2026-01-27 07:58:00+00:00,5088.35,SL,-3.145,2.695,-1.167,7,S99_MSS_FVG_LONG
s99_mss_fvg,SELL,2026-01-27 08:35:00+00:00,5079.62,5083.9,5073.2,2026-01-27 08:45:00+00:00,5083.9,SL,-4.73,4.28,-1.1051,8,S99_MSS_FVG_SHORT
s99_mss_fvg,SELL,2026-01-27 11:56:00+00:00,5077.54,5086.05,5064.77,2026-01-27 12:32:00+00:00,5086.05,SL,-8.96,8.51,-1.0529,11,S99_MSS_FVG_SHORT
s99_mss_fvg,BUY,2026-01-28 08:38:00+00:00,5298.295,5293.31,5305.77,2026-01-28 08:43:00+00:00,5293.31,SL,-5.435,4.985,-1.0903,8,S99_MSS_FVG_LONG
s99_mss_fvg,SELL,2026-01-28 09:28:00+00:00,5279.525,5282.27,5275.41,2026-01-28 09:30:00+00:00,5275.41,TP,3.665,2.745,1.3352,9,S99_MSS_FVG_SHORT
s99_mss_fvg,SELL,2026-01-28 11:10:00+00:00,5256.76,5271.62,5234.47,2026-01-28 12:43:00+00:00,5271.62,SL,-15.31,14.86,-1.0303,11,S99_MSS_FVG_SHORT
s99_mss_fvg,BUY,2026-01-28 12:48:00+00:00,5267.27,5264.24,5271.82,2026-01-28 12:52:00+00:00,5271.82,TP,4.1,3.03,1.3531,12,S99_MSS_FVG_LONG
s99_mss_fvg,BUY,2026-01-28 13:10:00+00:00,5280.855,5277.95,5285.21,2026-01-28 13:11:00+00:00,5277.95,SL,-3.355,2.905,-1.1549,13,S99_MSS_FVG_LONG
s99_mss_fvg,SELL,2026-01-28 14:00:00+00:00,5269.395,5275.99,5259.5,2026-01-28 14:02:00+00:00,5259.5,TP,9.445,6.595,1.4321,14,S99_MSS_FVG_SHORT
s99_mss_fvg,BUY,2026-01-28 14:50:00+00:00,5273.28,5262.78,5289.03,2026-01-28 15:00:00+00:00,5289.03,TP,15.3,10.5,1.4571,14,S99_MSS_FVG_LONG
s99_mss_fvg,SELL,2026-01-28 15:15:00+00:00,5262.43,5288.62,5223.15,2026-01-28 16:09:00+00:00,5288.62,SL,-26.64,26.19,-1.0172,15,S99_MSS_FVG_SHORT
s99_mss_fvg,BUY,2026-01-29 06:11:00+00:00,5581.61,5561.79,5611.34,2026-01-29 06:48:00+00:00,5561.79,SL,-20.27,19.82,-1.0227,6,S99_MSS_FVG_LONG
s99_mss_fvg,SELL,2026-01-29 08:13:00+00:00,5539.735,5546.27,5529.93,2026-01-29 08:17:00+00:00,5529.93,TP,9.355,6.535,1.4315,8,S99_MSS_FVG_SHORT
s99_mss_fvg,SELL,2026-01-29 08:50:00+00:00,5507.05,5514.94,5495.22,2026-01-29 08:54:00+00:00,5514.94,SL,-8.34,7.89,-1.057,8,S99_MSS_FVG_SHORT
s99_mss_fvg,SELL,2026-01-29 11:07:00+00:00,5488.78,5504.82,5464.72,2026-01-29 11:12:00+00:00,5504.82,SL,-16.49,16.04,-1.0281,11,S99_MSS_FVG_SHORT
s99_mss_fvg,BUY,2026-01-29 12:20:00+00:00,5531.755,5524.69,5542.35,2026-01-29 12:28:00+00:00,5542.35,TP,10.145,7.065,1.436,12,S99_MSS_FVG_LONG
s99_mss_fvg,SELL,2026-01-29 13:23:00+00:00,5521.78,5531.66,5506.96,2026-01-29 13:35:00+00:00,5506.96,TP,14.37,9.88,1.4545,13,S99_MSS_FVG_SHORT
s99_mss_fvg,SELL,2026-01-30 06:10:00+00:00,5204.37,5215.8,5187.22,2026-01-30 06:12:00+00:00,5187.22,TP,16.7,11.43,1.4611,6,S99_MSS_FVG_SHORT
s99_mss_fvg,SELL,2026-01-30 06:36:00+00:00,5169.91,5177.15,5159.05,2026-01-30 06:37:00+00:00,5177.15,SL,-7.69,7.24,-1.0622,6,S99_MSS_FVG_SHORT
s99_mss_fvg,SELL,2026-01-30 08:40:00+00:00,5098.81,5157.66,5010.54,2026-01-30 09:42:00+00:00,5010.54,TP,87.82,58.85,1.4923,8,S99_MSS_FVG_SHORT
s99_mss_fvg,SELL,2026-01-30 09:56:00+00:00,5000.275,5038.09,4943.55,2026-01-30 10:02:00+00:00,5038.09,SL,-38.265,37.815,-1.0119,9,S99_MSS_FVG_SHORT
s99_mss_fvg,SELL,2026-01-30 13:35:00+00:00,5039.165,5058.25,5010.54,2026-01-30 13:47:00+00:00,5010.54,TP,28.175,19.085,1.4763,13,S99_MSS_FVG_SHORT
s99_mss_fvg,SELL,2026-01-30 13:55:00+00:00,5011.5,5035.88,4974.93,2026-01-30 14:01:00+00:00,5035.88,SL,-24.83,24.38,-1.0185,13,S99_MSS_FVG_SHORT
s99_mss_fvg,SELL,2026-01-30 15:11:00+00:00,5035.485,5050.56,5012.87,2026-01-30 15:16:00+00:00,5050.56,SL,-15.525,15.075,-1.0299,15,S99_MSS_FVG_SHORT
s99_mss_fvg,SELL,2026-02-02 06:30:00+00:00,4495.16,4523.05,4453.32,2026-02-02 06:36:00+00:00,4453.32,TP,41.39,27.89,1.484,6,S99_MSS_FVG_SHORT
s99_mss_fvg,SELL,2026-02-02 06:45:00+00:00,4456.91,4474.98,4429.81,2026-02-02 06:52:00+00:00,4474.98,SL,-18.52,18.07,-1.0249,6,S99_MSS_FVG_SHORT
s99_mss_fvg,BUY,2026-02-02 07:53:00+00:00,4582.795,4564.69,4609.95,2026-02-02 07:56:00+00:00,4609.95,TP,26.705,18.105,1.475,7,S99_MSS_FVG_LONG
s99_mss_fvg,BUY,2026-02-02 08:25:00+00:00,4629.735,4621.75,4641.71,2026-02-02 08:27:00+00:00,4621.75,SL,-8.435,7.985,-1.0564,8,S99_MSS_FVG_LONG
s99_mss_fvg,BUY,2026-02-02 09:35:00+00:00,4684.525,4645.67,4742.81,2026-02-02 11:14:00+00:00,4742.81,TP,57.835,38.855,1.4885,9,S99_MSS_FVG_LONG
s99_mss_fvg,BUY,2026-02-02 11:27:00+00:00,4740.78,4721.0,4770.45,2026-02-02 11:37:00+00:00,4770.45,TP,29.22,19.78,1.4772,11,S99_MSS_FVG_LONG
s99_mss_fvg,BUY,2026-02-02 11:50:00+00:00,4769.85,4760.36,4784.09,2026-02-02 11:53:00+00:00,4760.36,SL,-9.94,9.49,-1.0474,11,S99_MSS_FVG_LONG
s99_mss_fvg,BUY,2026-02-02 14:45:00+00:00,4750.045,4723.63,4789.67,2026-02-02 14:54:00+00:00,4723.63,SL,-26.865,26.415,-1.017,14,S99_MSS_FVG_LONG
s99_mss_fvg,BUY,2026-02-03 06:50:00+00:00,4868.63,4859.92,4881.69,2026-02-03 06:53:00+00:00,4881.69,TP,12.61,8.71,1.4478,6,S99_MSS_FVG_LONG
s99_mss_fvg,BUY,2026-02-03 07:45:00+00:00,4916.99,4898.96,4944.03,2026-02-03 08:06:00+00:00,4898.96,SL,-18.48,18.03,-1.025,7,S99_MSS_FVG_LONG
s99_mss_fvg,BUY,2026-02-03 08:57:00+00:00,4927.5,4917.55,4942.42,2026-02-03 08:59:00+00:00,4917.55,SL,-10.4,9.95,-1.0452,8,S99_MSS_FVG_LONG
s99_mss_fvg,SELL,2026-02-03 11:05:00+00:00,4903.495,4916.21,4884.42,2026-02-03 11:24:00+00:00,4884.42,TP,18.625,12.715,1.4648,11,S99_MSS_FVG_SHORT
s99_mss_fvg,SELL,2026-02-03 11:26:00+00:00,4899.58,4908.14,4886.74,2026-02-03 11:33:00+00:00,4908.14,SL,-9.01,8.56,-1.0526,11,S99_MSS_FVG_SHORT
s99_mss_fvg,BUY,2026-02-03 12:14:00+00:00,4925.475,4914.8,4941.49,2026-02-03 12:18:00+00:00,4914.8,SL,-11.125,10.675,-1.0422,12,S99_MSS_FVG_LONG
s99_mss_fvg,BUY,2026-02-03 13:10:00+00:00,4921.42,4915.76,4929.91,2026-02-03 13:15:00+00:00,4929.91,TP,8.04,5.66,1.4205,13,S99_MSS_FVG_LONG
s99_mss_fvg,BUY,2026-02-03 13:35:00+00:00,4930.375,4923.64,4940.48,2026-02-03 13:42:00+00:00,4940.48,TP,9.655,6.735,1.4336,13,S99_MSS_FVG_LONG
s99_mss_fvg,BUY,2026-02-03 13:50:00+00:00,4941.88,4937.08,4949.08,2026-02-03 13:51:00+00:00,4937.08,SL,-5.25,4.8,-1.0937,13,S99_MSS_FVG_LONG
s99_mss_fvg,BUY,2026-02-03 15:15:00+00:00,4933.405,4921.53,4951.22,2026-02-03 15:21:00+00:00,4921.53,SL,-12.325,11.875,-1.0379,15,S99_MSS_FVG_LONG
s99_mss_fvg,BUY,2026-02-04 07:34:00+00:00,5080.26,5067.19,5099.87,2026-02-04 07:36:00+00:00,5067.19,SL,-13.52,13.07,-1.0344,7,S99_MSS_FVG_LONG
s99_mss_fvg,SELL,2026-02-04 09:43:00+00:00,5065.915,5069.71,5060.22,2026-02-04 09:44:00+00:00,5060.22,TP,5.245,3.795,1.3821,9,S99_MSS_FVG_SHORT
s99_mss_fvg,SELL,2026-02-04 11:25:00+00:00,5032.32,5044.49,5014.06,2026-02-04 11:53:00+00:00,5044.49,SL,-12.62,12.17,-1.037,11,S99_MSS_FVG_SHORT
s99_mss_fvg,SELL,2026-02-04 15:40:00+00:00,4927.725,4956.92,4883.93,2026-02-04 16:46:00+00:00,4883.93,TP,43.345,29.195,1.4847,15,S99_MSS_FVG_SHORT
s99_mss_fvg,BUY,2026-02-05 06:15:00+00:00,4907.595,4892.97,4929.53,2026-02-05 06:28:00+00:00,4929.53,TP,21.485,14.625,1.4691,6,S99_MSS_FVG_LONG
s99_mss_fvg,SELL,2026-02-05 08:00:00+00:00,4921.13,4927.49,4911.59,2026-02-05 08:03:00+00:00,4927.49,SL,-6.81,6.36,-1.0708,8,S99_MSS_FVG_SHORT
s99_mss_fvg,BUY,2026-02-05 14:47:00+00:00,4850.19,4832.3,4877.02,2026-02-05 15:01:00+00:00,4832.3,SL,-18.34,17.89,-1.0252,14,S99_MSS_FVG_LONG
s99_mss_fvg,SELL,2026-02-05 15:37:00+00:00,4826.115,4831.32,4818.31,2026-02-05 15:38:00+00:00,4831.32,SL,-5.655,5.205,-1.0865,15,S99_MSS_FVG_SHORT
s99_mss_fvg,BUY,2026-02-06 08:37:00+00:00,4865.815,4857.92,4877.66,2026-02-06 08:40:00+00:00,4857.92,SL,-8.345,7.895,-1.057,8,S99_MSS_FVG_LONG
s99_mss_fvg,BUY,2026-02-06 10:15:00+00:00,4870.695,4867.89,4874.9,2026-02-06 10:16:00+00:00,4874.9,TP,3.755,2.805,1.3387,10,S99_MSS_FVG_LONG
s99_mss_fvg,SELL,2026-02-06 10:32:00+00:00,4860.43,4867.33,4850.08,2026-02-06 10:34:00+00:00,4867.33,SL,-7.35,6.9,-1.0652,10,S99_MSS_FVG_SHORT
s99_mss_fvg,BUY,2026-02-06 13:10:00+00:00,4909.56,4899.93,4924.01,2026-02-06 13:22:00+00:00,4924.01,TP,14.0,9.63,1.4538,13,S99_MSS_FVG_LONG
s99_mss_fvg,BUY,2026-02-06 13:45:00+00:00,4929.925,4925.89,4935.98,2026-02-06 13:50:00+00:00,4925.89,SL,-4.485,4.035,-1.1115,13,S99_MSS_FVG_LONG
s99_mss_fvg,BUY,2026-02-06 14:43:00+00:00,4924.86,4905.2,4954.35,2026-02-06 15:00:00+00:00,4954.35,TP,29.04,19.66,1.4771,14,S99_MSS_FVG_LONG
s99_mss_fvg,SELL,2026-02-09 07:32:00+00:00,5015.29,5020.4,5007.62,2026-02-09 07:39:00+00:00,5007.62,TP,7.22,5.11,1.4129,7,S99_MSS_FVG_SHORT
s99_mss_fvg,BUY,2026-02-09 08:27:00+00:00,5023.66,5018.78,5030.98,2026-02-09 08:43:00+00:00,5030.98,TP,6.87,4.88,1.4078,8,S99_MSS_FVG_LONG
s99_mss_fvg,SELL,2026-02-09 10:36:00+00:00,4994.12,5008.12,4973.12,2026-02-09 11:38:00+00:00,5008.12,SL,-14.45,14.0,-1.0321,10,S99_MSS_FVG_SHORT
s99_mss_fvg,BUY,2026-02-09 14:41:00+00:00,5026.06,5022.01,5032.14,2026-02-09 14:42:00+00:00,5032.14,TP,5.63,4.05,1.3901,14,S99_MSS_FVG_LONG
s99_mss_fvg,BUY,2026-02-09 15:41:00+00:00,5048.235,5032.3,5072.14,2026-02-09 16:22:00+00:00,5072.14,TP,23.455,15.935,1.4719,15,S99_MSS_FVG_LONG
s99_mss_fvg,BUY,2026-02-10 08:51:00+00:00,5047.405,5043.93,5052.62,2026-02-10 08:55:00+00:00,5043.93,SL,-3.925,3.475,-1.1295,8,S99_MSS_FVG_LONG
s99_mss_fvg,BUY,2026-02-10 09:17:00+00:00,5048.465,5045.98,5052.19,2026-02-10 09:18:00+00:00,5045.98,SL,-2.935,2.485,-1.1811,9,S99_MSS_FVG_LONG
s99_mss_fvg,SELL,2026-02-10 10:21:00+00:00,5042.065,5048.92,5031.78,2026-02-10 10:24:00+00:00,5048.92,SL,-7.305,6.855,-1.0656,10,S99_MSS_FVG_SHORT
s99_mss_fvg,SELL,2026-02-10 12:16:00+00:00,5046.795,5052.57,5038.13,2026-02-10 12:43:00+00:00,5038.13,TP,8.215,5.775,1.4225,12,S99_MSS_FVG_SHORT
s99_mss_fvg,SELL,2026-02-10 12:51:00+00:00,5029.82,5045.85,5005.77,2026-02-10 13:18:00+00:00,5045.85,SL,-16.48,16.03,-1.0281,12,S99_MSS_FVG_SHORT
s99_mss_fvg,BUY,2026-02-10 14:25:00+00:00,5067.64,5056.77,5083.94,2026-02-10 14:41:00+00:00,5056.77,SL,-11.32,10.87,-1.0414,14,S99_MSS_FVG_LONG
s99_mss_fvg,SELL,2026-02-10 15:46:00+00:00,5020.1,5029.92,5005.37,2026-02-10 17:17:00+00:00,5029.92,SL,-10.27,9.82,-1.0458,15,S99_MSS_FVG_SHORT
s99_mss_fvg,BUY,2026-02-11 09:41:00+00:00,5057.47,5054.23,5062.33,2026-02-11 09:44:00+00:00,5062.33,TP,4.41,3.24,1.3611,9,S99_MSS_FVG_LONG
s99_mss_fvg,BUY,2026-02-11 09:50:00+00:00,5063.425,5060.69,5067.53,2026-02-11 09:54:00+00:00,5060.69,SL,-3.185,2.735,-1.1645,9,S99_MSS_FVG_LONG
s99_mss_fvg,BUY,2026-02-11 10:26:00+00:00,5072.09,5069.02,5076.69,2026-02-11 10:27:00+00:00,5069.02,SL,-3.52,3.07,-1.1466,10,S99_MSS_FVG_LONG
s99_mss_fvg,BUY,2026-02-11 11:01:00+00:00,5091.245,5073.43,5117.97,2026-02-11 12:00:00+00:00,5117.97,TP,26.275,17.815,1.4749,11,S99_MSS_FVG_LONG
s99_mss_fvg,SELL,2026-02-11 12:50:00+00:00,5075.935,5082.21,5066.52,2026-02-11 12:59:00+00:00,5082.21,SL,-6.725,6.275,-1.0717,12,S99_MSS_FVG_SHORT
s99_mss_fvg,SELL,2026-02-12 06:40:00+00:00,5053.58,5056.69,5048.92,2026-02-12 06:41:00+00:00,5056.69,SL,-3.56,3.11,-1.1447,6,S99_MSS_FVG_SHORT
s99_mss_fvg,BUY,2026-02-12 08:13:00+00:00,5068.28,5064.9,5073.35,2026-02-12 08:22:00+00:00,5064.9,SL,-3.83,3.38,-1.1331,8,S99_MSS_FVG_LONG
s99_mss_fvg,SELL,2026-02-12 13:06:00+00:00,5058.76,5064.71,5049.84,2026-02-12 13:12:00+00:00,5064.71,SL,-6.4,5.95,-1.0756,13,S99_MSS_FVG_SHORT
s99_mss_fvg,BUY,2026-02-12 13:58:00+00:00,5077.855,5075.85,5080.86,2026-02-12 13:59:00+00:00,5075.85,SL,-2.455,2.005,-1.2244,13,S99_MSS_FVG_LONG
s99_mss_fvg,BUY,2026-02-13 07:42:00+00:00,4973.105,4969.12,4979.08,2026-02-13 07:43:00+00:00,4969.12,SL,-4.435,3.985,-1.1129,7,S99_MSS_FVG_LONG
s99_mss_fvg,SELL,2026-02-13 09:43:00+00:00,4971.98,4977.2,4964.15,2026-02-13 10:11:00+00:00,4977.2,SL,-5.67,5.22,-1.0862,9,S99_MSS_FVG_SHORT
s99_mss_fvg,SELL,2026-02-13 11:12:00+00:00,4952.37,4963.22,4936.09,2026-02-13 11:24:00+00:00,4936.09,TP,15.83,10.85,1.459,11,S99_MSS_FVG_SHORT
s99_mss_fvg,BUY,2026-02-13 12:10:00+00:00,4956.59,4953.68,4960.95,2026-02-13 12:13:00+00:00,4960.95,TP,3.91,2.91,1.3436,12,S99_MSS_FVG_LONG
s99_mss_fvg,BUY,2026-02-13 13:40:00+00:00,4984.02,4968.31,5007.59,2026-02-13 14:21:00+00:00,5007.59,TP,23.12,15.71,1.4717,13,S99_MSS_FVG_LONG
s99_mss_fvg,SELL,2026-02-16 12:20:00+00:00,4999.55,5001.67,4996.37,2026-02-16 12:29:00+00:00,4996.37,TP,2.73,2.12,1.2877,12,S99_MSS_FVG_SHORT
s99_mss_fvg,SELL,2026-02-16 15:22:00+00:00,4979.73,4985.86,4970.53,2026-02-16 16:28:00+00:00,4985.86,SL,-6.58,6.13,-1.0734,15,S99_MSS_FVG_SHORT
s99_mss_fvg,BUY,2026-02-17 07:45:00+00:00,4917.155,4909.64,4928.43,2026-02-17 08:12:00+00:00,4928.43,TP,10.825,7.515,1.4405,7,S99_MSS_FVG_LONG
s99_mss_fvg,BUY,2026-02-17 10:00:00+00:00,4925.91,4921.33,4932.78,2026-02-17 10:11:00+00:00,4932.78,TP,6.42,4.58,1.4017,10,S99_MSS_FVG_LONG
s99_mss_fvg,BUY,2026-02-17 10:25:00+00:00,4931.57,4928.54,4936.11,2026-02-17 10:29:00+00:00,4928.54,SL,-3.48,3.03,-1.1485,10,S99_MSS_FVG_LONG
s99_mss_fvg,SELL,2026-02-17 14:05:00+00:00,4874.415,4912.66,4817.05,2026-02-17 23:04:00+00:00,4871.13,TIME,2.835,38.245,0.0741,14,S99_MSS_FVG_SHORT
s99_mss_fvg,SELL,2026-02-18 08:03:00+00:00,4932.2,4934.64,4928.54,2026-02-18 08:05:00+00:00,4928.54,TP,3.21,2.44,1.3156,8,S99_MSS_FVG_SHORT
s99_mss_fvg,SELL,2026-02-18 08:25:00+00:00,4927.22,4929.15,4924.33,2026-02-18 08:28:00+00:00,4924.33,TP,2.44,1.93,1.2642,8,S99_MSS_FVG_SHORT
s99_mss_fvg,SELL,2026-02-19 08:13:00+00:00,5011.385,5015.16,5005.72,2026-02-19 08:30:00+00:00,5015.16,SL,-4.225,3.775,-1.1192,8,S99_MSS_FVG_SHORT
s99_mss_fvg,SELL,2026-02-19 10:39:00+00:00,4994.105,4996.53,4990.47,2026-02-19 10:42:00+00:00,4990.47,TP,3.185,2.425,1.3134,10,S99_MSS_FVG_SHORT
s99_mss_fvg,SELL,2026-02-19 12:05:00+00:00,4990.51,4993.58,4985.91,2026-02-19 12:08:00+00:00,4985.91,TP,4.15,3.07,1.3518,12,S99_MSS_FVG_SHORT
s99_mss_fvg,BUY,2026-02-19 13:45:00+00:00,4992.15,4989.55,4996.05,2026-02-19 13:50:00+00:00,4996.05,TP,3.45,2.6,1.3269,13,S99_MSS_FVG_LONG
s99_mss_fvg,BUY,2026-02-19 15:40:00+00:00,5014.02,5005.8,5026.35,2026-02-19 16:05:00+00:00,5005.8,SL,-8.67,8.22,-1.0547,15,S99_MSS_FVG_LONG
s99_mss_fvg,BUY,2026-02-20 06:32:00+00:00,5021.6,5017.96,5027.06,2026-02-20 06:38:00+00:00,5027.06,TP,5.01,3.64,1.3764,6,S99_MSS_FVG_LONG
s99_mss_fvg,SELL,2026-02-20 07:30:00+00:00,5016.25,5021.42,5008.49,2026-02-20 07:56:00+00:00,5008.49,TP,7.31,5.17,1.4139,7,S99_MSS_FVG_SHORT
s99_mss_fvg,SELL,2026-02-20 08:01:00+00:00,5012.305,5014.34,5009.25,2026-02-20 08:03:00+00:00,5014.34,SL,-2.485,2.035,-1.2211,8,S99_MSS_FVG_SHORT
s99_mss_fvg,BUY,2026-02-20 08:43:00+00:00,5021.53,5018.98,5025.35,2026-02-20 08:47:00+00:00,5025.35,TP,3.37,2.55,1.3216,8,S99_MSS_FVG_LONG
s99_mss_fvg,BUY,2026-02-20 09:30:00+00:00,5032.99,5030.06,5037.38,2026-02-20 09:37:00+00:00,5030.06,SL,-3.38,2.93,-1.1536,9,S99_MSS_FVG_LONG
s99_mss_fvg,SELL,2026-02-20 10:13:00+00:00,5025.96,5028.58,5022.03,2026-02-20 10:17:00+00:00,5028.58,SL,-3.07,2.62,-1.1718,10,S99_MSS_FVG_SHORT
s99_mss_fvg,BUY,2026-02-20 10:42:00+00:00,5033.435,5025.93,5044.69,2026-02-20 10:48:00+00:00,5025.93,SL,-7.955,7.505,-1.06,10,S99_MSS_FVG_LONG
s99_mss_fvg,BUY,2026-02-20 14:51:00+00:00,5053.46,5051.02,5057.12,2026-02-20 14:52:00+00:00,5057.12,TP,3.21,2.44,1.3156,14,S99_MSS_FVG_LONG
s99_mss_fvg,SELL,2026-02-20 15:15:00+00:00,5030.745,5051.18,5000.09,2026-02-20 15:47:00+00:00,5051.18,SL,-20.885,20.435,-1.022,15,S99_MSS_FVG_SHORT
s99_mss_fvg,BUY,2026-02-20 15:50:00+00:00,5044.88,5034.5,5060.45,2026-02-20 16:32:00+00:00,5060.45,TP,15.12,10.38,1.4566,15,S99_MSS_FVG_LONG
s99_mss_fvg,SELL,2026-02-23 08:32:00+00:00,5130.785,5136.42,5122.33,2026-02-23 08:53:00+00:00,5136.42,SL,-6.085,5.635,-1.0799,8,S99_MSS_FVG_SHORT
s99_mss_fvg,BUY,2026-02-23 10:06:00+00:00,5148.935,5147.18,5151.57,2026-02-23 10:07:00+00:00,5147.18,SL,-2.205,1.755,-1.2564,10,S99_MSS_FVG_LONG
s99_mss_fvg,BUY,2026-02-23 10:30:00+00:00,5150.795,5149.12,5153.31,2026-02-23 10:32:00+00:00,5149.12,SL,-2.125,1.675,-1.2687,10,S99_MSS_FVG_LONG
s99_mss_fvg,BUY,2026-02-23 11:06:00+00:00,5160.035,5153.69,5169.55,2026-02-23 11:13:00+00:00,5153.69,SL,-6.795,6.345,-1.0709,11,S99_MSS_FVG_LONG
s99_mss_fvg,BUY,2026-02-23 12:50:00+00:00,5160.13,5157.36,5164.29,2026-02-23 12:53:00+00:00,5164.29,TP,3.71,2.77,1.3394,12,S99_MSS_FVG_LONG
s99_mss_fvg,SELL,2026-02-24 10:43:00+00:00,5171.73,5176.84,5164.06,2026-02-24 11:11:00+00:00,5176.84,SL,-5.56,5.11,-1.0881,10,S99_MSS_FVG_SHORT
s99_mss_fvg,BUY,2026-02-24 11:46:00+00:00,5175.935,5174.43,5178.19,2026-02-24 11:47:00+00:00,5174.43,SL,-1.955,1.505,-1.299,11,S99_MSS_FVG_LONG
s99_mss_fvg,SELL,2026-02-24 13:55:00+00:00,5134.35,5138.8,5127.68,2026-02-24 13:57:00+00:00,5127.68,TP,6.22,4.45,1.3978,13,S99_MSS_FVG_SHORT
s99_mss_fvg,SELL,2026-02-24 14:20:00+00:00,5109.0,5119.72,5092.92,2026-02-24 14:30:00+00:00,5119.72,SL,-11.17,10.72,-1.042,14,S99_MSS_FVG_SHORT
s99_mss_fvg,BUY,2026-02-24 15:50:00+00:00,5149.875,5145.5,5156.44,2026-02-24 15:51:00+00:00,5145.5,SL,-4.825,4.375,-1.1029,15,S99_MSS_FVG_LONG
s99_mss_fvg,BUY,2026-02-25 08:27:00+00:00,5190.65,5188.6,5193.72,2026-02-25 08:30:00+00:00,5193.72,TP,2.62,2.05,1.278,8,S99_MSS_FVG_LONG
s99_mss_fvg,SELL,2026-02-25 10:42:00+00:00,5180.89,5183.81,5176.51,2026-02-25 10:44:00+00:00,5176.51,TP,3.93,2.92,1.3459,10,S99_MSS_FVG_SHORT
s99_mss_fvg,SELL,2026-02-25 11:26:00+00:00,5165.755,5170.49,5158.65,2026-02-25 11:30:00+00:00,5170.49,SL,-5.185,4.735,-1.095,11,S99_MSS_FVG_SHORT
s99_mss_fvg,BUY,2026-02-25 13:41:00+00:00,5184.675,5182.38,5188.12,2026-02-25 13:42:00+00:00,5182.38,SL,-2.745,2.295,-1.1961,13,S99_MSS_FVG_LONG
s99_mss_fvg,BUY,2026-02-25 15:10:00+00:00,5195.31,5191.65,5200.8,2026-02-25 15:11:00+00:00,5191.65,SL,-4.11,3.66,-1.123,15,S99_MSS_FVG_LONG
s99_mss_fvg,SELL,2026-02-26 08:50:00+00:00,5181.035,5186.23,5173.24,2026-02-26 09:52:00+00:00,5186.23,SL,-5.645,5.195,-1.0866,8,S99_MSS_FVG_SHORT
s99_mss_fvg,BUY,2026-02-26 10:00:00+00:00,5186.11,5184.42,5188.64,2026-02-26 10:04:00+00:00,5188.64,TP,2.08,1.69,1.2308,10,S99_MSS_FVG_LONG
s99_mss_fvg,SELL,2026-02-26 12:00:00+00:00,5166.055,5171.91,5157.27,2026-02-26 12:17:00+00:00,5171.91,SL,-6.305,5.855,-1.0769,12,S99_MSS_FVG_SHORT
s99_mss_fvg,SELL,2026-02-27 07:05:00+00:00,5188.895,5192.43,5183.59,2026-02-27 07:14:00+00:00,5183.59,TP,4.855,3.535,1.3734,7,S99_MSS_FVG_SHORT
s99_mss_fvg,SELL,2026-02-27 07:22:00+00:00,5183.205,5185.99,5179.03,2026-02-27 07:29:00+00:00,5179.03,TP,3.725,2.785,1.3375,7,S99_MSS_FVG_SHORT
s99_mss_fvg,SELL,2026-02-27 10:18:00+00:00,5178.005,5180.78,5173.84,2026-02-27 10:28:00+00:00,5180.78,SL,-3.225,2.775,-1.1622,10,S99_MSS_FVG_SHORT
s99_mss_fvg,BUY,2026-02-27 13:30:00+00:00,5232.65,5219.66,5252.13,2026-02-27 13:35:00+00:00,5219.66,SL,-13.44,12.99,-1.0346,13,S99_MSS_FVG_LONG
s99_mss_fvg,BUY,2026-02-27 15:16:00+00:00,5230.365,5226.07,5236.81,2026-02-27 15:18:00+00:00,5226.07,SL,-4.745,4.295,-1.1048,15,S99_MSS_FVG_LONG
s99_mss_fvg,SELL,2026-02-27 15:26:00+00:00,5225.52,5232.51,5215.04,2026-02-27 15:30:00+00:00,5232.51,SL,-7.44,6.99,-1.0644,15,S99_MSS_FVG_SHORT
s99_mss_fvg,BUY,2026-03-02 07:27:00+00:00,5413.44,5405.44,5425.44,2026-03-02 07:37:00+00:00,5405.44,SL,-8.45,8.0,-1.0562,7,S99_MSS_FVG_LONG
s99_mss_fvg,BUY,2026-03-02 08:37:00+00:00,5409.365,5406.25,5414.04,2026-03-02 08:41:00+00:00,5406.25,SL,-3.565,3.115,-1.1445,8,S99_MSS_FVG_LONG
s99_mss_fvg,SELL,2026-03-02 09:07:00+00:00,5396.885,5401.45,5390.04,2026-03-02 09:11:00+00:00,5390.04,TP,6.395,4.565,1.4009,9,S99_MSS_FVG_SHORT
s99_mss_fvg,BUY,2026-03-02 10:50:00+00:00,5391.135,5389.3,5393.89,2026-03-02 10:52:00+00:00,5393.89,TP,2.305,1.835,1.2561,10,S99_MSS_FVG_LONG
s99_mss_fvg,SELL,2026-03-02 11:56:00+00:00,5384.585,5390.69,5375.43,2026-03-02 12:05:00+00:00,5390.69,SL,-6.555,6.105,-1.0737,11,S99_MSS_FVG_SHORT
s99_mss_fvg,BUY,2026-03-03 08:14:00+00:00,5321.015,5318.82,5324.31,2026-03-03 08:15:00+00:00,5318.82,SL,-2.645,2.195,-1.205,8,S99_MSS_FVG_LONG
s99_mss_fvg,SELL,2026-03-03 09:01:00+00:00,5302.52,5307.08,5295.68,2026-03-03 09:04:00+00:00,5295.68,TP,6.39,4.56,1.4013,9,S99_MSS_FVG_SHORT
s99_mss_fvg,SELL,2026-03-03 09:37:00+00:00,5270.725,5284.33,5250.32,2026-03-03 10:03:00+00:00,5284.33,SL,-14.055,13.605,-1.0331,9,S99_MSS_FVG_SHORT
s99_mss_fvg,SELL,2026-03-03 11:39:00+00:00,5140.405,5191.87,5063.21,2026-03-03 12:14:00+00:00,5191.87,SL,-51.915,51.465,-1.0087,11,S99_MSS_FVG_SHORT
s99_mss_fvg,SELL,2026-03-03 14:29:00+00:00,5144.075,5167.8,5108.49,2026-03-03 14:35:00+00:00,5108.49,TP,35.135,23.725,1.4809,14,S99_MSS_FVG_SHORT
s99_mss_fvg,SELL,2026-03-03 14:56:00+00:00,5058.63,5067.49,5045.34,2026-03-03 14:59:00+00:00,5045.34,TP,12.84,8.86,1.4492,14,S99_MSS_FVG_SHORT
s99_mss_fvg,SELL,2026-03-04 06:10:00+00:00,5144.25,5156.26,5126.23,2026-03-04 06:38:00+00:00,5156.26,SL,-12.46,12.01,-1.0375,6,S99_MSS_FVG_SHORT
s99_mss_fvg,BUY,2026-03-04 07:13:00+00:00,5166.095,5158.53,5177.44,2026-03-04 08:04:00+00:00,5158.53,SL,-8.015,7.565,-1.0595,7,S99_MSS_FVG_LONG
s99_mss_fvg,SELL,2026-03-04 08:17:00+00:00,5160.6,5170.09,5146.37,2026-03-04 08:36:00+00:00,5170.09,SL,-9.94,9.49,-1.0474,8,S99_MSS_FVG_SHORT
s99_mss_fvg,BUY,2026-03-04 08:54:00+00:00,5175.215,5168.89,5184.7,2026-03-04 08:57:00+00:00,5168.89,SL,-6.775,6.325,-1.0711,8,S99_MSS_FVG_LONG
s99_mss_fvg,BUY,2026-03-04 09:54:00+00:00,5179.165,5173.19,5188.13,2026-03-04 10:08:00+00:00,5188.13,TP,8.515,5.975,1.4251,9,S99_MSS_FVG_LONG
s99_mss_fvg,BUY,2026-03-04 10:21:00+00:00,5189.23,5185.02,5195.54,2026-03-04 10:30:00+00:00,5185.02,SL,-4.66,4.21,-1.1069,10,S99_MSS_FVG_LONG
s99_mss_fvg,BUY,2026-03-04 11:06:00+00:00,5189.36,5187.23,5192.56,2026-03-04 11:10:00+00:00,5192.56,TP,2.75,2.13,1.2911,11,S99_MSS_FVG_LONG
s99_mss_fvg,SELL,2026-03-04 14:32:00+00:00,5182.68,5189.93,5171.81,2026-03-04 14:38:00+00:00,5171.81,TP,10.42,7.25,1.4372,14,S99_MSS_FVG_SHORT
s99_mss_fvg,SELL,2026-03-04 15:01:00+00:00,5161.86,5170.38,5149.08,2026-03-04 15:05:00+00:00,5149.08,TP,12.33,8.52,1.4472,15,S99_MSS_FVG_SHORT
s99_mss_fvg,SELL,2026-03-05 06:05:00+00:00,5155.515,5157.58,5152.42,2026-03-05 06:06:00+00:00,5152.42,TP,2.645,2.065,1.2809,6,S99_MSS_FVG_SHORT
s99_mss_fvg,SELL,2026-03-05 06:22:00+00:00,5139.655,5147.14,5128.43,2026-03-05 06:34:00+00:00,5147.14,SL,-7.935,7.485,-1.0601,6,S99_MSS_FVG_SHORT
s99_mss_fvg,BUY,2026-03-05 08:58:00+00:00,5163.49,5161.98,5165.76,2026-03-05 08:59:00+00:00,5165.76,TP,1.82,1.51,1.2053,8,S99_MSS_FVG_LONG
s99_mss_fvg,BUY,2026-03-05 09:18:00+00:00,5173.015,5166.01,5183.52,2026-03-05 09:31:00+00:00,5166.01,SL,-7.455,7.005,-1.0642,9,S99_MSS_FVG_LONG
s99_mss_fvg,BUY,2026-03-05 11:01:00+00:00,5164.555,5161.07,5169.78,2026-03-05 11:33:00+00:00,5161.07,SL,-3.935,3.485,-1.1291,11,S99_MSS_FVG_LONG
s99_mss_fvg,SELL,2026-03-05 13:16:00+00:00,5160.035,5162.72,5156.01,2026-03-05 13:17:00+00:00,5156.01,TP,3.575,2.685,1.3315,13,S99_MSS_FVG_SHORT
s99_mss_fvg,SELL,2026-03-05 13:36:00+00:00,5133.53,5148.98,5110.35,2026-03-05 13:58:00+00:00,5110.35,TP,22.73,15.45,1.4712,13,S99_MSS_FVG_SHORT
s99_mss_fvg,SELL,2026-03-05 14:25:00+00:00,5116.65,5122.65,5107.65,2026-03-05 14:31:00+00:00,5107.65,TP,8.55,6.0,1.425,14,S99_MSS_FVG_SHORT
s99_mss_fvg,SELL,2026-03-05 15:15:00+00:00,5088.43,5099.88,5071.26,2026-03-05 15:59:00+00:00,5099.88,SL,-11.9,11.45,-1.0393,15,S99_MSS_FVG_SHORT
s99_mss_fvg,SELL,2026-03-06 07:14:00+00:00,5112.28,5116.28,5106.28,2026-03-06 07:20:00+00:00,5116.28,SL,-4.45,4.0,-1.1125,7,S99_MSS_FVG_SHORT
s99_mss_fvg,SELL,2026-03-06 08:46:00+00:00,5110.305,5113.67,5105.26,2026-03-06 08:47:00+00:00,5113.67,SL,-3.815,3.365,-1.1337,8,S99_MSS_FVG_SHORT
s99_mss_fvg,BUY,2026-03-06 11:32:00+00:00,5094.055,5089.45,5100.96,2026-03-06 11:41:00+00:00,5089.45,SL,-5.055,4.605,-1.0977,11,S99_MSS_FVG_LONG
s99_mss_fvg,SELL,2026-03-06 13:15:00+00:00,5076.19,5083.03,5065.93,2026-03-06 13:21:00+00:00,5083.03,SL,-7.29,6.84,-1.0658,13,S99_MSS_FVG_SHORT
s99_mss_fvg,BUY,2026-03-06 13:41:00+00:00,5119.355,5086.76,5168.25,2026-03-06 13:56:00+00:00,5086.76,SL,-33.045,32.595,-1.0138,13,S99_MSS_FVG_LONG
s99_mss_fvg,BUY,2026-03-06 15:11:00+00:00,5145.055,5129.19,5168.85,2026-03-06 15:26:00+00:00,5168.85,TP,23.345,15.865,1.4715,15,S99_MSS_FVG_LONG
s99_mss_fvg,BUY,2026-03-06 15:32:00+00:00,5157.1,5149.6,5168.35,2026-03-06 15:46:00+00:00,5149.6,SL,-7.95,7.5,-1.06,15,S99_MSS_FVG_LONG
s99_mss_fvg,BUY,2026-03-09 09:36:00+00:00,5124.71,5120.88,5130.45,2026-03-09 09:39:00+00:00,5120.88,SL,-4.28,3.83,-1.1175,9,S99_MSS_FVG_LONG
s99_mss_fvg,SELL,2026-03-09 10:40:00+00:00,5095.555,5099.72,5089.31,2026-03-09 10:42:00+00:00,5099.72,SL,-4.615,4.165,-1.108,10,S99_MSS_FVG_SHORT
s99_mss_fvg,SELL,2026-03-10 07:29:00+00:00,5169.165,5173.05,5163.34,2026-03-10 07:38:00+00:00,5173.05,SL,-4.335,3.885,-1.1158,7,S99_MSS_FVG_SHORT
s99_mss_fvg,SELL,2026-03-10 10:45:00+00:00,5170.415,5174.19,5164.75,2026-03-10 10:51:00+00:00,5174.19,SL,-4.225,3.775,-1.1192,10,S99_MSS_FVG_SHORT
s99_mss_fvg,SELL,2026-03-10 12:10:00+00:00,5169.65,5174.08,5163.0,2026-03-10 12:20:00+00:00,5174.08,SL,-4.88,4.43,-1.1016,12,S99_MSS_FVG_SHORT
s99_mss_fvg,SELL,2026-03-10 14:15:00+00:00,5196.81,5202.68,5188.01,2026-03-10 14:16:00+00:00,5202.68,SL,-6.32,5.87,-1.0767,14,S99_MSS_FVG_SHORT
s99_mss_fvg,BUY,2026-03-10 15:41:00+00:00,5228.735,5226.25,5232.46,2026-03-10 15:42:00+00:00,5232.46,TP,3.275,2.485,1.3179,15,S99_MSS_FVG_LONG
s99_mss_fvg,BUY,2026-03-11 06:34:00+00:00,5202.66,5199.68,5207.13,2026-03-11 06:41:00+00:00,5199.68,SL,-3.43,2.98,-1.151,6,S99_MSS_FVG_LONG
s99_mss_fvg,SELL,2026-03-11 06:50:00+00:00,5195.73,5201.77,5186.67,2026-03-11 07:07:00+00:00,5201.77,SL,-6.49,6.04,-1.0745,6,S99_MSS_FVG_SHORT
s99_mss_fvg,SELL,2026-03-11 07:49:00+00:00,5194.495,5196.7,5191.19,2026-03-11 07:50:00+00:00,5196.7,SL,-2.655,2.205,-1.2041,7,S99_MSS_FVG_SHORT
s99_mss_fvg,SELL,2026-03-11 08:59:00+00:00,5188.78,5191.34,5184.94,2026-03-11 09:01:00+00:00,5184.94,TP,3.39,2.56,1.3242,8,S99_MSS_FVG_SHORT
s99_mss_fvg,BUY,2026-03-11 09:43:00+00:00,5193.26,5187.98,5201.18,2026-03-11 09:52:00+00:00,5187.98,SL,-5.73,5.28,-1.0852,9,S99_MSS_FVG_LONG
s99_mss_fvg,SELL,2026-03-11 10:48:00+00:00,5185.27,5190.34,5177.67,2026-03-11 10:51:00+00:00,5190.34,SL,-5.52,5.07,-1.0888,10,S99_MSS_FVG_SHORT
s99_mss_fvg,BUY,2026-03-11 12:24:00+00:00,5190.59,5188.16,5194.24,2026-03-11 12:26:00+00:00,5188.16,SL,-2.88,2.43,-1.1852,12,S99_MSS_FVG_LONG
s99_mss_fvg,SELL,2026-03-11 13:53:00+00:00,5167.88,5170.0,5164.7,2026-03-11 13:55:00+00:00,5170.0,SL,-2.57,2.12,-1.2123,13,S99_MSS_FVG_SHORT
s99_mss_fvg,BUY,2026-03-11 14:42:00+00:00,5175.155,5167.28,5186.97,2026-03-11 14:48:00+00:00,5186.97,TP,11.365,7.875,1.4432,14,S99_MSS_FVG_LONG
s99_mss_fvg,BUY,2026-03-12 06:51:00+00:00,5167.385,5163.8,5172.76,2026-03-12 07:31:00+00:00,5172.76,TP,4.925,3.585,1.3738,6,S99_MSS_FVG_LONG
s99_mss_fvg,BUY,2026-03-12 07:52:00+00:00,5178.565,5170.14,5191.2,2026-03-12 10:02:00+00:00,5191.2,TP,12.185,8.425,1.4463,7,S99_MSS_FVG_LONG
s99_mss_fvg,SELL,2026-03-12 11:25:00+00:00,5179.41,5181.3,5176.57,2026-03-12 11:35:00+00:00,5176.57,TP,2.39,1.89,1.2646,11,S99_MSS_FVG_SHORT
s99_mss_fvg,SELL,2026-03-13 06:30:00+00:00,5097.72,5100.05,5094.23,2026-03-13 06:33:00+00:00,5094.23,TP,3.04,2.33,1.3047,6,S99_MSS_FVG_SHORT
s99_mss_fvg,SELL,2026-03-13 07:25:00+00:00,5078.835,5091.08,5060.47,2026-03-13 07:34:00+00:00,5091.08,SL,-12.695,12.245,-1.0367,7,S99_MSS_FVG_SHORT
s99_mss_fvg,BUY,2026-03-13 09:10:00+00:00,5092.05,5086.57,5100.27,2026-03-13 09:23:00+00:00,5086.57,SL,-5.93,5.48,-1.0821,9,S99_MSS_FVG_LONG
s99_mss_fvg,SELL,2026-03-13 10:47:00+00:00,5089.59,5091.76,5086.34,2026-03-13 10:48:00+00:00,5091.76,SL,-2.62,2.17,-1.2074,10,S99_MSS_FVG_SHORT
s99_mss_fvg,BUY,2026-03-13 12:11:00+00:00,5109.565,5106.8,5113.71,2026-03-13 12:15:00+00:00,5106.8,SL,-3.215,2.765,-1.1627,12,S99_MSS_FVG_LONG
s99_mss_fvg,SELL,2026-03-13 13:44:00+00:00,5109.595,5113.15,5104.26,2026-03-13 13:45:00+00:00,5113.15,SL,-4.005,3.555,-1.1266,13,S99_MSS_FVG_SHORT
s99_mss_fvg,SELL,2026-03-13 15:05:00+00:00,5051.425,5060.39,5037.98,2026-03-13 15:08:00+00:00,5060.39,SL,-9.415,8.965,-1.0502,15,S99_MSS_FVG_SHORT
s99_mss_fvg,BUY,2026-03-16 06:26:00+00:00,5026.12,5021.28,5033.38,2026-03-16 06:40:00+00:00,5021.28,SL,-5.29,4.84,-1.093,6,S99_MSS_FVG_LONG
s99_mss_fvg,SELL,2026-03-16 07:45:00+00:00,4998.51,5003.86,4990.49,2026-03-16 08:13:00+00:00,4990.49,TP,7.57,5.35,1.415,7,S99_MSS_FVG_SHORT
s99_mss_fvg,SELL,2026-03-16 08:48:00+00:00,4990.54,4993.77,4985.69,2026-03-16 08:52:00+00:00,4993.77,SL,-3.68,3.23,-1.1393,8,S99_MSS_FVG_SHORT
s99_mss_fvg,SELL,2026-03-16 09:12:00+00:00,4986.455,4991.55,4978.81,2026-03-16 09:33:00+00:00,4991.55,SL,-5.545,5.095,-1.0883,9,S99_MSS_FVG_SHORT
s99_mss_fvg,BUY,2026-03-16 11:04:00+00:00,4995.925,4993.58,4999.44,2026-03-16 11:09:00+00:00,4999.44,TP,3.065,2.345,1.307,11,S99_MSS_FVG_LONG
s99_mss_fvg,BUY,2026-03-16 11:30:00+00:00,5017.57,5012.59,5025.04,2026-03-16 11:47:00+00:00,5012.59,SL,-5.43,4.98,-1.0904,11,S99_MSS_FVG_LONG
s99_mss_fvg,BUY,2026-03-16 13:28:00+00:00,5022.4,5019.57,5026.64,2026-03-16 13:29:00+00:00,5019.57,SL,-3.28,2.83,-1.159,13,S99_MSS_FVG_LONG
s99_mss_fvg,BUY,2026-03-17 07:44:00+00:00,5023.43,5017.96,5031.64,2026-03-17 07:54:00+00:00,5017.96,SL,-5.92,5.47,-1.0823,7,S99_MSS_FVG_LONG
s99_mss_fvg,SELL,2026-03-17 10:15:00+00:00,5006.1,5008.34,5002.74,2026-03-17 10:25:00+00:00,5008.34,SL,-2.69,2.24,-1.2009,10,S99_MSS_FVG_SHORT
s99_mss_fvg,SELL,2026-03-17 10:45:00+00:00,5000.605,5003.14,4996.8,2026-03-17 10:53:00+00:00,5003.14,SL,-2.985,2.535,-1.1775,10,S99_MSS_FVG_SHORT
s99_mss_fvg,SELL,2026-03-17 12:08:00+00:00,5007.405,5009.98,5003.54,2026-03-17 12:10:00+00:00,5009.98,SL,-3.025,2.575,-1.1748,12,S99_MSS_FVG_SHORT
s99_mss_fvg,BUY,2026-03-17 13:51:00+00:00,5017.9,5013.58,5024.38,2026-03-17 13:52:00+00:00,5013.58,SL,-4.77,4.32,-1.1042,13,S99_MSS_FVG_LONG
s99_mss_fvg,SELL,2026-03-17 15:45:00+00:00,4985.535,4994.05,4972.76,2026-03-17 15:47:00+00:00,4994.05,SL,-8.965,8.515,-1.0528,15,S99_MSS_FVG_SHORT
s99_mss_fvg,BUY,2026-03-18 06:22:00+00:00,5007.25,5001.88,5015.31,2026-03-18 06:36:00+00:00,5015.31,TP,7.61,5.37,1.4171,6,S99_MSS_FVG_LONG
s99_mss_fvg,BUY,2026-03-18 06:41:00+00:00,5011.565,5008.95,5015.49,2026-03-18 06:53:00+00:00,5008.95,SL,-3.065,2.615,-1.1721,6,S99_MSS_FVG_LONG
s99_mss_fvg,SELL,2026-03-18 07:25:00+00:00,5008.59,5010.5,5005.73,2026-03-18 07:35:00+00:00,5005.73,TP,2.41,1.91,1.2618,7,S99_MSS_FVG_SHORT
s99_mss_fvg,SELL,2026-03-18 08:03:00+00:00,4996.635,5002.0,4988.59,2026-03-18 08:08:00+00:00,4988.59,TP,7.595,5.365,1.4157,8,S99_MSS_FVG_SHORT
s99_mss_fvg,SELL,2026-03-18 11:14:00+00:00,4969.93,4973.49,4964.59,2026-03-18 11:21:00+00:00,4973.49,SL,-4.01,3.56,-1.1264,11,S99_MSS_FVG_SHORT
s99_mss_fvg,SELL,2026-03-18 12:05:00+00:00,4931.19,4933.92,4927.09,2026-03-18 12:06:00+00:00,4927.09,TP,3.65,2.73,1.337,12,S99_MSS_FVG_SHORT
s99_mss_fvg,SELL,2026-03-18 13:39:00+00:00,4867.68,4880.92,4847.82,2026-03-18 13:42:00+00:00,4880.92,SL,-13.69,13.24,-1.034,13,S99_MSS_FVG_SHORT
s99_mss_fvg,BUY,2026-03-18 14:11:00+00:00,4884.02,4877.53,4893.76,2026-03-18 14:17:00+00:00,4877.53,SL,-6.94,6.49,-1.0693,14,S99_MSS_FVG_LONG
s99_mss_fvg,SELL,2026-03-19 06:59:00+00:00,4768.085,4782.84,4745.95,2026-03-19 07:09:00+00:00,4782.84,SL,-15.205,14.755,-1.0305,6,S99_MSS_FVG_SHORT
s99_mss_fvg,SELL,2026-03-19 08:15:00+00:00,4721.38,4730.25,4708.08,2026-03-19 08:17:00+00:00,4730.25,SL,-9.32,8.87,-1.0507,8,S99_MSS_FVG_SHORT
s99_mss_fvg,SELL,2026-03-19 10:33:00+00:00,4694.405,4702.45,4682.34,2026-03-19 10:44:00+00:00,4682.34,TP,11.615,8.045,1.4438,10,S99_MSS_FVG_SHORT
s99_mss_fvg,SELL,2026-03-19 12:51:00+00:00,4564.98,4606.98,4501.98,2026-03-19 13:56:00+00:00,4606.98,SL,-42.45,42.0,-1.0107,12,S99_MSS_FVG_SHORT
s99_mss_fvg,BUY,2026-03-19 14:08:00+00:00,4620.775,4592.47,4663.23,2026-03-19 14:27:00+00:00,4592.47,SL,-28.755,28.305,-1.0159,14,S99_MSS_FVG_LONG
s99_mss_fvg,SELL,2026-03-19 15:49:00+00:00,4584.355,4600.7,4559.84,2026-03-19 15:56:00+00:00,4600.7,SL,-16.795,16.345,-1.0275,15,S99_MSS_FVG_SHORT
s99_mss_fvg,SELL,2026-03-20 06:45:00+00:00,4670.44,4680.34,4655.59,2026-03-20 07:08:00+00:00,4680.34,SL,-10.35,9.9,-1.0455,6,S99_MSS_FVG_SHORT
s99_mss_fvg,SELL,2026-03-20 09:50:00+00:00,4674.98,4679.0,4668.95,2026-03-20 09:52:00+00:00,4668.95,TP,5.58,4.02,1.3881,9,S99_MSS_FVG_SHORT
s99_mss_fvg,SELL,2026-03-20 11:02:00+00:00,4650.41,4655.4,4642.93,2026-03-20 11:03:00+00:00,4655.4,SL,-5.44,4.99,-1.0902,11,S99_MSS_FVG_SHORT
s99_mss_fvg,SELL,2026-03-20 14:34:00+00:00,4579.87,4590.09,4564.54,2026-03-20 14:47:00+00:00,4564.54,TP,14.88,10.22,1.456,14,S99_MSS_FVG_SHORT
s99_mss_fvg,SELL,2026-03-23 06:14:00+00:00,4286.445,4305.22,4258.28,2026-03-23 06:15:00+00:00,4305.22,SL,-19.225,18.775,-1.024,6,S99_MSS_FVG_SHORT
s99_mss_fvg,SELL,2026-03-23 06:50:00+00:00,4206.625,4220.79,4185.38,2026-03-23 06:51:00+00:00,4220.79,SL,-14.615,14.165,-1.0318,6,S99_MSS_FVG_SHORT
s99_mss_fvg,SELL,2026-03-23 07:36:00+00:00,4171.22,4187.21,4147.24,2026-03-23 07:38:00+00:00,4187.21,SL,-16.44,15.99,-1.0281,7,S99_MSS_FVG_SHORT
s99_mss_fvg,BUY,2026-03-23 09:33:00+00:00,4283.93,4264.43,4313.18,2026-03-23 09:37:00+00:00,4264.43,SL,-19.95,19.5,-1.0231,9,S99_MSS_FVG_LONG
s99_mss_fvg,BUY,2026-03-23 11:18:00+00:00,4396.16,4289.84,4555.64,2026-03-23 19:18:00+00:00,4402.56,TIME,5.95,106.32,0.056,11,S99_MSS_FVG_LONG
s99_mss_fvg,BUY,2026-03-24 06:34:00+00:00,4382.275,4372.36,4397.15,2026-03-24 06:56:00+00:00,4397.15,TP,14.425,9.915,1.4549,6,S99_MSS_FVG_LONG
s99_mss_fvg,BUY,2026-03-24 07:21:00+00:00,4419.805,4413.23,4429.67,2026-03-24 07:23:00+00:00,4413.23,SL,-7.025,6.575,-1.0684,7,S99_MSS_FVG_LONG
s99_mss_fvg,SELL,2026-03-24 08:30:00+00:00,4398.465,4404.76,4389.02,2026-03-24 08:31:00+00:00,4404.76,SL,-6.745,6.295,-1.0715,8,S99_MSS_FVG_SHORT
s99_mss_fvg,BUY,2026-03-24 09:49:00+00:00,4415.14,4410.96,4421.41,2026-03-24 09:55:00+00:00,4421.41,TP,5.82,4.18,1.3923,9,S99_MSS_FVG_LONG
s99_mss_fvg,SELL,2026-03-24 11:13:00+00:00,4418.655,4428.71,4403.57,2026-03-24 11:18:00+00:00,4403.57,TP,14.635,10.055,1.4555,11,S99_MSS_FVG_SHORT
s99_mss_fvg,SELL,2026-03-24 12:52:00+00:00,4389.7,4399.13,4375.55,2026-03-24 13:00:00+00:00,4375.55,TP,13.7,9.43,1.4528,12,S99_MSS_FVG_SHORT
s99_mss_fvg,SELL,2026-03-25 06:20:00+00:00,4552.11,4555.14,4547.56,2026-03-25 06:31:00+00:00,4555.14,SL,-3.48,3.03,-1.1485,6,S99_MSS_FVG_SHORT
s99_mss_fvg,BUY,2026-03-25 07:23:00+00:00,4556.525,4551.05,4564.74,2026-03-25 07:35:00+00:00,4551.05,SL,-5.925,5.475,-1.0822,7,S99_MSS_FVG_LONG
s99_mss_fvg,BUY,2026-03-25 11:10:00+00:00,4565.99,4560.59,4574.09,2026-03-25 11:22:00+00:00,4574.09,TP,7.65,5.4,1.4167,11,S99_MSS_FVG_LONG
s99_mss_fvg,BUY,2026-03-25 11:47:00+00:00,4577.16,4567.6,4591.5,2026-03-25 12:16:00+00:00,4567.6,SL,-10.01,9.56,-1.0471,11,S99_MSS_FVG_LONG
s99_mss_fvg,SELL,2026-03-25 13:57:00+00:00,4552.42,4559.06,4542.46,2026-03-25 14:00:00+00:00,4542.46,TP,9.51,6.64,1.4322,13,S99_MSS_FVG_SHORT
s99_mss_fvg,SELL,2026-03-26 06:46:00+00:00,4450.885,4462.49,4433.48,2026-03-26 07:40:00+00:00,4462.49,SL,-12.055,11.605,-1.0388,6,S99_MSS_FVG_SHORT
s99_mss_fvg,BUY,2026-03-26 10:30:00+00:00,4439.5,4434.37,4447.19,2026-03-26 10:39:00+00:00,4434.37,SL,-5.58,5.13,-1.0877,10,S99_MSS_FVG_LONG
s99_mss_fvg,SELL,2026-03-26 11:55:00+00:00,4428.9,4440.04,4412.19,2026-03-26 12:09:00+00:00,4440.04,SL,-11.59,11.14,-1.0404,11,S99_MSS_FVG_SHORT
s99_mss_fvg,SELL,2026-03-26 15:47:00+00:00,4446.25,4453.43,4435.48,2026-03-26 15:57:00+00:00,4435.48,TP,10.32,7.18,1.4373,15,S99_MSS_FVG_SHORT
s99_mss_fvg,SELL,2026-03-27 07:10:00+00:00,4456.725,4458.78,4453.64,2026-03-27 07:11:00+00:00,4453.64,TP,2.635,2.055,1.2822,7,S99_MSS_FVG_SHORT
s99_mss_fvg,SELL,2026-03-27 08:41:00+00:00,4437.71,4440.11,4434.11,2026-03-27 08:42:00+00:00,4440.11,SL,-2.85,2.4,-1.1875,8,S99_MSS_FVG_SHORT
s99_mss_fvg,SELL,2026-03-27 10:53:00+00:00,4417.805,4422.41,4410.9,2026-03-27 11:01:00+00:00,4410.9,TP,6.455,4.605,1.4017,10,S99_MSS_FVG_SHORT
s99_mss_fvg,BUY,2026-03-27 12:55:00+00:00,4439.285,4436.0,4444.21,2026-03-27 13:01:00+00:00,4436.0,SL,-3.735,3.285,-1.137,12,S99_MSS_FVG_LONG
s99_mss_fvg,BUY,2026-03-27 14:10:00+00:00,4448.96,4431.54,4475.09,2026-03-27 14:47:00+00:00,4475.09,TP,25.68,17.42,1.4742,14,S99_MSS_FVG_LONG
s99_mss_fvg,BUY,2026-03-27 15:30:00+00:00,4542.235,4535.22,4552.76,2026-03-27 15:31:00+00:00,4552.76,TP,10.075,7.015,1.4362,15,S99_MSS_FVG_LONG
s99_mss_fvg,BUY,2026-03-30 09:50:00+00:00,4532.84,4528.45,4539.43,2026-03-30 10:20:00+00:00,4539.43,TP,6.14,4.39,1.3986,9,S99_MSS_FVG_LONG
s99_mss_fvg,BUY,2026-03-30 11:20:00+00:00,4538.07,4535.09,4542.54,2026-03-30 11:22:00+00:00,4542.54,TP,4.02,2.98,1.349,11,S99_MSS_FVG_LONG
s99_mss_fvg,SELL,2026-03-30 14:47:00+00:00,4537.945,4545.23,4527.02,2026-03-30 15:18:00+00:00,4527.02,TP,10.475,7.285,1.4379,14,S99_MSS_FVG_SHORT
s99_mss_fvg,SELL,2026-03-31 07:27:00+00:00,4554.765,4557.96,4549.97,2026-03-31 07:35:00+00:00,4557.96,SL,-3.645,3.195,-1.1408,7,S99_MSS_FVG_SHORT
s99_mss_fvg,SELL,2026-03-31 09:48:00+00:00,4558.99,4562.74,4553.36,2026-03-31 09:57:00+00:00,4553.36,TP,5.18,3.75,1.3813,9,S99_MSS_FVG_SHORT
s99_mss_fvg,SELL,2026-03-31 10:50:00+00:00,4545.21,4556.14,4528.81,2026-03-31 11:11:00+00:00,4556.14,SL,-11.38,10.93,-1.0412,10,S99_MSS_FVG_SHORT
s99_mss_fvg,BUY,2026-03-31 11:30:00+00:00,4575.19,4567.29,4587.04,2026-03-31 11:39:00+00:00,4587.04,TP,11.4,7.9,1.443,11,S99_MSS_FVG_LONG
s99_mss_fvg,BUY,2026-03-31 11:48:00+00:00,4583.54,4576.8,4593.65,2026-03-31 12:07:00+00:00,4593.65,TP,9.66,6.74,1.4332,11,S99_MSS_FVG_LONG
s99_mss_fvg,BUY,2026-04-01 06:35:00+00:00,4705.375,4697.9,4716.59,2026-04-01 06:45:00+00:00,4716.59,TP,10.765,7.475,1.4401,6,S99_MSS_FVG_LONG
s99_mss_fvg,BUY,2026-04-01 07:04:00+00:00,4720.525,4707.46,4740.12,2026-04-01 07:36:00+00:00,4740.12,TP,19.145,13.065,1.4654,7,S99_MSS_FVG_LONG
s99_mss_fvg,BUY,2026-04-01 07:41:00+00:00,4730.865,4722.08,4744.04,2026-04-01 07:49:00+00:00,4722.08,SL,-9.235,8.785,-1.0512,7,S99_MSS_FVG_LONG
s99_mss_fvg,BUY,2026-04-01 09:00:00+00:00,4725.135,4719.05,4734.26,2026-04-01 09:11:00+00:00,4719.05,SL,-6.535,6.085,-1.074,9,S99_MSS_FVG_LONG
s99_mss_fvg,BUY,2026-04-01 11:11:00+00:00,4736.51,4731.05,4744.7,2026-04-01 11:20:00+00:00,4744.7,TP,7.74,5.46,1.4176,11,S99_MSS_FVG_LONG
s99_mss_fvg,BUY,2026-04-01 11:47:00+00:00,4755.465,4749.34,4764.65,2026-04-01 12:04:00+00:00,4749.34,SL,-6.575,6.125,-1.0735,11,S99_MSS_FVG_LONG
s99_mss_fvg,SELL,2026-04-02 06:19:00+00:00,4589.64,4594.38,4582.53,2026-04-02 06:20:00+00:00,4594.38,SL,-5.19,4.74,-1.0949,6,S99_MSS_FVG_SHORT
s99_mss_fvg,BUY,2026-04-02 07:55:00+00:00,4642.65,4639.65,4647.15,2026-04-02 08:00:00+00:00,4647.15,TP,4.05,3.0,1.35,7,S99_MSS_FVG_LONG
s99_mss_fvg,SELL,2026-04-02 09:16:00+00:00,4629.815,4632.74,4625.43,2026-04-02 09:19:00+00:00,4625.43,TP,3.935,2.925,1.3453,9,S99_MSS_FVG_SHORT
s99_mss_fvg,SELL,2026-04-02 10:25:00+00:00,4617.525,4626.28,4604.39,2026-04-02 10:42:00+00:00,4626.28,SL,-9.205,8.755,-1.0514,10,S99_MSS_FVG_SHORT
s99_mss_fvg,SELL,2026-04-02 11:35:00+00:00,4617.29,4625.61,4604.81,2026-04-02 11:40:00+00:00,4604.81,TP,12.03,8.32,1.4459,11,S99_MSS_FVG_SHORT
s99_mss_fvg,SELL,2026-04-02 11:50:00+00:00,4605.22,4610.66,4597.06,2026-04-02 11:51:00+00:00,4610.66,SL,-5.89,5.44,-1.0827,11,S99_MSS_FVG_SHORT
s99_mss_fvg,BUY,2026-04-02 14:49:00+00:00,4679.935,4670.41,4694.22,2026-04-02 15:03:00+00:00,4670.41,SL,-9.975,9.525,-1.0472,14,S99_MSS_FVG_LONG
s99_mss_fvg,BUY,2026-04-06 07:04:00+00:00,4658.94,4655.67,4663.84,2026-04-06 07:09:00+00:00,4655.67,SL,-3.72,3.27,-1.1376,7,S99_MSS_FVG_LONG
s99_mss_fvg,SELL,2026-04-06 11:55:00+00:00,4683.7,4686.44,4679.59,2026-04-06 11:57:00+00:00,4679.59,TP,3.66,2.74,1.3358,11,S99_MSS_FVG_SHORT
s99_mss_fvg,BUY,2026-04-07 08:30:00+00:00,4677.59,4662.51,4700.21,2026-04-07 09:46:00+00:00,4662.51,SL,-15.53,15.08,-1.0298,8,S99_MSS_FVG_LONG
s99_mss_fvg,SELL,2026-04-07 11:21:00+00:00,4642.445,4648.92,4632.73,2026-04-07 11:25:00+00:00,4648.92,SL,-6.925,6.475,-1.0695,11,S99_MSS_FVG_SHORT
s99_mss_fvg,SELL,2026-04-07 13:54:00+00:00,4651.915,4658.93,4641.39,2026-04-07 14:00:00+00:00,4641.39,TP,10.075,7.015,1.4362,13,S99_MSS_FVG_SHORT
s99_mss_fvg,SELL,2026-04-07 14:21:00+00:00,4627.55,4645.3,4600.93,2026-04-07 14:24:00+00:00,4645.3,SL,-18.2,17.75,-1.0254,14,S99_MSS_FVG_SHORT
s99_mss_fvg,SELL,2026-04-08 07:25:00+00:00,4817.435,4821.5,4811.34,2026-04-08 07:34:00+00:00,4811.34,TP,5.645,4.065,1.3887,7,S99_MSS_FVG_SHORT
s99_mss_fvg,SELL,2026-04-08 08:50:00+00:00,4799.18,4803.36,4792.91,2026-04-08 08:51:00+00:00,4803.36,SL,-4.63,4.18,-1.1077,8,S99_MSS_FVG_SHORT
s99_mss_fvg,SELL,2026-04-08 09:50:00+00:00,4786.55,4795.41,4773.26,2026-04-08 10:16:00+00:00,4773.26,TP,12.84,8.86,1.4492,9,S99_MSS_FVG_SHORT
s99_mss_fvg,SELL,2026-04-08 10:28:00+00:00,4783.355,4787.46,4777.2,2026-04-08 10:37:00+00:00,4787.46,SL,-4.555,4.105,-1.1096,10,S99_MSS_FVG_SHORT
s99_mss_fvg,SELL,2026-04-08 14:41:00+00:00,4768.815,4774.77,4759.88,2026-04-08 14:44:00+00:00,4759.88,TP,8.485,5.955,1.4249,14,S99_MSS_FVG_SHORT
s99_mss_fvg,BUY,2026-04-09 10:57:00+00:00,4741.97,4740.19,4744.64,2026-04-09 10:58:00+00:00,4740.19,SL,-2.23,1.78,-1.2528,10,S99_MSS_FVG_LONG
s99_mss_fvg,BUY,2026-04-09 11:56:00+00:00,4755.505,4750.63,4762.82,2026-04-09 12:04:00+00:00,4750.63,SL,-5.325,4.875,-1.0923,11,S99_MSS_FVG_LONG
s99_mss_fvg,BUY,2026-04-09 13:24:00+00:00,4752.97,4748.53,4759.63,2026-04-09 13:35:00+00:00,4759.63,TP,6.21,4.44,1.3986,13,S99_MSS_FVG_LONG
s99_mss_fvg,BUY,2026-04-09 13:48:00+00:00,4769.865,4756.2,4790.36,2026-04-09 14:34:00+00:00,4756.2,SL,-14.115,13.665,-1.0329,13,S99_MSS_FVG_LONG
s99_mss_fvg,SELL,2026-04-09 14:40:00+00:00,4759.52,4765.68,4750.28,2026-04-09 14:51:00+00:00,4765.68,SL,-6.61,6.16,-1.0731,14,S99_MSS_FVG_SHORT
s99_mss_fvg,BUY,2026-04-09 15:29:00+00:00,4779.585,4768.6,4796.06,2026-04-09 15:36:00+00:00,4796.06,TP,16.025,10.985,1.4588,15,S99_MSS_FVG_LONG
s99_mss_fvg,BUY,2026-04-09 15:46:00+00:00,4788.205,4782.98,4796.04,2026-04-09 16:01:00+00:00,4796.04,TP,7.385,5.225,1.4134,15,S99_MSS_FVG_LONG
s99_mss_fvg,SELL,2026-04-10 06:25:00+00:00,4754.93,4756.67,4752.32,2026-04-10 06:30:00+00:00,4756.67,SL,-2.19,1.74,-1.2586,6,S99_MSS_FVG_SHORT
s99_mss_fvg,SELL,2026-04-10 06:55:00+00:00,4747.25,4750.94,4741.72,2026-04-10 07:02:00+00:00,4741.72,TP,5.08,3.69,1.3767,6,S99_MSS_FVG_SHORT
s99_mss_fvg,SELL,2026-04-10 08:27:00+00:00,4747.3,4749.84,4743.49,2026-04-10 08:31:00+00:00,4749.84,SL,-2.99,2.54,-1.1772,8,S99_MSS_FVG_SHORT
s99_mss_fvg,SELL,2026-04-10 08:55:00+00:00,4736.735,4742.24,4728.48,2026-04-10 08:58:00+00:00,4742.24,SL,-5.955,5.505,-1.0817,8,S99_MSS_FVG_SHORT
s99_mss_fvg,SELL,2026-04-10 10:14:00+00:00,4747.5,4751.36,4741.71,2026-04-10 10:19:00+00:00,4751.36,SL,-4.31,3.86,-1.1166,10,S99_MSS_FVG_SHORT
s99_mss_fvg,BUY,2026-04-10 10:30:00+00:00,4757.825,4751.56,4767.22,2026-04-10 11:44:00+00:00,4767.22,TP,8.945,6.265,1.4278,10,S99_MSS_FVG_LONG
s99_mss_fvg,SELL,2026-04-10 15:45:00+00:00,4767.36,4774.54,4756.59,2026-04-10 16:02:00+00:00,4756.59,TP,10.32,7.18,1.4373,15,S99_MSS_FVG_SHORT
s99_mss_fvg,SELL,2026-04-13 10:47:00+00:00,4722.05,4724.07,4719.02,2026-04-13 10:51:00+00:00,4724.07,SL,-2.47,2.02,-1.2228,10,S99_MSS_FVG_SHORT
s99_mss_fvg,SELL,2026-04-13 12:02:00+00:00,4712.835,4720.55,4701.26,2026-04-13 12:46:00+00:00,4720.55,SL,-8.165,7.715,-1.0583,12,S99_MSS_FVG_SHORT
s99_mss_fvg,BUY,2026-04-13 13:10:00+00:00,4726.72,4724.08,4730.68,2026-04-13 13:11:00+00:00,4730.68,TP,3.51,2.64,1.3295,13,S99_MSS_FVG_LONG
s99_mss_fvg,BUY,2026-04-13 13:21:00+00:00,4732.14,4729.4,4736.25,2026-04-13 13:23:00+00:00,4729.4,SL,-3.19,2.74,-1.1642,13,S99_MSS_FVG_LONG
s99_mss_fvg,SELL,2026-04-13 15:11:00+00:00,4708.98,4713.47,4702.24,2026-04-13 15:37:00+00:00,4713.47,SL,-4.94,4.49,-1.1002,15,S99_MSS_FVG_SHORT
s99_mss_fvg,BUY,2026-04-14 07:11:00+00:00,4786.695,4781.87,4793.93,2026-04-14 07:22:00+00:00,4781.87,SL,-5.275,4.825,-1.0933,7,S99_MSS_FVG_LONG
s99_mss_fvg,BUY,2026-04-14 08:41:00+00:00,4785.135,4780.79,4791.65,2026-04-14 09:06:00+00:00,4780.79,SL,-4.795,4.345,-1.1036,8,S99_MSS_FVG_LONG
s99_mss_fvg,SELL,2026-04-14 09:38:00+00:00,4779.19,4784.21,4771.66,2026-04-14 10:09:00+00:00,4784.21,SL,-5.47,5.02,-1.0896,9,S99_MSS_FVG_SHORT
s99_mss_fvg,SELL,2026-04-14 10:45:00+00:00,4768.525,4783.63,4745.87,2026-04-14 13:16:00+00:00,4783.63,SL,-15.555,15.105,-1.0298,10,S99_MSS_FVG_SHORT
s99_mss_fvg,BUY,2026-04-14 13:27:00+00:00,4786.5,4780.73,4795.16,2026-04-14 13:30:00+00:00,4780.73,SL,-6.22,5.77,-1.078,13,S99_MSS_FVG_LONG
s99_mss_fvg,BUY,2026-04-14 14:38:00+00:00,4806.71,4803.4,4811.68,2026-04-14 14:39:00+00:00,4803.4,SL,-3.76,3.31,-1.136,14,S99_MSS_FVG_LONG
s99_mss_fvg,BUY,2026-04-14 15:41:00+00:00,4807.435,4803.59,4813.2,2026-04-14 15:51:00+00:00,4813.2,TP,5.315,3.845,1.3823,15,S99_MSS_FVG_LONG
s99_mss_fvg,BUY,2026-04-15 09:02:00+00:00,4814.22,4811.09,4818.92,2026-04-15 09:07:00+00:00,4811.09,SL,-3.58,3.13,-1.1438,9,S99_MSS_FVG_LONG
s99_mss_fvg,BUY,2026-04-15 12:03:00+00:00,4809.135,4805.49,4814.6,2026-04-15 12:16:00+00:00,4814.6,TP,5.015,3.645,1.3759,12,S99_MSS_FVG_LONG
s99_mss_fvg,BUY,2026-04-15 13:31:00+00:00,4816.965,4813.87,4821.61,2026-04-15 13:33:00+00:00,4821.61,TP,4.195,3.095,1.3554,13,S99_MSS_FVG_LONG
s99_mss_fvg,SELL,2026-04-16 08:11:00+00:00,4814.19,4820.45,4804.8,2026-04-16 11:05:00+00:00,4820.45,SL,-6.71,6.26,-1.0719,8,S99_MSS_FVG_SHORT
s99_mss_fvg,SELL,2026-04-16 14:45:00+00:00,4790.61,4795.86,4782.73,2026-04-16 15:02:00+00:00,4795.86,SL,-5.7,5.25,-1.0857,14,S99_MSS_FVG_SHORT
s99_mss_fvg,BUY,2026-04-17 08:54:00+00:00,4791.78,4788.76,4796.31,2026-04-17 08:59:00+00:00,4796.31,TP,4.08,3.02,1.351,8,S99_MSS_FVG_LONG
s99_mss_fvg,BUY,2026-04-17 09:06:00+00:00,4796.095,4794.21,4798.92,2026-04-17 09:13:00+00:00,4794.21,SL,-2.335,1.885,-1.2387,9,S99_MSS_FVG_LONG
s99_mss_fvg,SELL,2026-04-17 10:16:00+00:00,4793.12,4794.94,4790.39,2026-04-17 10:26:00+00:00,4790.39,TP,2.28,1.82,1.2527,10,S99_MSS_FVG_SHORT
s99_mss_fvg,BUY,2026-04-17 11:32:00+00:00,4790.2,4786.4,4795.9,2026-04-17 11:43:00+00:00,4795.9,TP,5.25,3.8,1.3816,11,S99_MSS_FVG_LONG
s99_mss_fvg,BUY,2026-04-17 11:55:00+00:00,4801.415,4797.8,4806.84,2026-04-17 12:01:00+00:00,4797.8,SL,-4.065,3.615,-1.1245,11,S99_MSS_FVG_LONG
s99_mss_fvg,BUY,2026-04-17 13:20:00+00:00,4862.09,4845.62,4886.8,2026-04-17 20:10:00+00:00,4845.62,SL,-16.92,16.47,-1.0273,13,S99_MSS_FVG_LONG
s99_mss_fvg,BUY,2026-04-20 07:06:00+00:00,4795.075,4788.11,4805.52,2026-04-20 07:21:00+00:00,4805.52,TP,9.995,6.965,1.435,7,S99_MSS_FVG_LONG
s99_mss_fvg,BUY,2026-04-20 07:25:00+00:00,4801.325,4796.87,4808.01,2026-04-20 07:29:00+00:00,4796.87,SL,-4.905,4.455,-1.101,7,S99_MSS_FVG_LONG
s99_mss_fvg,SELL,2026-04-20 08:12:00+00:00,4791.28,4793.63,4787.75,2026-04-20 08:15:00+00:00,4787.75,TP,3.08,2.35,1.3106,8,S99_MSS_FVG_SHORT
s99_mss_fvg,BUY,2026-04-20 12:03:00+00:00,4806.405,4801.48,4813.79,2026-04-20 12:18:00+00:00,4813.79,TP,6.935,4.925,1.4081,12,S99_MSS_FVG_LONG
s99_mss_fvg,BUY,2026-04-20 14:10:00+00:00,4809.905,4803.74,4819.15,2026-04-20 14:20:00+00:00,4819.15,TP,8.795,6.165,1.4266,14,S99_MSS_FVG_LONG
s99_mss_fvg,SELL,2026-04-21 08:19:00+00:00,4781.535,4785.52,4775.56,2026-04-21 08:20:00+00:00,4785.52,SL,-4.435,3.985,-1.1129,8,S99_MSS_FVG_SHORT
s99_mss_fvg,BUY,2026-04-21 11:02:00+00:00,4788.97,4787.4,4791.33,2026-04-21 11:03:00+00:00,4787.4,SL,-2.02,1.57,-1.2866,11,S99_MSS_FVG_LONG
s99_mss_fvg,BUY,2026-04-21 12:05:00+00:00,4791.88,4790.12,4794.52,2026-04-21 12:08:00+00:00,4794.52,TP,2.19,1.76,1.2443,12,S99_MSS_FVG_LONG
s99_mss_fvg,SELL,2026-04-21 13:17:00+00:00,4771.29,4779.85,4758.45,2026-04-21 13:31:00+00:00,4779.85,SL,-9.01,8.56,-1.0526,13,S99_MSS_FVG_SHORT
s99_mss_fvg,SELL,2026-04-21 14:56:00+00:00,4739.5,4746.03,4729.7,2026-04-21 15:05:00+00:00,4729.7,TP,9.35,6.53,1.4319,14,S99_MSS_FVG_SHORT
s99_mss_fvg,SELL,2026-04-22 14:40:00+00:00,4738.72,4744.86,4729.51,2026-04-22 15:35:00+00:00,4729.51,TP,8.76,6.14,1.4267,14,S99_MSS_FVG_SHORT
s99_mss_fvg,SELL,2026-04-22 15:56:00+00:00,4730.545,4732.34,4727.85,2026-04-22 15:59:00+00:00,4727.85,TP,2.245,1.795,1.2507,15,S99_MSS_FVG_SHORT
s99_mss_fvg,SELL,2026-04-23 09:11:00+00:00,4700.67,4704.37,4695.12,2026-04-23 09:54:00+00:00,4695.12,TP,5.1,3.7,1.3784,9,S99_MSS_FVG_SHORT
s99_mss_fvg,SELL,2026-04-23 10:33:00+00:00,4692.94,4697.66,4685.86,2026-04-23 11:00:00+00:00,4697.66,SL,-5.17,4.72,-1.0953,10,S99_MSS_FVG_SHORT
s99_mss_fvg,BUY,2026-04-23 11:07:00+00:00,4695.945,4691.01,4703.35,2026-04-23 11:21:00+00:00,4703.35,TP,6.955,4.935,1.4093,11,S99_MSS_FVG_LONG
s99_mss_fvg,BUY,2026-04-23 12:10:00+00:00,4729.14,4719.83,4743.11,2026-04-23 12:58:00+00:00,4743.11,TP,13.52,9.31,1.4522,12,S99_MSS_FVG_LONG
s99_mss_fvg,SELL,2026-04-23 13:40:00+00:00,4734.005,4738.16,4727.77,2026-04-23 13:49:00+00:00,4738.16,SL,-4.605,4.155,-1.1083,13,S99_MSS_FVG_SHORT
s99_mss_fvg,BUY,2026-04-23 15:28:00+00:00,4736.015,4731.71,4742.47,2026-04-23 15:30:00+00:00,4731.71,SL,-4.755,4.305,-1.1045,15,S99_MSS_FVG_LONG
s99_mss_fvg,SELL,2026-04-24 06:30:00+00:00,4674.72,4677.58,4670.43,2026-04-24 06:42:00+00:00,4670.43,TP,3.84,2.86,1.3427,6,S99_MSS_FVG_SHORT
s99_mss_fvg,BUY,2026-04-24 07:55:00+00:00,4690.41,4685.56,4697.68,2026-04-24 08:35:00+00:00,4685.56,SL,-5.3,4.85,-1.0928,7,S99_MSS_FVG_LONG
s99_mss_fvg,SELL,2026-04-24 10:40:00+00:00,4679.03,4683.34,4672.56,2026-04-24 11:01:00+00:00,4683.34,SL,-4.76,4.31,-1.1044,10,S99_MSS_FVG_SHORT
s99_mss_fvg,BUY,2026-04-24 11:16:00+00:00,4695.72,4690.01,4704.28,2026-04-24 11:22:00+00:00,4704.28,TP,8.11,5.71,1.4203,11,S99_MSS_FVG_LONG
s99_mss_fvg,BUY,2026-04-24 11:37:00+00:00,4706.48,4699.15,4717.47,2026-04-24 12:44:00+00:00,4699.15,SL,-7.78,7.33,-1.0614,11,S99_MSS_FVG_LONG
s99_mss_fvg,SELL,2026-04-24 12:56:00+00:00,4695.5,4699.74,4689.14,2026-04-24 12:58:00+00:00,4699.74,SL,-4.69,4.24,-1.1061,12,S99_MSS_FVG_SHORT
s99_mss_fvg,BUY,2026-04-24 13:54:00+00:00,4706.185,4702.88,4711.14,2026-04-24 13:58:00+00:00,4711.14,TP,4.505,3.305,1.3631,13,S99_MSS_FVG_LONG
s99_mss_fvg,BUY,2026-04-24 14:25:00+00:00,4725.78,4713.79,4743.76,2026-04-24 19:56:00+00:00,4713.79,SL,-12.44,11.99,-1.0375,14,S99_MSS_FVG_LONG
s99_mss_fvg,SELL,2026-04-27 12:48:00+00:00,4702.625,4705.0,4699.06,2026-04-27 12:56:00+00:00,4699.06,TP,3.115,2.375,1.3116,12,S99_MSS_FVG_SHORT
s99_mss_fvg,SELL,2026-04-27 13:48:00+00:00,4695.725,4698.77,4691.16,2026-04-27 13:49:00+00:00,4691.16,TP,4.115,3.045,1.3514,13,S99_MSS_FVG_SHORT
s99_mss_fvg,SELL,2026-04-27 14:35:00+00:00,4689.045,4693.13,4682.92,2026-04-27 14:36:00+00:00,4693.13,SL,-4.535,4.085,-1.1102,14,S99_MSS_FVG_SHORT
s99_mss_fvg,SELL,2026-04-27 15:10:00+00:00,4673.82,4678.07,4667.44,2026-04-27 15:19:00+00:00,4678.07,SL,-4.7,4.25,-1.1059,15,S99_MSS_FVG_SHORT
s99_mss_fvg,SELL,2026-04-28 09:30:00+00:00,4618.99,4622.99,4612.99,2026-04-28 09:32:00+00:00,4612.99,TP,5.55,4.0,1.3875,9,S99_MSS_FVG_SHORT
s99_mss_fvg,SELL,2026-04-28 11:56:00+00:00,4563.46,4570.02,4553.62,2026-04-28 12:04:00+00:00,4570.02,SL,-7.01,6.56,-1.0686,11,S99_MSS_FVG_SHORT
s99_mss_fvg,SELL,2026-04-29 08:41:00+00:00,4563.46,4567.0,4558.15,2026-04-29 08:44:00+00:00,4567.0,SL,-3.99,3.54,-1.1271,8,S99_MSS_FVG_SHORT
s99_mss_fvg,SELL,2026-04-29 09:35:00+00:00,4567.355,4573.23,4558.54,2026-04-29 09:45:00+00:00,4558.54,TP,8.365,5.875,1.4238,9,S99_MSS_FVG_SHORT
s99_mss_fvg,SELL,2026-04-29 10:00:00+00:00,4557.325,4559.29,4554.38,2026-04-29 10:02:00+00:00,4559.29,SL,-2.415,1.965,-1.229,10,S99_MSS_FVG_SHORT
s99_mss_fvg,SELL,2026-04-29 13:00:00+00:00,4548.755,4556.15,4537.66,2026-04-29 13:20:00+00:00,4537.66,TP,10.645,7.395,1.4395,13,S99_MSS_FVG_SHORT
s99_mss_fvg,SELL,2026-04-29 13:50:00+00:00,4517.51,4525.74,4505.17,2026-04-29 13:55:00+00:00,4525.74,SL,-8.68,8.23,-1.0547,13,S99_MSS_FVG_SHORT
s99_mss_fvg,BUY,2026-04-30 06:40:00+00:00,4575.365,4570.22,4583.08,2026-04-30 06:52:00+00:00,4583.08,TP,7.265,5.145,1.4121,6,S99_MSS_FVG_LONG
s99_mss_fvg,BUY,2026-04-30 07:20:00+00:00,4586.255,4583.0,4591.14,2026-04-30 07:29:00+00:00,4591.14,TP,4.435,3.255,1.3625,7,S99_MSS_FVG_LONG
s99_mss_fvg,BUY,2026-04-30 08:11:00+00:00,4616.825,4604.0,4636.06,2026-04-30 10:27:00+00:00,4636.06,TP,18.785,12.825,1.4647,8,S99_MSS_FVG_LONG
s99_mss_fvg,BUY,2026-04-30 13:05:00+00:00,4638.4,4634.26,4644.61,2026-04-30 13:15:00+00:00,4644.61,TP,5.76,4.14,1.3913,13,S99_MSS_FVG_LONG
s99_mss_fvg,SELL,2026-04-30 14:41:00+00:00,4617.42,4620.47,4612.84,2026-04-30 14:43:00+00:00,4620.47,SL,-3.5,3.05,-1.1475,14,S99_MSS_FVG_SHORT
s99_mss_fvg,SELL,2026-05-01 08:01:00+00:00,4581.47,4583.42,4578.55,2026-05-01 08:03:00+00:00,4578.55,TP,2.47,1.95,1.2667,8,S99_MSS_FVG_SHORT
s99_mss_fvg,SELL,2026-05-01 08:31:00+00:00,4569.275,4572.35,4564.66,2026-05-01 08:35:00+00:00,4572.35,SL,-3.525,3.075,-1.1463,8,S99_MSS_FVG_SHORT
s99_mss_fvg,SELL,2026-05-01 10:03:00+00:00,4564.28,4568.87,4557.39,2026-05-01 10:19:00+00:00,4568.87,SL,-5.04,4.59,-1.098,10,S99_MSS_FVG_SHORT
s99_mss_fvg,BUY,2026-05-01 11:30:00+00:00,4571.775,4566.54,4579.63,2026-05-01 11:59:00+00:00,4579.63,TP,7.405,5.235,1.4145,11,S99_MSS_FVG_LONG
s99_mss_fvg,BUY,2026-05-01 14:24:00+00:00,4649.31,4638.3,4665.83,2026-05-01 14:36:00+00:00,4638.3,SL,-11.46,11.01,-1.0409,14,S99_MSS_FVG_LONG
s99_mss_fvg,BUY,2026-05-01 15:23:00+00:00,4635.495,4626.39,4649.15,2026-05-01 16:17:00+00:00,4649.15,TP,13.205,9.105,1.4503,15,S99_MSS_FVG_LONG
s99_mss_fvg,BUY,2026-05-04 14:29:00+00:00,4572.325,4561.8,4588.11,2026-05-04 14:59:00+00:00,4561.8,SL,-10.975,10.525,-1.0428,14,S99_MSS_FVG_LONG
s99_mss_fvg,BUY,2026-05-05 07:10:00+00:00,4551.505,4549.96,4553.82,2026-05-05 07:13:00+00:00,4553.82,TP,1.865,1.545,1.2071,7,S99_MSS_FVG_LONG
s99_mss_fvg,BUY,2026-05-05 09:00:00+00:00,4555.505,4551.35,4561.74,2026-05-05 09:30:00+00:00,4551.35,SL,-4.605,4.155,-1.1083,9,S99_MSS_FVG_LONG
s99_mss_fvg,SELL,2026-05-05 11:05:00+00:00,4545.895,4551.81,4537.02,2026-05-05 11:11:00+00:00,4551.81,SL,-6.365,5.915,-1.0761,11,S99_MSS_FVG_SHORT
s99_mss_fvg,BUY,2026-05-05 13:36:00+00:00,4574.01,4564.67,4588.02,2026-05-05 16:04:00+00:00,4564.67,SL,-9.79,9.34,-1.0482,13,S99_MSS_FVG_LONG
s99_mss_fvg,BUY,2026-05-06 06:05:00+00:00,4658.385,4652.53,4667.17,2026-05-06 06:31:00+00:00,4667.17,TP,8.335,5.855,1.4236,6,S99_MSS_FVG_LONG
s99_mss_fvg,BUY,2026-05-06 08:35:00+00:00,4673.875,4669.62,4680.26,2026-05-06 08:48:00+00:00,4680.26,TP,5.935,4.255,1.3948,8,S99_MSS_FVG_LONG
s99_mss_fvg,BUY,2026-05-06 09:04:00+00:00,4693.005,4680.94,4711.1,2026-05-06 10:30:00+00:00,4711.1,TP,17.645,12.065,1.4625,9,S99_MSS_FVG_LONG
s99_mss_fvg,BUY,2026-05-06 10:49:00+00:00,4708.085,4703.79,4714.53,2026-05-06 10:50:00+00:00,4714.53,TP,5.995,4.295,1.3958,10,S99_MSS_FVG_LONG
s99_mss_fvg,BUY,2026-05-06 11:01:00+00:00,4716.065,4714.35,4718.64,2026-05-06 11:02:00+00:00,4714.35,SL,-2.165,1.715,-1.2624,11,S99_MSS_FVG_LONG
s99_mss_fvg,SELL,2026-05-06 12:21:00+00:00,4677.095,4681.84,4669.98,2026-05-06 12:24:00+00:00,4681.84,SL,-5.195,4.745,-1.0948,12,S99_MSS_FVG_SHORT
s99_mss_fvg,BUY,2026-05-06 13:45:00+00:00,4693.235,4685.02,4705.56,2026-05-06 13:54:00+00:00,4705.56,TP,11.875,8.215,1.4455,13,S99_MSS_FVG_LONG
s99_mss_fvg,BUY,2026-05-06 14:00:00+00:00,4701.68,4699.64,4704.74,2026-05-06 14:01:00+00:00,4704.74,TP,2.61,2.04,1.2794,14,S99_MSS_FVG_LONG
s99_mss_fvg,BUY,2026-05-06 14:22:00+00:00,4711.215,4707.54,4716.73,2026-05-06 14:27:00+00:00,4707.54,SL,-4.125,3.675,-1.1224,14,S99_MSS_FVG_LONG
s99_mss_fvg,BUY,2026-05-07 06:47:00+00:00,4739.96,4732.83,4750.66,2026-05-07 07:04:00+00:00,4732.83,SL,-7.58,7.13,-1.0631,6,S99_MSS_FVG_LONG
s99_mss_fvg,BUY,2026-05-07 08:10:00+00:00,4746.08,4743.25,4750.32,2026-05-07 08:14:00+00:00,4743.25,SL,-3.28,2.83,-1.159,8,S99_MSS_FVG_LONG
s99_mss_fvg,SELL,2026-05-07 10:07:00+00:00,4731.975,4734.09,4728.8,2026-05-07 10:11:00+00:00,4734.09,SL,-2.565,2.115,-1.2128,10,S99_MSS_FVG_SHORT
s99_mss_fvg,BUY,2026-05-07 10:47:00+00:00,4736.17,4731.74,4742.82,2026-05-07 11:12:00+00:00,4731.74,SL,-4.88,4.43,-1.1016,10,S99_MSS_FVG_LONG
s99_mss_fvg,BUY,2026-05-07 15:01:00+00:00,4760.385,4757.34,4764.95,2026-05-07 15:06:00+00:00,4757.34,SL,-3.495,3.045,-1.1478,15,S99_MSS_FVG_LONG
s99_mss_fvg,BUY,2026-05-08 08:45:00+00:00,4716.46,4714.14,4719.94,2026-05-08 08:48:00+00:00,4719.94,TP,3.03,2.32,1.306,8,S99_MSS_FVG_LONG
s99_mss_fvg,BUY,2026-05-08 10:45:00+00:00,4724.225,4722.67,4726.56,2026-05-08 10:46:00+00:00,4722.67,SL,-2.005,1.555,-1.2894,10,S99_MSS_FVG_LONG
s99_mss_fvg,SELL,2026-05-08 11:55:00+00:00,4717.95,4722.03,4711.83,2026-05-08 12:05:00+00:00,4711.83,TP,5.67,4.08,1.3897,11,S99_MSS_FVG_SHORT
s99_mss_fvg,SELL,2026-05-08 12:17:00+00:00,4710.015,4713.65,4704.56,2026-05-08 12:30:00+00:00,4713.65,SL,-4.085,3.635,-1.1238,12,S99_MSS_FVG_SHORT
s99_mss_fvg,BUY,2026-05-08 13:40:00+00:00,4738.38,4726.2,4756.65,2026-05-08 14:09:00+00:00,4726.2,SL,-12.63,12.18,-1.0369,13,S99_MSS_FVG_LONG
s99_mss_fvg,SELL,2026-05-08 15:20:00+00:00,4709.105,4715.55,4699.44,2026-05-08 16:25:00+00:00,4715.55,SL,-6.895,6.445,-1.0698,15,S99_MSS_FVG_SHORT
s99_mss_fvg,SELL,2026-05-11 08:05:00+00:00,4670.845,4672.69,4668.08,2026-05-11 08:08:00+00:00,4668.08,TP,2.315,1.845,1.2547,8,S99_MSS_FVG_SHORT
s99_mss_fvg,BUY,2026-05-11 11:12:00+00:00,4667.27,4665.3,4670.23,2026-05-11 11:21:00+00:00,4670.23,TP,2.51,1.97,1.2741,11,S99_MSS_FVG_LONG
s99_mss_fvg,BUY,2026-05-11 11:45:00+00:00,4674.33,4672.75,4676.7,2026-05-11 11:50:00+00:00,4672.75,SL,-2.03,1.58,-1.2848,11,S99_MSS_FVG_LONG
s99_mss_fvg,SELL,2026-05-11 12:15:00+00:00,4669.51,4671.43,4666.63,2026-05-11 12:18:00+00:00,4671.43,SL,-2.37,1.92,-1.2344,12,S99_MSS_FVG_SHORT
s99_mss_fvg,BUY,2026-05-11 14:06:00+00:00,4726.45,4719.87,4736.32,2026-05-11 14:07:00+00:00,4719.87,SL,-7.03,6.58,-1.0684,14,S99_MSS_FVG_LONG
s99_mss_fvg,BUY,2026-05-12 11:47:00+00:00,4702.77,4701.21,4705.11,2026-05-12 11:48:00+00:00,4705.11,TP,1.89,1.56,1.2115,11,S99_MSS_FVG_LONG
s99_mss_fvg,SELL,2026-05-12 15:30:00+00:00,4656.82,4661.12,4650.37,2026-05-12 15:33:00+00:00,4661.12,SL,-4.75,4.3,-1.1047,15,S99_MSS_FVG_SHORT
s99_mss_fvg,BUY,2026-05-13 06:27:00+00:00,4707.41,4704.34,4712.01,2026-05-13 06:39:00+00:00,4712.01,TP,4.15,3.07,1.3518,6,S99_MSS_FVG_LONG
s99_mss_fvg,SELL,2026-05-13 07:00:00+00:00,4704.08,4708.27,4697.79,2026-05-13 07:08:00+00:00,4697.79,TP,5.84,4.19,1.3938,7,S99_MSS_FVG_SHORT
s99_mss_fvg,SELL,2026-05-13 09:27:00+00:00,4692.185,4694.31,4689.0,2026-05-13 09:29:00+00:00,4689.0,TP,2.735,2.125,1.2871,9,S99_MSS_FVG_SHORT
s99_mss_fvg,SELL,2026-05-13 14:25:00+00:00,4684.195,4689.71,4675.92,2026-05-13 14:34:00+00:00,4689.71,SL,-5.965,5.515,-1.0816,14,S99_MSS_FVG_SHORT
s99_mss_fvg,BUY,2026-05-13 15:48:00+00:00,4697.125,4694.83,4700.57,2026-05-13 15:53:00+00:00,4694.83,SL,-2.745,2.295,-1.1961,15,S99_MSS_FVG_LONG
s99_mss_fvg,SELL,2026-05-14 06:05:00+00:00,4693.605,4699.16,4685.27,2026-05-14 06:44:00+00:00,4699.16,SL,-6.005,5.555,-1.081,6,S99_MSS_FVG_SHORT
s99_mss_fvg,BUY,2026-05-14 07:40:00+00:00,4710.15,4705.6,4716.97,2026-05-14 07:47:00+00:00,4705.6,SL,-5.0,4.55,-1.0989,7,S99_MSS_FVG_LONG
s99_mss_fvg,BUY,2026-05-14 10:08:00+00:00,4698.41,4696.61,4701.11,2026-05-14 10:11:00+00:00,4701.11,TP,2.25,1.8,1.25,10,S99_MSS_FVG_LONG
s99_mss_fvg,SELL,2026-05-14 13:25:00+00:00,4695.355,4702.28,4684.97,2026-05-14 13:30:00+00:00,4684.97,TP,9.935,6.925,1.4347,13,S99_MSS_FVG_SHORT
s99_mss_fvg,SELL,2026-05-14 13:47:00+00:00,4687.51,4689.68,4684.26,2026-05-14 13:48:00+00:00,4684.26,TP,2.8,2.17,1.2903,13,S99_MSS_FVG_SHORT
s99_mss_fvg,BUY,2026-05-14 14:25:00+00:00,4693.75,4688.46,4701.68,2026-05-14 14:26:00+00:00,4688.46,SL,-5.74,5.29,-1.0851,14,S99_MSS_FVG_LONG
s99_mss_fvg,BUY,2026-05-15 07:25:00+00:00,4582.15,4575.52,4592.09,2026-05-15 07:37:00+00:00,4575.52,SL,-7.08,6.63,-1.0679,7,S99_MSS_FVG_LONG
s99_mss_fvg,SELL,2026-05-15 09:21:00+00:00,4549.41,4554.89,4541.19,2026-05-15 09:30:00+00:00,4554.89,SL,-5.93,5.48,-1.0821,9,S99_MSS_FVG_SHORT
s99_mss_fvg,BUY,2026-05-15 11:02:00+00:00,4564.1,4562.21,4566.94,2026-05-15 11:04:00+00:00,4562.21,SL,-2.34,1.89,-1.2381,11,S99_MSS_FVG_LONG
s99_mss_fvg,SELL,2026-05-15 11:46:00+00:00,4555.085,4559.96,4547.77,2026-05-15 12:01:00+00:00,4547.77,TP,6.865,4.875,1.4082,11,S99_MSS_FVG_SHORT
s99_mss_fvg,SELL,2026-05-15 13:50:00+00:00,4531.37,4543.76,4512.78,2026-05-15 14:12:00+00:00,4543.76,SL,-12.84,12.39,-1.0363,13,S99_MSS_FVG_SHORT
s99_mss_fvg,BUY,2026-05-15 14:25:00+00:00,4556.105,4548.23,4567.92,2026-05-15 14:50:00+00:00,4548.23,SL,-8.325,7.875,-1.0571,14,S99_MSS_FVG_LONG
s99_mss_fvg,BUY,2026-05-18 07:41:00+00:00,4551.775,4550.18,4554.17,2026-05-18 07:42:00+00:00,4550.18,SL,-2.045,1.595,-1.2821,7,S99_MSS_FVG_LONG
s99_mss_fvg,BUY,2026-05-18 10:50:00+00:00,4542.18,4538.87,4547.15,2026-05-18 10:53:00+00:00,4538.87,SL,-3.76,3.31,-1.136,10,S99_MSS_FVG_LONG
s99_mss_fvg,BUY,2026-05-18 12:51:00+00:00,4568.12,4561.64,4577.84,2026-05-18 13:33:00+00:00,4577.84,TP,9.27,6.48,1.4306,12,S99_MSS_FVG_LONG
s99_mss_fvg,SELL,2026-05-19 12:03:00+00:00,4535.135,4538.27,4530.43,2026-05-19 12:07:00+00:00,4538.27,SL,-3.585,3.135,-1.1435,12,S99_MSS_FVG_SHORT
s99_mss_fvg,SELL,2026-05-19 13:10:00+00:00,4525.365,4538.32,4505.93,2026-05-19 13:23:00+00:00,4505.93,TP,18.985,12.955,1.4655,13,S99_MSS_FVG_SHORT
s99_mss_fvg,SELL,2026-05-19 13:50:00+00:00,4487.125,4493.33,4477.82,2026-05-19 13:51:00+00:00,4493.33,SL,-6.655,6.205,-1.0725,13,S99_MSS_FVG_SHORT
s99_mss_fvg,BUY,2026-05-20 07:15:00+00:00,4480.515,4478.0,4484.29,2026-05-20 07:21:00+00:00,4484.29,TP,3.325,2.515,1.3221,7,S99_MSS_FVG_LONG
s99_mss_fvg,BUY,2026-05-20 10:45:00+00:00,4494.015,4491.76,4497.4,2026-05-20 10:50:00+00:00,4491.76,SL,-2.705,2.255,-1.1996,10,S99_MSS_FVG_LONG
s99_mss_fvg,BUY,2026-05-20 12:50:00+00:00,4501.27,4498.97,4504.72,2026-05-20 12:54:00+00:00,4498.97,SL,-2.75,2.3,-1.1957,12,S99_MSS_FVG_LONG
s99_mss_fvg,BUY,2026-05-21 08:20:00+00:00,4530.16,4528.29,4532.97,2026-05-21 08:24:00+00:00,4532.97,TP,2.36,1.87,1.262,8,S99_MSS_FVG_LONG
s99_mss_fvg,BUY,2026-05-21 09:25:00+00:00,4536.67,4535.12,4539.0,2026-05-21 09:28:00+00:00,4539.0,TP,1.88,1.55,1.2129,9,S99_MSS_FVG_LONG
s99_mss_fvg,SELL,2026-05-21 11:03:00+00:00,4518.545,4533.5,4496.11,2026-05-21 13:25:00+00:00,4496.11,TP,21.985,14.955,1.4701,11,S99_MSS_FVG_SHORT
s99_mss_fvg,BUY,2026-05-22 10:00:00+00:00,4532.205,4527.99,4538.53,2026-05-22 10:22:00+00:00,4527.99,SL,-4.665,4.215,-1.1068,10,S99_MSS_FVG_LONG
s99_mss_fvg,BUY,2026-05-22 12:22:00+00:00,4526.295,4522.34,4532.23,2026-05-22 12:28:00+00:00,4522.34,SL,-4.405,3.955,-1.1138,12,S99_MSS_FVG_LONG
s99_mss_fvg,SELL,2026-05-22 14:10:00+00:00,4510.94,4513.19,4507.56,2026-05-22 14:12:00+00:00,4507.56,TP,2.93,2.25,1.3022,14,S99_MSS_FVG_SHORT
s99_mss_fvg,SELL,2026-05-22 14:32:00+00:00,4500.565,4506.09,4492.28,2026-05-22 14:45:00+00:00,4506.09,SL,-5.975,5.525,-1.0814,14,S99_MSS_FVG_SHORT
s99_mss_fvg,BUY,2026-05-22 15:25:00+00:00,4513.735,4510.97,4517.88,2026-05-22 15:26:00+00:00,4517.88,TP,3.695,2.765,1.3363,15,S99_MSS_FVG_LONG
s99_mss_fvg,BUY,2026-05-22 15:35:00+00:00,4518.66,4514.91,4524.28,2026-05-22 15:49:00+00:00,4514.91,SL,-4.2,3.75,-1.12,15,S99_MSS_FVG_LONG
s99_mss_fvg,BUY,2026-05-25 08:03:00+00:00,4563.345,4561.49,4566.13,2026-05-25 08:05:00+00:00,4561.49,SL,-2.305,1.855,-1.2426,8,S99_MSS_FVG_LONG
s99_mss_fvg,BUY,2026-05-25 11:23:00+00:00,4571.935,4568.35,4577.31,2026-05-25 12:00:00+00:00,4568.35,SL,-4.035,3.585,-1.1255,11,S99_MSS_FVG_LONG
s99_mss_fvg,BUY,2026-05-25 14:30:00+00:00,4567.04,4564.33,4571.1,2026-05-25 15:10:00+00:00,4571.1,TP,3.61,2.71,1.3321,14,S99_MSS_FVG_LONG
s99_mss_fvg,SELL,2026-05-26 09:49:00+00:00,4519.05,4522.7,4513.58,2026-05-26 09:59:00+00:00,4522.7,SL,-4.1,3.65,-1.1233,9,S99_MSS_FVG_SHORT
s99_mss_fvg,SELL,2026-05-26 11:47:00+00:00,4513.355,4518.46,4505.7,2026-05-26 11:58:00+00:00,4505.7,TP,7.205,5.105,1.4114,11,S99_MSS_FVG_SHORT
s99_mss_fvg,SELL,2026-05-26 14:04:00+00:00,4517.955,4526.65,4504.91,2026-05-26 15:27:00+00:00,4504.91,TP,12.595,8.695,1.4485,14,S99_MSS_FVG_SHORT
s99_mss_fvg,SELL,2026-05-27 07:56:00+00:00,4480.705,4483.13,4477.07,2026-05-27 08:00:00+00:00,4483.13,SL,-2.875,2.425,-1.1856,7,S99_MSS_FVG_SHORT
s99_mss_fvg,SELL,2026-05-27 11:03:00+00:00,4450.45,4464.07,4430.02,2026-05-27 11:57:00+00:00,4430.02,TP,19.98,13.62,1.467,11,S99_MSS_FVG_SHORT
s99_mss_fvg,SELL,2026-05-27 12:01:00+00:00,4434.275,4440.52,4424.91,2026-05-27 12:18:00+00:00,4440.52,SL,-6.695,6.245,-1.0721,12,S99_MSS_FVG_SHORT
s99_mss_fvg,SELL,2026-05-27 13:17:00+00:00,4420.445,4431.77,4403.46,2026-05-27 13:28:00+00:00,4403.46,TP,16.535,11.325,1.46,13,S99_MSS_FVG_SHORT
s99_mss_fvg,BUY,2026-05-28 07:15:00+00:00,4386.825,4383.54,4391.75,2026-05-28 07:18:00+00:00,4391.75,TP,4.475,3.285,1.3623,7,S99_MSS_FVG_LONG
s99_mss_fvg,BUY,2026-05-28 07:29:00+00:00,4393.255,4391.18,4396.37,2026-05-28 07:32:00+00:00,4391.18,SL,-2.525,2.075,-1.2169,7,S99_MSS_FVG_LONG
s99_mss_fvg,BUY,2026-05-28 09:30:00+00:00,4393.61,4391.31,4397.06,2026-05-28 09:40:00+00:00,4391.31,SL,-2.75,2.3,-1.1957,9,S99_MSS_FVG_LONG
s99_mss_fvg,BUY,2026-05-28 10:19:00+00:00,4398.37,4394.16,4404.68,2026-05-28 10:22:00+00:00,4394.16,SL,-4.66,4.21,-1.1069,10,S99_MSS_FVG_LONG
s99_mss_fvg,SELL,2026-05-28 10:55:00+00:00,4385.015,4389.27,4378.63,2026-05-28 11:05:00+00:00,4389.27,SL,-4.705,4.255,-1.1058,10,S99_MSS_FVG_SHORT
s99_mss_fvg,BUY,2026-05-28 12:10:00+00:00,4389.57,4387.58,4392.55,2026-05-28 12:12:00+00:00,4392.55,TP,2.53,1.99,1.2714,12,S99_MSS_FVG_LONG
s99_mss_fvg,BUY,2026-05-28 13:08:00+00:00,4428.83,4420.06,4441.98,2026-05-28 13:33:00+00:00,4420.06,SL,-9.22,8.77,-1.0513,13,S99_MSS_FVG_LONG
s99_mss_fvg,SELL,2026-05-28 13:45:00+00:00,4426.525,4429.66,4421.82,2026-05-28 13:46:00+00:00,4429.66,SL,-3.585,3.135,-1.1435,13,S99_MSS_FVG_SHORT
s99_mss_fvg,BUY,2026-05-29 07:01:00+00:00,4521.745,4518.77,4526.21,2026-05-29 07:06:00+00:00,4518.77,SL,-3.425,2.975,-1.1513,7,S99_MSS_FVG_LONG
s99_mss_fvg,BUY,2026-05-29 09:20:00+00:00,4526.97,4523.32,4532.45,2026-05-29 09:23:00+00:00,4523.32,SL,-4.1,3.65,-1.1233,9,S99_MSS_FVG_LONG
s99_mss_fvg,BUY,2026-05-29 09:54:00+00:00,4532.035,4529.4,4535.99,2026-05-29 10:00:00+00:00,4529.4,SL,-3.085,2.635,-1.1708,9,S99_MSS_FVG_LONG
s99_mss_fvg,BUY,2026-05-29 10:42:00+00:00,4538.21,4530.11,4550.36,2026-05-29 11:17:00+00:00,4530.11,SL,-8.55,8.1,-1.0556,10,S99_MSS_FVG_LONG
s99_mss_fvg,SELL,2026-05-29 12:52:00+00:00,4518.975,4521.7,4514.89,2026-05-29 12:59:00+00:00,4521.7,SL,-3.175,2.725,-1.1651,12,S99_MSS_FVG_SHORT
s99_mss_fvg,BUY,2026-05-29 14:13:00+00:00,4546.255,4539.41,4556.52,2026-05-29 14:19:00+00:00,4539.41,SL,-7.295,6.845,-1.0657,14,S99_MSS_FVG_LONG
s99_mss_fvg,BUY,2026-05-29 15:20:00+00:00,4585.965,4576.47,4600.21,2026-05-29 15:37:00+00:00,4576.47,SL,-9.945,9.495,-1.0474,15,S99_MSS_FVG_LONG
s99_mss_fvg,SELL,2026-06-01 06:25:00+00:00,4511.025,4513.78,4506.89,2026-06-01 06:29:00+00:00,4513.78,SL,-3.205,2.755,-1.1633,6,S99_MSS_FVG_SHORT
s99_mss_fvg,SELL,2026-06-01 07:03:00+00:00,4506.275,4511.52,4498.41,2026-06-01 07:44:00+00:00,4498.41,TP,7.415,5.245,1.4137,7,S99_MSS_FVG_SHORT
s99_mss_fvg,SELL,2026-06-01 07:55:00+00:00,4496.795,4498.88,4493.67,2026-06-01 07:57:00+00:00,4498.88,SL,-2.535,2.085,-1.2158,7,S99_MSS_FVG_SHORT
s99_mss_fvg,SELL,2026-06-01 09:36:00+00:00,4497.43,4499.73,4493.98,2026-06-01 09:49:00+00:00,4493.98,TP,3.0,2.3,1.3043,9,S99_MSS_FVG_SHORT
s99_mss_fvg,SELL,2026-06-01 13:32:00+00:00,4469.375,4481.46,4451.25,2026-06-01 13:55:00+00:00,4451.25,TP,17.675,12.085,1.4626,13,S99_MSS_FVG_SHORT
s99_mss_fvg,SELL,2026-06-01 14:05:00+00:00,4455.57,4465.55,4440.6,2026-06-01 15:15:00+00:00,4465.55,SL,-10.43,9.98,-1.0451,14,S99_MSS_FVG_SHORT
s99_mss_fvg,BUY,2026-06-01 15:41:00+00:00,4474.04,4469.22,4481.27,2026-06-01 15:48:00+00:00,4469.22,SL,-5.27,4.82,-1.0934,15,S99_MSS_FVG_LONG
s99_mss_fvg,BUY,2026-06-02 06:40:00+00:00,4533.13,4529.76,4538.18,2026-06-02 07:09:00+00:00,4538.18,TP,4.6,3.37,1.365,6,S99_MSS_FVG_LONG
s99_mss_fvg,SELL,2026-06-02 13:01:00+00:00,4517.59,4520.99,4512.49,2026-06-02 13:05:00+00:00,4520.99,SL,-3.85,3.4,-1.1324,13,S99_MSS_FVG_SHORT
s99_mss_fvg,SELL,2026-06-02 14:04:00+00:00,4506.15,4507.91,4503.51,2026-06-02 14:05:00+00:00,4503.51,TP,2.19,1.76,1.2443,14,S99_MSS_FVG_SHORT
s99_mss_fvg,SELL,2026-06-02 14:32:00+00:00,4498.535,4504.05,4490.26,2026-06-02 14:37:00+00:00,4504.05,SL,-5.965,5.515,-1.0816,14,S99_MSS_FVG_SHORT
s99_mss_fvg,SELL,2026-06-03 09:01:00+00:00,4446.09,4455.33,4432.23,2026-06-03 09:07:00+00:00,4455.33,SL,-9.69,9.24,-1.0487,9,S99_MSS_FVG_SHORT
s99_mss_fvg,SELL,2026-06-03 13:30:00+00:00,4450.775,4456.81,4441.72,2026-06-03 13:42:00+00:00,4441.72,TP,8.605,6.035,1.4258,13,S99_MSS_FVG_SHORT
s99_mss_fvg,SELL,2026-06-03 13:50:00+00:00,4438.545,4448.1,4424.21,2026-06-03 13:55:00+00:00,4448.1,SL,-10.005,9.555,-1.0471,13,S99_MSS_FVG_SHORT
s99_mss_fvg,BUY,2026-06-04 06:16:00+00:00,4472.2,4469.73,4475.91,2026-06-04 06:17:00+00:00,4469.73,SL,-2.92,2.47,-1.1822,6,S99_MSS_FVG_LONG
s99_mss_fvg,BUY,2026-06-04 09:58:00+00:00,4470.24,4467.89,4473.76,2026-06-04 10:20:00+00:00,4467.89,SL,-2.8,2.35,-1.1915,9,S99_MSS_FVG_LONG
s99_mss_fvg,BUY,2026-06-04 11:36:00+00:00,4484.605,4479.48,4492.29,2026-06-04 11:44:00+00:00,4492.29,TP,7.235,5.125,1.4117,11,S99_MSS_FVG_LONG
s99_mss_fvg,BUY,2026-06-04 12:04:00+00:00,4500.865,4491.21,4515.35,2026-06-04 12:17:00+00:00,4491.21,SL,-10.105,9.655,-1.0466,12,S99_MSS_FVG_LONG
s99_mss_fvg,BUY,2026-06-05 09:28:00+00:00,4464.255,4462.34,4467.13,2026-06-05 09:29:00+00:00,4462.34,SL,-2.365,1.915,-1.235,9,S99_MSS_FVG_LONG
s99_mss_fvg,SELL,2026-06-05 14:30:00+00:00,4361.5,4367.23,4352.91,2026-06-05 14:33:00+00:00,4352.91,TP,8.14,5.73,1.4206,14,S99_MSS_FVG_SHORT
s99_mss_fvg,SELL,2026-06-05 15:54:00+00:00,4341.76,4347.23,4333.56,2026-06-05 16:00:00+00:00,4333.56,TP,7.75,5.47,1.4168,15,S99_MSS_FVG_SHORT
s99_mss_fvg,BUY,2026-06-08 10:02:00+00:00,4289.51,4279.77,4304.12,2026-06-08 10:34:00+00:00,4304.12,TP,14.16,9.74,1.4538,10,S99_MSS_FVG_LONG
s99_mss_fvg,BUY,2026-06-08 10:51:00+00:00,4299.36,4293.8,4307.7,2026-06-08 11:10:00+00:00,4307.7,TP,7.89,5.56,1.4191,10,S99_MSS_FVG_LONG
s99_mss_fvg,BUY,2026-06-08 11:28:00+00:00,4323.245,4317.33,4332.12,2026-06-08 11:32:00+00:00,4332.12,TP,8.425,5.915,1.4243,11,S99_MSS_FVG_LONG
s99_mss_fvg,BUY,2026-06-08 15:05:00+00:00,4328.945,4325.66,4333.87,2026-06-08 15:09:00+00:00,4325.66,SL,-3.735,3.285,-1.137,15,S99_MSS_FVG_LONG
s99_mss_fvg,BUY,2026-06-08 15:47:00+00:00,4335.37,4332.19,4340.14,2026-06-08 15:52:00+00:00,4340.14,TP,4.32,3.18,1.3585,15,S99_MSS_FVG_LONG
s99_mss_fvg,SELL,2026-06-09 06:36:00+00:00,4339.55,4342.12,4335.7,2026-06-09 06:43:00+00:00,4335.7,TP,3.4,2.57,1.323,6,S99_MSS_FVG_SHORT
s99_mss_fvg,BUY,2026-06-09 08:34:00+00:00,4331.485,4326.06,4339.62,2026-06-09 08:50:00+00:00,4326.06,SL,-5.875,5.425,-1.0829,8,S99_MSS_FVG_LONG
s99_mss_fvg,BUY,2026-06-09 10:20:00+00:00,4334.095,4330.36,4339.7,2026-06-09 10:42:00+00:00,4330.36,SL,-4.185,3.735,-1.1205,10,S99_MSS_FVG_LONG
s99_mss_fvg,SELL,2026-06-09 14:51:00+00:00,4290.18,4305.62,4267.02,2026-06-09 15:31:00+00:00,4267.02,TP,22.71,15.44,1.4709,14,S99_MSS_FVG_SHORT
s99_mss_fvg,SELL,2026-06-09 15:40:00+00:00,4274.8,4279.69,4267.47,2026-06-09 15:42:00+00:00,4279.69,SL,-5.34,4.89,-1.092,15,S99_MSS_FVG_SHORT
s99_mss_fvg,BUY,2026-06-10 06:12:00+00:00,4209.455,4207.74,4212.03,2026-06-10 06:13:00+00:00,4212.03,TP,2.125,1.715,1.2391,6,S99_MSS_FVG_LONG
s99_mss_fvg,SELL,2026-06-10 08:11:00+00:00,4171.48,4183.16,4153.96,2026-06-10 11:05:00+00:00,4153.96,TP,17.07,11.68,1.4615,8,S99_MSS_FVG_SHORT
s99_mss_fvg,BUY,2026-06-10 14:00:00+00:00,4173.85,4166.47,4184.92,2026-06-10 14:20:00+00:00,4166.47,SL,-7.83,7.38,-1.061,14,S99_MSS_FVG_LONG
s99_mss_fvg,SELL,2026-06-11 09:36:00+00:00,4083.085,4084.9,4080.36,2026-06-11 09:37:00+00:00,4084.9,SL,-2.265,1.815,-1.2479,9,S99_MSS_FVG_SHORT
s99_mss_fvg,BUY,2026-06-11 09:53:00+00:00,4091.335,4087.7,4096.79,2026-06-11 10:17:00+00:00,4087.7,SL,-4.085,3.635,-1.1238,9,S99_MSS_FVG_LONG
s99_mss_fvg,SELL,2026-06-11 14:15:00+00:00,4063.61,4077.94,4042.12,2026-06-11 14:23:00+00:00,4077.94,SL,-14.78,14.33,-1.0314,14,S99_MSS_FVG_SHORT
s99_mss_fvg,BUY,2026-06-11 15:55:00+00:00,4087.395,4085.37,4090.43,2026-06-11 16:00:00+00:00,4090.43,TP,2.585,2.025,1.2765,15,S99_MSS_FVG_LONG
s99_mss_fvg,BUY,2026-06-12 07:48:00+00:00,4178.79,4174.79,4184.79,2026-06-12 07:49:00+00:00,4174.79,SL,-4.45,4.0,-1.1125,7,S99_MSS_FVG_LONG
s99_mss_fvg,BUY,2026-06-12 08:26:00+00:00,4212.565,4203.22,4226.58,2026-06-12 09:16:00+00:00,4226.58,TP,13.565,9.345,1.4516,8,S99_MSS_FVG_LONG
s99_mss_fvg,SELL,2026-06-12 11:39:00+00:00,4202.775,4206.69,4196.9,2026-06-12 11:41:00+00:00,4206.69,SL,-4.365,3.915,-1.1149,11,S99_MSS_FVG_SHORT
s99_mss_fvg,SELL,2026-06-12 13:16:00+00:00,4201.865,4203.65,4199.19,2026-06-12 13:21:00+00:00,4203.65,SL,-2.235,1.785,-1.2521,13,S99_MSS_FVG_SHORT
s99_mss_fvg,BUY,2026-06-12 15:03:00+00:00,4201.395,4182.98,4229.02,2026-06-12 15:24:00+00:00,4229.02,TP,27.175,18.415,1.4757,15,S99_MSS_FVG_LONG
s99_mss_fvg,SELL,2026-06-15 06:15:00+00:00,4308.94,4311.09,4305.71,2026-06-15 06:16:00+00:00,4305.71,TP,2.78,2.15,1.293,6,S99_MSS_FVG_SHORT
s99_mss_fvg,BUY,2026-06-15 08:10:00+00:00,4326.085,4324.41,4328.6,2026-06-15 08:11:00+00:00,4324.41,SL,-2.125,1.675,-1.2687,8,S99_MSS_FVG_LONG
s99_mss_fvg,BUY,2026-06-15 08:44:00+00:00,4341.215,4331.76,4355.4,2026-06-15 12:14:00+00:00,4331.76,SL,-9.905,9.455,-1.0476,8,S99_MSS_FVG_LONG
s99_mss_fvg,SELL,2026-06-15 12:24:00+00:00,4333.365,4335.6,4330.01,2026-06-15 12:25:00+00:00,4335.6,SL,-2.685,2.235,-1.2013,12,S99_MSS_FVG_SHORT
s99_mss_fvg,BUY,2026-06-15 13:46:00+00:00,4359.495,4354.83,4366.49,2026-06-15 13:59:00+00:00,4354.83,SL,-5.115,4.665,-1.0965,13,S99_MSS_FVG_LONG
s99_mss_fvg,BUY,2026-06-16 07:16:00+00:00,4325.68,4323.76,4328.56,2026-06-16 07:27:00+00:00,4328.56,TP,2.43,1.92,1.2656,7,S99_MSS_FVG_LONG
s99_mss_fvg,SELL,2026-06-16 11:28:00+00:00,4342.555,4344.83,4339.14,2026-06-16 11:32:00+00:00,4339.14,TP,2.965,2.275,1.3033,11,S99_MSS_FVG_SHORT
s99_mss_fvg,SELL,2026-06-17 08:20:00+00:00,4323.715,4326.05,4320.21,2026-06-17 08:31:00+00:00,4320.21,TP,3.055,2.335,1.3084,8,S99_MSS_FVG_SHORT
s99_mss_fvg,SELL,2026-06-17 11:41:00+00:00,4326.955,4328.77,4324.23,2026-06-17 11:48:00+00:00,4324.23,TP,2.275,1.815,1.2534,11,S99_MSS_FVG_SHORT
s99_mss_fvg,BUY,2026-06-17 14:37:00+00:00,4355.215,4342.26,4374.65,2026-06-17 14:47:00+00:00,4342.26,SL,-13.405,12.955,-1.0347,14,S99_MSS_FVG_LONG
s99_mss_fvg,SELL,2026-06-18 06:18:00+00:00,4301.385,4307.65,4291.99,2026-06-18 07:00:00+00:00,4307.65,SL,-6.715,6.265,-1.0718,6,S99_MSS_FVG_SHORT
s99_mss_fvg,SELL,2026-06-18 09:15:00+00:00,4269.525,4275.32,4260.83,2026-06-18 10:52:00+00:00,4260.83,TP,8.245,5.795,1.4228,9,S99_MSS_FVG_SHORT
s99_mss_fvg,SELL,2026-06-18 11:16:00+00:00,4248.65,4251.17,4244.87,2026-06-18 11:19:00+00:00,4244.87,TP,3.33,2.52,1.3214,11,S99_MSS_FVG_SHORT
s99_mss_fvg,BUY,2026-06-18 13:40:00+00:00,4268.74,4261.97,4278.89,2026-06-18 13:45:00+00:00,4261.97,SL,-7.22,6.77,-1.0665,13,S99_MSS_FVG_LONG
s99_mss_fvg,BUY,2026-06-19 07:13:00+00:00,4153.925,4149.52,4160.53,2026-06-19 07:57:00+00:00,4160.53,TP,6.155,4.405,1.3973,7,S99_MSS_FVG_LONG
s99_mss_fvg,BUY,2026-06-19 08:37:00+00:00,4173.8,4169.99,4179.52,2026-06-19 08:38:00+00:00,4169.99,SL,-4.26,3.81,-1.1181,8,S99_MSS_FVG_LONG
s99_mss_fvg,BUY,2026-06-19 12:48:00+00:00,4147.595,4144.65,4152.01,2026-06-19 12:50:00+00:00,4152.01,TP,3.965,2.945,1.3463,12,S99_MSS_FVG_LONG
s99_mss_fvg,BUY,2026-06-19 13:03:00+00:00,4169.77,4151.32,4197.45,2026-06-19 13:59:00+00:00,4151.32,SL,-18.9,18.45,-1.0244,13,S99_MSS_FVG_LONG
s99_mss_fvg,BUY,2026-06-22 06:57:00+00:00,4201.44,4199.21,4204.78,2026-06-22 06:58:00+00:00,4199.21,SL,-2.68,2.23,-1.2018,6,S99_MSS_FVG_LONG
s99_mss_fvg,SELL,2026-06-22 14:43:00+00:00,4196.81,4202.12,4188.85,2026-06-22 14:46:00+00:00,4202.12,SL,-5.76,5.31,-1.0847,14,S99_MSS_FVG_SHORT
s99_mss_fvg,SELL,2026-06-22 15:55:00+00:00,4179.42,4181.74,4175.94,2026-06-22 15:56:00+00:00,4181.74,SL,-2.77,2.32,-1.194,15,S99_MSS_FVG_SHORT
s99_mss_fvg,SELL,2026-06-23 08:10:00+00:00,4096.34,4097.91,4093.99,2026-06-23 08:11:00+00:00,4093.99,TP,1.9,1.57,1.2102,8,S99_MSS_FVG_SHORT
s99_mss_fvg,SELL,2026-06-23 12:20:00+00:00,4118.835,4120.66,4116.1,2026-06-23 12:21:00+00:00,4116.1,TP,2.285,1.825,1.2521,12,S99_MSS_FVG_SHORT
s99_mss_fvg,BUY,2026-06-23 15:46:00+00:00,4136.74,4135.12,4139.17,2026-06-23 15:49:00+00:00,4135.12,SL,-2.07,1.62,-1.2778,15,S99_MSS_FVG_LONG
s99_mss_fvg,BUY,2026-06-24 06:17:00+00:00,4089.19,4079.65,4103.5,2026-06-24 07:35:00+00:00,4079.65,SL,-9.99,9.54,-1.0472,6,S99_MSS_FVG_LONG
s99_mss_fvg,SELL,2026-06-24 07:42:00+00:00,4081.22,4084.19,4076.76,2026-06-24 07:47:00+00:00,4084.19,SL,-3.42,2.97,-1.1515,7,S99_MSS_FVG_SHORT
s99_mss_fvg,SELL,2026-06-24 08:25:00+00:00,4079.395,4081.78,4075.82,2026-06-24 08:30:00+00:00,4081.78,SL,-2.835,2.385,-1.1887,8,S99_MSS_FVG_SHORT
s99_mss_fvg,SELL,2026-06-24 10:31:00+00:00,4062.755,4065.21,4059.07,2026-06-24 10:36:00+00:00,4059.07,TP,3.235,2.455,1.3177,10,S99_MSS_FVG_SHORT
s99_mss_fvg,SELL,2026-06-24 11:25:00+00:00,4046.835,4049.26,4043.2,2026-06-24 11:26:00+00:00,4043.2,TP,3.185,2.425,1.3134,11,S99_MSS_FVG_SHORT
s99_mss_fvg,SELL,2026-06-24 13:31:00+00:00,3987.085,3990.17,3982.46,2026-06-24 13:32:00+00:00,3990.17,SL,-3.535,3.085,-1.1459,13,S99_MSS_FVG_SHORT
s99_mss_fvg,SELL,2026-06-24 15:00:00+00:00,4008.42,4011.95,4003.13,2026-06-24 15:04:00+00:00,4003.13,TP,4.84,3.53,1.3711,15,S99_MSS_FVG_SHORT
s99_mss_fvg,SELL,2026-06-25 06:20:00+00:00,3980.23,3984.5,3973.82,2026-06-25 06:27:00+00:00,3984.5,SL,-4.72,4.27,-1.1054,6,S99_MSS_FVG_SHORT
s99_mss_fvg,SELL,2026-06-25 07:50:00+00:00,3977.73,3979.58,3974.95,2026-06-25 07:54:00+00:00,3974.95,TP,2.33,1.85,1.2595,7,S99_MSS_FVG_SHORT
s99_mss_fvg,SELL,2026-06-25 09:56:00+00:00,3992.295,3994.34,3989.23,2026-06-25 09:59:00+00:00,3989.23,TP,2.615,2.045,1.2787,9,S99_MSS_FVG_SHORT
s99_mss_fvg,BUY,2026-06-25 12:58:00+00:00,4011.175,4005.09,4020.3,2026-06-25 13:00:00+00:00,4020.3,TP,8.675,6.085,1.4256,12,S99_MSS_FVG_LONG
s99_mss_fvg,BUY,2026-06-25 13:18:00+00:00,4024.105,4014.55,4038.44,2026-06-25 13:33:00+00:00,4014.55,SL,-10.005,9.555,-1.0471,13,S99_MSS_FVG_LONG
s99_mss_fvg,BUY,2026-06-25 15:30:00+00:00,4026.02,4013.85,4044.28,2026-06-25 23:30:00+00:00,4028.925,TIME,2.455,12.17,0.2017,15,S99_MSS_FVG_LONG
s99_mss_fvg,BUY,2026-06-26 07:35:00+00:00,4037.075,4030.51,4046.92,2026-06-26 07:46:00+00:00,4030.51,SL,-7.015,6.565,-1.0685,7,S99_MSS_FVG_LONG
s99_mss_fvg,BUY,2026-06-26 09:15:00+00:00,4037.595,4034.15,4042.76,2026-06-26 09:19:00+00:00,4042.76,TP,4.715,3.445,1.3687,9,S99_MSS_FVG_LONG
s99_mss_fvg,SELL,2026-06-26 10:27:00+00:00,4045.96,4050.85,4038.62,2026-06-26 10:33:00+00:00,4050.85,SL,-5.34,4.89,-1.092,10,S99_MSS_FVG_SHORT
s99_mss_fvg,BUY,2026-06-26 10:43:00+00:00,4047.795,4044.97,4052.03,2026-06-26 10:53:00+00:00,4052.03,TP,3.785,2.825,1.3398,10,S99_MSS_FVG_LONG
s99_mss_fvg,BUY,2026-06-26 11:11:00+00:00,4051.415,4049.43,4054.39,2026-06-26 11:12:00+00:00,4049.43,SL,-2.435,1.985,-1.2267,11,S99_MSS_FVG_LONG
s99_mss_fvg,BUY,2026-06-26 13:06:00+00:00,4050.36,4047.57,4054.55,2026-06-26 13:08:00+00:00,4047.57,SL,-3.24,2.79,-1.1613,13,S99_MSS_FVG_LONG
s99_mss_fvg,BUY,2026-06-26 14:26:00+00:00,4087.475,4083.39,4093.6,2026-06-26 14:30:00+00:00,4083.39,SL,-4.535,4.085,-1.1102,14,S99_MSS_FVG_LONG
s99_mss_fvg,BUY,2026-06-26 15:46:00+00:00,4091.095,4087.55,4096.41,2026-06-26 15:51:00+00:00,4087.55,SL,-3.995,3.545,-1.1269,15,S99_MSS_FVG_LONG
s99_mss_fvg,SELL,2026-06-29 09:05:00+00:00,4050.675,4052.53,4047.89,2026-06-29 09:07:00+00:00,4052.53,SL,-2.305,1.855,-1.2426,9,S99_MSS_FVG_SHORT
s99_mss_fvg,SELL,2026-06-29 10:12:00+00:00,4036.8,4038.79,4033.82,2026-06-29 10:13:00+00:00,4038.79,SL,-2.44,1.99,-1.2261,10,S99_MSS_FVG_SHORT
s99_mss_fvg,BUY,2026-06-29 12:19:00+00:00,4043.855,4041.38,4047.57,2026-06-29 12:23:00+00:00,4041.38,SL,-2.925,2.475,-1.1818,12,S99_MSS_FVG_LONG
s99_mss_fvg,SELL,2026-06-29 13:34:00+00:00,4043.76,4047.16,4038.66,2026-06-29 13:37:00+00:00,4038.66,TP,4.65,3.4,1.3676,13,S99_MSS_FVG_SHORT
s99_mss_fvg,SELL,2026-06-29 14:19:00+00:00,4018.085,4024.36,4008.67,2026-06-29 14:25:00+00:00,4024.36,SL,-6.725,6.275,-1.0717,14,S99_MSS_FVG_SHORT
s99_mss_fvg,BUY,2026-06-30 06:18:00+00:00,3984.18,3980.29,3990.01,2026-06-30 06:22:00+00:00,3990.01,TP,5.38,3.89,1.383,6,S99_MSS_FVG_LONG
s99_mss_fvg,BUY,2026-06-30 06:41:00+00:00,4021.87,4011.74,4037.07,2026-06-30 08:05:00+00:00,4037.07,TP,14.75,10.13,1.4561,6,S99_MSS_FVG_LONG
s99_mss_fvg,SELL,2026-06-30 08:22:00+00:00,4024.835,4027.32,4021.11,2026-06-30 08:24:00+00:00,4021.11,TP,3.275,2.485,1.3179,8,S99_MSS_FVG_SHORT
s99_mss_fvg,BUY,2026-06-30 14:30:00+00:00,4053.905,4047.6,4063.36,2026-06-30 14:38:00+00:00,4047.6,SL,-6.755,6.305,-1.0714,14,S99_MSS_FVG_LONG
s99_mss_fvg,SELL,2026-07-01 06:21:00+00:00,3968.99,3974.07,3961.37,2026-07-01 07:08:00+00:00,3961.37,TP,7.17,5.08,1.4114,6,S99_MSS_FVG_SHORT
s99_mss_fvg,BUY,2026-07-01 08:25:00+00:00,3978.985,3973.3,3987.51,2026-07-01 08:37:00+00:00,3973.3,SL,-6.135,5.685,-1.0792,8,S99_MSS_FVG_LONG
s99_mss_fvg,BUY,2026-07-01 10:10:00+00:00,3987.06,3985.47,3989.45,2026-07-01 10:11:00+00:00,3985.47,SL,-2.04,1.59,-1.283,10,S99_MSS_FVG_LONG
s99_mss_fvg,BUY,2026-07-01 10:43:00+00:00,3987.185,3984.67,3990.96,2026-07-01 10:49:00+00:00,3990.96,TP,3.325,2.515,1.3221,10,S99_MSS_FVG_LONG
s99_mss_fvg,BUY,2026-07-01 12:02:00+00:00,4028.71,4025.18,4034.01,2026-07-01 12:03:00+00:00,4025.18,SL,-3.98,3.53,-1.1275,12,S99_MSS_FVG_LONG
s99_mss_fvg,BUY,2026-07-01 14:02:00+00:00,4085.11,4069.46,4108.59,2026-07-01 14:34:00+00:00,4108.59,TP,23.03,15.65,1.4716,14,S99_MSS_FVG_LONG
s99_mss_fvg,BUY,2026-07-02 06:14:00+00:00,4068.44,4066.75,4070.98,2026-07-02 06:16:00+00:00,4070.98,TP,2.09,1.69,1.2367,6,S99_MSS_FVG_LONG
s99_mss_fvg,BUY,2026-07-02 06:29:00+00:00,4074.28,4070.94,4079.29,2026-07-02 06:41:00+00:00,4070.94,SL,-3.79,3.34,-1.1347,6,S99_MSS_FVG_LONG
s99_mss_fvg,BUY,2026-07-02 07:46:00+00:00,4070.41,4063.65,4080.55,2026-07-02 08:00:00+00:00,4063.65,SL,-7.21,6.76,-1.0666,7,S99_MSS_FVG_LONG
s99_mss_fvg,SELL,2026-07-02 11:10:00+00:00,4060.88,4063.23,4057.36,2026-07-02 11:12:00+00:00,4063.23,SL,-2.8,2.35,-1.1915,11,S99_MSS_FVG_SHORT
s99_mss_fvg,BUY,2026-07-03 08:11:00+00:00,4181.695,4177.91,4187.37,2026-07-03 08:49:00+00:00,4177.91,SL,-4.235,3.785,-1.1189,8,S99_MSS_FVG_LONG
s99_mss_fvg,BUY,2026-07-03 11:20:00+00:00,4183.325,4179.43,4189.17,2026-07-03 11:57:00+00:00,4179.43,SL,-4.345,3.895,-1.1155,11,S99_MSS_FVG_LONG
s99_mss_fvg,SELL,2026-07-03 13:16:00+00:00,4169.205,4173.27,4163.11,2026-07-03 14:06:00+00:00,4163.11,TP,5.645,4.065,1.3887,13,S99_MSS_FVG_SHORT
s99_mss_fvg,SELL,2026-07-06 06:09:00+00:00,4151.095,4154.79,4145.55,2026-07-06 06:25:00+00:00,4154.79,SL,-4.145,3.695,-1.1218,6,S99_MSS_FVG_SHORT
s99_mss_fvg,BUY,2026-07-06 07:52:00+00:00,4162.645,4158.08,4169.49,2026-07-06 08:11:00+00:00,4158.08,SL,-5.015,4.565,-1.0986,7,S99_MSS_FVG_LONG
s99_mss_fvg,SELL,2026-07-06 12:46:00+00:00,4140.225,4143.54,4135.25,2026-07-06 12:49:00+00:00,4135.25,TP,4.525,3.315,1.365,12,S99_MSS_FVG_SHORT
s99_mss_fvg,BUY,2026-07-07 08:21:00+00:00,4134.485,4130.07,4141.11,2026-07-07 08:36:00+00:00,4130.07,SL,-4.865,4.415,-1.1019,8,S99_MSS_FVG_LONG
s99_mss_fvg,BUY,2026-07-07 09:47:00+00:00,4129.39,4127.42,4132.35,2026-07-07 09:49:00+00:00,4127.42,SL,-2.42,1.97,-1.2284,9,S99_MSS_FVG_LONG
s99_mss_fvg,BUY,2026-07-07 11:31:00+00:00,4139.63,4133.54,4148.77,2026-07-07 11:44:00+00:00,4148.77,TP,8.69,6.09,1.4269,11,S99_MSS_FVG_LONG
s99_mss_fvg,BUY,2026-07-07 12:20:00+00:00,4165.88,4158.77,4176.55,2026-07-07 13:00:00+00:00,4176.55,TP,10.22,7.11,1.4374,12,S99_MSS_FVG_LONG
s99_mss_fvg,SELL,2026-07-08 07:28:00+00:00,4121.365,4124.31,4116.95,2026-07-08 07:31:00+00:00,4124.31,SL,-3.395,2.945,-1.1528,7,S99_MSS_FVG_SHORT
s99_mss_fvg,SELL,2026-07-08 08:46:00+00:00,4068.12,4080.39,4049.72,2026-07-08 09:43:00+00:00,4049.72,TP,17.95,12.27,1.4629,8,S99_MSS_FVG_SHORT
s99_mss_fvg,SELL,2026-07-08 14:51:00+00:00,4040.375,4043.87,4035.13,2026-07-08 14:52:00+00:00,4043.87,SL,-3.945,3.495,-1.1288,14,S99_MSS_FVG_SHORT
s99_mss_fvg,SELL,2026-07-08 15:20:00+00:00,4034.915,4039.09,4028.65,2026-07-08 15:22:00+00:00,4028.65,TP,5.815,4.175,1.3928,15,S99_MSS_FVG_SHORT
s99_mss_fvg,BUY,2026-07-09 06:40:00+00:00,4097.555,4094.57,4102.03,2026-07-09 06:43:00+00:00,4102.03,TP,4.025,2.985,1.3484,6,S99_MSS_FVG_LONG
s99_mss_fvg,BUY,2026-07-09 08:30:00+00:00,4114.125,4112.32,4116.83,2026-07-09 08:31:00+00:00,4116.83,TP,2.255,1.805,1.2493,8,S99_MSS_FVG_LONG
s99_mss_fvg,BUY,2026-07-09 12:15:00+00:00,4112.365,4109.21,4117.1,2026-07-09 12:19:00+00:00,4109.21,SL,-3.605,3.155,-1.1426,12,S99_MSS_FVG_LONG
s99_mss_fvg,SELL,2026-07-09 14:23:00+00:00,4122.55,4127.4,4115.28,2026-07-09 14:58:00+00:00,4127.4,SL,-5.3,4.85,-1.0928,14,S99_MSS_FVG_SHORT
s99_mss_fvg,SELL,2026-07-10 07:50:00+00:00,4107.465,4111.2,4101.86,2026-07-10 08:35:00+00:00,4101.86,TP,5.155,3.735,1.3802,7,S99_MSS_FVG_SHORT
s99_mss_fvg,SELL,2026-07-10 09:00:00+00:00,4098.775,4100.63,4095.99,2026-07-10 09:01:00+00:00,4095.99,TP,2.335,1.855,1.2588,9,S99_MSS_FVG_SHORT
s99_mss_fvg,BUY,2026-07-10 12:20:00+00:00,4108.01,4103.2,4115.23,2026-07-10 12:33:00+00:00,4103.2,SL,-5.26,4.81,-1.0936,12,S99_MSS_FVG_LONG
s99_mss_fvg,SELL,2026-07-10 14:40:00+00:00,4097.51,4102.54,4089.97,2026-07-10 14:46:00+00:00,4102.54,SL,-5.48,5.03,-1.0895,14,S99_MSS_FVG_SHORT
s99_mss_fvg,SELL,2026-07-13 06:21:00+00:00,4056.36,4059.06,4052.31,2026-07-13 06:26:00+00:00,4059.06,SL,-3.15,2.7,-1.1667,6,S99_MSS_FVG_SHORT
s99_mss_fvg,BUY,2026-07-13 08:30:00+00:00,4073.595,4070.68,4077.97,2026-07-13 08:53:00+00:00,4077.97,TP,3.925,2.915,1.3465,8,S99_MSS_FVG_LONG
s99_mss_fvg,SELL,2026-07-13 10:50:00+00:00,4054.545,4066.97,4035.91,2026-07-13 11:06:00+00:00,4066.97,SL,-12.875,12.425,-1.0362,10,S99_MSS_FVG_SHORT
s99_mss_fvg,SELL,2026-07-13 12:00:00+00:00,4057.97,4061.66,4052.43,2026-07-13 12:24:00+00:00,4061.66,SL,-4.14,3.69,-1.122,12,S99_MSS_FVG_SHORT
s99_mss_fvg,SELL,2026-07-13 14:25:00+00:00,4022.35,4035.93,4001.98,2026-07-13 14:40:00+00:00,4001.98,TP,19.92,13.58,1.4669,14,S99_MSS_FVG_SHORT
s99_mss_fvg,BUY,2026-07-14 12:50:00+00:00,4081.835,4028.98,4161.12,2026-07-14 20:50:00+00:00,4049.625,TIME,-32.66,52.855,-0.6179,12,S99_MSS_FVG_LONG
s99_mss_fvg,BUY,2026-07-15 13:26:00+00:00,4057.35,4053.58,4063.01,2026-07-15 13:42:00+00:00,4063.01,TP,5.21,3.77,1.382,13,S99_MSS_FVG_LONG
s99_mss_fvg,SELL,2026-07-15 15:25:00+00:00,4047.0,4055.53,4034.2,2026-07-15 16:19:00+00:00,4034.2,TP,12.35,8.53,1.4478,15,S99_MSS_FVG_SHORT
s99_mss_fvg,BUY,2026-07-16 06:12:00+00:00,4031.205,4028.53,4035.22,2026-07-16 06:19:00+00:00,4028.53,SL,-3.125,2.675,-1.1682,6,S99_MSS_FVG_LONG
s99_mss_fvg,SELL,2026-07-16 13:10:00+00:00,3986.455,3992.76,3977.0,2026-07-16 13:13:00+00:00,3992.76,SL,-6.755,6.305,-1.0714,13,S99_MSS_FVG_SHORT
s99_mss_fvg,BUY,2026-07-16 15:56:00+00:00,4007.02,3997.78,4020.88,2026-07-16 16:08:00+00:00,3997.78,SL,-9.69,9.24,-1.0487,15,S99_MSS_FVG_LONG
s99_mss_fvg,BUY,2026-07-17 06:25:00+00:00,4001.91,3999.78,4005.1,2026-07-17 06:26:00+00:00,4005.1,TP,2.74,2.13,1.2864,6,S99_MSS_FVG_LONG
s99_mss_fvg,SELL,2026-07-17 08:25:00+00:00,3994.765,3997.25,3991.04,2026-07-17 08:28:00+00:00,3991.04,TP,3.275,2.485,1.3179,8,S99_MSS_FVG_SHORT
s99_mss_fvg,BUY,2026-07-17 08:59:00+00:00,3993.995,3992.44,3996.33,2026-07-17 09:06:00+00:00,3996.33,TP,1.885,1.555,1.2122,8,S99_MSS_FVG_LONG
s99_mss_fvg,SELL,2026-07-17 11:01:00+00:00,3994.025,3995.97,3991.11,2026-07-17 11:06:00+00:00,3991.11,TP,2.465,1.945,1.2674,11,S99_MSS_FVG_SHORT
s99_mss_fvg,SELL,2026-07-17 12:10:00+00:00,3991.82,3994.47,3987.85,2026-07-17 12:20:00+00:00,3987.85,TP,3.52,2.65,1.3283,12,S99_MSS_FVG_SHORT
s99_mss_fvg,SELL,2026-07-17 13:04:00+00:00,3973.28,3978.71,3965.14,2026-07-17 13:30:00+00:00,3965.14,TP,7.69,5.43,1.4162,13,S99_MSS_FVG_SHORT
s99_mss_fvg,SELL,2026-07-20 06:40:00+00:00,4005.665,4007.66,4002.67,2026-07-20 06:47:00+00:00,4007.66,SL,-2.445,1.995,-1.2256,6,S99_MSS_FVG_SHORT
s99_mss_fvg,BUY,2026-07-20 07:51:00+00:00,4016.24,4012.91,4021.23,2026-07-20 08:00:00+00:00,4021.23,TP,4.54,3.33,1.3634,7,S99_MSS_FVG_LONG
s99_mss_fvg,BUY,2026-07-20 11:42:00+00:00,4029.51,4022.85,4039.5,2026-07-20 12:00:00+00:00,4022.85,SL,-7.11,6.66,-1.0676,11,S99_MSS_FVG_LONG
s99_mss_fvg,BUY,2026-07-21 07:05:00+00:00,4077.085,4075.25,4079.84,2026-07-21 07:09:00+00:00,4075.25,SL,-2.285,1.835,-1.2452,7,S99_MSS_FVG_LONG
s99_mss_fvg,SELL,2026-07-21 08:32:00+00:00,4064.74,4066.77,4061.69,2026-07-21 08:36:00+00:00,4061.69,TP,2.6,2.03,1.2808,8,S99_MSS_FVG_SHORT
s99_mss_fvg,SELL,2026-07-21 11:12:00+00:00,4059.08,4063.33,4052.7,2026-07-21 12:24:00+00:00,4063.33,SL,-4.7,4.25,-1.1059,11,S99_MSS_FVG_SHORT
s99_mss_fvg,SELL,2026-07-21 13:50:00+00:00,4050.665,4052.49,4047.93,2026-07-21 13:51:00+00:00,4047.93,TP,2.285,1.825,1.2521,13,S99_MSS_FVG_SHORT
s99_mss_fvg,SELL,2026-07-22 06:35:00+00:00,4119.57,4125.29,4110.99,2026-07-22 07:46:00+00:00,4110.99,TP,8.13,5.72,1.4213,6,S99_MSS_FVG_SHORT
s99_mss_fvg,SELL,2026-07-22 07:54:00+00:00,4113.665,4115.77,4110.51,2026-07-22 07:58:00+00:00,4110.51,TP,2.705,2.105,1.285,7,S99_MSS_FVG_SHORT
s99_mss_fvg,BUY,2026-07-22 15:17:00+00:00,4153.82,4149.02,4161.02,2026-07-22 15:23:00+00:00,4161.02,TP,6.75,4.8,1.4063,15,S99_MSS_FVG_LONG
s99_mss_fvg,BUY,2026-07-22 15:55:00+00:00,4162.47,4160.09,4166.04,2026-07-22 15:56:00+00:00,4160.09,SL,-2.83,2.38,-1.1891,15,S99_MSS_FVG_LONG
s99_mss_fvg,SELL,2026-07-23 07:16:00+00:00,4110.58,4114.98,4103.98,2026-07-23 07:30:00+00:00,4103.98,TP,6.15,4.4,1.3977,7,S99_MSS_FVG_SHORT
s99_mss_fvg,SELL,2026-07-23 08:00:00+00:00,4097.03,4100.72,4091.49,2026-07-23 08:01:00+00:00,4091.49,TP,5.09,3.69,1.3794,8,S99_MSS_FVG_SHORT
s99_mss_fvg,SELL,2026-07-23 13:19:00+00:00,4047.52,4056.09,4034.66,2026-07-23 13:28:00+00:00,4056.09,SL,-9.02,8.57,-1.0525,13,S99_MSS_FVG_SHORT
s99_mss_fvg,BUY,2026-07-24 07:15:00+00:00,4044.815,4039.64,4052.58,2026-07-24 07:34:00+00:00,4052.58,TP,7.315,5.175,1.4135,7,S99_MSS_FVG_LONG
s99_mss_fvg,BUY,2026-07-24 08:35:00+00:00,4050.115,4047.67,4053.78,2026-07-24 08:40:00+00:00,4053.78,TP,3.215,2.445,1.3149,8,S99_MSS_FVG_LONG
s99_mss_fvg,BUY,2026-07-24 09:04:00+00:00,4056.12,4054.37,4058.74,2026-07-24 09:12:00+00:00,4054.37,SL,-2.2,1.75,-1.2571,9,S99_MSS_FVG_LONG
s99_mss_fvg,SELL,2026-07-24 13:31:00+00:00,4049.87,4052.48,4045.95,2026-07-24 13:37:00+00:00,4052.48,SL,-3.06,2.61,-1.1724,13,S99_MSS_FVG_SHORT
s99_mss_fvg,BUY,2026-07-24 14:06:00+00:00,4062.74,4059.87,4067.04,2026-07-24 14:07:00+00:00,4059.87,SL,-3.32,2.87,-1.1568,14,S99_MSS_FVG_LONG
s99_mss_fvg,BUY,2026-07-24 15:43:00+00:00,4071.96,4063.58,4084.53,2026-07-24 17:12:00+00:00,4063.58,SL,-8.83,8.38,-1.0537,15,S99_MSS_FVG_LONG
s99_mss_fvg,BUY,2026-07-27 07:27:00+00:00,4103.2,4101.49,4105.76,2026-07-27 07:30:00+00:00,4101.49,SL,-2.16,1.71,-1.2632,7,S99_MSS_FVG_LONG
s99_mss_fvg,BUY,2026-07-27 09:59:00+00:00,4096.245,4094.32,4099.13,2026-07-27 10:01:00+00:00,4094.32,SL,-2.375,1.925,-1.2338,9,S99_MSS_FVG_LONG
s99_mss_fvg,SELL,2026-07-27 14:35:00+00:00,4070.03,4073.78,4064.41,2026-07-27 14:52:00+00:00,4073.78,SL,-4.2,3.75,-1.12,14,S99_MSS_FVG_SHORT
s99_mss_fvg,SELL,2026-07-28 09:47:00+00:00,4034.345,4036.79,4030.68,2026-07-28 09:48:00+00:00,4030.68,TP,3.215,2.445,1.3149,9,S99_MSS_FVG_SHORT
s99_mss_fvg,SELL,2026-07-28 10:07:00+00:00,4025.38,4029.21,4019.64,2026-07-28 10:21:00+00:00,4019.64,TP,5.29,3.83,1.3812,10,S99_MSS_FVG_SHORT
s99_mss_fvg,SELL,2026-07-28 13:45:00+00:00,4025.615,4028.31,4021.57,2026-07-28 13:52:00+00:00,4028.31,SL,-3.145,2.695,-1.167,13,S99_MSS_FVG_SHORT
s99_mss_fvg,SELL,2026-07-28 14:29:00+00:00,4021.005,4026.5,4012.76,2026-07-28 14:49:00+00:00,4026.5,SL,-5.945,5.495,-1.0819,14,S99_MSS_FVG_SHORT
s99_mss_fvg,SELL,2026-07-29 09:42:00+00:00,4034.95,4036.5,4032.62,2026-07-29 09:57:00+00:00,4032.62,TP,1.88,1.55,1.2129,9,S99_MSS_FVG_SHORT
s99_mss_fvg,SELL,2026-07-29 14:22:00+00:00,4009.245,4012.25,4004.74,2026-07-29 14:27:00+00:00,4004.74,TP,4.055,3.005,1.3494,14,S99_MSS_FVG_SHORT
s99_mss_fvg,BUY,2026-07-30 07:20:00+00:00,4046.66,4044.69,4049.61,2026-07-30 07:21:00+00:00,4044.69,SL,-2.42,1.97,-1.2284,7,S99_MSS_FVG_LONG
s99_mss_fvg,BUY,2026-07-30 08:53:00+00:00,4060.015,4055.86,4066.25,2026-07-30 09:02:00+00:00,4066.25,TP,5.785,4.155,1.3923,8,S99_MSS_FVG_LONG
s99_mss_fvg,BUY,2026-07-30 14:05:00+00:00,4106.465,4100.95,4114.74,2026-07-30 14:07:00+00:00,4100.95,SL,-5.965,5.515,-1.0816,14,S99_MSS_FVG_LONG
s99_mss_fvg,SELL,2026-07-30 15:15:00+00:00,4090.895,4098.1,4080.09,2026-07-30 15:33:00+00:00,4098.1,SL,-7.655,7.205,-1.0625,15,S99_MSS_FVG_SHORT
s99_mss_fvg,SELL,2026-07-31 07:40:00+00:00,4073.05,4075.32,4069.65,2026-07-31 07:53:00+00:00,4069.65,TP,2.95,2.27,1.2996,7,S99_MSS_FVG_SHORT
s99_mss_fvg,SELL,2026-07-31 08:19:00+00:00,4065.49,4068.3,4061.27,2026-07-31 08:23:00+00:00,4061.27,TP,3.77,2.81,1.3416,8,S99_MSS_FVG_SHORT
s99_mss_fvg,SELL,2026-07-31 09:30:00+00:00,4053.48,4055.47,4050.5,2026-07-31 09:35:00+00:00,4050.5,TP,2.53,1.99,1.2714,9,S99_MSS_FVG_SHORT
s99_mss_fvg,SELL,2026-07-31 13:56:00+00:00,4030.44,4036.45,4021.43,2026-07-31 14:08:00+00:00,4021.43,TP,8.56,6.01,1.4243,13,S99_MSS_FVG_SHORT
s99_mss_fvg,BUY,2026-08-03 06:08:00+00:00,4067.56,4064.57,4072.04,2026-08-03 06:24:00+00:00,4072.04,TP,4.03,2.99,1.3478,6,S99_MSS_FVG_LONG
s99_mss_fvg,SELL,2026-08-03 09:49:00+00:00,4056.245,4058.94,4052.2,2026-08-03 10:25:00+00:00,4052.2,TP,3.595,2.695,1.334,9,S99_MSS_FVG_SHORT
s99_mss_fvg,SELL,2026-08-03 14:35:00+00:00,4037.61,4039.99,4034.04,2026-08-03 14:38:00+00:00,4034.04,TP,3.12,2.38,1.3109,14,S99_MSS_FVG_SHORT
s99_mss_fvg,SELL,2026-08-04 06:41:00+00:00,4057.705,4060.26,4053.87,2026-08-04 06:45:00+00:00,4060.26,SL,-3.005,2.555,-1.1761,6,S99_MSS_FVG_SHORT
s99_mss_fvg,BUY,2026-08-04 08:10:00+00:00,4068.76,4065.01,4074.39,2026-08-04 08:22:00+00:00,4065.01,SL,-4.2,3.75,-1.12,8,S99_MSS_FVG_LONG
s99_mss_fvg,SELL,2026-08-04 09:16:00+00:00,4051.42,4053.65,4048.07,2026-08-04 09:35:00+00:00,4048.07,TP,2.9,2.23,1.3004,9,S99_MSS_FVG_SHORT
s99_mss_fvg,BUY,2026-08-04 11:55:00+00:00,4074.31,4069.29,4081.84,2026-08-04 11:57:00+00:00,4069.29,SL,-5.47,5.02,-1.0896,11,S99_MSS_FVG_LONG
s99_mss_fvg,BUY,2026-08-05 06:17:00+00:00,4169.09,4165.07,4175.12,2026-08-05 06:21:00+00:00,4165.07,SL,-4.47,4.02,-1.1119,6,S99_MSS_FVG_LONG
s99_mss_fvg,BUY,2026-08-05 06:44:00+00:00,4173.35,4167.46,4182.19,2026-08-05 07:13:00+00:00,4167.46,SL,-6.34,5.89,-1.0764,6,S99_MSS_FVG_LONG
s99_mss_fvg,SELL,2026-08-05 09:32:00+00:00,4158.535,4160.17,4156.08,2026-08-05 09:35:00+00:00,4156.08,TP,2.005,1.635,1.2263,9,S99_MSS_FVG_SHORT
s99_mss_fvg,BUY,2026-08-05 11:22:00+00:00,4170.03,4165.94,4176.16,2026-08-05 11:27:00+00:00,4176.16,TP,5.68,4.09,1.3888,11,S99_MSS_FVG_LONG
s99_mss_fvg,BUY,2026-08-05 14:51:00+00:00,4241.295,4232.18,4254.97,2026-08-05 15:02:00+00:00,4254.97,TP,13.225,9.115,1.4509,14,S99_MSS_FVG_LONG
s99_mss_fvg,BUY,2026-08-05 15:18:00+00:00,4251.835,4243.82,4263.86,2026-08-05 15:26:00+00:00,4263.86,TP,11.575,8.015,1.4442,15,S99_MSS_FVG_LONG
s99_mss_fvg,BUY,2026-08-06 07:20:00+00:00,4261.495,4259.35,4264.71,2026-08-06 07:21:00+00:00,4259.35,SL,-2.595,2.145,-1.2098,7,S99_MSS_FVG_LONG
s99_mss_fvg,SELL,2026-08-06 07:54:00+00:00,4258.37,4260.79,4254.74,2026-08-06 07:55:00+00:00,4260.79,SL,-2.87,2.42,-1.186,7,S99_MSS_FVG_SHORT
s99_mss_fvg,BUY,2026-08-06 08:20:00+00:00,4267.725,4264.12,4273.13,2026-08-06 08:24:00+00:00,4264.12,SL,-4.055,3.605,-1.1248,8,S99_MSS_FVG_LONG
s99_mss_fvg,BUY,2026-08-06 08:41:00+00:00,4270.945,4268.51,4274.6,2026-08-06 08:45:00+00:00,4274.6,TP,3.205,2.435,1.3162,8,S99_MSS_FVG_LONG
s99_mss_fvg,SELL,2026-08-06 13:16:00+00:00,4239.765,4251.44,4222.25,2026-08-06 13:31:00+00:00,4251.44,SL,-12.125,11.675,-1.0385,13,S99_MSS_FVG_SHORT
s99_mss_fvg,SELL,2026-08-06 15:26:00+00:00,4258.33,4263.41,4250.71,2026-08-06 15:34:00+00:00,4250.71,TP,7.17,5.08,1.4114,15,S99_MSS_FVG_SHORT
s99_mss_fvg,SELL,2026-08-06 15:40:00+00:00,4252.875,4254.96,4249.75,2026-08-06 15:42:00+00:00,4249.75,TP,2.675,2.085,1.283,15,S99_MSS_FVG_SHORT
s99_mss_fvg,BUY,2026-08-07 06:30:00+00:00,4281.41,4279.68,4284.0,2026-08-07 06:32:00+00:00,4284.0,TP,2.14,1.73,1.237,6,S99_MSS_FVG_LONG
s99_mss_fvg,BUY,2026-08-07 06:49:00+00:00,4291.58,4286.58,4299.08,2026-08-07 07:26:00+00:00,4286.58,SL,-5.45,5.0,-1.09,6,S99_MSS_FVG_LONG
s99_mss_fvg,BUY,2026-08-07 09:57:00+00:00,4315.19,4308.24,4325.61,2026-08-07 10:14:00+00:00,4308.24,SL,-7.4,6.95,-1.0647,9,S99_MSS_FVG_LONG
s99_mss_fvg,BUY,2026-08-07 11:13:00+00:00,4321.77,4317.1,4328.78,2026-08-07 12:06:00+00:00,4317.1,SL,-5.12,4.67,-1.0964,11,S99_MSS_FVG_LONG
s99_mss_fvg,BUY,2026-08-07 13:01:00+00:00,4351.84,4313.48,4409.38,2026-08-09 22:04:00+00:00,4340.33,TIME,-11.96,38.36,-0.3118,13,S99_MSS_FVG_LONG
s99_mss_fvg,BUY,2026-08-10 07:01:00+00:00,4355.185,4348.96,4364.52,2026-08-10 08:39:00+00:00,4348.96,SL,-6.675,6.225,-1.0723,7,S99_MSS_FVG_LONG
s99_mss_fvg,SELL,2026-08-10 11:21:00+00:00,4331.54,4333.87,4328.05,2026-08-10 11:25:00+00:00,4333.87,SL,-2.78,2.33,-1.1931,11,S99_MSS_FVG_SHORT
s99_mss_fvg,BUY,2026-08-10 13:40:00+00:00,4336.395,4334.38,4339.42,2026-08-10 13:43:00+00:00,4334.38,SL,-2.465,2.015,-1.2233,13,S99_MSS_FVG_LONG
s99_mss_fvg,BUY,2026-08-11 08:47:00+00:00,4374.25,4371.73,4378.03,2026-08-11 08:54:00+00:00,4371.73,SL,-2.97,2.52,-1.1786,8,S99_MSS_FVG_LONG
s99_mss_fvg,BUY,2026-08-11 11:12:00+00:00,4388.905,4381.99,4399.28,2026-08-11 12:21:00+00:00,4399.28,TP,9.925,6.915,1.4353,11,S99_MSS_FVG_LONG
s99_mss_fvg,BUY,2026-08-11 15:10:00+00:00,4389.375,4386.25,4394.06,2026-08-11 15:13:00+00:00,4394.06,TP,4.235,3.125,1.3552,15,S99_MSS_FVG_LONG
s99_mss_fvg,SELL,2026-08-11 15:45:00+00:00,4376.31,4377.96,4373.84,2026-08-11 15:47:00+00:00,4377.96,SL,-2.1,1.65,-1.2727,15,S99_MSS_FVG_SHORT
