conv,bar,side,sl,entry
open,2026-05-19 07:05:00,BUY,4544.05,4548.74
open,2026-05-19 07:14:00,BUY,4544.05,4548.82
closed,2026-05-19 07:14:00,BUY,4544.05,4548.82
closed,2026-05-19 07:15:00,BUY,4544.05,4547.52
closed,2026-05-19 07:16:00,BUY,4544.05,4549.03
closed,2026-05-19 07:19:00,BUY,4544.05,4548.79
closed,2026-05-19 07:20:00,BUY,4544.05,4545.64
closed,2026-05-19 07:21:00,BUY,4544.05,4545.7
closed,2026-05-19 07:22:00,BUY,4544.05,4546.22
closed,2026-05-19 07:23:00,BUY,4544.05,4547.28
closed,2026-05-19 07:24:00,BUY,4544.05,4547.15
closed,2026-05-19 07:25:00,BUY,4544.05,4546.16
closed,2026-05-19 07:26:00,BUY,4544.05,4546.83
closed,2026-05-19 07:27:00,BUY,4544.05,4544.39
closed,2026-05-19 07:28:00,BUY,4544.05,4545.92
closed_lag,2026-05-19 07:29:00,BUY,4544.05,4545.92
closed_lag,2026-05-19 07:30:00,BUY,4544.05,4548.45
closed_lag,2026-05-19 07:31:00,BUY,4544.05,4547.33
closed_lag,2026-05-19 07:32:00,BUY,4544.05,4547.46
closed_lag,2026-05-19 07:33:00,BUY,4544.05,4546.59
closed_lag,2026-05-19 07:34:00,BUY,4544.05,4545.35
closed_lag,2026-05-19 07:36:00,BUY,4544.05,4546.42
closed_lag,2026-05-19 07:37:00,BUY,4544.05,4546.24
closed_lag,2026-05-19 07:38:00,BUY,4544.05,4545.29
open,2026-05-19 07:45:00,BUY,4541.27,4542.9
closed,2026-05-19 08:07:00,BUY,4544.05,4548.77
closed,2026-05-19 08:08:00,BUY,4544.05,4545.31
closed,2026-05-19 08:09:00,BUY,4541.27,4544.47
closed,2026-05-19 08:11:00,BUY,4541.27,4544.48
closed,2026-05-19 08:12:00,BUY,4541.27,4543.27
closed,2026-05-19 08:13:00,BUY,4541.27,4544.8
closed_lag,2026-05-19 08:14:00,BUY,4541.27,4544.8
closed_lag,2026-05-19 08:19:00,BUY,4544.05,4547.32
closed_lag,2026-05-19 08:20:00,BUY,4541.27,4544.32
closed_lag,2026-05-19 08:21:00,BUY,4541.27,4544.83
closed_lag,2026-05-19 08:22:00,BUY,4541.27,4543.34
closed_lag,2026-05-19 08:23:00,BUY,4541.27,4542.19
closed_lag,2026-05-19 08:24:00,BUY,4541.27,4541.81
open,2026-05-19 10:55:00,BUY,4536.1,4537.14
open,2026-05-19 10:56:00,BUY,4536.1,4538.49
open,2026-05-19 10:57:00,BUY,4541.27,4542.1
open,2026-05-19 10:58:00,BUY,4541.27,4541.8
open,2026-05-19 10:59:00,BUY,4541.27,4544.93
closed,2026-05-19 10:59:00,BUY,4541.27,4544.93
closed,2026-05-19 11:00:00,BUY,4541.27,4544.89
closed,2026-05-19 11:01:00,BUY,4541.27,4544.01
closed,2026-05-19 11:04:00,BUY,4541.27,4543.61
closed,2026-05-19 11:05:00,BUY,4541.27,4542.26
closed,2026-05-19 11:06:00,BUY,4541.27,4541.97
closed,2026-05-19 11:07:00,BUY,4541.27,4542.48
closed,2026-05-19 11:08:00,BUY,4541.27,4542.04
closed,2026-05-19 11:10:00,BUY,4536.1,4537.97
closed,2026-05-19 11:11:00,BUY,4541.27,4541.67
closed,2026-05-19 11:12:00,BUY,4536.1,4537.35
closed,2026-05-19 11:13:00,BUY,4536.1,4539.04
closed_lag,2026-05-19 11:14:00,BUY,4536.1,4539.04
closed_lag,2026-05-19 11:15:00,BUY,4536.1,4536.85
closed_lag,2026-05-19 11:16:00,BUY,4536.1,4536.96
closed_lag,2026-05-19 11:17:00,BUY,4536.1,4538.9
closed_lag,2026-05-19 11:18:00,BUY,4536.1,4538.47
closed_lag,2026-05-19 11:19:00,BUY,4536.1,4540.48
closed_lag,2026-05-19 11:21:00,BUY,4536.1,4540.14
closed_lag,2026-05-19 11:23:00,BUY,4536.1,4540.13
closed_lag,2026-05-19 11:24:00,BUY,4536.1,4540.27
closed_lag,2026-05-19 11:26:00,BUY,4536.1,4540.58
closed_lag,2026-05-19 11:27:00,BUY,4536.1,4537.05
closed_lag,2026-05-19 11:28:00,BUY,4536.1,4538.57
open,2026-05-19 12:06:00,BUY,4536.1,4536.82
open,2026-05-19 12:07:00,BUY,4536.1,4538.24
open,2026-05-19 12:08:00,BUY,4541.27,4542.34
open,2026-05-19 12:09:00,BUY,4541.27,4542.33
open,2026-05-19 12:10:00,BUY,4541.27,4543.53
open,2026-05-19 12:12:00,BUY,4541.27,4544.5
open,2026-05-19 12:13:00,BUY,4541.27,4543.1
open,2026-05-19 12:14:00,BUY,4541.27,4542.23
closed,2026-05-19 12:14:00,BUY,4541.27,4542.23
open,2026-05-19 12:15:00,BUY,4541.27,4541.71
closed,2026-05-19 12:15:00,BUY,4541.27,4541.71
open,2026-05-19 12:16:00,BUY,4536.1,4538.02
closed,2026-05-19 12:16:00,BUY,4536.1,4538.02
open,2026-05-19 12:17:00,BUY,4536.1,4539.29
closed,2026-05-19 12:17:00,BUY,4536.1,4539.29
open,2026-05-19 12:18:00,BUY,4536.1,4537.07
closed,2026-05-19 12:18:00,BUY,4536.1,4537.07
open,2026-05-19 12:19:00,BUY,4536.1,4540.04
closed,2026-05-19 12:19:00,BUY,4536.1,4540.04
open,2026-05-19 12:20:00,BUY,4541.27,4542.57
closed,2026-05-19 12:20:00,BUY,4541.27,4542.57
open,2026-05-19 12:21:00,BUY,4536.1,4541.01
closed,2026-05-19 12:21:00,BUY,4536.1,4541.01
open,2026-05-19 12:22:00,BUY,4541.27,4542.94
closed,2026-05-19 12:22:00,BUY,4541.27,4542.94
open,2026-05-19 12:23:00,BUY,4541.27,4542.59
closed,2026-05-19 12:23:00,BUY,4541.27,4542.59
open,2026-05-19 12:24:00,BUY,4541.27,4543.77
closed,2026-05-19 12:24:00,BUY,4541.27,4543.77
open,2026-05-19 12:25:00,BUY,4541.27,4542.31
closed,2026-05-19 12:25:00,BUY,4541.27,4542.31
open,2026-05-19 12:26:00,BUY,4541.27,4542.77
closed,2026-05-19 12:26:00,BUY,4541.27,4542.77
open,2026-05-19 12:28:00,BUY,4541.27,4541.68
closed,2026-05-19 12:28:00,BUY,4541.27,4541.68
open,2026-05-19 12:29:00,BUY,4541.27,4543.15
closed,2026-05-19 12:29:00,BUY,4541.27,4543.15
closed_lag,2026-05-19 12:29:00,BUY,4541.27,4541.68
closed,2026-05-19 12:30:00,BUY,4541.27,4544.58
closed_lag,2026-05-19 12:30:00,BUY,4541.27,4543.15
closed_lag,2026-05-19 12:31:00,BUY,4541.27,4544.58
closed,2026-05-19 12:33:00,BUY,4541.27,4544.27
closed,2026-05-19 12:34:00,BUY,4541.27,4543.82
closed_lag,2026-05-19 12:34:00,BUY,4541.27,4544.27
closed,2026-05-19 12:35:00,BUY,4541.27,4544.05
closed_lag,2026-05-19 12:35:00,BUY,4541.27,4543.82
closed,2026-05-19 12:36:00,BUY,4541.27,4543.93
closed_lag,2026-05-19 12:36:00,BUY,4541.27,4544.05
closed,2026-05-19 12:37:00,BUY,4541.27,4544.91
closed_lag,2026-05-19 12:37:00,BUY,4541.27,4543.93
closed,2026-05-19 12:38:00,BUY,4541.27,4543.97
closed_lag,2026-05-19 12:38:00,BUY,4541.27,4544.91
closed,2026-05-19 12:39:00,BUY,4541.27,4542.47
closed_lag,2026-05-19 12:39:00,BUY,4541.27,4543.97
closed,2026-05-19 12:40:00,BUY,4536.1,4541.12
closed_lag,2026-05-19 12:40:00,BUY,4541.27,4542.47
closed_lag,2026-05-19 12:41:00,BUY,4536.1,4541.12
closed,2026-05-19 12:42:00,BUY,4536.1,4540.2
closed,2026-05-19 12:43:00,BUY,4536.1,4539.59
closed_lag,2026-05-19 12:43:00,BUY,4536.1,4540.2
closed_lag,2026-05-19 12:44:00,BUY,4536.1,4539.59
closed_lag,2026-05-19 12:45:00,BUY,4536.1,4537.48
closed_lag,2026-05-19 12:46:00,BUY,4536.1,4537.51
closed_lag,2026-05-19 12:48:00,BUY,4536.1,4537.55
closed_lag,2026-05-19 12:49:00,BUY,4536.1,4538.47
closed_lag,2026-05-19 12:50:00,BUY,4536.1,4539.52
closed_lag,2026-05-19 12:51:00,BUY,4536.1,4539.6
closed_lag,2026-05-19 12:52:00,BUY,4536.1,4539.11
closed_lag,2026-05-19 12:53:00,BUY,4536.1,4539.32
closed_lag,2026-05-19 12:54:00,BUY,4536.1,4540.44
closed_lag,2026-05-19 12:56:00,BUY,4536.1,4540.59
closed_lag,2026-05-19 12:58:00,BUY,4536.1,4540.23
open,2026-05-20 09:50:00,BUY,4481.66,4482.94
open,2026-05-20 11:51:00,BUY,4491.73,4492.19
open,2026-05-20 11:52:00,BUY,4491.73,4496.0
open,2026-05-20 12:04:00,BUY,4491.73,4496.53
closed,2026-05-20 12:04:00,BUY,4491.73,4496.53
closed_lag,2026-05-20 12:05:00,BUY,4491.73,4496.53
open,2026-05-20 12:11:00,BUY,4491.73,4496.59
closed,2026-05-20 12:11:00,BUY,4491.73,4496.59
closed_lag,2026-05-20 12:12:00,BUY,4491.73,4496.59
open,2026-05-20 12:13:00,BUY,4491.73,4496.62
closed,2026-05-20 12:13:00,BUY,4491.73,4496.62
open,2026-05-20 12:14:00,BUY,4491.73,4496.62
closed,2026-05-20 12:14:00,BUY,4491.73,4496.62
closed_lag,2026-05-20 12:14:00,BUY,4491.73,4496.62
open,2026-05-20 12:15:00,BUY,4491.73,4496.73
closed,2026-05-20 12:15:00,BUY,4491.73,4496.73
closed_lag,2026-05-20 12:15:00,BUY,4491.73,4496.62
open,2026-05-20 12:16:00,BUY,4491.73,4496.63
closed,2026-05-20 12:16:00,BUY,4491.73,4496.63
closed_lag,2026-05-20 12:16:00,BUY,4491.73,4496.73
open,2026-05-20 12:17:00,BUY,4491.73,4496.66
closed,2026-05-20 12:17:00,BUY,4491.73,4496.66
closed_lag,2026-05-20 12:17:00,BUY,4491.73,4496.63
open,2026-05-20 12:18:00,BUY,4491.73,4495.9
closed,2026-05-20 12:18:00,BUY,4491.73,4495.9
closed_lag,2026-05-20 12:18:00,BUY,4491.73,4496.66
open,2026-05-20 12:19:00,BUY,4491.73,4494.51
closed,2026-05-20 12:19:00,BUY,4491.73,4494.51
closed_lag,2026-05-20 12:19:00,BUY,4491.73,4495.9
open,2026-05-20 12:20:00,BUY,4491.73,4494.68
closed,2026-05-20 12:20:00,BUY,4491.73,4494.68
closed_lag,2026-05-20 12:20:00,BUY,4491.73,4494.51
open,2026-05-20 12:21:00,BUY,4491.73,4495.03
closed,2026-05-20 12:21:00,BUY,4491.73,4495.03
closed_lag,2026-05-20 12:21:00,BUY,4491.73,4494.68
open,2026-05-20 12:22:00,BUY,4491.73,4495.1
closed,2026-05-20 12:22:00,BUY,4491.73,4495.1
closed_lag,2026-05-20 12:22:00,BUY,4491.73,4495.03
open,2026-05-20 12:23:00,BUY,4491.73,4494.95
closed,2026-05-20 12:23:00,BUY,4491.73,4494.95
closed_lag,2026-05-20 12:23:00,BUY,4491.73,4495.1
open,2026-05-20 12:24:00,BUY,4491.73,4496.5
closed,2026-05-20 12:24:00,BUY,4491.73,4496.5
closed_lag,2026-05-20 12:24:00,BUY,4491.73,4494.95
closed_lag,2026-05-20 12:25:00,BUY,4491.73,4496.5
open,2026-05-20 12:26:00,BUY,4491.73,4496.63
closed,2026-05-20 12:26:00,BUY,4491.73,4496.63
closed_lag,2026-05-20 12:27:00,BUY,4491.73,4496.63
open,2026-05-20 12:57:00,BUY,4491.73,4496.14
closed,2026-05-20 12:57:00,BUY,4491.73,4496.14
open,2026-05-20 12:58:00,BUY,4491.73,4494.08
closed,2026-05-20 12:58:00,BUY,4491.73,4494.08
closed_lag,2026-05-20 12:58:00,BUY,4491.73,4496.14
open,2026-05-20 12:59:00,BUY,4491.73,4496.24
closed,2026-05-20 12:59:00,BUY,4491.73,4496.24
closed_lag,2026-05-20 12:59:00,BUY,4491.73,4494.08
closed_lag,2026-05-20 13:00:00,BUY,4491.73,4496.24
open,2026-05-20 13:01:00,BUY,4491.73,4495.48
closed,2026-05-20 13:01:00,BUY,4491.73,4495.48
closed_lag,2026-05-20 13:02:00,BUY,4491.73,4495.48
closed,2026-05-20 13:22:00,BUY,4491.73,4496.11
closed,2026-05-20 13:23:00,BUY,4491.73,4496.49
closed_lag,2026-05-20 13:23:00,BUY,4491.73,4496.11
closed,2026-05-20 13:24:00,BUY,4491.73,4494.28
closed_lag,2026-05-20 13:24:00,BUY,4491.73,4496.49
closed,2026-05-20 13:25:00,BUY,4491.73,4494.48
closed_lag,2026-05-20 13:25:00,BUY,4491.73,4494.28
closed,2026-05-20 13:26:00,BUY,4491.73,4492.79
closed_lag,2026-05-20 13:26:00,BUY,4491.73,4494.48
closed,2026-05-20 13:27:00,BUY,4491.73,4492.78
closed_lag,2026-05-20 13:27:00,BUY,4491.73,4492.79
closed_lag,2026-05-20 13:28:00,BUY,4491.73,4492.78
closed_lag,2026-05-20 13:34:00,BUY,4491.73,4492.14
open,2026-05-20 14:15:00,BUY,4481.66,4483.56
open,2026-05-21 08:06:00,BUY,4525.51,4525.93
open,2026-05-21 08:07:00,BUY,4525.51,4525.85
open,2026-05-21 08:08:00,BUY,4525.51,4526.45
open,2026-05-21 08:09:00,BUY,4525.51,4528.81
open,2026-05-21 08:26:00,BUY,4525.51,4529.68
closed,2026-05-21 08:26:00,BUY,4525.51,4529.68
closed,2026-05-21 08:34:00,BUY,4525.51,4529.52
closed,2026-05-21 08:35:00,BUY,4525.51,4527.64
closed_lag,2026-05-21 08:35:00,BUY,4525.51,4529.52
closed,2026-05-21 08:36:00,BUY,4525.51,4527.9
closed_lag,2026-05-21 08:36:00,BUY,4525.51,4527.64
closed_lag,2026-05-21 08:37:00,BUY,4525.51,4527.9
closed,2026-05-21 08:38:00,BUY,4525.51,4528.44
closed,2026-05-21 08:39:00,BUY,4525.51,4528.13
closed_lag,2026-05-21 08:39:00,BUY,4525.51,4528.44
closed_lag,2026-05-21 08:40:00,BUY,4525.51,4528.13
open,2026-05-21 08:45:00,BUY,4525.51,4529.19
closed_lag,2026-05-21 08:45:00,BUY,4525.51,4529.26
closed_lag,2026-05-21 08:46:00,BUY,4525.51,4529.19
closed_lag,2026-05-21 09:46:00,BUY,4525.51,4528.56
open,2026-05-22 07:00:00,SELL,4525.77,4524.9
open,2026-05-22 07:01:00,SELL,4525.77,4524.47
closed_lag,2026-05-22 07:01:00,SELL,4525.77,4524.9
open,2026-05-22 07:02:00,SELL,4525.77,4524.63
closed_lag,2026-05-22 07:02:00,SELL,4525.77,4524.47
closed_lag,2026-05-22 07:03:00,SELL,4525.77,4524.63
open,2026-05-22 07:06:00,SELL,4525.77,4524.47
closed_lag,2026-05-22 07:07:00,SELL,4525.77,4524.47
open,2026-05-22 07:09:00,SELL,4525.77,4525.34
open,2026-05-22 07:10:00,SELL,4525.77,4524.81
closed_lag,2026-05-22 07:10:00,SELL,4525.77,4525.34
closed_lag,2026-05-22 07:11:00,SELL,4525.77,4524.81
open,2026-05-22 07:12:00,SELL,4525.77,4524.28
closed_lag,2026-05-22 07:13:00,SELL,4525.77,4524.28
open,2026-05-22 07:15:00,SELL,4525.77,4524.1
closed,2026-05-22 07:15:00,SELL,4525.77,4524.1
open,2026-05-22 07:16:00,SELL,4525.77,4523.9
closed,2026-05-22 07:16:00,SELL,4525.77,4523.9
open,2026-05-22 07:17:00,SELL,4525.77,4525.22
closed,2026-05-22 07:17:00,SELL,4525.77,4525.22
open,2026-05-22 07:18:00,SELL,4525.77,4524.77
closed,2026-05-22 07:18:00,SELL,4525.77,4524.77
open,2026-05-22 07:19:00,SELL,4525.77,4524.94
closed,2026-05-22 07:19:00,SELL,4525.77,4524.94
open,2026-05-22 07:20:00,SELL,4525.77,4525.12
closed,2026-05-22 07:20:00,SELL,4525.77,4525.12
open,2026-05-22 07:21:00,SELL,4525.77,4524.91
closed,2026-05-22 07:21:00,SELL,4525.77,4524.91
closed,2026-05-22 07:25:00,SELL,4525.77,4525.2
closed,2026-05-22 07:28:00,SELL,4525.77,4525.01
closed_lag,2026-05-22 07:29:00,SELL,4525.77,4525.01
closed_lag,2026-05-22 07:31:00,SELL,4525.77,4524.78
open,2026-05-22 08:15:00,BUY,4527.39,4527.73
open,2026-05-22 08:19:00,BUY,4527.39,4528.18
open,2026-05-22 08:24:00,BUY,4527.39,4528.06
open,2026-05-22 10:05:00,BUY,4529.28,4531.6
open,2026-05-22 10:07:00,BUY,4529.28,4532.38
closed,2026-05-22 10:19:00,BUY,4529.28,4531.51
closed,2026-05-22 10:20:00,BUY,4529.28,4529.73
closed_lag,2026-05-22 10:20:00,BUY,4529.28,4531.51
closed,2026-05-22 10:21:00,BUY,4529.28,4530.1
closed_lag,2026-05-22 10:21:00,BUY,4529.28,4529.73
closed_lag,2026-05-22 10:22:00,BUY,4529.28,4530.1
closed,2026-05-22 10:24:00,BUY,4529.28,4529.81
closed_lag,2026-05-22 10:25:00,BUY,4529.28,4529.81
open,2026-05-22 11:30:00,BUY,4511.64,4513.98
open,2026-05-22 11:31:00,BUY,4511.64,4514.11
open,2026-05-22 12:10:00,BUY,4519.14,4521.24
open,2026-05-22 12:11:00,BUY,4519.14,4521.36
closed,2026-05-22 12:15:00,BUY,4529.28,4529.82
closed,2026-05-22 12:18:00,BUY,4529.28,4530.04
closed,2026-05-22 12:20:00,BUY,4529.28,4530.18
closed,2026-05-22 12:27:00,BUY,4519.14,4522.57
closed,2026-05-22 12:28:00,BUY,4519.14,4523.23
closed_lag,2026-05-22 12:29:00,BUY,4519.14,4523.23
closed_lag,2026-05-22 12:30:00,BUY,4519.14,4521.89
closed_lag,2026-05-22 12:31:00,BUY,4519.14,4522.77
closed_lag,2026-05-22 12:32:00,BUY,4519.14,4520.26
closed_lag,2026-05-22 12:34:00,BUY,4519.14,4520.26
closed_lag,2026-05-22 12:42:00,BUY,4519.14,4519.62
open,2026-05-22 12:45:00,BUY,4519.14,4519.46
open,2026-05-22 12:46:00,BUY,4519.14,4519.57
open,2026-05-22 12:50:00,BUY,4519.14,4520.4
open,2026-05-22 12:51:00,BUY,4519.14,4521.38
open,2026-05-22 12:52:00,BUY,4519.14,4520.48
open,2026-05-22 12:53:00,BUY,4519.14,4520.35
open,2026-05-22 12:54:00,BUY,4519.14,4519.84
open,2026-05-22 12:55:00,BUY,4519.14,4520.33
open,2026-05-22 12:56:00,BUY,4519.14,4521.19
open,2026-05-22 12:57:00,BUY,4519.14,4521.72
open,2026-05-22 12:58:00,BUY,4519.14,4521.63
open,2026-05-22 13:02:00,BUY,4519.14,4521.31
closed,2026-05-22 13:02:00,BUY,4519.14,4521.31
open,2026-05-22 13:09:00,BUY,4529.28,4532.07
closed,2026-05-22 13:09:00,BUY,4529.28,4532.07
open,2026-05-22 13:12:00,BUY,4529.28,4531.67
closed,2026-05-22 13:12:00,BUY,4529.28,4531.67
closed,2026-05-22 13:25:00,BUY,4519.14,4522.56
closed_lag,2026-05-22 13:26:00,BUY,4519.14,4522.56
closed_lag,2026-05-22 13:30:00,BUY,4519.14,4522.23
closed_lag,2026-05-22 13:31:00,BUY,4519.14,4522.62
closed_lag,2026-05-22 13:34:00,BUY,4519.14,4520.4
closed_lag,2026-05-22 13:35:00,BUY,4519.14,4522.81
closed_lag,2026-05-22 13:36:00,BUY,4519.14,4522.78
closed_lag,2026-05-22 13:37:00,BUY,4519.14,4520.4
closed_lag,2026-05-22 13:38:00,BUY,4519.14,4521.25
closed_lag,2026-05-22 13:39:00,BUY,4519.14,4521.64
closed_lag,2026-05-22 13:40:00,BUY,4519.14,4519.98
open,2026-05-22 15:30:00,BUY,4519.14,4521.06
closed,2026-05-22 15:30:00,BUY,4519.14,4521.06
open,2026-05-22 15:31:00,BUY,4519.14,4520.4
closed,2026-05-22 15:31:00,BUY,4519.14,4520.4
open,2026-05-22 15:32:00,BUY,4519.14,4520.02
closed,2026-05-22 15:32:00,BUY,4519.14,4520.02
open,2026-05-22 15:33:00,BUY,4519.14,4519.92
closed,2026-05-22 15:33:00,BUY,4519.14,4519.92
open,2026-05-22 15:35:00,BUY,4519.14,4520.19
closed,2026-05-22 15:35:00,BUY,4519.14,4520.19
open,2026-05-22 15:36:00,BUY,4519.14,4520.53
closed,2026-05-22 15:36:00,BUY,4519.14,4520.53
open,2026-05-22 15:37:00,BUY,4519.14,4520.35
closed,2026-05-22 15:37:00,BUY,4519.14,4520.35
open,2026-05-22 15:38:00,BUY,4519.14,4521.14
closed,2026-05-22 15:38:00,BUY,4519.14,4521.14
open,2026-05-22 15:39:00,BUY,4519.14,4520.8
closed,2026-05-22 15:39:00,BUY,4519.14,4520.8
open,2026-05-22 15:40:00,BUY,4519.14,4521.3
closed,2026-05-22 15:40:00,BUY,4519.14,4521.3
open,2026-05-22 15:49:00,BUY,4511.64,4514.98
closed,2026-05-22 15:49:00,BUY,4511.64,4514.98
closed_lag,2026-05-22 15:50:00,BUY,4511.64,4514.98
open,2026-05-22 15:56:00,BUY,4519.14,4519.84
closed,2026-05-22 15:56:00,BUY,4519.14,4519.84
open,2026-05-22 15:57:00,BUY,4519.14,4519.68
closed,2026-05-22 15:57:00,BUY,4519.14,4519.68
closed_lag,2026-05-22 15:57:00,BUY,4519.14,4519.84
open,2026-05-22 15:58:00,BUY,4519.14,4521.75
closed,2026-05-22 15:58:00,BUY,4519.14,4521.75
closed_lag,2026-05-22 15:58:00,BUY,4519.14,4519.68
open,2026-05-22 15:59:00,BUY,4519.14,4519.98
closed,2026-05-22 15:59:00,BUY,4519.14,4519.98
closed_lag,2026-05-22 15:59:00,BUY,4519.14,4521.75
closed_lag,2026-05-25 07:00:00,SELL,4564.53,4562.69
closed_lag,2026-05-25 07:01:00,SELL,4564.53,4562.4
closed_lag,2026-05-25 07:02:00,SELL,4564.53,4562.65
closed_lag,2026-05-25 07:03:00,SELL,4566.24,4564.43
closed_lag,2026-05-25 07:04:00,SELL,4564.53,4563.64
closed_lag,2026-05-25 07:05:00,SELL,4566.24,4564.19
closed_lag,2026-05-25 07:06:00,SELL,4564.53,4563.64
closed_lag,2026-05-25 07:07:00,SELL,4564.53,4562.24
closed_lag,2026-05-25 07:08:00,SELL,4564.53,4562.55
closed_lag,2026-05-25 07:09:00,SELL,4564.53,4561.7
closed_lag,2026-05-25 07:10:00,SELL,4564.53,4562.07
closed_lag,2026-05-25 07:11:00,SELL,4564.53,4563.43
closed_lag,2026-05-25 07:12:00,SELL,4564.53,4563.93
closed_lag,2026-05-25 07:13:00,SELL,4564.53,4563.89
open,2026-05-25 07:15:00,SELL,4561.25,4559.9
open,2026-05-25 07:16:00,SELL,4561.25,4560.38
open,2026-05-25 07:17:00,SELL,4561.25,4560.23
closed,2026-05-25 07:19:00,BUY,4553.82,4555.49
closed_lag,2026-05-25 07:20:00,BUY,4553.82,4555.49
closed,2026-05-25 07:22:00,BUY,4553.82,4554.48
closed_lag,2026-05-25 07:23:00,BUY,4553.82,4554.48
closed,2026-05-25 07:24:00,BUY,4553.82,4555.65
closed,2026-05-25 07:25:00,BUY,4553.82,4555.73
closed_lag,2026-05-25 07:25:00,BUY,4553.82,4555.65
closed,2026-05-25 07:26:00,BUY,4553.82,4557.06
closed_lag,2026-05-25 07:26:00,BUY,4553.82,4555.73
closed,2026-05-25 07:27:00,BUY,4553.82,4556.53
closed_lag,2026-05-25 07:27:00,BUY,4553.82,4557.06
closed,2026-05-25 07:28:00,BUY,4553.82,4556.44
closed_lag,2026-05-25 07:28:00,BUY,4553.82,4556.53
closed_lag,2026-05-25 07:29:00,BUY,4553.82,4556.44
open,2026-05-25 07:30:00,BUY,4553.89,4554.72
closed_lag,2026-05-25 07:30:00,BUY,4553.82,4554.69
open,2026-05-25 07:31:00,BUY,4553.89,4555.93
closed_lag,2026-05-25 07:31:00,BUY,4553.82,4554.72
closed,2026-05-25 07:32:00,SELL,4561.25,4558.05
closed_lag,2026-05-25 07:32:00,BUY,4553.82,4555.93
closed,2026-05-25 07:33:00,SELL,4561.25,4560.04
closed,2026-05-25 07:34:00,SELL,4561.25,4559.09
closed,2026-05-25 07:35:00,SELL,4561.25,4559.1
closed,2026-05-25 07:36:00,SELL,4561.25,4558.53
closed,2026-05-25 07:38:00,SELL,4561.25,4557.95
closed,2026-05-25 07:39:00,SELL,4561.25,4558.85
closed,2026-05-25 07:40:00,SELL,4561.25,4559.11
closed,2026-05-25 07:41:00,SELL,4561.25,4559.72
closed,2026-05-25 07:42:00,SELL,4561.25,4560.24
closed,2026-05-25 07:43:00,SELL,4561.25,4560.32
closed_lag,2026-05-25 07:44:00,SELL,4561.25,4560.32
closed_lag,2026-05-25 07:45:00,SELL,4561.25,4560.01
closed_lag,2026-05-25 07:46:00,SELL,4561.25,4559.99
closed_lag,2026-05-25 07:47:00,SELL,4561.25,4560.94
closed_lag,2026-05-25 07:49:00,SELL,4564.53,4561.55
closed_lag,2026-05-25 07:50:00,SELL,4564.53,4562.24
closed_lag,2026-05-25 07:51:00,SELL,4564.53,4563.01
closed_lag,2026-05-25 07:52:00,SELL,4564.53,4563.94
closed_lag,2026-05-25 07:53:00,SELL,4566.24,4564.18
closed_lag,2026-05-25 07:54:00,SELL,4566.24,4564.3
closed_lag,2026-05-25 07:55:00,SELL,4564.53,4563.86
closed_lag,2026-05-25 07:56:00,SELL,4564.53,4563.55
closed_lag,2026-05-25 07:57:00,SELL,4566.24,4564.31
closed_lag,2026-05-25 07:58:00,SELL,4566.24,4564.43
open,2026-05-25 08:15:00,SELL,4561.25,4560.64
open,2026-05-25 08:16:00,SELL,4561.25,4560.45
open,2026-05-25 08:18:00,SELL,4561.25,4560.05
open,2026-05-25 08:19:00,SELL,4561.25,4560.73
open,2026-05-25 08:20:00,SELL,4561.25,4559.47
open,2026-05-25 08:21:00,SELL,4561.25,4558.59
closed,2026-05-25 08:23:00,BUY,4553.89,4556.04
closed,2026-05-25 08:24:00,BUY,4553.89,4555.31
closed_lag,2026-05-25 08:24:00,BUY,4553.89,4556.04
closed,2026-05-25 08:25:00,BUY,4553.89,4555.57
closed_lag,2026-05-25 08:25:00,BUY,4553.89,4555.31
closed_lag,2026-05-25 08:26:00,BUY,4553.89,4555.57
closed,2026-05-25 08:27:00,BUY,4553.89,4554.49
closed,2026-05-25 08:28:00,BUY,4553.89,4555.22
closed_lag,2026-05-25 08:28:00,BUY,4553.89,4554.49
closed_lag,2026-05-25 08:29:00,BUY,4553.89,4555.22
closed_lag,2026-05-25 08:30:00,BUY,4553.89,4554.9
closed_lag,2026-05-25 08:31:00,BUY,4553.89,4557.06
closed_lag,2026-05-25 08:32:00,BUY,4553.89,4556.65
closed_lag,2026-05-25 08:34:00,BUY,4553.89,4557.11
closed_lag,2026-05-25 08:35:00,BUY,4553.89,4557.09
closed_lag,2026-05-25 08:37:00,BUY,4553.89,4555.43
closed_lag,2026-05-25 08:38:00,BUY,4553.89,4555.99
closed_lag,2026-05-25 08:39:00,BUY,4553.89,4555.82
closed_lag,2026-05-25 08:40:00,BUY,4553.89,4556.09
closed_lag,2026-05-25 08:41:00,BUY,4553.89,4555.63
closed_lag,2026-05-25 08:42:00,BUY,4553.89,4555.62
closed_lag,2026-05-25 08:43:00,BUY,4553.89,4554.73
open,2026-05-25 09:03:00,SELL,4561.25,4558.4
closed,2026-05-25 09:03:00,SELL,4561.25,4558.4
closed_lag,2026-05-25 09:04:00,SELL,4561.25,4558.4
open,2026-05-25 09:15:00,BUY,4553.89,4555.9
open,2026-05-25 09:16:00,BUY,4553.89,4556.35
open,2026-05-25 09:17:00,BUY,4553.89,4556.34
open,2026-05-25 09:18:00,BUY,4553.89,4556.74
open,2026-05-25 09:19:00,BUY,4553.89,4556.52
open,2026-05-25 09:20:00,BUY,4553.89,4556.24
open,2026-05-25 09:21:00,BUY,4553.89,4555.86
open,2026-05-25 09:22:00,BUY,4553.89,4556.26
open,2026-05-25 09:23:00,BUY,4553.89,4555.65
open,2026-05-25 09:24:00,BUY,4553.89,4556.52
open,2026-05-25 09:25:00,BUY,4553.89,4556.95
open,2026-05-25 09:26:00,BUY,4553.89,4557.01
closed,2026-05-25 09:28:00,SELL,4561.25,4558.18
closed_lag,2026-05-25 09:29:00,SELL,4561.25,4558.18
closed_lag,2026-05-25 09:30:00,SELL,4561.25,4558.94
closed_lag,2026-05-25 09:31:00,SELL,4561.25,4559.75
closed_lag,2026-05-25 12:15:00,BUY,4553.89,4556.56
closed_lag,2026-05-25 12:16:00,BUY,4553.89,4556.4
closed_lag,2026-05-25 12:17:00,BUY,4553.89,4556.13
closed_lag,2026-05-25 12:18:00,BUY,4553.89,4555.03
closed_lag,2026-05-25 12:19:00,BUY,4553.89,4554.93
closed_lag,2026-05-25 12:20:00,BUY,4553.89,4554.28
closed_lag,2026-05-25 12:23:00,BUY,4553.89,4554.8
closed_lag,2026-05-25 12:24:00,BUY,4553.89,4555.73
closed_lag,2026-05-25 12:25:00,BUY,4553.89,4556.6
open,2026-05-25 12:36:00,BUY,4567.4,4567.75
open,2026-05-25 12:38:00,BUY,4567.4,4568.23
open,2026-05-25 12:40:00,BUY,4567.4,4568.62
open,2026-05-25 12:41:00,BUY,4567.4,4568.44
open,2026-05-25 12:42:00,BUY,4567.4,4568.62
open,2026-05-25 12:46:00,BUY,4567.4,4567.95
closed,2026-05-25 12:46:00,BUY,4567.4,4567.95
open,2026-05-25 12:56:00,BUY,4567.4,4568.6
closed,2026-05-25 12:56:00,BUY,4567.4,4568.6
open,2026-05-25 12:59:00,BUY,4567.4,4567.8
closed,2026-05-25 12:59:00,BUY,4567.4,4567.8
closed_lag,2026-05-25 13:00:00,BUY,4567.4,4567.8
closed,2026-05-25 13:09:00,BUY,4567.4,4568.69
closed_lag,2026-05-25 13:10:00,BUY,4567.4,4568.69
open,2026-05-25 13:45:00,SELL,4565.95,4563.94
open,2026-05-25 13:55:00,SELL,4565.95,4564.55
open,2026-05-25 13:56:00,SELL,4565.95,4564.8
closed_lag,2026-05-25 13:56:00,SELL,4565.95,4564.55
closed_lag,2026-05-25 13:57:00,SELL,4565.95,4564.8
open,2026-05-25 14:01:00,BUY,4562.81,4564.34
closed,2026-05-25 14:01:00,SELL,4565.95,4564.34
open,2026-05-25 14:02:00,BUY,4562.81,4564.77
closed,2026-05-25 14:02:00,SELL,4565.95,4564.77
open,2026-05-25 14:13:00,BUY,4567.4,4568.68
open,2026-05-25 14:14:00,BUY,4567.4,4567.92
closed,2026-05-25 14:14:00,BUY,4567.4,4567.92
open,2026-05-25 14:15:00,BUY,4567.4,4567.88
closed,2026-05-25 14:15:00,BUY,4567.4,4567.88
open,2026-05-25 14:16:00,BUY,4567.4,4568.31
closed,2026-05-25 14:16:00,BUY,4567.4,4568.31
open,2026-05-25 14:18:00,BUY,4567.4,4568.27
closed,2026-05-25 14:18:00,BUY,4567.4,4568.27
open,2026-05-25 14:19:00,BUY,4567.4,4568.53
closed,2026-05-25 14:19:00,BUY,4567.4,4568.53
open,2026-05-25 14:20:00,BUY,4567.4,4567.9
closed,2026-05-25 14:20:00,BUY,4567.4,4567.9
open,2026-05-25 14:22:00,BUY,4567.4,4568.5
closed,2026-05-25 14:22:00,BUY,4567.4,4568.5
open,2026-05-25 14:28:00,BUY,4567.4,4568.01
closed,2026-05-25 14:28:00,BUY,4567.4,4568.01
open,2026-05-25 14:29:00,BUY,4567.4,4568.03
closed,2026-05-25 14:29:00,BUY,4567.4,4568.03
closed_lag,2026-05-25 14:29:00,BUY,4567.4,4568.01
closed_lag,2026-05-25 14:30:00,BUY,4567.4,4568.03
open,2026-05-25 14:34:00,BUY,4567.4,4567.88
closed,2026-05-25 14:34:00,BUY,4567.4,4567.88
closed_lag,2026-05-25 14:35:00,BUY,4567.4,4567.88
open,2026-05-25 14:36:00,BUY,4567.4,4568.02
closed,2026-05-25 14:36:00,BUY,4567.4,4568.02
closed_lag,2026-05-25 14:37:00,BUY,4567.4,4568.02
open,2026-05-25 14:41:00,BUY,4567.4,4568.16
closed,2026-05-25 14:41:00,BUY,4567.4,4568.16
closed_lag,2026-05-25 14:42:00,BUY,4567.4,4568.16
open,2026-05-25 14:46:00,BUY,4567.4,4567.72
closed,2026-05-25 14:46:00,BUY,4567.4,4567.72
closed_lag,2026-05-25 14:47:00,BUY,4567.4,4567.72
open,2026-05-25 14:48:00,BUY,4567.4,4567.76
closed,2026-05-25 14:48:00,BUY,4567.4,4567.76
open,2026-05-25 14:49:00,BUY,4567.4,4568.36
closed,2026-05-25 14:49:00,BUY,4567.4,4568.36
closed_lag,2026-05-25 14:49:00,BUY,4567.4,4567.76
open,2026-05-25 14:50:00,BUY,4567.4,4567.81
closed,2026-05-25 14:50:00,BUY,4567.4,4567.81
closed_lag,2026-05-25 14:50:00,BUY,4567.4,4568.36
closed_lag,2026-05-25 14:51:00,BUY,4567.4,4567.81
open,2026-05-25 15:00:00,BUY,4567.4,4568.65
closed,2026-05-25 15:00:00,BUY,4567.4,4568.65
closed_lag,2026-05-25 15:01:00,BUY,4567.4,4568.65
open,2026-05-25 15:02:00,BUY,4567.4,4568.27
closed,2026-05-25 15:02:00,BUY,4567.4,4568.27
open,2026-05-25 15:03:00,BUY,4567.4,4568.53
closed,2026-05-25 15:03:00,BUY,4567.4,4568.53
closed_lag,2026-05-25 15:03:00,BUY,4567.4,4568.27
open,2026-05-25 15:04:00,BUY,4567.4,4568.23
closed,2026-05-25 15:04:00,BUY,4567.4,4568.23
closed_lag,2026-05-25 15:04:00,BUY,4567.4,4568.53
closed_lag,2026-05-25 15:05:00,BUY,4567.4,4568.23
open,2026-05-25 15:16:00,BUY,4567.4,4568.29
closed,2026-05-25 15:16:00,BUY,4567.4,4568.29
open,2026-05-25 15:17:00,BUY,4567.4,4568.27
closed,2026-05-25 15:17:00,BUY,4567.4,4568.27
closed_lag,2026-05-25 15:17:00,BUY,4567.4,4568.29
open,2026-05-25 15:18:00,BUY,4567.4,4568.35
closed,2026-05-25 15:18:00,BUY,4567.4,4568.35
closed_lag,2026-05-25 15:18:00,BUY,4567.4,4568.27
closed_lag,2026-05-25 15:19:00,BUY,4567.4,4568.35
open,2026-05-25 15:37:00,BUY,4565.36,4567.34
closed,2026-05-25 15:37:00,BUY,4565.36,4567.34
open,2026-05-25 15:38:00,BUY,4565.36,4567.94
closed,2026-05-25 15:38:00,BUY,4565.36,4567.94
closed_lag,2026-05-25 15:38:00,BUY,4565.36,4567.34
closed_lag,2026-05-25 15:39:00,BUY,4565.36,4567.94
open,2026-05-25 15:40:00,BUY,4567.4,4568.79
closed,2026-05-25 15:40:00,BUY,4567.4,4568.79
open,2026-05-25 15:41:00,BUY,4567.4,4568.56
closed,2026-05-25 15:41:00,BUY,4567.4,4568.56
closed_lag,2026-05-25 15:41:00,BUY,4567.4,4568.79
closed_lag,2026-05-25 15:42:00,BUY,4567.4,4568.56
open,2026-05-26 07:00:00,SELL,4534.53,4531.97
closed,2026-05-26 07:00:00,SELL,4534.53,4531.97
closed_lag,2026-05-26 07:00:00,SELL,4535.11,4531.14
open,2026-05-26 07:01:00,SELL,4534.53,4531.74
closed,2026-05-26 07:01:00,SELL,4534.53,4531.74
closed_lag,2026-05-26 07:01:00,SELL,4534.53,4531.97
open,2026-05-26 07:02:00,SELL,4534.53,4533.06
closed,2026-05-26 07:02:00,SELL,4534.53,4533.06
closed_lag,2026-05-26 07:02:00,SELL,4534.53,4531.74
open,2026-05-26 07:03:00,SELL,4535.11,4531.32
closed,2026-05-26 07:03:00,SELL,4535.11,4531.32
closed_lag,2026-05-26 07:03:00,SELL,4534.53,4533.06
open,2026-05-26 07:04:00,SELL,4534.53,4531.71
closed,2026-05-26 07:04:00,SELL,4534.53,4531.71
closed_lag,2026-05-26 07:04:00,SELL,4535.11,4531.32
open,2026-05-26 07:05:00,SELL,4533.91,4530.89
closed,2026-05-26 07:05:00,SELL,4535.11,4530.89
closed_lag,2026-05-26 07:05:00,SELL,4534.53,4531.71
open,2026-05-26 07:06:00,SELL,4533.91,4532.72
closed,2026-05-26 07:06:00,SELL,4534.53,4532.72
closed_lag,2026-05-26 07:06:00,SELL,4535.11,4530.89
open,2026-05-26 07:07:00,SELL,4533.91,4531.76
closed,2026-05-26 07:07:00,SELL,4534.53,4531.76
closed_lag,2026-05-26 07:07:00,SELL,4534.53,4532.72
open,2026-05-26 07:08:00,SELL,4533.91,4530.53
closed,2026-05-26 07:08:00,SELL,4535.11,4530.53
closed_lag,2026-05-26 07:08:00,SELL,4534.53,4531.76
closed_lag,2026-05-26 07:09:00,SELL,4535.11,4530.53
open,2026-05-26 07:11:00,SELL,4533.91,4529.41
closed,2026-05-26 07:11:00,SELL,4533.91,4529.41
open,2026-05-26 07:24:00,SELL,4533.91,4530.32
closed,2026-05-26 07:24:00,SELL,4533.91,4530.32
open,2026-05-26 07:25:00,SELL,4533.91,4529.85
closed,2026-05-26 07:25:00,SELL,4533.91,4529.85
closed_lag,2026-05-26 07:25:00,SELL,4533.91,4530.32
open,2026-05-26 07:26:00,SELL,4533.91,4529.45
closed,2026-05-26 07:26:00,SELL,4533.91,4529.45
closed_lag,2026-05-26 07:26:00,SELL,4533.91,4529.85
open,2026-05-26 07:27:00,SELL,4533.91,4531.34
closed,2026-05-26 07:27:00,SELL,4533.91,4531.34
closed_lag,2026-05-26 07:27:00,SELL,4533.91,4529.45
open,2026-05-26 07:28:00,SELL,4533.91,4530.45
closed,2026-05-26 07:28:00,SELL,4533.91,4530.45
closed_lag,2026-05-26 07:28:00,SELL,4533.91,4531.34
open,2026-05-26 07:29:00,SELL,4533.91,4529.78
closed,2026-05-26 07:29:00,SELL,4533.91,4529.78
closed_lag,2026-05-26 07:29:00,SELL,4533.91,4530.45
closed_lag,2026-05-26 07:30:00,SELL,4533.91,4529.78
open,2026-05-26 07:45:00,BUY,4521.38,4526.1
closed,2026-05-26 07:46:00,SELL,4533.91,4530.09
closed,2026-05-26 07:47:00,SELL,4533.91,4530.33
closed_lag,2026-05-26 07:47:00,SELL,4533.91,4530.09
closed,2026-05-26 07:48:00,SELL,4533.91,4532.29
closed_lag,2026-05-26 07:48:00,SELL,4533.91,4530.33
closed,2026-05-26 07:49:00,SELL,4533.91,4533.49
closed_lag,2026-05-26 07:49:00,SELL,4533.91,4532.29
closed_lag,2026-05-26 07:50:00,SELL,4533.91,4533.49
closed,2026-05-26 07:51:00,SELL,4533.91,4533.55
closed,2026-05-26 07:52:00,SELL,4533.91,4532.52
closed_lag,2026-05-26 07:52:00,SELL,4533.91,4533.55
closed,2026-05-26 07:53:00,SELL,4533.91,4532.34
closed_lag,2026-05-26 07:53:00,SELL,4533.91,4532.52
closed,2026-05-26 07:54:00,SELL,4533.91,4531.7
closed_lag,2026-05-26 07:54:00,SELL,4533.91,4532.34
open,2026-05-26 07:55:00,BUY,4531.36,4533.89
closed,2026-05-26 07:55:00,SELL,4534.53,4533.89
closed_lag,2026-05-26 07:55:00,SELL,4533.91,4531.7
open,2026-05-26 07:56:00,BUY,4531.36,4534.45
closed,2026-05-26 07:56:00,SELL,4535.11,4534.45
closed_lag,2026-05-26 07:56:00,SELL,4534.53,4533.89
closed_lag,2026-05-26 07:57:00,SELL,4535.11,4534.45
closed,2026-05-26 08:01:00,BUY,4531.36,4535.56
closed,2026-05-26 08:02:00,BUY,4531.36,4535.48
closed,2026-05-26 08:05:00,BUY,4531.36,4534.86
closed,2026-05-26 08:06:00,BUY,4531.36,4533.51
closed,2026-05-26 08:07:00,BUY,4531.36,4533.84
closed,2026-05-26 08:08:00,BUY,4531.36,4533.68
closed,2026-05-26 08:09:00,BUY,4531.36,4533.08
closed,2026-05-26 08:10:00,BUY,4531.36,4532.09
closed,2026-05-26 08:11:00,BUY,4531.36,4532.48
closed,2026-05-26 08:12:00,BUY,4531.36,4531.84
open,2026-05-26 08:19:00,SELL,4533.91,4529.77
closed,2026-05-26 08:19:00,SELL,4533.91,4529.77
closed_lag,2026-05-26 08:26:00,BUY,4521.38,4526.34
closed_lag,2026-05-26 08:27:00,BUY,4521.38,4524.55
closed_lag,2026-05-26 08:28:00,BUY,4521.38,4524.68
open,2026-05-26 09:30:00,SELL,4526.97,4521.95
open,2026-05-26 09:59:00,SELL,4526.97,4522.77
closed,2026-05-26 09:59:00,SELL,4526.97,4522.77
closed,2026-05-26 10:00:00,SELL,4526.97,4522.54
closed_lag,2026-05-26 10:00:00,SELL,4526.97,4522.77
closed,2026-05-26 10:01:00,SELL,4526.97,4522.7
closed_lag,2026-05-26 10:01:00,SELL,4526.97,4522.54
open,2026-05-26 10:02:00,BUY,4519.12,4521.7
closed_lag,2026-05-26 10:02:00,SELL,4526.97,4522.7
open,2026-05-26 10:03:00,BUY,4519.12,4519.95
open,2026-05-26 10:04:00,BUY,4519.12,4519.87
open,2026-05-26 10:05:00,BUY,4519.46,4520.61
open,2026-05-26 10:06:00,BUY,4519.46,4521.23
closed,2026-05-26 10:07:00,SELL,4526.97,4523.74
closed,2026-05-26 10:08:00,SELL,4526.97,4524.06
closed_lag,2026-05-26 10:08:00,SELL,4526.97,4523.74
closed,2026-05-26 10:09:00,SELL,4526.97,4525.65
closed_lag,2026-05-26 10:09:00,SELL,4526.97,4524.06
closed_lag,2026-05-26 10:10:00,SELL,4526.97,4525.65
open,2026-05-26 10:15:00,BUY,4531.36,4532.49
closed,2026-05-26 10:15:00,BUY,4531.36,4532.49
open,2026-05-26 10:22:00,BUY,4531.36,4531.8
closed,2026-05-26 10:22:00,BUY,4531.36,4531.8
open,2026-05-26 10:24:00,BUY,4531.36,4531.85
closed,2026-05-26 10:24:00,BUY,4531.36,4531.85
open,2026-05-26 10:25:00,BUY,4531.36,4532.15
closed,2026-05-26 10:25:00,BUY,4531.36,4532.15
open,2026-05-26 10:26:00,BUY,4531.36,4532.67
closed,2026-05-26 10:26:00,BUY,4531.36,4532.67
open,2026-05-26 10:27:00,BUY,4531.36,4533.47
closed,2026-05-26 10:27:00,BUY,4531.36,4533.47
open,2026-05-26 10:28:00,BUY,4531.36,4534.22
closed,2026-05-26 10:28:00,BUY,4531.36,4534.22
open,2026-05-26 10:29:00,BUY,4531.36,4533.41
closed,2026-05-26 10:29:00,BUY,4531.36,4533.41
closed_lag,2026-05-26 10:29:00,BUY,4531.36,4534.22
open,2026-05-26 10:30:00,BUY,4531.36,4535.26
closed,2026-05-26 10:30:00,BUY,4531.36,4535.26
closed_lag,2026-05-26 10:30:00,BUY,4531.36,4533.41
open,2026-05-26 10:31:00,BUY,4531.36,4534.11
closed,2026-05-26 10:31:00,BUY,4531.36,4534.11
closed_lag,2026-05-26 10:31:00,BUY,4531.36,4535.26
open,2026-05-26 10:32:00,BUY,4531.36,4534.22
closed,2026-05-26 10:32:00,BUY,4531.36,4534.22
closed_lag,2026-05-26 10:32:00,BUY,4531.36,4534.11
open,2026-05-26 10:33:00,BUY,4531.36,4535.32
closed,2026-05-26 10:33:00,BUY,4531.36,4535.32
closed_lag,2026-05-26 10:33:00,BUY,4531.36,4534.22
closed_lag,2026-05-26 10:34:00,BUY,4531.36,4535.32
open,2026-05-26 10:37:00,BUY,4531.36,4534.96
closed,2026-05-26 10:37:00,BUY,4531.36,4534.96
open,2026-05-26 10:38:00,BUY,4531.36,4534.42
closed,2026-05-26 10:38:00,BUY,4531.36,4534.42
closed_lag,2026-05-26 10:38:00,BUY,4531.36,4534.96
open,2026-05-26 10:39:00,BUY,4531.36,4534.25
closed,2026-05-26 10:39:00,BUY,4531.36,4534.25
closed_lag,2026-05-26 10:39:00,BUY,4531.36,4534.42
open,2026-05-26 10:40:00,BUY,4531.36,4534.28
closed,2026-05-26 10:40:00,BUY,4531.36,4534.28
closed_lag,2026-05-26 10:40:00,BUY,4531.36,4534.25
open,2026-05-26 10:41:00,BUY,4531.36,4534.18
closed,2026-05-26 10:41:00,BUY,4531.36,4534.18
closed_lag,2026-05-26 10:41:00,BUY,4531.36,4534.28
open,2026-05-26 10:42:00,BUY,4531.36,4532.95
closed,2026-05-26 10:42:00,BUY,4531.36,4532.95
closed_lag,2026-05-26 10:42:00,BUY,4531.36,4534.18
open,2026-05-26 10:43:00,BUY,4531.36,4531.94
closed,2026-05-26 10:43:00,BUY,4531.36,4531.94
closed_lag,2026-05-26 10:43:00,BUY,4531.36,4532.95
open,2026-05-26 10:44:00,BUY,4531.36,4533.43
closed,2026-05-26 10:44:00,BUY,4531.36,4533.43
closed_lag,2026-05-26 10:44:00,BUY,4531.36,4531.94
closed_lag,2026-05-26 10:45:00,BUY,4531.36,4533.43
open,2026-05-26 10:46:00,BUY,4531.36,4534.39
closed,2026-05-26 10:46:00,BUY,4531.36,4534.39
open,2026-05-26 10:47:00,BUY,4531.36,4533.88
closed,2026-05-26 10:47:00,BUY,4531.36,4533.88
closed_lag,2026-05-26 10:47:00,BUY,4531.36,4534.39
open,2026-05-26 10:48:00,BUY,4531.36,4535.56
closed,2026-05-26 10:48:00,BUY,4531.36,4535.56
closed_lag,2026-05-26 10:48:00,BUY,4531.36,4533.88
closed_lag,2026-05-26 10:49:00,BUY,4531.36,4535.56
open,2026-05-26 10:54:00,BUY,4531.36,4534.77
closed,2026-05-26 10:54:00,BUY,4531.36,4534.77
open,2026-05-26 10:55:00,BUY,4531.36,4534.12
closed,2026-05-26 10:55:00,BUY,4531.36,4534.12
closed_lag,2026-05-26 10:55:00,BUY,4531.36,4534.77
open,2026-05-26 10:56:00,BUY,4531.36,4534.24
closed,2026-05-26 10:56:00,BUY,4531.36,4534.24
closed_lag,2026-05-26 10:56:00,BUY,4531.36,4534.12
open,2026-05-26 10:57:00,BUY,4531.36,4534.12
closed,2026-05-26 10:57:00,BUY,4531.36,4534.12
closed_lag,2026-05-26 10:57:00,BUY,4531.36,4534.24
open,2026-05-26 10:58:00,BUY,4531.36,4535.1
closed,2026-05-26 10:58:00,BUY,4531.36,4535.1
closed_lag,2026-05-26 10:58:00,BUY,4531.36,4534.12
open,2026-05-26 10:59:00,BUY,4531.36,4534.46
closed,2026-05-26 10:59:00,BUY,4531.36,4534.46
closed_lag,2026-05-26 10:59:00,BUY,4531.36,4535.1
open,2026-05-26 11:00:00,BUY,4531.36,4534.16
closed,2026-05-26 11:00:00,BUY,4531.36,4534.16
closed_lag,2026-05-26 11:00:00,BUY,4531.36,4534.46
open,2026-05-26 11:01:00,BUY,4531.36,4533.66
closed,2026-05-26 11:01:00,BUY,4531.36,4533.66
closed_lag,2026-05-26 11:01:00,BUY,4531.36,4534.16
open,2026-05-26 11:02:00,BUY,4531.36,4533.7
closed,2026-05-26 11:02:00,BUY,4531.36,4533.7
closed_lag,2026-05-26 11:02:00,BUY,4531.36,4533.66
closed_lag,2026-05-26 11:03:00,BUY,4531.36,4533.7
open,2026-05-26 11:05:00,BUY,4531.36,4535.07
closed,2026-05-26 11:05:00,BUY,4531.36,4535.07
open,2026-05-26 11:06:00,BUY,4531.36,4534.7
closed,2026-05-26 11:06:00,BUY,4531.36,4534.7
closed_lag,2026-05-26 11:06:00,BUY,4531.36,4535.07
open,2026-05-26 11:07:00,BUY,4531.36,4534.7
closed,2026-05-26 11:07:00,BUY,4531.36,4534.7
closed_lag,2026-05-26 11:07:00,BUY,4531.36,4534.7
closed_lag,2026-05-26 11:08:00,BUY,4531.36,4534.7
open,2026-05-26 11:09:00,BUY,4531.36,4535.13
closed,2026-05-26 11:09:00,BUY,4531.36,4535.13
open,2026-05-26 11:10:00,BUY,4531.36,4535.2
closed,2026-05-26 11:10:00,BUY,4531.36,4535.2
closed_lag,2026-05-26 11:10:00,BUY,4531.36,4535.13
open,2026-05-26 11:11:00,BUY,4531.36,4534.2
closed,2026-05-26 11:11:00,BUY,4531.36,4534.2
closed_lag,2026-05-26 11:11:00,BUY,4531.36,4535.2
open,2026-05-26 11:12:00,BUY,4531.36,4533.27
closed,2026-05-26 11:12:00,BUY,4531.36,4533.27
closed_lag,2026-05-26 11:12:00,BUY,4531.36,4534.2
open,2026-05-26 11:13:00,BUY,4531.36,4532.42
closed,2026-05-26 11:13:00,BUY,4531.36,4532.42
closed_lag,2026-05-26 11:13:00,BUY,4531.36,4533.27
open,2026-05-26 11:14:00,BUY,4531.36,4531.74
closed,2026-05-26 11:14:00,BUY,4531.36,4531.74
closed_lag,2026-05-26 11:14:00,BUY,4531.36,4532.42
closed,2026-05-26 11:15:00,BUY,4531.36,4531.73
closed_lag,2026-05-26 11:15:00,BUY,4531.36,4531.74
closed,2026-05-26 11:16:00,BUY,4531.36,4532.58
closed_lag,2026-05-26 11:16:00,BUY,4531.36,4531.73
closed,2026-05-26 11:17:00,BUY,4531.36,4532.02
closed_lag,2026-05-26 11:17:00,BUY,4531.36,4532.58
closed_lag,2026-05-26 11:18:00,BUY,4531.36,4532.02
open,2026-05-26 11:23:00,SELL,4526.97,4526.15
open,2026-05-26 11:24:00,SELL,4526.97,4525.87
open,2026-05-26 11:25:00,SELL,4526.97,4524.88
open,2026-05-26 11:26:00,SELL,4526.97,4524.57
open,2026-05-26 11:27:00,SELL,4526.97,4524.06
open,2026-05-26 11:28:00,SELL,4526.97,4523.71
open,2026-05-26 11:29:00,SELL,4526.97,4523.73
closed,2026-05-26 11:29:00,SELL,4526.97,4523.73
closed_lag,2026-05-26 11:31:00,BUY,4519.46,4520.41
closed_lag,2026-05-26 11:33:00,BUY,4519.46,4521.22
closed_lag,2026-05-26 11:34:00,BUY,4519.46,4522.09
open,2026-05-26 13:02:00,SELL,4526.97,4524.61
closed,2026-05-26 13:02:00,SELL,4526.97,4524.61
closed_lag,2026-05-26 13:03:00,SELL,4526.97,4524.61
open,2026-05-26 13:04:00,SELL,4526.97,4523.69
closed,2026-05-26 13:04:00,SELL,4526.97,4523.69
closed_lag,2026-05-26 13:05:00,SELL,4526.97,4523.69
open,2026-05-26 13:17:00,BUY,4519.46,4520.59
open,2026-05-26 13:19:00,BUY,4519.46,4520.14
open,2026-05-26 13:20:00,BUY,4519.46,4522.15
closed,2026-05-26 13:21:00,SELL,4526.97,4525.1
closed,2026-05-26 13:22:00,SELL,4526.97,4524.61
closed_lag,2026-05-26 13:22:00,SELL,4526.97,4525.1
closed,2026-05-26 13:23:00,SELL,4526.97,4524.73
closed_lag,2026-05-26 13:23:00,SELL,4526.97,4524.61
closed,2026-05-26 13:24:00,SELL,4526.97,4526.23
closed_lag,2026-05-26 13:24:00,SELL,4526.97,4524.73
closed_lag,2026-05-26 13:25:00,SELL,4526.97,4526.23
closed,2026-05-26 13:26:00,SELL,4526.97,4525.56
closed,2026-05-26 13:27:00,SELL,4526.97,4525.85
closed_lag,2026-05-26 13:27:00,SELL,4526.97,4525.56
closed,2026-05-26 13:28:00,SELL,4526.97,4523.6
closed_lag,2026-05-26 13:28:00,SELL,4526.97,4525.85
open,2026-05-26 13:29:00,BUY,4519.46,4522.51
closed,2026-05-26 13:29:00,BUY,4519.46,4522.51
closed_lag,2026-05-26 13:29:00,SELL,4526.97,4523.6
closed_lag,2026-05-26 13:31:00,SELL,4526.97,4525.04
closed_lag,2026-05-26 13:32:00,SELL,4526.97,4525.73
open,2026-05-26 13:33:00,BUY,4519.46,4523.03
closed,2026-05-26 13:33:00,BUY,4519.46,4523.03
closed_lag,2026-05-26 13:33:00,SELL,4526.97,4526.59
open,2026-05-26 13:34:00,BUY,4519.46,4522.55
closed,2026-05-26 13:34:00,BUY,4519.46,4522.55
open,2026-05-26 13:35:00,BUY,4519.46,4522.78
closed,2026-05-26 13:35:00,BUY,4519.46,4522.78
closed_lag,2026-05-26 13:37:00,SELL,4526.97,4524.57
closed_lag,2026-05-26 13:39:00,SELL,4526.97,4526.44
closed_lag,2026-05-26 13:40:00,SELL,4526.97,4524.51
open,2026-05-26 13:48:00,SELL,4526.97,4526.16
open,2026-05-26 13:49:00,SELL,4526.97,4525.96
closed,2026-05-26 13:50:00,BUY,4519.46,4519.91
closed_lag,2026-05-26 13:51:00,BUY,4519.46,4519.91
closed,2026-05-26 13:52:00,BUY,4519.46,4520.51
closed_lag,2026-05-26 13:53:00,BUY,4519.46,4520.51
open,2026-05-26 14:32:00,BUY,4519.46,4520.21
open,2026-05-26 14:35:00,BUY,4519.46,4521.38
open,2026-05-26 14:36:00,BUY,4519.46,4521.07
open,2026-05-26 14:37:00,BUY,4519.46,4522.47
open,2026-05-26 14:39:00,BUY,4519.46,4522.31
open,2026-05-26 14:41:00,BUY,4519.46,4521.28
open,2026-05-26 14:42:00,BUY,4519.46,4520.78
open,2026-05-26 14:43:00,BUY,4519.46,4520.39
open,2026-05-26 14:44:00,BUY,4519.46,4521.57
closed,2026-05-26 14:44:00,BUY,4519.46,4521.57
closed,2026-05-26 14:45:00,BUY,4519.46,4522.07
closed,2026-05-26 14:46:00,BUY,4519.46,4520.92
closed,2026-05-26 14:47:00,BUY,4519.46,4520.06
open,2026-05-27 14:01:00,BUY,4428.68,4432.69
open,2026-05-27 14:02:00,BUY,4428.68,4431.47
open,2026-05-28 07:09:00,SELL,4396.27,4392.24
closed,2026-05-28 07:09:00,SELL,4396.27,4392.24
closed_lag,2026-05-28 07:10:00,SELL,4396.27,4392.24
closed,2026-05-28 07:18:00,SELL,4396.27,4392.11
closed,2026-05-28 07:19:00,SELL,4396.27,4394.47
closed_lag,2026-05-28 07:19:00,SELL,4396.27,4392.11
closed,2026-05-28 07:20:00,SELL,4396.27,4394.69
closed_lag,2026-05-28 07:20:00,SELL,4396.27,4394.47
closed,2026-05-28 07:21:00,SELL,4396.27,4395.18
closed_lag,2026-05-28 07:21:00,SELL,4396.27,4394.69
closed,2026-05-28 07:22:00,SELL,4396.27,4394.68
closed_lag,2026-05-28 07:22:00,SELL,4396.27,4395.18
closed,2026-05-28 07:23:00,SELL,4396.27,4395.4
closed_lag,2026-05-28 07:23:00,SELL,4396.27,4394.68
closed,2026-05-28 07:24:00,SELL,4396.27,4394.45
closed_lag,2026-05-28 07:24:00,SELL,4396.27,4395.4
closed,2026-05-28 07:25:00,SELL,4396.27,4395.23
closed_lag,2026-05-28 07:25:00,SELL,4396.27,4394.45
closed,2026-05-28 07:26:00,SELL,4396.27,4395.24
closed_lag,2026-05-28 07:26:00,SELL,4396.27,4395.23
closed,2026-05-28 07:27:00,SELL,4396.27,4394.78
closed_lag,2026-05-28 07:27:00,SELL,4396.27,4395.24
closed,2026-05-28 07:28:00,SELL,4396.27,4394.37
closed_lag,2026-05-28 07:28:00,SELL,4396.27,4394.78
closed_lag,2026-05-28 07:29:00,SELL,4396.27,4394.37
open,2026-05-28 07:30:00,SELL,4396.27,4393.14
closed_lag,2026-05-28 07:30:00,SELL,4396.27,4392.74
open,2026-05-28 07:31:00,SELL,4396.27,4391.53
closed_lag,2026-05-28 07:31:00,SELL,4396.27,4393.14
open,2026-05-28 07:32:00,SELL,4396.27,4391.28
closed_lag,2026-05-28 07:32:00,SELL,4396.27,4391.53
closed_lag,2026-05-28 07:33:00,SELL,4396.27,4391.28
open,2026-05-28 07:35:00,SELL,4396.27,4392.6
closed_lag,2026-05-28 07:36:00,SELL,4396.27,4392.6
closed,2026-05-28 08:00:00,SELL,4396.27,4391.14
closed,2026-05-28 08:01:00,SELL,4396.27,4392.59
closed_lag,2026-05-28 08:01:00,SELL,4396.27,4391.14
closed_lag,2026-05-28 08:02:00,SELL,4396.27,4392.59
closed,2026-05-28 08:07:00,SELL,4396.27,4392.38
closed,2026-05-28 08:08:00,SELL,4396.27,4391.34
closed_lag,2026-05-28 08:08:00,SELL,4396.27,4392.38
closed,2026-05-28 08:09:00,SELL,4396.27,4393.78
closed_lag,2026-05-28 08:09:00,SELL,4396.27,4391.34
closed,2026-05-28 08:10:00,SELL,4396.27,4393.85
closed_lag,2026-05-28 08:10:00,SELL,4396.27,4393.78
closed,2026-05-28 08:11:00,SELL,4396.27,4393.44
closed_lag,2026-05-28 08:11:00,SELL,4396.27,4393.85
closed,2026-05-28 08:12:00,SELL,4396.27,4393.34
closed_lag,2026-05-28 08:12:00,SELL,4396.27,4393.44
closed,2026-05-28 08:13:00,SELL,4396.27,4392.4
closed_lag,2026-05-28 08:13:00,SELL,4396.27,4393.34
closed_lag,2026-05-28 08:14:00,SELL,4396.27,4392.4
open,2026-05-28 08:15:00,SELL,4396.27,4394.45
closed_lag,2026-05-28 08:15:00,SELL,4396.27,4393.53
open,2026-05-28 08:16:00,SELL,4396.27,4393.94
closed_lag,2026-05-28 08:16:00,SELL,4396.27,4394.45
open,2026-05-28 08:17:00,SELL,4396.27,4393.08
closed_lag,2026-05-28 08:17:00,SELL,4396.27,4393.94
open,2026-05-28 08:18:00,SELL,4396.27,4391.58
closed_lag,2026-05-28 08:18:00,SELL,4396.27,4393.08
open,2026-05-28 08:19:00,SELL,4396.27,4391.81
closed_lag,2026-05-28 08:19:00,SELL,4396.27,4391.58
open,2026-05-28 08:20:00,SELL,4396.27,4391.98
closed_lag,2026-05-28 08:20:00,SELL,4396.27,4391.81
open,2026-05-28 08:21:00,SELL,4396.27,4392.56
closed_lag,2026-05-28 08:21:00,SELL,4396.27,4391.98
open,2026-05-28 08:22:00,SELL,4396.27,4392.45
closed_lag,2026-05-28 08:22:00,SELL,4396.27,4392.56
open,2026-05-28 08:23:00,SELL,4396.27,4394.23
closed_lag,2026-05-28 08:23:00,SELL,4396.27,4392.45
open,2026-05-28 08:24:00,SELL,4396.27,4392.65
closed_lag,2026-05-28 08:24:00,SELL,4396.27,4394.23
closed_lag,2026-05-28 08:25:00,SELL,4396.27,4392.65
open,2026-05-28 08:26:00,SELL,4396.27,4391.42
closed_lag,2026-05-28 08:27:00,SELL,4396.27,4391.42
open,2026-05-28 08:34:00,SELL,4396.27,4391.92
closed,2026-05-28 08:34:00,SELL,4396.27,4391.92
open,2026-05-28 08:35:00,SELL,4396.27,4392.11
closed,2026-05-28 08:35:00,SELL,4396.27,4392.11
open,2026-05-28 08:36:00,SELL,4396.27,4393.75
closed,2026-05-28 08:36:00,SELL,4396.27,4393.75
open,2026-05-28 08:37:00,SELL,4396.27,4393.4
closed,2026-05-28 08:37:00,SELL,4396.27,4393.4
open,2026-05-28 08:38:00,SELL,4396.27,4392.94
closed,2026-05-28 08:38:00,SELL,4396.27,4392.94
open,2026-05-28 08:39:00,SELL,4396.27,4391.97
closed,2026-05-28 08:39:00,SELL,4396.27,4391.97
open,2026-05-28 08:40:00,SELL,4396.27,4392.96
closed,2026-05-28 08:40:00,SELL,4396.27,4392.96
open,2026-05-28 08:41:00,SELL,4396.27,4392.69
closed,2026-05-28 08:41:00,SELL,4396.27,4392.69
open,2026-05-28 08:51:00,SELL,4396.27,4391.12
closed,2026-05-28 08:51:00,SELL,4396.27,4391.12
closed_lag,2026-05-28 08:52:00,SELL,4396.27,4391.12
closed,2026-05-28 09:20:00,SELL,4396.27,4391.7
closed_lag,2026-05-28 09:21:00,SELL,4396.27,4391.7
closed,2026-05-28 09:23:00,SELL,4396.27,4395.16
closed,2026-05-28 09:24:00,SELL,4396.27,4395.39
closed_lag,2026-05-28 09:24:00,SELL,4396.27,4395.16
closed,2026-05-28 09:25:00,SELL,4396.27,4395.78
closed_lag,2026-05-28 09:25:00,SELL,4396.27,4395.39
closed,2026-05-28 09:26:00,SELL,4396.27,4394.74
closed_lag,2026-05-28 09:26:00,SELL,4396.27,4395.78
closed,2026-05-28 09:27:00,SELL,4396.27,4395.77
closed_lag,2026-05-28 09:27:00,SELL,4396.27,4394.74
closed_lag,2026-05-28 09:28:00,SELL,4396.27,4395.77
closed_lag,2026-05-28 09:31:00,SELL,4396.27,4393.52
closed_lag,2026-05-28 09:32:00,SELL,4396.27,4393.12
closed_lag,2026-05-28 09:33:00,SELL,4396.27,4394.01
closed_lag,2026-05-28 09:34:00,SELL,4396.27,4392.81
closed_lag,2026-05-28 09:35:00,SELL,4396.27,4393.02
closed_lag,2026-05-28 09:36:00,SELL,4396.27,4392.48
closed_lag,2026-05-28 09:37:00,SELL,4396.27,4393.56
closed_lag,2026-05-28 09:38:00,SELL,4396.27,4395.17
closed_lag,2026-05-28 09:39:00,SELL,4396.27,4393.83
closed_lag,2026-05-28 09:40:00,SELL,4396.27,4392.45
closed_lag,2026-05-28 09:41:00,SELL,4396.27,4392.85
closed_lag,2026-05-28 09:42:00,SELL,4396.27,4392.76
closed_lag,2026-05-28 09:43:00,SELL,4396.27,4391.95
open,2026-05-28 10:41:00,SELL,4396.27,4395.01
open,2026-05-28 10:42:00,SELL,4396.27,4391.8
open,2026-05-28 10:43:00,SELL,4396.27,4392.8
open,2026-05-28 12:15:00,SELL,4393.26,4391.43
open,2026-05-28 12:16:00,SELL,4393.26,4391.27
open,2026-05-28 12:17:00,SELL,4393.26,4390.17
closed,2026-05-28 12:31:00,SELL,4393.26,4391.13
closed,2026-05-28 12:32:00,SELL,4393.26,4392.3
closed,2026-05-28 12:33:00,SELL,4393.26,4392.89
open,2026-05-29 07:15:00,BUY,4510.34,4515.01
closed,2026-05-29 07:15:00,BUY,4510.34,4515.01
closed_lag,2026-05-29 07:16:00,BUY,4510.34,4515.01
open,2026-05-29 07:18:00,BUY,4510.34,4515.01
closed,2026-05-29 07:18:00,BUY,4510.34,4515.01
closed_lag,2026-05-29 07:19:00,BUY,4510.34,4515.01
open,2026-05-29 07:20:00,BUY,4510.34,4514.81
closed,2026-05-29 07:20:00,BUY,4510.34,4514.81
open,2026-05-29 07:21:00,BUY,4510.34,4514.8
closed,2026-05-29 07:21:00,BUY,4510.34,4514.8
closed_lag,2026-05-29 07:21:00,BUY,4510.34,4514.81
open,2026-05-29 07:22:00,BUY,4510.34,4513.33
closed,2026-05-29 07:22:00,BUY,4510.34,4513.33
closed_lag,2026-05-29 07:22:00,BUY,4510.34,4514.8
open,2026-05-29 07:23:00,BUY,4510.34,4514.62
closed,2026-05-29 07:23:00,BUY,4510.34,4514.62
closed_lag,2026-05-29 07:23:00,BUY,4510.34,4513.33
open,2026-05-29 07:24:00,BUY,4510.34,4511.99
closed,2026-05-29 07:24:00,BUY,4510.34,4511.99
closed_lag,2026-05-29 07:24:00,BUY,4510.34,4514.62
open,2026-05-29 07:25:00,BUY,4510.34,4512.02
closed,2026-05-29 07:25:00,BUY,4510.34,4512.02
closed_lag,2026-05-29 07:25:00,BUY,4510.34,4511.99
open,2026-05-29 07:26:00,BUY,4510.34,4511.99
closed,2026-05-29 07:26:00,BUY,4510.34,4511.99
closed_lag,2026-05-29 07:26:00,BUY,4510.34,4512.02
open,2026-05-29 07:27:00,BUY,4510.34,4511.5
closed,2026-05-29 07:27:00,BUY,4510.34,4511.5
closed_lag,2026-05-29 07:27:00,BUY,4510.34,4511.99
open,2026-05-29 07:28:00,BUY,4510.34,4511.55
closed,2026-05-29 07:28:00,BUY,4510.34,4511.55
closed_lag,2026-05-29 07:28:00,BUY,4510.34,4511.5
open,2026-05-29 07:29:00,BUY,4510.34,4514.18
closed,2026-05-29 07:29:00,BUY,4510.34,4514.18
closed_lag,2026-05-29 07:29:00,BUY,4510.34,4511.55
open,2026-05-29 07:30:00,BUY,4510.34,4513.84
closed,2026-05-29 07:30:00,BUY,4510.34,4513.84
closed_lag,2026-05-29 07:30:00,BUY,4510.34,4514.18
open,2026-05-29 07:31:00,BUY,4510.34,4514.91
closed,2026-05-29 07:31:00,BUY,4510.34,4514.91
closed_lag,2026-05-29 07:31:00,BUY,4510.34,4513.84
closed_lag,2026-05-29 07:32:00,BUY,4510.34,4514.91
open,2026-05-29 08:50:00,BUY,4507.82,4510.1
closed,2026-05-29 08:50:00,BUY,4507.82,4510.1
closed_lag,2026-05-29 08:51:00,BUY,4507.82,4510.1
open,2026-05-29 11:50:00,BUY,4529.0,4531.78
open,2026-05-29 11:51:00,BUY,4529.0,4533.11
open,2026-05-29 11:54:00,BUY,4529.0,4534.06
closed,2026-05-29 11:54:00,BUY,4529.0,4534.06
closed,2026-05-29 12:01:00,BUY,4529.0,4530.51
closed,2026-05-29 12:02:00,BUY,4529.0,4531.65
closed_lag,2026-05-29 12:02:00,BUY,4529.0,4530.51
closed_lag,2026-05-29 12:03:00,BUY,4529.0,4531.65
closed_lag,2026-05-29 12:05:00,BUY,4529.0,4529.53
closed_lag,2026-05-29 12:07:00,BUY,4529.0,4529.4
open,2026-05-29 12:23:00,SELL,4525.86,4524.81
open,2026-05-29 12:24:00,SELL,4525.86,4523.72
closed,2026-05-29 13:21:00,SELL,4532.3,4528.44
closed,2026-05-29 13:22:00,SELL,4532.3,4528.0
closed_lag,2026-05-29 13:22:00,SELL,4532.3,4528.44
closed_lag,2026-05-29 13:23:00,SELL,4532.3,4528.0
closed_lag,2026-05-29 13:30:00,SELL,4532.3,4528.25
closed_lag,2026-05-29 13:31:00,SELL,4532.3,4529.68
closed_lag,2026-05-29 13:32:00,SELL,4532.3,4530.53
closed_lag,2026-05-29 13:33:00,SELL,4532.3,4528.56
closed_lag,2026-05-29 13:34:00,SELL,4532.3,4528.81
closed_lag,2026-05-29 13:40:00,SELL,4532.3,4531.52
closed_lag,2026-05-29 13:43:00,SELL,4532.3,4531.82
open,2026-05-29 14:50:00,BUY,4536.38,4540.55
open,2026-06-01 10:30:00,BUY,4500.61,4503.8
open,2026-06-01 10:31:00,BUY,4500.61,4503.52
open,2026-06-01 10:32:00,BUY,4500.61,4504.51
open,2026-06-01 10:33:00,BUY,4500.61,4504.8
open,2026-06-01 10:34:00,BUY,4500.61,4504.97
open,2026-06-01 10:38:00,BUY,4500.61,4504.19
open,2026-06-01 10:39:00,BUY,4500.61,4503.18
open,2026-06-01 10:40:00,BUY,4500.61,4504.84
closed,2026-06-01 10:57:00,BUY,4500.61,4504.31
closed,2026-06-01 10:58:00,BUY,4500.61,4503.74
closed_lag,2026-06-01 10:59:00,BUY,4500.61,4503.74
open,2026-06-01 11:00:00,BUY,4500.61,4504.57
closed_lag,2026-06-01 11:00:00,BUY,4500.61,4504.12
open,2026-06-01 11:01:00,BUY,4500.61,4504.24
closed_lag,2026-06-01 11:01:00,BUY,4500.61,4504.57
open,2026-06-01 11:02:00,BUY,4500.61,4502.65
closed_lag,2026-06-01 11:02:00,BUY,4500.61,4504.24
open,2026-06-01 11:03:00,BUY,4500.61,4501.14
closed_lag,2026-06-01 11:03:00,BUY,4500.61,4502.65
closed_lag,2026-06-01 11:04:00,BUY,4500.61,4501.14
open,2026-06-01 11:05:00,BUY,4500.61,4501.78
open,2026-06-01 11:06:00,BUY,4500.61,4501.22
closed_lag,2026-06-01 11:06:00,BUY,4500.61,4501.78
open,2026-06-01 11:07:00,BUY,4500.61,4502.28
closed_lag,2026-06-01 11:07:00,BUY,4500.61,4501.22
open,2026-06-01 11:08:00,BUY,4500.61,4503.65
closed_lag,2026-06-01 11:08:00,BUY,4500.61,4502.28
closed_lag,2026-06-01 11:09:00,BUY,4500.61,4503.65
open,2026-06-01 11:11:00,BUY,4500.61,4504.19
open,2026-06-01 11:12:00,BUY,4500.61,4504.66
closed_lag,2026-06-01 11:12:00,BUY,4500.61,4504.19
open,2026-06-01 11:13:00,BUY,4500.61,4503.74
closed_lag,2026-06-01 11:13:00,BUY,4500.61,4504.66
open,2026-06-01 11:14:00,BUY,4500.61,4504.91
closed,2026-06-01 11:14:00,BUY,4500.61,4504.91
open,2026-06-01 11:15:00,BUY,4500.61,4504.93
closed,2026-06-01 11:15:00,BUY,4500.61,4504.93
open,2026-06-01 11:16:00,BUY,4500.61,4504.29
closed,2026-06-01 11:16:00,BUY,4500.61,4504.29
open,2026-06-01 11:58:00,BUY,4503.02,4505.68
closed,2026-06-01 11:58:00,BUY,4503.02,4505.68
closed_lag,2026-06-01 11:59:00,BUY,4503.02,4505.68
closed,2026-06-01 12:01:00,BUY,4503.02,4505.2
closed,2026-06-01 12:02:00,BUY,4503.02,4504.05
closed_lag,2026-06-01 12:02:00,BUY,4503.02,4505.2
closed_lag,2026-06-01 12:03:00,BUY,4503.02,4504.05
closed,2026-06-01 12:13:00,BUY,4503.02,4504.75
closed_lag,2026-06-01 12:14:00,BUY,4503.02,4504.75
open,2026-06-01 12:15:00,BUY,4503.02,4504.3
closed_lag,2026-06-01 12:15:00,BUY,4503.02,4503.49
open,2026-06-01 12:16:00,BUY,4503.02,4505.0
closed_lag,2026-06-01 12:16:00,BUY,4503.02,4504.3
open,2026-06-01 12:17:00,BUY,4503.02,4504.86
closed_lag,2026-06-01 12:17:00,BUY,4503.02,4505.0
closed_lag,2026-06-01 12:18:00,BUY,4503.02,4504.86
open,2026-06-01 12:19:00,BUY,4503.02,4503.49
closed_lag,2026-06-01 12:20:00,BUY,4503.02,4503.49
open,2026-06-01 12:25:00,BUY,4503.02,4504.9
closed_lag,2026-06-01 12:26:00,BUY,4503.02,4504.9
open,2026-06-01 12:29:00,BUY,4503.02,4505.68
closed,2026-06-01 12:29:00,BUY,4503.02,4505.68
open,2026-06-01 12:39:00,BUY,4503.02,4503.44
closed,2026-06-01 12:39:00,BUY,4503.02,4503.44
closed,2026-06-01 12:55:00,BUY,4503.02,4503.94
closed_lag,2026-06-01 12:56:00,BUY,4503.02,4503.94
closed_lag,2026-06-01 13:01:00,BUY,4503.02,4503.35
closed_lag,2026-06-01 13:11:00,BUY,4492.97,4494.69
open,2026-06-02 08:28:00,BUY,4527.78,4531.68
closed,2026-06-02 08:28:00,BUY,4527.78,4531.68
open,2026-06-02 08:29:00,BUY,4527.78,4531.22
closed,2026-06-02 08:29:00,BUY,4527.78,4531.22
closed_lag,2026-06-02 08:29:00,BUY,4527.78,4531.68
open,2026-06-02 08:30:00,BUY,4527.78,4530.99
closed,2026-06-02 08:30:00,BUY,4527.78,4530.99
closed_lag,2026-06-02 08:30:00,BUY,4527.78,4531.22
closed_lag,2026-06-02 08:31:00,BUY,4527.78,4530.99
open,2026-06-02 08:34:00,BUY,4527.78,4532.1
closed,2026-06-02 08:34:00,BUY,4527.78,4532.1
open,2026-06-02 08:35:00,BUY,4527.78,4532.0
closed,2026-06-02 08:35:00,BUY,4527.78,4532.0
closed_lag,2026-06-02 08:35:00,BUY,4527.78,4532.1
closed_lag,2026-06-02 08:36:00,BUY,4527.78,4532.0
open,2026-06-02 08:37:00,BUY,4527.78,4531.17
closed,2026-06-02 08:37:00,BUY,4527.78,4531.17
open,2026-06-02 08:38:00,BUY,4527.78,4529.71
closed,2026-06-02 08:38:00,BUY,4527.78,4529.71
closed_lag,2026-06-02 08:38:00,BUY,4527.78,4531.17
open,2026-06-02 08:39:00,BUY,4527.78,4530.4
closed,2026-06-02 08:39:00,BUY,4527.78,4530.4
closed_lag,2026-06-02 08:39:00,BUY,4527.78,4529.71
open,2026-06-02 08:40:00,BUY,4527.78,4530.72
closed,2026-06-02 08:40:00,BUY,4527.78,4530.72
closed_lag,2026-06-02 08:40:00,BUY,4527.78,4530.4
open,2026-06-02 08:41:00,BUY,4527.78,4529.41
closed,2026-06-02 08:41:00,BUY,4527.78,4529.41
closed_lag,2026-06-02 08:41:00,BUY,4527.78,4530.72
open,2026-06-02 08:42:00,BUY,4527.78,4529.84
closed,2026-06-02 08:42:00,BUY,4527.78,4529.84
closed_lag,2026-06-02 08:42:00,BUY,4527.78,4529.41
open,2026-06-02 08:43:00,BUY,4527.78,4529.27
closed,2026-06-02 08:43:00,BUY,4527.78,4529.27
closed_lag,2026-06-02 08:43:00,BUY,4527.78,4529.84
open,2026-06-02 08:44:00,BUY,4527.78,4528.91
closed,2026-06-02 08:44:00,BUY,4527.78,4528.91
closed_lag,2026-06-02 08:44:00,BUY,4527.78,4529.27
open,2026-06-02 08:45:00,BUY,4527.78,4530.02
closed,2026-06-02 08:45:00,BUY,4527.78,4530.02
closed_lag,2026-06-02 08:45:00,BUY,4527.78,4528.91
open,2026-06-02 08:46:00,BUY,4527.78,4529.94
closed,2026-06-02 08:46:00,BUY,4527.78,4529.94
closed_lag,2026-06-02 08:46:00,BUY,4527.78,4530.02
open,2026-06-02 08:47:00,BUY,4527.78,4529.52
closed,2026-06-02 08:47:00,BUY,4527.78,4529.52
closed_lag,2026-06-02 08:47:00,BUY,4527.78,4529.94
closed_lag,2026-06-02 08:48:00,BUY,4527.78,4529.52
open,2026-06-02 08:49:00,BUY,4527.78,4529.66
closed,2026-06-02 08:49:00,BUY,4527.78,4529.66
open,2026-06-02 08:50:00,BUY,4527.78,4529.27
closed,2026-06-02 08:50:00,BUY,4527.78,4529.27
closed_lag,2026-06-02 08:50:00,BUY,4527.78,4529.66
open,2026-06-02 08:51:00,BUY,4527.78,4528.19
closed,2026-06-02 08:51:00,BUY,4527.78,4528.19
closed_lag,2026-06-02 08:51:00,BUY,4527.78,4529.27
open,2026-06-02 08:52:00,BUY,4527.78,4528.45
closed,2026-06-02 08:52:00,BUY,4527.78,4528.45
closed_lag,2026-06-02 08:52:00,BUY,4527.78,4528.19
open,2026-06-02 08:53:00,BUY,4527.78,4529.07
closed,2026-06-02 08:53:00,BUY,4527.78,4529.07
closed_lag,2026-06-02 08:53:00,BUY,4527.78,4528.45
closed_lag,2026-06-02 08:54:00,BUY,4527.78,4529.07
open,2026-06-02 09:05:00,BUY,4527.78,4528.59
closed,2026-06-02 09:05:00,BUY,4527.78,4528.59
open,2026-06-02 09:06:00,BUY,4527.78,4529.77
closed,2026-06-02 09:06:00,BUY,4527.78,4529.77
closed_lag,2026-06-02 09:06:00,BUY,4527.78,4528.59
open,2026-06-02 09:07:00,BUY,4527.78,4530.32
closed,2026-06-02 09:07:00,BUY,4527.78,4530.32
closed_lag,2026-06-02 09:07:00,BUY,4527.78,4529.77
open,2026-06-02 09:08:00,BUY,4527.78,4529.3
closed,2026-06-02 09:08:00,BUY,4527.78,4529.3
closed_lag,2026-06-02 09:08:00,BUY,4527.78,4530.32
open,2026-06-02 09:09:00,BUY,4527.78,4529.1
closed,2026-06-02 09:09:00,BUY,4527.78,4529.1
closed_lag,2026-06-02 09:09:00,BUY,4527.78,4529.3
open,2026-06-02 09:10:00,BUY,4527.78,4530.2
closed,2026-06-02 09:10:00,BUY,4527.78,4530.2
closed_lag,2026-06-02 09:10:00,BUY,4527.78,4529.1
open,2026-06-02 09:11:00,BUY,4527.78,4531.26
closed,2026-06-02 09:11:00,BUY,4527.78,4531.26
closed_lag,2026-06-02 09:11:00,BUY,4527.78,4530.2
closed_lag,2026-06-02 09:12:00,BUY,4527.78,4531.26
open,2026-06-02 09:21:00,BUY,4527.78,4530.78
closed,2026-06-02 09:21:00,BUY,4527.78,4530.78
open,2026-06-02 09:22:00,BUY,4527.78,4529.26
closed,2026-06-02 09:22:00,BUY,4527.78,4529.26
closed_lag,2026-06-02 09:22:00,BUY,4527.78,4530.78
open,2026-06-02 09:23:00,BUY,4527.78,4528.91
closed,2026-06-02 09:23:00,BUY,4527.78,4528.91
closed_lag,2026-06-02 09:23:00,BUY,4527.78,4529.26
open,2026-06-02 09:24:00,BUY,4527.78,4529.31
closed,2026-06-02 09:24:00,BUY,4527.78,4529.31
closed_lag,2026-06-02 09:24:00,BUY,4527.78,4528.91
open,2026-06-02 09:25:00,BUY,4527.78,4529.48
closed,2026-06-02 09:25:00,BUY,4527.78,4529.48
closed_lag,2026-06-02 09:25:00,BUY,4527.78,4529.31
open,2026-06-02 09:26:00,BUY,4527.78,4529.43
closed,2026-06-02 09:26:00,BUY,4527.78,4529.43
closed_lag,2026-06-02 09:26:00,BUY,4527.78,4529.48
open,2026-06-02 09:27:00,BUY,4527.78,4528.48
closed,2026-06-02 09:27:00,BUY,4527.78,4528.48
closed_lag,2026-06-02 09:27:00,BUY,4527.78,4529.43
closed_lag,2026-06-02 09:28:00,BUY,4527.78,4528.48
open,2026-06-02 09:51:00,BUY,4527.78,4530.02
closed,2026-06-02 09:51:00,BUY,4527.78,4530.02
open,2026-06-02 09:52:00,BUY,4527.78,4530.72
closed,2026-06-02 09:52:00,BUY,4527.78,4530.72
closed_lag,2026-06-02 09:52:00,BUY,4527.78,4530.02
open,2026-06-02 09:53:00,BUY,4527.78,4530.7
closed,2026-06-02 09:53:00,BUY,4527.78,4530.7
closed_lag,2026-06-02 09:53:00,BUY,4527.78,4530.72
open,2026-06-02 09:54:00,BUY,4527.78,4530.67
closed,2026-06-02 09:54:00,BUY,4527.78,4530.67
closed_lag,2026-06-02 09:54:00,BUY,4527.78,4530.7
open,2026-06-02 09:55:00,BUY,4527.78,4530.64
closed,2026-06-02 09:55:00,BUY,4527.78,4530.64
closed_lag,2026-06-02 09:55:00,BUY,4527.78,4530.67
open,2026-06-02 09:56:00,BUY,4527.78,4530.53
closed,2026-06-02 09:56:00,BUY,4527.78,4530.53
closed_lag,2026-06-02 09:56:00,BUY,4527.78,4530.64
open,2026-06-02 09:57:00,BUY,4527.78,4530.59
closed,2026-06-02 09:57:00,BUY,4527.78,4530.59
closed_lag,2026-06-02 09:57:00,BUY,4527.78,4530.53
open,2026-06-02 09:58:00,BUY,4527.78,4528.31
closed,2026-06-02 09:58:00,BUY,4527.78,4528.31
closed_lag,2026-06-02 09:58:00,BUY,4527.78,4530.59
open,2026-06-02 09:59:00,BUY,4527.78,4529.95
closed,2026-06-02 09:59:00,BUY,4527.78,4529.95
closed_lag,2026-06-02 09:59:00,BUY,4527.78,4528.31
open,2026-06-02 10:00:00,BUY,4527.78,4530.15
closed,2026-06-02 10:00:00,BUY,4527.78,4530.15
closed_lag,2026-06-02 10:00:00,BUY,4527.78,4529.95
open,2026-06-02 10:01:00,BUY,4527.78,4530.09
closed,2026-06-02 10:01:00,BUY,4527.78,4530.09
closed_lag,2026-06-02 10:01:00,BUY,4527.78,4530.15
open,2026-06-02 10:02:00,BUY,4527.78,4528.48
closed,2026-06-02 10:02:00,BUY,4527.78,4528.48
closed_lag,2026-06-02 10:02:00,BUY,4527.78,4530.09
open,2026-06-02 10:03:00,BUY,4527.78,4528.36
closed,2026-06-02 10:03:00,BUY,4527.78,4528.36
closed_lag,2026-06-02 10:03:00,BUY,4527.78,4528.48
open,2026-06-02 10:04:00,BUY,4527.78,4528.35
closed,2026-06-02 10:04:00,BUY,4527.78,4528.35
closed_lag,2026-06-02 10:04:00,BUY,4527.78,4528.36
open,2026-06-02 10:05:00,BUY,4527.78,4529.36
closed,2026-06-02 10:05:00,BUY,4527.78,4529.36
closed_lag,2026-06-02 10:05:00,BUY,4527.78,4528.35
open,2026-06-02 10:06:00,BUY,4527.78,4529.45
closed,2026-06-02 10:06:00,BUY,4527.78,4529.45
closed_lag,2026-06-02 10:06:00,BUY,4527.78,4529.36
open,2026-06-02 10:07:00,BUY,4527.78,4530.1
closed,2026-06-02 10:07:00,BUY,4527.78,4530.1
closed_lag,2026-06-02 10:07:00,BUY,4527.78,4529.45
open,2026-06-02 10:08:00,BUY,4527.78,4529.3
closed,2026-06-02 10:08:00,BUY,4527.78,4529.3
closed_lag,2026-06-02 10:08:00,BUY,4527.78,4530.1
open,2026-06-02 10:09:00,BUY,4527.78,4529.52
closed,2026-06-02 10:09:00,BUY,4527.78,4529.52
closed_lag,2026-06-02 10:09:00,BUY,4527.78,4529.3
open,2026-06-02 10:10:00,BUY,4527.78,4531.44
closed,2026-06-02 10:10:00,BUY,4527.78,4531.44
closed_lag,2026-06-02 10:10:00,BUY,4527.78,4529.52
open,2026-06-02 10:11:00,BUY,4527.78,4531.53
closed,2026-06-02 10:11:00,BUY,4527.78,4531.53
closed_lag,2026-06-02 10:11:00,BUY,4527.78,4531.44
open,2026-06-02 10:12:00,BUY,4527.78,4529.48
closed,2026-06-02 10:12:00,BUY,4527.78,4529.48
closed_lag,2026-06-02 10:12:00,BUY,4527.78,4531.53
open,2026-06-02 10:13:00,BUY,4527.78,4528.81
closed,2026-06-02 10:13:00,BUY,4527.78,4528.81
closed_lag,2026-06-02 10:13:00,BUY,4527.78,4529.48
open,2026-06-02 10:14:00,BUY,4527.78,4528.88
closed,2026-06-02 10:14:00,BUY,4527.78,4528.88
closed_lag,2026-06-02 10:14:00,BUY,4527.78,4528.81
open,2026-06-02 10:15:00,BUY,4527.78,4528.56
closed,2026-06-02 10:15:00,BUY,4527.78,4528.56
closed_lag,2026-06-02 10:15:00,BUY,4527.78,4528.88
open,2026-06-02 10:16:00,BUY,4527.78,4528.27
closed,2026-06-02 10:16:00,BUY,4527.78,4528.27
closed_lag,2026-06-02 10:16:00,BUY,4527.78,4528.56
open,2026-06-02 10:17:00,BUY,4527.78,4528.78
closed,2026-06-02 10:17:00,BUY,4527.78,4528.78
closed_lag,2026-06-02 10:17:00,BUY,4527.78,4528.27
open,2026-06-02 10:18:00,BUY,4527.78,4528.46
closed,2026-06-02 10:18:00,BUY,4527.78,4528.46
closed_lag,2026-06-02 10:18:00,BUY,4527.78,4528.78
open,2026-06-02 10:19:00,BUY,4527.78,4529.02
closed,2026-06-02 10:19:00,BUY,4527.78,4529.02
closed_lag,2026-06-02 10:19:00,BUY,4527.78,4528.46
closed,2026-06-02 10:20:00,BUY,4527.78,4528.4
closed_lag,2026-06-02 10:20:00,BUY,4527.78,4529.02
closed_lag,2026-06-02 10:21:00,BUY,4527.78,4528.4
open,2026-06-02 10:34:00,BUY,4527.78,4528.14
closed,2026-06-02 10:34:00,BUY,4527.78,4528.14
closed_lag,2026-06-02 10:35:00,BUY,4527.78,4528.14
open,2026-06-02 10:45:00,BUY,4527.78,4530.07
closed,2026-06-02 10:45:00,BUY,4527.78,4530.07
open,2026-06-02 10:46:00,BUY,4527.78,4530.57
closed,2026-06-02 10:46:00,BUY,4527.78,4530.57
closed_lag,2026-06-02 10:46:00,BUY,4527.78,4530.07
open,2026-06-02 10:47:00,BUY,4527.78,4531.02
closed,2026-06-02 10:47:00,BUY,4527.78,4531.02
closed_lag,2026-06-02 10:47:00,BUY,4527.78,4530.57
open,2026-06-02 10:48:00,BUY,4527.78,4530.57
closed,2026-06-02 10:48:00,BUY,4527.78,4530.57
closed_lag,2026-06-02 10:48:00,BUY,4527.78,4531.02
open,2026-06-02 10:49:00,BUY,4527.78,4530.69
closed,2026-06-02 10:49:00,BUY,4527.78,4530.69
closed_lag,2026-06-02 10:49:00,BUY,4527.78,4530.57
open,2026-06-02 10:50:00,BUY,4527.78,4530.95
closed,2026-06-02 10:50:00,BUY,4527.78,4530.95
closed_lag,2026-06-02 10:50:00,BUY,4527.78,4530.69
open,2026-06-02 10:51:00,BUY,4527.78,4531.23
closed,2026-06-02 10:51:00,BUY,4527.78,4531.23
closed_lag,2026-06-02 10:51:00,BUY,4527.78,4530.95
closed_lag,2026-06-02 10:52:00,BUY,4527.78,4531.23
open,2026-06-02 10:53:00,BUY,4527.78,4530.89
closed,2026-06-02 10:53:00,BUY,4527.78,4530.89
closed_lag,2026-06-02 10:54:00,BUY,4527.78,4530.89
open,2026-06-02 10:55:00,BUY,4527.78,4531.53
closed,2026-06-02 10:55:00,BUY,4527.78,4531.53
closed_lag,2026-06-02 10:56:00,BUY,4527.78,4531.53
open,2026-06-02 11:04:00,BUY,4527.78,4531.34
closed,2026-06-02 11:04:00,BUY,4527.78,4531.34
open,2026-06-02 11:05:00,BUY,4527.78,4530.3
closed,2026-06-02 11:05:00,BUY,4527.78,4530.3
closed_lag,2026-06-02 11:05:00,BUY,4527.78,4531.34
open,2026-06-02 11:06:00,BUY,4527.78,4530.59
closed,2026-06-02 11:06:00,BUY,4527.78,4530.59
closed_lag,2026-06-02 11:06:00,BUY,4527.78,4530.3
open,2026-06-02 11:07:00,BUY,4527.78,4530.72
closed,2026-06-02 11:07:00,BUY,4527.78,4530.72
closed_lag,2026-06-02 11:07:00,BUY,4527.78,4530.59
open,2026-06-02 11:08:00,BUY,4527.78,4530.13
closed,2026-06-02 11:08:00,BUY,4527.78,4530.13
closed_lag,2026-06-02 11:08:00,BUY,4527.78,4530.72
open,2026-06-02 11:09:00,BUY,4527.78,4529.94
closed,2026-06-02 11:09:00,BUY,4527.78,4529.94
closed_lag,2026-06-02 11:09:00,BUY,4527.78,4530.13
open,2026-06-02 11:10:00,BUY,4527.78,4529.94
closed,2026-06-02 11:10:00,BUY,4527.78,4529.94
closed_lag,2026-06-02 11:10:00,BUY,4527.78,4529.94
open,2026-06-02 11:11:00,BUY,4527.78,4530.35
closed,2026-06-02 11:11:00,BUY,4527.78,4530.35
closed_lag,2026-06-02 11:11:00,BUY,4527.78,4529.94
open,2026-06-02 11:12:00,BUY,4527.78,4529.84
closed,2026-06-02 11:12:00,BUY,4527.78,4529.84
closed_lag,2026-06-02 11:12:00,BUY,4527.78,4530.35
closed_lag,2026-06-02 11:13:00,BUY,4527.78,4529.84
open,2026-06-02 11:20:00,BUY,4524.4,4528.28
open,2026-06-02 11:21:00,BUY,4524.4,4528.32
open,2026-06-02 11:22:00,BUY,4524.4,4528.43
open,2026-06-02 11:23:00,BUY,4524.4,4527.94
open,2026-06-02 11:24:00,BUY,4524.4,4528.67
closed,2026-06-02 11:24:00,BUY,4524.4,4528.67
open,2026-06-02 11:27:00,BUY,4524.4,4527.43
closed,2026-06-02 11:27:00,BUY,4524.4,4527.43
open,2026-06-02 11:35:00,BUY,4524.4,4529.04
closed,2026-06-02 11:35:00,BUY,4524.4,4529.04
open,2026-06-02 11:36:00,BUY,4524.4,4527.79
closed,2026-06-02 11:36:00,BUY,4524.4,4527.79
closed_lag,2026-06-02 11:36:00,BUY,4524.4,4529.04
open,2026-06-02 11:37:00,BUY,4524.4,4526.64
closed,2026-06-02 11:37:00,BUY,4524.4,4526.64
closed_lag,2026-06-02 11:37:00,BUY,4524.4,4527.79
open,2026-06-02 11:38:00,BUY,4524.4,4527.33
closed,2026-06-02 11:38:00,BUY,4524.4,4527.33
closed_lag,2026-06-02 11:38:00,BUY,4524.4,4526.64
open,2026-06-02 11:39:00,BUY,4524.4,4527.28
closed,2026-06-02 11:39:00,BUY,4524.4,4527.28
closed_lag,2026-06-02 11:39:00,BUY,4524.4,4527.33
open,2026-06-02 11:40:00,BUY,4524.4,4527.24
closed,2026-06-02 11:40:00,BUY,4524.4,4527.24
closed_lag,2026-06-02 11:40:00,BUY,4524.4,4527.28
open,2026-06-02 11:41:00,BUY,4524.4,4527.31
closed,2026-06-02 11:41:00,BUY,4524.4,4527.31
closed_lag,2026-06-02 11:41:00,BUY,4524.4,4527.24
open,2026-06-02 11:42:00,BUY,4524.4,4528.35
closed,2026-06-02 11:42:00,BUY,4524.4,4528.35
closed_lag,2026-06-02 11:42:00,BUY,4524.4,4527.31
open,2026-06-02 11:43:00,BUY,4524.4,4528.23
closed,2026-06-02 11:43:00,BUY,4524.4,4528.23
closed_lag,2026-06-02 11:43:00,BUY,4524.4,4528.35
open,2026-06-02 11:44:00,BUY,4524.4,4526.89
closed,2026-06-02 11:44:00,BUY,4524.4,4526.89
closed_lag,2026-06-02 11:44:00,BUY,4524.4,4528.23
open,2026-06-02 11:45:00,BUY,4524.4,4527.58
closed,2026-06-02 11:45:00,BUY,4524.4,4527.58
closed_lag,2026-06-02 11:45:00,BUY,4524.4,4526.89
open,2026-06-02 11:46:00,BUY,4524.4,4526.85
closed,2026-06-02 11:46:00,BUY,4524.4,4526.85
closed_lag,2026-06-02 11:46:00,BUY,4524.4,4527.58
open,2026-06-02 11:47:00,BUY,4524.4,4525.84
closed,2026-06-02 11:47:00,BUY,4524.4,4525.84
closed_lag,2026-06-02 11:47:00,BUY,4524.4,4526.85
closed_lag,2026-06-02 11:48:00,BUY,4524.4,4525.84
open,2026-06-02 11:51:00,BUY,4524.4,4528.78
closed,2026-06-02 11:51:00,BUY,4524.4,4528.78
closed_lag,2026-06-02 11:52:00,BUY,4524.4,4528.78
open,2026-06-02 11:53:00,BUY,4524.4,4528.78
closed,2026-06-02 11:53:00,BUY,4524.4,4528.78
open,2026-06-02 11:54:00,BUY,4524.4,4528.51
closed,2026-06-02 11:54:00,BUY,4524.4,4528.51
closed_lag,2026-06-02 11:54:00,BUY,4524.4,4528.78
closed_lag,2026-06-02 11:55:00,BUY,4524.4,4528.51
open,2026-06-02 11:57:00,BUY,4524.4,4528.29
closed,2026-06-02 11:57:00,BUY,4524.4,4528.29
open,2026-06-02 11:58:00,BUY,4524.4,4526.57
closed,2026-06-02 11:58:00,BUY,4524.4,4526.57
closed_lag,2026-06-02 11:58:00,BUY,4524.4,4528.29
open,2026-06-02 11:59:00,BUY,4524.4,4527.64
closed,2026-06-02 11:59:00,BUY,4524.4,4527.64
closed_lag,2026-06-02 11:59:00,BUY,4524.4,4526.57
closed,2026-06-02 12:00:00,BUY,4524.4,4526.76
closed_lag,2026-06-02 12:00:00,BUY,4524.4,4527.64
closed,2026-06-02 12:01:00,BUY,4524.4,4526.94
closed_lag,2026-06-02 12:01:00,BUY,4524.4,4526.76
closed,2026-06-02 12:02:00,BUY,4524.4,4527.24
closed_lag,2026-06-02 12:02:00,BUY,4524.4,4526.94
closed,2026-06-02 12:03:00,BUY,4524.4,4528.52
closed_lag,2026-06-02 12:03:00,BUY,4524.4,4527.24
closed,2026-06-02 12:04:00,BUY,4524.4,4527.9
closed_lag,2026-06-02 12:04:00,BUY,4524.4,4528.52
closed,2026-06-02 12:05:00,BUY,4524.4,4526.43
closed_lag,2026-06-02 12:05:00,BUY,4524.4,4527.9
closed,2026-06-02 12:06:00,BUY,4524.4,4526.33
closed_lag,2026-06-02 12:06:00,BUY,4524.4,4526.43
closed,2026-06-02 12:07:00,BUY,4524.4,4526.94
closed_lag,2026-06-02 12:07:00,BUY,4524.4,4526.33
closed,2026-06-02 12:08:00,BUY,4524.4,4527.49
closed_lag,2026-06-02 12:08:00,BUY,4524.4,4526.94
closed,2026-06-02 12:09:00,BUY,4524.4,4527.36
closed_lag,2026-06-02 12:09:00,BUY,4524.4,4527.49
closed,2026-06-02 12:10:00,BUY,4524.4,4526.79
closed_lag,2026-06-02 12:10:00,BUY,4524.4,4527.36
closed,2026-06-02 12:11:00,BUY,4524.4,4526.91
closed_lag,2026-06-02 12:11:00,BUY,4524.4,4526.79
closed,2026-06-02 12:12:00,BUY,4524.4,4527.26
closed_lag,2026-06-02 12:12:00,BUY,4524.4,4526.91
closed,2026-06-02 12:13:00,BUY,4524.4,4527.55
closed_lag,2026-06-02 12:13:00,BUY,4524.4,4527.26
closed_lag,2026-06-02 12:14:00,BUY,4524.4,4527.55
closed_lag,2026-06-02 12:15:00,BUY,4524.4,4526.27
open,2026-06-02 12:16:00,BUY,4524.4,4527.34
open,2026-06-02 12:17:00,BUY,4524.4,4526.93
closed_lag,2026-06-02 12:17:00,BUY,4524.4,4527.34
open,2026-06-02 12:18:00,BUY,4524.4,4526.77
closed_lag,2026-06-02 12:18:00,BUY,4524.4,4526.93
open,2026-06-02 12:19:00,BUY,4524.4,4526.85
closed_lag,2026-06-02 12:19:00,BUY,4524.4,4526.77
open,2026-06-02 12:20:00,BUY,4524.4,4528.09
closed_lag,2026-06-02 12:20:00,BUY,4524.4,4526.85
closed,2026-06-02 12:21:00,SELL,4535.06,4531.56
closed_lag,2026-06-02 12:21:00,BUY,4524.4,4528.09
closed,2026-06-02 12:22:00,SELL,4535.06,4532.01
closed,2026-06-02 12:23:00,SELL,4535.06,4530.09
closed,2026-06-02 12:24:00,SELL,4535.06,4531.1
closed,2026-06-02 12:25:00,SELL,4536.06,4532.98
closed,2026-06-02 12:26:00,SELL,4529.99,4529.63
closed,2026-06-02 12:27:00,SELL,4529.99,4529.21
open,2026-06-02 12:28:00,BUY,4524.4,4528.66
closed_lag,2026-06-02 12:30:00,SELL,4529.99,4529.52
closed,2026-06-02 12:31:00,BUY,4524.4,4526.4
closed,2026-06-02 12:32:00,BUY,4524.4,4526.69
closed,2026-06-02 12:33:00,BUY,4524.4,4527.36
closed,2026-06-02 12:34:00,BUY,4524.4,4527.91
open,2026-06-02 12:35:00,SELL,4536.06,4533.44
open,2026-06-02 12:36:00,SELL,4535.06,4530.12
closed_lag,2026-06-02 12:36:00,SELL,4536.06,4533.44
closed_lag,2026-06-02 12:37:00,SELL,4535.06,4530.12
closed,2026-06-02 12:39:00,BUY,4524.4,4524.98
closed,2026-06-02 12:40:00,BUY,4524.4,4526.79
closed,2026-06-02 12:41:00,BUY,4524.4,4526.73
closed,2026-06-02 12:42:00,BUY,4524.4,4525.36
closed_lag,2026-06-02 12:45:00,BUY,4524.4,4525.14
closed_lag,2026-06-02 12:46:00,BUY,4524.4,4525.17
open,2026-06-02 13:51:00,SELL,4511.45,4509.64
open,2026-06-02 13:52:00,SELL,4511.45,4509.02
open,2026-06-02 13:53:00,SELL,4511.45,4509.85
open,2026-06-02 14:37:00,SELL,4507.36,4503.98
closed,2026-06-02 14:37:00,SELL,4507.36,4503.98
open,2026-06-02 14:38:00,SELL,4507.36,4503.45
closed,2026-06-02 14:38:00,SELL,4507.36,4503.45
closed_lag,2026-06-02 14:38:00,SELL,4507.36,4503.98
open,2026-06-02 14:39:00,SELL,4507.36,4502.9
closed,2026-06-02 14:39:00,SELL,4507.36,4502.9
closed_lag,2026-06-02 14:39:00,SELL,4507.36,4503.45
closed_lag,2026-06-02 14:40:00,SELL,4507.36,4502.9
open,2026-06-02 14:41:00,SELL,4507.36,4503.43
closed,2026-06-02 14:41:00,SELL,4507.36,4503.43
closed_lag,2026-06-02 14:42:00,SELL,4507.36,4503.43
open,2026-06-02 14:43:00,SELL,4507.36,4503.3
closed,2026-06-02 14:43:00,SELL,4507.36,4503.3
open,2026-06-02 14:44:00,SELL,4507.36,4504.49
closed,2026-06-02 14:44:00,SELL,4507.36,4504.49
closed_lag,2026-06-02 14:44:00,SELL,4507.36,4503.3
open,2026-06-02 14:45:00,SELL,4507.36,4505.05
closed,2026-06-02 14:45:00,SELL,4507.36,4505.05
closed_lag,2026-06-02 14:45:00,SELL,4507.36,4504.49
open,2026-06-02 14:46:00,SELL,4507.36,4505.9
closed,2026-06-02 14:46:00,SELL,4507.36,4505.9
closed_lag,2026-06-02 14:46:00,SELL,4507.36,4505.05
open,2026-06-02 14:47:00,SELL,4507.36,4505.82
closed,2026-06-02 14:47:00,SELL,4507.36,4505.82
closed_lag,2026-06-02 14:47:00,SELL,4507.36,4505.9
open,2026-06-02 14:48:00,SELL,4507.36,4504.38
closed,2026-06-02 14:48:00,SELL,4507.36,4504.38
closed_lag,2026-06-02 14:48:00,SELL,4507.36,4505.82
open,2026-06-02 14:49:00,SELL,4507.36,4503.98
closed,2026-06-02 14:49:00,SELL,4507.36,4503.98
closed_lag,2026-06-02 14:49:00,SELL,4507.36,4504.38
closed_lag,2026-06-02 14:50:00,SELL,4507.36,4503.98
open,2026-06-02 14:51:00,SELL,4507.36,4503.23
closed,2026-06-02 14:51:00,SELL,4507.36,4503.23
open,2026-06-02 14:52:00,SELL,4507.36,4502.94
closed,2026-06-02 14:52:00,SELL,4507.36,4502.94
closed_lag,2026-06-02 14:52:00,SELL,4507.36,4503.23
open,2026-06-02 14:53:00,SELL,4507.36,4503.38
closed,2026-06-02 14:53:00,SELL,4507.36,4503.38
closed_lag,2026-06-02 14:53:00,SELL,4507.36,4502.94
open,2026-06-02 14:54:00,SELL,4507.36,4504.23
closed,2026-06-02 14:54:00,SELL,4507.36,4504.23
closed_lag,2026-06-02 14:54:00,SELL,4507.36,4503.38
open,2026-06-02 14:55:00,SELL,4507.36,4503.78
closed,2026-06-02 14:55:00,SELL,4507.36,4503.78
closed_lag,2026-06-02 14:55:00,SELL,4507.36,4504.23
open,2026-06-02 14:56:00,SELL,4507.36,4505.29
closed,2026-06-02 14:56:00,SELL,4507.36,4505.29
closed_lag,2026-06-02 14:56:00,SELL,4507.36,4503.78
open,2026-06-02 14:57:00,SELL,4507.36,4503.31
closed,2026-06-02 14:57:00,SELL,4507.36,4503.31
closed_lag,2026-06-02 14:57:00,SELL,4507.36,4505.29
closed_lag,2026-06-02 14:58:00,SELL,4507.36,4503.31
open,2026-06-02 14:59:00,SELL,4507.36,4504.27
closed,2026-06-02 14:59:00,SELL,4507.36,4504.27
open,2026-06-02 15:00:00,SELL,4507.36,4506.09
closed,2026-06-02 15:00:00,SELL,4507.36,4506.09
closed_lag,2026-06-02 15:00:00,SELL,4507.36,4504.27
open,2026-06-02 15:01:00,SELL,4507.36,4504.88
closed,2026-06-02 15:01:00,SELL,4507.36,4504.88
closed_lag,2026-06-02 15:01:00,SELL,4507.36,4506.09
open,2026-06-02 15:02:00,SELL,4507.36,4505.43
closed,2026-06-02 15:02:00,SELL,4507.36,4505.43
closed_lag,2026-06-02 15:02:00,SELL,4507.36,4504.88
open,2026-06-02 15:03:00,SELL,4507.36,4504.4
closed,2026-06-02 15:03:00,SELL,4507.36,4504.4
closed_lag,2026-06-02 15:03:00,SELL,4507.36,4505.43
open,2026-06-02 15:04:00,SELL,4507.36,4502.84
closed,2026-06-02 15:04:00,SELL,4507.36,4502.84
closed_lag,2026-06-02 15:04:00,SELL,4507.36,4504.4
closed,2026-06-02 15:05:00,SELL,4507.36,4503.18
closed_lag,2026-06-02 15:05:00,SELL,4507.36,4502.84
closed,2026-06-02 15:06:00,SELL,4507.36,4506.14
closed_lag,2026-06-02 15:06:00,SELL,4507.36,4503.18
open,2026-06-02 15:07:00,SELL,4511.45,4507.44
closed,2026-06-02 15:07:00,SELL,4511.45,4507.44
closed_lag,2026-06-02 15:07:00,SELL,4507.36,4506.14
closed,2026-06-02 15:08:00,SELL,4507.36,4507.06
closed_lag,2026-06-02 15:08:00,SELL,4511.45,4507.44
closed_lag,2026-06-02 15:09:00,SELL,4507.36,4507.06
closed_lag,2026-06-02 15:10:00,SELL,4507.36,4506.77
closed_lag,2026-06-02 15:11:00,SELL,4507.36,4506.72
closed_lag,2026-06-02 15:12:00,SELL,4507.36,4505.19
closed_lag,2026-06-02 15:13:00,SELL,4507.36,4502.99
open,2026-06-02 15:35:00,SELL,4511.45,4508.27
closed,2026-06-02 15:35:00,SELL,4511.45,4508.27
open,2026-06-02 15:36:00,SELL,4511.45,4508.06
closed,2026-06-02 15:36:00,SELL,4511.45,4508.06
closed_lag,2026-06-02 15:36:00,SELL,4511.45,4508.27
open,2026-06-02 15:37:00,SELL,4511.45,4507.38
closed,2026-06-02 15:37:00,SELL,4511.45,4507.38
closed_lag,2026-06-02 15:37:00,SELL,4511.45,4508.06
closed_lag,2026-06-02 15:38:00,SELL,4511.45,4507.38
open,2026-06-03 07:17:00,SELL,4472.68,4468.93
open,2026-06-03 10:05:00,BUY,4450.43,4452.52
closed,2026-06-03 10:26:00,BUY,4450.43,4454.28
open,2026-06-03 10:45:00,BUY,4450.43,4454.9
closed_lag,2026-06-03 10:45:00,BUY,4450.43,4454.25
open,2026-06-03 10:46:00,BUY,4450.43,4454.27
closed_lag,2026-06-03 10:46:00,BUY,4450.43,4454.9
open,2026-06-03 10:47:00,BUY,4450.43,4455.14
closed_lag,2026-06-03 10:47:00,BUY,4450.43,4454.27
closed_lag,2026-06-03 10:48:00,BUY,4450.43,4455.14
open,2026-06-03 11:43:00,BUY,4458.1,4459.82
closed,2026-06-03 11:43:00,BUY,4458.1,4459.82
open,2026-06-03 11:44:00,BUY,4458.1,4460.39
closed,2026-06-03 11:44:00,BUY,4458.1,4460.39
closed_lag,2026-06-03 11:44:00,BUY,4458.1,4459.82
open,2026-06-03 11:45:00,BUY,4458.1,4460.05
closed,2026-06-03 11:45:00,BUY,4458.1,4460.05
closed_lag,2026-06-03 11:45:00,BUY,4458.1,4460.39
closed_lag,2026-06-03 11:46:00,BUY,4458.1,4460.05
closed,2026-06-03 12:01:00,BUY,4458.1,4460.91
closed_lag,2026-06-03 12:02:00,BUY,4458.1,4460.91
open,2026-06-03 12:05:00,SELL,4464.98,4463.45
open,2026-06-03 12:06:00,SELL,4464.98,4462.62
open,2026-06-03 12:07:00,SELL,4464.98,4459.98
closed,2026-06-03 12:07:00,BUY,4458.1,4459.98
closed_lag,2026-06-03 12:08:00,BUY,4458.1,4459.98
closed,2026-06-03 12:09:00,BUY,4458.1,4458.46
open,2026-06-03 12:10:00,SELL,4464.98,4460.69
closed_lag,2026-06-03 12:10:00,BUY,4458.1,4458.46
open,2026-06-03 12:11:00,SELL,4464.98,4460.15
closed_lag,2026-06-03 12:11:00,BUY,4458.1,4460.69
open,2026-06-03 12:12:00,SELL,4464.98,4460.22
closed_lag,2026-06-03 12:12:00,BUY,4458.1,4460.15
closed,2026-06-03 12:13:00,BUY,4458.1,4458.6
closed_lag,2026-06-03 12:13:00,BUY,4458.1,4460.22
closed_lag,2026-06-03 12:14:00,BUY,4458.1,4458.6
closed_lag,2026-06-03 12:15:00,BUY,4458.1,4459.26
open,2026-06-03 12:20:00,SELL,4464.98,4461.18
closed,2026-06-03 12:20:00,SELL,4464.98,4461.18
open,2026-06-03 12:21:00,SELL,4464.98,4460.69
closed,2026-06-03 12:21:00,SELL,4464.98,4460.69
closed_lag,2026-06-03 12:23:00,BUY,4458.1,4459.92
closed_lag,2026-06-03 12:26:00,BUY,4450.43,4455.56
closed_lag,2026-06-03 12:27:00,BUY,4450.43,4454.73
closed_lag,2026-06-03 12:28:00,BUY,4450.43,4454.02
open,2026-06-03 12:30:00,BUY,4450.43,4455.15
open,2026-06-03 12:31:00,BUY,4450.43,4455.07
open,2026-06-03 12:33:00,BUY,4450.43,4452.48
open,2026-06-03 12:34:00,BUY,4450.43,4451.68
open,2026-06-03 12:35:00,BUY,4450.43,4451.23
open,2026-06-03 12:36:00,BUY,4450.43,4452.99
open,2026-06-03 12:40:00,BUY,4450.43,4454.67
open,2026-06-03 12:42:00,BUY,4450.43,4454.86
open,2026-06-03 12:44:00,BUY,4458.1,4459.07
closed,2026-06-03 12:44:00,BUY,4458.1,4459.07
open,2026-06-03 12:47:00,BUY,4458.1,4459.6
closed,2026-06-03 12:47:00,BUY,4458.1,4459.6
closed_lag,2026-06-03 12:49:00,SELL,4464.98,4460.39
closed_lag,2026-06-03 12:50:00,SELL,4464.98,4461.42
closed_lag,2026-06-03 12:54:00,SELL,4464.98,4464.48
open,2026-06-03 12:55:00,BUY,4458.1,4458.9
closed,2026-06-03 12:55:00,BUY,4458.1,4458.9
closed_lag,2026-06-03 12:55:00,SELL,4464.98,4460.66
closed_lag,2026-06-03 12:57:00,SELL,4464.98,4460.17
closed_lag,2026-06-03 12:58:00,SELL,4464.98,4461.18
open,2026-06-03 13:15:00,SELL,4464.98,4462.51
closed,2026-06-03 13:16:00,BUY,4458.1,4459.62
closed_lag,2026-06-03 13:17:00,BUY,4458.1,4459.62
closed,2026-06-03 13:20:00,BUY,4450.43,4453.9
closed_lag,2026-06-03 13:21:00,BUY,4450.43,4453.9
closed,2026-06-03 13:23:00,BUY,4450.43,4451.01
closed_lag,2026-06-03 13:24:00,BUY,4450.43,4451.01
closed_lag,2026-06-04 07:04:00,BUY,4466.8,4467.19
closed_lag,2026-06-04 07:05:00,BUY,4466.8,4470.28
closed_lag,2026-06-04 07:06:00,BUY,4466.8,4468.68
closed_lag,2026-06-04 07:07:00,BUY,4466.8,4467.59
closed_lag,2026-06-04 07:08:00,BUY,4466.8,4467.19
open,2026-06-04 09:10:00,SELL,4469.8,4467.36
open,2026-06-04 09:11:00,SELL,4469.8,4465.46
open,2026-06-04 09:16:00,SELL,4469.8,4465.39
closed,2026-06-04 09:16:00,SELL,4469.8,4465.39
open,2026-06-04 09:17:00,SELL,4469.8,4465.1
closed,2026-06-04 09:17:00,SELL,4469.8,4465.1
open,2026-06-04 09:19:00,SELL,4469.8,4466.16
closed,2026-06-04 09:19:00,SELL,4469.8,4466.16
open,2026-06-04 09:20:00,SELL,4469.8,4465.56
closed,2026-06-04 09:20:00,SELL,4469.8,4465.56
closed_lag,2026-06-04 09:20:00,SELL,4469.8,4466.16
open,2026-06-04 09:21:00,SELL,4469.8,4465.24
closed,2026-06-04 09:21:00,SELL,4469.8,4465.24
closed_lag,2026-06-04 09:21:00,SELL,4469.8,4465.56
closed_lag,2026-06-04 09:22:00,SELL,4469.8,4465.24
open,2026-06-04 09:23:00,SELL,4469.8,4466.49
closed,2026-06-04 09:23:00,SELL,4469.8,4466.49
open,2026-06-04 09:24:00,SELL,4469.8,4466.09
closed,2026-06-04 09:24:00,SELL,4469.8,4466.09
closed_lag,2026-06-04 09:24:00,SELL,4469.8,4466.49
open,2026-06-04 09:25:00,SELL,4469.8,4466.1
closed,2026-06-04 09:25:00,SELL,4469.8,4466.1
closed_lag,2026-06-04 09:25:00,SELL,4469.8,4466.09
open,2026-06-04 09:26:00,SELL,4469.8,4465.59
closed,2026-06-04 09:26:00,SELL,4469.8,4465.59
closed_lag,2026-06-04 09:26:00,SELL,4469.8,4466.1
open,2026-06-04 09:27:00,SELL,4469.8,4465.53
closed,2026-06-04 09:27:00,SELL,4469.8,4465.53
closed_lag,2026-06-04 09:27:00,SELL,4469.8,4465.59
open,2026-06-04 09:28:00,SELL,4469.8,4466.31
closed,2026-06-04 09:28:00,SELL,4469.8,4466.31
closed_lag,2026-06-04 09:28:00,SELL,4469.8,4465.53
closed_lag,2026-06-04 09:29:00,SELL,4469.8,4466.31
open,2026-06-04 09:30:00,BUY,4462.12,4463.88
open,2026-06-04 09:31:00,BUY,4462.12,4462.99
closed,2026-06-04 09:32:00,SELL,4469.8,4466.98
closed,2026-06-04 09:33:00,SELL,4469.8,4466.19
closed_lag,2026-06-04 09:33:00,SELL,4469.8,4466.98
closed,2026-06-04 09:34:00,SELL,4469.8,4466.74
closed_lag,2026-06-04 09:34:00,SELL,4469.8,4466.19
closed,2026-06-04 09:35:00,SELL,4469.8,4465.73
closed_lag,2026-06-04 09:35:00,SELL,4469.8,4466.74
closed,2026-06-04 09:36:00,SELL,4469.8,4465.9
closed_lag,2026-06-04 09:36:00,SELL,4469.8,4465.73
closed,2026-06-04 09:37:00,SELL,4469.8,4468.19
closed_lag,2026-06-04 09:37:00,SELL,4469.8,4465.9
closed,2026-06-04 09:38:00,SELL,4469.8,4468.28
closed_lag,2026-06-04 09:38:00,SELL,4469.8,4468.19
closed,2026-06-04 09:39:00,SELL,4469.8,4467.44
closed_lag,2026-06-04 09:39:00,SELL,4469.8,4468.28
closed,2026-06-04 09:40:00,SELL,4469.8,4467.77
closed_lag,2026-06-04 09:40:00,SELL,4469.8,4467.44
closed,2026-06-04 09:41:00,SELL,4469.8,4467.82
closed_lag,2026-06-04 09:41:00,SELL,4469.8,4467.77
closed,2026-06-04 09:42:00,SELL,4469.8,4468.02
closed_lag,2026-06-04 09:42:00,SELL,4469.8,4467.82
closed,2026-06-04 09:43:00,SELL,4469.8,4466.35
closed_lag,2026-06-04 09:43:00,SELL,4469.8,4468.02
closed_lag,2026-06-04 09:44:00,SELL,4469.8,4466.35
closed_lag,2026-06-04 09:45:00,SELL,4469.8,4468.22
closed_lag,2026-06-04 09:46:00,SELL,4469.8,4469.02
closed_lag,2026-06-04 09:47:00,SELL,4469.8,4468.35
closed_lag,2026-06-04 09:48:00,SELL,4469.8,4469.23
closed_lag,2026-06-04 09:49:00,SELL,4475.24,4472.34
closed_lag,2026-06-04 09:51:00,SELL,4475.24,4471.39
closed_lag,2026-06-04 09:52:00,SELL,4475.24,4473.01
closed_lag,2026-06-04 09:53:00,SELL,4475.24,4472.72
closed_lag,2026-06-04 09:54:00,SELL,4475.24,4472.72
closed_lag,2026-06-04 09:56:00,SELL,4475.24,4473.26
closed_lag,2026-06-04 09:57:00,SELL,4475.24,4472.72
closed,2026-06-04 09:58:00,BUY,4466.8,4470.28
closed_lag,2026-06-04 09:59:00,BUY,4466.8,4470.28
open,2026-06-04 10:00:00,BUY,4466.8,4469.75
closed_lag,2026-06-04 10:00:00,BUY,4466.8,4470.58
closed_lag,2026-06-04 10:01:00,BUY,4466.8,4469.75
open,2026-06-04 10:02:00,BUY,4466.8,4470.52
open,2026-06-04 10:03:00,BUY,4466.8,4469.6
closed_lag,2026-06-04 10:03:00,BUY,4466.8,4470.52
open,2026-06-04 10:04:00,BUY,4466.8,4470.27
closed,2026-06-04 10:04:00,BUY,4466.8,4470.27
open,2026-06-04 10:05:00,BUY,4466.8,4470.11
closed,2026-06-04 10:05:00,BUY,4466.8,4470.11
open,2026-06-04 10:06:00,BUY,4466.8,4469.96
closed,2026-06-04 10:06:00,BUY,4466.8,4469.96
open,2026-06-04 10:09:00,BUY,4466.8,4469.64
closed,2026-06-04 10:09:00,BUY,4466.8,4469.64
open,2026-06-04 10:10:00,BUY,4466.8,4469.77
closed,2026-06-04 10:10:00,BUY,4466.8,4469.77
closed_lag,2026-06-04 10:10:00,BUY,4466.8,4469.64
open,2026-06-04 10:11:00,BUY,4466.8,4469.63
closed,2026-06-04 10:11:00,BUY,4466.8,4469.63
closed_lag,2026-06-04 10:11:00,BUY,4466.8,4469.77
open,2026-06-04 10:12:00,BUY,4466.8,4470.42
closed,2026-06-04 10:12:00,BUY,4466.8,4470.42
closed_lag,2026-06-04 10:12:00,BUY,4466.8,4469.63
closed_lag,2026-06-04 10:13:00,BUY,4466.8,4470.42
open,2026-06-04 10:17:00,BUY,4466.8,4470.32
closed,2026-06-04 10:17:00,BUY,4466.8,4470.32
closed_lag,2026-06-04 10:18:00,BUY,4466.8,4470.32
open,2026-06-04 10:35:00,BUY,4466.8,4470.16
closed,2026-06-04 10:35:00,BUY,4466.8,4470.16
open,2026-06-04 10:36:00,BUY,4466.8,4470.35
closed,2026-06-04 10:36:00,BUY,4466.8,4470.35
closed_lag,2026-06-04 10:36:00,BUY,4466.8,4470.16
closed_lag,2026-06-04 10:37:00,BUY,4466.8,4470.35
open,2026-06-04 10:50:00,BUY,4466.8,4470.4
closed,2026-06-04 10:50:00,BUY,4466.8,4470.4
open,2026-06-04 10:51:00,BUY,4466.8,4470.58
closed,2026-06-04 10:51:00,BUY,4466.8,4470.58
closed_lag,2026-06-04 10:51:00,BUY,4466.8,4470.4
open,2026-06-04 10:52:00,BUY,4466.8,4469.53
closed,2026-06-04 10:52:00,BUY,4466.8,4469.53
closed_lag,2026-06-04 10:52:00,BUY,4466.8,4470.58
open,2026-06-04 10:53:00,BUY,4466.8,4469.77
closed,2026-06-04 10:53:00,BUY,4466.8,4469.77
closed_lag,2026-06-04 10:53:00,BUY,4466.8,4469.53
closed_lag,2026-06-04 10:54:00,BUY,4466.8,4469.77
open,2026-06-04 11:02:00,BUY,4466.8,4469.55
closed,2026-06-04 11:02:00,BUY,4466.8,4469.55
closed_lag,2026-06-04 11:03:00,BUY,4466.8,4469.55
open,2026-06-05 09:10:00,BUY,4459.49,4460.3
open,2026-06-05 09:30:00,BUY,4459.49,4461.76
closed,2026-06-05 09:30:00,BUY,4459.49,4461.76
open,2026-06-05 09:31:00,BUY,4459.49,4460.33
closed,2026-06-05 09:31:00,BUY,4459.49,4460.33
closed_lag,2026-06-05 09:31:00,BUY,4459.49,4461.76
open,2026-06-05 09:32:00,BUY,4459.49,4461.44
closed,2026-06-05 09:32:00,BUY,4459.49,4461.44
closed_lag,2026-06-05 09:32:00,BUY,4459.49,4460.33
open,2026-06-05 09:33:00,BUY,4459.49,4462.85
closed,2026-06-05 09:33:00,BUY,4459.49,4462.85
closed_lag,2026-06-05 09:33:00,BUY,4459.49,4461.44
closed_lag,2026-06-05 09:34:00,BUY,4459.49,4462.85
open,2026-06-05 09:35:00,BUY,4459.49,4463.06
closed,2026-06-05 09:35:00,BUY,4459.49,4463.06
closed_lag,2026-06-05 09:36:00,BUY,4459.49,4463.06
open,2026-06-05 10:34:00,BUY,4459.49,4463.05
closed,2026-06-05 10:34:00,BUY,4459.49,4463.05
closed_lag,2026-06-05 10:35:00,BUY,4459.49,4463.05
open,2026-06-05 10:36:00,BUY,4459.49,4462.56
closed,2026-06-05 10:36:00,BUY,4459.49,4462.56
closed_lag,2026-06-05 10:37:00,BUY,4459.49,4462.56
open,2026-06-05 10:38:00,BUY,4459.49,4463.06
closed,2026-06-05 10:38:00,BUY,4459.49,4463.06
closed_lag,2026-06-05 10:39:00,BUY,4459.49,4463.06
open,2026-06-05 10:41:00,BUY,4459.49,4462.81
closed,2026-06-05 10:41:00,BUY,4459.49,4462.81
open,2026-06-05 10:42:00,BUY,4459.49,4462.1
closed,2026-06-05 10:42:00,BUY,4459.49,4462.1
closed_lag,2026-06-05 10:42:00,BUY,4459.49,4462.81
closed_lag,2026-06-05 10:43:00,BUY,4459.49,4462.1
open,2026-06-05 11:14:00,BUY,4459.49,4461.52
closed,2026-06-05 11:14:00,BUY,4459.49,4461.52
open,2026-06-05 11:15:00,BUY,4459.49,4462.22
closed,2026-06-05 11:15:00,BUY,4459.49,4462.22
closed_lag,2026-06-05 11:15:00,BUY,4459.49,4461.52
open,2026-06-05 11:16:00,BUY,4459.49,4462.6
closed,2026-06-05 11:16:00,BUY,4459.49,4462.6
closed_lag,2026-06-05 11:16:00,BUY,4459.49,4462.22
closed_lag,2026-06-05 11:17:00,BUY,4459.49,4462.6
open,2026-06-05 11:18:00,BUY,4459.49,4462.4
closed,2026-06-05 11:18:00,BUY,4459.49,4462.4
open,2026-06-05 11:19:00,BUY,4459.49,4461.93
closed,2026-06-05 11:19:00,BUY,4459.49,4461.93
closed_lag,2026-06-05 11:19:00,BUY,4459.49,4462.4
open,2026-06-05 11:20:00,BUY,4459.49,4462.42
closed,2026-06-05 11:20:00,BUY,4459.49,4462.42
closed_lag,2026-06-05 11:20:00,BUY,4459.49,4461.93
open,2026-06-05 11:21:00,BUY,4459.49,4462.51
closed,2026-06-05 11:21:00,BUY,4459.49,4462.51
closed_lag,2026-06-05 11:21:00,BUY,4459.49,4462.42
closed_lag,2026-06-05 11:22:00,BUY,4459.49,4462.51
open,2026-06-05 11:24:00,BUY,4459.49,4461.74
closed,2026-06-05 11:24:00,BUY,4459.49,4461.74
open,2026-06-05 11:25:00,BUY,4459.49,4462.76
closed,2026-06-05 11:25:00,BUY,4459.49,4462.76
closed_lag,2026-06-05 11:25:00,BUY,4459.49,4461.74
closed_lag,2026-06-05 11:26:00,BUY,4459.49,4462.76
open,2026-06-05 12:28:00,BUY,4459.49,4462.82
closed,2026-06-05 12:28:00,BUY,4459.49,4462.82
closed_lag,2026-06-05 12:29:00,BUY,4459.49,4462.82
open,2026-06-08 07:21:00,SELL,4313.81,4310.15
closed,2026-06-08 07:21:00,SELL,4313.81,4310.15
closed_lag,2026-06-08 07:22:00,SELL,4313.81,4310.15
open,2026-06-08 07:23:00,SELL,4313.81,4310.82
closed,2026-06-08 07:23:00,SELL,4313.81,4310.82
closed_lag,2026-06-08 07:24:00,SELL,4313.81,4310.82
open,2026-06-08 07:26:00,SELL,4313.81,4312.28
closed,2026-06-08 07:26:00,SELL,4313.81,4312.28
open,2026-06-08 07:27:00,SELL,4313.81,4310.57
closed,2026-06-08 07:27:00,SELL,4313.81,4310.57
closed_lag,2026-06-08 07:27:00,SELL,4313.81,4312.28
open,2026-06-08 07:28:00,SELL,4313.81,4309.32
closed,2026-06-08 07:28:00,SELL,4313.81,4309.32
closed_lag,2026-06-08 07:28:00,SELL,4313.81,4310.57
closed_lag,2026-06-08 07:29:00,SELL,4313.81,4309.32
open,2026-06-08 15:15:00,BUY,4324.89,4327.1
open,2026-06-08 15:16:00,BUY,4324.89,4326.44
open,2026-06-08 15:18:00,BUY,4324.89,4325.64
closed_lag,2026-06-09 07:00:00,BUY,4327.01,4330.73
closed_lag,2026-06-09 07:01:00,BUY,4331.95,4332.3
closed_lag,2026-06-09 07:02:00,BUY,4327.01,4331.12
closed_lag,2026-06-09 07:03:00,BUY,4327.01,4331.43
closed_lag,2026-06-09 07:04:00,BUY,4331.95,4333.82
closed_lag,2026-06-09 07:06:00,BUY,4327.01,4331.41
closed_lag,2026-06-09 07:08:00,BUY,4331.95,4332.81
closed_lag,2026-06-09 07:10:00,BUY,4331.95,4332.69
open,2026-06-09 07:11:00,SELL,4334.18,4330.34
closed_lag,2026-06-09 07:11:00,BUY,4327.01,4328.83
open,2026-06-09 07:12:00,SELL,4334.18,4330.03
closed_lag,2026-06-09 07:12:00,BUY,4327.01,4330.34
closed_lag,2026-06-09 07:13:00,BUY,4327.01,4330.03
open,2026-06-09 07:24:00,SELL,4334.18,4330.32
closed,2026-06-09 07:24:00,SELL,4334.18,4330.32
closed_lag,2026-06-09 07:25:00,SELL,4334.18,4330.32
open,2026-06-09 07:26:00,SELL,4334.18,4330.06
closed,2026-06-09 07:26:00,SELL,4334.18,4330.06
open,2026-06-09 07:27:00,SELL,4334.18,4330.13
closed,2026-06-09 07:27:00,SELL,4334.18,4330.13
closed_lag,2026-06-09 07:27:00,SELL,4334.18,4330.06
open,2026-06-09 07:28:00,SELL,4334.18,4330.91
closed,2026-06-09 07:28:00,SELL,4334.18,4330.91
closed_lag,2026-06-09 07:28:00,SELL,4334.18,4330.13
open,2026-06-09 07:29:00,SELL,4334.18,4331.15
closed,2026-06-09 07:29:00,SELL,4334.18,4331.15
closed_lag,2026-06-09 07:29:00,SELL,4334.18,4330.91
closed_lag,2026-06-09 07:30:00,SELL,4334.18,4331.15
open,2026-06-09 08:11:00,SELL,4334.18,4330.18
closed,2026-06-09 08:11:00,SELL,4334.18,4330.18
open,2026-06-09 08:12:00,SELL,4338.62,4335.76
closed,2026-06-09 08:12:00,SELL,4338.62,4335.76
closed_lag,2026-06-09 08:12:00,SELL,4334.18,4330.18
open,2026-06-09 08:13:00,SELL,4334.18,4331.77
closed,2026-06-09 08:13:00,SELL,4334.18,4331.77
closed_lag,2026-06-09 08:13:00,SELL,4338.62,4335.76
open,2026-06-09 08:14:00,SELL,4334.18,4331.82
closed,2026-06-09 08:14:00,SELL,4334.18,4331.82
closed_lag,2026-06-09 08:14:00,SELL,4334.18,4331.77
closed_lag,2026-06-09 08:15:00,SELL,4334.18,4331.82
closed,2026-06-09 08:16:00,SELL,4334.18,4333.4
closed,2026-06-09 08:17:00,SELL,4334.18,4332.11
closed_lag,2026-06-09 08:17:00,SELL,4334.18,4333.4
closed,2026-06-09 08:18:00,SELL,4334.18,4332.85
closed_lag,2026-06-09 08:18:00,SELL,4334.18,4332.11
closed,2026-06-09 08:19:00,SELL,4334.18,4332.42
closed_lag,2026-06-09 08:19:00,SELL,4334.18,4332.85
closed,2026-06-09 08:20:00,SELL,4334.18,4332.64
closed_lag,2026-06-09 08:20:00,SELL,4334.18,4332.42
open,2026-06-09 08:21:00,BUY,4331.95,4333.9
closed_lag,2026-06-09 08:21:00,SELL,4334.18,4332.64
closed,2026-06-09 08:22:00,SELL,4334.18,4333.78
closed,2026-06-09 08:23:00,SELL,4334.18,4333.36
closed_lag,2026-06-09 08:23:00,SELL,4334.18,4333.78
closed,2026-06-09 08:24:00,SELL,4334.18,4331.94
closed_lag,2026-06-09 08:24:00,SELL,4334.18,4333.36
closed,2026-06-09 08:25:00,SELL,4334.18,4331.94
closed_lag,2026-06-09 08:25:00,SELL,4334.18,4331.94
closed,2026-06-09 08:26:00,SELL,4334.18,4333.38
closed_lag,2026-06-09 08:26:00,SELL,4334.18,4331.94
closed,2026-06-09 08:27:00,SELL,4334.18,4333.55
closed_lag,2026-06-09 08:27:00,SELL,4334.18,4333.38
closed_lag,2026-06-09 08:28:00,SELL,4334.18,4333.55
closed_lag,2026-06-09 08:31:00,SELL,4338.62,4335.56
closed_lag,2026-06-09 08:33:00,SELL,4338.62,4335.16
closed_lag,2026-06-09 08:35:00,SELL,4334.18,4331.26
closed_lag,2026-06-09 08:36:00,SELL,4334.18,4331.53
closed_lag,2026-06-09 08:37:00,SELL,4334.18,4331.95
closed_lag,2026-06-09 08:38:00,SELL,4334.18,4332.9
closed_lag,2026-06-09 08:39:00,SELL,4334.18,4333.49
closed_lag,2026-06-09 08:43:00,SELL,4338.62,4335.93
open,2026-06-09 08:45:00,SELL,4337.32,4333.53
open,2026-06-09 08:46:00,SELL,4334.18,4332.02
open,2026-06-09 08:47:00,SELL,4334.18,4330.69
closed,2026-06-09 08:48:00,BUY,4327.01,4328.14
closed,2026-06-09 08:49:00,BUY,4327.01,4328.32
closed_lag,2026-06-09 08:49:00,BUY,4327.01,4328.14
closed,2026-06-09 08:50:00,BUY,4327.01,4327.52
closed_lag,2026-06-09 08:50:00,BUY,4327.01,4328.32
closed,2026-06-09 08:51:00,BUY,4327.01,4328.86
closed_lag,2026-06-09 08:51:00,BUY,4327.01,4327.52
closed,2026-06-09 08:52:00,BUY,4327.01,4328.94
closed_lag,2026-06-09 08:52:00,BUY,4327.01,4328.86
open,2026-06-09 08:53:00,SELL,4334.18,4330.03
closed_lag,2026-06-09 08:53:00,BUY,4327.01,4328.94
open,2026-06-09 08:54:00,SELL,4334.18,4330.18
closed,2026-06-09 08:55:00,BUY,4327.01,4329.2
open,2026-06-09 08:56:00,SELL,4334.18,4329.94
closed_lag,2026-06-09 08:56:00,BUY,4327.01,4329.2
closed,2026-06-09 08:57:00,BUY,4327.01,4328.04
closed,2026-06-09 08:58:00,BUY,4327.01,4327.36
closed_lag,2026-06-09 08:58:00,BUY,4327.01,4328.04
closed_lag,2026-06-09 08:59:00,BUY,4327.01,4327.36
closed_lag,2026-06-09 09:02:00,BUY,4327.01,4327.89
closed_lag,2026-06-09 09:03:00,BUY,4327.01,4328.82
closed_lag,2026-06-09 09:04:00,BUY,4327.01,4329.16
closed_lag,2026-06-09 09:05:00,BUY,4327.01,4329.13
closed_lag,2026-06-09 09:06:00,BUY,4327.01,4329.77
closed_lag,2026-06-09 09:07:00,BUY,4327.01,4328.53
closed_lag,2026-06-09 09:08:00,BUY,4327.01,4327.85
open,2026-06-09 09:09:00,SELL,4334.18,4330.24
closed,2026-06-09 09:09:00,SELL,4334.18,4330.24
closed_lag,2026-06-09 09:09:00,BUY,4327.01,4328.75
open,2026-06-09 09:10:00,SELL,4334.18,4330.4
closed,2026-06-09 09:10:00,SELL,4334.18,4330.4
open,2026-06-09 09:11:00,SELL,4334.18,4330.74
closed,2026-06-09 09:11:00,SELL,4334.18,4330.74
open,2026-06-09 09:12:00,SELL,4334.18,4329.91
closed,2026-06-09 09:12:00,SELL,4334.18,4329.91
open,2026-06-09 09:19:00,SELL,4334.18,4330.23
closed,2026-06-09 09:19:00,SELL,4334.18,4330.23
open,2026-06-09 09:20:00,SELL,4334.18,4332.9
closed,2026-06-09 09:20:00,SELL,4334.18,4332.9
closed_lag,2026-06-09 09:20:00,SELL,4334.18,4330.23
open,2026-06-09 09:21:00,SELL,4334.18,4332.94
closed,2026-06-09 09:21:00,SELL,4334.18,4332.94
closed_lag,2026-06-09 09:21:00,SELL,4334.18,4332.9
open,2026-06-09 09:22:00,SELL,4337.32,4335.82
closed,2026-06-09 09:22:00,SELL,4337.32,4335.82
closed_lag,2026-06-09 09:22:00,SELL,4334.18,4332.94
open,2026-06-09 09:23:00,SELL,4337.32,4334.52
closed,2026-06-09 09:23:00,SELL,4337.32,4334.52
closed_lag,2026-06-09 09:23:00,SELL,4337.32,4335.82
open,2026-06-09 09:24:00,SELL,4337.32,4333.45
closed,2026-06-09 09:24:00,SELL,4337.32,4333.45
closed_lag,2026-06-09 09:24:00,SELL,4337.32,4334.52
open,2026-06-09 09:25:00,SELL,4334.18,4333.3
closed,2026-06-09 09:25:00,SELL,4334.18,4333.3
closed_lag,2026-06-09 09:25:00,SELL,4337.32,4333.45
open,2026-06-09 09:26:00,SELL,4337.32,4333.98
closed,2026-06-09 09:26:00,SELL,4337.32,4333.98
closed_lag,2026-06-09 09:26:00,SELL,4334.18,4333.3
open,2026-06-09 09:27:00,SELL,4334.18,4330.46
closed,2026-06-09 09:27:00,SELL,4334.18,4330.46
closed_lag,2026-06-09 09:27:00,SELL,4337.32,4333.98
open,2026-06-09 09:28:00,SELL,4334.18,4330.24
closed,2026-06-09 09:28:00,SELL,4334.18,4330.24
closed_lag,2026-06-09 09:28:00,SELL,4334.18,4330.46
closed_lag,2026-06-09 09:29:00,SELL,4334.18,4330.24
open,2026-06-09 09:37:00,SELL,4334.18,4329.9
closed,2026-06-09 09:37:00,SELL,4334.18,4329.9
open,2026-06-09 09:38:00,SELL,4334.18,4330.89
closed,2026-06-09 09:38:00,SELL,4334.18,4330.89
closed_lag,2026-06-09 09:38:00,SELL,4334.18,4329.9
closed_lag,2026-06-09 09:39:00,SELL,4334.18,4330.89
open,2026-06-09 09:45:00,BUY,4327.01,4328.59
open,2026-06-09 09:46:00,BUY,4327.01,4329.0
open,2026-06-09 09:47:00,BUY,4327.01,4329.06
closed,2026-06-09 09:48:00,SELL,4334.18,4330.23
closed,2026-06-09 09:49:00,SELL,4334.18,4329.99
closed_lag,2026-06-09 09:49:00,SELL,4334.18,4330.23
closed,2026-06-09 09:50:00,SELL,4334.18,4330.58
closed_lag,2026-06-09 09:50:00,SELL,4334.18,4329.99
closed,2026-06-09 09:51:00,SELL,4334.18,4331.02
closed_lag,2026-06-09 09:51:00,SELL,4334.18,4330.58
closed,2026-06-09 09:52:00,SELL,4334.18,4331.83
closed_lag,2026-06-09 09:52:00,SELL,4334.18,4331.02
closed,2026-06-09 09:53:00,SELL,4334.18,4332.26
closed_lag,2026-06-09 09:53:00,SELL,4334.18,4331.83
closed,2026-06-09 09:54:00,SELL,4337.32,4333.37
closed_lag,2026-06-09 09:54:00,SELL,4334.18,4332.26
closed,2026-06-09 09:55:00,SELL,4334.18,4332.95
closed_lag,2026-06-09 09:55:00,SELL,4337.32,4333.37
closed,2026-06-09 09:56:00,SELL,4334.18,4331.74
closed_lag,2026-06-09 09:56:00,SELL,4334.18,4332.95
closed,2026-06-09 09:57:00,SELL,4334.18,4331.39
closed_lag,2026-06-09 09:57:00,SELL,4334.18,4331.74
closed,2026-06-09 09:58:00,SELL,4334.18,4331.39
closed_lag,2026-06-09 09:58:00,SELL,4334.18,4331.39
closed_lag,2026-06-09 09:59:00,SELL,4334.18,4331.39
closed_lag,2026-06-09 10:00:00,SELL,4334.18,4332.23
closed_lag,2026-06-09 10:01:00,SELL,4334.18,4331.72
closed_lag,2026-06-09 10:02:00,SELL,4334.18,4332.09
closed_lag,2026-06-09 10:03:00,SELL,4334.18,4331.51
closed_lag,2026-06-09 10:04:00,SELL,4334.18,4331.41
closed_lag,2026-06-09 10:05:00,SELL,4334.18,4330.85
closed_lag,2026-06-09 10:06:00,SELL,4334.18,4331.18
closed_lag,2026-06-09 10:13:00,SELL,4334.18,4329.88
open,2026-06-09 13:15:00,SELL,4343.4,4340.09
open,2026-06-09 13:16:00,SELL,4343.4,4340.03
open,2026-06-09 13:18:00,SELL,4337.32,4335.35
open,2026-06-09 13:19:00,SELL,4337.32,4334.11
open,2026-06-09 13:20:00,SELL,4337.32,4334.01
closed,2026-06-09 13:22:00,BUY,4330.43,4333.03
open,2026-06-09 13:23:00,SELL,4337.32,4334.32
closed_lag,2026-06-09 13:23:00,BUY,4330.43,4333.03
open,2026-06-09 13:24:00,SELL,4337.32,4333.52
open,2026-06-09 13:25:00,SELL,4337.32,4334.68
closed,2026-06-09 13:26:00,BUY,4330.43,4332.59
closed,2026-06-09 13:27:00,BUY,4330.43,4331.4
closed_lag,2026-06-09 13:27:00,BUY,4330.43,4332.59
closed,2026-06-09 13:28:00,BUY,4330.43,4331.15
closed_lag,2026-06-09 13:28:00,BUY,4330.43,4331.4
closed_lag,2026-06-09 13:29:00,BUY,4330.43,4331.15
closed_lag,2026-06-09 13:30:00,BUY,4330.43,4331.03
closed_lag,2026-06-09 13:31:00,BUY,4330.43,4330.78
closed_lag,2026-06-09 13:32:00,BUY,4330.43,4331.89
closed_lag,2026-06-09 13:33:00,BUY,4330.43,4330.97
closed_lag,2026-06-09 13:34:00,BUY,4330.43,4332.03
open,2026-06-09 13:36:00,SELL,4337.32,4334.25
closed,2026-06-09 13:36:00,SELL,4337.32,4334.25
closed_lag,2026-06-09 13:36:00,BUY,4330.43,4331.43
closed_lag,2026-06-09 13:38:00,BUY,4330.43,4332.09
closed_lag,2026-06-09 13:39:00,BUY,4330.43,4332.09
closed_lag,2026-06-09 13:40:00,BUY,4330.43,4332.16
closed_lag,2026-06-09 13:47:00,SELL,4337.32,4335.82
closed_lag,2026-06-09 13:51:00,SELL,4343.4,4342.48
closed_lag,2026-06-09 13:52:00,SELL,4343.4,4341.07
open,2026-06-10 10:21:00,SELL,4171.56,4169.34
closed,2026-06-10 10:21:00,SELL,4171.56,4169.34
open,2026-06-10 10:22:00,SELL,4171.56,4168.49
closed,2026-06-10 10:22:00,SELL,4171.56,4168.49
closed_lag,2026-06-10 10:22:00,SELL,4171.56,4169.34
closed_lag,2026-06-10 10:23:00,SELL,4171.56,4168.49
open,2026-06-10 10:28:00,SELL,4171.56,4168.23
closed,2026-06-10 10:28:00,SELL,4171.56,4168.23
closed_lag,2026-06-10 10:29:00,SELL,4171.56,4168.23
open,2026-06-10 10:31:00,SELL,4171.56,4167.88
closed,2026-06-10 10:31:00,SELL,4171.56,4167.88
closed_lag,2026-06-10 10:32:00,SELL,4171.56,4167.88
open,2026-06-10 10:33:00,SELL,4171.56,4167.99
closed,2026-06-10 10:33:00,SELL,4171.56,4167.99
closed_lag,2026-06-10 10:34:00,SELL,4171.56,4167.99
open,2026-06-10 10:36:00,SELL,4171.56,4168.95
closed,2026-06-10 10:36:00,SELL,4171.56,4168.95
open,2026-06-10 10:37:00,SELL,4171.56,4168.99
closed,2026-06-10 10:37:00,SELL,4171.56,4168.99
closed_lag,2026-06-10 10:37:00,SELL,4171.56,4168.95
closed_lag,2026-06-10 10:38:00,SELL,4171.56,4168.99
open,2026-06-10 10:39:00,SELL,4171.56,4167.51
closed,2026-06-10 10:39:00,SELL,4171.56,4167.51
closed_lag,2026-06-10 10:40:00,SELL,4171.56,4167.51
open,2026-06-10 10:42:00,SELL,4171.56,4169.16
closed,2026-06-10 10:42:00,SELL,4171.56,4169.16
open,2026-06-10 10:43:00,SELL,4171.56,4168.27
closed,2026-06-10 10:43:00,SELL,4171.56,4168.27
closed_lag,2026-06-10 10:43:00,SELL,4171.56,4169.16
closed_lag,2026-06-10 10:44:00,SELL,4171.56,4168.27
open,2026-06-10 10:45:00,SELL,4171.56,4170.77
closed,2026-06-10 10:45:00,SELL,4171.56,4170.77
open,2026-06-10 10:46:00,SELL,4171.56,4170.9
closed,2026-06-10 10:46:00,SELL,4171.56,4170.9
closed_lag,2026-06-10 10:46:00,SELL,4171.56,4170.77
open,2026-06-10 10:47:00,SELL,4171.56,4171.24
closed,2026-06-10 10:47:00,SELL,4171.56,4171.24
closed_lag,2026-06-10 10:47:00,SELL,4171.56,4170.9
closed_lag,2026-06-10 10:48:00,SELL,4171.56,4171.24
open,2026-06-10 11:14:00,SELL,4171.56,4168.51
closed,2026-06-10 11:14:00,SELL,4171.56,4168.51
open,2026-06-10 11:15:00,SELL,4171.56,4171.06
closed,2026-06-10 11:15:00,SELL,4171.56,4171.06
closed_lag,2026-06-10 11:15:00,SELL,4171.56,4168.51
open,2026-06-10 11:16:00,SELL,4171.56,4167.86
closed,2026-06-10 11:16:00,SELL,4171.56,4167.86
closed_lag,2026-06-10 11:16:00,SELL,4171.56,4171.06
closed_lag,2026-06-10 11:17:00,SELL,4171.56,4167.86
open,2026-06-10 11:21:00,SELL,4171.56,4167.6
closed,2026-06-10 11:21:00,SELL,4171.56,4167.6
open,2026-06-10 11:22:00,SELL,4171.56,4168.98
closed,2026-06-10 11:22:00,SELL,4171.56,4168.98
closed_lag,2026-06-10 11:22:00,SELL,4171.56,4167.6
open,2026-06-10 11:23:00,SELL,4171.56,4169.01
closed,2026-06-10 11:23:00,SELL,4171.56,4169.01
closed_lag,2026-06-10 11:23:00,SELL,4171.56,4168.98
closed_lag,2026-06-10 11:24:00,SELL,4171.56,4169.01
open,2026-06-10 12:30:00,SELL,4171.56,4169.36
closed,2026-06-10 12:30:00,SELL,4171.56,4169.36
closed_lag,2026-06-10 12:31:00,SELL,4171.56,4169.36
closed,2026-06-10 13:41:00,SELL,4171.56,4169.66
closed,2026-06-10 13:42:00,SELL,4171.56,4171.14
closed_lag,2026-06-10 13:42:00,SELL,4171.56,4169.66
closed_lag,2026-06-10 13:43:00,SELL,4171.56,4171.14
open,2026-06-10 14:15:00,SELL,4171.56,4168.68
open,2026-06-10 14:17:00,SELL,4171.56,4169.57
open,2026-06-10 14:18:00,SELL,4171.56,4169.47
open,2026-06-10 14:19:00,SELL,4171.56,4168.39
open,2026-06-10 14:24:00,SELL,4171.56,4169.98
open,2026-06-10 14:26:00,SELL,4171.56,4167.49
open,2026-06-11 08:30:00,SELL,4099.05,4096.66
open,2026-06-11 08:31:00,SELL,4099.05,4096.76
open,2026-06-11 08:32:00,SELL,4099.05,4095.46
open,2026-06-11 08:33:00,SELL,4099.05,4094.16
open,2026-06-11 08:34:00,SELL,4099.05,4095.34
open,2026-06-11 08:35:00,SELL,4099.05,4096.32
open,2026-06-11 08:37:00,SELL,4099.05,4097.47
open,2026-06-11 08:38:00,SELL,4099.05,4096.32
open,2026-06-11 08:39:00,SELL,4099.05,4095.57
open,2026-06-11 08:40:00,SELL,4099.05,4096.4
open,2026-06-11 08:41:00,SELL,4099.05,4093.93
closed,2026-06-11 08:41:00,BUY,4090.96,4093.93
closed,2026-06-11 08:42:00,BUY,4090.96,4091.91
closed,2026-06-11 08:43:00,BUY,4090.96,4092.39
closed_lag,2026-06-11 08:44:00,BUY,4090.96,4092.39
closed_lag,2026-06-11 08:47:00,BUY,4090.96,4091.73
closed_lag,2026-06-11 09:47:00,SELL,4099.05,4094.72
closed_lag,2026-06-11 09:48:00,SELL,4099.05,4096.29
closed_lag,2026-06-11 09:49:00,SELL,4099.05,4095.57
closed_lag,2026-06-11 09:50:00,SELL,4099.05,4094.18
closed_lag,2026-06-11 09:51:00,SELL,4099.05,4094.74
closed_lag,2026-06-11 09:55:00,SELL,4099.05,4094.18
closed_lag,2026-06-11 09:56:00,SELL,4099.05,4094.36
open,2026-06-11 10:23:00,SELL,4099.05,4094.15
open,2026-06-11 10:24:00,SELL,4099.05,4093.88
open,2026-06-11 10:40:00,BUY,4090.96,4092.11
open,2026-06-11 10:41:00,BUY,4090.96,4091.97
closed,2026-06-11 10:51:00,BUY,4090.96,4093.09
closed,2026-06-11 10:53:00,BUY,4090.96,4091.91
open,2026-06-11 11:00:00,SELL,4093.41,4088.3
open,2026-06-11 11:02:00,SELL,4093.41,4089.07
open,2026-06-11 11:03:00,SELL,4093.41,4091.18
open,2026-06-11 11:04:00,SELL,4093.41,4092.0
closed,2026-06-11 11:04:00,SELL,4093.41,4092.0
open,2026-06-11 11:05:00,SELL,4093.41,4091.74
closed,2026-06-11 11:05:00,SELL,4093.41,4091.74
closed_lag,2026-06-11 11:05:00,BUY,4090.96,4092.0
open,2026-06-11 11:06:00,SELL,4093.41,4090.03
closed,2026-06-11 11:06:00,SELL,4093.41,4090.03
closed_lag,2026-06-11 11:06:00,BUY,4090.96,4091.74
open,2026-06-11 11:07:00,SELL,4093.41,4092.2
closed,2026-06-11 11:07:00,SELL,4093.41,4092.2
open,2026-06-11 11:08:00,SELL,4093.41,4091.85
closed,2026-06-11 11:08:00,SELL,4093.41,4091.85
closed_lag,2026-06-11 11:08:00,BUY,4090.96,4092.2
open,2026-06-11 11:09:00,SELL,4093.41,4091.51
closed,2026-06-11 11:09:00,SELL,4093.41,4091.51
open,2026-06-11 11:10:00,SELL,4093.41,4091.3
closed,2026-06-11 11:10:00,SELL,4093.41,4091.3
open,2026-06-11 11:11:00,SELL,4093.41,4092.49
closed,2026-06-11 11:11:00,SELL,4093.41,4092.49
open,2026-06-11 11:12:00,SELL,4093.41,4090.28
closed,2026-06-11 11:12:00,SELL,4093.41,4090.28
open,2026-06-11 11:13:00,SELL,4093.41,4089.32
closed,2026-06-11 11:13:00,SELL,4093.41,4089.32
closed_lag,2026-06-11 11:14:00,SELL,4093.41,4089.32
closed,2026-06-11 11:17:00,SELL,4093.41,4088.39
closed_lag,2026-06-11 11:18:00,SELL,4093.41,4088.39
closed,2026-06-11 11:27:00,SELL,4093.41,4088.7
closed,2026-06-11 11:28:00,SELL,4093.41,4089.24
closed_lag,2026-06-11 11:28:00,SELL,4093.41,4088.7
closed_lag,2026-06-11 11:29:00,SELL,4093.41,4089.24
open,2026-06-11 11:30:00,SELL,4093.41,4092.43
closed_lag,2026-06-11 11:30:00,SELL,4093.41,4090.54
closed,2026-06-11 11:31:00,BUY,4090.96,4093.53
closed_lag,2026-06-11 11:31:00,SELL,4093.41,4092.43
open,2026-06-11 11:32:00,SELL,4093.41,4092.93
open,2026-06-11 11:33:00,SELL,4093.41,4091.49
closed_lag,2026-06-11 11:33:00,SELL,4093.41,4092.93
open,2026-06-11 11:34:00,SELL,4093.41,4088.54
closed_lag,2026-06-11 11:34:00,SELL,4093.41,4091.49
closed_lag,2026-06-11 11:35:00,SELL,4093.41,4088.54
open,2026-06-11 11:36:00,SELL,4093.41,4088.64
closed_lag,2026-06-11 11:37:00,SELL,4093.41,4088.64
open,2026-06-11 11:55:00,SELL,4088.04,4086.01
open,2026-06-11 11:56:00,SELL,4088.04,4085.78
open,2026-06-11 12:03:00,SELL,4088.04,4086.53
closed,2026-06-11 12:03:00,SELL,4088.04,4086.53
open,2026-06-11 12:04:00,SELL,4088.04,4086.66
closed,2026-06-11 12:04:00,SELL,4088.04,4086.66
closed_lag,2026-06-11 12:04:00,SELL,4088.04,4086.53
open,2026-06-11 12:05:00,SELL,4088.04,4085.75
closed,2026-06-11 12:05:00,SELL,4088.04,4085.75
closed_lag,2026-06-11 12:05:00,SELL,4088.04,4086.66
closed_lag,2026-06-11 12:06:00,SELL,4088.04,4085.75
open,2026-06-11 13:02:00,SELL,4088.04,4085.01
closed,2026-06-11 13:02:00,SELL,4088.04,4085.01
open,2026-06-11 13:03:00,SELL,4088.04,4085.35
closed,2026-06-11 13:03:00,SELL,4088.04,4085.35
closed_lag,2026-06-11 13:03:00,SELL,4088.04,4085.01
closed_lag,2026-06-11 13:04:00,SELL,4088.04,4085.35
open,2026-06-11 13:09:00,SELL,4088.04,4085.68
closed,2026-06-11 13:09:00,SELL,4088.04,4085.68
open,2026-06-11 13:10:00,SELL,4088.04,4084.68
closed,2026-06-11 13:10:00,SELL,4088.04,4084.68
closed_lag,2026-06-11 13:10:00,SELL,4088.04,4085.68
closed_lag,2026-06-11 13:11:00,SELL,4088.04,4084.68
closed,2026-06-11 13:48:00,SELL,4088.04,4085.61
closed_lag,2026-06-11 13:49:00,SELL,4088.04,4085.61
closed,2026-06-11 13:54:00,SELL,4088.04,4085.2
closed_lag,2026-06-11 13:55:00,SELL,4088.04,4085.2
closed,2026-06-11 13:56:00,SELL,4088.04,4087.14
closed,2026-06-11 13:57:00,SELL,4088.04,4085.09
closed_lag,2026-06-11 13:57:00,SELL,4088.04,4087.14
closed,2026-06-11 13:58:00,SELL,4088.04,4087.24
closed_lag,2026-06-11 13:58:00,SELL,4088.04,4085.09
closed_lag,2026-06-11 13:59:00,SELL,4088.04,4087.24
open,2026-06-12 07:01:00,SELL,4182.99,4181.69
closed,2026-06-12 07:01:00,SELL,4182.99,4181.69
open,2026-06-12 07:02:00,SELL,4182.99,4180.02
closed,2026-06-12 07:02:00,SELL,4182.99,4180.02
closed_lag,2026-06-12 07:02:00,SELL,4182.99,4181.69
closed_lag,2026-06-12 07:03:00,SELL,4182.99,4180.02
open,2026-06-12 07:06:00,SELL,4182.99,4179.85
closed,2026-06-12 07:06:00,SELL,4182.99,4179.85
open,2026-06-12 07:07:00,SELL,4182.99,4181.07
closed,2026-06-12 07:07:00,SELL,4182.99,4181.07
closed_lag,2026-06-12 07:07:00,SELL,4182.99,4179.85
open,2026-06-12 07:08:00,SELL,4182.99,4180.88
closed,2026-06-12 07:08:00,SELL,4182.99,4180.88
closed_lag,2026-06-12 07:08:00,SELL,4182.99,4181.07
open,2026-06-12 07:09:00,SELL,4182.99,4180.9
closed,2026-06-12 07:09:00,SELL,4182.99,4180.9
closed_lag,2026-06-12 07:09:00,SELL,4182.99,4180.88
open,2026-06-12 07:10:00,SELL,4182.99,4180.94
closed,2026-06-12 07:10:00,SELL,4182.99,4180.94
closed_lag,2026-06-12 07:10:00,SELL,4182.99,4180.9
closed_lag,2026-06-12 07:11:00,SELL,4182.99,4180.94
open,2026-06-12 07:27:00,SELL,4182.99,4179.86
closed,2026-06-12 07:27:00,SELL,4182.99,4179.86
closed_lag,2026-06-12 07:28:00,SELL,4182.99,4179.86
open,2026-06-12 07:40:00,SELL,4182.99,4180.89
closed,2026-06-12 07:40:00,SELL,4182.99,4180.89
open,2026-06-12 07:41:00,SELL,4182.99,4179.54
closed,2026-06-12 07:41:00,SELL,4182.99,4179.54
closed_lag,2026-06-12 07:41:00,SELL,4182.99,4180.89
open,2026-06-12 07:42:00,SELL,4182.99,4180.45
closed,2026-06-12 07:42:00,SELL,4182.99,4180.45
closed_lag,2026-06-12 07:42:00,SELL,4182.99,4179.54
closed_lag,2026-06-12 07:43:00,SELL,4182.99,4180.45
closed,2026-06-12 07:45:00,SELL,4182.99,4180.25
closed,2026-06-12 07:46:00,SELL,4182.99,4182.08
closed_lag,2026-06-12 07:46:00,SELL,4182.99,4180.25
closed_lag,2026-06-12 07:47:00,SELL,4182.99,4182.08
closed,2026-06-12 07:56:00,SELL,4182.99,4182.34
closed,2026-06-12 07:57:00,SELL,4182.99,4181.86
closed_lag,2026-06-12 07:57:00,SELL,4182.99,4182.34
closed_lag,2026-06-12 07:58:00,SELL,4182.99,4181.86
open,2026-06-12 11:25:00,SELL,4210.5,4209.39
open,2026-06-12 11:26:00,SELL,4210.5,4205.89
open,2026-06-12 11:27:00,SELL,4210.5,4206.65
open,2026-06-12 11:28:00,SELL,4210.5,4205.71
closed,2026-06-12 11:41:00,SELL,4210.5,4208.09
closed,2026-06-12 11:42:00,SELL,4210.5,4208.9
closed,2026-06-12 11:43:00,SELL,4210.5,4208.39
closed_lag,2026-06-12 11:44:00,SELL,4210.5,4208.39
closed_lag,2026-06-12 11:45:00,SELL,4210.5,4209.98
open,2026-06-12 11:48:00,SELL,4210.5,4209.99
closed_lag,2026-06-12 11:49:00,SELL,4210.5,4209.99
open,2026-06-12 11:50:00,SELL,4210.5,4209.23
open,2026-06-12 11:51:00,SELL,4210.5,4208.94
closed_lag,2026-06-12 11:51:00,SELL,4210.5,4209.23
closed_lag,2026-06-12 11:52:00,SELL,4210.5,4208.94
open,2026-06-12 11:57:00,SELL,4210.5,4209.08
open,2026-06-12 11:58:00,SELL,4210.5,4207.61
closed_lag,2026-06-12 11:58:00,SELL,4210.5,4209.08
open,2026-06-12 11:59:00,SELL,4210.5,4206.91
closed,2026-06-12 11:59:00,SELL,4210.5,4206.91
closed,2026-06-12 12:02:00,SELL,4210.5,4206.07
closed,2026-06-12 12:04:00,SELL,4210.5,4206.22
closed,2026-06-12 12:05:00,SELL,4210.5,4206.44
closed,2026-06-12 12:06:00,SELL,4210.5,4207.3
closed,2026-06-12 12:07:00,SELL,4210.5,4206.24
closed,2026-06-12 12:08:00,SELL,4210.5,4208.67
closed,2026-06-12 12:09:00,SELL,4210.5,4207.71
closed,2026-06-12 12:12:00,SELL,4210.5,4209.92
open,2026-06-12 13:38:00,SELL,4210.5,4209.1
closed,2026-06-12 13:38:00,SELL,4210.5,4209.1
open,2026-06-12 13:39:00,SELL,4210.5,4207.34
closed,2026-06-12 13:39:00,SELL,4210.5,4207.34
closed_lag,2026-06-12 13:39:00,SELL,4210.5,4209.1
closed_lag,2026-06-12 13:40:00,SELL,4210.5,4207.34
closed,2026-06-12 14:54:00,SELL,4210.5,4207.36
closed_lag,2026-06-12 14:55:00,SELL,4210.5,4207.36
closed,2026-06-12 14:56:00,SELL,4210.5,4205.95
closed,2026-06-12 14:57:00,SELL,4210.5,4206.76
closed_lag,2026-06-12 14:57:00,SELL,4210.5,4205.95
closed,2026-06-12 14:58:00,SELL,4210.5,4207.6
closed_lag,2026-06-12 14:58:00,SELL,4210.5,4206.76
closed_lag,2026-06-12 14:59:00,SELL,4210.5,4207.6
closed_lag,2026-06-12 15:01:00,SELL,4210.5,4206.53
closed_lag,2026-06-12 15:02:00,SELL,4210.5,4208.77
closed_lag,2026-06-12 15:07:00,SELL,4210.5,4207.31
closed_lag,2026-06-12 15:08:00,SELL,4210.5,4206.98
closed_lag,2026-06-12 15:09:00,SELL,4210.5,4210.03
closed_lag,2026-06-12 15:10:00,SELL,4210.5,4208.72
closed_lag,2026-06-12 15:13:00,SELL,4210.5,4209.08
closed,2026-06-15 07:04:00,SELL,4313.18,4310.61
closed_lag,2026-06-15 07:05:00,SELL,4313.18,4310.61
closed,2026-06-15 07:07:00,SELL,4313.18,4311.73
closed_lag,2026-06-15 07:08:00,SELL,4313.18,4311.73
closed,2026-06-15 07:09:00,SELL,4313.18,4312.76
closed,2026-06-15 07:10:00,SELL,4313.18,4312.16
closed_lag,2026-06-15 07:10:00,SELL,4313.18,4312.76
closed,2026-06-15 07:11:00,SELL,4313.18,4310.5
closed_lag,2026-06-15 07:11:00,SELL,4313.18,4312.16
closed,2026-06-15 07:12:00,SELL,4313.18,4312.69
closed_lag,2026-06-15 07:12:00,SELL,4313.18,4310.5
closed_lag,2026-06-15 07:13:00,SELL,4313.18,4312.69
open,2026-06-15 07:50:00,BUY,4312.31,4315.38
open,2026-06-15 07:54:00,BUY,4320.46,4323.13
closed,2026-06-15 07:54:00,BUY,4320.46,4323.13
open,2026-06-15 07:55:00,BUY,4320.46,4322.27
closed,2026-06-15 07:55:00,BUY,4320.46,4322.27
closed_lag,2026-06-15 07:55:00,BUY,4320.46,4323.13
open,2026-06-15 07:56:00,BUY,4320.46,4321.57
closed,2026-06-15 07:56:00,BUY,4320.46,4321.57
closed_lag,2026-06-15 07:56:00,BUY,4320.46,4322.27
open,2026-06-15 07:57:00,BUY,4320.46,4323.44
closed,2026-06-15 07:57:00,BUY,4320.46,4323.44
closed_lag,2026-06-15 07:57:00,BUY,4320.46,4321.57
open,2026-06-15 07:58:00,BUY,4320.46,4324.65
closed,2026-06-15 07:58:00,BUY,4320.46,4324.65
closed_lag,2026-06-15 07:58:00,BUY,4320.46,4323.44
open,2026-06-15 07:59:00,BUY,4320.46,4323.24
closed,2026-06-15 07:59:00,BUY,4320.46,4323.24
closed_lag,2026-06-15 07:59:00,BUY,4320.46,4324.65
open,2026-06-15 08:00:00,BUY,4320.46,4323.89
closed,2026-06-15 08:00:00,BUY,4320.46,4323.89
closed_lag,2026-06-15 08:00:00,BUY,4320.46,4323.24
open,2026-06-15 08:01:00,BUY,4320.46,4322.18
closed,2026-06-15 08:01:00,BUY,4320.46,4322.18
closed_lag,2026-06-15 08:01:00,BUY,4320.46,4323.89
closed_lag,2026-06-15 08:02:00,BUY,4320.46,4322.18
open,2026-06-15 10:35:00,BUY,4335.06,4338.83
open,2026-06-15 10:36:00,BUY,4335.06,4338.9
open,2026-06-15 10:37:00,BUY,4335.06,4339.41
open,2026-06-15 10:38:00,BUY,4335.06,4340.1
open,2026-06-15 10:39:00,BUY,4335.06,4336.73
closed,2026-06-15 10:39:00,BUY,4335.06,4336.73
open,2026-06-15 10:40:00,BUY,4335.06,4337.45
closed,2026-06-15 10:40:00,BUY,4335.06,4337.45
open,2026-06-15 10:41:00,BUY,4335.06,4337.28
closed,2026-06-15 10:41:00,BUY,4335.06,4337.28
open,2026-06-15 10:42:00,BUY,4335.06,4338.32
closed,2026-06-15 10:42:00,BUY,4335.06,4338.32
open,2026-06-15 10:43:00,BUY,4335.06,4337.23
closed,2026-06-15 10:43:00,BUY,4335.06,4337.23
open,2026-06-15 10:44:00,BUY,4335.06,4338.01
closed,2026-06-15 10:44:00,BUY,4335.06,4338.01
closed_lag,2026-06-15 10:44:00,BUY,4335.06,4337.23
closed_lag,2026-06-15 10:45:00,BUY,4335.06,4338.01
open,2026-06-15 10:46:00,BUY,4335.06,4338.66
closed,2026-06-15 10:46:00,BUY,4335.06,4338.66
open,2026-06-15 10:47:00,BUY,4335.06,4339.35
closed,2026-06-15 10:47:00,BUY,4335.06,4339.35
closed_lag,2026-06-15 10:47:00,BUY,4335.06,4338.66
open,2026-06-15 10:48:00,BUY,4335.06,4338.67
closed,2026-06-15 10:48:00,BUY,4335.06,4338.67
closed_lag,2026-06-15 10:48:00,BUY,4335.06,4339.35
closed_lag,2026-06-15 10:49:00,BUY,4335.06,4338.67
open,2026-06-15 10:50:00,BUY,4335.06,4339.78
closed,2026-06-15 10:50:00,BUY,4335.06,4339.78
closed_lag,2026-06-15 10:51:00,BUY,4335.06,4339.78
open,2026-06-15 10:53:00,BUY,4335.06,4339.77
closed,2026-06-15 10:53:00,BUY,4335.06,4339.77
open,2026-06-15 10:54:00,BUY,4335.06,4337.36
closed,2026-06-15 10:54:00,BUY,4335.06,4337.36
closed_lag,2026-06-15 10:54:00,BUY,4335.06,4339.77
open,2026-06-15 10:55:00,BUY,4335.06,4337.59
closed,2026-06-15 10:55:00,BUY,4335.06,4337.59
closed_lag,2026-06-15 10:55:00,BUY,4335.06,4337.36
open,2026-06-15 10:56:00,BUY,4335.06,4338.37
closed,2026-06-15 10:56:00,BUY,4335.06,4338.37
closed_lag,2026-06-15 10:56:00,BUY,4335.06,4337.59
open,2026-06-15 10:57:00,BUY,4335.06,4338.35
closed,2026-06-15 10:57:00,BUY,4335.06,4338.35
closed_lag,2026-06-15 10:57:00,BUY,4335.06,4338.37
open,2026-06-15 10:58:00,BUY,4335.06,4337.94
closed,2026-06-15 10:58:00,BUY,4335.06,4337.94
closed_lag,2026-06-15 10:58:00,BUY,4335.06,4338.35
open,2026-06-15 10:59:00,BUY,4335.06,4338.31
closed,2026-06-15 10:59:00,BUY,4335.06,4338.31
closed_lag,2026-06-15 10:59:00,BUY,4335.06,4337.94
open,2026-06-15 11:00:00,BUY,4335.06,4337.52
closed,2026-06-15 11:00:00,BUY,4335.06,4337.52
closed_lag,2026-06-15 11:00:00,BUY,4335.06,4338.31
open,2026-06-15 11:01:00,BUY,4335.06,4337.91
closed,2026-06-15 11:01:00,BUY,4335.06,4337.91
closed_lag,2026-06-15 11:01:00,BUY,4335.06,4337.52
open,2026-06-15 11:02:00,BUY,4335.06,4337.81
closed,2026-06-15 11:02:00,BUY,4335.06,4337.81
closed_lag,2026-06-15 11:02:00,BUY,4335.06,4337.91
open,2026-06-15 11:03:00,BUY,4335.06,4338.18
closed,2026-06-15 11:03:00,BUY,4335.06,4338.18
closed_lag,2026-06-15 11:03:00,BUY,4335.06,4337.81
open,2026-06-15 11:04:00,BUY,4335.06,4337.82
closed,2026-06-15 11:04:00,BUY,4335.06,4337.82
closed_lag,2026-06-15 11:04:00,BUY,4335.06,4338.18
open,2026-06-15 11:05:00,BUY,4335.06,4338.16
closed,2026-06-15 11:05:00,BUY,4335.06,4338.16
closed_lag,2026-06-15 11:05:00,BUY,4335.06,4337.82
open,2026-06-15 11:06:00,BUY,4335.06,4339.06
closed,2026-06-15 11:06:00,BUY,4335.06,4339.06
closed_lag,2026-06-15 11:06:00,BUY,4335.06,4338.16
open,2026-06-15 11:07:00,BUY,4335.06,4338.23
closed,2026-06-15 11:07:00,BUY,4335.06,4338.23
closed_lag,2026-06-15 11:07:00,BUY,4335.06,4339.06
open,2026-06-15 11:08:00,BUY,4335.06,4338.73
closed,2026-06-15 11:08:00,BUY,4335.06,4338.73
closed_lag,2026-06-15 11:08:00,BUY,4335.06,4338.23
open,2026-06-15 11:09:00,BUY,4335.06,4338.6
closed,2026-06-15 11:09:00,BUY,4335.06,4338.6
closed_lag,2026-06-15 11:09:00,BUY,4335.06,4338.73
open,2026-06-15 11:10:00,BUY,4335.06,4338.44
closed,2026-06-15 11:10:00,BUY,4335.06,4338.44
closed_lag,2026-06-15 11:10:00,BUY,4335.06,4338.6
open,2026-06-15 11:11:00,BUY,4335.06,4338.02
closed,2026-06-15 11:11:00,BUY,4335.06,4338.02
closed_lag,2026-06-15 11:11:00,BUY,4335.06,4338.44
open,2026-06-15 11:12:00,BUY,4335.06,4337.59
closed,2026-06-15 11:12:00,BUY,4335.06,4337.59
closed_lag,2026-06-15 11:12:00,BUY,4335.06,4338.02
open,2026-06-15 11:13:00,BUY,4335.06,4339.09
closed,2026-06-15 11:13:00,BUY,4335.06,4339.09
closed_lag,2026-06-15 11:13:00,BUY,4335.06,4337.59
open,2026-06-15 11:14:00,BUY,4335.06,4338.09
closed,2026-06-15 11:14:00,BUY,4335.06,4338.09
closed_lag,2026-06-15 11:14:00,BUY,4335.06,4339.09
open,2026-06-15 11:15:00,BUY,4335.06,4337.34
closed,2026-06-15 11:15:00,BUY,4335.06,4337.34
closed_lag,2026-06-15 11:15:00,BUY,4335.06,4338.09
open,2026-06-15 11:16:00,BUY,4335.06,4338.75
closed,2026-06-15 11:16:00,BUY,4335.06,4338.75
closed_lag,2026-06-15 11:16:00,BUY,4335.06,4337.34
open,2026-06-15 11:17:00,BUY,4335.06,4338.23
closed,2026-06-15 11:17:00,BUY,4335.06,4338.23
closed_lag,2026-06-15 11:17:00,BUY,4335.06,4338.75
open,2026-06-15 11:18:00,BUY,4335.06,4337.99
closed,2026-06-15 11:18:00,BUY,4335.06,4337.99
closed_lag,2026-06-15 11:18:00,BUY,4335.06,4338.23
open,2026-06-15 11:19:00,BUY,4335.06,4339.18
closed,2026-06-15 11:19:00,BUY,4335.06,4339.18
closed_lag,2026-06-15 11:19:00,BUY,4335.06,4337.99
open,2026-06-15 11:20:00,BUY,4335.06,4337.31
closed,2026-06-15 11:20:00,BUY,4335.06,4337.31
closed_lag,2026-06-15 11:20:00,BUY,4335.06,4339.18
open,2026-06-15 11:21:00,BUY,4335.06,4336.88
closed,2026-06-15 11:21:00,BUY,4335.06,4336.88
closed_lag,2026-06-15 11:21:00,BUY,4335.06,4337.31
open,2026-06-15 11:22:00,BUY,4335.06,4337.75
closed,2026-06-15 11:22:00,BUY,4335.06,4337.75
closed_lag,2026-06-15 11:22:00,BUY,4335.06,4336.88
open,2026-06-15 11:23:00,BUY,4335.06,4337.51
closed,2026-06-15 11:23:00,BUY,4335.06,4337.51
closed_lag,2026-06-15 11:23:00,BUY,4335.06,4337.75
open,2026-06-15 11:24:00,BUY,4335.06,4337.98
closed,2026-06-15 11:24:00,BUY,4335.06,4337.98
closed_lag,2026-06-15 11:24:00,BUY,4335.06,4337.51
open,2026-06-15 11:25:00,BUY,4335.06,4337.52
closed,2026-06-15 11:25:00,BUY,4335.06,4337.52
closed_lag,2026-06-15 11:25:00,BUY,4335.06,4337.98
open,2026-06-15 11:26:00,BUY,4335.06,4338.34
closed,2026-06-15 11:26:00,BUY,4335.06,4338.34
closed_lag,2026-06-15 11:26:00,BUY,4335.06,4337.52
open,2026-06-15 11:27:00,BUY,4335.06,4337.96
closed,2026-06-15 11:27:00,BUY,4335.06,4337.96
closed_lag,2026-06-15 11:27:00,BUY,4335.06,4338.34
closed_lag,2026-06-15 11:28:00,BUY,4335.06,4337.96
open,2026-06-15 11:44:00,BUY,4335.06,4338.59
closed,2026-06-15 11:44:00,BUY,4335.06,4338.59
open,2026-06-15 11:45:00,BUY,4335.06,4336.89
closed,2026-06-15 11:45:00,BUY,4335.06,4336.89
closed_lag,2026-06-15 11:45:00,BUY,4335.06,4338.59
closed_lag,2026-06-15 11:46:00,BUY,4335.06,4336.89
open,2026-06-15 11:51:00,BUY,4335.06,4336.58
closed,2026-06-15 11:51:00,BUY,4335.06,4336.58
open,2026-06-15 11:52:00,BUY,4335.06,4336.52
closed,2026-06-15 11:52:00,BUY,4335.06,4336.52
closed_lag,2026-06-15 11:52:00,BUY,4335.06,4336.58
closed_lag,2026-06-15 11:53:00,BUY,4335.06,4336.52
open,2026-06-15 11:54:00,BUY,4335.06,4336.16
closed,2026-06-15 11:54:00,BUY,4335.06,4336.16
closed_lag,2026-06-15 11:55:00,BUY,4335.06,4336.16
open,2026-06-15 11:57:00,BUY,4335.06,4335.71
closed,2026-06-15 11:57:00,BUY,4335.06,4335.71
open,2026-06-15 11:58:00,BUY,4335.06,4335.84
closed,2026-06-15 11:58:00,BUY,4335.06,4335.84
closed_lag,2026-06-15 11:58:00,BUY,4335.06,4335.71
open,2026-06-15 11:59:00,BUY,4335.06,4335.51
closed,2026-06-15 11:59:00,BUY,4335.06,4335.51
closed_lag,2026-06-15 11:59:00,BUY,4335.06,4335.84
closed,2026-06-15 12:00:00,BUY,4335.06,4335.97
closed_lag,2026-06-15 12:00:00,BUY,4335.06,4335.51
closed,2026-06-15 12:01:00,BUY,4335.06,4336.02
closed_lag,2026-06-15 12:01:00,BUY,4335.06,4335.97
closed,2026-06-15 12:02:00,BUY,4335.06,4337.16
closed_lag,2026-06-15 12:02:00,BUY,4335.06,4336.02
closed,2026-06-15 12:03:00,BUY,4335.06,4337.91
closed_lag,2026-06-15 12:03:00,BUY,4335.06,4337.16
closed,2026-06-15 12:04:00,BUY,4335.06,4337.82
closed_lag,2026-06-15 12:04:00,BUY,4335.06,4337.91
closed,2026-06-15 12:05:00,BUY,4335.06,4337.52
closed_lag,2026-06-15 12:05:00,BUY,4335.06,4337.82
closed,2026-06-15 12:06:00,BUY,4335.06,4337.82
closed_lag,2026-06-15 12:06:00,BUY,4335.06,4337.52
closed,2026-06-15 12:07:00,BUY,4335.06,4336.49
closed_lag,2026-06-15 12:07:00,BUY,4335.06,4337.82
closed,2026-06-15 12:08:00,BUY,4335.06,4335.82
closed_lag,2026-06-15 12:08:00,BUY,4335.06,4336.49
closed_lag,2026-06-15 12:09:00,BUY,4335.06,4335.82
closed,2026-06-15 12:10:00,BUY,4335.06,4337.3
closed,2026-06-15 12:11:00,BUY,4335.06,4337.4
closed_lag,2026-06-15 12:11:00,BUY,4335.06,4337.3
closed,2026-06-15 12:12:00,BUY,4335.06,4336.77
closed_lag,2026-06-15 12:12:00,BUY,4335.06,4337.4
closed_lag,2026-06-15 12:13:00,BUY,4335.06,4336.77
closed,2026-06-15 12:25:00,SELL,4339.65,4337.44
closed,2026-06-15 12:26:00,SELL,4339.65,4337.15
closed_lag,2026-06-15 12:26:00,BUY,4335.06,4337.44
closed,2026-06-15 12:27:00,SELL,4339.65,4336.13
closed_lag,2026-06-15 12:27:00,BUY,4335.06,4337.15
closed_lag,2026-06-15 12:28:00,BUY,4335.06,4336.13
closed_lag,2026-06-15 12:30:00,SELL,4339.65,4337.4
open,2026-06-15 13:59:00,BUY,4352.48,4355.22
closed,2026-06-15 13:59:00,BUY,4352.48,4355.22
closed_lag,2026-06-15 14:00:00,BUY,4352.48,4355.22
open,2026-06-15 14:01:00,BUY,4352.48,4355.59
closed,2026-06-15 14:01:00,BUY,4352.48,4355.59
closed_lag,2026-06-15 14:02:00,BUY,4352.48,4355.59
open,2026-06-15 14:22:00,BUY,4352.48,4354.88
closed,2026-06-15 14:22:00,BUY,4352.48,4354.88
closed_lag,2026-06-15 14:23:00,BUY,4352.48,4354.88
open,2026-06-15 14:37:00,BUY,4352.48,4354.84
closed,2026-06-15 14:37:00,BUY,4352.48,4354.84
closed_lag,2026-06-15 14:38:00,BUY,4352.48,4354.84
open,2026-06-15 14:42:00,BUY,4352.48,4355.4
closed,2026-06-15 14:42:00,BUY,4352.48,4355.4
closed_lag,2026-06-15 14:43:00,BUY,4352.48,4355.4
open,2026-06-15 15:00:00,BUY,4352.48,4355.22
closed,2026-06-15 15:00:00,BUY,4352.48,4355.22
closed_lag,2026-06-15 15:01:00,BUY,4352.48,4355.22
open,2026-06-15 15:02:00,BUY,4352.48,4353.22
closed,2026-06-15 15:02:00,BUY,4352.48,4353.22
open,2026-06-15 15:03:00,BUY,4352.48,4355.27
closed,2026-06-15 15:03:00,BUY,4352.48,4355.27
closed_lag,2026-06-15 15:03:00,BUY,4352.48,4353.22
open,2026-06-15 15:04:00,BUY,4352.48,4354.84
closed,2026-06-15 15:04:00,BUY,4352.48,4354.84
closed_lag,2026-06-15 15:04:00,BUY,4352.48,4355.27
closed_lag,2026-06-15 15:05:00,BUY,4352.48,4354.84
open,2026-06-15 15:06:00,BUY,4352.48,4355.99
closed,2026-06-15 15:06:00,BUY,4352.48,4355.99
open,2026-06-15 15:07:00,BUY,4352.48,4355.33
closed,2026-06-15 15:07:00,BUY,4352.48,4355.33
closed_lag,2026-06-15 15:07:00,BUY,4352.48,4355.99
open,2026-06-15 15:08:00,BUY,4352.48,4355.78
closed,2026-06-15 15:08:00,BUY,4352.48,4355.78
closed_lag,2026-06-15 15:08:00,BUY,4352.48,4355.33
open,2026-06-15 15:09:00,BUY,4352.48,4354.34
closed,2026-06-15 15:09:00,BUY,4352.48,4354.34
closed_lag,2026-06-15 15:09:00,BUY,4352.48,4355.78
closed_lag,2026-06-15 15:10:00,BUY,4352.48,4354.34
open,2026-06-15 15:15:00,BUY,4352.48,4355.85
closed,2026-06-15 15:15:00,BUY,4352.48,4355.85
open,2026-06-15 15:16:00,BUY,4352.48,4353.57
closed,2026-06-15 15:16:00,BUY,4352.48,4353.57
closed_lag,2026-06-15 15:16:00,BUY,4352.48,4355.85
open,2026-06-15 15:17:00,BUY,4352.48,4353.46
closed,2026-06-15 15:17:00,BUY,4352.48,4353.46
closed_lag,2026-06-15 15:17:00,BUY,4352.48,4353.57
closed_lag,2026-06-15 15:18:00,BUY,4352.48,4353.46
open,2026-06-15 15:20:00,BUY,4352.48,4352.98
closed,2026-06-15 15:20:00,BUY,4352.48,4352.98
open,2026-06-15 15:21:00,BUY,4352.48,4353.55
closed,2026-06-15 15:21:00,BUY,4352.48,4353.55
closed_lag,2026-06-15 15:21:00,BUY,4352.48,4352.98
open,2026-06-15 15:22:00,BUY,4352.48,4355.44
closed,2026-06-15 15:22:00,BUY,4352.48,4355.44
closed_lag,2026-06-15 15:22:00,BUY,4352.48,4353.55
closed_lag,2026-06-15 15:23:00,BUY,4352.48,4355.44
open,2026-06-15 15:26:00,BUY,4352.48,4355.45
closed,2026-06-15 15:26:00,BUY,4352.48,4355.45
open,2026-06-15 15:27:00,BUY,4352.48,4354.45
closed,2026-06-15 15:27:00,BUY,4352.48,4354.45
closed_lag,2026-06-15 15:27:00,BUY,4352.48,4355.45
open,2026-06-15 15:28:00,BUY,4352.48,4354.56
closed,2026-06-15 15:28:00,BUY,4352.48,4354.56
closed_lag,2026-06-15 15:28:00,BUY,4352.48,4354.45
open,2026-06-15 15:29:00,BUY,4352.48,4354.17
closed,2026-06-15 15:29:00,BUY,4352.48,4354.17
closed_lag,2026-06-15 15:29:00,BUY,4352.48,4354.56
open,2026-06-15 15:30:00,BUY,4352.48,4353.86
closed,2026-06-15 15:30:00,BUY,4352.48,4353.86
closed_lag,2026-06-15 15:30:00,BUY,4352.48,4354.17
open,2026-06-15 15:31:00,BUY,4352.48,4353.06
closed,2026-06-15 15:31:00,BUY,4352.48,4353.06
closed_lag,2026-06-15 15:31:00,BUY,4352.48,4353.86
closed_lag,2026-06-15 15:32:00,BUY,4352.48,4353.06
open,2026-06-15 15:34:00,BUY,4352.48,4352.87
closed,2026-06-15 15:34:00,BUY,4352.48,4352.87
open,2026-06-15 15:35:00,BUY,4352.48,4353.14
closed,2026-06-15 15:35:00,BUY,4352.48,4353.14
closed_lag,2026-06-15 15:35:00,BUY,4352.48,4352.87
closed_lag,2026-06-15 15:36:00,BUY,4352.48,4353.14
open,2026-06-15 15:37:00,BUY,4352.48,4354.27
closed,2026-06-15 15:37:00,BUY,4352.48,4354.27
open,2026-06-15 15:38:00,BUY,4352.48,4354.03
closed,2026-06-15 15:38:00,BUY,4352.48,4354.03
closed_lag,2026-06-15 15:38:00,BUY,4352.48,4354.27
open,2026-06-15 15:39:00,BUY,4352.48,4354.78
closed,2026-06-15 15:39:00,BUY,4352.48,4354.78
closed_lag,2026-06-15 15:39:00,BUY,4352.48,4354.03
open,2026-06-15 15:40:00,BUY,4352.48,4355.31
closed,2026-06-15 15:40:00,BUY,4352.48,4355.31
closed_lag,2026-06-15 15:40:00,BUY,4352.48,4354.78
open,2026-06-15 15:41:00,BUY,4352.48,4355.89
closed,2026-06-15 15:41:00,BUY,4352.48,4355.89
closed_lag,2026-06-15 15:41:00,BUY,4352.48,4355.31
closed_lag,2026-06-15 15:42:00,BUY,4352.48,4355.89
open,2026-06-15 15:52:00,BUY,4352.48,4355.65
closed,2026-06-15 15:52:00,BUY,4352.48,4355.65
open,2026-06-15 15:53:00,BUY,4352.48,4355.09
closed,2026-06-15 15:53:00,BUY,4352.48,4355.09
closed_lag,2026-06-15 15:53:00,BUY,4352.48,4355.65
closed_lag,2026-06-15 15:54:00,BUY,4352.48,4355.09
closed_lag,2026-06-16 07:05:00,SELL,4327.83,4326.78
closed_lag,2026-06-16 07:06:00,SELL,4327.83,4326.32
closed_lag,2026-06-16 07:07:00,SELL,4327.83,4327.13
closed_lag,2026-06-16 07:08:00,SELL,4327.83,4325.9
closed_lag,2026-06-16 07:09:00,SELL,4327.83,4326.6
closed_lag,2026-06-16 07:10:00,SELL,4327.83,4326.77
closed_lag,2026-06-16 07:11:00,SELL,4327.83,4326.42
closed_lag,2026-06-16 07:12:00,SELL,4327.83,4326.98
open,2026-06-16 07:25:00,BUY,4323.89,4325.55
open,2026-06-16 07:28:00,BUY,4323.89,4327.26
open,2026-06-16 07:35:00,BUY,4323.89,4326.79
closed,2026-06-16 07:35:00,BUY,4323.89,4326.79
closed_lag,2026-06-16 07:36:00,BUY,4323.89,4326.79
open,2026-06-16 07:37:00,BUY,4323.89,4326.53
closed,2026-06-16 07:37:00,BUY,4323.89,4326.53
closed_lag,2026-06-16 07:38:00,BUY,4323.89,4326.53
open,2026-06-16 07:44:00,BUY,4323.89,4327.55
closed,2026-06-16 07:44:00,BUY,4323.89,4327.55
open,2026-06-16 07:45:00,BUY,4323.89,4327.25
closed,2026-06-16 07:45:00,BUY,4323.89,4327.25
closed_lag,2026-06-16 07:45:00,BUY,4323.89,4327.55
open,2026-06-16 07:46:00,BUY,4323.89,4327.73
closed,2026-06-16 07:46:00,BUY,4323.89,4327.73
closed_lag,2026-06-16 07:46:00,BUY,4323.89,4327.25
closed_lag,2026-06-16 07:47:00,BUY,4323.89,4327.73
open,2026-06-16 08:05:00,BUY,4332.41,4334.16
open,2026-06-16 08:06:00,BUY,4332.41,4335.56
open,2026-06-16 08:07:00,BUY,4332.41,4334.97
open,2026-06-16 08:08:00,BUY,4332.41,4335.43
open,2026-06-16 08:33:00,BUY,4337.45,4340.4
open,2026-06-16 08:38:00,BUY,4337.45,4339.2
closed,2026-06-16 08:38:00,BUY,4337.45,4339.2
closed_lag,2026-06-16 08:39:00,BUY,4337.45,4339.2
open,2026-06-16 08:41:00,BUY,4337.45,4340.3
closed,2026-06-16 08:41:00,BUY,4337.45,4340.3
closed_lag,2026-06-16 08:42:00,BUY,4337.45,4340.3
open,2026-06-16 09:45:00,BUY,4338.11,4340.91
closed,2026-06-16 09:45:00,BUY,4338.11,4340.91
open,2026-06-16 09:46:00,BUY,4338.11,4341.41
closed,2026-06-16 09:46:00,BUY,4338.11,4341.41
closed_lag,2026-06-16 09:46:00,BUY,4338.11,4340.91
closed_lag,2026-06-16 09:47:00,BUY,4338.11,4341.41
open,2026-06-16 11:08:00,BUY,4338.11,4341.31
closed,2026-06-16 11:08:00,BUY,4338.11,4341.31
open,2026-06-16 11:09:00,BUY,4338.11,4340.64
closed,2026-06-16 11:09:00,BUY,4338.11,4340.64
closed_lag,2026-06-16 11:09:00,BUY,4338.11,4341.31
open,2026-06-16 11:10:00,BUY,4338.11,4341.18
closed,2026-06-16 11:10:00,BUY,4338.11,4341.18
closed_lag,2026-06-16 11:10:00,BUY,4338.11,4340.64
open,2026-06-16 11:11:00,BUY,4338.11,4341.38
closed,2026-06-16 11:11:00,BUY,4338.11,4341.38
closed_lag,2026-06-16 11:11:00,BUY,4338.11,4341.18
open,2026-06-16 11:12:00,BUY,4338.11,4340.56
closed,2026-06-16 11:12:00,BUY,4338.11,4340.56
closed_lag,2026-06-16 11:12:00,BUY,4338.11,4341.38
open,2026-06-16 11:13:00,BUY,4338.11,4341.23
closed,2026-06-16 11:13:00,BUY,4338.11,4341.23
closed_lag,2026-06-16 11:13:00,BUY,4338.11,4340.56
closed_lag,2026-06-16 11:14:00,BUY,4338.11,4341.23
open,2026-06-16 11:15:00,BUY,4338.11,4339.78
closed,2026-06-16 11:15:00,BUY,4338.11,4339.78
open,2026-06-16 11:16:00,BUY,4338.11,4339.88
closed,2026-06-16 11:16:00,BUY,4338.11,4339.88
closed_lag,2026-06-16 11:16:00,BUY,4338.11,4339.78
open,2026-06-16 11:17:00,BUY,4338.11,4340.15
closed,2026-06-16 11:17:00,BUY,4338.11,4340.15
closed_lag,2026-06-16 11:17:00,BUY,4338.11,4339.88
open,2026-06-16 11:18:00,BUY,4338.11,4339.36
closed,2026-06-16 11:18:00,BUY,4338.11,4339.36
closed_lag,2026-06-16 11:18:00,BUY,4338.11,4340.15
open,2026-06-16 11:19:00,BUY,4338.11,4340.8
closed,2026-06-16 11:19:00,BUY,4338.11,4340.8
closed_lag,2026-06-16 11:19:00,BUY,4338.11,4339.36
open,2026-06-16 11:20:00,BUY,4338.11,4339.88
closed,2026-06-16 11:20:00,BUY,4338.11,4339.88
closed_lag,2026-06-16 11:20:00,BUY,4338.11,4340.8
open,2026-06-16 11:21:00,BUY,4338.11,4339.35
closed,2026-06-16 11:21:00,BUY,4338.11,4339.35
closed_lag,2026-06-16 11:21:00,BUY,4338.11,4339.88
open,2026-06-16 11:22:00,BUY,4338.11,4339.95
closed,2026-06-16 11:22:00,BUY,4338.11,4339.95
closed_lag,2026-06-16 11:22:00,BUY,4338.11,4339.35
open,2026-06-16 11:23:00,BUY,4338.11,4340.12
closed,2026-06-16 11:23:00,BUY,4338.11,4340.12
closed_lag,2026-06-16 11:23:00,BUY,4338.11,4339.95
open,2026-06-16 11:24:00,BUY,4338.11,4340.99
closed,2026-06-16 11:24:00,BUY,4338.11,4340.99
closed_lag,2026-06-16 11:24:00,BUY,4338.11,4340.12
open,2026-06-16 11:25:00,BUY,4338.11,4340.73
closed,2026-06-16 11:25:00,BUY,4338.11,4340.73
closed_lag,2026-06-16 11:25:00,BUY,4338.11,4340.99
open,2026-06-16 11:26:00,BUY,4338.11,4340.88
closed,2026-06-16 11:26:00,BUY,4338.11,4340.88
closed_lag,2026-06-16 11:26:00,BUY,4338.11,4340.73
closed_lag,2026-06-16 11:27:00,BUY,4338.11,4340.88
open,2026-06-16 11:30:00,BUY,4338.11,4340.62
closed,2026-06-16 11:30:00,BUY,4338.11,4340.62
open,2026-06-16 11:31:00,BUY,4338.11,4339.78
closed,2026-06-16 11:31:00,BUY,4338.11,4339.78
closed_lag,2026-06-16 11:31:00,BUY,4338.11,4340.62
open,2026-06-16 11:32:00,BUY,4338.11,4338.88
closed,2026-06-16 11:32:00,BUY,4338.11,4338.88
closed_lag,2026-06-16 11:32:00,BUY,4338.11,4339.78
open,2026-06-16 11:33:00,BUY,4338.11,4339.62
closed,2026-06-16 11:33:00,BUY,4338.11,4339.62
closed_lag,2026-06-16 11:33:00,BUY,4338.11,4338.88
open,2026-06-16 11:34:00,BUY,4338.11,4340.8
closed,2026-06-16 11:34:00,BUY,4338.11,4340.8
closed_lag,2026-06-16 11:34:00,BUY,4338.11,4339.62
open,2026-06-16 11:35:00,BUY,4338.11,4339.62
closed,2026-06-16 11:35:00,BUY,4338.11,4339.62
closed_lag,2026-06-16 11:35:00,BUY,4338.11,4340.8
closed_lag,2026-06-16 11:36:00,BUY,4338.11,4339.62
open,2026-06-16 11:38:00,BUY,4338.11,4338.94
closed,2026-06-16 11:38:00,BUY,4338.11,4338.94
open,2026-06-16 11:39:00,BUY,4338.11,4338.71
closed,2026-06-16 11:39:00,BUY,4338.11,4338.71
closed_lag,2026-06-16 11:39:00,BUY,4338.11,4338.94
open,2026-06-16 11:40:00,BUY,4338.11,4338.94
closed,2026-06-16 11:40:00,BUY,4338.11,4338.94
closed_lag,2026-06-16 11:40:00,BUY,4338.11,4338.71
open,2026-06-16 11:41:00,BUY,4338.11,4338.67
closed,2026-06-16 11:41:00,BUY,4338.11,4338.67
closed_lag,2026-06-16 11:41:00,BUY,4338.11,4338.94
closed_lag,2026-06-16 11:42:00,BUY,4338.11,4338.67
open,2026-06-16 11:43:00,BUY,4338.11,4338.85
closed,2026-06-16 11:43:00,BUY,4338.11,4338.85
open,2026-06-16 11:44:00,BUY,4338.11,4339.07
closed,2026-06-16 11:44:00,BUY,4338.11,4339.07
closed_lag,2026-06-16 11:44:00,BUY,4338.11,4338.85
open,2026-06-16 11:45:00,BUY,4338.11,4341.38
closed,2026-06-16 11:45:00,BUY,4338.11,4341.38
closed_lag,2026-06-16 11:45:00,BUY,4338.11,4339.07
open,2026-06-16 11:46:00,BUY,4338.11,4340.52
closed,2026-06-16 11:46:00,BUY,4338.11,4340.52
closed_lag,2026-06-16 11:46:00,BUY,4338.11,4341.38
open,2026-06-16 11:47:00,BUY,4338.11,4340.47
closed,2026-06-16 11:47:00,BUY,4338.11,4340.47
closed_lag,2026-06-16 11:47:00,BUY,4338.11,4340.52
open,2026-06-16 11:48:00,BUY,4338.11,4338.88
closed,2026-06-16 11:48:00,BUY,4338.11,4338.88
closed_lag,2026-06-16 11:48:00,BUY,4338.11,4340.47
closed_lag,2026-06-16 11:49:00,BUY,4338.11,4338.88
open,2026-06-16 11:50:00,BUY,4338.11,4340.48
closed,2026-06-16 11:50:00,BUY,4338.11,4340.48
open,2026-06-16 11:51:00,BUY,4338.11,4339.5
closed,2026-06-16 11:51:00,BUY,4338.11,4339.5
closed_lag,2026-06-16 11:51:00,BUY,4338.11,4340.48
open,2026-06-16 11:52:00,BUY,4338.11,4339.51
closed,2026-06-16 11:52:00,BUY,4338.11,4339.51
closed_lag,2026-06-16 11:52:00,BUY,4338.11,4339.5
open,2026-06-16 11:53:00,BUY,4338.11,4339.2
closed,2026-06-16 11:53:00,BUY,4338.11,4339.2
closed_lag,2026-06-16 11:53:00,BUY,4338.11,4339.51
open,2026-06-16 11:54:00,BUY,4338.11,4339.98
closed,2026-06-16 11:54:00,BUY,4338.11,4339.98
closed_lag,2026-06-16 11:54:00,BUY,4338.11,4339.2
open,2026-06-16 11:55:00,BUY,4338.11,4339.4
closed,2026-06-16 11:55:00,BUY,4338.11,4339.4
closed_lag,2026-06-16 11:55:00,BUY,4338.11,4339.98
open,2026-06-16 11:56:00,BUY,4338.11,4338.48
closed,2026-06-16 11:56:00,BUY,4338.11,4338.48
closed_lag,2026-06-16 11:56:00,BUY,4338.11,4339.4
open,2026-06-16 11:57:00,BUY,4338.11,4340.28
closed,2026-06-16 11:57:00,BUY,4338.11,4340.28
closed_lag,2026-06-16 11:57:00,BUY,4338.11,4338.48
open,2026-06-16 11:58:00,BUY,4338.11,4338.82
closed,2026-06-16 11:58:00,BUY,4338.11,4338.82
closed_lag,2026-06-16 11:58:00,BUY,4338.11,4340.28
open,2026-06-16 11:59:00,BUY,4338.11,4341.01
closed,2026-06-16 11:59:00,BUY,4338.11,4341.01
closed_lag,2026-06-16 11:59:00,BUY,4338.11,4338.82
open,2026-06-16 12:00:00,BUY,4338.11,4339.44
closed,2026-06-16 12:00:00,BUY,4338.11,4339.44
closed_lag,2026-06-16 12:00:00,BUY,4338.11,4341.01
open,2026-06-16 12:01:00,BUY,4338.11,4340.74
closed,2026-06-16 12:01:00,BUY,4338.11,4340.74
closed_lag,2026-06-16 12:01:00,BUY,4338.11,4339.44
open,2026-06-16 12:02:00,BUY,4338.11,4341.03
closed,2026-06-16 12:02:00,BUY,4338.11,4341.03
closed_lag,2026-06-16 12:02:00,BUY,4338.11,4340.74
closed_lag,2026-06-16 12:03:00,BUY,4338.11,4341.03
open,2026-06-16 12:04:00,BUY,4338.11,4338.69
closed,2026-06-16 12:04:00,BUY,4338.11,4338.69
closed_lag,2026-06-16 12:05:00,BUY,4338.11,4338.69
open,2026-06-16 12:06:00,BUY,4338.29,4340.0
closed,2026-06-16 12:06:00,BUY,4338.11,4340.0
open,2026-06-16 12:07:00,BUY,4338.29,4341.84
closed_lag,2026-06-16 12:07:00,BUY,4338.11,4340.0
open,2026-06-16 12:18:00,BUY,4338.29,4340.7
closed,2026-06-16 12:18:00,BUY,4338.29,4340.7
open,2026-06-16 12:19:00,BUY,4338.29,4341.6
closed,2026-06-16 12:19:00,BUY,4338.29,4341.6
closed_lag,2026-06-16 12:19:00,BUY,4338.29,4340.7
closed_lag,2026-06-16 12:20:00,BUY,4338.29,4341.6
open,2026-06-16 12:21:00,BUY,4338.29,4339.16
closed,2026-06-16 12:21:00,BUY,4338.29,4339.16
open,2026-06-16 12:22:00,BUY,4338.29,4340.64
closed,2026-06-16 12:22:00,BUY,4338.29,4340.64
closed_lag,2026-06-16 12:22:00,BUY,4338.29,4339.16
open,2026-06-16 12:23:00,BUY,4338.29,4341.59
closed,2026-06-16 12:23:00,BUY,4338.29,4341.59
closed_lag,2026-06-16 12:23:00,BUY,4338.29,4340.64
open,2026-06-16 12:24:00,BUY,4338.29,4342.06
closed,2026-06-16 12:24:00,BUY,4338.29,4342.06
closed_lag,2026-06-16 12:24:00,BUY,4338.29,4341.59
open,2026-06-16 12:25:00,BUY,4338.29,4340.62
closed,2026-06-16 12:25:00,BUY,4338.29,4340.62
closed_lag,2026-06-16 12:25:00,BUY,4338.29,4342.06
open,2026-06-16 12:26:00,BUY,4338.29,4340.96
closed,2026-06-16 12:26:00,BUY,4338.29,4340.96
closed_lag,2026-06-16 12:26:00,BUY,4338.29,4340.62
open,2026-06-16 12:27:00,BUY,4338.29,4339.66
closed,2026-06-16 12:27:00,BUY,4338.29,4339.66
closed_lag,2026-06-16 12:27:00,BUY,4338.29,4340.96
open,2026-06-16 12:28:00,BUY,4338.29,4341.19
closed,2026-06-16 12:28:00,BUY,4338.29,4341.19
closed_lag,2026-06-16 12:28:00,BUY,4338.29,4339.66
closed_lag,2026-06-16 12:29:00,BUY,4338.29,4341.19
closed,2026-06-16 13:16:00,BUY,4338.29,4341.08
closed,2026-06-16 13:17:00,BUY,4338.29,4340.4
closed_lag,2026-06-16 13:17:00,BUY,4338.29,4341.08
closed,2026-06-16 13:18:00,BUY,4338.29,4340.79
closed_lag,2026-06-16 13:18:00,BUY,4338.29,4340.4
closed,2026-06-16 13:19:00,BUY,4338.29,4340.51
closed_lag,2026-06-16 13:19:00,BUY,4338.29,4340.79
closed,2026-06-16 13:20:00,BUY,4338.29,4338.94
closed_lag,2026-06-16 13:20:00,BUY,4338.29,4340.51
closed_lag,2026-06-16 13:21:00,BUY,4338.29,4338.94
closed_lag,2026-06-16 13:32:00,BUY,4338.29,4339.41
closed_lag,2026-06-16 13:37:00,BUY,4338.11,4338.44
closed_lag,2026-06-16 13:38:00,BUY,4338.29,4339.38
closed_lag,2026-06-16 13:43:00,BUY,4338.11,4338.44
open,2026-06-16 14:15:00,SELL,4336.42,4333.15
open,2026-06-16 14:25:00,SELL,4326.4,4324.28
open,2026-06-16 14:26:00,SELL,4326.4,4323.53
open,2026-06-16 14:28:00,SELL,4326.4,4323.8
open,2026-06-16 14:37:00,SELL,4326.4,4324.08
closed,2026-06-16 14:37:00,SELL,4326.4,4324.08
open,2026-06-16 14:38:00,SELL,4326.4,4321.99
closed,2026-06-16 14:38:00,SELL,4326.4,4321.99
closed_lag,2026-06-16 14:38:00,SELL,4326.4,4324.08
open,2026-06-16 14:39:00,SELL,4326.4,4324.89
closed,2026-06-16 14:39:00,SELL,4326.4,4324.89
closed_lag,2026-06-16 14:39:00,SELL,4326.4,4321.99
open,2026-06-16 14:40:00,SELL,4326.4,4325.63
closed,2026-06-16 14:40:00,SELL,4326.4,4325.63
closed_lag,2026-06-16 14:40:00,SELL,4326.4,4324.89
closed_lag,2026-06-16 14:41:00,SELL,4326.4,4325.63
open,2026-06-16 14:43:00,SELL,4326.4,4326.1
closed,2026-06-16 14:43:00,SELL,4326.4,4326.1
open,2026-06-16 14:44:00,SELL,4326.4,4324.35
closed,2026-06-16 14:44:00,SELL,4326.4,4324.35
closed_lag,2026-06-16 14:44:00,SELL,4326.4,4326.1
open,2026-06-16 14:45:00,SELL,4326.4,4323.03
closed,2026-06-16 14:45:00,SELL,4326.4,4323.03
closed_lag,2026-06-16 14:45:00,SELL,4326.4,4324.35
open,2026-06-16 14:46:00,SELL,4326.4,4325.34
closed,2026-06-16 14:46:00,SELL,4326.4,4325.34
closed_lag,2026-06-16 14:46:00,SELL,4326.4,4323.03
open,2026-06-16 14:47:00,SELL,4326.4,4323.59
closed,2026-06-16 14:47:00,SELL,4326.4,4323.59
closed_lag,2026-06-16 14:47:00,SELL,4326.4,4325.34
open,2026-06-16 14:48:00,SELL,4326.4,4324.8
closed,2026-06-16 14:48:00,SELL,4326.4,4324.8
closed_lag,2026-06-16 14:48:00,SELL,4326.4,4323.59
open,2026-06-16 14:49:00,SELL,4326.4,4325.23
closed,2026-06-16 14:49:00,SELL,4326.4,4325.23
closed_lag,2026-06-16 14:49:00,SELL,4326.4,4324.8
open,2026-06-16 14:50:00,SELL,4326.4,4325.93
closed,2026-06-16 14:50:00,SELL,4326.4,4325.93
closed_lag,2026-06-16 14:50:00,SELL,4326.4,4325.23
open,2026-06-16 14:51:00,SELL,4326.4,4325.98
closed,2026-06-16 14:51:00,SELL,4326.4,4325.98
closed_lag,2026-06-16 14:51:00,SELL,4326.4,4325.93
open,2026-06-16 14:52:00,SELL,4326.4,4325.78
closed,2026-06-16 14:52:00,SELL,4326.4,4325.78
closed_lag,2026-06-16 14:52:00,SELL,4326.4,4325.98
open,2026-06-16 14:53:00,SELL,4326.4,4324.48
closed,2026-06-16 14:53:00,SELL,4326.4,4324.48
closed_lag,2026-06-16 14:53:00,SELL,4326.4,4325.78
open,2026-06-16 14:54:00,SELL,4326.4,4325.05
closed,2026-06-16 14:54:00,SELL,4326.4,4325.05
closed_lag,2026-06-16 14:54:00,SELL,4326.4,4324.48
open,2026-06-16 14:55:00,SELL,4326.4,4321.85
closed,2026-06-16 14:55:00,SELL,4326.4,4321.85
closed_lag,2026-06-16 14:55:00,SELL,4326.4,4325.05
open,2026-06-16 14:56:00,SELL,4326.4,4323.42
closed,2026-06-16 14:56:00,SELL,4326.4,4323.42
closed_lag,2026-06-16 14:56:00,SELL,4326.4,4321.85
open,2026-06-16 14:57:00,SELL,4326.4,4323.85
closed,2026-06-16 14:57:00,SELL,4326.4,4323.85
closed_lag,2026-06-16 14:57:00,SELL,4326.4,4323.42
open,2026-06-16 14:58:00,SELL,4326.4,4322.49
closed,2026-06-16 14:58:00,SELL,4326.4,4322.49
closed_lag,2026-06-16 14:58:00,SELL,4326.4,4323.85
open,2026-06-16 14:59:00,SELL,4326.4,4324.19
closed,2026-06-16 14:59:00,SELL,4326.4,4324.19
closed_lag,2026-06-16 14:59:00,SELL,4326.4,4322.49
open,2026-06-16 15:00:00,SELL,4326.4,4322.49
closed,2026-06-16 15:00:00,SELL,4326.4,4322.49
closed_lag,2026-06-16 15:00:00,SELL,4326.4,4324.19
open,2026-06-16 15:01:00,SELL,4326.4,4323.98
closed,2026-06-16 15:01:00,SELL,4326.4,4323.98
closed_lag,2026-06-16 15:01:00,SELL,4326.4,4322.49
open,2026-06-16 15:02:00,SELL,4326.4,4325.83
closed,2026-06-16 15:02:00,SELL,4326.4,4325.83
closed_lag,2026-06-16 15:02:00,SELL,4326.4,4323.98
open,2026-06-16 15:03:00,SELL,4326.4,4324.55
closed,2026-06-16 15:03:00,SELL,4326.4,4324.55
closed_lag,2026-06-16 15:03:00,SELL,4326.4,4325.83
open,2026-06-16 15:04:00,SELL,4326.4,4323.39
closed,2026-06-16 15:04:00,SELL,4326.4,4323.39
closed_lag,2026-06-16 15:04:00,SELL,4326.4,4324.55
open,2026-06-16 15:05:00,SELL,4326.4,4324.84
closed,2026-06-16 15:05:00,SELL,4326.4,4324.84
closed_lag,2026-06-16 15:05:00,SELL,4326.4,4323.39
open,2026-06-16 15:06:00,SELL,4326.4,4324.98
closed,2026-06-16 15:06:00,SELL,4326.4,4324.98
closed_lag,2026-06-16 15:06:00,SELL,4326.4,4324.84
open,2026-06-16 15:07:00,SELL,4326.4,4322.94
closed,2026-06-16 15:07:00,SELL,4326.4,4322.94
closed_lag,2026-06-16 15:07:00,SELL,4326.4,4324.98
open,2026-06-16 15:08:00,SELL,4326.4,4323.94
closed,2026-06-16 15:08:00,SELL,4326.4,4323.94
closed_lag,2026-06-16 15:08:00,SELL,4326.4,4322.94
open,2026-06-16 15:09:00,SELL,4326.4,4324.62
closed,2026-06-16 15:09:00,SELL,4326.4,4324.62
closed_lag,2026-06-16 15:09:00,SELL,4326.4,4323.94
open,2026-06-16 15:10:00,SELL,4326.4,4325.77
closed,2026-06-16 15:10:00,SELL,4326.4,4325.77
closed_lag,2026-06-16 15:10:00,SELL,4326.4,4324.62
open,2026-06-16 15:11:00,SELL,4326.4,4323.79
closed,2026-06-16 15:11:00,SELL,4326.4,4323.79
closed_lag,2026-06-16 15:11:00,SELL,4326.4,4325.77
open,2026-06-16 15:12:00,SELL,4326.4,4325.32
closed,2026-06-16 15:12:00,SELL,4326.4,4325.32
closed_lag,2026-06-16 15:12:00,SELL,4326.4,4323.79
closed_lag,2026-06-16 15:13:00,SELL,4326.4,4325.32
open,2026-06-16 15:14:00,SELL,4326.4,4324.7
closed,2026-06-16 15:14:00,SELL,4326.4,4324.7
closed_lag,2026-06-16 15:15:00,SELL,4326.4,4324.7
open,2026-06-16 15:17:00,SELL,4326.4,4325.83
closed,2026-06-16 15:17:00,SELL,4326.4,4325.83
closed_lag,2026-06-16 15:18:00,SELL,4326.4,4325.83
open,2026-06-16 15:19:00,SELL,4326.4,4325.53
closed,2026-06-16 15:19:00,SELL,4326.4,4325.53
open,2026-06-16 15:20:00,SELL,4326.4,4325.18
closed,2026-06-16 15:20:00,SELL,4326.4,4325.18
closed_lag,2026-06-16 15:20:00,SELL,4326.4,4325.53
closed_lag,2026-06-16 15:21:00,SELL,4326.4,4325.18
open,2026-06-16 15:22:00,SELL,4326.4,4323.56
closed,2026-06-16 15:22:00,SELL,4326.4,4323.56
open,2026-06-16 15:23:00,SELL,4326.4,4325.01
closed,2026-06-16 15:23:00,SELL,4326.4,4325.01
closed_lag,2026-06-16 15:23:00,SELL,4326.4,4323.56
open,2026-06-16 15:24:00,SELL,4326.4,4321.52
closed,2026-06-16 15:24:00,SELL,4326.4,4321.52
closed_lag,2026-06-16 15:24:00,SELL,4326.4,4325.01
open,2026-06-16 15:25:00,SELL,4326.4,4324.22
closed,2026-06-16 15:25:00,SELL,4326.4,4324.22
closed_lag,2026-06-16 15:25:00,SELL,4326.4,4321.52
open,2026-06-16 15:26:00,SELL,4326.4,4323.9
closed,2026-06-16 15:26:00,SELL,4326.4,4323.9
closed_lag,2026-06-16 15:26:00,SELL,4326.4,4324.22
open,2026-06-16 15:27:00,SELL,4326.4,4324.55
closed,2026-06-16 15:27:00,SELL,4326.4,4324.55
closed_lag,2026-06-16 15:27:00,SELL,4326.4,4323.9
open,2026-06-16 15:28:00,SELL,4326.4,4324.64
closed,2026-06-16 15:28:00,SELL,4326.4,4324.64
closed_lag,2026-06-16 15:28:00,SELL,4326.4,4324.55
open,2026-06-16 15:29:00,SELL,4326.4,4326.05
closed,2026-06-16 15:29:00,SELL,4326.4,4326.05
closed_lag,2026-06-16 15:29:00,SELL,4326.4,4324.64
open,2026-06-16 15:30:00,SELL,4326.4,4325.71
closed,2026-06-16 15:30:00,SELL,4326.4,4325.71
closed_lag,2026-06-16 15:30:00,SELL,4326.4,4326.05
open,2026-06-16 15:31:00,SELL,4326.4,4325.87
closed,2026-06-16 15:31:00,SELL,4326.4,4325.87
closed_lag,2026-06-16 15:31:00,SELL,4326.4,4325.71
open,2026-06-16 15:32:00,SELL,4326.4,4325.76
closed,2026-06-16 15:32:00,SELL,4326.4,4325.76
closed_lag,2026-06-16 15:32:00,SELL,4326.4,4325.87
closed_lag,2026-06-16 15:33:00,SELL,4326.4,4325.76
open,2026-06-16 15:38:00,SELL,4326.4,4323.52
closed,2026-06-16 15:38:00,SELL,4326.4,4323.52
open,2026-06-16 15:39:00,SELL,4326.4,4325.98
closed,2026-06-16 15:39:00,SELL,4326.4,4325.98
closed_lag,2026-06-16 15:39:00,SELL,4326.4,4323.52
open,2026-06-16 15:40:00,SELL,4326.4,4324.53
closed,2026-06-16 15:40:00,SELL,4326.4,4324.53
closed_lag,2026-06-16 15:40:00,SELL,4326.4,4325.98
closed_lag,2026-06-16 15:41:00,SELL,4326.4,4324.53
open,2026-06-16 15:42:00,SELL,4326.4,4326.02
closed,2026-06-16 15:42:00,SELL,4326.4,4326.02
open,2026-06-16 15:43:00,SELL,4326.4,4325.4
closed,2026-06-16 15:43:00,SELL,4326.4,4325.4
closed_lag,2026-06-16 15:43:00,SELL,4326.4,4326.02
closed_lag,2026-06-16 15:44:00,SELL,4326.4,4325.4
closed,2026-06-16 15:45:00,SELL,4326.4,4322.38
closed,2026-06-16 15:46:00,SELL,4326.4,4322.36
closed_lag,2026-06-16 15:46:00,SELL,4326.4,4322.38
closed,2026-06-16 15:47:00,SELL,4326.4,4323.1
closed_lag,2026-06-16 15:47:00,SELL,4326.4,4322.36
closed,2026-06-16 15:48:00,SELL,4326.4,4323.57
closed_lag,2026-06-16 15:48:00,SELL,4326.4,4323.1
closed,2026-06-16 15:49:00,SELL,4326.4,4325.61
closed_lag,2026-06-16 15:49:00,SELL,4326.4,4323.57
closed_lag,2026-06-16 15:50:00,SELL,4326.4,4325.61
closed,2026-06-16 15:53:00,SELL,4336.42,4334.45
closed_lag,2026-06-16 15:54:00,SELL,4336.42,4334.45
open,2026-06-17 07:10:00,SELL,4332.88,4330.11
open,2026-06-17 07:11:00,SELL,4332.88,4331.29
open,2026-06-17 07:12:00,SELL,4332.88,4329.16
open,2026-06-17 07:13:00,SELL,4330.38,4328.55
closed_lag,2026-06-17 07:13:00,SELL,4330.38,4329.16
open,2026-06-17 07:14:00,SELL,4330.38,4327.26
closed,2026-06-17 07:14:00,SELL,4330.38,4327.26
open,2026-06-17 07:15:00,SELL,4332.88,4332.36
closed,2026-06-17 07:15:00,SELL,4332.88,4332.36
open,2026-06-17 07:16:00,SELL,4332.88,4332.41
closed,2026-06-17 07:16:00,SELL,4332.88,4332.41
open,2026-06-17 07:17:00,SELL,4332.88,4331.86
closed,2026-06-17 07:17:00,SELL,4332.88,4331.86
open,2026-06-17 07:18:00,SELL,4332.88,4329.15
closed,2026-06-17 07:18:00,SELL,4332.88,4329.15
open,2026-06-17 07:19:00,SELL,4330.38,4327.41
closed,2026-06-17 07:19:00,SELL,4330.38,4327.41
open,2026-06-17 07:20:00,SELL,4330.38,4328.38
closed,2026-06-17 07:20:00,SELL,4330.38,4328.38
open,2026-06-17 07:21:00,SELL,4330.38,4328.19
closed,2026-06-17 07:21:00,SELL,4330.38,4328.19
open,2026-06-17 07:22:00,SELL,4332.88,4330.05
closed,2026-06-17 07:22:00,SELL,4332.88,4330.05
open,2026-06-17 07:23:00,SELL,4330.38,4328.97
closed,2026-06-17 07:23:00,SELL,4330.38,4328.97
open,2026-06-17 07:24:00,SELL,4332.88,4329.07
closed,2026-06-17 07:24:00,SELL,4332.88,4329.07
open,2026-06-17 07:25:00,SELL,4330.38,4327.61
closed,2026-06-17 07:25:00,SELL,4330.38,4327.61
open,2026-06-17 07:26:00,SELL,4330.38,4328.19
closed,2026-06-17 07:26:00,SELL,4330.38,4328.19
open,2026-06-17 07:27:00,SELL,4330.38,4328.09
closed,2026-06-17 07:27:00,SELL,4330.38,4328.09
open,2026-06-17 07:28:00,SELL,4330.38,4327.97
closed,2026-06-17 07:28:00,SELL,4330.38,4327.97
open,2026-06-17 07:29:00,SELL,4332.88,4329.26
closed,2026-06-17 07:29:00,SELL,4332.88,4329.26
closed_lag,2026-06-17 07:29:00,SELL,4330.38,4327.97
open,2026-06-17 07:30:00,SELL,4332.88,4329.85
closed,2026-06-17 07:30:00,SELL,4332.88,4329.85
closed_lag,2026-06-17 07:30:00,SELL,4332.88,4329.26
open,2026-06-17 07:31:00,SELL,4329.64,4327.94
closed,2026-06-17 07:31:00,SELL,4330.38,4327.94
closed_lag,2026-06-17 07:31:00,SELL,4332.88,4329.85
open,2026-06-17 07:32:00,SELL,4329.64,4328.35
closed,2026-06-17 07:32:00,SELL,4330.38,4328.35
closed_lag,2026-06-17 07:32:00,SELL,4330.38,4327.94
open,2026-06-17 07:33:00,SELL,4330.38,4326.94
closed,2026-06-17 07:33:00,SELL,4330.38,4326.94
closed_lag,2026-06-17 07:33:00,SELL,4330.38,4328.35
closed_lag,2026-06-17 07:34:00,SELL,4330.38,4326.94
closed,2026-06-17 07:35:00,SELL,4330.38,4326.92
closed_lag,2026-06-17 07:36:00,SELL,4330.38,4326.92
closed,2026-06-17 07:38:00,SELL,4329.64,4328.88
open,2026-06-17 07:39:00,SELL,4332.88,4331.06
closed,2026-06-17 07:39:00,SELL,4332.88,4331.06
closed_lag,2026-06-17 07:39:00,SELL,4329.64,4328.88
open,2026-06-17 07:40:00,SELL,4332.88,4330.48
closed,2026-06-17 07:40:00,SELL,4332.88,4330.48
closed_lag,2026-06-17 07:40:00,SELL,4332.88,4331.06
closed_lag,2026-06-17 07:41:00,SELL,4332.88,4330.48
closed_lag,2026-06-17 07:42:00,SELL,4329.64,4329.23
closed_lag,2026-06-17 07:43:00,SELL,4329.64,4329.02
open,2026-06-17 08:11:00,SELL,4328.38,4326.26
open,2026-06-17 08:35:00,SELL,4324.76,4323.45
open,2026-06-17 08:36:00,SELL,4324.76,4322.06
open,2026-06-17 08:37:00,SELL,4324.76,4322.31
open,2026-06-17 08:38:00,SELL,4324.76,4322.48
open,2026-06-17 08:39:00,SELL,4324.76,4320.16
closed,2026-06-17 08:39:00,SELL,4324.76,4320.16
open,2026-06-17 08:40:00,SELL,4324.76,4320.38
closed,2026-06-17 08:40:00,SELL,4324.76,4320.38
open,2026-06-17 08:42:00,SELL,4324.76,4320.57
closed,2026-06-17 08:42:00,SELL,4324.76,4320.57
open,2026-06-17 08:43:00,SELL,4324.76,4320.98
closed,2026-06-17 08:43:00,SELL,4324.76,4320.98
open,2026-06-17 08:44:00,SELL,4324.76,4320.05
closed,2026-06-17 08:44:00,SELL,4324.76,4320.05
closed_lag,2026-06-17 08:44:00,SELL,4324.76,4320.98
closed_lag,2026-06-17 08:45:00,SELL,4324.76,4320.05
open,2026-06-17 08:50:00,SELL,4324.76,4321.41
closed,2026-06-17 08:50:00,SELL,4324.76,4321.41
open,2026-06-17 08:51:00,SELL,4324.76,4323.13
closed,2026-06-17 08:51:00,SELL,4324.76,4323.13
closed_lag,2026-06-17 08:51:00,SELL,4324.76,4321.41
open,2026-06-17 08:52:00,SELL,4324.76,4322.38
closed,2026-06-17 08:52:00,SELL,4324.76,4322.38
closed_lag,2026-06-17 08:52:00,SELL,4324.76,4323.13
open,2026-06-17 08:53:00,SELL,4324.76,4323.01
closed,2026-06-17 08:53:00,SELL,4324.76,4323.01
closed_lag,2026-06-17 08:53:00,SELL,4324.76,4322.38
closed_lag,2026-06-17 08:54:00,SELL,4324.76,4323.01
open,2026-06-17 08:55:00,SELL,4324.76,4323.99
closed,2026-06-17 08:55:00,SELL,4324.76,4323.99
open,2026-06-17 08:56:00,SELL,4324.76,4324.1
closed,2026-06-17 08:56:00,SELL,4324.76,4324.1
closed_lag,2026-06-17 08:56:00,SELL,4324.76,4323.99
closed_lag,2026-06-17 08:57:00,SELL,4324.76,4324.1
open,2026-06-17 08:58:00,SELL,4328.38,4325.27
closed,2026-06-17 08:58:00,SELL,4328.38,4325.27
closed_lag,2026-06-17 08:59:00,SELL,4328.38,4325.27
open,2026-06-17 09:00:00,SELL,4324.76,4323.31
closed,2026-06-17 09:00:00,SELL,4324.76,4323.31
open,2026-06-17 09:01:00,SELL,4324.76,4324.14
closed,2026-06-17 09:01:00,SELL,4324.76,4324.14
closed_lag,2026-06-17 09:01:00,SELL,4324.76,4323.31
open,2026-06-17 09:02:00,SELL,4324.76,4322.66
closed,2026-06-17 09:02:00,SELL,4324.76,4322.66
closed_lag,2026-06-17 09:02:00,SELL,4324.76,4324.14
open,2026-06-17 09:03:00,SELL,4324.76,4322.73
closed,2026-06-17 09:03:00,SELL,4324.76,4322.73
closed_lag,2026-06-17 09:03:00,SELL,4324.76,4322.66
open,2026-06-17 09:04:00,SELL,4324.76,4323.48
closed,2026-06-17 09:04:00,SELL,4324.76,4323.48
closed_lag,2026-06-17 09:04:00,SELL,4324.76,4322.73
open,2026-06-17 09:05:00,SELL,4324.76,4323.4
closed,2026-06-17 09:05:00,SELL,4324.76,4323.4
closed_lag,2026-06-17 09:05:00,SELL,4324.76,4323.48
open,2026-06-17 09:06:00,SELL,4324.76,4322.62
closed,2026-06-17 09:06:00,SELL,4324.76,4322.62
closed_lag,2026-06-17 09:06:00,SELL,4324.76,4323.4
open,2026-06-17 09:07:00,SELL,4324.76,4324.05
closed,2026-06-17 09:07:00,SELL,4324.76,4324.05
closed_lag,2026-06-17 09:07:00,SELL,4324.76,4322.62
open,2026-06-17 09:08:00,SELL,4324.76,4322.64
closed,2026-06-17 09:08:00,SELL,4324.76,4322.64
closed_lag,2026-06-17 09:08:00,SELL,4324.76,4324.05
open,2026-06-17 09:09:00,SELL,4324.76,4321.98
closed,2026-06-17 09:09:00,SELL,4324.76,4321.98
closed_lag,2026-06-17 09:09:00,SELL,4324.76,4322.64
open,2026-06-17 09:10:00,SELL,4324.76,4321.7
closed,2026-06-17 09:10:00,SELL,4324.76,4321.7
closed_lag,2026-06-17 09:10:00,SELL,4324.76,4321.98
open,2026-06-17 09:11:00,SELL,4324.76,4323.42
closed,2026-06-17 09:11:00,SELL,4324.76,4323.42
closed_lag,2026-06-17 09:11:00,SELL,4324.76,4321.7
open,2026-06-17 09:12:00,SELL,4324.76,4324.04
closed,2026-06-17 09:12:00,SELL,4324.76,4324.04
closed_lag,2026-06-17 09:12:00,SELL,4324.76,4323.42
open,2026-06-17 09:13:00,SELL,4328.38,4325.34
closed,2026-06-17 09:13:00,SELL,4328.38,4325.34
closed_lag,2026-06-17 09:13:00,SELL,4324.76,4324.04
closed_lag,2026-06-17 09:14:00,SELL,4328.38,4325.34
closed,2026-06-17 09:15:00,SELL,4328.38,4326.45
closed,2026-06-17 09:16:00,SELL,4328.38,4326.42
closed_lag,2026-06-17 09:16:00,SELL,4328.38,4326.45
closed,2026-06-17 09:17:00,SELL,4328.38,4326.76
closed_lag,2026-06-17 09:17:00,SELL,4328.38,4326.42
closed,2026-06-17 09:18:00,SELL,4328.38,4326.6
closed_lag,2026-06-17 09:18:00,SELL,4328.38,4326.76
closed,2026-06-17 09:19:00,SELL,4328.38,4326.74
closed_lag,2026-06-17 09:19:00,SELL,4328.38,4326.6
closed,2026-06-17 09:20:00,SELL,4328.38,4325.98
closed_lag,2026-06-17 09:20:00,SELL,4328.38,4326.74
closed,2026-06-17 09:21:00,SELL,4328.38,4326.27
closed_lag,2026-06-17 09:21:00,SELL,4328.38,4325.98
closed,2026-06-17 09:22:00,SELL,4328.38,4327.16
closed_lag,2026-06-17 09:22:00,SELL,4328.38,4326.27
closed,2026-06-17 09:23:00,SELL,4328.38,4327.45
closed_lag,2026-06-17 09:23:00,SELL,4328.38,4327.16
closed,2026-06-17 09:24:00,SELL,4328.38,4327.4
closed_lag,2026-06-17 09:24:00,SELL,4328.38,4327.45
open,2026-06-17 09:25:00,BUY,4325.48,4329.35
closed_lag,2026-06-17 09:25:00,SELL,4328.38,4327.4
closed,2026-06-17 09:26:00,SELL,4332.88,4331.57
closed,2026-06-17 09:27:00,SELL,4332.88,4330.94
closed_lag,2026-06-17 09:27:00,SELL,4332.88,4331.57
closed,2026-06-17 09:28:00,SELL,4332.88,4330.56
closed_lag,2026-06-17 09:28:00,SELL,4332.88,4330.94
closed_lag,2026-06-17 09:29:00,SELL,4332.88,4330.56
closed_lag,2026-06-17 09:30:00,SELL,4332.88,4332.05
open,2026-06-17 09:31:00,BUY,4325.48,4329.98
closed,2026-06-17 09:31:00,BUY,4325.48,4329.98
closed_lag,2026-06-17 09:31:00,SELL,4332.88,4331.45
open,2026-06-17 09:32:00,BUY,4325.48,4329.66
closed,2026-06-17 09:32:00,BUY,4325.48,4329.66
open,2026-06-17 09:33:00,BUY,4325.48,4329.98
closed,2026-06-17 09:33:00,BUY,4325.48,4329.98
open,2026-06-17 09:34:00,BUY,4325.48,4329.54
closed,2026-06-17 09:34:00,BUY,4325.48,4329.54
open,2026-06-17 09:35:00,BUY,4325.48,4329.84
closed,2026-06-17 09:35:00,BUY,4325.48,4329.84
open,2026-06-17 09:36:00,BUY,4325.48,4329.67
closed,2026-06-17 09:36:00,BUY,4325.48,4329.67
open,2026-06-17 09:37:00,BUY,4325.48,4330.05
closed,2026-06-17 09:37:00,BUY,4325.48,4330.05
open,2026-06-17 09:38:00,BUY,4325.48,4328.91
closed,2026-06-17 09:38:00,BUY,4325.48,4328.91
open,2026-06-17 09:39:00,BUY,4325.48,4329.03
closed,2026-06-17 09:39:00,BUY,4325.48,4329.03
open,2026-06-17 09:40:00,BUY,4325.48,4329.23
closed,2026-06-17 09:40:00,BUY,4325.48,4329.23
open,2026-06-17 09:41:00,BUY,4325.48,4329.31
closed,2026-06-17 09:41:00,BUY,4325.48,4329.31
open,2026-06-17 09:43:00,BUY,4325.48,4329.93
closed,2026-06-17 09:43:00,BUY,4325.48,4329.93
closed_lag,2026-06-17 09:43:00,SELL,4332.88,4330.77
open,2026-06-17 09:44:00,BUY,4325.48,4328.49
closed,2026-06-17 09:44:00,BUY,4325.48,4328.49
closed_lag,2026-06-17 09:44:00,BUY,4325.48,4329.93
open,2026-06-17 09:45:00,BUY,4325.48,4328.69
closed,2026-06-17 09:45:00,BUY,4325.48,4328.69
closed_lag,2026-06-17 09:45:00,BUY,4325.48,4328.49
open,2026-06-17 09:46:00,BUY,4325.48,4328.53
closed,2026-06-17 09:46:00,BUY,4325.48,4328.53
closed_lag,2026-06-17 09:46:00,BUY,4325.48,4328.69
closed_lag,2026-06-17 09:47:00,BUY,4325.48,4328.53
open,2026-06-17 09:56:00,BUY,4325.48,4328.25
closed,2026-06-17 09:56:00,BUY,4325.48,4328.25
open,2026-06-17 09:57:00,BUY,4325.48,4328.82
closed,2026-06-17 09:57:00,BUY,4325.48,4328.82
closed_lag,2026-06-17 09:57:00,BUY,4325.48,4328.25
open,2026-06-17 09:58:00,BUY,4325.48,4329.55
closed,2026-06-17 09:58:00,BUY,4325.48,4329.55
closed_lag,2026-06-17 09:58:00,BUY,4325.48,4328.82
open,2026-06-17 09:59:00,BUY,4325.48,4329.64
closed,2026-06-17 09:59:00,BUY,4325.48,4329.64
closed_lag,2026-06-17 09:59:00,BUY,4325.48,4329.55
open,2026-06-17 10:00:00,BUY,4325.48,4329.43
closed,2026-06-17 10:00:00,BUY,4325.48,4329.43
closed_lag,2026-06-17 10:00:00,BUY,4325.48,4329.64
open,2026-06-17 10:01:00,BUY,4325.48,4328.87
closed,2026-06-17 10:01:00,BUY,4325.48,4328.87
closed_lag,2026-06-17 10:01:00,BUY,4325.48,4329.43
open,2026-06-17 10:02:00,BUY,4325.48,4328.13
closed,2026-06-17 10:02:00,BUY,4325.48,4328.13
closed_lag,2026-06-17 10:02:00,BUY,4325.48,4328.87
open,2026-06-17 10:03:00,BUY,4325.48,4328.44
closed,2026-06-17 10:03:00,BUY,4325.48,4328.44
closed_lag,2026-06-17 10:03:00,BUY,4325.48,4328.13
open,2026-06-17 10:04:00,BUY,4325.48,4328.73
closed,2026-06-17 10:04:00,BUY,4325.48,4328.73
closed_lag,2026-06-17 10:04:00,BUY,4325.48,4328.44
closed_lag,2026-06-17 10:05:00,BUY,4325.48,4328.73
open,2026-06-17 10:06:00,BUY,4325.48,4329.27
closed,2026-06-17 10:06:00,BUY,4325.48,4329.27
open,2026-06-17 10:07:00,BUY,4325.48,4329.05
closed,2026-06-17 10:07:00,BUY,4325.48,4329.05
closed_lag,2026-06-17 10:07:00,BUY,4325.48,4329.27
open,2026-06-17 10:08:00,BUY,4325.48,4329.82
closed,2026-06-17 10:08:00,BUY,4325.48,4329.82
closed_lag,2026-06-17 10:08:00,BUY,4325.48,4329.05
open,2026-06-17 10:09:00,BUY,4325.48,4329.6
closed,2026-06-17 10:09:00,BUY,4325.48,4329.6
closed_lag,2026-06-17 10:09:00,BUY,4325.48,4329.82
open,2026-06-17 10:10:00,BUY,4325.48,4329.69
closed,2026-06-17 10:10:00,BUY,4325.48,4329.69
closed_lag,2026-06-17 10:10:00,BUY,4325.48,4329.6
open,2026-06-17 10:11:00,BUY,4325.48,4328.46
closed,2026-06-17 10:11:00,BUY,4325.48,4328.46
closed_lag,2026-06-17 10:11:00,BUY,4325.48,4329.69
open,2026-06-17 10:12:00,BUY,4325.48,4329.07
closed,2026-06-17 10:12:00,BUY,4325.48,4329.07
closed_lag,2026-06-17 10:12:00,BUY,4325.48,4328.46
closed_lag,2026-06-17 10:13:00,BUY,4325.48,4329.07
open,2026-06-17 10:15:00,BUY,4325.48,4329.1
closed,2026-06-17 10:15:00,BUY,4325.48,4329.1
open,2026-06-17 10:16:00,BUY,4325.48,4329.49
closed,2026-06-17 10:16:00,BUY,4325.48,4329.49
closed_lag,2026-06-17 10:16:00,BUY,4325.48,4329.1
open,2026-06-17 10:17:00,BUY,4325.48,4328.63
closed,2026-06-17 10:17:00,BUY,4325.48,4328.63
closed_lag,2026-06-17 10:17:00,BUY,4325.48,4329.49
open,2026-06-17 10:18:00,BUY,4325.48,4328.94
closed,2026-06-17 10:18:00,BUY,4325.48,4328.94
closed_lag,2026-06-17 10:18:00,BUY,4325.48,4328.63
closed_lag,2026-06-17 10:19:00,BUY,4325.48,4328.94
open,2026-06-17 10:20:00,BUY,4325.48,4328.48
closed,2026-06-17 10:20:00,BUY,4325.48,4328.48
open,2026-06-17 10:21:00,BUY,4325.48,4328.41
closed,2026-06-17 10:21:00,BUY,4325.48,4328.41
closed_lag,2026-06-17 10:21:00,BUY,4325.48,4328.48
open,2026-06-17 10:22:00,BUY,4325.48,4328.24
closed,2026-06-17 10:22:00,BUY,4325.48,4328.24
closed_lag,2026-06-17 10:22:00,BUY,4325.48,4328.41
open,2026-06-17 10:23:00,BUY,4325.48,4328.44
closed,2026-06-17 10:23:00,BUY,4325.48,4328.44
closed_lag,2026-06-17 10:23:00,BUY,4325.48,4328.24
open,2026-06-17 10:24:00,BUY,4325.48,4328.55
closed,2026-06-17 10:24:00,BUY,4325.48,4328.55
closed_lag,2026-06-17 10:24:00,BUY,4325.48,4328.44
closed_lag,2026-06-17 10:25:00,BUY,4325.48,4328.55
closed,2026-06-17 10:27:00,BUY,4325.48,4328.61
closed,2026-06-17 10:28:00,BUY,4325.48,4328.6
closed_lag,2026-06-17 10:28:00,BUY,4325.48,4328.61
closed_lag,2026-06-17 10:29:00,BUY,4325.48,4328.6
closed_lag,2026-06-17 10:30:00,BUY,4325.48,4329.07
closed_lag,2026-06-17 10:31:00,BUY,4325.48,4329.14
closed_lag,2026-06-17 10:32:00,BUY,4325.48,4329.31
closed_lag,2026-06-17 10:33:00,BUY,4325.48,4329.55
closed,2026-06-17 11:30:00,BUY,4325.39,4327.09
closed,2026-06-17 11:31:00,BUY,4325.39,4327.59
closed_lag,2026-06-17 11:31:00,BUY,4325.39,4327.09
closed,2026-06-17 11:32:00,BUY,4325.39,4327.16
closed_lag,2026-06-17 11:32:00,BUY,4325.39,4327.59
closed,2026-06-17 11:33:00,BUY,4325.39,4327.23
closed_lag,2026-06-17 11:33:00,BUY,4325.39,4327.16
closed,2026-06-17 11:34:00,BUY,4325.39,4325.77
closed_lag,2026-06-17 11:34:00,BUY,4325.39,4327.23
closed,2026-06-17 11:35:00,BUY,4325.39,4326.52
closed_lag,2026-06-17 11:35:00,BUY,4325.39,4325.77
closed,2026-06-17 11:36:00,BUY,4325.39,4326.15
closed_lag,2026-06-17 11:36:00,BUY,4325.39,4326.52
closed,2026-06-17 11:37:00,BUY,4325.39,4325.9
closed_lag,2026-06-17 11:37:00,BUY,4325.39,4326.15
closed,2026-06-17 11:38:00,BUY,4325.39,4325.77
closed_lag,2026-06-17 11:38:00,BUY,4325.39,4325.9
closed,2026-06-17 11:39:00,BUY,4325.39,4326.74
closed_lag,2026-06-17 11:39:00,BUY,4325.39,4325.77
closed,2026-06-17 11:40:00,BUY,4325.39,4326.2
closed_lag,2026-06-17 11:40:00,BUY,4325.39,4326.74
open,2026-06-17 11:41:00,SELL,4328.38,4325.57
closed_lag,2026-06-17 11:41:00,BUY,4325.39,4326.2
open,2026-06-17 11:42:00,SELL,4328.38,4325.45
open,2026-06-17 11:43:00,SELL,4328.38,4325.31
closed_lag,2026-06-17 11:45:00,BUY,4325.39,4325.93
open,2026-06-17 11:46:00,SELL,4328.38,4325.35
closed,2026-06-17 11:46:00,SELL,4328.38,4325.35
closed_lag,2026-06-17 11:46:00,BUY,4325.39,4326.7
open,2026-06-17 11:49:00,SELL,4328.38,4325.27
closed,2026-06-17 11:49:00,SELL,4328.38,4325.27
closed_lag,2026-06-17 11:49:00,BUY,4321.54,4324.18
open,2026-06-17 11:52:00,SELL,4328.38,4325.56
closed,2026-06-17 11:52:00,SELL,4328.38,4325.56
open,2026-06-17 11:53:00,SELL,4328.38,4325.43
closed,2026-06-17 11:53:00,SELL,4328.38,4325.43
open,2026-06-17 11:55:00,SELL,4326.85,4324.22
closed_lag,2026-06-17 11:55:00,BUY,4325.39,4326.48
closed_lag,2026-06-17 11:56:00,BUY,4321.54,4324.22
closed_lag,2026-06-17 11:57:00,BUY,4321.54,4322.14
closed_lag,2026-06-17 11:58:00,BUY,4321.54,4321.91
open,2026-06-17 12:08:00,SELL,4324.76,4321.11
closed,2026-06-17 12:08:00,SELL,4324.76,4321.11
closed_lag,2026-06-17 12:09:00,SELL,4324.76,4321.11
open,2026-06-17 12:10:00,SELL,4326.85,4324.6
closed,2026-06-17 12:10:00,SELL,4326.85,4324.6
closed_lag,2026-06-17 12:11:00,SELL,4326.85,4324.6
open,2026-06-17 12:12:00,SELL,4324.76,4320.74
closed,2026-06-17 12:12:00,SELL,4324.76,4320.74
open,2026-06-17 12:13:00,SELL,4324.76,4320.65
closed,2026-06-17 12:13:00,SELL,4324.76,4320.65
closed_lag,2026-06-17 12:13:00,SELL,4324.76,4320.74
closed_lag,2026-06-17 12:14:00,SELL,4324.76,4320.65
open,2026-06-17 12:20:00,SELL,4326.85,4324.55
closed,2026-06-17 12:20:00,SELL,4326.85,4324.55
closed_lag,2026-06-17 12:21:00,SELL,4326.85,4324.55
open,2026-06-17 12:22:00,SELL,4326.85,4324.79
closed,2026-06-17 12:22:00,SELL,4326.85,4324.79
open,2026-06-17 12:23:00,SELL,4326.85,4326.03
closed,2026-06-17 12:23:00,SELL,4326.85,4326.03
closed_lag,2026-06-17 12:23:00,SELL,4326.85,4324.79
closed_lag,2026-06-17 12:24:00,SELL,4326.85,4326.03
open,2026-06-17 12:25:00,SELL,4326.85,4325.73
closed,2026-06-17 12:25:00,SELL,4326.85,4325.73
open,2026-06-17 12:26:00,SELL,4326.85,4325.69
closed,2026-06-17 12:26:00,SELL,4326.85,4325.69
closed_lag,2026-06-17 12:26:00,SELL,4326.85,4325.73
open,2026-06-17 12:27:00,SELL,4326.85,4325.47
closed,2026-06-17 12:27:00,SELL,4326.85,4325.47
closed_lag,2026-06-17 12:27:00,SELL,4326.85,4325.69
open,2026-06-17 12:28:00,SELL,4328.38,4326.73
closed_lag,2026-06-17 12:28:00,SELL,4326.85,4325.47
open,2026-06-17 12:29:00,SELL,4326.85,4324.77
closed,2026-06-17 12:29:00,SELL,4326.85,4324.77
closed,2026-06-17 12:30:00,SELL,4328.38,4327.62
closed_lag,2026-06-17 12:30:00,SELL,4326.85,4324.77
closed,2026-06-17 12:31:00,SELL,4331.39,4329.06
closed,2026-06-17 12:32:00,SELL,4328.38,4327.23
closed_lag,2026-06-17 12:32:00,SELL,4331.39,4329.06
closed,2026-06-17 12:33:00,SELL,4331.39,4328.74
closed,2026-06-17 12:34:00,SELL,4331.39,4328.92
closed_lag,2026-06-17 12:34:00,SELL,4331.39,4328.74
closed,2026-06-17 12:35:00,SELL,4331.39,4328.44
closed_lag,2026-06-17 12:35:00,SELL,4331.39,4328.92
closed,2026-06-17 12:36:00,SELL,4331.39,4330.81
closed_lag,2026-06-17 12:36:00,SELL,4331.39,4328.44
closed,2026-06-17 12:37:00,SELL,4331.39,4330.52
closed_lag,2026-06-17 12:37:00,SELL,4331.39,4330.81
closed,2026-06-17 12:38:00,SELL,4333.48,4331.57
closed_lag,2026-06-17 12:38:00,SELL,4331.39,4330.52
closed,2026-06-17 12:39:00,SELL,4331.39,4330.52
closed_lag,2026-06-17 12:39:00,SELL,4333.48,4331.57
closed,2026-06-17 12:40:00,SELL,4331.39,4330.73
closed_lag,2026-06-17 12:40:00,SELL,4331.39,4330.52
closed,2026-06-17 12:41:00,SELL,4331.39,4330.15
closed_lag,2026-06-17 12:41:00,SELL,4331.39,4330.73
closed,2026-06-17 12:42:00,SELL,4331.39,4329.77
closed_lag,2026-06-17 12:42:00,SELL,4331.39,4330.15
closed,2026-06-17 12:43:00,SELL,4333.48,4331.53
closed_lag,2026-06-17 12:43:00,SELL,4331.39,4329.77
closed_lag,2026-06-17 12:44:00,SELL,4333.48,4331.53
closed_lag,2026-06-17 12:45:00,SELL,4333.48,4331.68
closed_lag,2026-06-17 12:46:00,SELL,4333.48,4332.19
closed_lag,2026-06-17 12:54:00,SELL,4333.48,4332.4
closed_lag,2026-06-17 12:55:00,SELL,4333.48,4332.52
closed_lag,2026-06-17 12:56:00,SELL,4333.48,4332.7
open,2026-06-17 13:05:00,BUY,4323.77,4327.07
closed,2026-06-17 13:05:00,BUY,4323.77,4327.07
open,2026-06-17 13:06:00,BUY,4323.77,4325.66
closed,2026-06-17 13:06:00,BUY,4323.77,4325.66
closed_lag,2026-06-17 13:06:00,BUY,4323.77,4327.07
open,2026-06-17 13:07:00,BUY,4323.77,4325.69
closed,2026-06-17 13:07:00,BUY,4323.77,4325.69
closed_lag,2026-06-17 13:07:00,BUY,4323.77,4325.66
open,2026-06-17 13:08:00,BUY,4323.77,4326.14
closed,2026-06-17 13:08:00,BUY,4323.77,4326.14
closed_lag,2026-06-17 13:08:00,BUY,4323.77,4325.69
closed_lag,2026-06-17 13:09:00,BUY,4323.77,4326.14
open,2026-06-17 14:20:00,BUY,4340.8,4343.01
open,2026-06-18 07:30:00,SELL,4308.32,4304.7
open,2026-06-18 14:57:00,SELL,4252.74,4248.95
closed,2026-06-18 14:57:00,SELL,4252.74,4248.95
closed_lag,2026-06-18 14:58:00,SELL,4252.74,4248.95
open,2026-06-18 14:59:00,SELL,4252.74,4252.35
closed,2026-06-18 14:59:00,SELL,4252.74,4252.35
closed_lag,2026-06-18 15:00:00,SELL,4252.74,4252.35
open,2026-06-18 15:02:00,SELL,4252.74,4252.1
closed,2026-06-18 15:02:00,SELL,4252.74,4252.1
open,2026-06-18 15:03:00,SELL,4252.74,4249.98
closed,2026-06-18 15:03:00,SELL,4252.74,4249.98
closed_lag,2026-06-18 15:03:00,SELL,4252.74,4252.1
open,2026-06-18 15:04:00,SELL,4252.74,4250.94
closed,2026-06-18 15:04:00,SELL,4252.74,4250.94
closed_lag,2026-06-18 15:04:00,SELL,4252.74,4249.98
open,2026-06-18 15:05:00,SELL,4252.74,4249.39
closed,2026-06-18 15:05:00,SELL,4252.74,4249.39
closed_lag,2026-06-18 15:05:00,SELL,4252.74,4250.94
open,2026-06-18 15:06:00,SELL,4252.74,4252.31
closed,2026-06-18 15:06:00,SELL,4252.74,4252.31
closed_lag,2026-06-18 15:06:00,SELL,4252.74,4249.39
closed_lag,2026-06-18 15:07:00,SELL,4252.74,4252.31
open,2026-06-18 15:10:00,SELL,4252.74,4252.26
closed,2026-06-18 15:10:00,SELL,4252.74,4252.26
open,2026-06-18 15:11:00,SELL,4252.74,4252.01
closed,2026-06-18 15:11:00,SELL,4252.74,4252.01
closed_lag,2026-06-18 15:11:00,SELL,4252.74,4252.26
open,2026-06-18 15:12:00,SELL,4252.74,4252.24
closed,2026-06-18 15:12:00,SELL,4252.74,4252.24
closed_lag,2026-06-18 15:12:00,SELL,4252.74,4252.01
open,2026-06-18 15:13:00,SELL,4252.74,4249.56
closed,2026-06-18 15:13:00,SELL,4252.74,4249.56
closed_lag,2026-06-18 15:13:00,SELL,4252.74,4252.24
closed_lag,2026-06-18 15:14:00,SELL,4252.74,4249.56
closed,2026-06-18 15:15:00,SELL,4252.74,4248.97
closed_lag,2026-06-18 15:16:00,SELL,4252.74,4248.97
