date,anchor,ar_hi,ar_lo,ar_range,p07,close,direction,day_hi,day_lo,t_hi,t_lo,hi_bucket,lo_bucket,hi_min_after_lon,lo_min_after_lon,lo_in_london,hi_in_london,lo_in_asia,hi_in_asia,spread_med_lon,pdh,pdl,n_sides_breached,sweep_side,sweep_t_s,sweep_depth,sweep_dur_s,sweep_reclaimed,sweep_reclaim_by_10,sweep_extreme,sweep_beyond_pd,level_first
2024-09-02,A1,2505.01,2490.105,14.9050000000002,2497.695,2497.325,DOWN,2507.33,2490.105,1725267310,1725245110,London,Asia,115.16666666666667,-254.83333333333334,False,True,True,False,0.38999999999987267,,,1,UP,6265.0,0.7449999999998909,75.0,True,True,2505.755,,n/a
2024-09-03,A1,2498.935,2489.705,9.230000000000018,2497.915,2493.395,DOWN,2506.35,2473.325,1725352290,1725373200,London,post-London,91.5,440.0,False,True,False,False,0.36999999999989086,2507.33,2490.105,1,UP,235.0,0.3200000000001637,10.0,True,True,2499.255,False,AR only
2024-09-04,A1,2496.985,2483.775,13.210000000000036,2484.315,2495.9,UP,2500.345,2471.915,1725461400,1725440425,post-London,London,470.0,120.41666666666667,True,False,False,False,0.3799999999996544,2506.35,2473.325,1,DOWN,1720.0,0.3400000000001455,35.0,True,True,2483.435,False,"both, AR first"
2024-09-05,A1,2506.995,2493.88,13.114999999999782,2504.435,2517.34,UP,2523.525,2493.88,1725539805,1725512115,post-London,Asia,336.75,-124.75,False,False,True,False,0.38000000000010914,2500.345,2471.915,1,UP,2810.0,0.625,30.0,True,True,2507.62,True,"both, PD first"
2024-09-06,A1,2521.9,2513.095,8.805000000000291,2519.265,2497.565,DOWN,2529.3,2485.19,1725626235,1725641265,post-London,NY late,337.25,587.75,False,False,False,False,0.3799999999996544,2523.525,2493.88,0,,,,,,,,,none
2024-09-09,A1,2500.59,2485.61,14.980000000000018,2489.86,2506.835,UP,2507.74,2485.61,1725925495,1725863475,post-break,Asia,1004.9166666666666,-28.75,False,False,True,False,0.38000000000010914,2529.3,2485.19,0,,,,,,,,,none
2024-09-10,A1,2507.605,2500.84,6.764999999999873,2505.04,2518.73,UP,2518.89,2500.19,1726012710,1725957160,post-break,London,1018.5,92.66666666666667,True,False,False,False,0.3799999999996544,2507.74,2485.61,2,UP,2300.0,0.19000000000005457,5.0,True,True,2507.795,True,"both, same bar"
2024-09-11,A1,2529.09,2515.02,14.070000000000164,2526.66,2512.0,DOWN,2529.09,2501.0,1726036800,1726063520,Asia,post-London,-20.0,425.3333333333333,False,False,False,True,0.36999999999989086,2518.89,2500.19,0,,,,,,,,,PD only
2024-09-12,A1,2522.36,2511.095,11.265000000000327,2517.03,2558.585,UP,2560.13,2511.095,1726173435,1726109610,NY late,Asia,817.25,-246.5,False,False,True,False,0.34999999999990905,2529.09,2501.0,0,,,,,,,,,none
2024-09-13,A1,2570.37,2556.85,13.519999999999982,2567.245,2578.715,UP,2586.16,2556.85,1726247120,1726185900,NY late,Asia,605.3333333333334,-415.0,False,False,True,False,0.3900000000003274,2560.13,2511.095,1,UP,2830.0,0.08500000000003638,5.0,True,True,2570.455,True,"both, PD first"
2024-09-16,A1,2589.715,2578.945,10.769999999999982,2585.34,2583.785,DOWN,2589.715,2575.245,1726469185,1726484005,Asia,post-London,-13.583333333333334,233.41666666666666,False,False,False,True,0.3700000000003456,2586.16,2556.85,0,,,,,,,,,PD only
2024-09-17,A1,2587.02,2574.625,12.394999999999982,2584.49,2574.1,DOWN,2587.02,2560.78,1726555615,1726592890,Asia,NY late,-13.083333333333334,608.1666666666666,False,False,False,True,0.36999999999989086,2589.715,2575.245,1,DOWN,8580.0,0.07000000000016371,5.0,True,True,2574.555,True,"both, PD first"
2024-09-18,A1,2576.54,2565.79,10.75,2569.21,2559.415,DOWN,2600.29,2546.86,1726684450,1726689010,NY late,NY late,694.1666666666666,770.1666666666666,False,False,False,False,0.3599999999996726,2587.02,2560.78,0,,,,,,,,,none
2024-09-19,A1,2578.89,2551.16,27.730000000000018,2575.91,2587.32,UP,2594.945,2551.16,1726738380,1726710005,London,Asia,153.0,-319.9166666666667,False,True,True,False,0.3799999999996544,2600.29,2546.86,1,UP,990.0,0.5950000000002547,60.0,True,True,2579.485,False,AR only
2024-09-20,A1,2607.09,2584.875,22.215000000000146,2605.53,2622.235,UP,2625.79,2584.875,1726851325,1726795350,NY late,Asia,595.4166666666666,-337.5,False,False,True,False,0.36000000000012733,2594.945,2551.16,1,UP,400.0,2.699999999999818,830.0,True,True,2609.79,True,"both, PD first"
2024-09-23,A1,2631.405,2616.175,15.230000000000018,2624.47,2626.435,UP,2634.905,2613.89,1727101780,1727077660,post-London,London,449.6666666666667,47.666666666666664,True,False,False,False,0.38000000000010914,2625.79,2584.875,1,DOWN,2220.0,0.14000000000032742,10.0,True,True,2616.035,False,AR only
2024-09-24,A1,2640.18,2623.87,16.309999999999945,2628.915,2658.255,UP,2664.38,2622.68,1727207025,1727163680,NY late,London,763.75,41.333333333333336,True,False,False,False,0.37000000000011823,2634.905,2613.89,1,DOWN,2355.0,0.5399999999999636,10.0,True,True,2623.33,False,AR only
2024-09-25,A1,2670.605,2653.615,16.990000000000236,2654.945,2656.42,UP,2670.605,2649.7,1727233175,1727282815,Asia,NY late,-240.41666666666666,586.9166666666666,False,False,False,True,0.36999999999989086,2664.38,2622.68,1,DOWN,245.0,0.06499999999959982,5.0,True,True,2653.55,False,AR only
2024-09-26,A1,2663.495,2655.485,8.009999999999764,2661.795,2672.705,UP,2685.64,2654.84,1727350800,1727358750,post-London,post-London,280.0,412.5,False,False,False,False,0.3500000000003638,2670.605,2649.7,1,UP,60.0,0.3400000000001455,15.0,True,True,2663.835,False,AR only
2024-09-27,A1,2674.045,2662.415,11.63000000000011,2666.04,2658.755,DOWN,2674.375,2643.155,1727441220,1727458840,post-London,NY late,347.0,640.6666666666666,False,False,False,False,0.38999999999987267,2685.64,2654.84,1,DOWN,1730.0,0.4250000000001819,10.0,True,True,2661.99,False,AR only
2024-09-30,A1,2666.05,2647.33,18.720000000000255,2658.02,2635.77,DOWN,2666.05,2624.78,1727654955,1727720810,Asia,NY late,-410.75,686.8333333333334,False,False,False,True,0.38000000000010914,2674.375,2643.155,0,,,,,,,,,none
2024-10-01,A1,2645.6,2634.0,11.599999999999909,2645.51,2660.44,UP,2673.26,2634.0,1727801325,1727743275,NY late,Asia,588.75,-378.75,False,False,True,False,0.38000000000010914,2666.05,2624.78,1,UP,0.0,0.40000000000009095,25.0,True,True,2646.0,False,AR only
2024-10-02,A1,2662.11,2644.58,17.5300000000002,2649.775,2660.335,UP,2663.445,2641.18,1727877925,1727882100,post-London,post-London,425.4166666666667,495.0,False,False,False,False,0.38000000000010914,2673.26,2634.0,0,,,,,,,,,none
2024-10-03,A1,2663.015,2651.365,11.650000000000091,2655.915,2655.875,DOWN,2663.015,2637.015,1727914145,1727964000,Asia,post-London,-410.9166666666667,420.0,False,False,False,True,0.3999999999996362,2663.445,2641.18,1,DOWN,1065.0,0.22499999999990905,20.0,True,True,2651.14,False,"both, AR first"
2024-10-04,A1,2667.87,2655.56,12.309999999999945,2660.295,2653.84,DOWN,2670.24,2632.015,1728054795,1728046585,post-London,post-London,493.25,356.4166666666667,False,False,False,False,0.3700000000003456,2663.015,2637.015,0,,,,,,,,,PD only
2024-10-07,A1,2652.005,2639.745,12.260000000000218,2643.295,2643.06,DOWN,2659.66,2637.77,1728302160,1728305910,post-London,post-London,296.0,358.5,False,False,False,False,0.38000000000010914,2670.24,2632.015,1,UP,3515.0,0.09499999999979991,5.0,True,True,2652.1,False,AR only
2024-10-08,A1,2648.305,2633.835,14.4699999999998,2636.44,2622.02,DOWN,2653.115,2604.82,1728390320,1728401695,post-London,post-London,325.3333333333333,514.9166666666666,False,False,False,False,0.40000000000009095,2659.66,2637.77,1,DOWN,165.0,2.605000000000018,255.0,True,True,2631.23,True,"both, PD first"
2024-10-09,A1,2624.375,2610.71,13.664999999999964,2612.79,2608.48,DOWN,2624.375,2605.21,1728452135,1728498180,Asia,NY late,-84.41666666666667,683.0,False,False,False,True,0.38000000000010914,2653.115,2604.82,1,DOWN,560.0,1.4650000000001455,200.0,True,True,2609.245,False,AR only
2024-10-10,A1,2616.96,2606.005,10.954999999999927,2612.55,2633.24,UP,2636.005,2604.39,1728603215,1728563405,post-break,post-London,993.5833333333334,330.0833333333333,False,False,False,False,0.38000000000010914,2624.375,2605.21,1,UP,2585.0,0.08500000000003638,5.0,True,True,2617.045,False,AR only
2024-10-11,A1,2647.245,2632.1,15.144999999999982,2639.54,2657.18,UP,2661.475,2632.1,1728664150,1728606695,NY late,Asia,569.1666666666666,-388.4166666666667,False,False,True,False,0.38000000000010914,2636.005,2604.39,0,,,,,,,,,PD only
2024-10-14,A1,2666.875,2643.245,23.63000000000011,2664.15,2649.475,DOWN,2666.875,2643.245,1728887310,1728871630,Asia,Asia,-31.5,-292.8333333333333,False,False,True,True,0.38999999999987267,2661.475,2632.1,0,,,,,,,,,PD only
2024-10-15,A1,2652.81,2638.105,14.704999999999927,2648.705,2660.56,UP,2668.965,2638.105,1729009265,1728970250,NY late,Asia,561.0833333333334,-89.16666666666667,False,False,True,False,0.38000000000010914,2666.875,2643.245,1,UP,1800.0,0.10500000000001819,5.0,True,True,2652.915,False,AR only
2024-10-16,A1,2677.78,2658.8,18.980000000000018,2677.24,2674.17,DOWN,2685.465,2658.8,1729085950,1729039795,post-London,Asia,399.1666666666667,-370.0833333333333,False,False,True,False,0.36999999999989086,2668.965,2638.105,1,UP,6675.0,5.0949999999998,4725.0,True,False,2682.875,True,"both, PD first"
2024-10-17,A1,2685.845,2674.145,11.699999999999818,2681.22,2693.85,UP,2696.8,2673.165,1729177560,1729168310,post-London,post-London,486.0,331.8333333333333,False,False,False,False,0.4099999999998545,2685.465,2658.8,0,,,,,,,,,none
2024-10-18,A1,2714.14,2692.91,21.230000000000018,2707.525,2721.9,UP,2722.65,2692.91,1729284760,1729213120,NY late,Asia,832.6666666666666,-361.3333333333333,False,False,True,False,0.38000000000010914,2696.8,2673.165,0,,,,,,,,,PD only
2024-10-21,A1,2732.885,2721.1,11.78500000000031,2730.375,2721.565,DOWN,2740.6,2714.235,1729518410,1729537805,post-London,NY late,406.8333333333333,730.0833333333334,False,False,False,False,0.3700000000003456,2722.65,2692.91,1,UP,4880.0,0.1799999999998363,25.0,True,True,2733.065,True,"both, PD first"
2024-10-22,A1,2737.22,2720.72,16.5,2735.06,2746.63,UP,2748.975,2720.72,1729630735,1729555235,NY late,Asia,838.9166666666666,-419.4166666666667,False,False,True,False,0.3900000000003274,2740.6,2714.235,1,UP,4930.0,0.7250000000003638,95.0,True,True,2737.945,False,AR only
2024-10-23,A1,2753.365,2737.94,15.424999999999727,2750.54,2721.405,DOWN,2758.525,2708.755,1729673090,1729697070,London,post-London,104.83333333333333,504.5,False,True,False,False,0.38999999999987267,2748.975,2720.72,1,UP,2200.0,5.160000000000309,6085.0,True,True,2758.525,True,"both, PD first"
2024-10-24,A1,2736.54,2717.93,18.610000000000127,2735.25,2733.85,DOWN,2743.325,2717.93,1729776730,1729728710,post-London,Asia,392.1666666666667,-408.1666666666667,False,False,True,False,0.38999999999987267,2758.525,2708.755,1,UP,600.0,0.04500000000007276,10.0,True,True,2736.585,False,AR only
2024-10-25,A1,2735.175,2723.99,11.1850000000004,2732.27,2747.215,UP,2747.835,2717.1,1729889515,1729849140,NY late,London,831.9166666666666,159.0,True,False,False,False,0.38000000000010914,2743.325,2717.93,1,DOWN,4555.0,0.1449999999999818,5.0,True,True,2723.845,False,"both, AR first"
2024-10-28,A1,2744.65,2724.755,19.894999999999982,2740.645,2744.54,UP,2746.01,2724.755,1730127145,1730078440,post-London,Asia,472.4166666666667,-339.3333333333333,False,False,True,False,0.38000000000010914,2747.835,2717.1,0,,,,,,,,,none
2024-10-29,A1,2757.78,2743.36,14.420000000000073,2755.83,2775.125,UP,2775.535,2743.36,1730240865,1730161525,post-break,Asia,927.75,-394.5833333333333,False,False,True,False,0.40000000000009095,2746.01,2724.755,0,,,,,,,,,PD only
2024-10-30,A1,2789.855,2774.96,14.894999999999982,2787.19,2785.51,DOWN,2790.07,2770.925,1730311685,1730295505,NY late,post-London,668.0833333333334,398.4166666666667,False,False,False,False,0.38999999999987267,2775.535,2743.36,0,,,,,,,,,PD only
2024-10-31,A1,2790.17,2779.79,10.38000000000011,2779.89,2746.785,DOWN,2790.17,2731.635,1730336745,1730387210,Asia,post-London,-354.25,486.8333333333333,False,False,False,True,0.3999999999996362,2790.07,2770.925,1,DOWN,45.0,0.07000000000016371,10.0,True,True,2779.72,False,AR only
2024-11-01,A1,2757.735,2744.96,12.775000000000091,2752.085,2736.45,DOWN,2762.275,2733.255,1730466905,1730489315,post-London,NY late,375.0833333333333,748.5833333333334,False,False,False,False,0.38999999999987267,2790.17,2731.635,0,,,,,,,,,none
2024-11-04,A1,2743.88,2735.44,8.440000000000055,2741.455,2736.08,DOWN,2748.24,2731.77,1730729295,1730740265,post-London,NY late,428.25,611.0833333333334,False,False,False,False,0.3999999999996362,2762.275,2733.255,2,UP,615.0,1.0549999999998363,105.0,True,True,2744.935,False,"both, AR first"
2024-11-05,A1,2738.795,2724.765,14.0300000000002,2737.935,2745.68,UP,2750.09,2724.765,1730817310,1730774855,post-London,Asia,455.1666666666667,-252.41666666666666,False,False,True,False,0.40000000000009095,2748.24,2731.77,1,UP,200.0,0.02999999999974534,5.0,True,True,2738.825,False,AR only
2024-11-06,A1,2749.78,2701.425,48.35500000000002,2707.13,2664.095,DOWN,2749.78,2652.405,1730858105,1730903775,Asia,post-London,-304.9166666666667,456.25,False,False,False,True,0.44000000000005457,2750.09,2724.765,0,,,,,,,,,PD only
2024-11-07,A1,2664.26,2643.355,20.9050000000002,2657.14,2706.985,UP,2710.52,2643.355,1731011085,1730942435,NY late,Asia,804.75,-339.4166666666667,False,False,True,False,0.40000000000009095,2749.78,2652.405,1,UP,1250.0,1.1849999999999454,105.0,True,True,2665.445,False,AR only
2024-11-08,A1,2710.43,2686.09,24.33999999999969,2686.465,2684.455,DOWN,2710.43,2680.415,1731025205,1731050870,Asia,London,-399.9166666666667,27.833333333333332,True,False,False,True,0.4099999999998545,2710.52,2643.355,1,DOWN,0.0,5.675000000000182,2595.0,True,True,2680.415,False,AR only
2024-11-11,A1,2686.165,2666.57,19.5949999999998,2673.345,2624.09,DOWN,2686.165,2610.695,1731283215,1731349370,Asia,NY late,-419.75,682.8333333333334,False,False,False,True,0.42000000000007276,2710.43,2680.415,1,DOWN,8455.0,2.019999999999982,150.0,True,True,2664.55,True,"both, PD first"
2024-11-12,A1,2627.235,2603.525,23.710000000000036,2608.03,2599.025,DOWN,2627.235,2589.725,1731376080,1731407130,Asia,post-London,-312.0,205.5,False,False,False,True,0.42000000000007276,2686.165,2610.695,1,DOWN,1440.0,3.9850000000001273,190.0,True,True,2599.54,True,"both, PD first"
2024-11-13,A1,2613.285,2598.1,15.184999999999945,2605.495,2570.93,DOWN,2618.92,2569.375,1731504655,1731541675,post-London,post-break,390.9166666666667,1007.9166666666666,False,False,False,False,0.38999999999987267,2627.235,2589.725,0,,,,,,,,,none
2024-11-14,A1,2574.835,2551.965,22.86999999999989,2555.12,2566.98,UP,2577.525,2536.855,1731602065,1731577920,NY late,London,574.4166666666666,172.0,True,False,False,False,0.38999999999987267,2618.92,2569.375,1,DOWN,785.0,0.1750000000001819,5.0,True,True,2551.79,True,"both, PD first"
2024-11-15,A1,2571.76,2554.395,17.365000000000236,2561.47,2563.22,UP,2576.045,2554.395,1731683210,1731651610,post-London,Asia,486.8333333333333,-39.833333333333336,False,False,True,False,0.40000000000009095,2577.525,2536.855,0,,,,,,,,,none
2024-11-18,A1,2597.28,2569.92,27.360000000000127,2586.065,2612.69,UP,2615.145,2569.92,1731946220,1731889610,NY late,Asia,550.3333333333334,-393.1666666666667,False,False,True,False,0.42000000000007276,2576.045,2554.395,1,UP,10300.0,0.06999999999970896,5.0,True,True,2597.35,True,"both, PD first"
2024-11-19,A1,2626.76,2611.145,15.615000000000236,2625.21,2635.19,UP,2639.53,2611.145,1732021255,1731975365,post-London,Asia,360.9166666666667,-403.9166666666667,False,False,True,False,0.4099999999998545,2615.145,2569.92,1,UP,6230.0,0.1299999999996544,5.0,True,True,2626.89,True,"both, PD first"
2024-11-20,A1,2641.94,2628.62,13.320000000000164,2629.39,2652.26,UP,2655.485,2618.89,1732122825,1732089750,NY late,London,613.75,62.5,True,False,False,False,0.38999999999987267,2639.53,2611.145,1,DOWN,270.0,0.6799999999998363,90.0,True,True,2627.94,False,AR only
2024-11-21,A1,2662.315,2650.45,11.865000000000236,2661.49,2669.245,UP,2673.595,2650.45,1732188485,1732158125,post-London,Asia,268.0833333333333,-237.91666666666666,False,False,True,False,0.38999999999987267,2655.485,2618.89,1,UP,1385.0,0.26499999999987267,20.0,True,True,2662.58,True,"both, PD first"
2024-11-22,A1,2693.34,2668.9,24.440000000000055,2693.065,2716.335,UP,2716.4,2668.9,1732312720,1732233620,post-break,Asia,898.6666666666666,-419.6666666666667,False,False,True,False,0.3999999999996362,2673.595,2650.45,1,UP,10.0,0.09999999999990905,5.0,True,True,2693.44,True,"both, PD first"
2024-11-25,A1,2720.205,2658.21,61.99499999999989,2666.96,2610.615,DOWN,2720.205,2605.31,1732492810,1732578880,Asia,post-break,-419.8333333333333,1014.6666666666666,False,False,False,True,0.42000000000007276,2716.4,2668.9,0,,,,,,,,,PD only
2024-11-26,A1,2632.225,2608.75,23.47499999999991,2622.15,2632.35,UP,2642.02,2608.75,1732626885,1732579655,post-London,Asia,374.75,-412.4166666666667,False,False,True,False,0.4299999999998363,2720.205,2605.31,0,,,,,,,,,none
2024-11-27,A1,2648.06,2627.125,20.934999999999945,2647.845,2637.14,DOWN,2658.275,2627.125,1732715650,1732669205,post-London,Asia,414.1666666666667,-359.9166666666667,False,False,True,False,0.42000000000007276,2642.02,2608.75,1,UP,10.0,0.38000000000010914,5.0,True,True,2648.44,True,"both, PD first"
2024-11-28,A1,2639.72,2620.99,18.730000000000018,2636.97,2638.845,UP,2649.735,2620.99,1732790360,1732757845,post-London,Asia,219.33333333333334,-322.5833333333333,False,False,True,False,0.4299999999998363,2658.275,2627.125,1,UP,5615.0,0.125,5.0,True,True,2639.845,False,AR only
2024-11-29,A1,2666.35,2634.09,32.25999999999976,2665.31,2650.35,DOWN,2666.35,2634.09,1732860865,1732842060,Asia,Asia,-45.583333333333336,-359.0,False,False,True,True,0.4299999999998363,2649.735,2620.99,0,,,,,,,,,PD only
2024-12-02,A1,2647.755,2621.98,25.77500000000009,2626.03,2642.3,UP,2651.905,2621.98,1733148780,1733117005,post-London,Asia,433.0,-96.58333333333333,False,False,True,False,0.43000000000029104,2666.35,2634.09,0,,,,,,,,,PD only
2024-12-03,A1,2650.165,2634.165,16.0,2646.93,2642.86,DOWN,2655.665,2634.165,1733236315,1733190685,post-London,Asia,451.9166666666667,-308.5833333333333,False,False,True,False,0.42000000000007276,2651.905,2621.98,0,,,,,,,,,none
2024-12-04,A1,2651.45,2637.75,13.699999999999818,2649.32,2650.435,UP,2657.235,2632.465,1733326945,1733317495,post-London,post-London,522.4166666666666,364.9166666666667,False,False,False,False,0.4099999999998545,2655.665,2634.165,1,DOWN,5710.0,1.0149999999998727,105.0,True,True,2636.735,False,AR only
2024-12-05,A1,2655.635,2644.735,10.900000000000091,2646.965,2633.85,DOWN,2655.635,2623.615,1733378020,1733423260,Asia,NY late,-66.33333333333333,687.6666666666666,False,False,False,True,0.4099999999998545,2657.235,2632.465,1,DOWN,4650.0,0.16000000000030923,5.0,True,True,2644.575,False,AR only
2024-12-06,A1,2644.675,2613.11,31.565000000000055,2639.38,2633.33,DOWN,2645.73,2613.11,1733476125,1733447435,London,Asia,128.75,-349.4166666666667,False,True,True,False,0.42000000000007276,2655.635,2623.615,1,UP,7125.0,0.004999999999654392,5.0,True,True,2644.68,False,AR only
2024-12-09,A1,2650.615,2627.575,23.039999999999964,2643.88,2660.6,UP,2676.48,2627.575,1733757390,1733704565,post-London,Asia,496.5,-383.9166666666667,False,False,True,False,0.3900000000003274,2645.73,2613.11,1,UP,2045.0,0.18000000000029104,5.0,True,True,2650.795,True,"both, PD first"
2024-12-10,A1,2673.91,2658.035,15.875,2670.08,2696.14,UP,2698.43,2658.035,1733874575,1733789405,post-break,Asia,1009.5833333333334,-409.9166666666667,False,False,True,False,0.40000000000009095,2676.48,2627.575,0,,,,,,,,,none
2024-12-11,A1,2704.445,2675.465,28.980000000000018,2696.585,2720.15,UP,2721.27,2675.465,1733941470,1733893555,NY late,Asia,684.5,-114.08333333333333,False,False,True,False,0.9400000000000546,2698.43,2658.035,0,,,,,,,,,none
2024-12-12,A1,2726.295,2700.81,25.485000000000127,2718.56,2680.795,DOWN,2726.295,2675.165,1733965210,1734018670,Asia,post-London,-359.8333333333333,531.1666666666666,False,False,False,True,0.5199999999999818,2721.27,2675.465,0,,,,,,,,,none
2024-12-13,A1,2692.865,2679.055,13.809999999999945,2689.71,2648.68,DOWN,2692.865,2646.22,1734052805,1734123695,Asia,post-break,-339.9166666666667,841.5833333333334,False,False,False,True,0.599999999999909,2726.295,2675.165,1,DOWN,6865.0,24.254999999999654,,False,False,2654.8,True,"both, AR first"
2024-12-16,A1,2655.77,2643.595,12.175000000000182,2653.76,2651.715,DOWN,2664.475,2643.595,1734350980,1734310570,post-London,Asia,309.6666666666667,-363.8333333333333,False,False,True,False,0.49000000000023647,2692.865,2646.22,1,UP,2695.0,0.1449999999999818,5.0,True,True,2655.915,False,AR only
2024-12-17,A1,2658.74,2646.555,12.184999999999945,2649.06,2647.555,DOWN,2658.74,2633.16,1734400595,1734444805,Asia,post-London,-303.4166666666667,433.4166666666667,False,False,False,True,0.5,2664.475,2643.595,1,DOWN,5825.0,0.6849999999999454,40.0,True,True,2645.87,False,"both, AR first"
2024-12-18,A1,2651.785,2642.815,8.9699999999998,2646.77,2588.165,DOWN,2651.785,2583.915,1734487160,1734558935,Asia,post-break,-300.6666666666667,895.5833333333334,False,False,False,True,0.5,2658.74,2633.16,1,DOWN,3680.0,0.6449999999999818,110.0,True,True,2642.17,False,AR only
2024-12-19,A1,2618.155,2588.005,30.15000000000009,2613.05,2593.66,DOWN,2626.44,2587.065,1734605345,1734622805,post-London,post-London,229.08333333333334,520.0833333333334,False,False,False,False,0.5,2651.785,2583.915,1,UP,1425.0,0.08999999999969077,5.0,True,True,2618.245,False,AR only
2024-12-20,A1,2605.475,2589.665,15.809999999999945,2604.855,2623.61,UP,2631.92,2589.665,1734710405,1734656530,NY late,Asia,540.0833333333334,-357.8333333333333,False,False,True,False,0.5,2626.44,2587.065,1,UP,180.0,2.1550000000002,780.0,True,True,2607.63,False,AR only
2024-12-23,A1,2632.99,2617.515,15.474999999999909,2631.655,2615.65,DOWN,2633.39,2608.26,1734937800,1734970340,London,NY late,10.0,552.3333333333334,False,True,False,False,0.5399999999999636,2631.92,2589.665,1,UP,455.0,0.36500000000023647,95.0,True,True,2633.355,True,"both, PD first"
2024-12-24,A1,2621.535,2613.63,7.904999999999745,2619.055,2616.875,DOWN,2621.535,2610.105,1735017250,1735052435,Asia,post-London,-105.83333333333333,480.5833333333333,False,False,False,True,0.43000000000029104,2633.39,2608.26,1,DOWN,9975.0,0.005000000000109139,5.0,True,True,2613.625,False,AR only
2024-12-26,A1,2629.27,2618.75,10.519999999999982,2626.255,2632.78,UP,2639.175,2618.75,1735228345,1735171200,post-London,Asia,532.4166666666666,-420.0,False,False,True,False,0.6100000000001273,2621.535,2610.105,1,UP,700.0,0.3350000000000364,5.0,True,True,2629.605,True,"both, PD first"
2024-12-27,A1,2637.065,2628.99,8.075000000000273,2634.73,2622.035,DOWN,2638.3,2611.715,1735284825,1735309915,London,post-London,33.75,451.9166666666667,False,True,False,False,0.5399999999999636,2639.175,2618.75,2,UP,335.0,0.125,5.0,True,True,2637.19,False,AR only
2024-12-30,A1,2628.095,2618.38,9.71499999999969,2619.17,2606.77,DOWN,2628.095,2596.185,1735529670,1735575780,Asia,NY late,-205.5,563.0,False,False,False,True,0.6199999999998909,2638.3,2611.715,1,DOWN,85.0,0.10500000000001819,15.0,True,True,2618.275,False,"both, AR first"
2024-12-31,A1,2611.61,2602.76,8.849999999999909,2607.835,2624.225,UP,2627.625,2602.76,1735665605,1735624550,NY late,Asia,620.0833333333334,-64.16666666666667,False,False,True,False,0.5399999999999636,2628.095,2596.185,1,UP,2700.0,0.13999999999987267,5.0,True,True,2611.75,False,AR only
2025-01-02,A1,2636.59,2622.765,13.825000000000273,2634.265,2658.44,UP,2660.605,2622.765,1735837510,1735776040,NY late,Asia,605.1666666666666,-419.3333333333333,False,False,True,False,0.5,2627.625,2602.76,1,UP,4020.0,0.009999999999763531,5.0,True,True,2636.6,True,"both, PD first"
2025-01-03,A1,2665.405,2655.955,9.450000000000273,2659.68,2639.725,DOWN,2665.405,2636.705,1735874820,1735940185,Asia,post-break,-213.0,876.4166666666666,False,False,False,True,0.5599999999999454,2660.605,2622.765,1,DOWN,485.0,0.2849999999998545,25.0,True,True,2655.67,False,AR only
2025-01-06,A1,2647.49,2630.37,17.11999999999989,2631.545,2634.68,UP,2649.52,2614.635,1736163900,1736173105,post-London,post-London,285.0,438.4166666666667,False,False,False,False,0.5399999999999636,2665.405,2636.705,1,DOWN,1310.0,0.005000000000109139,5.0,True,True,2630.365,True,"both, PD first"
2025-01-07,A1,2646.77,2633.0,13.769999999999982,2640.265,2649.825,UP,2664.33,2633.0,1736258300,1736209870,post-London,Asia,418.3333333333333,-388.8333333333333,False,False,True,False,0.5100000000002183,2649.52,2614.635,0,,,,,,,,,none
2025-01-08,A1,2653.145,2645.37,7.775000000000091,2652.275,2662.65,UP,2670.15,2645.37,1736355520,1736311985,NY late,Asia,598.6666666666666,-126.91666666666667,False,False,True,False,0.5099999999997635,2664.33,2633.0,1,UP,340.0,1.3699999999998909,450.0,True,True,2654.515,False,AR only
2025-01-09,A1,2666.98,2655.635,11.3449999999998,2666.845,2670.08,UP,2678.405,2655.635,1736429845,1736397430,post-London,Asia,397.4166666666667,-142.83333333333334,False,False,True,False,0.5199999999999818,2670.15,2645.37,0,,,,,,,,,none
2025-01-10,A1,2678.565,2669.015,9.550000000000182,2678.33,2689.375,UP,2697.95,2664.075,1736523410,1736516025,post-London,post-London,516.8333333333334,393.75,False,False,False,False,0.580000000000382,2678.405,2655.635,1,UP,210.0,0.08500000000003638,15.0,True,True,2678.65,True,"both, same bar"
2025-01-13,A1,2693.555,2679.315,14.239999999999782,2689.99,2667.99,DOWN,2693.555,2656.835,1736727155,1736794945,Asia,NY late,-407.4166666666667,722.4166666666666,False,False,False,True,0.599999999999909,2697.95,2664.075,0,,,,,,,,,none
2025-01-14,A1,2675.365,2666.455,8.909999999999854,2669.155,2675.66,UP,2678.395,2659.89,1736891680,1736863960,post-break,post-London,894.6666666666666,432.6666666666667,False,False,False,False,0.5599999999999454,2693.555,2656.835,1,DOWN,9615.0,1.5949999999998,335.0,True,True,2664.86,False,AR only
2025-01-15,A1,2683.475,2669.365,14.110000000000127,2681.015,2695.035,UP,2697.665,2669.365,1736982320,1736906440,post-break,Asia,965.3333333333334,-299.3333333333333,False,False,True,False,0.49000000000023647,2678.395,2659.89,1,UP,2535.0,0.01499999999987267,5.0,True,True,2683.49,True,"both, PD first"
2025-01-16,A1,2702.26,2690.05,12.210000000000036,2693.97,2714.635,UP,2724.785,2690.05,1737049125,1737008420,NY late,Asia,638.75,-39.666666666666664,False,False,True,False,0.5100000000002183,2697.665,2669.365,1,UP,4735.0,0.1299999999996544,5.0,True,True,2702.39,True,"both, PD first"
2025-01-17,A1,2717.43,2709.965,7.464999999999691,2712.715,2703.15,DOWN,2717.43,2699.3,1737083290,1737148405,Asia,post-break,-231.83333333333334,853.4166666666666,False,False,False,True,0.5799999999999272,2724.785,2690.05,1,DOWN,2910.0,0.07500000000027285,5.0,True,True,2709.89,False,AR only
2025-01-20,A1,2713.885,2689.375,24.51000000000022,2711.79,2710.415,DOWN,2713.885,2689.375,1737356005,1737335350,Asia,Asia,-6.583333333333333,-350.8333333333333,False,False,True,True,0.5199999999999818,2717.43,2699.3,0,,,,,,,,,none
2025-01-21,A1,2729.415,2702.815,26.59999999999991,2724.395,2744.365,UP,2746.055,2702.815,1737484920,1737420965,NY late,Asia,702.0,-363.9166666666667,False,False,True,False,0.6300000000001091,2713.885,2689.375,1,UP,2275.0,0.010000000000218279,5.0,True,True,2729.425,True,"both, PD first"
2025-01-22,A1,2758.67,2742.635,16.034999999999854,2747.035,2755.35,UP,2763.435,2742.635,1737542325,1737505150,post-London,Asia,218.75,-400.8333333333333,False,False,True,False,0.5599999999999454,2746.055,2702.815,1,UP,8510.0,0.05499999999983629,5.0,True,True,2758.725,True,"both, PD first"
2025-01-23,A1,2756.295,2749.625,6.670000000000073,2753.31,2754.665,UP,2758.97,2735.96,1737654700,1737639700,NY late,post-London,651.6666666666666,401.6666666666667,False,False,False,False,0.5,2763.435,2742.635,1,DOWN,8435.0,8.764999999999873,4880.0,True,False,2740.86,True,"both, AR first"
2025-01-24,A1,2778.455,2754.385,24.06999999999971,2773.955,2770.885,DOWN,2786.06,2754.385,1737732960,1737676810,post-London,Asia,516.0,-419.8333333333333,False,False,True,False,0.5599999999999454,2758.97,2735.96,0,,,,,,,,,PD only
2025-01-27,A1,2772.745,2750.94,21.804999999999836,2754.745,2741.945,DOWN,2772.745,2730.56,1737939940,1737997975,Asia,NY late,-354.3333333333333,612.9166666666666,False,False,False,True,0.5,2786.06,2754.385,1,DOWN,1580.0,0.22000000000025466,5.0,True,True,2750.72,True,"both, PD first"
2025-01-28,A1,2745.29,2737.97,7.320000000000164,2739.64,2762.79,UP,2765.09,2734.815,1738095065,1738053230,NY late,London,791.0833333333334,93.83333333333333,True,False,False,False,0.5099999999997635,2772.745,2730.56,1,DOWN,4460.0,0.02999999999974534,5.0,True,True,2737.94,False,AR only
2025-01-29,A1,2766.265,2759.25,7.014999999999873,2759.26,2760.435,UP,2766.265,2744.755,1738114780,1738179040,Asia,NY late,-320.3333333333333,750.6666666666666,False,False,False,True,0.5,2765.09,2734.815,1,DOWN,0.0,0.48500000000012733,15.0,True,True,2758.765,False,"both, AR first"
2025-01-30,A1,2766.535,2758.86,7.674999999999727,2765.62,2796.305,UP,2798.605,2758.86,1738252860,1738215560,NY late,Asia,541.0,-80.66666666666667,False,False,True,False,0.49000000000023647,2766.265,2744.755,1,UP,150.0,0.07500000000027285,5.0,True,True,2766.61,True,"both, PD first"
2025-01-31,A1,2799.565,2792.245,7.320000000000164,2792.815,2797.94,UP,2817.215,2791.07,1738336380,1738319855,post-London,post-London,493.0,217.58333333333334,False,False,False,False,0.5300000000002001,2798.605,2758.86,2,UP,1500.0,0.27999999999974534,10.0,True,True,2799.845,True,"both, PD first"
2025-02-03,A1,2796.065,2772.215,23.84999999999991,2786.91,2814.015,UP,2830.755,2772.215,1738594780,1738553915,post-London,Asia,479.6666666666667,-201.41666666666666,False,False,True,False,0.6099999999996726,2817.215,2791.07,1,UP,4955.0,4.525000000000091,3295.0,True,True,2800.59,False,"both, PD first"
2025-02-04,A1,2824.65,2810.975,13.675000000000182,2813.53,2841.505,UP,2845.47,2807.275,1738683245,1738654230,post-London,London,514.0833333333334,30.5,True,False,False,False,0.5600000000004002,2830.755,2772.215,1,DOWN,1405.0,0.6149999999997817,25.0,True,True,2810.36,False,AR only
2025-02-05,A1,2861.915,2839.74,22.175000000000182,2859.43,2869.37,UP,2882.31,2839.74,1738770740,1738719910,post-London,Asia,532.3333333333334,-314.8333333333333,False,False,True,False,0.5399999999999636,2845.47,2807.275,1,UP,3435.0,0.02500000000009095,5.0,True,True,2861.94,True,"both, PD first"
2025-02-06,A1,2873.34,2858.33,15.010000000000218,2859.275,2858.15,DOWN,2873.34,2834.27,1738807350,1738854530,Asia,post-London,-297.5,488.8333333333333,False,False,False,True,0.5399999999999636,2882.31,2839.74,1,DOWN,2695.0,9.360000000000127,3280.0,True,True,2848.97,False,AR only
2025-02-07,A1,2870.565,2857.995,12.570000000000164,2860.8,2861.23,UP,2886.855,2852.595,1738943185,1738935180,post-London,post-London,526.4166666666666,393.0,False,False,False,False,0.5300000000002001,2873.34,2834.27,1,UP,7550.0,0.09499999999979991,5.0,True,True,2870.66,False,AR only
2025-02-10,A1,2892.38,2865.875,26.50500000000011,2888.51,2917.85,UP,2921.655,2865.875,1739231100,1739146470,post-break,Asia,1005.0,-405.5,False,False,True,False,0.5599999999999454,2886.855,2852.595,1,UP,1795.0,3.505000000000109,1035.0,True,True,2895.885,True,"both, PD first"
2025-02-11,A1,2942.78,2905.94,36.840000000000146,2917.775,2898.69,DOWN,2942.78,2881.56,1739240160,1739279970,Asia,post-London,-284.0,379.5,False,False,False,True,0.5400000000004184,2921.655,2865.875,1,DOWN,7210.0,1.0199999999999818,40.0,True,True,2904.92,False,AR only
2025-02-12,A1,2899.01,2883.695,15.315000000000055,2892.75,2905.855,UP,2909.265,2864.33,1739380475,1739367095,NY late,post-London,614.5833333333334,391.5833333333333,False,False,False,False,0.5300000000002001,2942.78,2881.56,0,,,,,,,,,none
2025-02-13,A1,2922.88,2901.5,21.38000000000011,2916.135,2931.245,UP,2932.465,2901.5,1739489910,1739410430,post-break,Asia,998.5,-326.1666666666667,False,False,True,False,0.49000000000023647,2909.265,2864.33,0,,,,,,,,,PD only
2025-02-14,A1,2936.85,2923.335,13.514999999999873,2934.415,2882.482,DOWN,2939.98,2877.025,1739529405,1739565645,post-London,NY late,216.75,820.75,False,False,False,False,0.5,2932.465,2901.5,1,UP,4725.0,0.11999999999989086,5.0,True,True,2936.97,True,"both, PD first"
2025-02-17,A1,2905.355,2879.45,25.9050000000002,2896.73,2899.305,UP,2906.525,2879.45,1739784150,1739750400,London,Asia,142.5,-420.0,False,True,True,False,0.5100000000002183,2939.98,2877.025,1,UP,8280.0,0.9349999999999454,10.0,True,True,2906.29,False,AR only
2025-02-18,A1,2915.76,2892.07,23.690000000000055,2913.66,2933.995,UP,2936.955,2892.07,1739908280,1739842445,NY late,Asia,771.3333333333334,-325.9166666666667,False,False,True,False,0.5499999999997272,2906.525,2879.45,0,,,,,,,,,PD only
2025-02-19,A1,2939.74,2924.21,15.529999999999745,2931.735,2935.57,UP,2947.08,2918.64,1739959605,1739989615,post-London,NY late,186.75,686.9166666666666,False,False,False,False,0.5199999999999818,2936.955,2892.07,1,UP,5790.0,0.1950000000001637,35.0,True,True,2939.935,True,"both, PD first"
2025-02-20,A1,2949.015,2933.97,15.045000000000073,2947.87,2941.785,DOWN,2954.955,2924.035,1740042010,1740060860,London,post-London,120.16666666666667,434.3333333333333,False,True,False,False,0.5100000000002183,2947.08,2918.64,1,UP,565.0,0.03500000000030923,5.0,True,True,2949.05,True,"both, PD first"
2025-02-21,A1,2949.93,2924.265,25.664999999999964,2929.645,2936.05,UP,2949.93,2916.82,1740100830,1740126130,Asia,London,-339.5,82.16666666666667,True,False,False,True,0.5199999999999818,2954.955,2924.035,1,DOWN,4345.0,0.27500000000009095,5.0,True,True,2923.99,True,"both, same bar"
2025-02-24,A1,2944.76,2921.475,23.28500000000031,2938.855,2950.145,UP,2956.31,2921.475,1740405960,1740360285,post-London,Asia,426.0,-335.25,False,False,True,False,0.5,2949.93,2916.82,1,UP,3025.0,0.25999999999976353,5.0,True,True,2945.02,False,AR only
2025-02-25,A1,2952.545,2933.595,18.950000000000273,2936.03,2918.63,DOWN,2952.545,2888.18,1740445885,1740499735,Asia,NY late,-348.5833333333333,548.9166666666666,False,False,False,True,0.4699999999997999,2956.31,2921.475,1,DOWN,2805.0,0.8799999999996544,40.0,True,True,2932.715,False,AR only
2025-02-26,A1,2930.18,2906.75,23.429999999999836,2906.78,2919.41,UP,2930.18,2890.865,1740533100,1740580310,Asia,post-London,-335.0,451.8333333333333,False,False,False,True,0.5199999999999818,2952.545,2888.18,1,DOWN,0.0,0.8449999999997999,40.0,True,True,2905.905,False,AR only
2025-02-27,A1,2919.405,2888.605,30.800000000000182,2894.345,2875.885,DOWN,2919.405,2867.795,1740614400,1740667895,Asia,post-London,-420.0,471.5833333333333,False,False,False,True,0.5199999999999818,2930.18,2890.865,1,DOWN,2650.0,0.5500000000001819,10.0,True,True,2888.055,True,"both, PD first"
2025-02-28,A1,2885.24,2856.975,28.264999999999873,2863.69,2858.14,DOWN,2885.24,2832.72,1740705060,1740754820,Asia,post-London,-349.0,480.3333333333333,False,False,False,True,0.5099999999997635,2919.405,2867.795,1,DOWN,3750.0,0.03999999999996362,5.0,True,True,2856.935,True,"both, PD first"
2025-03-03,A1,2872.15,2859.47,12.680000000000291,2865.59,2890.895,UP,2895.21,2859.0,1741037470,1740990430,post-break,London,871.1666666666666,87.16666666666667,True,False,False,False,0.47000000000025466,2885.24,2832.72,1,DOWN,5225.0,0.4699999999997999,10.0,True,True,2859.0,False,AR only
2025-03-04,A1,2894.415,2881.98,12.434999999999945,2887.445,2914.39,UP,2927.91,2881.98,1741093750,1741051685,post-London,Asia,369.1666666666667,-331.9166666666667,False,False,True,False,0.5399999999999636,2895.21,2859.0,1,UP,1340.0,0.24000000000023647,40.0,True,True,2894.655,False,"both, AR first"
2025-03-05,A1,2921.855,2902.04,19.815000000000055,2917.21,2918.315,UP,2929.98,2894.35,1741192980,1741182760,NY late,post-London,583.0,412.6666666666667,False,False,False,False,0.4899999999997817,2927.91,2881.98,1,UP,4605.0,0.11000000000012733,5.0,True,True,2921.965,False,AR only
2025-03-06,A1,2926.72,2914.63,12.08999999999969,2920.705,2910.395,DOWN,2926.72,2891.15,1741226775,1741254965,Asia,London,-293.75,176.08333333333334,True,False,False,True,0.5099999999997635,2929.98,2894.35,1,DOWN,2025.0,0.974999999999909,20.0,True,True,2913.655,False,"both, AR first"
2025-03-07,A1,2914.82,2896.91,17.91000000000031,2913.57,2910.705,DOWN,2930.54,2896.91,1741360030,1741306245,post-London,Asia,487.1666666666667,-409.25,False,False,True,False,0.5100000000002183,2926.72,2891.15,1,UP,2525.0,0.02999999999974534,5.0,True,True,2914.85,False,AR only
2025-03-10,A1,2918.385,2907.035,11.350000000000364,2914.475,2884.79,DOWN,2918.385,2880.31,1741569105,1741629950,Asia,NY late,-348.25,665.8333333333334,False,False,False,True,0.5099999999997635,2930.54,2896.91,1,DOWN,3260.0,0.29500000000007276,5.0,True,True,2906.74,False,"both, AR first"
2025-03-11,A1,2902.89,2880.25,22.639999999999873,2902.34,2915.555,UP,2922.225,2880.25,1741700785,1741655070,post-London,Asia,406.4166666666667,-355.5,False,False,True,False,0.4800000000000182,2918.385,2880.31,1,UP,480.0,0.8099999999999454,75.0,True,True,2903.7,False,AR only
2025-03-12,A1,2921.185,2910.9,10.284999999999854,2911.91,2938.195,UP,2940.69,2906.11,1741801615,1741785920,NY late,post-London,646.9166666666666,385.3333333333333,False,False,False,False,0.4699999999997999,2922.225,2880.25,2,DOWN,190.0,0.13999999999987267,5.0,True,True,2910.76,False,"both, AR first"
2025-03-13,A1,2947.195,2935.515,11.680000000000291,2936.95,2986.465,UP,2990.055,2932.98,1741905585,1741852110,post-break,London,939.75,48.5,True,False,False,False,0.5199999999999818,2940.69,2906.11,2,DOWN,745.0,0.6599999999998545,45.0,True,True,2934.855,False,"both, AR first"
2025-03-14,A1,2994.0,2981.285,12.715000000000146,2985.705,2984.91,DOWN,3005.04,2978.505,1741947485,1741965655,post-London,post-London,198.08333333333334,500.9166666666667,False,False,False,False,0.4600000000000364,2990.055,2932.98,2,DOWN,1440.0,0.15999999999985448,5.0,True,True,2981.125,False,"both, AR first"
2025-03-17,A1,2993.235,2982.34,10.894999999999982,2989.935,2999.81,UP,3002.89,2982.34,1742254850,1742188380,post-break,Asia,1000.8333333333334,-107.0,False,False,True,False,0.49000000000023647,3005.04,2978.505,1,UP,9205.0,0.24499999999989086,25.0,True,True,2993.48,False,AR only
2025-03-18,A1,3017.895,2999.46,18.434999999999945,3015.87,3031.79,UP,3038.35,2999.46,1742304660,1742259695,post-London,Asia,391.0,-358.4166666666667,False,False,True,False,0.49000000000023647,3002.89,2982.34,1,UP,740.0,0.8699999999998909,170.0,True,True,3018.765,True,"both, PD first"
2025-03-19,A1,3045.41,3027.45,17.960000000000036,3042.33,3050.14,UP,3051.97,3022.885,1742411455,1742375115,NY late,London,730.9166666666666,125.25,True,False,False,False,0.5500000000001819,3038.35,2999.46,1,DOWN,6285.0,0.25,5.0,True,True,3027.2,False,"both, PD first"
2025-03-20,A1,3057.59,3045.005,12.585000000000036,3049.045,3046.49,DOWN,3057.59,3025.73,1742445935,1742466980,Asia,post-London,-134.41666666666666,216.33333333333334,False,False,False,True,0.49000000000023647,3051.97,3022.885,1,DOWN,1260.0,0.6199999999998909,65.0,True,True,3044.385,False,AR only
2025-03-21,A1,3047.55,3021.845,25.705000000000382,3029.885,3023.985,DOWN,3047.55,2999.465,1742515265,1742566245,Asia,post-London,-418.9166666666667,430.75,False,False,False,True,0.5100000000002183,3057.59,3025.73,0,,,,,,,,,none
2025-03-24,A1,3025.73,3013.755,11.974999999999909,3025.14,3010.045,DOWN,3033.34,3002.495,1742812205,1742840010,post-London,NY late,210.08333333333334,673.5,False,False,False,False,0.4499999999998181,3047.55,2999.465,1,UP,465.0,0.08500000000003638,5.0,True,True,3025.815,False,AR only
2025-03-25,A1,3021.135,3007.54,13.595000000000255,3017.765,3021.08,UP,3036.07,3007.54,1742911565,1742871165,post-London,Asia,426.0833333333333,-247.25,False,False,True,False,0.4899999999997817,3033.34,3002.495,1,UP,6505.0,0.11499999999978172,15.0,True,True,3021.25,False,AR only
2025-03-26,A1,3027.17,3013.32,13.849999999999909,3026.35,3021.725,DOWN,3032.165,3012.33,1742976215,1743001365,London,post-London,63.583333333333336,482.75,False,True,False,False,0.5399999999999636,3036.07,3007.54,1,UP,445.0,0.43499999999994543,35.0,True,True,3027.605,False,AR only
2025-03-27,A1,3038.695,3021.655,17.039999999999964,3030.02,3055.795,UP,3059.755,3021.655,1743087000,1743033600,post-London,Asia,470.0,-420.0,False,False,True,False,0.5100000000002183,3032.165,3012.33,1,UP,10535.0,17.335000000000036,12475.0,True,False,3056.03,True,"both, PD first"
2025-03-28,A1,3085.02,3055.095,29.925000000000182,3084.74,3085.345,UP,3086.965,3055.095,1743170780,1743120000,post-London,Asia,426.3333333333333,-420.0,False,False,True,False,0.5599999999999454,3059.755,3021.655,1,UP,405.0,1.0700000000001637,150.0,True,True,3086.09,True,"both, PD first"
2025-03-31,A1,3128.135,3076.805,51.33000000000038,3119.41,3120.535,UP,3128.135,3076.805,1743401595,1743382865,Asia,Asia,-46.75,-358.9166666666667,False,False,True,True,0.5500000000001819,3086.965,3055.095,0,,,,,,,,,PD only
2025-04-01,A1,3149.09,3120.335,28.75500000000011,3133.745,3115.325,DOWN,3149.09,3100.87,1743485885,1743524310,Asia,NY late,-81.91666666666667,558.5,False,False,False,True,0.5300000000002001,3128.135,3076.805,0,,,,,,,,,PD only
2025-04-02,A1,3135.805,3106.705,29.09999999999991,3116.915,3162.725,UP,3167.835,3104.79,1743638015,1743624850,post-break,NY late,1013.5833333333334,794.1666666666666,False,False,False,False,0.5099999999997635,3149.09,3100.87,0,,,,,,,,,none
2025-04-03,A1,3164.975,3116.515,48.460000000000036,3127.89,3113.025,DOWN,3164.975,3054.19,1743638605,1743685960,Asia,post-London,-416.5833333333333,372.6666666666667,False,False,False,True,0.5399999999999636,3167.835,3104.79,0,,,,,,,,,none
2025-04-04,A1,3115.78,3087.09,28.690000000000055,3101.14,3037.885,DOWN,3136.775,3015.65,1743765230,1743787805,post-London,NY late,253.83333333333334,630.0833333333334,False,False,False,False,0.5700000000001637,3164.975,3054.19,1,DOWN,4600.0,0.21000000000003638,5.0,True,True,3086.88,False,AR only
2025-04-07,A1,3057.305,2970.215,87.08999999999969,3029.965,2981.335,DOWN,3057.305,2956.565,1743990255,1744047010,Asia,NY late,-315.75,630.1666666666666,False,False,False,True,0.6300000000001091,3136.775,3015.65,0,,,,,,,,,PD only
2025-04-08,A1,3016.105,2980.44,35.664999999999964,3013.32,2978.56,DOWN,3022.76,2969.97,1744118290,1744155510,post-London,post-break,378.1666666666667,998.5,False,False,False,False,0.6799999999998363,3057.305,2956.565,0,,,,,,,,,none
2025-04-09,A1,3041.045,2972.415,68.63000000000011,3039.13,3086.8,UP,3099.77,2972.415,1744227910,1744160680,NY late,Asia,765.1666666666666,-355.3333333333333,False,False,True,False,0.7200000000002547,3022.76,2969.97,1,UP,240.0,2.7350000000001273,50.0,True,True,3043.78,True,"both, PD first"
2025-04-10,A1,3132.63,3078.55,54.07999999999993,3122.18,3189.11,UP,3191.495,3078.55,1744329465,1744248985,post-break,Asia,1017.75,-323.5833333333333,False,False,True,False,0.6199999999998909,3099.77,2972.415,0,,,,,,,,,PD only
2025-04-11,A1,3220.1,3185.005,35.0949999999998,3197.335,3237.93,UP,3245.485,3185.005,1744387715,1744329995,NY late,Asia,548.5833333333334,-413.4166666666667,False,False,True,False,0.6400000000003274,3191.495,3078.55,1,UP,4865.0,0.0500000000001819,5.0,True,True,3220.15,True,"both, PD first"
2025-04-14,A1,3245.845,3215.42,30.424999999999727,3231.185,3212.675,DOWN,3245.845,3193.63,1744596610,1744636565,Asia,post-London,-289.8333333333333,376.0833333333333,False,False,False,True,0.599999999999909,3245.485,3185.005,0,,,,,,,,,none
2025-04-15,A1,3232.755,3210.065,22.690000000000055,3225.345,3251.895,UP,3251.94,3210.065,1744761595,1744678815,post-break,Asia,1019.9166666666666,-359.75,False,False,True,False,0.5599999999999454,3245.845,3193.63,0,,,,,,,,,none
2025-04-16,A1,3295.18,3251.705,43.47499999999991,3291.835,3350.155,UP,3357.775,3251.705,1744842045,1744761600,post-break,Asia,920.75,-420.0,False,False,True,False,0.5900000000001455,3251.94,3210.065,1,UP,105.0,0.4600000000000364,10.0,True,True,3295.64,True,"both, PD first"
2025-04-17,A1,3356.5,3320.855,35.64499999999998,3328.775,3327.375,DOWN,3356.5,3283.955,1744852620,1744900560,Asia,post-London,-343.0,456.0,False,False,False,True,0.5600000000004002,3357.775,3251.705,1,DOWN,845.0,0.7699999999999818,20.0,True,True,3320.085,False,AR only
2025-04-21,A1,3393.36,3347.595,45.76500000000033,3392.155,3434.575,UP,3444.68,3347.595,1745278525,1745193615,post-break,Asia,995.4166666666666,-419.75,False,False,True,False,0.6399999999998727,3356.5,3283.955,1,UP,85.0,0.2300000000000182,5.0,True,True,3393.59,True,"both, PD first"
2025-04-22,A1,3500.2,3412.345,87.85500000000002,3479.81,3336.775,DOWN,3500.2,3315.34,1745302690,1745361000,Asia,post-break,-41.833333333333336,930.0,False,False,False,True,0.6200000000003456,3444.68,3347.595,0,,,,,,,,,PD only
2025-04-23,A1,3386.77,3291.735,95.03499999999985,3301.11,3316.475,UP,3386.77,3260.19,1745372775,1745417510,Asia,post-London,-313.75,431.8333333333333,False,False,False,True,0.7400000000002365,3500.2,3315.34,0,,,,,,,,,PD only
2025-04-24,A1,3367.685,3313.42,54.26499999999987,3324.655,3348.9,UP,3370.475,3306.755,1745534190,1745503565,post-break,post-London,936.5,426.0833333333333,False,False,False,False,0.7300000000000182,3386.77,3260.19,0,,,,,,,,,none
2025-04-25,A1,3363.215,3287.265,75.95000000000027,3304.49,3319.345,UP,3363.215,3265.135,1745543420,1745587870,Asia,post-London,-349.6666666666667,391.1666666666667,False,False,False,True,0.6600000000003092,3370.475,3306.755,0,,,,,,,,,PD only
2025-04-28,A1,3316.165,3268.11,48.054999999999836,3283.465,3337.68,UP,3353.2,3268.11,1745870300,1745806430,NY late,Asia,778.3333333333334,-286.1666666666667,False,False,True,False,0.7399999999997817,3363.215,3265.135,0,,,,,,,,,none
2025-04-29,A1,3340.135,3305.14,34.995000000000346,3318.835,3317.185,DOWN,3340.135,3299.675,1745890625,1745935690,Asia,post-London,-322.9166666666667,428.1666666666667,False,False,False,True,0.7000000000002728,3353.2,3268.11,0,,,,,,,,,none
2025-04-30,A1,3328.155,3301.385,26.769999999999982,3305.85,3272.935,DOWN,3328.155,3266.91,1745972030,1746014700,Asia,post-London,-406.1666666666667,305.0,False,False,False,True,0.7000000000002728,3340.135,3299.675,1,DOWN,4120.0,0.28500000000030923,5.0,True,True,3301.1,False,"both, AR first"
2025-05-01,A1,3276.555,3221.32,55.23499999999967,3235.84,3237.44,UP,3276.555,3201.955,1746058545,1746100950,Asia,post-London,-404.25,302.5,False,False,False,True,0.7599999999997635,3328.155,3266.91,1,DOWN,9685.0,0.08000000000038199,5.0,True,True,3221.24,True,"both, PD first"
2025-05-02,A1,3262.5,3227.47,35.0300000000002,3252.975,3240.95,DOWN,3269.3,3222.755,1746186580,1746205125,post-London,NY late,289.6666666666667,598.75,False,False,False,False,0.7200000000002547,3276.555,3201.955,1,UP,2100.0,0.9699999999997999,10.0,True,True,3263.47,False,AR only
2025-05-05,A1,3272.545,3241.195,31.34999999999991,3262.2,3334.095,UP,3337.67,3241.195,1746474025,1746405905,NY late,Asia,760.4166666666666,-374.9166666666667,False,False,True,False,0.7199999999997999,3269.3,3222.755,1,UP,5360.0,1.2699999999999818,10.0,True,True,3273.815,True,"both, PD first"
2025-05-06,A1,3387.015,3322.755,64.25999999999976,3364.805,3400.87,UP,3435.055,3322.755,1746564905,1746492465,NY late,Asia,835.0833333333334,-372.25,False,False,True,False,0.7199999999997999,3337.67,3241.195,0,,,,,,,,,PD only
2025-05-07,A1,3401.73,3360.2,41.5300000000002,3392.43,3376.475,DOWN,3401.73,3360.2,1746576005,1746581625,Asia,Asia,-419.9166666666667,-326.25,False,False,True,True,0.7100000000000364,3435.055,3322.755,0,,,,,,,,,none
2025-05-08,A1,3414.79,3320.38,94.40999999999985,3329.83,3316.405,DOWN,3414.79,3288.805,1746669770,1746732120,Asia,NY late,-297.1666666666667,742.0,False,False,False,True,0.7300000000000182,3401.73,3360.2,0,,,,,,,,,PD only
2025-05-09,A1,3330.435,3274.81,55.625,3325.465,3325.39,DOWN,3347.625,3274.81,1746807385,1746756785,NY late,Asia,556.4166666666666,-286.9166666666667,False,False,True,False,0.7200000000002547,3414.79,3288.805,1,UP,695.0,1.9149999999999636,60.0,True,True,3332.35,False,AR only
2025-05-12,A1,3290.105,3258.85,31.25500000000011,3277.525,3236.875,DOWN,3290.105,3207.79,1747008045,1747047395,Asia,post-London,-419.25,236.58333333333334,False,False,False,True,0.8600000000001273,3347.625,3274.81,1,DOWN,50.0,0.9200000000000728,10.0,True,True,3257.93,True,"both, PD first"
2025-05-13,A1,3265.785,3215.855,49.929999999999836,3262.23,3254.46,DOWN,3265.785,3215.855,1747119075,1747100705,Asia,Asia,-8.75,-314.9166666666667,False,False,True,True,0.75,3290.105,3207.79,0,,,,,,,,,none
2025-05-14,A1,3254.75,3221.565,33.184999999999945,3228.74,3186.165,DOWN,3254.75,3168.065,1747180805,1747249350,Asia,NY late,-419.9166666666667,722.5,False,False,False,True,0.7799999999997453,3265.785,3215.855,0,,,,,,,,,none
2025-05-15,A1,3192.83,3120.765,72.06500000000005,3149.925,3237.28,UP,3252.255,3120.765,1747349950,1747289035,post-break,Asia,959.1666666666666,-56.083333333333336,False,False,True,False,0.8000000000001819,3254.75,3168.065,0,,,,,,,,,PD only
2025-05-16,A1,3244.675,3206.6,38.07500000000027,3214.975,3204.435,DOWN,3244.675,3154.3,1747357205,1747396500,Asia,post-London,-359.9166666666667,295.0,False,False,False,True,0.75,3252.255,3120.765,1,DOWN,1275.0,0.9499999999998181,5.0,True,True,3205.65,False,AR only
2025-05-19,A1,3249.85,3206.725,43.125,3224.285,3222.665,DOWN,3249.85,3206.725,1747613880,1747627555,Asia,Asia,-402.0,-174.08333333333334,False,False,True,True,0.7999999999997272,3244.675,3154.3,0,,,,,,,,,PD only
2025-05-20,A1,3232.85,3204.67,28.179999999999836,3209.745,3290.635,UP,3304.115,3204.67,1747779135,1747710195,post-break,Asia,912.25,-236.75,False,False,True,False,0.75,3249.85,3206.725,1,UP,6955.0,1.7800000000002,85.0,True,True,3234.63,False,AR only
2025-05-21,A1,3320.845,3285.34,35.504999999999654,3320.045,3320.12,UP,3324.935,3285.34,1747855620,1747790740,NY late,Asia,747.0,-334.3333333333333,False,False,True,False,0.7400000000002365,3304.115,3204.67,0,,,,,,,,,PD only
2025-05-22,A1,3345.47,3319.605,25.86499999999978,3326.525,3300.21,DOWN,3345.47,3279.235,1747883920,1747922475,Asia,post-London,-221.33333333333334,421.25,False,False,False,True,0.7400000000002365,3324.935,3285.34,1,DOWN,5175.0,40.36999999999989,,False,False,3279.235,True,"both, PD first"
2025-05-23,A1,3332.04,3287.075,44.965000000000146,3331.25,3358.125,UP,3366.015,3287.075,1748021405,1747961545,NY late,Asia,630.0833333333334,-367.5833333333333,False,False,True,False,0.7300000000000182,3345.47,3279.235,1,UP,35.0,0.9549999999999272,30.0,True,True,3332.995,False,AR only
2025-05-26,A1,3356.995,3331.445,25.549999999999727,3337.31,3346.2,UP,3356.995,3323.5,1748227650,1748251605,Asia,London,-252.5,146.75,True,False,False,True,0.7599999999997635,3366.015,3287.075,1,DOWN,6155.0,0.32500000000027285,10.0,True,True,3331.12,False,AR only
2025-05-27,A1,3350.095,3305.14,44.95499999999993,3308.61,3309.56,UP,3350.095,3285.25,1748304900,1748354455,Asia,post-London,-405.0,420.9166666666667,False,False,False,True,0.7699999999999818,3356.995,3323.5,1,DOWN,105.0,0.13499999999976353,5.0,True,True,3305.005,True,"both, PD first"
2025-05-28,A1,3315.885,3291.705,24.18000000000029,3308.375,3259.975,DOWN,3325.695,3250.145,1748425610,1748475870,London,post-break,166.83333333333334,1004.5,False,True,False,False,0.6799999999998363,3350.095,3285.25,1,UP,2605.0,8.009999999999764,3790.0,True,True,3323.895,False,AR only
2025-05-29,A1,3280.22,3245.56,34.659999999999854,3271.88,3315.575,UP,3331.47,3245.56,1748535345,1748481580,NY late,Asia,555.75,-340.3333333333333,False,False,True,False,0.7200000000002547,3325.695,3250.145,1,UP,925.0,2.6150000000002365,95.0,True,True,3282.835,False,AR only
2025-05-30,A1,3322.925,3290.195,32.73000000000002,3301.865,3289.7,DOWN,3322.925,3271.46,1748568140,1748613720,Asia,post-London,-337.6666666666667,422.0,False,False,False,True,0.7100000000000364,3331.47,3245.56,1,DOWN,790.0,2.7600000000002183,30.0,True,True,3287.435,False,AR only
2025-06-02,A1,3345.545,3301.415,44.13000000000011,3344.525,3387.55,UP,3392.305,3301.415,1748906755,1748829350,post-break,Asia,985.9166666666666,-304.1666666666667,False,False,True,False,0.680000000000291,3322.925,3271.46,1,UP,0.0,0.5599999999999454,5.0,True,True,3346.105,True,"both, same bar"
2025-06-03,A1,3388.8,3351.11,37.690000000000055,3358.93,3360.06,UP,3388.8,3333.17,1748908845,1748959550,Asia,post-London,-419.25,425.8333333333333,False,False,False,True,0.7199999999997999,3392.305,3301.415,0,,,,,,,,,none
2025-06-04,A1,3372.715,3346.53,26.184999999999945,3355.86,3378.2,UP,3384.76,3343.815,1749048250,1749036500,post-London,post-London,464.1666666666667,268.3333333333333,False,False,False,False,0.7100000000000364,3388.8,3333.17,0,,,,,,,,,none
2025-06-05,A1,3384.285,3361.22,23.065000000000055,3366.05,3361.95,DOWN,3403.625,3339.35,1749122115,1749138970,post-London,post-London,255.25,536.1666666666666,False,False,False,False,0.6999999999998181,3384.76,3343.815,1,UP,8630.0,0.43499999999994543,40.0,True,True,3384.72,False,"both, AR first"
2025-06-06,A1,3375.705,3356.105,19.59999999999991,3360.795,3309.98,DOWN,3375.705,3307.195,1749186305,1749240875,Asia,NY late,-114.91666666666667,794.5833333333334,False,False,False,True,0.7100000000000364,3403.625,3339.35,1,DOWN,2870.0,3.3200000000001637,485.0,True,True,3352.785,False,AR only
2025-06-09,A1,3325.01,3293.5,31.51000000000022,3324.44,3326.865,UP,3338.295,3293.5,1749488445,1749434435,NY late,Asia,600.75,-299.4166666666667,False,False,True,False,0.6900000000000546,3375.705,3307.195,1,UP,55.0,0.2549999999996544,10.0,True,True,3325.265,False,AR only
2025-06-10,A1,3331.365,3302.015,29.34999999999991,3325.445,3328.005,UP,3349.28,3302.015,1749563225,1749522645,post-London,Asia,407.0833333333333,-269.25,False,False,True,False,0.680000000000291,3338.295,3293.5,1,UP,2030.0,0.7300000000000182,30.0,True,True,3332.095,False,AR only
2025-06-11,A1,3343.21,3325.09,18.11999999999989,3337.375,3365.535,UP,3373.645,3319.38,1749683050,1749663680,post-break,NY late,964.1666666666666,641.3333333333334,False,False,False,False,0.6899999999995998,3349.28,3302.015,1,UP,3000.0,5.360000000000127,2905.0,True,True,3348.57,False,AR only
2025-06-12,A1,3377.895,3362.26,15.634999999999764,3374.985,3395.875,UP,3399.05,3338.59,1749735900,1749714270,post-London,London,405.0,44.5,True,False,False,False,0.7100000000000364,3373.645,3319.38,1,DOWN,1995.0,0.21000000000003638,5.0,True,True,3362.05,False,"both, PD first"
2025-06-13,A1,3444.495,3391.835,52.659999999999854,3416.41,3432.835,UP,3446.88,3391.835,1749821850,1749772850,post-London,Asia,397.5,-419.1666666666667,False,False,True,False,0.6999999999998181,3399.05,3338.59,0,,,,,,,,,PD only
2025-06-16,A1,3451.375,3413.08,38.29500000000007,3418.28,3402.9,DOWN,3451.375,3382.54,1750033665,1750082160,Asia,post-London,-392.25,416.0,False,False,False,True,0.680000000000291,3446.88,3391.835,1,DOWN,715.0,3.5,550.0,True,True,3409.58,False,AR only
2025-06-17,A1,3403.43,3373.67,29.759999999999764,3385.445,3387.43,UP,3403.43,3366.115,1750120650,1750171140,Asia,post-London,-382.5,459.0,False,False,False,True,0.6900000000000546,3451.375,3382.54,0,,,,,,,,,PD only
2025-06-18,A1,3400.11,3370.645,29.465000000000146,3382.525,3375.13,DOWN,3400.11,3362.605,1750221980,1750277635,Asia,NY late,-133.66666666666666,793.9166666666666,False,False,False,True,0.6400000000003274,3403.43,3366.115,0,,,,,,,,,none
2025-06-19,A1,3388.175,3347.53,40.64499999999998,3357.46,3368.88,UP,3388.175,3347.53,1750295130,1750315360,Asia,Asia,-354.5,-17.333333333333332,False,False,True,True,0.6900000000000546,3400.11,3362.605,0,,,,,,,,,PD only
2025-06-20,A1,3370.475,3340.415,30.059999999999945,3345.26,3368.75,UP,3374.63,3340.415,1750428725,1750401825,post-London,Asia,432.0833333333333,-16.25,False,False,True,False,0.650000000000091,3388.175,3347.53,0,,,,,,,,,PD only
2025-06-23,A1,3373.615,3347.035,26.579999999999927,3357.7,3344.49,DOWN,3393.64,3341.52,1750696010,1750723000,NY late,post-break,566.8333333333334,1016.6666666666666,False,False,False,False,0.6400000000003274,3374.63,3340.415,0,,,,,,,,,none
2025-06-24,A1,3357.955,3316.075,41.88000000000011,3322.945,3324.205,UP,3357.955,3295.315,1750736160,1750772955,Asia,post-London,-204.0,409.25,False,False,False,True,0.680000000000291,3393.64,3341.52,0,,,,,,,,,PD only
2025-06-25,A1,3335.335,3323.71,11.625,3331.84,3339.12,UP,3340.325,3312.055,1750895785,1750858490,post-break,post-London,1016.4166666666666,394.8333333333333,False,False,False,False,0.5900000000001455,3357.955,3295.315,2,UP,2680.0,0.005000000000109139,5.0,True,True,3335.34,False,AR only
2025-06-26,A1,3343.255,3329.3,13.954999999999927,3339.785,3318.79,DOWN,3350.415,3309.99,1750928285,1750944980,London,post-London,118.08333333333333,396.3333333333333,False,True,False,False,0.6200000000003456,3340.325,3312.055,1,UP,575.0,0.2899999999999636,5.0,True,True,3343.545,True,"both, PD first"
2025-06-27,A1,3322.18,3286.93,35.25,3295.135,3274.175,DOWN,3322.18,3255.85,1750987855,1751031000,Asia,post-London,-329.0833333333333,390.0,False,False,False,True,0.6400000000003274,3350.415,3309.99,1,DOWN,1185.0,0.24499999999989086,5.0,True,True,3286.685,True,"both, PD first"
2025-06-30,A1,3295.66,3259.39,36.26999999999998,3292.17,3312.535,UP,3314.59,3259.39,1751323970,1751245610,post-break,Asia,952.8333333333334,-353.1666666666667,False,False,True,False,0.6599999999998545,3322.18,3255.85,1,UP,785.0,0.03500000000030923,5.0,True,True,3295.695,False,AR only
2025-07-01,A1,3334.63,3310.02,24.610000000000127,3331.455,3338.155,UP,3358.085,3310.02,1751373705,1751328100,post-London,Asia,341.75,-418.3333333333333,False,False,True,False,0.599999999999909,3314.59,3259.39,1,UP,650.0,5.359999999999673,1650.0,True,True,3339.99,True,"both, PD first"
2025-07-02,A1,3345.045,3328.615,16.43000000000029,3333.495,3349.43,UP,3365.92,3327.655,1751495285,1751441300,post-break,London,928.0833333333334,28.333333333333332,True,False,False,False,0.5900000000001455,3358.085,3310.02,1,DOWN,630.0,0.544999999999618,5.0,True,True,3328.07,False,AR only
2025-07-03,A1,3363.755,3342.015,21.740000000000236,3361.91,3330.915,DOWN,3363.755,3311.625,1751522700,1751546670,Asia,post-London,-55.0,344.5,False,False,False,True,0.580000000000382,3365.92,3327.655,0,,,,,,,,,none
2025-07-04,A1,3345.175,3325.93,19.245000000000346,3342.68,3336.615,DOWN,3345.175,3325.93,1751610260,1751588190,Asia,Asia,-35.666666666666664,-403.5,False,False,True,True,0.599999999999909,3363.755,3311.625,0,,,,,,,,,none
2025-07-07,A1,3329.77,3305.245,24.52500000000009,3309.995,3334.715,UP,3345.955,3296.28,1751926665,1751885140,post-break,post-London,917.75,225.66666666666666,False,False,False,False,0.5600000000004002,3345.175,3325.93,1,DOWN,2720.0,1.224999999999909,50.0,True,True,3304.02,True,"both, PD first"
2025-07-08,A1,3338.15,3327.405,10.74499999999989,3335.855,3302.365,DOWN,3339.59,3287.11,1751958435,1751987500,London,post-London,7.25,491.6666666666667,False,True,False,False,0.5500000000001819,3345.955,3296.28,2,UP,270.0,0.15499999999974534,5.0,True,True,3338.305,False,AR only
2025-07-09,A1,3308.145,3284.98,23.164999999999964,3292.405,3317.705,UP,3321.295,3282.665,1752100300,1752050275,post-break,London,931.6666666666666,97.91666666666667,True,False,False,False,0.599999999999909,3339.59,3287.11,1,DOWN,4850.0,0.5100000000002183,10.0,True,True,3284.47,True,"both, PD first"
2025-07-10,A1,3328.565,3314.84,13.724999999999909,3325.38,3323.81,DOWN,3330.36,3310.175,1752138240,1752156120,London,post-London,124.0,422.0,False,True,False,False,0.5099999999997635,3321.295,3282.665,1,UP,385.0,0.4099999999998545,30.0,True,True,3328.975,True,"both, PD first"
2025-07-11,A1,3344.13,3323.615,20.515000000000327,3332.46,3355.665,UP,3368.86,3323.615,1752247205,1752192005,post-London,Asia,500.0833333333333,-419.9166666666667,False,False,True,False,0.6599999999998545,3330.36,3310.175,0,,,,,,,,,PD only
2025-07-14,A1,3373.355,3353.675,19.679999999999836,3369.075,3345.34,DOWN,3375.085,3341.09,1752478205,1752504320,London,post-London,30.083333333333332,465.3333333333333,False,True,False,False,0.569999999999709,3368.86,3323.615,1,UP,1655.0,0.03000000000020009,5.0,True,True,3373.385,True,"both, PD first"
2025-07-15,A1,3365.295,3344.71,20.585000000000036,3358.285,3331.1,DOWN,3366.425,3320.305,1752574975,1752596320,post-London,NY late,202.91666666666666,558.6666666666666,False,False,False,False,0.5199999999999818,3375.085,3341.09,1,UP,3635.0,0.13999999999987267,5.0,True,True,3365.435,False,AR only
2025-07-16,A1,3342.19,3325.21,16.980000000000018,3339.23,3346.555,UP,3377.655,3319.695,1752679835,1752676425,post-London,post-London,510.5833333333333,453.75,False,False,False,False,0.49000000000023647,3366.425,3320.305,1,UP,4305.0,0.03499999999985448,10.0,True,True,3342.225,False,AR only
2025-07-17,A1,3347.47,3328.29,19.179999999999836,3335.48,3340.38,UP,3347.47,3309.79,1752710400,1752756845,Asia,post-London,-420.0,354.0833333333333,False,False,False,True,0.5500000000001819,3377.655,3319.695,1,DOWN,1465.0,0.44000000000005457,10.0,True,True,3327.85,False,AR only
2025-07-18,A1,3344.325,3331.885,12.4399999999996,3342.135,3350.095,UP,3361.33,3331.885,1752843210,1752818720,post-London,Asia,353.5,-54.666666666666664,False,False,True,False,0.5300000000002001,3347.47,3309.79,1,UP,830.0,0.5650000000000546,45.0,True,True,3344.89,False,"both, AR first"
2025-07-21,A1,3370.82,3347.725,23.095000000000255,3368.375,3396.48,UP,3402.86,3347.725,1753140705,1753056090,post-break,Asia,991.75,-418.5,False,False,True,False,0.5299999999997453,3361.33,3331.885,0,,,,,,,,,PD only
2025-07-22,A1,3397.795,3384.38,13.414999999999964,3384.735,3427.375,UP,3433.51,3383.42,1753203870,1753169460,NY late,London,604.5,31.0,True,False,False,False,0.5400000000004184,3402.86,3347.725,1,DOWN,915.0,0.09999999999990905,5.0,True,True,3384.28,False,AR only
2025-07-23,A1,3439.035,3416.445,22.58999999999969,3425.11,3390.115,DOWN,3439.035,3381.42,1753230265,1753287715,Asia,NY late,-395.5833333333333,561.9166666666666,False,False,False,True,0.5399999999999636,3433.51,3383.42,0,,,,,,,,,PD only
2025-07-24,A1,3393.48,3370.13,23.34999999999991,3375.88,3369.435,DOWN,3393.48,3351.465,1753319095,1753362010,Asia,post-London,-355.0833333333333,360.1666666666667,False,False,False,True,0.599999999999909,3439.035,3381.42,1,DOWN,3065.0,0.6350000000002183,15.0,True,True,3369.495,True,"both, PD first"
2025-07-25,A1,3373.495,3354.715,18.779999999999745,3359.41,3337.07,DOWN,3373.495,3325.115,1753404420,1753458255,Asia,post-London,-373.0,524.25,False,False,False,True,0.5199999999999818,3393.48,3351.465,1,DOWN,2330.0,1.9349999999999454,460.0,True,True,3352.78,False,"both, AR first"
2025-07-28,A1,3345.52,3327.755,17.764999999999873,3340.085,3312.65,DOWN,3345.52,3301.765,1753682475,1753711195,Asia,post-London,-58.75,419.9166666666667,False,False,False,True,0.5500000000001819,3373.495,3325.115,0,,,,,,,,,none
2025-07-29,A1,3322.4,3308.16,14.240000000000236,3317.075,3327.56,UP,3334.27,3308.16,1753801635,1753749705,post-London,Asia,487.25,-378.25,False,False,True,False,0.5299999999997453,3345.52,3301.765,1,UP,3920.0,0.1449999999999818,5.0,True,True,3322.545,False,AR only
2025-07-30,A1,3333.765,3321.795,11.9699999999998,3327.37,3285.41,DOWN,3334.09,3268.12,1753869510,1753904245,London,NY late,178.5,757.4166666666666,False,True,False,False,0.5099999999997635,3334.27,3308.16,1,UP,10670.0,0.31500000000005457,5.0,True,True,3334.08,False,AR only
2025-07-31,A1,3305.135,3282.875,22.26000000000022,3299.14,3288.645,DOWN,3314.985,3282.875,1753950200,1753921060,London,Asia,83.33333333333333,-402.3333333333333,False,True,True,False,0.5200000000004366,3334.09,3268.12,1,UP,2730.0,4.744999999999891,700.0,True,True,3309.88,False,AR only
2025-08-01,A1,3300.54,3281.745,18.795000000000073,3292.51,3362.895,UP,3363.6,3281.745,1754081540,1754013450,NY late,Asia,832.3333333333334,-302.5,False,False,True,False,0.5399999999999636,3314.985,3282.875,0,,,,,,,,,none
2025-08-04,A1,3362.705,3345.005,17.699999999999818,3362.64,3377.385,UP,3385.535,3345.005,1754315700,1754270745,post-London,Asia,415.0,-334.25,False,False,True,False,0.5499999999997272,3363.6,3281.745,0,,,,,,,,,none
2025-08-05,A1,3382.37,3365.79,16.579999999999927,3366.275,3383.345,UP,3390.6,3349.89,1754409750,1754393945,NY late,post-London,542.5,279.0833333333333,False,False,False,False,0.4899999999997817,3385.535,3345.005,1,DOWN,7220.0,1.7199999999998,135.0,True,True,3364.07,False,AR only
2025-08-06,A1,3385.365,3370.795,14.569999999999709,3375.22,3370.21,DOWN,3385.365,3358.255,1754440240,1754473860,Asia,London,-389.3333333333333,171.0,True,False,False,True,0.5199999999999818,3390.6,3349.89,1,DOWN,1260.0,0.555000000000291,5.0,True,True,3370.24,False,AR only
2025-08-07,A1,3388.005,3365.305,22.700000000000273,3387.985,3400.625,UP,3409.43,3365.305,1754604305,1754525040,post-break,Asia,905.0833333333334,-416.0,False,False,True,False,0.7000000000002728,3385.365,3358.255,1,UP,0.0,0.40499999999974534,5.0,True,True,3388.41,True,"both, same bar"
2025-08-08,A1,3402.34,3381.215,21.125,3393.63,3397.73,UP,3404.28,3376.575,1754639535,1754676015,London,NY late,52.25,660.25,False,True,False,False,0.9099999999998545,3409.43,3365.305,1,UP,2890.0,0.19000000000005457,5.0,True,True,3402.53,False,AR only
2025-08-11,A1,3391.825,3363.815,28.009999999999764,3365.75,3349.09,DOWN,3391.825,3341.155,1754870880,1754933570,Asia,NY late,-412.0,632.8333333333334,False,False,False,True,0.6200000000003456,3404.28,3376.575,1,DOWN,100.0,0.2600000000002183,5.0,True,True,3363.555,True,"both, PD first"
2025-08-12,A1,3357.51,3342.31,15.200000000000273,3345.59,3350.66,UP,3359.34,3331.17,1755012560,1755008385,post-London,post-London,509.3333333333333,439.75,False,False,False,False,0.5399999999999636,3391.825,3341.155,1,UP,2340.0,0.7399999999997817,25.0,True,True,3358.25,False,AR only
2025-08-13,A1,3357.78,3342.635,15.144999999999982,3357.345,3362.95,UP,3370.825,3342.635,1755094135,1755046410,post-London,Asia,428.9166666666667,-366.5,False,False,True,False,0.5399999999999636,3359.34,3331.17,1,UP,65.0,0.004999999999654392,5.0,True,True,3357.785,False,"both, AR first"
2025-08-14,A1,3374.805,3355.595,19.210000000000036,3362.13,3335.51,DOWN,3374.805,3329.85,1755131545,1755188225,Asia,NY late,-387.5833333333333,557.0833333333334,False,False,False,True,0.5399999999999636,3370.825,3342.635,1,DOWN,2480.0,1.5949999999998,50.0,True,True,3354.0,False,"both, AR first"
2025-08-15,A1,3348.915,3332.425,16.48999999999978,3340.575,3335.7,DOWN,3348.915,3332.425,1755234370,1755216290,Asia,Asia,-113.83333333333333,-415.1666666666667,False,False,True,True,0.5300000000002001,3374.805,3329.85,0,,,,,,,,,none
2025-08-18,A1,3358.49,3326.975,31.514999999999873,3349.67,3330.965,DOWN,3358.49,3326.975,1755493255,1755475295,Asia,Asia,-119.08333333333333,-418.4166666666667,False,False,True,True,0.49000000000023647,3348.915,3332.425,0,,,,,,,,,PD only
2025-08-19,A1,3341.695,3326.285,15.41000000000031,3336.08,3314.395,DOWN,3345.465,3313.005,1755599055,1755647600,post-London,post-break,204.25,1013.3333333333334,False,False,False,False,0.5300000000002001,3358.49,3326.975,1,UP,720.0,0.19000000000005457,10.0,True,True,3341.885,False,AR only
2025-08-20,A1,3326.015,3311.56,14.454999999999927,3323.19,3347.08,UP,3352.3,3311.56,1755727600,1755653385,post-break,Asia,906.6666666666666,-330.25,False,False,True,False,0.5799999999999272,3345.465,3313.005,1,UP,835.0,0.0500000000001819,5.0,True,True,3326.065,False,AR only
2025-08-21,A1,3347.065,3334.285,12.7800000000002,3336.75,3338.525,UP,3348.24,3325.28,1755787135,1755774230,post-London,post-London,458.9166666666667,243.83333333333334,False,False,False,False,0.5,3352.3,3311.56,0,,,,,,,,,none
2025-08-22,A1,3340.34,3325.675,14.664999999999964,3329.605,3371.23,UP,3378.835,3321.455,1755876675,1755865985,post-London,post-London,511.25,333.0833333333333,False,False,False,False,0.5,3348.24,3325.28,1,DOWN,4925.0,0.29500000000007276,5.0,True,True,3325.38,False,AR only
2025-08-25,A1,3369.725,3359.78,9.944999999999709,3368.97,3354.98,DOWN,3376.375,3351.68,1756135380,1756165685,post-London,post-break,503.0,1008.0833333333334,False,False,False,False,0.5099999999997635,3378.835,3321.455,1,UP,480.0,0.24000000000023647,5.0,True,True,3369.965,False,AR only
2025-08-26,A1,3386.685,3351.33,35.35500000000002,3376.315,3390.925,UP,3393.745,3351.33,1756241940,1756166540,NY late,Asia,839.0,-417.6666666666667,False,False,True,False,0.5199999999999818,3376.375,3351.68,0,,,,,,,,,PD only
2025-08-27,A1,3393.55,3373.92,19.63000000000011,3377.43,3395.76,UP,3399.365,3373.75,1756338385,1756294680,post-break,post-London,1006.4166666666666,278.0,False,False,False,False,0.5099999999997635,3393.745,3351.33,1,DOWN,920.0,0.13500000000021828,5.0,True,True,3373.785,False,AR only
2025-08-28,A1,3398.14,3384.62,13.519999999999982,3395.455,3414.8,UP,3423.18,3384.62,1756411055,1756348600,NY late,Asia,777.5833333333334,-263.3333333333333,False,False,True,False,0.5299999999997453,3399.365,3373.75,1,UP,5820.0,3.5900000000001455,5060.0,True,False,3401.73,True,"both, AR first"
2025-08-29,A1,3417.945,3407.125,10.820000000000164,3410.225,3447.435,UP,3453.97,3404.315,1756497265,1756465910,NY late,post-London,774.4166666666666,251.83333333333334,False,False,False,False,0.5,3423.18,3384.62,1,DOWN,1640.0,0.36999999999989086,10.0,True,True,3406.755,False,AR only
2025-09-01,A1,3489.845,3437.025,52.81999999999971,3479.085,3479.28,UP,3489.845,3437.025,1756708840,1756690015,Asia,Asia,-19.333333333333332,-333.0833333333333,False,False,True,True,0.5499999999997272,3453.97,3404.315,0,,,,,,,,,PD only
2025-09-02,A1,3508.79,3477.06,31.730000000000018,3485.76,3529.915,UP,3540.06,3470.05,1756842380,1756800375,NY late,London,766.3333333333334,66.25,True,False,False,False,0.599999999999909,3489.845,3437.025,1,DOWN,3100.0,0.3200000000001637,5.0,True,True,3476.74,False,AR only
2025-09-03,A1,3547.33,3526.77,20.559999999999945,3535.245,3560.495,UP,3578.66,3526.77,1756923210,1756878935,NY late,Asia,673.5,-64.41666666666667,False,False,True,False,0.5399999999999636,3540.06,3470.05,0,,,,,,,,,PD only
2025-09-04,A1,3563.475,3511.755,51.7199999999998,3536.22,3552.81,UP,3563.475,3511.755,1756947605,1756955640,Asia,Asia,-359.9166666666667,-226.0,False,False,True,True,0.5500000000001819,3578.66,3526.77,0,,,,,,,,,none
2025-09-05,A1,3561.28,3545.945,15.335000000000036,3552.77,3586.545,UP,3600.205,3544.855,1757089925,1757062625,NY late,London,572.0833333333334,117.08333333333333,True,False,False,False,0.5199999999999818,3563.475,3511.755,1,DOWN,4540.0,0.19000000000005457,5.0,True,True,3545.755,False,AR only
2025-09-08,A1,3599.035,3579.72,19.315000000000055,3598.335,3635.05,UP,3646.545,3579.72,1757344440,1757304180,post-London,Asia,494.0,-177.0,False,False,True,False,0.5399999999999636,3600.205,3544.855,1,UP,125.0,0.47000000000025466,20.0,True,True,3599.505,False,"both, AR first"
2025-09-09,A1,3659.435,3633.63,25.804999999999836,3647.722,3633.685,DOWN,3674.695,3623.12,1757426410,1757456990,post-London,post-break,420.1666666666667,929.8333333333334,False,False,False,False,0.5799999999999272,3646.545,3579.72,0,,,,,,,,,PD only
2025-09-10,A1,3647.705,3620.135,27.56999999999971,3643.995,3644.96,UP,3657.61,3620.135,1757507415,1757467785,post-London,Asia,330.25,-330.25,False,False,True,False,0.5399999999999636,3674.695,3623.12,1,UP,305.0,0.15000000000009095,5.0,True,True,3647.855,False,AR only
2025-09-11,A1,3649.345,3622.75,26.5949999999998,3633.245,3632.01,DOWN,3649.345,3612.835,1757554215,1757593805,Asia,post-London,-329.75,330.0833333333333,False,False,False,True,0.5199999999999818,3657.61,3620.135,1,DOWN,7445.0,0.45499999999992724,5.0,True,True,3622.295,False,"both, AR first"
2025-09-12,A1,3656.7,3630.625,26.074999999999818,3650.635,3643.085,DOWN,3656.7,3630.625,1757654320,1757637015,Asia,Asia,-101.33333333333333,-389.75,False,False,True,True,0.5499999999997272,3649.345,3612.835,0,,,,,,,,,PD only
2025-09-15,A1,3646.95,3626.46,20.48999999999978,3636.515,3676.84,UP,3685.695,3626.46,1757954085,1757898775,NY late,Asia,574.75,-347.0833333333333,False,False,True,False,0.5400000000004184,3656.7,3630.625,0,,,,,,,,,none
2025-09-16,A1,3694.25,3674.705,19.545000000000073,3693.515,3694.44,UP,3703.24,3674.705,1758032320,1757990790,post-London,Asia,438.6666666666667,-253.5,False,False,True,False,0.5599999999999454,3685.695,3626.46,1,UP,4390.0,3.1550000000002,235.0,True,True,3697.405,True,"both, PD first"
2025-09-17,A1,3695.52,3670.7,24.820000000000164,3675.185,3669.055,DOWN,3707.555,3646.125,1758132590,1758135160,NY late,NY late,669.8333333333334,712.6666666666666,False,False,False,False,0.5599999999999454,3703.24,3674.705,1,DOWN,195.0,0.3649999999997817,5.0,True,True,3670.335,True,"both, PD first"
2025-09-18,A1,3669.915,3634.055,35.86000000000013,3637.535,3640.195,UP,3673.205,3627.96,1758188320,1758203115,London,post-London,158.66666666666666,405.25,False,True,False,False,0.5799999999999272,3707.555,3646.125,1,UP,8535.0,3.2899999999999636,1695.0,True,True,3673.205,False,"both, PD first"
2025-09-19,A1,3661.355,3632.38,28.97499999999991,3647.05,3684.975,UP,3685.74,3632.38,1758315490,1758246715,NY late,Asia,838.1666666666666,-308.0833333333333,False,False,True,False,0.569999999999709,3673.205,3627.96,0,,,,,,,,,none
2025-09-22,A1,3720.07,3685.46,34.61000000000013,3714.375,3747.795,UP,3749.255,3685.46,1758583400,1758509205,post-break,Asia,983.3333333333334,-253.25,False,False,True,False,0.5399999999999636,3685.74,3632.38,1,UP,5210.0,0.0749999999998181,5.0,True,True,3720.145,True,"both, PD first"
2025-09-23,A1,3759.42,3736.66,22.76000000000022,3753.915,3763.83,UP,3791.255,3736.66,1758619485,1758596165,London,Asia,144.75,-243.91666666666666,False,True,True,False,0.5799999999999272,3749.255,3685.46,1,UP,5355.0,0.005000000000109139,5.0,True,True,3759.425,True,"both, PD first"
2025-09-24,A1,3777.075,3750.51,26.5649999999996,3771.395,3743.115,DOWN,3779.34,3717.52,1758699730,1758742075,London,NY late,42.166666666666664,747.9166666666666,False,True,False,False,0.5599999999999454,3791.255,3736.66,1,UP,2145.0,0.11000000000012733,5.0,True,True,3777.185,False,AR only
2025-09-25,A1,3751.535,3729.635,21.899999999999636,3741.05,3744.855,UP,3761.69,3722.22,1758788295,1758808255,London,post-London,78.25,410.9166666666667,False,True,False,False,0.5799999999999272,3779.34,3717.52,1,UP,2350.0,0.5650000000000546,15.0,True,True,3752.1,False,AR only
2025-09-26,A1,3754.13,3734.44,19.690000000000055,3743.52,3759.855,UP,3783.885,3734.44,1758896805,1758856550,post-London,Asia,446.75,-224.16666666666666,False,False,True,False,0.5700000000001637,3761.69,3722.22,1,UP,6050.0,1.1099999999996726,130.0,True,True,3755.24,False,AR only
2025-09-29,A1,3819.915,3763.935,55.98000000000002,3817.285,3832.905,UP,3834.3,3763.935,1759179495,1759104175,NY late,Asia,838.25,-417.0833333333333,False,False,True,False,0.5799999999999272,3783.885,3734.44,0,,,,,,,,,PD only
2025-09-30,A1,3871.89,3831.08,40.809999999999945,3855.755,3863.03,UP,3871.89,3793.175,1759212620,1759225620,Asia,London,-49.666666666666664,167.0,True,False,False,True,0.6599999999998545,3834.3,3763.935,1,DOWN,4805.0,0.8400000000001455,10.0,True,True,3830.24,False,"both, PD first"
2025-10-01,A1,3875.56,3853.38,22.179999999999836,3859.265,3863.49,UP,3895.5,3853.38,1759306845,1759299700,London,Asia,80.75,-38.333333333333336,False,True,True,False,0.5900000000001455,3871.89,3793.175,1,UP,3070.0,19.940000000000055,16650.0,True,False,3895.5,True,"both, PD first"
2025-10-02,A1,3874.37,3852.835,21.534999999999854,3864.145,3862.415,DOWN,3897.13,3819.425,1759411915,1759419505,post-London,post-London,391.9166666666667,518.4166666666666,False,False,False,False,0.5900000000001455,3895.5,3853.38,1,UP,1010.0,0.41000000000030923,30.0,True,True,3874.78,False,AR only
2025-10-03,A1,3862.855,3838.07,24.784999999999854,3859.29,3886.455,UP,3891.76,3838.07,1759507045,1759462465,post-London,Asia,537.4166666666666,-205.58333333333334,False,False,True,False,0.5799999999999272,3897.13,3819.425,1,UP,1475.0,0.07999999999992724,5.0,True,True,3862.935,False,AR only
2025-10-06,A1,3945.33,3899.03,46.29999999999973,3934.455,3969.61,UP,3976.155,3899.03,1759789680,1759710315,post-break,Asia,928.0,-394.75,False,False,True,False,0.669999999999618,3891.76,3838.07,1,UP,3720.0,0.8550000000000182,10.0,True,True,3946.185,True,"both, PD first"
2025-10-07,A1,3977.4,3953.795,23.605000000000018,3955.075,3994.44,UP,3996.2,3941.055,1759881035,1759824390,post-break,London,1010.5833333333334,66.5,True,False,False,False,0.599999999999909,3976.155,3899.03,1,DOWN,5.0,0.7200000000002547,15.0,True,True,3953.075,False,AR only
2025-10-08,A1,4037.16,3984.32,52.83999999999969,4031.775,4011.78,DOWN,4059.35,3984.32,1759941775,1759885785,NY late,Asia,582.9166666666666,-350.25,False,False,True,False,0.6000000000003638,3996.2,3941.055,1,UP,610.0,2.125,145.0,True,True,4039.285,True,"both, PD first"
2025-10-09,A1,4043.7,4002.725,40.97499999999991,4025.95,3989.805,DOWN,4058.11,3944.435,1760015485,1760030190,post-London,NY late,371.4166666666667,616.5,False,False,False,False,0.599999999999909,4059.35,3984.32,0,,,,,,,,,none
2025-10-10,A1,3994.52,3947.02,47.5,3968.54,4016.68,UP,4023.0,3947.02,1760110320,1760069685,post-London,Asia,512.0,-165.25,False,False,True,False,0.7399999999997817,4058.11,3944.435,1,UP,6455.0,0.48500000000012733,10.0,True,True,3995.005,False,AR only
2025-10-13,A1,4078.235,4024.39,53.845000000000255,4069.45,4127.8,UP,4132.025,4024.39,1760399425,1760314940,post-break,Asia,1010.4166666666666,-397.6666666666667,False,False,True,False,0.7600000000002183,4023.0,3947.02,1,UP,6740.0,0.21499999999969077,5.0,True,True,4078.45,True,"both, PD first"
2025-10-14,A1,4179.935,4090.145,89.79000000000042,4112.38,4161.56,UP,4179.935,4090.145,1760419290,1760424375,Asia,Asia,-98.5,-13.75,False,False,True,True,0.8999999999996362,4132.025,4024.39,0,,,,,,,,,PD only
2025-10-15,A1,4200.46,4153.8,46.659999999999854,4199.39,4209.45,UP,4218.405,4153.8,1760516340,1760488160,London,Asia,79.0,-390.6666666666667,False,True,True,False,0.7199999999993452,4179.935,4090.145,1,UP,570.0,0.03999999999996362,5.0,True,True,4200.5,True,"both, PD first"
2025-10-16,A1,4242.38,4203.55,38.82999999999993,4222.94,4365.815,UP,4380.99,4203.55,1760653155,1760594300,post-break,Asia,919.25,-61.666666666666664,False,False,True,False,0.6999999999998181,4218.405,4153.8,0,,,,,,,,,PD only
2025-10-17,A1,4378.765,4278.68,100.08500000000004,4360.195,4254.21,DOWN,4378.765,4185.91,1760677250,1760720675,Asia,NY late,-119.16666666666667,604.5833333333334,False,False,False,True,0.8800000000001091,4380.99,4203.55,0,,,,,,,,,none
2025-10-20,A1,4271.285,4219.115,52.17000000000007,4236.265,4360.195,UP,4381.44,4219.115,1760990350,1760920155,NY late,Asia,779.1666666666666,-390.75,False,False,True,False,0.7599999999993088,4378.765,4185.91,0,,,,,,,,,none
2025-10-21,A1,4372.445,4317.395,55.04999999999927,4343.25,4093.105,DOWN,4372.445,4080.58,1761008480,1761057930,Asia,post-London,-358.6666666666667,465.5,False,False,False,True,0.7400000000006912,4381.44,4219.115,1,DOWN,1995.0,236.8150000000005,,False,False,4080.58,True,AR only
2025-10-22,A1,4161.535,4004.28,157.25499999999965,4155.75,4087.635,DOWN,4161.535,4004.28,1761116135,1761091975,Asia,Asia,-4.416666666666667,-407.0833333333333,False,False,True,True,1.069999999999709,4372.445,4080.58,0,,,,,,,,,PD only
2025-10-23,A1,4137.745,4065.9,71.8449999999998,4113.755,4121.665,UP,4154.79,4065.9,1761228555,1761178915,post-London,Asia,429.25,-398.0833333333333,False,False,True,False,0.7600000000002183,4161.535,4004.28,0,,,,,,,,,none
2025-10-24,A1,4144.535,4081.425,63.10999999999967,4092.29,4114.095,UP,4144.535,4043.515,1761268505,1761303830,Asia,post-London,-344.9166666666667,243.83333333333334,False,False,False,True,0.8500000000003638,4154.79,4065.9,1,DOWN,3080.0,37.91000000000031,16720.0,True,False,4043.515,True,"both, AR first"
2025-10-27,A1,4097.87,4053.71,44.159999999999854,4078.33,3998.66,DOWN,4097.87,3971.445,1761528395,1761577865,Asia,post-London,-333.4166666666667,491.0833333333333,False,False,False,True,0.7999999999997272,4144.535,4043.515,1,DOWN,6785.0,82.26499999999987,,False,False,3971.445,True,"both, AR first"
2025-10-28,A1,4019.805,3938.335,81.4699999999998,3942.515,3964.945,UP,4019.805,3886.465,1761614120,1761642535,Asia,London,-344.6666666666667,128.91666666666666,True,False,False,True,0.9099999999998545,4097.87,3971.445,1,DOWN,115.0,2.150000000000091,35.0,True,True,3936.185,True,"both, PD first"
2025-10-29,A1,3984.81,3943.825,40.98500000000013,3978.345,3952.975,DOWN,4030.34,3916.59,1761740110,1761775505,post-London,post-break,315.1666666666667,905.0833333333334,False,False,False,False,0.7399999999997817,4019.805,3886.465,1,UP,595.0,45.5300000000002,,False,False,4030.34,True,"both, AR first"
2025-10-30,A1,3982.665,3915.52,67.14499999999998,3976.955,4036.635,UP,4046.595,3915.52,1761864940,1761793320,post-break,Asia,955.6666666666666,-238.0,False,False,True,False,0.9099999999998545,4030.34,3916.59,1,UP,7270.0,29.039999999999964,5470.0,True,False,4011.705,False,AR only
2025-10-31,A1,4039.58,3989.065,50.51499999999987,4013.335,4002.81,DOWN,4039.58,3972.285,1761873065,1761927465,Asia,NY late,-348.9166666666667,557.75,False,False,False,True,0.8600000000001273,4046.595,3915.52,0,,,,,,,,,none
2025-11-03,A1,4018.795,3962.275,56.51999999999998,4017.64,3997.27,DOWN,4030.825,3962.275,1762182875,1762129210,post-London,Asia,494.5833333333333,-399.8333333333333,False,False,True,False,0.8599999999996726,4039.58,3972.285,1,UP,85.0,3.974999999999909,60.0,True,True,4022.77,False,AR only
2025-11-04,A1,3999.465,3966.605,32.86000000000013,3985.165,3934.6,DOWN,4000.855,3928.685,1762244885,1762267245,London,post-London,88.08333333333333,460.75,False,True,False,False,0.6299999999996544,4030.825,3962.275,1,UP,4125.0,0.004999999999654392,5.0,True,True,3999.47,False,AR only
2025-11-05,A1,3978.78,3929.35,49.43000000000029,3966.285,3973.93,UP,3990.565,3929.35,1762361535,1762303550,NY late,Asia,592.25,-374.1666666666667,False,False,True,False,0.6399999999998727,4000.855,3928.685,1,UP,3940.0,8.559999999999945,1370.0,True,True,3987.34,False,AR only
2025-11-06,A1,3993.08,3964.455,28.625,3991.495,3989.345,DOWN,4019.645,3964.455,1762430490,1762391325,post-London,Asia,301.5,-351.25,False,False,True,False,0.8399999999996908,3990.565,3929.35,1,UP,5.0,26.565000000000055,26925.0,True,False,4019.645,True,"both, PD first"
2025-11-07,A1,4008.65,3984.655,23.99499999999989,4006.925,4001.275,DOWN,4027.595,3984.01,1762533625,1762530390,NY late,post-London,580.4166666666666,526.5,False,False,False,False,0.6399999999998727,4019.645,3964.455,1,UP,75.0,0.11499999999978172,5.0,True,True,4008.765,False,AR only
2025-11-10,A1,4078.615,4011.13,67.48499999999967,4075.24,4120.085,UP,4122.925,4011.13,1762818585,1762732830,post-break,Asia,1009.75,-419.5,False,False,True,False,0.650000000000091,4027.595,3984.01,1,UP,820.0,0.3000000000001819,25.0,True,True,4078.915,True,"both, PD first"
2025-11-11,A1,4149.1,4116.29,32.8100000000004,4130.065,4142.66,UP,4149.1,4097.245,1762833830,1762875200,Asia,post-London,-176.16666666666666,513.3333333333334,False,False,False,True,0.6599999999998545,4122.925,4011.13,0,,,,,,,,,PD only
2025-11-12,A1,4145.61,4098.915,46.69499999999971,4118.68,4191.41,UP,4211.795,4098.915,1762972065,1762925600,NY late,Asia,687.75,-86.66666666666667,False,False,True,False,0.6700000000000728,4149.1,4097.245,0,,,,,,,,,none
2025-11-13,A1,4219.52,4179.735,39.785000000000764,4210.56,4186.205,DOWN,4245.195,4145.19,1763038765,1763059145,post-London,NY late,359.4166666666667,699.0833333333334,False,False,False,False,0.680000000000291,4211.795,4098.915,1,UP,3555.0,0.7349999999996726,30.0,True,True,4220.255,True,"both, PD first"
2025-11-14,A1,4211.435,4169.625,41.8100000000004,4175.4,4085.805,DOWN,4211.435,4032.23,1763091030,1763130850,Asia,post-London,-209.5,454.1666666666667,False,False,False,True,0.7799999999997453,4245.195,4145.19,1,DOWN,1255.0,10.63000000000011,1295.0,True,True,4158.995,False,AR only
2025-11-17,A1,4101.915,4049.76,52.154999999999745,4066.17,4036.785,DOWN,4101.915,4007.055,1763343330,1763409605,Asia,NY late,-324.5,780.0833333333334,False,False,False,True,0.6700000000000728,4211.435,4032.23,0,,,,,,,,,none
2025-11-18,A1,4045.355,4004.725,40.63000000000011,4008.95,4077.0,UP,4082.58,3997.985,1763496025,1763451520,NY late,London,780.4166666666666,38.666666666666664,True,False,False,False,0.6600000000003092,4101.915,4007.055,2,DOWN,725.0,2.474999999999909,15.0,True,True,4002.25,True,"both, PD first"
2025-11-19,A1,4098.72,4055.525,43.195000000000164,4091.08,4104.69,UP,4132.985,4055.475,1763565360,1763572095,post-London,NY late,496.0,608.25,False,False,False,False,0.6599999999998545,4082.58,3997.985,1,UP,9895.0,0.5450000000000728,15.0,True,True,4099.265,True,"both, PD first"
2025-11-20,A1,4110.37,4038.9,71.4699999999998,4068.48,4079.035,UP,4110.37,4038.9,1763596900,1763605140,Asia,Asia,-418.3333333333333,-281.0,False,False,True,True,0.830000000000382,4132.985,4055.475,0,,,,,,,,,PD only
2025-11-21,A1,4081.56,4029.36,52.19999999999982,4032.82,4065.01,UP,4101.07,4022.26,1763744400,1763712235,NY late,London,600.0,63.916666666666664,True,False,False,False,0.9200000000000728,4110.37,4038.9,1,DOWN,15.0,0.09000000000014552,5.0,True,True,4029.27,True,"both, PD first"
2025-11-24,A1,4076.105,4040.02,36.085000000000036,4053.465,4143.62,UP,4144.34,4040.02,1764028755,1763961735,post-break,Asia,1019.25,-97.75,False,False,True,False,0.6799999999998363,4101.07,4022.26,0,,,,,,,,,none
2025-11-25,A1,4155.9,4122.55,33.349999999999454,4141.555,4133.955,DOWN,4159.38,4109.71,1764092070,1764060860,NY late,London,634.5,114.33333333333333,True,False,False,False,0.7700000000004366,4144.34,4040.02,1,DOWN,5885.0,1.2049999999999272,5.0,True,True,4121.345,False,"both, PD first"
2025-11-26,A1,4169.58,4132.815,36.76500000000033,4150.225,4164.785,UP,4173.5,4132.815,1764158625,1764115230,post-London,Asia,303.75,-419.5,False,False,True,False,0.8400000000001455,4159.38,4109.71,0,,,,,,,,,PD only
2025-11-27,A1,4167.15,4142.73,24.420000000000073,4157.425,4163.165,UP,4167.26,4142.73,1764233295,1764216510,London,Asia,108.25,-171.5,False,True,True,False,0.7399999999997817,4173.5,4132.815,1,UP,6490.0,0.11000000000058208,5.0,True,True,4167.26,False,AR only
2025-12-01,A1,4256.6,4215.605,40.9950000000008,4237.105,4227.54,DOWN,4264.7,4215.605,1764596545,1764566795,post-London,Asia,402.4166666666667,-93.41666666666667,False,False,True,False,0.7899999999999636,4167.26,4142.73,0,,,,,,,,,PD only
2025-12-02,A1,4229.735,4192.915,36.81999999999971,4212.945,4212.75,DOWN,4230.685,4163.805,1764685580,1764691095,post-London,post-London,446.3333333333333,538.25,False,False,False,False,0.7199999999993452,4264.7,4215.605,1,DOWN,8855.0,0.6499999999996362,5.0,True,True,4192.265,True,"both, PD first"
2025-12-03,A1,4229.065,4203.405,25.659999999999854,4208.425,4207.465,DOWN,4241.565,4194.645,1764772515,1764756915,post-London,post-London,455.25,195.25,False,False,False,False,0.7200000000002547,4230.685,4163.805,1,DOWN,1490.0,0.6300000000001091,5.0,True,True,4202.775,False,AR only
2025-12-04,A1,4217.08,4174.81,42.26999999999953,4190.35,4206.285,UP,4219.62,4174.81,1764865105,1764827585,NY late,Asia,558.4166666666666,-66.91666666666667,False,False,True,False,0.7200000000002547,4241.565,4194.645,0,,,,,,,,,PD only
2025-12-05,A1,4229.35,4194.815,34.535000000000764,4224.725,4198.685,DOWN,4259.34,4192.055,1764949175,1764969620,post-London,post-break,519.5833333333334,860.3333333333334,False,False,False,False,0.7199999999993452,4219.62,4174.81,1,UP,605.0,0.3999999999996362,5.0,True,True,4229.75,True,"both, PD first"
2025-12-08,A1,4219.175,4197.54,21.63500000000022,4217.19,4194.86,DOWN,4219.175,4176.205,1765175655,1765206935,Asia,post-London,-25.75,495.5833333333333,False,False,False,True,0.7199999999993452,4259.34,4192.055,0,,,,,,,,,none
2025-12-09,A1,4198.905,4169.985,28.920000000000073,4182.29,4210.75,UP,4221.625,4169.985,1765298725,1765260720,NY late,Asia,585.4166666666666,-48.0,False,False,True,False,0.6999999999998181,4219.175,4176.205,1,UP,7500.0,14.145000000000437,11700.0,True,False,4213.05,False,"both, PD first"
2025-12-10,A1,4218.86,4201.7,17.159999999999854,4207.42,4232.585,UP,4238.785,4182.08,1765397800,1765395700,NY late,NY late,796.6666666666666,761.6666666666666,False,False,False,False,0.7100000000000364,4221.625,4169.985,1,DOWN,4205.0,1.3350000000000364,45.0,True,True,4200.365,False,AR only
2025-12-11,A1,4247.805,4204.27,43.534999999999854,4214.75,4276.285,UP,4285.89,4204.27,1765476630,1765433020,NY late,Asia,670.5,-56.333333333333336,False,False,True,False,0.7300000000004729,4238.785,4182.08,0,,,,,,,,,none
2025-12-12,A1,4283.285,4264.525,18.76000000000022,4282.86,4299.435,UP,4353.555,4257.275,1765551425,1765557605,post-London,NY late,477.0833333333333,580.0833333333334,False,False,False,False,0.7199999999993452,4285.89,4204.27,1,UP,265.0,0.07999999999992724,5.0,True,True,4283.365,False,"both, AR first"
2025-12-15,A1,4347.48,4300.41,47.06999999999971,4343.53,4304.445,DOWN,4350.285,4285.515,1765790145,1765816655,London,NY late,135.75,577.5833333333334,False,True,False,False,0.7399999999997817,4353.555,4257.275,1,UP,6515.0,0.4900000000006912,40.0,True,True,4347.97,False,AR only
2025-12-16,A1,4318.035,4271.575,46.460000000000036,4289.44,4308.11,UP,4335.185,4271.575,1765897695,1765863050,post-London,Asia,488.25,-89.16666666666667,False,False,True,False,0.75,4350.285,4285.515,0,,,,,,,,,PD only
2025-12-17,A1,4342.58,4307.6,34.97999999999956,4328.685,4339.055,UP,4349.28,4306.515,1765985625,1765967895,post-London,post-London,513.75,218.25,False,False,False,False,0.7399999999997817,4335.185,4271.575,0,,,,,,,,,none
2025-12-18,A1,4343.03,4324.02,19.00999999999931,4334.04,4335.135,UP,4374.655,4308.67,1766074860,1766069180,NY late,post-London,561.0,466.3333333333333,False,False,False,False,0.8099999999994907,4349.28,4306.515,1,DOWN,6945.0,2.2150000000001455,5.0,True,True,4321.805,False,AR only
2025-12-19,A1,4335.835,4309.095,26.73999999999978,4326.42,4338.765,UP,4356.625,4309.095,1766168780,1766108095,NY late,Asia,686.3333333333334,-325.0833333333333,False,False,True,False,0.7299999999995634,4374.655,4308.67,0,,,,,,,,,none
2025-12-22,A1,4420.16,4355.325,64.83500000000004,4419.455,4460.145,UP,4461.66,4355.325,1766447830,1766361600,post-break,Asia,1017.1666666666666,-420.0,False,False,True,False,0.8899999999994179,4356.625,4309.095,1,UP,0.0,0.10500000000047294,5.0,True,True,4420.265,True,"both, same bar"
2025-12-23,A1,4497.685,4458.16,39.525000000000546,4481.61,4503.39,UP,4510.78,4430.515,1766533970,1766502230,post-break,post-London,1012.8333333333334,483.8333333333333,False,False,False,False,0.9299999999993815,4461.66,4355.325,0,,,,,,,,,PD only
2025-12-24,A1,4526.15,4466.54,59.60999999999967,4493.805,4479.415,DOWN,4526.15,4448.26,1766539500,1766591285,Asia,post-London,-335.0,528.0833333333334,False,False,False,True,0.9099999999998545,4510.78,4430.515,0,,,,,,,,,none
2025-12-26,A1,4531.515,4492.21,39.30500000000029,4511.63,4533.21,UP,4550.15,4492.21,1766765285,1766716360,NY late,Asia,548.0833333333334,-267.3333333333333,False,False,True,False,1.1000000000003638,4526.15,4448.26,0,,,,,,,,,none
2025-12-29,A1,4527.98,4471.325,56.654999999999745,4475.05,4345.945,DOWN,4527.98,4302.11,1766966405,1767021725,Asia,post-London,-419.9166666666667,502.0833333333333,False,False,False,True,1.110000000000582,4550.15,4492.21,1,DOWN,5.0,26.210000000000036,765.0,True,True,4445.115,True,"both, PD first"
2025-12-30,A1,4380.23,4324.65,55.57999999999993,4364.685,4339.12,DOWN,4404.375,4324.65,1767099875,1767056755,post-London,Asia,364.5833333333333,-354.0833333333333,False,False,True,False,0.9799999999995634,4527.98,4302.11,1,UP,2970.0,3.2150000000001455,55.0,True,True,4383.445,False,AR only
2025-12-31,A1,4373.59,4274.025,99.56500000000051,4328.135,4322.61,DOWN,4373.59,4274.025,1767145890,1767160900,Asia,Asia,-308.5,-58.333333333333336,False,False,True,True,0.9400000000005093,4404.375,4324.65,0,,,,,,,,,PD only
2026-01-02,A1,4381.975,4341.61,40.36500000000069,4374.945,4332.065,DOWN,4402.295,4309.915,1767359800,1767379445,post-London,NY late,376.6666666666667,704.0833333333334,False,False,False,False,1.0399999999999636,4373.59,4274.025,1,UP,3395.0,0.8649999999997817,30.0,True,True,4382.84,True,"both, PD first"
2026-01-05,A1,4426.52,4370.425,56.095000000000255,4420.635,4440.675,UP,4460.285,4370.425,1767654615,1767571500,post-break,Asia,970.25,-415.0,False,False,True,False,0.8500000000003638,4402.295,4309.915,1,UP,4550.0,3.589999999999236,350.0,True,True,4430.11,True,"both, PD first"
2026-01-06,A1,4474.265,4427.635,46.63000000000011,4465.86,4493.73,UP,4500.56,4427.635,1767742060,1767661380,post-break,Asia,987.6666666666666,-357.0,False,False,True,False,0.9700000000002547,4460.285,4370.425,1,UP,5235.0,1.5249999999996362,30.0,True,True,4475.79,True,"both, PD first"
2026-01-07,A1,4496.115,4441.445,54.67000000000007,4444.12,4463.52,UP,4496.115,4423.385,1767747605,1767799065,Asia,post-London,-359.9166666666667,497.75,False,False,False,True,0.8800000000001091,4500.56,4427.635,0,,,,,,,,,none
2026-01-08,A1,4466.485,4415.405,51.07999999999993,4433.425,4475.735,UP,4479.735,4407.835,1767913770,1767874580,post-break,post-London,969.5,316.3333333333333,False,False,False,False,0.8499999999994543,4496.115,4423.385,0,,,,,,,,,PD only
2026-01-09,A1,4477.545,4452.92,24.625,4474.185,4509.66,UP,4517.25,4452.92,1767973325,1767920925,post-London,Asia,522.0833333333334,-351.25,False,False,True,False,0.9399999999995998,4479.735,4407.835,1,UP,8420.0,0.15499999999974534,5.0,True,True,4477.7,False,AR only
2026-01-12,A1,4601.695,4536.53,65.16499999999996,4578.58,4599.565,UP,4630.19,4536.53,1768234680,1768176055,NY late,Asia,558.0,-419.0833333333333,False,False,True,False,0.9699999999993452,4517.25,4452.92,0,,,,,,,,,PD only
2026-01-13,A1,4602.195,4573.605,28.590000000000146,4581.895,4597.105,UP,4634.89,4569.47,1768315800,1768336500,post-London,NY late,470.0,815.0,False,False,False,False,0.9200000000000728,4630.19,4536.53,0,,,,,,,,,none
2026-01-14,A1,4639.89,4597.005,42.88500000000022,4637.36,4615.325,DOWN,4642.97,4597.005,1768417350,1768348800,NY late,Asia,722.5,-420.0,False,False,True,False,0.9499999999998181,4634.89,4569.47,0,,,,,,,,,PD only
2026-01-15,A1,4618.26,4581.065,37.19500000000062,4610.295,4610.365,UP,4625.015,4581.065,1768493900,1768447850,NY late,Asia,558.3333333333334,-209.16666666666666,False,False,True,False,0.9200000000000728,4642.97,4597.005,0,,,,,,,,,none
2026-01-16,A1,4616.315,4591.37,24.94499999999971,4598.29,4596.32,DOWN,4620.39,4536.49,1768576020,1768577650,post-London,post-London,487.0,514.1666666666666,False,False,False,False,1.0,4625.015,4581.065,0,,,,,,,,,none
2026-01-19,A1,4682.145,4653.225,28.920000000000073,4678.03,4665.36,DOWN,4682.145,4653.225,1768783375,1768788110,Asia,Asia,-377.0833333333333,-298.1666666666667,False,False,True,True,0.9499999999998181,4620.39,4536.49,0,,,,,,,,,PD only
2026-01-20,A1,4717.265,4659.395,57.86999999999989,4712.51,4775.99,UP,4781.285,4659.395,1768952875,1768868995,post-break,Asia,1007.9166666666666,-390.0833333333333,False,False,True,False,0.930000000000291,4682.145,4653.225,1,UP,785.0,0.625,15.0,True,True,4717.89,True,"both, PD first"
2026-01-21,A1,4888.545,4770.6,117.94499999999971,4847.41,4778.265,DOWN,4888.545,4755.075,1768976860,1769025080,Asia,NY late,-32.333333333333336,771.3333333333334,False,False,False,True,1.0700000000006185,4781.285,4659.395,0,,,,,,,,,PD only
2026-01-22,A1,4829.28,4772.27,57.00999999999931,4826.71,4959.13,UP,4960.67,4772.27,1769126215,1769043845,post-break,Asia,1016.9166666666666,-355.9166666666667,False,False,True,False,1.0099999999993088,4888.545,4755.075,1,UP,145.0,10.430000000000291,4045.0,True,True,4839.71,False,AR only
2026-01-23,A1,4967.52,4936.06,31.460000000000036,4953.97,4987.545,UP,4990.12,4899.795,1769205510,1769160560,post-break,London,898.5,149.33333333333334,True,False,False,False,1.0799999999999272,4960.67,4772.27,1,DOWN,4830.0,36.26500000000033,14100.0,True,False,4899.795,False,AR only
2026-01-26,A1,5111.51,5028.96,82.55000000000018,5077.645,5043.56,DOWN,5111.51,4990.215,1769410265,1769463385,Asia,post-break,-8.916666666666666,876.4166666666666,False,False,False,True,0.9799999999995634,4990.12,4899.795,0,,,,,,,,,PD only
2026-01-27,A1,5094.35,5013.875,80.47500000000036,5085.8,5172.315,UP,5190.51,5013.875,1769550575,1769475120,post-break,Asia,889.5833333333334,-368.0,False,False,True,False,0.8699999999998909,5111.51,4990.215,1,UP,575.0,0.23999999999978172,5.0,True,True,5094.59,False,AR only
2026-01-28,A1,5271.5,5157.21,114.28999999999996,5270.16,5513.285,UP,5602.225,5157.21,1769643615,1769558715,post-break,Asia,1000.25,-414.75,False,False,True,False,0.9700000000002547,5190.51,5013.875,1,UP,580.0,4.175000000000182,135.0,True,True,5275.675,True,"both, PD first"
2026-01-29,A1,5595.77,5444.925,150.84500000000025,5561.32,5438.57,DOWN,5595.77,5097.215,1769667805,1769700480,Asia,post-London,-36.583333333333336,508.0,False,False,False,True,1.0600000000004002,5602.225,5157.21,0,,,,,,,,,none
2026-01-30,A1,5451.16,5112.105,339.0550000000003,5155.88,4895.44,DOWN,5451.16,4679.51,1769731880,1769798375,Asia,NY late,-408.6666666666667,699.5833333333334,False,False,False,True,2.180000000000291,5595.77,5097.215,1,DOWN,5605.0,57.67499999999927,880.0,True,True,5054.43,True,"both, AR first"
2026-02-02,A1,4884.56,4402.38,482.1800000000003,4505.745,4774.58,UP,4884.56,4402.38,1769991770,1770014335,Asia,Asia,-397.1666666666667,-21.083333333333332,False,False,True,True,2.130000000000109,5451.16,4679.51,0,,,,,,,,,PD only
2026-02-03,A1,4893.815,4745.695,148.1199999999999,4881.445,4947.82,UP,4993.835,4745.695,1770136795,1770086840,NY late,Asia,579.9166666666666,-252.66666666666666,False,False,True,False,0.9399999999995998,4884.56,4402.38,1,UP,1540.0,56.86500000000069,7310.0,True,True,4950.68,True,"both, PD first"
2026-02-04,A1,5090.435,4946.16,144.27500000000055,5076.855,5012.535,DOWN,5091.93,4848.405,1770192060,1770223725,London,NY late,61.0,588.75,False,True,False,False,0.9200000000000728,4993.835,4745.695,1,UP,1815.0,0.009999999999308784,5.0,True,True,5090.445,True,"both, PD first"
2026-02-05,A1,5020.555,4789.655,230.90000000000055,4920.255,4703.78,DOWN,5020.555,4703.485,1770252365,1770335970,Asia,post-break,-373.9166666666667,1019.5,False,False,False,True,1.25,5091.93,4848.405,0,,,,,,,,,none
2026-02-06,A1,4903.4,4655.23,248.17000000000007,4846.35,4964.62,UP,4971.34,4655.23,1770401555,1770337065,NY late,Asia,672.5833333333334,-402.25,False,False,True,False,1.099999999999909,5020.555,4703.485,0,,,,,,,,,none
2026-02-09,A1,5045.815,4968.885,76.92999999999938,5031.135,5031.995,UP,5086.68,4968.885,1770669190,1770602590,NY late,Asia,813.1666666666666,-296.8333333333333,False,False,True,False,0.8900000000003274,4971.34,4655.23,0,,,,,,,,,PD only
2026-02-10,A1,5056.34,5009.015,47.32499999999982,5024.62,5041.735,UP,5078.745,4998.95,1770733985,1770737930,post-London,post-London,453.0833333333333,518.8333333333334,False,False,False,False,0.6500000000005457,5086.68,4968.885,1,UP,7740.0,7.210000000000036,75.0,True,True,5063.55,False,AR only
2026-02-11,A1,5064.7,5028.39,36.30999999999949,5064.24,5061.55,DOWN,5119.345,5019.715,1770811230,1770816660,post-London,post-London,300.5,391.0,False,False,False,False,0.6599999999998545,5078.745,4998.95,1,UP,0.0,0.7350000000005821,10.0,True,True,5065.435,False,AR only
2026-02-12,A1,5078.42,5045.445,32.975000000000364,5060.005,4920.465,DOWN,5083.855,4878.5,1770904625,1770913755,post-London,NY late,417.0833333333333,569.25,False,False,False,False,0.7999999999992724,5119.345,5019.715,1,UP,10245.0,2.4899999999997817,75.0,True,True,5080.91,False,AR only
2026-02-13,A1,4997.555,4913.86,83.69500000000062,4967.615,5042.74,UP,5046.48,4913.86,1771019215,1770940820,post-break,Asia,886.9166666666666,-419.6666666666667,False,False,True,False,0.7100000000000364,5083.855,4878.5,0,,,,,,,,,none
2026-02-16,A1,5031.29,4964.865,66.42500000000018,4994.91,4989.925,DOWN,5031.29,4964.865,1771204835,1771218195,Asia,Asia,-339.4166666666667,-116.75,False,False,True,True,0.7100000000000364,5046.48,4913.86,0,,,,,,,,,none
2026-02-17,A1,4991.515,4859.2,132.3150000000005,4910.38,4859.44,DOWN,4991.515,4842.6,1771286435,1771336900,Asia,post-London,-419.4166666666667,421.6666666666667,False,False,False,True,0.8400000000001455,5031.29,4964.865,0,,,,,,,,,PD only
2026-02-18,A1,4940.89,4858.37,82.52000000000044,4930.835,4976.15,UP,5010.915,4858.37,1771433290,1771374095,NY late,Asia,588.1666666666666,-398.4166666666667,False,False,True,False,0.7799999999997453,4991.515,4842.6,1,UP,870.0,1.5999999999994543,10.0,True,True,4942.49,False,AR only
2026-02-19,A1,5020.29,4960.645,59.64499999999953,5018.405,4987.795,DOWN,5022.385,4960.645,1771515350,1771462770,post-London,Asia,515.8333333333334,-360.5,False,False,True,False,0.7799999999997453,5010.915,4858.37,1,UP,210.0,0.024999999999636202,5.0,True,True,5020.315,True,"both, PD first"
2026-02-20,A1,5030.145,4981.67,48.475000000000364,5020.745,5107.535,UP,5108.72,4981.67,1771624700,1771558920,post-break,Asia,898.3333333333334,-198.0,False,False,True,False,0.8299999999999272,5022.385,4960.645,1,UP,6855.0,0.464999999999236,5.0,True,True,5030.61,True,"both, PD first"
2026-02-23,A1,5176.95,5129.61,47.340000000000146,5145.93,5235.81,UP,5250.005,5122.22,1771888290,1771835385,post-break,London,971.5,89.75,True,False,False,False,0.7000000000007276,5108.72,4981.67,1,DOWN,1570.0,4.420000000000073,10.0,True,True,5125.19,False,"both, PD first"
2026-02-24,A1,5238.18,5145.135,93.04500000000007,5173.64,5146.75,DOWN,5238.18,5093.225,1771892500,1771942415,Asia,post-London,-398.3333333333333,433.5833333333333,False,False,False,True,0.7600000000002183,5250.005,5122.22,0,,,,,,,,,none
2026-02-25,A1,5210.68,5136.85,73.82999999999993,5194.64,5163.27,DOWN,5217.78,5136.85,1772039505,1771978040,NY late,Asia,611.75,-412.6666666666667,False,False,True,False,0.75,5238.18,5093.225,0,,,,,,,,,none
2026-02-26,A1,5205.64,5155.13,50.51000000000022,5193.365,5184.76,DOWN,5205.64,5130.235,1772083530,1772119675,Asia,post-London,-94.5,507.9166666666667,False,False,False,True,0.7399999999997817,5217.78,5136.85,0,,,,,,,,,none
2026-02-27,A1,5200.64,5166.995,33.64500000000044,5185.725,5278.51,UP,5281.155,5166.995,1772229225,1772154480,post-break,Asia,893.75,-352.0,False,False,True,False,0.7600000000002183,5205.64,5130.235,0,,,,,,,,,none
2026-03-02,A1,5390.21,5303.39,86.81999999999971,5387.69,5345.89,DOWN,5419.66,5260.285,1772436005,1772467380,London,NY late,20.083333333333332,543.0,False,True,False,False,0.8000000000001819,5281.155,5166.995,1,UP,165.0,0.16499999999996362,5.0,True,True,5390.375,True,"both, PD first"
2026-03-03,A1,5379.975,5279.005,100.97000000000025,5310.705,5125.44,DOWN,5379.975,4996.275,1772501130,1772551055,Asia,post-London,-334.5,497.5833333333333,False,False,False,True,0.8900000000003274,5419.66,5260.285,1,DOWN,8710.0,53.4350000000004,1750.0,True,True,5225.57,True,"both, AR first"
2026-03-04,A1,5191.065,5105.72,85.34499999999935,5160.6,5165.365,UP,5206.265,5105.72,1772625875,1772582620,post-London,Asia,304.5833333333333,-416.3333333333333,False,False,True,False,0.8600000000001273,5379.975,4996.275,0,,,,,,,,,none
2026-03-05,A1,5195.22,5120.785,74.4350000000004,5167.74,5086.155,DOWN,5195.22,5050.905,1772679930,1772733805,Asia,NY late,-234.5,663.4166666666666,False,False,False,True,0.7700000000004366,5206.265,5105.72,0,,,,,,,,,none
2026-03-06,A1,5144.05,5066.4,77.65000000000055,5115.84,5171.5,UP,5176.63,5063.215,1772834250,1772798200,post-break,post-London,897.5,296.6666666666667,False,False,False,False,0.8599999999996726,5195.22,5050.905,0,,,,,,,,,none
2026-03-09,A1,5140.79,5015.045,125.74499999999989,5097.975,5139.805,UP,5156.21,5015.045,1773098380,1773018065,post-break,Asia,979.6666666666666,-358.9166666666667,False,False,True,False,0.930000000000291,5176.63,5063.215,0,,,,,,,,,none
2026-03-10,A1,5187.055,5124.835,62.220000000000255,5175.325,5197.375,UP,5238.775,5124.835,1773157545,1773104415,post-London,Asia,525.75,-359.75,False,False,True,False,0.7400000000006912,5156.21,5015.045,1,UP,5450.0,2.134999999999309,40.0,True,True,5189.19,True,"both, PD first"
2026-03-11,A1,5223.385,5186.66,36.725000000000364,5197.655,5134.6,DOWN,5223.385,5129.83,1773191000,1773269865,Asia,post-break,-356.6666666666667,957.75,False,False,False,True,0.8000000000001819,5238.775,5124.835,1,DOWN,2235.0,0.08500000000003638,5.0,True,True,5186.575,False,AR only
2026-03-12,A1,5175.15,5125.64,49.50999999999931,5166.325,5098.13,DOWN,5191.79,5055.125,1773310000,1773347440,post-London,NY late,186.66666666666666,810.6666666666666,False,False,False,False,0.8000000000001819,5223.385,5129.83,1,UP,2530.0,0.8950000000004366,10.0,True,True,5176.045,False,AR only
2026-03-13,A1,5128.475,5085.665,42.8100000000004,5088.18,5020.6,DOWN,5128.475,5009.745,1773367210,1773431580,Asia,NY late,-299.8333333333333,773.0,False,False,False,True,0.7100000000000364,5191.79,5055.125,1,DOWN,0.0,0.34500000000025466,5.0,True,True,5085.32,False,AR only
2026-03-16,A1,5036.01,4982.675,53.335000000000036,5012.57,5012.93,UP,5038.145,4970.23,1773670120,1773655335,post-London,post-London,428.6666666666667,182.25,False,False,False,False,0.7600000000002183,5128.475,5009.745,1,DOWN,7535.0,2.7200000000002547,25.0,True,True,4979.955,True,"both, PD first"
2026-03-17,A1,5044.9,4994.935,49.964999999999236,5010.115,5002.9,DOWN,5044.9,4973.72,1773724630,1773762105,Asia,post-London,-102.83333333333333,521.75,False,False,False,True,0.8000000000001819,5038.145,4970.23,0,,,,,,,,,none
2026-03-18,A1,5016.53,4981.83,34.69999999999982,5009.64,4836.84,DOWN,5016.53,4804.225,1773815805,1773872475,Asia,post-break,-23.25,921.25,False,False,False,True,0.7600000000002183,5044.9,4973.72,1,DOWN,6335.0,4.375,10.0,True,True,4977.455,False,AR only
2026-03-19,A1,4867.225,4747.72,119.50500000000011,4763.54,4643.815,DOWN,4867.225,4502.365,1773884485,1773925370,Asia,post-London,-318.5833333333333,362.8333333333333,False,False,False,True,0.8599999999996726,5016.53,4804.225,1,DOWN,2640.0,11.930000000000291,230.0,True,True,4735.79,True,"both, PD first"
2026-03-20,A1,4736.175,4639.42,96.75500000000011,4669.195,4497.48,DOWN,4736.175,4477.54,1773977425,1774033025,Asia,NY late,-209.58333333333334,717.0833333333334,False,False,False,True,0.7799999999997453,4867.225,4502.365,0,,,,,,,,,none
2026-03-23,A1,4473.16,4163.07,310.09000000000015,4220.68,4441.245,UP,4513.165,4099.125,1774275955,1774250535,post-London,London,445.9166666666667,22.25,True,False,False,False,1.1300000000001091,4736.175,4477.54,1,DOWN,385.0,12.679999999999382,85.0,True,True,4150.39,True,"both, PD first"
2026-03-24,A1,4446.785,4305.88,140.90499999999975,4402.54,4547.015,UP,4551.66,4305.88,1774396200,1774318340,post-break,Asia,1010.0,-287.6666666666667,False,False,True,False,0.9800000000004729,4513.165,4099.125,0,,,,,,,,,none
2026-03-25,A1,4602.645,4533.145,69.5,4545.595,4498.115,DOWN,4602.645,4486.59,1774406765,1774465915,Asia,NY late,-253.91666666666666,731.9166666666666,False,False,False,True,0.7800000000006548,4551.66,4305.88,1,DOWN,10090.0,5.255000000000109,15.0,True,True,4527.89,False,"both, PD first"
2026-03-26,A1,4544.815,4415.87,128.9449999999997,4456.82,4405.11,DOWN,4544.815,4351.355,1774487005,1774555575,Asia,NY late,-356.5833333333333,786.25,False,False,False,True,0.9700000000002547,4602.645,4486.59,1,DOWN,6235.0,3.430000000000291,5.0,True,True,4412.44,True,"both, PD first"
2026-03-27,A1,4475.3,4375.525,99.77500000000055,4459.575,4493.685,UP,4555.63,4375.525,1774625030,1774573145,post-London,Asia,503.8333333333333,-360.9166666666667,False,False,True,False,0.75,4544.815,4351.355,0,,,,,,,,,none
2026-03-30,A1,4550.855,4417.43,133.42499999999927,4532.58,4514.07,DOWN,4580.73,4417.43,1774871510,1774829585,post-London,Asia,291.8333333333333,-406.9166666666667,False,False,True,False,0.7899999999999636,4555.63,4375.525,0,,,,,,,,,none
2026-03-31,A1,4619.255,4482.66,136.59500000000025,4557.555,4696.44,UP,4699.975,4482.66,1775001530,1774916620,post-break,Asia,1018.8333333333334,-396.3333333333333,False,False,True,False,0.680000000000291,4580.73,4417.43,0,,,,,,,,,none
2026-04-01,A1,4733.235,4667.195,66.03999999999996,4730.825,4784.19,UP,4800.8,4667.195,1775086250,1775017090,post-break,Asia,990.8333333333334,-161.83333333333334,False,False,True,False,0.6899999999995998,4699.975,4482.66,1,UP,2020.0,3.1350000000002183,40.0,True,True,4736.37,True,"both, PD first"
2026-04-02,A1,4798.935,4553.85,245.08500000000004,4598.83,4676.745,UP,4798.935,4553.85,1775089055,1775110265,Asia,Asia,-402.4166666666667,-48.916666666666664,False,False,True,True,0.8100000000004002,4800.8,4667.195,0,,,,,,,,,PD only
2026-04-06,A1,4678.93,4600.85,78.07999999999993,4665.96,4659.21,DOWN,4706.875,4600.85,1775468580,1775435260,London,Asia,163.0,-392.3333333333333,False,True,True,False,0.819999999999709,4798.935,4553.85,1,UP,3075.0,2.4749999999994543,40.0,True,True,4681.405,False,AR only
2026-04-07,A1,4664.53,4616.53,48.0,4653.575,4833.66,UP,4836.505,4607.63,1775606335,1775570805,post-break,post-London,1018.9166666666666,426.75,False,False,False,False,0.8099999999994907,4706.875,4600.85,1,UP,4470.0,0.015000000000327418,5.0,True,True,4664.545,False,AR only
2026-04-08,A1,4858.215,4788.12,70.09500000000025,4820.18,4715.84,DOWN,4858.215,4699.305,1775606795,1775675105,Asia,NY late,-413.4166666666667,725.0833333333334,False,False,False,True,0.7799999999997453,4836.505,4607.63,1,DOWN,9795.0,4.724999999999454,35.0,True,True,4783.395,False,AR only
2026-04-09,A1,4733.04,4698.725,34.3149999999996,4712.84,4763.87,UP,4801.39,4698.725,1775756430,1775693260,NY late,Asia,640.5,-412.3333333333333,False,False,True,False,0.7799999999997453,4858.215,4699.305,1,UP,6525.0,0.1499999999996362,5.0,True,True,4733.19,False,AR only
2026-04-10,A1,4777.42,4738.105,39.31500000000051,4746.035,4749.685,UP,4794.98,4730.74,1775831505,1775811205,post-London,London,451.75,113.41666666666667,True,False,False,False,0.7399999999997817,4801.39,4698.725,1,DOWN,6450.0,4.859999999999673,20.0,True,True,4733.245,False,AR only
2026-04-13,A1,4732.79,4664.625,68.16499999999996,4725.67,4757.9,UP,4765.805,4664.625,1776121850,1776038425,post-break,Asia,970.8333333333334,-419.5833333333333,False,False,True,False,0.7100000000000364,4794.98,4730.74,1,UP,100.0,0.45499999999992724,5.0,True,True,4733.245,False,"both, PD first"
2026-04-14,A1,4782.965,4751.77,31.19499999999971,4782.095,4837.285,UP,4850.88,4751.22,1776204330,1776163140,post-break,post-London,905.5,219.0,False,False,False,False,0.7000000000007276,4765.805,4664.625,1,UP,25.0,13.664999999999964,1345.0,True,True,4796.63,True,"both, PD first"
2026-04-15,A1,4871.38,4811.31,60.06999999999971,4811.565,4823.455,UP,4871.38,4786.08,1776215890,1776246435,Asia,London,-341.8333333333333,167.25,True,False,False,True,0.6599999999998545,4850.88,4751.22,1,DOWN,60.0,0.0750000000007276,5.0,True,True,4811.235,False,AR only
2026-04-16,A1,4838.56,4811.33,27.230000000000473,4826.14,4791.77,DOWN,4838.56,4772.575,1776315980,1776350450,Asia,post-London,-113.66666666666667,460.8333333333333,False,False,False,True,0.7599999999993088,4871.38,4786.08,1,DOWN,3900.0,3.7950000000000728,5.0,True,True,4807.535,False,AR only
2026-04-17,A1,4806.2,4767.845,38.35499999999956,4785.195,4831.61,UP,4891.54,4767.845,1776431600,1776389410,post-London,Asia,373.3333333333333,-329.8333333333333,False,False,True,False,0.6399999999998727,4838.56,4772.575,0,,,,,,,,,none
2026-04-20,A1,4814.46,4744.515,69.94499999999971,4795.6,4822.02,UP,4833.405,4744.515,1776723685,1776643230,post-break,Asia,921.4166666666666,-419.5,False,False,True,False,0.5900000000001455,4891.54,4767.845,0,,,,,,,,,none
2026-04-21,A1,4830.895,4774.8,56.095000000000255,4778.4,4738.14,DOWN,4830.895,4668.62,1776730440,1776800665,Asia,NY late,-406.0,764.4166666666666,False,False,False,True,0.5600000000004002,4833.405,4744.515,1,DOWN,125.0,0.5600000000004002,5.0,True,True,4774.24,False,AR only
2026-04-22,A1,4772.0,4735.875,36.125,4767.9,4727.88,DOWN,4772.385,4723.645,1776841710,1776898885,London,post-break,8.5,961.4166666666666,False,True,False,False,0.6199999999998909,4830.895,4668.62,1,UP,510.0,0.3850000000002183,5.0,True,True,4772.385,False,AR only
2026-04-23,A1,4754.2,4692.485,61.715000000000146,4713.095,4695.445,DOWN,4754.2,4664.38,1776905525,1776966405,Asia,NY late,-367.9166666666667,646.75,False,False,False,True,0.5999999999994543,4772.385,4723.645,0,,,,,,,,,PD only
2026-04-24,A1,4711.23,4658.03,53.19999999999982,4671.895,4709.75,UP,4740.57,4658.03,1777039990,1777005115,post-London,Asia,433.1666666666667,-148.08333333333334,False,False,True,False,0.5799999999999272,4754.2,4664.38,0,,,,,,,,,none
2026-04-27,A1,4729.965,4672.405,57.5600000000004,4712.785,4692.06,DOWN,4729.965,4667.335,1777264445,1777302330,Asia,post-London,-145.91666666666666,485.5,False,False,False,True,0.569999999999709,4740.57,4658.03,0,,,,,,,,,none
2026-04-28,A1,4701.64,4623.545,78.09500000000025,4629.035,4595.75,DOWN,4701.64,4555.135,1777334980,1777377700,Asia,post-London,-410.3333333333333,301.6666666666667,False,False,False,True,0.5900000000001455,4729.965,4667.335,1,DOWN,3345.0,2.8900000000003274,15.0,True,True,4620.655,True,"both, PD first"
2026-04-29,A1,4610.535,4575.72,34.8149999999996,4584.69,4561.685,DOWN,4610.535,4510.095,1777421545,1777470345,Asia,post-London,-407.5833333333333,405.75,False,False,False,True,0.6000000000003638,4701.64,4555.135,1,DOWN,1470.0,0.930000000000291,20.0,True,True,4574.79,False,"both, AR first"
2026-04-30,A1,4591.59,4540.925,50.664999999999964,4589.7,4626.685,UP,4647.045,4540.925,1777545005,1777523700,post-London,Asia,210.08333333333334,-145.0,False,False,True,False,0.6199999999998909,4610.535,4510.095,1,UP,400.0,1.050000000000182,20.0,True,True,4592.64,False,"both, AR first"
2026-05-01,A1,4635.94,4590.86,45.07999999999993,4594.885,4613.87,UP,4660.585,4560.32,1777644930,1777629495,post-London,London,435.5,178.25,True,False,False,False,0.6900000000005093,4647.045,4540.925,1,DOWN,390.0,0.875,5.0,True,True,4589.985,False,AR only
2026-05-04,A1,4618.825,4583.95,34.875,4588.95,4519.155,DOWN,4618.825,4501.035,1777860045,1777911045,Asia,NY late,-299.25,550.75,False,False,False,True,0.6400000000003274,4660.585,4560.32,1,DOWN,1710.0,0.2649999999994179,5.0,True,True,4583.685,False,AR only
2026-05-05,A1,4552.02,4513.655,38.36500000000069,4548.365,4593.87,UP,4596.0,4513.655,1778025425,1777940835,post-break,Asia,1017.0833333333334,-392.75,False,False,True,False,0.5799999999999272,4618.825,4501.035,1,UP,50.0,0.044999999999163265,5.0,True,True,4552.065,False,AR only
2026-05-06,A1,4669.97,4588.33,81.64000000000033,4669.46,4699.055,UP,4723.14,4588.33,1778064845,1778026605,post-London,Asia,234.08333333333334,-403.25,False,False,True,False,0.6499999999996362,4596.0,4513.655,1,UP,0.0,0.5799999999999272,10.0,True,True,4670.55,True,"both, same bar"
2026-05-07,A1,4750.01,4685.275,64.73500000000058,4739.37,4704.405,DOWN,4764.905,4682.045,1778166025,1778194220,post-London,post-break,480.4166666666667,950.3333333333334,False,False,False,False,0.6199999999998909,4723.14,4588.33,1,UP,725.0,0.29500000000007276,5.0,True,True,4750.305,True,"both, PD first"
2026-05-08,A1,4734.895,4694.125,40.77000000000044,4725.855,4715.71,DOWN,4749.58,4694.125,1778248800,1778199610,post-London,Asia,420.0,-399.8333333333333,False,False,True,False,0.6400000000003274,4764.905,4682.045,0,,,,,,,,,none
2026-05-11,A1,4705.56,4648.09,57.470000000000255,4678.555,4767.67,UP,4769.795,4648.09,1778543635,1778478960,post-break,Asia,1013.9166666666666,-64.0,False,False,True,False,0.5799999999999272,4749.58,4694.125,0,,,,,,,,,PD only
2026-05-12,A1,4773.575,4694.51,79.0649999999996,4697.1,4717.145,UP,4773.575,4638.365,1778545080,1778599505,Asia,post-London,-402.0,505.0833333333333,False,False,False,True,0.6300000000001091,4769.795,4648.09,1,DOWN,120.0,0.04500000000007276,5.0,True,True,4694.465,False,AR only
2026-05-13,A1,4727.03,4687.705,39.32499999999982,4701.735,4696.62,DOWN,4727.03,4669.525,1778630720,1778680160,Asia,post-London,-414.6666666666667,409.3333333333333,False,False,False,True,0.5799999999999272,4773.575,4638.365,1,DOWN,8550.0,0.8850000000002183,5.0,True,True,4686.82,False,AR only
2026-05-14,A1,4712.685,4668.71,43.975000000000364,4700.43,4652.15,DOWN,4718.88,4644.31,1778744215,1778791175,London,NY late,36.916666666666664,819.5833333333334,False,True,False,False,0.6499999999996362,4727.03,4669.525,1,UP,2105.0,0.6049999999995634,5.0,True,True,4713.29,False,AR only
2026-05-15,A1,4658.225,4556.52,101.70499999999993,4570.205,4540.645,DOWN,4658.225,4510.985,1778804115,1778852745,Asia,post-London,-404.75,405.75,False,False,False,True,0.6000000000003638,4718.88,4644.31,1,DOWN,4645.0,3.2450000000008004,45.0,True,True,4553.275,True,"both, PD first"
2026-05-18,A1,4552.045,4480.41,71.63500000000022,4546.875,4581.995,UP,4589.09,4480.41,1779146545,1779065105,post-break,Asia,982.4166666666666,-374.9166666666667,False,False,True,False,0.6400000000003274,4658.225,4510.985,1,UP,1800.0,8.050000000000182,535.0,True,True,4560.095,False,AR only
2026-05-19,A1,4589.58,4531.085,58.49499999999989,4548.315,4489.485,DOWN,4589.58,4464.78,1779148925,1779197505,Asia,post-London,-417.9166666666667,391.75,False,False,False,True,0.6000000000003638,4589.09,4480.41,0,,,,,,,,,none
2026-05-20,A1,4508.85,4453.39,55.460000000000036,4474.355,4546.74,UP,4553.045,4453.39,1779290220,1779246490,post-London,Asia,497.0,-231.83333333333334,False,False,True,False,0.569999999999709,4589.58,4464.78,0,,,,,,,,,none
2026-05-21,A1,4570.895,4518.44,52.45500000000084,4521.49,4535.425,UP,4570.895,4488.63,1779327660,1779370755,Asia,post-London,-319.0,399.25,False,False,False,True,0.5400000000004184,4553.045,4453.39,1,DOWN,380.0,0.2599999999993088,5.0,True,True,4518.18,False,AR only
2026-05-22,A1,4541.24,4507.43,33.80999999999949,4527.045,4509.69,DOWN,4541.24,4491.93,1779410345,1779459845,Asia,post-London,-380.9166666666667,444.0833333333333,False,False,False,True,0.6399999999994179,4570.895,4488.63,0,,,,,,,,,none
2026-05-25,A1,4579.575,4550.55,29.024999999999636,4562.7,4559.77,DOWN,4580.245,4550.55,1779751100,1779689125,post-break,Asia,978.3333333333334,-54.583333333333336,False,False,True,False,0.5399999999999636,4541.24,4491.93,0,,,,,,,,,PD only
2026-05-26,A1,4560.36,4523.005,37.35499999999956,4531.225,4519.68,DOWN,4560.36,4482.62,1779753600,1779818730,Asia,NY late,-420.0,665.5,False,False,False,True,0.5799999999999272,4580.245,4550.55,1,DOWN,1065.0,0.8299999999999272,15.0,True,True,4522.175,True,"both, PD first"
2026-05-27,A1,4526.035,4479.87,46.164999999999964,4485.18,4447.11,DOWN,4526.035,4401.63,1779840120,1779888515,Asia,post-London,-418.0,388.5833333333333,False,False,False,True,0.569999999999709,4560.36,4482.62,1,DOWN,2990.0,3.8850000000002183,240.0,True,True,4475.985,True,"both, PD first"
2026-05-28,A1,4459.0,4366.23,92.77000000000044,4383.815,4495.08,UP,4516.63,4366.23,1779991390,1779942010,NY late,Asia,663.1666666666666,-159.83333333333334,False,False,True,False,0.6700000000000728,4526.035,4401.63,0,,,,,,,,,PD only
2026-05-29,A1,4524.09,4492.085,32.00500000000011,4523.59,4540.53,UP,4595.33,4492.085,1780067595,1780013325,post-London,Asia,493.25,-411.25,False,False,True,False,0.5200000000004366,4516.63,4366.23,1,UP,20.0,0.0500000000001819,5.0,True,True,4524.14,True,"both, PD first"
2026-06-01,A1,4546.27,4500.32,45.95000000000073,4501.57,4484.475,DOWN,4546.27,4447.86,1780272285,1780322450,Asia,post-London,-415.25,420.8333333333333,False,False,False,True,0.6300000000001091,4595.33,4492.085,1,DOWN,2510.0,0.009999999999308784,5.0,True,True,4500.31,False,"both, AR first"
2026-06-02,A1,4538.455,4463.01,75.44499999999971,4535.945,4474.465,DOWN,4541.63,4462.29,1780384475,1780442945,London,post-break,14.583333333333334,989.0833333333334,False,True,False,False,0.5500000000001819,4546.27,4447.86,1,UP,620.0,2.4899999999997817,225.0,True,True,4540.945,False,AR only
2026-06-03,A1,4496.885,4455.39,41.49499999999989,4463.245,4457.54,DOWN,4496.885,4423.965,1780447395,1780524970,Asia,post-break,-376.75,916.1666666666666,False,False,False,True,0.6300000000001091,4541.63,4462.29,1,DOWN,1805.0,0.9750000000003638,5.0,True,True,4454.415,True,"both, PD first"
2026-06-04,A1,4484.055,4443.18,40.875,4467.925,4461.915,DOWN,4515.515,4443.18,1780580700,1780534835,post-London,Asia,405.0,-359.4166666666667,False,False,True,False,0.6199999999998909,4496.885,4423.965,0,,,,,,,,,none
2026-06-05,A1,4470.045,4428.72,41.32499999999982,4452.945,4327.885,DOWN,4475.885,4311.93,1780662020,1780689985,post-London,NY late,320.3333333333333,786.4166666666666,False,False,False,False,0.6300000000001091,4515.515,4443.18,0,,,,,,,,,none
2026-06-08,A1,4353.45,4268.48,84.97000000000025,4300.16,4317.88,UP,4353.45,4268.48,1780878525,1780897045,Asia,Asia,-391.25,-82.58333333333333,False,False,True,True,0.6499999999996362,4475.885,4311.93,0,,,,,,,,,PD only
2026-06-09,A1,4351.56,4315.125,36.4350000000004,4330.69,4222.135,DOWN,4363.72,4210.505,1781012945,1781049105,post-London,post-break,409.0833333333333,1011.75,False,False,False,False,0.569999999999709,4353.45,4268.48,0,,,,,,,,,none
2026-06-10,A1,4228.5,4172.565,55.9350000000004,4203.995,4047.445,DOWN,4228.5,4023.87,1781050810,1781133255,Asia,post-break,-399.8333333333333,974.25,False,False,False,True,0.5900000000001455,4363.72,4210.505,1,DOWN,3790.0,11.094999999999345,775.0,True,True,4161.47,True,"both, PD first"
2026-06-11,A1,4118.395,4036.03,82.36500000000024,4094.49,4219.915,UP,4246.715,4036.03,1781218670,1781136655,post-break,Asia,957.8333333333334,-409.0833333333333,False,False,True,False,0.5900000000001455,4228.5,4023.87,0,,,,,,,,,none
2026-06-12,A1,4230.53,4171.005,59.524999999999636,4184.05,4218.56,UP,4235.69,4170.29,1781278025,1781249600,post-London,London,507.0833333333333,33.333333333333336,True,False,False,False,0.6900000000005093,4246.715,4036.03,1,DOWN,1980.0,0.7150000000001455,30.0,True,True,4170.29,False,AR only
2026-06-15,A1,4335.57,4285.32,50.25,4308.185,4315.705,UP,4369.665,4285.32,1781532410,1781485225,post-London,Asia,426.8333333333333,-359.5833333333333,False,False,True,False,0.5900000000001455,4235.69,4170.29,1,UP,5550.0,9.985000000000582,1090.0,True,True,4345.555,True,"both, PD first"
2026-06-16,A1,4333.375,4306.985,26.390000000000327,4323.99,4331.025,UP,4354.95,4306.985,1781614750,1781569635,post-London,Asia,359.1666666666667,-392.75,False,False,True,False,0.5399999999999636,4369.665,4285.32,1,UP,3135.0,0.03999999999996362,5.0,True,True,4333.415,False,AR only
2026-06-17,A1,4349.605,4317.665,31.9399999999996,4331.785,4278.08,DOWN,4382.615,4219.165,1781718835,1781725135,NY late,NY late,653.9166666666666,758.9166666666666,False,False,False,False,0.6000000000003638,4354.95,4306.985,1,DOWN,6345.0,0.4750000000003638,5.0,True,True,4317.19,False,AR only
2026-06-18,A1,4329.865,4276.625,53.23999999999978,4306.675,4188.445,DOWN,4329.865,4186.94,1781748815,1781827085,Asia,post-break,-286.4166666666667,1018.0833333333334,False,False,False,True,0.6099999999996726,4382.615,4219.165,1,DOWN,6665.0,0.1750000000001819,5.0,True,True,4276.45,False,AR only
2026-06-19,A1,4198.245,4121.955,76.28999999999996,4147.665,4155.37,UP,4198.245,4121.955,1781827280,1781845655,Asia,Asia,-418.6666666666667,-112.41666666666667,False,False,True,True,0.680000000000291,4329.865,4186.94,0,,,,,,,,,PD only
2026-06-22,A1,4221.37,4140.095,81.27499999999964,4197.62,4187.615,DOWN,4221.37,4140.095,1782090020,1782086400,Asia,Asia,-359.6666666666667,-420.0,False,False,True,True,0.6000000000003638,4198.245,4121.955,0,,,,,,,,,PD only
2026-06-23,A1,4198.605,4110.335,88.26999999999953,4114.455,4099.25,DOWN,4198.605,4080.895,1782176410,1782258205,Asia,post-break,-359.8333333333333,1003.4166666666666,False,False,False,True,0.6799999999993815,4221.37,4140.095,1,DOWN,30.0,0.25500000000010914,5.0,True,True,4110.08,True,"both, PD first"
2026-06-24,A1,4112.135,4050.47,61.66500000000042,4087.075,4012.5,DOWN,4112.135,3959.08,1782259695,1782324245,Asia,NY late,-411.75,664.0833333333334,False,False,False,True,0.5800000000001546,4198.605,4080.895,0,,,,,,,,,PD only
2026-06-25,A1,4016.42,3962.475,53.945000000000164,3977.68,4014.555,UP,4044.14,3962.475,1782412200,1782353610,NY late,Asia,690.0,-286.5,False,False,True,False,0.6399999999998727,4112.135,3959.08,0,,,,,,,,,none
2026-06-26,A1,4033.185,3982.95,50.23500000000013,4032.1,4088.385,UP,4095.985,3982.95,1782488980,1782442560,post-London,Asia,529.6666666666666,-244.0,False,False,True,False,0.6100000000001273,4044.14,3962.475,1,UP,80.0,0.08500000000003638,5.0,True,True,4033.27,False,"both, AR first"
2026-06-29,A1,4076.015,4039.325,36.690000000000055,4062.405,4015.1,DOWN,4076.015,4000.325,1782703340,1782742545,Asia,post-London,-217.66666666666666,435.75,False,False,False,True,0.650000000000091,4095.985,3982.95,1,DOWN,10100.0,1.7549999999996544,50.0,True,True,4037.57,False,AR only
2026-06-30,A1,4034.325,3942.1,92.22499999999991,4029.68,4005.835,DOWN,4063.48,3942.1,1782829485,1782781655,post-London,Asia,444.75,-352.4166666666667,False,False,True,False,0.6099999999996726,4076.015,4000.325,1,UP,1520.0,0.1449999999999818,5.0,True,True,4034.47,False,AR only
2026-07-01,A1,4009.915,3963.34,46.57499999999982,3971.965,4035.325,UP,4115.81,3960.275,1782916570,1782890105,post-London,London,456.1666666666667,15.083333333333334,True,False,False,False,0.5299999999997453,4063.48,3942.1,1,DOWN,440.0,2.9050000000002,100.0,True,True,3960.435,False,AR only
2026-07-02,A1,4079.92,4030.895,49.02500000000009,4073.305,4126.105,UP,4144.08,4030.895,1783000320,1782950635,post-London,Asia,412.0,-416.0833333333333,False,False,True,False,0.5100000000002183,4115.81,3960.275,1,UP,7000.0,0.1999999999998181,5.0,True,True,4080.12,False,AR only
2026-07-03,A1,4195.51,4122.775,72.73500000000058,4173.145,4175.695,UP,4195.51,4122.775,1783042520,1783036905,Asia,Asia,-324.6666666666667,-418.25,False,False,True,True,0.5199999999995271,4144.08,4030.895,0,,,,,,,,,PD only
2026-07-06,A1,4202.705,4144.83,57.875,4150.465,4157.425,UP,4202.705,4128.51,1783302490,1783349075,Asia,post-London,-311.8333333333333,464.5833333333333,False,False,False,True,0.5500000000001819,4195.51,4122.775,1,DOWN,8785.0,1.2449999999998909,5.0,True,True,4143.585,False,AR only
2026-07-07,A1,4162.75,4116.7,46.05000000000018,4130.535,4098.775,DOWN,4180.52,4092.295,1783431785,1783451920,post-London,NY late,403.0833333333333,738.6666666666666,False,False,False,False,0.5500000000001819,4202.705,4128.51,0,,,,,,,,,PD only
2026-07-08,A1,4133.99,4096.56,37.42999999999938,4123.665,4076.285,DOWN,4133.99,4021.815,1783487230,1783524750,Asia,post-London,-112.83333333333333,512.5,False,False,False,True,0.6099999999996726,4180.52,4092.295,1,DOWN,4675.0,15.475000000000364,130.0,True,True,4081.085,True,"both, same bar"
2026-07-09,A1,4108.185,4054.4,53.78500000000031,4108.065,4123.535,UP,4138.06,4054.4,1783619335,1783567105,NY late,Asia,648.9166666666666,-221.58333333333334,False,False,True,False,0.5400000000008731,4133.99,4021.815,1,UP,0.0,0.22999999999956344,5.0,True,True,4108.415,False,AR only
2026-07-10,A1,4134.92,4108.39,26.529999999999745,4111.68,4120.67,UP,4134.92,4072.8,1783652890,1783693995,Asia,post-London,-231.83333333333334,453.25,False,False,False,True,0.5300000000006548,4138.06,4054.4,1,DOWN,2635.0,3.9500000000007276,625.0,True,True,4104.44,False,AR only
2026-07-13,A1,4091.295,4044.06,47.23500000000013,4055.66,4001.26,DOWN,4091.295,3986.58,1783901435,1783961720,Asia,NY late,-409.4166666666667,595.3333333333334,False,False,False,True,0.6100000000001273,4134.92,4072.8,0,,,,,,,,,PD only
2026-07-14,A1,4034.25,3983.545,50.70499999999993,4024.07,4053.035,UP,4104.05,3983.545,1784032390,1783987650,post-London,Asia,333.1666666666667,-412.5,False,False,True,False,0.5900000000001455,4091.295,3986.58,0,,,,,,,,,none
2026-07-15,A1,4062.125,4021.465,40.659999999999854,4032.155,4058.02,UP,4081.52,4017.475,1784140310,1784103245,NY late,London,691.8333333333334,74.08333333333333,True,False,False,False,0.5899999999996908,4104.05,3983.545,1,DOWN,1630.0,1.300000000000182,25.0,True,True,4020.165,False,AR only
2026-07-16,A1,4061.21,4023.21,38.0,4030.7,3986.105,DOWN,4061.21,3969.345,1784162250,1784230695,Asia,NY late,-382.5,758.25,False,False,False,True,0.5700000000001637,4081.52,4017.475,1,DOWN,1885.0,0.1799999999998363,5.0,True,True,4023.03,False,AR only
2026-07-17,A1,4008.795,3970.74,38.05500000000029,3999.43,4017.315,UP,4023.835,3959.8,1784305475,1784293300,NY late,post-London,564.5833333333334,361.6666666666667,False,False,False,False,0.5799999999999272,4061.21,3969.345,0,,,,,,,,,none
2026-07-20,A1,4028.94,3982.63,46.309999999999945,4003.785,4010.055,UP,4040.815,3982.63,1784547275,1784505745,post-London,Asia,274.5833333333333,-417.5833333333333,False,False,True,False,0.5799999999999272,4023.835,3959.8,1,UP,5090.0,1.9349999999999454,20.0,True,True,4030.875,True,"both, PD first"
2026-07-21,A1,4084.305,4003.565,80.73999999999978,4078.65,4080.71,UP,4087.135,4003.565,1784658425,1784592010,NY late,Asia,687.0833333333334,-419.8333333333333,False,False,True,False,0.5399999999999636,4040.815,3982.63,0,,,,,,,,,PD only
2026-07-22,A1,4141.715,4076.755,64.96000000000004,4116.565,4133.495,UP,4166.13,4076.755,1784735545,1784678465,post-London,Asia,532.4166666666666,-418.9166666666667,False,False,True,False,0.5,4087.135,4003.565,0,,,,,,,,,PD only
2026-07-23,A1,4141.275,4112.315,28.960000000000036,4118.69,4047.29,DOWN,4141.275,4040.185,1784770060,1784815735,Asia,post-London,-332.3333333333333,428.9166666666667,False,False,False,True,0.5599999999999454,4166.13,4076.755,1,DOWN,455.0,0.464999999999236,5.0,True,True,4111.85,False,AR only
2026-07-24,A1,4051.01,4022.06,28.950000000000273,4035.855,4052.81,UP,4082.16,4022.06,1784906440,1784872645,post-London,Asia,500.6666666666667,-62.583333333333336,False,False,True,False,0.5399999999999636,4141.275,4040.185,1,UP,1645.0,0.04999999999972715,5.0,True,True,4051.06,False,"both, PD first"
2026-07-27,A1,4116.185,4084.49,31.69500000000062,4095.98,4073.385,DOWN,4116.185,4065.415,1785111295,1785163380,Asia,post-London,-405.0833333333333,463.0,False,False,False,True,0.5200000000004366,4082.16,4022.06,0,,,,,,,,,PD only
2026-07-28,A1,4074.26,4034.795,39.465000000000146,4048.395,4024.945,DOWN,4074.26,4011.765,1785196805,1785248585,Asia,post-London,-419.9166666666667,443.0833333333333,False,False,False,True,0.5900000000001455,4116.185,4065.415,1,DOWN,9320.0,17.68000000000029,10500.0,True,False,4017.115,True,"both, PD first"
2026-07-29,A1,4044.845,4010.41,34.434999999999945,4041.2,4084.585,UP,4116.415,3996.055,1785351725,1785334390,NY late,post-London,722.0833333333334,433.1666666666667,False,False,False,False,0.5199999999999818,4074.26,4011.765,1,UP,380.0,0.125,5.0,True,True,4044.97,False,AR only
2026-07-30,A1,4092.955,4028.69,64.26499999999987,4036.54,4105.985,UP,4120.495,4028.69,1785420075,1785389910,post-London,Asia,421.25,-81.5,False,False,True,False,0.6100000000001273,4116.415,3996.055,0,,,,,,,,,none
2026-07-31,A1,4107.225,4072.145,35.08000000000038,4077.735,4045.165,DOWN,4107.225,4020.975,1785456000,1785506935,Asia,post-London,-420.0,428.9166666666667,False,False,False,True,0.6199999999998909,4120.495,4028.69,1,DOWN,1785.0,0.01499999999987267,5.0,True,True,4072.13,False,AR only
2026-08-03,A1,4079.185,4047.345,31.840000000000146,4063.95,4053.96,DOWN,4079.185,4019.24,1785715290,1785764300,Asia,post-London,-418.5,398.3333333333333,False,False,False,True,0.5900000000001455,4107.225,4020.975,1,DOWN,9140.0,0.09999999999990905,5.0,True,True,4047.245,False,AR only
2026-08-04,A1,4069.465,4042.72,26.745000000000346,4063.58,4072.605,UP,4106.475,4042.72,1785863175,1785805600,NY late,Asia,606.25,-353.3333333333333,False,False,True,False,0.5399999999999636,4079.185,4019.24,1,UP,3820.0,3.5049999999996544,85.0,True,True,4072.97,False,AR only
2026-08-05,A1,4178.565,4070.505,108.05999999999949,4177.645,4278.305,UP,4282.05,4070.505,1785973440,1785888060,post-break,Asia,1004.0,-419.0,False,False,True,False,0.5299999999997453,4106.475,4042.72,1,UP,0.0,0.9700000000002547,10.0,True,True,4179.535,True,"both, same bar"
2026-08-06,A1,4304.285,4247.24,57.04500000000007,4256.22,4252.425,DOWN,4304.285,4223.505,1785981940,1786033520,Asia,NY late,-294.3333333333333,565.3333333333334,False,False,False,True,0.5100000000002183,4282.05,4070.505,0,,,,,,,,,PD only
2026-08-07,A1,4298.945,4229.875,69.06999999999971,4297.3,4341.935,UP,4371.84,4229.875,1786107050,1786064345,post-London,Asia,350.8333333333333,-360.9166666666667,False,False,True,False,0.5700000000006185,4304.285,4223.505,1,UP,4390.0,1.4400000000005093,30.0,True,True,4300.385,False,"both, AR first"
2026-08-10,A1,4359.935,4313.43,46.50500000000011,4358.22,4402.355,UP,4402.715,4313.43,1786406385,1786326095,post-break,Asia,1019.75,-318.4166666666667,False,False,True,False,0.5799999999999272,4371.84,4229.875,1,UP,2365.0,0.16499999999996362,5.0,True,True,4360.1,False,AR only
2026-08-11,A1,4435.245,4359.675,75.56999999999971,4366.315,4371.645,UP,4435.245,4356.7,1786414575,1786435145,Asia,London,-283.75,59.083333333333336,True,False,False,True,0.5399999999999636,4402.715,4313.43,1,DOWN,1165.0,1.6500000000005457,5.0,True,True,4358.025,False,AR only
2026-08-12,A1,4416.25,4366.54,49.710000000000036,4403.545,4414.515,UP,4441.315,4366.54,1786539615,1786492945,post-London,Asia,360.25,-417.5833333333333,False,False,True,False,0.5200000000004366,4435.245,4356.7,1,UP,8155.0,1.7349999999996726,10.0,True,True,4417.985,False,AR only
2026-08-13,A1,4449.83,4369.035,80.79500000000007,4381.06,4356.475,DOWN,4449.83,4343.65,1786581275,1786648510,Asia,NY late,-385.4166666666667,735.1666666666666,False,False,False,True,0.5299999999997453,4441.315,4366.54,1,DOWN,3620.0,0.17000000000007276,5.0,True,True,4368.865,False,"both, AR first"
2026-08-14,A1,4362.045,4311.04,51.00500000000011,4335.76,4376.82,UP,4397.06,4311.04,1786714740,1786685405,post-London,Asia,399.0,-89.91666666666667,False,False,True,False,0.5299999999997453,4449.83,4343.65,0,,,,,,,,,PD only
2026-08-17,A1,4416.55,4368.1,48.44999999999982,4403.085,4426.12,UP,4428.89,4368.1,1786983015,1786924865,NY late,Asia,550.25,-418.9166666666667,False,False,True,False,0.5199999999995271,4397.06,4311.04,0,,,,,,,,,PD only
2026-08-18,A1,4436.23,4386.185,50.04499999999916,4398.92,4333.105,DOWN,4436.23,4327.27,1787014875,1787096025,Asia,post-break,-358.75,993.75,False,False,False,True,0.5149999999998727,4428.89,4368.1,0,,,,,,,,,none
2026-08-19,A1,4362.165,4324.68,37.48499999999967,4349.095,4511.74,UP,4524.34,4324.68,1787172935,1787101340,NY late,Asia,835.5833333333334,-357.6666666666667,False,False,True,False,0.4900000000006912,4436.23,4327.27,1,UP,2180.0,1.175000000000182,25.0,True,True,4363.34,False,AR only
2026-08-20,A1,4521.44,4478.075,43.36499999999978,4493.89,4526.405,UP,4541.045,4450.745,1787239185,1787227620,post-London,post-London,499.75,307.0,False,False,False,False,0.48000000000047294,4524.34,4324.68,0,,,,,,,,,none
2026-08-21,A1,4567.785,4508.995,58.789999999999964,4560.955,4602.99,UP,4632.145,4508.995,1787332155,1787274000,NY late,Asia,609.25,-360.0,False,False,True,False,0.4900000000006912,4541.045,4450.745,1,UP,1330.0,0.18000000000029104,5.0,True,True,4567.965,True,"both, PD first"
2026-08-24,A1,4660.125,4594.515,65.60999999999967,4649.97,4679.93,UP,4682.785,4594.515,1787615415,1787531240,post-break,Asia,1010.25,-392.6666666666667,False,False,True,False,0.5600000000004002,4632.145,4508.995,0,,,,,,,,,PD only
2026-08-25,A1,4697.105,4617.28,79.82499999999982,4638.3,4654.945,UP,4697.105,4605.29,1787618555,1787665655,Asia,post-London,-377.4166666666667,407.5833333333333,False,False,False,True,0.47000000000025466,4682.785,4594.515,0,,,,,,,,,none
2026-08-26,A1,4670.83,4624.71,46.11999999999989,4634.375,4623.7,DOWN,4670.83,4583.065,1787712215,1787757415,Asia,post-London,-256.4166666666667,496.9166666666667,False,False,False,True,0.47999999999956344,4697.105,4605.29,1,DOWN,4500.0,1.7449999999998909,45.0,True,True,4622.965,False,AR only
2026-08-27,A1,4643.21,4597.915,45.29500000000007,4600.265,4594.59,DOWN,4643.21,4564.27,1787796105,1787838525,Asia,post-London,-298.25,408.75,False,False,False,True,0.5100000000002183,4670.83,4583.065,1,DOWN,1115.0,0.7349999999996726,20.0,True,True,4597.18,False,"both, AR first"
2026-08-28,A1,4613.22,4571.66,41.5600000000004,4612.55,4454.99,DOWN,4631.98,4445.455,1787925620,1787942610,post-London,NY late,420.3333333333333,703.5,False,False,False,False,0.5,4643.21,4564.27,1,UP,15.0,0.21500000000014552,5.0,True,True,4613.435,False,AR only
2026-08-31,A1,4472.165,4396.525,75.64000000000033,4439.44,4452.35,UP,4472.165,4396.525,1788136825,1788144520,Asia,Asia,-379.5833333333333,-251.33333333333334,False,False,True,True,0.5100000000002183,4631.98,4445.455,0,,,,,,,,,PD only
2026-09-01,A1,4461.7,4423.705,37.99499999999989,4429.755,4324.465,DOWN,4461.7,4322.745,1788222085,1788291600,Asia,NY late,-398.5833333333333,760.0,False,False,False,True,0.569999999999709,4472.165,4396.525,1,DOWN,1825.0,4.619999999999891,35.0,True,True,4419.085,False,"both, AR first"
2026-09-02,A1,4334.59,4282.625,51.965000000000146,4321.875,4385.73,UP,4397.75,4282.625,1788358240,1788320105,post-London,Asia,430.6666666666667,-204.91666666666666,False,False,True,False,0.5199999999995271,4461.7,4322.745,0,,,,,,,,,PD only
2026-09-03,A1,4440.355,4382.505,57.849999999999454,4420.61,4480.16,UP,4510.93,4382.505,1788448835,1788395700,post-London,Asia,500.5833333333333,-385.0,False,False,True,False,0.5900000000001455,4397.75,4282.625,1,UP,3845.0,0.8300000000008367,5.0,True,True,4441.185,True,"both, PD first"
2026-09-04,A1,4487.545,4460.155,27.390000000000327,4462.915,4429.825,DOWN,4490.895,4365.57,1788508120,1788526860,London,post-London,48.666666666666664,361.0,False,True,False,False,0.5300000000006548,4510.93,4382.505,1,UP,2765.0,0.8500000000003638,10.0,True,True,4488.395,False,AR only
2026-09-07,A1,4429.605,4385.33,44.274999999999636,4392.945,4423.085,UP,4429.605,4381.24,1788742110,1788780875,Asia,post-London,-371.5,274.5833333333333,False,False,False,True,0.5,4490.895,4365.57,0,,,,,,,,,none
2026-09-08,A1,4442.98,4398.325,44.654999999999745,4403.705,4350.1,DOWN,4442.98,4345.06,1788840345,1788900595,Asia,NY late,-174.25,829.9166666666666,False,False,False,True,0.5600000000004002,4429.605,4381.24,1,DOWN,2090.0,1.0799999999999272,35.0,True,True,4397.245,False,AR only
2026-09-09,A1,4406.185,4341.255,64.93000000000029,4400.665,4394.275,DOWN,4434.175,4341.255,1788960755,1788913520,post-London,Asia,392.5833333333333,-394.6666666666667,False,False,True,False,0.4500000000007276,4442.98,4345.06,1,UP,835.0,1.6599999999998545,30.0,True,True,4407.845,False,AR only
2026-09-10,A1,4435.045,4389.735,45.3100000000004,4425.205,4315.38,DOWN,4435.045,4311.345,1789020000,1789084525,Asia,post-break,-60.0,1015.4166666666666,False,False,False,True,0.5,4434.175,4341.255,1,DOWN,9685.0,0.0999999999994543,5.0,True,True,4389.635,False,AR only
2026-09-11,A1,4361.15,4300.795,60.35499999999956,4353.21,4349.42,DOWN,4402.63,4292.11,1789135200,1789129815,post-London,post-London,420.0,330.25,False,False,False,False,0.6300000000001091,4435.045,4311.345,0,,,,,,,,,none
2026-09-14,A1,4355.405,4320.69,34.715000000000146,4322.29,4288.375,DOWN,4355.405,4253.635,1789353280,1789391345,Asia,post-London,-265.3333333333333,369.0833333333333,False,False,False,True,0.5999999999994543,4402.63,4292.11,1,DOWN,25.0,1.1299999999991996,5.0,True,True,4319.56,False,"both, AR first"
2026-09-15,A1,4317.63,4283.37,34.26000000000022,4293.475,4283.565,DOWN,4317.63,4261.375,1789440595,1789462745,Asia,London,-250.08333333333334,119.08333333333333,True,False,False,True,0.4899999999997817,4355.405,4253.635,1,DOWN,2485.0,0.2650000000003274,5.0,True,True,4283.105,False,AR only
2026-09-16,A1,4341.135,4275.67,65.46500000000015,4333.105,4271.93,DOWN,4367.415,4235.165,1789581605,1789585855,NY late,NY late,660.0833333333334,730.9166666666666,False,False,False,False,0.5100000000002183,4317.63,4261.375,0,,,,,,,,,PD only
2026-09-17,A1,4318.29,4266.535,51.75500000000011,4310.85,4346.425,UP,4381.065,4266.535,1789648185,1789603320,post-London,Asia,329.75,-418.0,False,False,True,False,0.48500000000012733,4367.415,4235.165,1,UP,625.0,17.159999999999854,3760.0,True,True,4335.45,False,AR only
