strategy,entry_time,direction,entry_price,stop_loss,take_profit,exit_price,exit_time,outcome,pnl_pts,reason
ORB_NY,2024-12-31 13:15:00,BUY,94931.0,94059.4,96359.9,94059.4,2024-12-31 17:30:00,SL,-901.6,ORB_NY_UP
ORB_NY,2025-01-02 14:00:00,SELL,96351.8,96809.6,95729.0,96809.6,2025-01-02 14:30:00,SL,-487.8,ORB_NY_DN
ORB_NY,2025-01-02 15:00:00,BUY,97182.2,96499.7,97815.4,96499.7,2025-01-02 15:15:00,SL,-712.5,ORB_NY_UP
ORB_NY,2025-01-02 15:45:00,SELL,96237.6,96809.6,95618.2,96809.6,2025-01-02 16:15:00,SL,-602.0,ORB_NY_DN
ORB_NY,2025-01-02 18:30:00,BUY,96794.2,96499.7,97460.2,97460.2,2025-01-02 19:00:00,TP,636.0,ORB_NY_UP
ORB_NY,2025-01-03 13:30:00,SELL,96489.1,96838.8,95946.4,96838.8,2025-01-03 14:00:00,SL,-379.7,ORB_NY_DN
ORB_NY,2025-01-03 14:30:00,BUY,97034.9,96563.2,97586.1,97586.1,2025-01-03 15:45:00,TP,521.2,ORB_NY_UP
ORB_NY,2025-01-06 13:15:00,SELL,99021.0,99727.2,97772.6,99727.2,2025-01-06 14:45:00,SL,-736.2,ORB_NY_DN
ORB_NY,2025-01-07 13:30:00,BUY,100975.7,100618.8,101681.8,100618.8,2025-01-07 14:00:00,SL,-386.9,ORB_NY_UP
ORB_NY,2025-01-07 15:00:00,SELL,100044.9,100973.1,99331.2,99331.2,2025-01-07 15:00:00,TP,683.7,ORB_NY_DN
ORB_NY,2025-01-08 13:30:00,BUY,95513.5,94788.7,96552.0,94788.7,2025-01-08 15:15:00,SL,-754.8,ORB_NY_UP
ORB_NY,2025-01-08 16:00:00,BUY,95459.8,94788.7,96506.4,94788.7,2025-01-08 16:30:00,SL,-701.1,ORB_NY_UP
ORB_NY,2025-01-08 18:45:00,SELL,94351.4,95310.4,93313.4,95310.4,2025-01-09 01:15:00,SL,-989.0,ORB_NY_DN
ORB_NY,2025-01-09 13:15:00,SELL,93024.2,93646.9,91927.3,91927.3,2025-01-09 13:45:00,TP,1066.9,ORB_NY_DN
ORB_NY,2025-01-09 15:45:00,BUY,93896.5,93098.1,94995.8,93098.1,2025-01-09 17:45:00,SL,-828.4,ORB_NY_UP
ORB_NY,2025-01-09 19:30:00,SELL,92843.4,93646.9,91737.0,91737.0,2025-01-09 20:00:00,TP,1076.4,ORB_NY_DN
ORB_NY,2025-01-10 13:45:00,SELL,93534.7,95158.2,92598.8,92598.8,2025-01-10 15:00:00,TP,905.9,ORB_NY_DN
ORB_NY,2025-01-10 18:00:00,BUY,95807.7,94696.6,96738.6,94696.6,2025-01-10 18:30:00,SL,-1141.1,ORB_NY_UP
ORB_NY,2025-01-10 20:00:00,BUY,95334.2,94696.6,96260.6,94696.6,2025-01-10 20:30:00,SL,-667.6,ORB_NY_UP
ORB_NY,2025-01-13 13:15:00,BUY,91316.5,90157.0,93509.2,90157.0,2025-01-13 14:30:00,SL,-1189.5,ORB_NY_UP
ORB_NY,2025-01-13 15:00:00,BUY,91798.8,90157.0,93977.0,93977.0,2025-01-13 21:30:00,TP,2148.2,ORB_NY_UP
ORB_NY,2025-01-14 13:30:00,SELL,95875.7,96675.4,94357.4,96675.4,2025-01-14 13:30:00,SL,-829.7,ORB_NY_DN
ORB_NY,2025-01-14 14:30:00,BUY,96752.4,95918.5,98274.7,95918.5,2025-01-14 16:00:00,SL,-863.9,ORB_NY_UP
ORB_NY,2025-01-14 16:30:00,SELL,95814.1,96675.4,94300.6,96675.4,2025-01-14 18:30:00,SL,-891.3,ORB_NY_DN
ORB_NY,2025-01-15 13:30:00,BUY,97275.6,96522.9,98562.3,98562.3,2025-01-15 13:30:00,TP,1256.7,ORB_NY_UP
ORB_NY,2025-01-16 13:30:00,SELL,98835.2,99525.6,97530.8,97530.8,2025-01-16 14:45:00,TP,1274.4,ORB_NY_DN
ORB_NY,2025-01-16 16:30:00,BUY,99740.4,98873.5,101045.2,100136.8,2025-01-16 23:30:00,TIME,366.4,ORB_NY_UP
ORB_NY,2025-01-17 15:00:00,BUY,103413.3,102172.1,105053.1,105053.1,2025-01-17 16:30:00,TP,1609.8,ORB_NY_UP
ORB_NY,2025-01-20 16:00:00,SELL,104747.0,108610.4,98210.4,102596.9,2025-01-20 23:00:00,TIME,2120.1,ORB_NY_DN
ORB_NY,2025-01-21 14:30:00,BUY,105149.2,103524.1,107393.8,103524.1,2025-01-21 14:30:00,SL,-1655.1,ORB_NY_UP
ORB_NY,2025-01-21 15:00:00,SELL,103180.4,104646.6,100945.6,104646.6,2025-01-21 16:00:00,SL,-1496.2,ORB_NY_DN
ORB_NY,2025-01-22 13:15:00,SELL,104943.9,105609.0,103803.0,103803.0,2025-01-22 14:00:00,TP,1110.9,ORB_NY_DN
ORB_NY,2025-01-23 13:45:00,BUY,102160.8,101395.1,103692.4,103692.4,2025-01-23 14:30:00,TP,1501.6,ORB_NY_UP
ORB_NY,2025-01-24 13:45:00,SELL,105064.6,105633.6,104154.8,105633.6,2025-01-24 14:30:00,SL,-599.0,ORB_NY_DN
ORB_NY,2025-01-24 15:30:00,BUY,105689.2,105175.6,106614.0,106614.0,2025-01-24 17:45:00,TP,894.8,ORB_NY_UP
ORB_NY,2025-01-27 13:15:00,BUY,101667.8,98696.4,106095.6,100271.5,2025-01-27 20:15:00,TIME,-1426.3,ORB_NY_UP
ORB_NY,2025-01-28 14:15:00,SELL,101937.8,103004.2,100844.8,103004.2,2025-01-28 15:00:00,SL,-1096.4,ORB_NY_DN
ORB_NY,2025-01-28 15:30:00,BUY,103218.5,102461.2,104304.4,102461.2,2025-01-28 16:00:00,SL,-787.3,ORB_NY_UP
ORB_NY,2025-01-28 17:15:00,BUY,103068.4,102461.2,104147.6,102461.2,2025-01-28 17:30:00,SL,-637.2,ORB_NY_UP
ORB_NY,2025-01-28 18:15:00,BUY,103057.0,102461.2,104141.6,102461.2,2025-01-28 18:45:00,SL,-625.8,ORB_NY_UP
ORB_NY,2025-01-29 13:15:00,SELL,102132.8,102762.4,100955.6,102762.4,2025-01-29 17:30:00,SL,-659.6,ORB_NY_DN
ORB_NY,2025-01-29 19:00:00,BUY,102853.0,102173.2,104030.6,102173.2,2025-01-29 19:00:00,SL,-709.8,ORB_NY_UP
ORB_NY,2025-01-29 19:45:00,BUY,103451.9,102173.2,104614.9,104614.9,2025-01-29 20:15:00,TP,1133.0,ORB_NY_UP
ORB_NY,2025-01-30 14:15:00,SELL,104806.2,105316.9,103795.7,105316.9,2025-01-30 14:45:00,SL,-540.7,ORB_NY_DN
ORB_NY,2025-01-30 18:45:00,BUY,105407.8,104812.9,106428.8,104812.9,2025-01-30 21:00:00,SL,-624.9,ORB_NY_UP
ORB_NY,2025-01-31 14:45:00,SELL,104517.2,104949.1,103772.6,104949.1,2025-01-31 15:00:00,SL,-461.9,ORB_NY_DN
ORB_NY,2025-01-31 15:30:00,BUY,105229.1,104576.6,105975.6,105975.6,2025-01-31 15:45:00,TP,716.5,ORB_NY_UP
ORB_NY,2025-01-31 16:45:00,BUY,105014.0,104576.6,105759.2,104576.6,2025-01-31 17:00:00,SL,-467.4,ORB_NY_UP
ORB_NY,2025-01-31 17:30:00,BUY,105054.4,104576.6,105793.2,104576.6,2025-01-31 18:00:00,SL,-507.8,ORB_NY_UP
ORB_NY,2025-01-31 18:30:00,SELL,104037.2,104949.1,103299.8,103299.8,2025-01-31 18:30:00,TP,707.4,ORB_NY_DN
ORB_NY,2025-02-03 13:30:00,SELL,94444.2,95652.2,92703.9,95652.2,2025-02-03 14:30:00,SL,-1238.0,ORB_NY_DN
ORB_NY,2025-02-04 14:15:00,SELL,98809.9,99913.4,97209.5,99913.4,2025-02-04 14:30:00,SL,-1133.5,ORB_NY_DN
ORB_NY,2025-02-04 16:15:00,BUY,99995.2,99115.8,101599.5,99115.8,2025-02-04 17:00:00,SL,-909.4,ORB_NY_UP
ORB_NY,2025-02-04 17:30:00,SELL,98997.2,99913.4,97396.4,99913.4,2025-02-04 19:00:00,SL,-946.2,ORB_NY_DN
ORB_NY,2025-02-04 20:00:00,SELL,98951.2,99913.4,97364.0,97364.0,2025-02-04 21:15:00,TP,1557.2,ORB_NY_DN
ORB_NY,2025-02-05 14:45:00,BUY,98856.0,98057.2,100374.8,98057.2,2025-02-05 15:00:00,SL,-828.8,ORB_NY_UP
ORB_NY,2025-02-05 15:45:00,SELL,98042.8,98817.1,96524.6,96524.6,2025-02-05 19:00:00,TP,1488.2,ORB_NY_DN
ORB_NY,2025-02-06 13:15:00,SELL,98302.8,99093.6,96770.7,96770.7,2025-02-06 16:30:00,TP,1502.1,ORB_NY_DN
ORB_NY,2025-02-07 13:45:00,BUY,98335.9,97511.5,99437.6,99437.6,2025-02-07 14:00:00,TP,1071.7,ORB_NY_UP
ORB_NY,2025-02-07 16:30:00,BUY,98115.4,97511.5,99211.9,97511.5,2025-02-07 17:15:00,SL,-633.9,ORB_NY_UP
ORB_NY,2025-02-07 18:00:00,SELL,97431.2,98058.0,96338.0,98058.0,2025-02-07 18:30:00,SL,-656.8,ORB_NY_DN
ORB_NY,2025-02-07 19:15:00,SELL,97431.6,98058.0,96339.0,96339.0,2025-02-07 20:00:00,TP,1062.6,ORB_NY_DN
ORB_NY,2025-02-10 14:00:00,BUY,98273.6,97204.6,99527.1,97204.6,2025-02-10 14:45:00,SL,-1099.0,ORB_NY_UP
ORB_NY,2025-02-10 15:30:00,SELL,97100.8,97835.4,95843.6,97473.6,2025-02-10 22:30:00,TIME,-402.8,ORB_NY_DN
ORB_NY,2025-02-11 13:30:00,SELL,97577.4,98214.4,96537.6,96537.6,2025-02-11 16:15:00,TP,1009.8,ORB_NY_DN
ORB_NY,2025-02-12 13:30:00,BUY,96514.8,95936.6,97393.5,95936.6,2025-02-12 13:30:00,SL,-608.2,ORB_NY_UP
ORB_NY,2025-02-12 17:00:00,BUY,97029.1,95936.6,97902.7,97902.7,2025-02-12 21:30:00,TP,843.6,ORB_NY_UP
ORB_NY,2025-02-13 14:00:00,BUY,96100.3,95735.6,96821.2,95735.6,2025-02-13 14:30:00,SL,-394.7,ORB_NY_UP
ORB_NY,2025-02-13 15:45:00,BUY,96476.7,95735.6,97193.0,95735.6,2025-02-13 16:00:00,SL,-771.1,ORB_NY_UP
ORB_NY,2025-02-13 16:30:00,SELL,95491.8,96093.8,94772.1,96093.8,2025-02-13 19:00:00,SL,-632.0,ORB_NY_DN
ORB_NY,2025-02-13 20:00:00,SELL,95645.9,96093.8,94927.4,96093.8,2025-02-13 20:15:00,SL,-477.9,ORB_NY_DN
ORB_NY,2025-02-14 14:45:00,BUY,97123.6,96527.2,97833.0,96527.2,2025-02-14 15:15:00,SL,-626.4,ORB_NY_UP
ORB_NY,2025-02-14 16:00:00,BUY,96958.7,96527.2,97674.3,96527.2,2025-02-14 16:15:00,SL,-461.5,ORB_NY_UP
ORB_NY,2025-02-14 17:00:00,BUY,97681.4,96527.2,98404.6,98404.6,2025-02-14 17:45:00,TP,693.2,ORB_NY_UP
ORB_NY,2025-02-17 14:15:00,BUY,96937.4,96050.7,97938.8,96050.7,2025-02-17 15:45:00,SL,-916.7,ORB_NY_UP
ORB_NY,2025-02-18 13:15:00,BUY,96361.2,95589.9,97746.7,95589.9,2025-02-18 14:45:00,SL,-801.3,ORB_NY_UP
ORB_NY,2025-02-19 14:45:00,SELL,95997.9,96472.9,95343.1,96472.9,2025-02-19 20:15:00,SL,-505.0,ORB_NY_DN
ORB_NY,2025-02-20 14:00:00,BUY,97604.0,97209.0,98299.9,97209.0,2025-02-20 14:45:00,SL,-425.0,ORB_NY_UP
ORB_NY,2025-02-20 16:00:00,SELL,96939.8,97557.2,96250.1,97557.2,2025-02-20 16:00:00,SL,-647.4,ORB_NY_DN
ORB_NY,2025-02-20 16:30:00,BUY,97741.4,97209.0,98437.7,98437.7,2025-02-20 18:15:00,TP,666.3,ORB_NY_UP
ORB_NY,2025-02-21 13:15:00,BUY,99326.8,98575.6,100209.8,98575.6,2025-02-21 14:30:00,SL,-781.2,ORB_NY_UP
ORB_NY,2025-02-21 15:15:00,BUY,99262.3,98575.6,100114.4,98575.6,2025-02-21 15:15:00,SL,-716.7,ORB_NY_UP
ORB_NY,2025-02-21 16:30:00,SELL,98342.0,99002.1,97490.0,97490.0,2025-02-21 17:30:00,TP,822.0,ORB_NY_DN
ORB_NY,2025-02-24 13:30:00,BUY,95973.6,95671.2,96566.6,95671.2,2025-02-24 13:45:00,SL,-332.4,ORB_NY_UP
ORB_NY,2025-02-25 14:00:00,SELL,88789.4,89503.8,87559.9,87559.9,2025-02-25 14:45:00,TP,1199.5,ORB_NY_DN
ORB_NY,2025-02-26 14:00:00,SELL,87101.4,88613.6,84909.5,84909.5,2025-02-26 18:30:00,TP,2161.9,ORB_NY_DN
ORB_NY,2025-02-27 14:00:00,SELL,86026.6,86716.4,84905.4,84905.4,2025-02-27 14:45:00,TP,1091.2,ORB_NY_DN
ORB_NY,2025-02-28 13:15:00,BUY,80928.2,80020.8,82507.8,82507.8,2025-02-28 14:45:00,TP,1549.6,ORB_NY_UP
ORB_NY,2025-03-03 13:45:00,BUY,93630.2,92666.8,94814.4,92666.8,2025-03-03 14:30:00,SL,-993.4,ORB_NY_UP
ORB_NY,2025-03-04 13:15:00,SELL,83197.3,83936.8,81725.1,83936.8,2025-03-04 14:30:00,SL,-769.5,ORB_NY_DN
ORB_NY,2025-03-04 15:00:00,SELL,83074.2,83936.8,81613.0,81613.0,2025-03-04 15:15:00,TP,1431.2,ORB_NY_DN
ORB_NY,2025-03-04 17:30:00,BUY,84682.3,83200.6,86157.7,86157.7,2025-03-04 18:45:00,TP,1445.4,ORB_NY_UP
ORB_NY,2025-03-05 13:15:00,SELL,89721.7,90930.0,87468.2,90010.5,2025-03-05 20:15:00,TIME,-318.8,ORB_NY_DN
ORB_NY,2025-03-06 14:00:00,SELL,89524.0,91380.6,86352.5,91380.6,2025-03-06 15:15:00,SL,-1886.6,ORB_NY_DN
ORB_NY,2025-03-06 17:00:00,SELL,89290.8,91380.6,86096.3,90200.0,2025-03-07 00:00:00,TIME,-939.2,ORB_NY_DN
ORB_NY,2025-03-07 13:15:00,BUY,89440.4,88280.1,91584.2,88280.1,2025-03-07 15:30:00,SL,-1190.3,ORB_NY_UP
ORB_NY,2025-03-07 16:30:00,SELL,87443.9,89345.6,85308.1,85308.1,2025-03-09 21:00:00,TP,2105.8,ORB_NY_DN
ORB_NY,2025-03-10 14:00:00,SELL,81517.9,83782.0,79197.6,79197.6,2025-03-10 14:45:00,TP,2290.3,ORB_NY_DN
ORB_NY,2025-03-11 13:15:00,SELL,80734.2,81907.2,78992.3,81907.2,2025-03-11 13:15:00,SL,-1203.0,ORB_NY_DN
ORB_NY,2025-03-11 14:00:00,SELL,80882.0,81907.2,79125.6,79125.6,2025-03-11 14:30:00,TP,1726.4,ORB_NY_DN
ORB_NY,2025-03-11 15:30:00,SELL,80848.2,81907.2,79102.8,81907.2,2025-03-11 18:00:00,SL,-1089.0,ORB_NY_DN
ORB_NY,2025-03-12 14:00:00,SELL,82680.8,84485.5,79378.3,83268.7,2025-03-12 21:00:00,TIME,-617.9,ORB_NY_DN
ORB_NY,2025-03-13 14:00:00,SELL,81737.0,83841.4,78559.6,80419.1,2025-03-13 21:00:00,TIME,1287.9,ORB_NY_DN
ORB_NY,2025-03-14 14:00:00,BUY,83591.6,83048.2,84554.8,83048.2,2025-03-14 14:00:00,SL,-573.4,ORB_NY_UP
ORB_NY,2025-03-14 15:00:00,BUY,83547.2,83048.2,84512.0,84512.0,2025-03-14 15:00:00,TP,934.8,ORB_NY_UP
ORB_NY,2025-03-17 13:30:00,SELL,82936.7,84049.0,80808.8,84049.0,2025-03-17 17:30:00,SL,-1142.3,ORB_NY_DN
ORB_NY,2025-03-18 13:15:00,SELL,82299.0,82830.8,81297.6,81297.6,2025-03-18 13:45:00,TP,971.4,ORB_NY_DN
ORB_NY,2025-03-19 13:30:00,BUY,83939.4,83510.5,84776.8,84776.8,2025-03-19 15:45:00,TP,807.4,ORB_NY_UP
ORB_NY,2025-03-20 13:30:00,SELL,85133.0,85567.0,84364.0,85567.0,2025-03-20 13:30:00,SL,-464.0,ORB_NY_DN
ORB_NY,2025-03-20 14:15:00,BUY,85981.6,85182.6,86743.0,85182.6,2025-03-20 15:30:00,SL,-829.0,ORB_NY_UP
ORB_NY,2025-03-24 13:15:00,SELL,87193.8,87718.2,86251.5,87718.2,2025-03-24 13:45:00,SL,-554.4,ORB_NY_DN
ORB_NY,2025-03-24 14:15:00,BUY,88366.0,87246.9,89311.5,88266.0,2025-03-24 21:15:00,TIME,-130.0,ORB_NY_UP
ORB_NY,2025-03-25 13:30:00,BUY,87719.6,86950.8,88799.8,88075.2,2025-03-25 20:30:00,TIME,325.6,ORB_NY_UP
ORB_NY,2025-03-26 13:30:00,SELL,87516.4,88058.2,86606.8,86606.8,2025-03-26 14:15:00,TP,879.6,ORB_NY_DN
ORB_NY,2025-03-27 13:15:00,SELL,86657.1,87125.4,85838.7,85838.7,2025-03-27 13:30:00,TP,788.4,ORB_NY_DN
ORB_NY,2025-03-27 15:00:00,BUY,87295.8,86715.9,88121.2,87410.1,2025-03-27 22:00:00,TIME,84.3,ORB_NY_UP
ORB_NY,2025-03-28 14:15:00,SELL,84420.2,85571.7,83016.0,83016.0,2025-03-30 21:00:00,TP,1374.2,ORB_NY_DN
ORB_NY,2025-03-31 13:45:00,SELL,81905.2,83177.0,79370.0,83177.0,2025-03-31 14:00:00,SL,-1301.8,ORB_NY_DN
ORB_NY,2025-03-31 15:00:00,BUY,83502.5,81908.4,86040.9,82419.5,2025-03-31 22:00:00,TIME,-1113.0,ORB_NY_UP
ORB_NY,2025-04-01 14:15:00,SELL,82785.9,84167.8,81644.9,84167.8,2025-04-01 14:45:00,SL,-1411.9,ORB_NY_DN
ORB_NY,2025-04-02 13:45:00,BUY,85458.5,84449.5,86672.9,86672.9,2025-04-02 15:30:00,TP,1184.4,ORB_NY_UP
ORB_NY,2025-04-03 14:15:00,SELL,81753.4,83147.3,79136.5,82540.7,2025-04-03 21:15:00,TIME,-817.3,ORB_NY_DN
ORB_NY,2025-04-04 14:00:00,BUY,83340.2,82199.5,85361.6,82199.5,2025-04-04 14:30:00,SL,-1170.7,ORB_NY_UP
ORB_NY,2025-04-04 15:15:00,BUY,83517.7,82199.5,85524.2,82199.5,2025-04-06 21:00:00,SL,-1348.2,ORB_NY_UP
ORB_NY,2025-04-07 13:45:00,SELL,76005.6,77649.8,73482.6,77649.8,2025-04-07 13:45:00,SL,-1674.2,ORB_NY_DN
ORB_NY,2025-04-07 17:15:00,BUY,78188.2,76386.7,80714.9,79322.8,2025-04-08 00:15:00,TIME,1104.6,ORB_NY_UP
ORB_NY,2025-04-08 13:30:00,BUY,80170.6,79570.6,81284.9,79570.6,2025-04-08 13:30:00,SL,-630.0,ORB_NY_UP
ORB_NY,2025-04-08 14:30:00,SELL,79422.2,80135.2,78289.6,78289.6,2025-04-08 15:00:00,TP,1102.6,ORB_NY_DN
ORB_NY,2025-04-09 13:45:00,BUY,77205.0,75978.4,79274.2,79274.2,2025-04-09 17:15:00,TP,2039.2,ORB_NY_UP
ORB_NY,2025-04-10 13:45:00,SELL,80832.1,82397.4,78828.2,78828.2,2025-04-10 15:45:00,TP,1973.9,ORB_NY_DN
ORB_NY,2025-04-11 13:45:00,BUY,82920.4,81770.7,84409.6,81770.7,2025-04-11 14:15:00,SL,-1179.7,ORB_NY_UP
ORB_NY,2025-04-11 16:45:00,BUY,82952.6,81770.7,84453.7,83740.2,2025-04-13 23:45:00,TIME,757.6,ORB_NY_UP
ORB_NY,2025-04-14 13:45:00,SELL,84427.8,85216.4,83452.4,85216.4,2025-04-14 14:30:00,SL,-818.6,ORB_NY_DN
ORB_NY,2025-04-14 15:15:00,SELL,84513.8,85216.4,83560.1,84453.9,2025-04-14 22:15:00,TIME,29.9,ORB_NY_DN
ORB_NY,2025-04-15 13:30:00,BUY,85842.7,85451.0,86583.6,85451.0,2025-04-15 14:00:00,SL,-421.7,ORB_NY_UP
ORB_NY,2025-04-15 14:30:00,SELL,84966.4,85826.2,84215.6,84215.6,2025-04-15 18:15:00,TP,720.8,ORB_NY_DN
ORB_NY,2025-04-16 14:30:00,BUY,84369.0,83707.8,85481.7,85481.7,2025-04-16 17:15:00,TP,1082.7,ORB_NY_UP
ORB_NY,2025-04-16 18:00:00,SELL,83275.2,84262.9,82165.2,84262.9,2025-04-16 18:00:00,SL,-1017.7,ORB_NY_DN
ORB_NY,2025-04-16 20:00:00,BUY,84310.8,83707.8,85449.1,84155.6,2025-04-17 03:00:00,TIME,-185.2,ORB_NY_UP
ORB_NY,2025-04-17 13:45:00,SELL,84559.6,84888.8,83952.8,83952.8,2025-04-17 14:30:00,TP,576.8,ORB_NY_DN
ORB_NY,2025-04-17 15:30:00,SELL,84448.0,84888.8,83816.4,84888.8,2025-04-17 16:15:00,SL,-470.8,ORB_NY_DN
ORB_NY,2025-04-17 17:00:00,BUY,84925.2,84582.4,85538.3,84582.4,2025-04-17 19:30:00,SL,-372.8,ORB_NY_UP
ORB_NY,2025-04-18 13:15:00,SELL,84563.2,84776.0,84168.8,84514.5,2025-04-18 20:15:00,TIME,18.7,ORB_NY_DN
ORB_NY,2025-04-21 13:15:00,SELL,86962.6,87581.2,85814.0,87581.2,2025-04-21 13:30:00,SL,-648.6,ORB_NY_DN
ORB_NY,2025-04-21 14:15:00,BUY,87734.2,87005.1,88889.0,87005.1,2025-04-21 17:00:00,SL,-759.1,ORB_NY_UP
ORB_NY,2025-04-21 17:45:00,SELL,86980.8,87581.2,85831.6,87581.2,2025-04-21 23:45:00,SL,-630.4,ORB_NY_DN
ORB_NY,2025-04-22 13:15:00,BUY,89709.4,88491.6,91332.2,91332.2,2025-04-22 15:00:00,TP,1592.8,ORB_NY_UP
ORB_NY,2025-04-23 13:15:00,BUY,94038.2,93449.3,94989.0,93449.3,2025-04-23 13:30:00,SL,-618.9,ORB_NY_UP
ORB_NY,2025-04-23 14:00:00,SELL,93067.0,93929.5,92063.4,92063.4,2025-04-23 15:15:00,TP,973.6,ORB_NY_DN
ORB_NY,2025-04-23 18:00:00,BUY,93961.5,93449.3,94920.9,93449.3,2025-04-23 19:00:00,SL,-542.2,ORB_NY_UP
ORB_NY,2025-04-24 13:45:00,BUY,92896.7,92314.8,93990.2,93540.0,2025-04-24 20:45:00,TIME,613.3,ORB_NY_UP
ORB_NY,2025-04-25 13:30:00,SELL,94271.8,95067.8,92838.8,95067.8,2025-04-25 14:00:00,SL,-826.0,ORB_NY_DN
ORB_NY,2025-04-25 14:45:00,BUY,95386.8,94357.3,96815.2,94357.3,2025-04-27 21:00:00,SL,-1059.5,ORB_NY_UP
ORB_NY,2025-04-28 13:30:00,SELL,95096.7,95665.2,93970.4,93970.4,2025-04-28 13:45:00,TP,1096.3,ORB_NY_DN
ORB_NY,2025-04-29 14:30:00,SELL,94777.6,95221.6,93984.3,95221.6,2025-04-29 14:30:00,SL,-474.0,ORB_NY_DN
ORB_NY,2025-04-29 16:45:00,BUY,95435.1,94822.5,96252.6,94822.5,2025-04-29 17:00:00,SL,-642.6,ORB_NY_UP
ORB_NY,2025-04-29 17:30:00,BUY,95227.0,94822.5,96025.6,94822.5,2025-04-29 21:00:00,SL,-434.5,ORB_NY_UP
ORB_NY,2025-04-30 13:15:00,SELL,94298.2,95254.2,92514.0,94745.5,2025-04-30 20:15:00,TIME,-477.3,ORB_NY_DN
ORB_NY,2025-05-01 13:15:00,BUY,96589.0,96172.6,97312.9,96172.6,2025-05-01 13:30:00,SL,-446.4,ORB_NY_UP
ORB_NY,2025-05-01 14:00:00,SELL,95946.6,96547.4,95088.2,96547.4,2025-05-01 14:30:00,SL,-630.8,ORB_NY_DN
ORB_NY,2025-05-01 15:00:00,BUY,96902.6,96172.6,97658.8,96636.5,2025-05-01 22:00:00,TIME,-296.1,ORB_NY_UP
ORB_NY,2025-05-02 14:45:00,BUY,97441.0,96717.4,98538.4,96717.4,2025-05-04 21:00:00,SL,-753.6,ORB_NY_UP
ORB_NY,2025-05-05 13:45:00,SELL,93868.1,94398.1,92913.2,94398.1,2025-05-05 14:00:00,SL,-560.0,ORB_NY_DN
ORB_NY,2025-05-05 15:00:00,SELL,93895.1,94398.1,92942.0,94398.1,2025-05-05 17:15:00,SL,-533.0,ORB_NY_DN
ORB_NY,2025-05-05 17:45:00,BUY,94450.8,93921.0,95417.3,93921.0,2025-05-05 20:30:00,SL,-559.8,ORB_NY_UP
ORB_NY,2025-05-06 13:15:00,SELL,93701.6,94023.6,93102.9,94023.6,2025-05-06 14:00:00,SL,-352.0,ORB_NY_DN
ORB_NY,2025-05-06 14:30:00,BUY,94320.2,93724.4,94914.7,94914.7,2025-05-06 18:15:00,TP,564.5,ORB_NY_UP
ORB_NY,2025-05-07 13:15:00,SELL,96836.4,97205.4,96174.0,97205.4,2025-05-07 13:30:00,SL,-399.0,ORB_NY_DN
ORB_NY,2025-05-07 14:15:00,BUY,97223.6,96872.4,97888.9,96872.4,2025-05-07 14:45:00,SL,-381.2,ORB_NY_UP
ORB_NY,2025-05-07 16:15:00,SELL,96820.5,97205.4,96155.8,96155.8,2025-05-07 18:00:00,TP,634.7,ORB_NY_DN
ORB_NY,2025-05-08 14:15:00,SELL,99191.5,99557.8,98577.9,99557.8,2025-05-08 14:30:00,SL,-396.3,ORB_NY_DN
ORB_NY,2025-05-08 15:15:00,BUY,99755.3,99251.8,100395.8,100395.8,2025-05-08 15:15:00,TP,610.5,ORB_NY_UP
ORB_NY,2025-05-09 13:45:00,BUY,103267.1,102805.1,104012.2,102805.1,2025-05-09 14:15:00,SL,-492.0,ORB_NY_UP
ORB_NY,2025-05-09 16:30:00,SELL,102781.7,103179.5,102031.3,103179.5,2025-05-09 17:30:00,SL,-427.8,ORB_NY_DN
ORB_NY,2025-05-09 18:00:00,BUY,103222.8,102805.1,103971.0,103971.0,2025-05-11 21:00:00,TP,718.2,ORB_NY_UP
ORB_NY,2025-05-12 13:15:00,BUY,104230.6,103720.5,105121.1,103720.5,2025-05-12 13:30:00,SL,-540.1,ORB_NY_UP
ORB_NY,2025-05-12 14:00:00,BUY,104383.4,103720.5,105248.1,103720.5,2025-05-12 14:15:00,SL,-692.9,ORB_NY_UP
ORB_NY,2025-05-13 14:15:00,SELL,103107.3,104007.3,102026.7,104007.3,2025-05-13 16:00:00,SL,-930.0,ORB_NY_DN
ORB_NY,2025-05-13 17:45:00,BUY,104079.9,103469.1,105155.6,103919.0,2025-05-14 00:45:00,TIME,-190.9,ORB_NY_UP
ORB_NY,2025-05-14 13:45:00,SELL,103760.4,104262.6,103085.6,103085.6,2025-05-14 14:30:00,TP,644.8,ORB_NY_DN
ORB_NY,2025-05-15 14:00:00,SELL,102175.6,102888.0,100992.2,102888.0,2025-05-15 15:30:00,SL,-742.4,ORB_NY_DN
ORB_NY,2025-05-15 19:15:00,BUY,103024.7,102293.5,104244.8,104244.8,2025-05-16 02:00:00,TP,1190.1,ORB_NY_UP
ORB_NY,2025-05-16 14:00:00,BUY,103926.5,103526.1,104672.4,103526.1,2025-05-16 14:30:00,SL,-430.4,ORB_NY_UP
ORB_NY,2025-05-16 15:15:00,BUY,104167.0,103526.1,104784.9,104784.9,2025-05-18 22:15:00,TP,587.9,ORB_NY_UP
ORB_NY,2025-05-19 13:45:00,BUY,103064.5,102173.2,104710.2,104710.2,2025-05-19 15:15:00,TP,1615.7,ORB_NY_UP
ORB_NY,2025-05-20 13:15:00,SELL,104640.1,105257.2,103517.8,105257.2,2025-05-20 15:30:00,SL,-647.1,ORB_NY_DN
ORB_NY,2025-05-20 16:00:00,BUY,105389.0,104694.4,106515.5,106515.5,2025-05-20 19:30:00,TP,1096.5,ORB_NY_UP
ORB_NY,2025-05-21 13:45:00,BUY,107217.4,106472.9,108154.1,108154.1,2025-05-21 14:45:00,TP,906.7,ORB_NY_UP
ORB_NY,2025-05-21 18:15:00,BUY,106944.4,106472.9,107908.6,107908.6,2025-05-21 19:30:00,TP,934.2,ORB_NY_UP
ORB_NY,2025-05-22 14:15:00,SELL,110803.4,111647.0,109179.4,111647.0,2025-05-22 16:15:00,SL,-873.6,ORB_NY_DN
ORB_NY,2025-05-22 17:30:00,BUY,111765.3,110832.1,113394.4,110832.1,2025-05-22 21:15:00,SL,-963.2,ORB_NY_UP
ORB_NY,2025-05-23 14:00:00,BUY,109694.6,107337.8,113270.4,107916.0,2025-05-25 21:00:00,TIME,-1808.6,ORB_NY_UP
ORB_NY,2025-05-26 14:00:00,SELL,109655.8,110133.9,108822.2,110133.9,2025-05-26 15:30:00,SL,-508.1,ORB_NY_DN
ORB_NY,2025-05-26 16:15:00,BUY,110144.2,109718.2,110975.5,109718.2,2025-05-26 16:15:00,SL,-456.0,ORB_NY_UP
ORB_NY,2025-05-27 13:15:00,BUY,110437.4,109499.2,111220.6,109499.2,2025-05-27 14:30:00,SL,-968.2,ORB_NY_UP
ORB_NY,2025-05-27 15:00:00,SELL,109439.2,109887.0,108660.4,109887.0,2025-05-27 15:30:00,SL,-477.8,ORB_NY_DN
ORB_NY,2025-05-27 19:45:00,BUY,109955.9,109499.2,110731.9,109499.2,2025-05-27 21:00:00,SL,-486.7,ORB_NY_UP
ORB_NY,2025-05-28 13:30:00,SELL,108763.2,109101.2,108175.0,108175.0,2025-05-28 13:45:00,TP,558.2,ORB_NY_DN
ORB_NY,2025-05-29 13:30:00,SELL,108335.0,108897.0,107396.8,107396.8,2025-05-29 14:00:00,TP,908.2,ORB_NY_DN
ORB_NY,2025-05-30 16:30:00,SELL,104701.1,106011.8,102953.8,105747.2,2025-06-01 23:30:00,TIME,-1076.1,ORB_NY_DN
ORB_NY,2025-06-02 14:00:00,SELL,103756.4,104325.8,102955.5,104325.8,2025-06-02 14:15:00,SL,-599.4,ORB_NY_DN
ORB_NY,2025-06-02 15:30:00,BUY,104393.6,103888.1,105250.2,105250.2,2025-06-02 22:00:00,TP,826.6,ORB_NY_UP
ORB_NY,2025-06-03 13:45:00,BUY,105675.6,105313.3,106115.7,105313.3,2025-06-03 14:00:00,SL,-392.3,ORB_NY_UP
ORB_NY,2025-06-03 14:30:00,BUY,105877.6,105313.3,106323.6,106323.6,2025-06-03 14:30:00,TP,416.0,ORB_NY_UP
ORB_NY,2025-06-04 14:00:00,SELL,104716.4,105243.6,104035.2,105243.6,2025-06-04 15:15:00,SL,-557.2,ORB_NY_DN
ORB_NY,2025-06-04 16:45:00,BUY,105304.3,104857.2,106079.5,104857.2,2025-06-04 20:00:00,SL,-477.1,ORB_NY_UP
ORB_NY,2025-06-05 13:15:00,BUY,105868.1,104838.8,107871.6,104838.8,2025-06-05 13:45:00,SL,-1059.3,ORB_NY_UP
ORB_NY,2025-06-05 15:45:00,SELL,104809.0,105837.6,102816.9,102816.9,2025-06-05 18:00:00,TP,1962.1,ORB_NY_DN
ORB_NY,2025-06-06 13:45:00,BUY,104480.8,103625.2,106020.2,104589.6,2025-06-06 20:45:00,TIME,78.8,ORB_NY_UP
ORB_NY,2025-06-09 13:30:00,SELL,107577.4,107993.0,106817.7,107993.0,2025-06-09 14:45:00,SL,-445.6,ORB_NY_DN
ORB_NY,2025-06-09 15:30:00,BUY,108014.8,107614.0,108774.1,108774.1,2025-06-09 19:15:00,TP,729.3,ORB_NY_UP
ORB_NY,2025-06-10 13:15:00,BUY,109821.2,109475.0,110414.2,109475.0,2025-06-10 13:30:00,SL,-376.2,ORB_NY_UP
ORB_NY,2025-06-10 19:30:00,BUY,110067.4,109475.0,110651.4,109475.0,2025-06-10 19:45:00,SL,-622.4,ORB_NY_UP
ORB_NY,2025-06-11 14:15:00,BUY,110025.2,109039.9,111857.3,109039.9,2025-06-11 17:45:00,SL,-1015.3,ORB_NY_UP
ORB_NY,2025-06-12 13:30:00,SELL,106870.6,107479.0,105748.8,107479.0,2025-06-12 14:00:00,SL,-638.4,ORB_NY_DN
ORB_NY,2025-06-12 16:30:00,BUY,107761.8,106918.4,108863.7,106918.4,2025-06-12 19:45:00,SL,-873.4,ORB_NY_UP
ORB_NY,2025-06-13 13:15:00,SELL,104853.4,105354.0,103882.8,105354.0,2025-06-13 15:00:00,SL,-530.6,ORB_NY_DN
ORB_NY,2025-06-13 18:00:00,BUY,105426.8,104867.0,106403.8,104867.0,2025-06-13 18:30:00,SL,-589.8,ORB_NY_UP
ORB_NY,2025-06-16 14:00:00,BUY,107211.0,106621.7,107862.3,107862.3,2025-06-16 14:30:00,TP,621.3,ORB_NY_UP
ORB_NY,2025-06-17 13:45:00,SELL,105370.2,105922.2,104522.8,104522.8,2025-06-17 15:15:00,TP,817.4,ORB_NY_DN
ORB_NY,2025-06-18 13:15:00,SELL,104052.2,104937.0,103174.2,104937.0,2025-06-18 14:00:00,SL,-914.8,ORB_NY_DN
ORB_NY,2025-06-18 15:15:00,SELL,104433.6,104937.0,103564.7,104937.0,2025-06-18 15:30:00,SL,-533.4,ORB_NY_DN
ORB_NY,2025-06-18 16:30:00,SELL,104408.2,104937.0,103539.6,103539.6,2025-06-18 19:00:00,TP,838.6,ORB_NY_DN
ORB_NY,2025-06-19 13:15:00,SELL,104664.2,104932.6,104132.8,104132.8,2025-06-19 14:45:00,TP,501.4,ORB_NY_DN
ORB_NY,2025-06-19 18:00:00,SELL,104570.1,104932.6,104040.5,104571.2,2025-06-20 01:00:00,TIME,-31.1,ORB_NY_DN
ORB_NY,2025-06-20 14:00:00,SELL,105689.8,106149.4,105189.2,105189.2,2025-06-20 14:15:00,TP,470.6,ORB_NY_DN
ORB_NY,2025-06-23 13:45:00,BUY,102068.4,101126.7,103215.8,101126.7,2025-06-23 16:00:00,SL,-971.7,ORB_NY_UP
ORB_NY,2025-06-23 17:30:00,BUY,102117.2,101126.7,103376.8,103376.8,2025-06-23 18:30:00,TP,1229.6,ORB_NY_UP
ORB_NY,2025-06-24 14:30:00,BUY,105462.4,105047.6,106204.4,106204.4,2025-06-24 16:45:00,TP,712.0,ORB_NY_UP
ORB_NY,2025-06-24 19:30:00,BUY,105524.6,105047.6,106267.5,106267.5,2025-06-25 00:00:00,TP,712.9,ORB_NY_UP
ORB_NY,2025-06-25 13:15:00,BUY,107496.0,106986.0,108258.8,106986.0,2025-06-25 15:30:00,SL,-540.0,ORB_NY_UP
ORB_NY,2025-06-25 16:15:00,BUY,107454.8,106986.0,108222.1,107280.1,2025-06-25 23:15:00,TIME,-204.7,ORB_NY_UP
ORB_NY,2025-06-26 14:00:00,SELL,107010.4,107518.4,106166.9,107518.4,2025-06-26 14:30:00,SL,-538.0,ORB_NY_DN
ORB_NY,2025-06-26 15:30:00,SELL,106975.6,107518.4,106131.4,107518.4,2025-06-26 18:00:00,SL,-572.8,ORB_NY_DN
ORB_NY,2025-06-26 19:45:00,BUY,107654.7,107097.4,108495.4,107097.4,2025-06-26 21:30:00,SL,-587.3,ORB_NY_UP
ORB_NY,2025-06-27 14:30:00,SELL,106565.2,107246.4,105348.6,107246.4,2025-06-27 15:30:00,SL,-711.2,ORB_NY_DN
ORB_NY,2025-06-27 18:45:00,SELL,106623.4,107246.4,105403.8,107246.4,2025-06-29 21:00:00,SL,-653.0,ORB_NY_DN
ORB_NY,2025-06-30 13:30:00,BUY,107874.6,107587.9,108429.4,107587.9,2025-06-30 13:45:00,SL,-316.7,ORB_NY_UP
ORB_NY,2025-06-30 16:30:00,SELL,107329.8,107866.0,106775.8,107181.5,2025-06-30 23:30:00,TIME,118.3,ORB_NY_DN
ORB_NY,2025-07-01 14:00:00,BUY,106829.0,106400.4,107567.8,106400.4,2025-07-01 14:30:00,SL,-458.6,ORB_NY_UP
ORB_NY,2025-07-02 13:15:00,BUY,107704.8,107229.0,108335.6,108335.6,2025-07-02 15:00:00,TP,600.8,ORB_NY_UP
ORB_NY,2025-07-03 13:45:00,BUY,110155.3,108800.0,112537.5,109977.5,2025-07-03 20:45:00,TIME,-207.8,ORB_NY_UP
ORB_NY,2025-07-04 13:30:00,SELL,108642.6,109044.2,107893.8,107893.8,2025-07-04 14:00:00,TP,718.8,ORB_NY_DN
ORB_NY,2025-07-07 13:15:00,SELL,108288.7,108671.0,107604.7,108671.0,2025-07-07 14:00:00,SL,-412.3,ORB_NY_DN
ORB_NY,2025-07-07 16:15:00,SELL,108288.4,108671.0,107613.4,107613.4,2025-07-07 18:15:00,TP,645.0,ORB_NY_DN
ORB_NY,2025-07-08 13:45:00,BUY,109063.8,108693.4,109613.6,108693.4,2025-07-08 14:00:00,SL,-400.4,ORB_NY_UP
ORB_NY,2025-07-08 15:00:00,SELL,108409.2,108969.6,107854.6,108969.6,2025-07-08 17:15:00,SL,-590.4,ORB_NY_DN
ORB_NY,2025-07-08 18:00:00,BUY,109011.8,108693.4,109560.8,108693.4,2025-07-08 20:45:00,SL,-348.4,ORB_NY_UP
ORB_NY,2025-07-09 13:15:00,BUY,109725.7,109010.3,110824.2,109010.3,2025-07-09 14:15:00,SL,-745.4,ORB_NY_UP
ORB_NY,2025-07-09 15:45:00,SELL,108891.5,109560.5,107802.8,109560.5,2025-07-09 18:00:00,SL,-699.0,ORB_NY_DN
ORB_NY,2025-07-09 18:30:00,BUY,109572.9,109010.3,110673.9,110673.9,2025-07-09 19:30:00,TP,1071.0,ORB_NY_UP
ORB_NY,2025-07-10 13:30:00,BUY,111099.2,110806.6,111656.5,110806.6,2025-07-10 13:30:00,SL,-322.6,ORB_NY_UP
ORB_NY,2025-07-10 14:15:00,BUY,111155.4,110806.6,111703.8,110806.6,2025-07-10 14:15:00,SL,-378.8,ORB_NY_UP
ORB_NY,2025-07-10 14:45:00,BUY,111114.6,110806.6,111669.4,111669.4,2025-07-10 16:15:00,TP,524.8,ORB_NY_UP
ORB_NY,2025-07-11 13:30:00,SELL,117659.1,118286.2,116609.8,117893.7,2025-07-11 20:30:00,TIME,-264.6,ORB_NY_DN
ORB_NY,2025-07-14 14:45:00,SELL,120963.8,121947.6,119862.0,119862.0,2025-07-14 15:45:00,TP,1071.8,ORB_NY_DN
ORB_NY,2025-07-15 13:15:00,BUY,118075.2,116440.0,120221.3,116440.0,2025-07-15 14:45:00,SL,-1665.2,ORB_NY_UP
ORB_NY,2025-07-15 16:45:00,BUY,117699.0,116440.0,119830.0,116440.0,2025-07-15 18:30:00,SL,-1289.0,ORB_NY_UP
ORB_NY,2025-07-16 13:45:00,SELL,118384.2,119130.1,117409.0,119130.1,2025-07-16 14:45:00,SL,-775.9,ORB_NY_DN
ORB_NY,2025-07-16 15:15:00,BUY,119245.0,118642.6,120218.6,118642.6,2025-07-16 15:30:00,SL,-632.4,ORB_NY_UP
ORB_NY,2025-07-16 16:00:00,BUY,119186.6,118642.6,120155.6,118642.6,2025-07-16 16:00:00,SL,-574.0,ORB_NY_UP
ORB_NY,2025-07-16 16:30:00,BUY,119257.6,118642.6,120233.6,118642.6,2025-07-16 23:00:00,SL,-645.0,ORB_NY_UP
ORB_NY,2025-07-17 14:00:00,BUY,118332.8,117479.4,119837.8,119837.8,2025-07-17 18:30:00,TP,1475.0,ORB_NY_UP
ORB_NY,2025-07-18 13:15:00,SELL,118950.4,119608.8,118169.0,118169.0,2025-07-18 14:15:00,TP,751.4,ORB_NY_DN
ORB_NY,2025-07-21 13:45:00,BUY,118708.8,117809.5,120341.0,117809.5,2025-07-21 16:15:00,SL,-929.3,ORB_NY_UP
ORB_NY,2025-07-21 17:30:00,SELL,117644.0,118634.4,116045.1,117122.8,2025-07-22 00:30:00,TIME,491.2,ORB_NY_DN
ORB_NY,2025-07-22 13:45:00,BUY,119543.2,119111.5,120319.7,119111.5,2025-07-22 13:45:00,SL,-461.7,ORB_NY_UP
ORB_NY,2025-07-22 15:30:00,SELL,118972.5,119490.6,118206.6,119490.6,2025-07-22 18:00:00,SL,-548.1,ORB_NY_DN
ORB_NY,2025-07-22 19:00:00,BUY,119805.6,119111.5,120576.8,119182.2,2025-07-23 02:00:00,TIME,-653.4,ORB_NY_UP
ORB_NY,2025-07-23 13:45:00,SELL,117663.2,118729.8,115962.2,118729.8,2025-07-23 15:45:00,SL,-1096.6,ORB_NY_DN
ORB_NY,2025-07-23 16:45:00,SELL,117834.5,118729.8,116139.4,118729.8,2025-07-23 23:00:00,SL,-925.3,ORB_NY_DN
ORB_NY,2025-07-24 14:00:00,SELL,118287.2,118809.6,117341.8,118809.6,2025-07-24 14:45:00,SL,-552.4,ORB_NY_DN
ORB_NY,2025-07-24 17:15:00,BUY,118919.6,118334.4,119870.0,118334.4,2025-07-24 22:45:00,SL,-615.2,ORB_NY_UP
ORB_NY,2025-07-25 13:45:00,SELL,115709.1,116694.6,114291.0,116694.6,2025-07-25 19:00:00,SL,-1015.5,ORB_NY_DN
ORB_NY,2025-07-25 19:45:00,BUY,117054.0,115985.6,118459.2,118459.2,2025-07-27 21:00:00,TP,1375.2,ORB_NY_UP
ORB_NY,2025-07-28 13:15:00,SELL,118708.8,119130.2,118045.5,118045.5,2025-07-28 14:15:00,TP,633.3,ORB_NY_DN
ORB_NY,2025-07-29 14:15:00,SELL,118117.6,119092.2,116810.6,117314.6,2025-07-29 21:15:00,TIME,773.0,ORB_NY_DN
ORB_NY,2025-07-30 14:45:00,BUY,118116.9,117342.6,119295.2,117342.6,2025-07-30 18:30:00,SL,-804.3,ORB_NY_UP
ORB_NY,2025-07-30 19:00:00,SELL,116504.4,117934.5,115321.6,117934.5,2025-07-31 00:00:00,SL,-1460.1,ORB_NY_DN
ORB_NY,2025-07-31 13:30:00,SELL,118134.6,118651.6,117354.0,118651.6,2025-07-31 13:45:00,SL,-547.0,ORB_NY_DN
ORB_NY,2025-07-31 14:30:00,SELL,117954.8,118651.6,117193.2,118651.6,2025-07-31 16:30:00,SL,-726.8,ORB_NY_DN
ORB_NY,2025-07-31 17:30:00,SELL,117865.2,118651.6,117069.0,117069.0,2025-07-31 19:30:00,TP,766.2,ORB_NY_DN
ORB_NY,2025-08-01 13:45:00,SELL,114932.6,115886.6,113474.4,113474.4,2025-08-01 19:15:00,TP,1428.2,ORB_NY_DN
ORB_NY,2025-08-04 13:30:00,SELL,114193.8,114560.2,113663.6,114560.2,2025-08-04 13:30:00,SL,-396.4,ORB_NY_DN
ORB_NY,2025-08-05 14:30:00,SELL,113236.8,114910.2,110388.8,113665.8,2025-08-05 21:30:00,TIME,-459.0,ORB_NY_DN
ORB_NY,2025-08-06 15:00:00,BUY,115220.2,113814.1,116314.5,115201.8,2025-08-06 22:00:00,TIME,-48.4,ORB_NY_UP
ORB_NY,2025-08-07 13:45:00,BUY,116658.2,116043.1,117808.2,116043.1,2025-08-07 16:45:00,SL,-645.1,ORB_NY_UP
ORB_NY,2025-08-07 19:00:00,BUY,116628.2,116043.1,117779.2,116911.8,2025-08-08 02:00:00,TIME,253.6,ORB_NY_UP
ORB_NY,2025-08-08 14:00:00,BUY,116977.6,116541.9,117791.9,116541.9,2025-08-08 14:30:00,SL,-465.7,ORB_NY_UP
ORB_NY,2025-08-08 15:00:00,SELL,116534.8,116948.9,115722.8,116948.9,2025-08-10 21:00:00,SL,-444.1,ORB_NY_DN
ORB_NY,2025-08-11 16:15:00,BUY,120699.8,119477.0,123006.8,119477.0,2025-08-11 17:45:00,SL,-1252.8,ORB_NY_UP
ORB_NY,2025-08-11 19:45:00,SELL,119167.2,120635.6,116851.8,119062.2,2025-08-12 02:45:00,TIME,75.0,ORB_NY_DN
ORB_NY,2025-08-12 15:00:00,BUY,119455.8,118256.4,121520.6,119748.6,2025-08-12 22:00:00,TIME,262.8,ORB_NY_UP
ORB_NY,2025-08-13 14:00:00,BUY,121808.2,120203.6,122786.4,122786.4,2025-08-13 19:45:00,TP,948.2,ORB_NY_UP
ORB_NY,2025-08-14 16:30:00,SELL,117656.6,121205.4,110597.4,118543.8,2025-08-14 23:30:00,TIME,-917.2,ORB_NY_DN
ORB_NY,2025-08-15 13:15:00,SELL,118573.1,119218.3,117368.6,117368.6,2025-08-15 14:45:00,TP,1174.5,ORB_NY_DN
ORB_NY,2025-08-18 13:15:00,BUY,115601.1,114951.9,116862.8,114951.9,2025-08-18 13:45:00,SL,-679.2,ORB_NY_UP
ORB_NY,2025-08-18 15:00:00,BUY,115682.5,114951.9,116959.2,116959.2,2025-08-18 22:00:00,TP,1246.7,ORB_NY_UP
ORB_NY,2025-08-19 13:30:00,BUY,115788.8,115316.0,116502.6,115316.0,2025-08-19 13:30:00,SL,-502.8,ORB_NY_UP
ORB_NY,2025-08-20 13:15:00,SELL,113330.4,113934.8,112466.4,112466.4,2025-08-20 14:00:00,TP,834.0,ORB_NY_DN
ORB_NY,2025-08-20 15:30:00,BUY,114286.9,113501.2,115163.4,113501.2,2025-08-20 15:45:00,SL,-815.7,ORB_NY_UP
ORB_NY,2025-08-20 16:30:00,BUY,114270.4,113501.2,115134.8,113501.2,2025-08-20 18:15:00,SL,-799.2,ORB_NY_UP
ORB_NY,2025-08-20 19:00:00,SELL,113489.4,113934.8,112619.9,113934.8,2025-08-20 19:00:00,SL,-475.4,ORB_NY_DN
ORB_NY,2025-08-21 13:45:00,BUY,113532.4,112916.6,114501.2,112916.6,2025-08-21 14:30:00,SL,-645.8,ORB_NY_UP
ORB_NY,2025-08-21 15:15:00,SELL,112675.4,113397.9,111722.8,112581.6,2025-08-21 22:15:00,TIME,63.8,ORB_NY_DN
ORB_NY,2025-08-22 14:15:00,BUY,115202.8,111655.2,117226.8,117226.8,2025-08-22 15:45:00,TP,1994.0,ORB_NY_UP
ORB_NY,2025-08-25 13:45:00,SELL,110782.0,111655.8,109491.5,111655.8,2025-08-25 14:00:00,SL,-903.8,ORB_NY_DN
ORB_NY,2025-08-25 20:00:00,SELL,110700.6,111655.8,109392.4,109392.4,2025-08-25 21:30:00,TP,1278.2,ORB_NY_DN
ORB_NY,2025-08-26 15:45:00,SELL,109601.2,110822.8,107182.6,110822.8,2025-08-26 18:30:00,SL,-1251.6,ORB_NY_DN
ORB_NY,2025-08-26 19:30:00,BUY,111144.2,109613.2,113564.4,111406.6,2025-08-27 02:30:00,TIME,232.4,ORB_NY_UP
ORB_NY,2025-08-27 13:45:00,BUY,111607.1,111029.2,112369.0,112369.0,2025-08-27 14:30:00,TP,731.9,ORB_NY_UP
ORB_NY,2025-08-28 14:30:00,SELL,112660.9,113365.9,111532.0,111928.1,2025-08-28 21:30:00,TIME,702.8,ORB_NY_DN
ORB_NY,2025-08-29 13:45:00,SELL,109753.6,111528.5,106886.3,107856.6,2025-08-29 20:45:00,TIME,1867.0,ORB_NY_DN
ORB_NY,2025-09-01 13:15:00,BUY,109202.9,108655.6,110232.4,108655.6,2025-09-01 15:30:00,SL,-577.3,ORB_NY_UP
ORB_NY,2025-09-01 17:15:00,SELL,108587.4,109171.1,107556.2,109171.1,2025-09-01 18:15:00,SL,-613.7,ORB_NY_DN
ORB_NY,2025-09-01 19:00:00,BUY,109232.4,108655.6,110267.6,108655.6,2025-09-01 20:30:00,SL,-606.8,ORB_NY_UP
ORB_NY,2025-09-02 13:45:00,BUY,110501.8,108420.6,113419.1,111409.9,2025-09-02 20:45:00,TIME,878.1,ORB_NY_UP
ORB_NY,2025-09-03 14:45:00,BUY,112526.8,111066.3,114197.2,112038.9,2025-09-03 21:45:00,TIME,-517.9,ORB_NY_UP
ORB_NY,2025-09-04 14:00:00,SELL,110465.9,111155.9,109293.0,110346.8,2025-09-04 21:00:00,TIME,89.1,ORB_NY_DN
ORB_NY,2025-09-05 14:30:00,SELL,110993.8,113412.5,108388.2,111138.6,2025-09-07 21:30:00,TIME,-174.8,ORB_NY_DN
ORB_NY,2025-09-08 13:15:00,BUY,112339.0,111919.9,112816.4,111919.9,2025-09-08 13:45:00,SL,-449.1,ORB_NY_UP
ORB_NY,2025-09-08 14:30:00,BUY,112249.1,111919.9,112739.7,112739.7,2025-09-08 14:30:00,TP,460.6,ORB_NY_UP
ORB_NY,2025-09-09 13:45:00,BUY,112898.2,112416.6,113799.2,112416.6,2025-09-09 14:00:00,SL,-511.6,ORB_NY_UP
ORB_NY,2025-09-09 14:30:00,SELL,112346.4,112862.6,111455.1,111455.1,2025-09-09 15:00:00,TP,861.3,ORB_NY_DN
ORB_NY,2025-09-10 13:15:00,BUY,113739.3,112309.2,116197.4,113792.8,2025-09-10 20:15:00,TIME,23.5,ORB_NY_UP
ORB_NY,2025-09-11 13:15:00,SELL,113520.3,114545.8,111546.5,114545.8,2025-09-11 13:45:00,SL,-1055.5,ORB_NY_DN
ORB_NY,2025-09-11 14:45:00,BUY,114578.4,113559.9,116551.7,114537.0,2025-09-11 21:45:00,TIME,-71.4,ORB_NY_UP
ORB_NY,2025-09-12 14:30:00,BUY,115292.6,114774.0,116168.9,116168.9,2025-09-12 18:15:00,TP,846.3,ORB_NY_UP
ORB_NY,2025-09-15 13:45:00,SELL,114525.2,115125.5,113694.9,115125.5,2025-09-15 17:45:00,SL,-630.3,ORB_NY_DN
ORB_NY,2025-09-15 19:00:00,BUY,115324.8,114707.2,116166.4,115199.8,2025-09-16 02:00:00,TIME,-155.0,ORB_NY_UP
ORB_NY,2025-09-16 13:45:00,SELL,115105.5,115502.0,114716.0,115502.0,2025-09-16 15:45:00,SL,-426.5,ORB_NY_DN
ORB_NY,2025-09-17 13:45:00,SELL,116031.5,116548.5,115182.5,115182.5,2025-09-17 18:15:00,TP,819.0,ORB_NY_DN
ORB_NY,2025-09-18 13:15:00,BUY,117446.0,117027.5,118057.5,117551.0,2025-09-18 20:15:00,TIME,75.0,ORB_NY_UP
ORB_NY,2025-09-19 14:45:00,SELL,116160.5,116594.0,115334.0,115334.0,2025-09-19 19:00:00,TP,796.5,ORB_NY_DN
ORB_NY,2025-09-22 13:15:00,BUY,113052.5,112598.0,113790.0,112598.0,2025-09-22 13:30:00,SL,-484.5,ORB_NY_UP
ORB_NY,2025-09-22 14:00:00,BUY,113224.0,112598.0,113998.5,112598.0,2025-09-22 17:00:00,SL,-656.0,ORB_NY_UP
ORB_NY,2025-09-22 19:00:00,SELL,112515.5,112967.0,111778.5,112967.0,2025-09-22 20:45:00,SL,-481.5,ORB_NY_DN
ORB_NY,2025-09-23 13:45:00,SELL,112881.0,113127.5,112376.5,113127.5,2025-09-23 14:00:00,SL,-276.5,ORB_NY_DN
ORB_NY,2025-09-23 14:30:00,SELL,112878.5,113127.5,112380.0,113127.5,2025-09-23 15:15:00,SL,-279.0,ORB_NY_DN
ORB_NY,2025-09-23 16:15:00,SELL,112637.0,113127.5,112144.0,112144.0,2025-09-23 17:30:00,TP,463.0,ORB_NY_DN
ORB_NY,2025-09-24 14:00:00,SELL,112869.0,113146.5,112492.5,113146.5,2025-09-24 14:00:00,SL,-307.5,ORB_NY_DN
ORB_NY,2025-09-25 13:45:00,SELL,110747.0,111707.0,109418.0,111707.0,2025-09-25 14:15:00,SL,-990.0,ORB_NY_DN
ORB_NY,2025-09-25 15:30:00,SELL,111011.0,111707.0,109686.5,111707.0,2025-09-25 16:00:00,SL,-726.0,ORB_NY_DN
ORB_NY,2025-09-25 17:00:00,SELL,111001.0,111707.0,109664.5,109664.5,2025-09-25 17:30:00,TP,1306.5,ORB_NY_DN
ORB_NY,2025-09-26 13:45:00,BUY,109671.0,108872.0,111206.0,108872.0,2025-09-26 14:30:00,SL,-829.0,ORB_NY_UP
ORB_NY,2025-09-26 15:00:00,SELL,108895.0,109646.5,107322.5,109646.5,2025-09-26 16:15:00,SL,-781.5,ORB_NY_DN
ORB_NY,2025-09-26 17:30:00,BUY,109991.0,108872.0,111524.5,111524.5,2025-09-28 22:00:00,TP,1503.5,ORB_NY_UP
ORB_NY,2025-09-29 13:45:00,BUY,113372.0,111987.0,114503.0,114301.0,2025-09-29 20:45:00,TIME,899.0,ORB_NY_UP
ORB_NY,2025-09-30 13:30:00,BUY,113381.0,113031.0,113959.0,113031.0,2025-09-30 14:00:00,SL,-380.0,ORB_NY_UP
ORB_NY,2025-09-30 15:00:00,BUY,113657.5,113031.0,114228.0,113031.0,2025-09-30 15:15:00,SL,-656.5,ORB_NY_UP
ORB_NY,2025-09-30 16:45:00,SELL,112950.5,113319.0,112378.0,113319.0,2025-09-30 17:15:00,SL,-398.5,ORB_NY_DN
ORB_NY,2025-09-30 18:15:00,BUY,113538.0,113031.0,114116.0,114116.0,2025-09-30 19:30:00,TP,548.0,ORB_NY_UP
ORB_NY,2025-10-01 14:15:00,BUY,117258.5,116415.0,118355.0,117566.5,2025-10-01 21:15:00,TIME,278.0,ORB_NY_UP
ORB_NY,2025-10-02 13:45:00,BUY,119650.0,118806.0,121050.5,118806.0,2025-10-02 14:45:00,SL,-874.0,ORB_NY_UP
ORB_NY,2025-10-02 15:30:00,BUY,119534.5,118806.0,120921.0,120921.0,2025-10-02 19:00:00,TP,1356.5,ORB_NY_UP
ORB_NY,2025-10-03 13:30:00,BUY,120659.5,120207.0,121286.0,120207.0,2025-10-03 14:00:00,SL,-482.5,ORB_NY_UP
ORB_NY,2025-10-03 14:30:00,BUY,120555.0,120207.0,121181.5,121181.5,2025-10-03 15:15:00,TP,596.5,ORB_NY_UP
ORB_NY,2025-10-06 13:15:00,BUY,124748.0,124222.5,125797.5,125797.5,2025-10-06 17:15:00,TP,1019.5,ORB_NY_UP
ORB_NY,2025-10-07 13:45:00,SELL,123883.0,125249.5,122262.0,122262.0,2025-10-07 15:00:00,TP,1591.0,ORB_NY_DN
ORB_NY,2025-10-08 13:30:00,SELL,122528.0,123106.5,121443.0,123106.5,2025-10-08 14:00:00,SL,-608.5,ORB_NY_DN
ORB_NY,2025-10-08 14:45:00,SELL,122515.0,123106.5,121443.0,123106.5,2025-10-08 16:45:00,SL,-621.5,ORB_NY_DN
ORB_NY,2025-10-08 17:15:00,BUY,123700.5,122567.0,124794.0,123114.0,2025-10-09 00:15:00,TIME,-616.5,ORB_NY_UP
ORB_NY,2025-10-09 14:00:00,SELL,122455.0,123838.5,120334.5,120334.5,2025-10-09 16:45:00,TP,2090.5,ORB_NY_DN
ORB_NY,2025-10-10 13:15:00,BUY,121872.2,121480.6,122417.6,122417.6,2025-10-10 13:30:00,TP,515.4,ORB_NY_UP
ORB_NY,2025-10-10 14:30:00,SELL,121267.0,121754.3,120718.6,120718.6,2025-10-10 14:45:00,TP,518.4,ORB_NY_DN
ORB_NY,2025-10-13 13:45:00,BUY,115046.4,114029.6,116655.9,114029.6,2025-10-13 14:45:00,SL,-1046.8,ORB_NY_UP
ORB_NY,2025-10-13 16:15:00,BUY,114988.4,114029.6,116632.4,115494.2,2025-10-13 23:15:00,TIME,475.8,ORB_NY_UP
ORB_NY,2025-10-14 13:15:00,SELL,110788.6,111455.9,109485.2,111455.9,2025-10-14 14:00:00,SL,-697.3,ORB_NY_DN
ORB_NY,2025-10-14 15:30:00,BUY,111554.3,110810.0,112834.1,112834.1,2025-10-14 15:45:00,TP,1249.8,ORB_NY_UP
ORB_NY,2025-10-15 13:45:00,SELL,111405.8,112194.1,109964.2,112194.1,2025-10-15 14:00:00,SL,-818.3,ORB_NY_DN
ORB_NY,2025-10-15 14:45:00,SELL,111414.0,112194.1,109925.4,110895.4,2025-10-15 21:45:00,TIME,488.6,ORB_NY_DN
ORB_NY,2025-10-16 13:15:00,SELL,111345.8,112028.4,110022.4,110022.4,2025-10-16 14:15:00,TP,1293.4,ORB_NY_DN
ORB_NY,2025-10-16 15:00:00,SELL,110585.6,112028.4,109259.2,109259.2,2025-10-16 15:30:00,TP,1296.4,ORB_NY_DN
ORB_NY,2025-10-17 13:15:00,SELL,104922.2,106074.3,103233.2,106074.3,2025-10-17 13:30:00,SL,-1182.1,ORB_NY_DN
ORB_NY,2025-10-17 14:30:00,SELL,105088.0,106074.3,103393.7,106074.3,2025-10-17 15:15:00,SL,-1016.3,ORB_NY_DN
ORB_NY,2025-10-20 13:15:00,SELL,110644.9,111225.4,109796.8,111225.4,2025-10-20 13:45:00,SL,-610.5,ORB_NY_DN
ORB_NY,2025-10-20 14:30:00,BUY,111295.4,110803.1,112142.3,110803.1,2025-10-20 16:00:00,SL,-522.3,ORB_NY_UP
ORB_NY,2025-10-20 16:45:00,SELL,110534.8,111225.4,109688.9,111225.4,2025-10-20 20:00:00,SL,-720.6,ORB_NY_DN
ORB_NY,2025-10-21 14:00:00,SELL,108481.1,109537.4,106403.0,109537.4,2025-10-21 14:00:00,SL,-1086.3,ORB_NY_DN
ORB_NY,2025-10-22 14:00:00,BUY,108834.8,107488.2,110807.4,107488.2,2025-10-22 18:15:00,SL,-1376.6,ORB_NY_UP
ORB_NY,2025-10-23 13:45:00,BUY,109427.2,108736.6,110537.8,110537.8,2025-10-23 16:45:00,TP,1080.6,ORB_NY_UP
ORB_NY,2025-10-24 13:45:00,SELL,110708.2,112153.8,108208.0,110863.2,2025-10-24 20:45:00,TIME,-185.0,ORB_NY_DN
ORB_NY,2025-10-27 13:45:00,SELL,114873.8,115441.6,113952.8,115441.6,2025-10-27 16:30:00,SL,-597.8,ORB_NY_DN
ORB_NY,2025-10-27 17:45:00,BUY,115643.2,114978.2,116569.9,114978.2,2025-10-27 19:00:00,SL,-695.0,ORB_NY_UP
ORB_NY,2025-10-27 19:45:00,SELL,114945.6,115441.6,114013.5,114013.5,2025-10-27 23:00:00,TP,902.1,ORB_NY_DN
ORB_NY,2025-10-28 13:15:00,BUY,114775.0,114134.7,115592.3,115592.3,2025-10-28 14:00:00,TP,787.3,ORB_NY_UP
ORB_NY,2025-10-28 19:30:00,SELL,113701.2,114546.2,112896.2,112896.2,2025-10-28 20:00:00,TP,775.0,ORB_NY_DN
ORB_NY,2025-10-29 13:15:00,BUY,113405.4,113073.4,113987.0,113073.4,2025-10-29 13:30:00,SL,-362.0,ORB_NY_UP
ORB_NY,2025-10-30 13:45:00,SELL,107427.0,109785.9,104355.3,107507.6,2025-10-30 20:45:00,TIME,-110.6,ORB_NY_DN
ORB_NY,2025-10-31 15:00:00,BUY,110702.5,109577.0,112905.0,109577.0,2025-10-31 16:30:00,SL,-1155.5,ORB_NY_UP
ORB_NY,2025-10-31 17:00:00,SELL,108752.1,110676.4,106551.8,110676.4,2025-11-02 23:45:00,SL,-1954.3,ORB_NY_DN
ORB_NY,2025-11-03 13:15:00,SELL,107674.0,108260.0,106522.5,108260.0,2025-11-03 14:00:00,SL,-616.0,ORB_NY_DN
ORB_NY,2025-11-03 14:30:00,SELL,107577.6,108260.0,106375.1,106375.1,2025-11-03 15:15:00,TP,1172.5,ORB_NY_DN
ORB_NY,2025-11-04 13:30:00,SELL,103656.4,104609.4,102011.2,104609.4,2025-11-04 14:45:00,SL,-983.0,ORB_NY_DN
ORB_NY,2025-11-04 16:00:00,SELL,103161.1,104609.4,101503.5,101503.5,2025-11-04 17:00:00,TP,1627.6,ORB_NY_DN
ORB_NY,2025-11-05 13:45:00,BUY,102814.2,101908.8,104500.0,104500.0,2025-11-05 19:15:00,TP,1655.8,ORB_NY_UP
ORB_NY,2025-11-06 13:30:00,BUY,103472.4,102365.8,105368.8,102365.8,2025-11-06 14:30:00,SL,-1136.6,ORB_NY_UP
ORB_NY,2025-11-06 15:00:00,SELL,102055.8,103311.2,100197.4,100968.6,2025-11-06 22:00:00,TIME,1057.2,ORB_NY_DN
ORB_NY,2025-11-07 14:45:00,BUY,100745.3,99193.5,103462.1,103462.1,2025-11-07 20:30:00,TP,2686.8,ORB_NY_UP
ORB_NY,2025-11-10 13:15:00,BUY,106262.8,105871.5,106969.6,105871.5,2025-11-10 14:30:00,SL,-421.3,ORB_NY_UP
ORB_NY,2025-11-10 18:15:00,SELL,105698.4,106228.8,104980.4,106228.8,2025-11-10 20:00:00,SL,-560.4,ORB_NY_DN
ORB_NY,2025-11-11 13:30:00,SELL,104353.0,105524.5,102078.5,102779.5,2025-11-11 20:30:00,TIME,1543.5,ORB_NY_DN
ORB_NY,2025-11-12 14:30:00,SELL,104759.5,105322.5,103749.0,103749.0,2025-11-12 14:45:00,TP,980.5,ORB_NY_DN
ORB_NY,2025-11-13 13:30:00,SELL,102532.0,103264.5,101398.0,103264.5,2025-11-13 14:45:00,SL,-762.5,ORB_NY_DN
ORB_NY,2025-11-13 15:30:00,SELL,102233.5,103264.5,101065.0,101065.0,2025-11-13 16:00:00,TP,1138.5,ORB_NY_DN
ORB_NY,2025-11-14 14:45:00,BUY,96329.0,94481.5,99612.5,94481.5,2025-11-14 20:30:00,SL,-1877.5,ORB_NY_UP
ORB_NY,2025-11-17 13:15:00,SELL,94867.5,95514.0,94221.0,94221.0,2025-11-17 13:30:00,TP,616.5,ORB_NY_DN
ORB_NY,2025-11-18 15:15:00,BUY,91930.5,91004.5,93520.0,93520.0,2025-11-18 16:15:00,TP,1559.5,ORB_NY_UP
ORB_NY,2025-11-19 14:30:00,SELL,91067.0,91818.5,89701.5,91818.5,2025-11-19 15:00:00,SL,-781.5,ORB_NY_DN
ORB_NY,2025-11-19 15:45:00,SELL,90639.0,91818.5,89270.0,89270.0,2025-11-19 17:00:00,TP,1339.0,ORB_NY_DN
ORB_NY,2025-11-20 13:15:00,BUY,91942.0,91589.5,92606.5,91589.5,2025-11-20 13:30:00,SL,-382.5,ORB_NY_UP
ORB_NY,2025-11-21 13:15:00,BUY,83733.5,80563.5,89633.5,83463.5,2025-11-21 20:15:00,TIME,-300.0,ORB_NY_UP
ORB_NY,2025-11-24 13:15:00,BUY,86297.0,85836.5,87178.0,85836.5,2025-11-24 14:30:00,SL,-490.5,ORB_NY_UP
ORB_NY,2025-11-24 15:15:00,BUY,86491.0,85836.5,87391.5,87391.5,2025-11-24 16:30:00,TP,870.5,ORB_NY_UP
ORB_NY,2025-11-25 13:45:00,SELL,87016.5,87771.5,86191.5,86191.5,2025-11-25 14:45:00,TP,795.0,ORB_NY_DN
ORB_NY,2025-11-25 17:45:00,BUY,87915.5,87355.5,88751.5,87355.5,2025-11-25 18:45:00,SL,-590.0,ORB_NY_UP
ORB_NY,2025-11-26 14:15:00,BUY,87299.0,86284.0,89047.0,89047.0,2025-11-26 17:30:00,TP,1718.0,ORB_NY_UP
ORB_NY,2025-11-27 13:15:00,SELL,90833.0,91449.5,89834.0,91449.5,2025-11-27 16:30:00,SL,-646.5,ORB_NY_DN
ORB_NY,2025-11-27 17:00:00,BUY,91462.0,90952.0,92459.0,91161.0,2025-11-28 00:00:00,TIME,-331.0,ORB_NY_UP
ORB_NY,2025-11-28 13:45:00,BUY,91850.0,91401.5,92453.5,92453.5,2025-11-28 13:45:00,TP,573.5,ORB_NY_UP
ORB_NY,2025-11-28 16:30:00,SELL,91216.5,91703.0,90620.5,90620.5,2025-11-28 17:15:00,TP,566.0,ORB_NY_DN
ORB_NY,2025-12-01 14:15:00,BUY,86245.0,84768.5,89152.0,84768.5,2025-12-01 15:30:00,SL,-1506.5,ORB_NY_UP
ORB_NY,2025-12-01 17:00:00,SELL,84594.0,86224.5,81657.0,86224.5,2025-12-01 21:15:00,SL,-1660.5,ORB_NY_DN
ORB_NY,2025-12-02 13:15:00,SELL,87181.5,87582.5,86465.0,87582.5,2025-12-02 13:30:00,SL,-431.0,ORB_NY_DN
ORB_NY,2025-12-02 14:00:00,BUY,87750.0,87223.0,88467.0,88467.0,2025-12-02 14:00:00,TP,687.0,ORB_NY_UP
ORB_NY,2025-12-03 13:45:00,BUY,93245.0,92727.0,94098.0,92727.0,2025-12-03 14:00:00,SL,-548.0,ORB_NY_UP
ORB_NY,2025-12-03 14:45:00,BUY,93532.0,92727.0,94383.5,92727.0,2025-12-03 14:45:00,SL,-835.0,ORB_NY_UP
ORB_NY,2025-12-03 17:00:00,SELL,92257.5,93152.0,91405.5,93152.0,2025-12-03 18:00:00,SL,-924.5,ORB_NY_DN
ORB_NY,2025-12-03 18:45:00,BUY,93156.5,92727.0,94005.0,92727.0,2025-12-03 18:45:00,SL,-459.5,ORB_NY_UP
ORB_NY,2025-12-04 13:15:00,SELL,92580.0,93209.0,91760.5,93209.0,2025-12-04 15:30:00,SL,-659.0,ORB_NY_DN
ORB_NY,2025-12-04 16:45:00,SELL,92571.5,93209.0,91748.0,91748.0,2025-12-04 19:00:00,TP,793.5,ORB_NY_DN
ORB_NY,2025-12-05 13:30:00,SELL,90843.5,91477.0,90120.0,90120.0,2025-12-05 14:30:00,TP,693.5,ORB_NY_DN
ORB_NY,2025-12-05 15:45:00,SELL,91068.5,91477.0,90336.5,90336.5,2025-12-05 15:45:00,TP,702.0,ORB_NY_DN
ORB_NY,2025-12-08 13:30:00,SELL,91663.0,92021.5,91001.0,91001.0,2025-12-08 14:30:00,TP,632.0,ORB_NY_DN
ORB_NY,2025-12-09 13:30:00,BUY,90709.5,90338.0,91407.0,90338.0,2025-12-09 13:30:00,SL,-401.5,ORB_NY_UP
ORB_NY,2025-12-09 14:30:00,SELL,90280.0,90689.0,89581.0,90689.0,2025-12-09 15:00:00,SL,-439.0,ORB_NY_DN
ORB_NY,2025-12-09 15:30:00,BUY,91182.5,90338.0,91894.0,91894.0,2025-12-09 15:30:00,TP,681.5,ORB_NY_UP
ORB_NY,2025-12-10 16:15:00,BUY,92255.0,91837.5,93069.0,91837.5,2025-12-10 19:00:00,SL,-447.5,ORB_NY_UP
ORB_NY,2025-12-11 15:00:00,SELL,89552.5,90408.5,88755.0,90408.5,2025-12-11 15:15:00,SL,-886.0,ORB_NY_DN
ORB_NY,2025-12-11 15:45:00,SELL,89808.5,90408.5,89029.5,90408.5,2025-12-11 18:00:00,SL,-630.0,ORB_NY_DN
ORB_NY,2025-12-11 18:45:00,BUY,91176.5,90009.5,91950.0,91950.0,2025-12-11 21:00:00,TP,743.5,ORB_NY_UP
ORB_NY,2025-12-12 14:45:00,BUY,92472.0,92090.0,93250.0,92090.0,2025-12-12 15:00:00,SL,-412.0,ORB_NY_UP
ORB_NY,2025-12-15 14:00:00,SELL,89436.0,89783.0,88771.5,89783.0,2025-12-15 14:30:00,SL,-377.0,ORB_NY_DN
ORB_NY,2025-12-16 13:45:00,SELL,86919.5,87470.0,86107.5,87470.0,2025-12-16 14:45:00,SL,-580.5,ORB_NY_DN
ORB_NY,2025-12-16 16:00:00,BUY,87971.5,87058.5,88788.5,87058.5,2025-12-16 18:00:00,SL,-943.0,ORB_NY_UP
ORB_NY,2025-12-16 18:45:00,BUY,87891.5,87058.5,88714.0,87533.0,2025-12-17 01:45:00,TIME,-388.5,ORB_NY_UP
ORB_NY,2025-12-17 13:45:00,BUY,87348.5,86795.0,88177.0,88177.0,2025-12-17 14:45:00,TP,798.5,ORB_NY_UP
ORB_NY,2025-12-17 16:30:00,SELL,86322.5,87205.0,85520.5,85520.5,2025-12-17 19:00:00,TP,772.0,ORB_NY_DN
ORB_NY,2025-12-18 13:15:00,BUY,87876.5,87077.0,88553.5,88553.5,2025-12-18 13:30:00,TP,647.0,ORB_NY_UP
ORB_NY,2025-12-18 17:15:00,SELL,86321.0,87413.0,85652.0,85652.0,2025-12-18 17:15:00,TP,639.0,ORB_NY_DN
ORB_NY,2025-12-19 14:45:00,BUY,88506.0,87790.0,89391.5,87790.0,2025-12-19 15:45:00,SL,-746.0,ORB_NY_UP
ORB_NY,2025-12-19 16:15:00,BUY,88319.5,87790.0,89218.0,87790.0,2025-12-19 17:15:00,SL,-559.5,ORB_NY_UP
ORB_NY,2025-12-19 20:00:00,SELL,87780.5,88245.5,86867.0,88245.5,2025-12-19 20:30:00,SL,-495.0,ORB_NY_DN
ORB_NY,2025-12-22 13:45:00,SELL,89733.0,90553.0,88267.5,88267.5,2025-12-22 19:30:00,TP,1435.5,ORB_NY_DN
ORB_NY,2025-12-23 14:45:00,SELL,87391.0,87937.0,86649.5,86649.5,2025-12-23 14:45:00,TP,711.5,ORB_NY_DN
ORB_NY,2025-12-23 17:00:00,BUY,87959.0,87555.0,88717.0,87555.0,2025-12-23 17:45:00,SL,-434.0,ORB_NY_UP
ORB_NY,2025-12-23 18:45:00,BUY,88068.5,87555.0,88830.5,87555.0,2025-12-23 20:00:00,SL,-543.5,ORB_NY_UP
ORB_NY,2025-12-24 14:45:00,SELL,86940.5,87448.5,86246.5,87448.5,2025-12-24 16:30:00,SL,-538.0,ORB_NY_DN
ORB_NY,2025-12-24 19:45:00,BUY,87452.0,87099.5,88150.5,87099.5,2025-12-25 23:30:00,SL,-382.5,ORB_NY_UP
ORB_NY,2025-12-26 13:15:00,BUY,88783.0,88470.0,89284.0,88470.0,2025-12-26 14:30:00,SL,-343.0,ORB_NY_UP
ORB_NY,2025-12-29 14:45:00,BUY,87998.5,86702.0,89652.0,87225.0,2025-12-29 21:45:00,TIME,-803.5,ORB_NY_UP
ORB_NY,2025-12-30 14:00:00,BUY,88009.0,87787.5,88431.0,87787.5,2025-12-30 14:00:00,SL,-251.5,ORB_NY_UP
ORB_NY,2025-12-30 14:30:00,BUY,88049.5,87787.5,88459.5,87787.5,2025-12-30 14:30:00,SL,-292.0,ORB_NY_UP
ORB_NY,2025-12-30 19:30:00,BUY,88267.5,87787.5,88689.5,87787.5,2025-12-30 20:45:00,SL,-510.0,ORB_NY_UP
ORB_NY,2025-12-31 14:15:00,BUY,89039.5,88633.0,89685.0,88633.0,2025-12-31 14:30:00,SL,-436.5,ORB_NY_UP
ORB_NY,2026-01-02 14:00:00,SELL,89265.0,89518.0,88805.0,88805.0,2026-01-02 14:15:00,TP,430.0,ORB_NY_DN
ORB_NY,2026-01-02 15:00:00,BUY,89521.5,89287.0,89981.5,89287.0,2026-01-02 15:00:00,SL,-264.5,ORB_NY_UP
ORB_NY,2026-01-02 15:45:00,BUY,89688.5,89287.0,90172.5,89287.0,2026-01-02 15:45:00,SL,-431.5,ORB_NY_UP
ORB_NY,2026-01-02 16:15:00,BUY,89737.0,89287.0,90194.0,90194.0,2026-01-02 16:30:00,TP,427.0,ORB_NY_UP
ORB_NY,2026-01-05 13:45:00,SELL,92557.0,93180.0,91615.5,93180.0,2026-01-05 14:30:00,SL,-653.0,ORB_NY_DN
ORB_NY,2026-01-06 13:30:00,SELL,93722.5,93983.0,93278.0,93983.0,2026-01-06 14:00:00,SL,-290.5,ORB_NY_DN
ORB_NY,2026-01-06 15:15:00,SELL,93755.5,93983.0,93316.0,93983.0,2026-01-06 15:15:00,SL,-257.5,ORB_NY_DN
ORB_NY,2026-01-06 15:45:00,SELL,93471.0,93983.0,93034.0,93034.0,2026-01-06 16:15:00,TP,407.0,ORB_NY_DN
ORB_NY,2026-01-07 13:15:00,SELL,91806.0,92118.0,91370.0,92118.0,2026-01-07 13:15:00,SL,-342.0,ORB_NY_DN
ORB_NY,2026-01-07 14:15:00,SELL,91620.0,92118.0,91177.0,91177.0,2026-01-07 15:15:00,TP,413.0,ORB_NY_DN
ORB_NY,2026-01-08 14:30:00,SELL,89533.0,90151.0,88569.0,90151.0,2026-01-08 15:00:00,SL,-648.0,ORB_NY_DN
ORB_NY,2026-01-09 13:15:00,BUY,90547.0,90143.0,91289.0,90143.0,2026-01-09 14:30:00,SL,-434.0,ORB_NY_UP
ORB_NY,2026-01-09 15:30:00,BUY,91579.5,90143.0,92306.0,90143.0,2026-01-09 19:30:00,SL,-1466.5,ORB_NY_UP
ORB_NY,2026-01-12 13:15:00,SELL,90459.5,90759.0,89909.5,90759.0,2026-01-12 14:30:00,SL,-329.5,ORB_NY_DN
ORB_NY,2026-01-12 15:00:00,BUY,90785.0,90486.0,91339.0,91339.0,2026-01-12 15:30:00,TP,524.0,ORB_NY_UP
ORB_NY,2026-01-13 13:45:00,BUY,92128.0,91805.0,92710.5,91805.0,2026-01-13 14:00:00,SL,-353.0,ORB_NY_UP
ORB_NY,2026-01-13 14:30:00,BUY,92370.5,91805.0,92935.0,92935.0,2026-01-13 15:30:00,TP,534.5,ORB_NY_UP
ORB_NY,2026-01-14 13:30:00,BUY,95179.5,94641.5,96184.0,96184.0,2026-01-14 14:45:00,TP,974.5,ORB_NY_UP
ORB_NY,2026-01-15 14:15:00,BUY,97129.5,96505.0,98111.5,96505.0,2026-01-15 14:30:00,SL,-654.5,ORB_NY_UP
ORB_NY,2026-01-15 16:15:00,SELL,96345.0,97000.0,95358.0,97000.0,2026-01-15 17:30:00,SL,-685.0,ORB_NY_DN
ORB_NY,2026-01-15 18:15:00,SELL,96223.0,97000.0,95224.0,95224.0,2026-01-15 19:30:00,TP,969.0,ORB_NY_DN
ORB_NY,2026-01-16 14:30:00,BUY,95696.0,95324.5,96161.0,95324.5,2026-01-16 14:30:00,SL,-401.5,ORB_NY_UP
ORB_NY,2026-01-16 15:30:00,SELL,94671.5,95561.0,94196.5,95561.0,2026-01-16 21:00:00,SL,-919.5,ORB_NY_DN
ORB_NY,2026-01-19 13:15:00,SELL,92939.0,93204.0,92450.5,93204.0,2026-01-19 16:30:00,SL,-295.0,ORB_NY_DN
ORB_NY,2026-01-19 17:00:00,BUY,93249.0,92957.0,93740.0,92957.0,2026-01-19 18:15:00,SL,-322.0,ORB_NY_UP
ORB_NY,2026-01-20 13:15:00,SELL,90832.5,91239.5,90309.0,91239.5,2026-01-20 14:30:00,SL,-437.0,ORB_NY_DN
ORB_NY,2026-01-20 15:00:00,SELL,90431.0,91239.5,89922.5,89922.5,2026-01-20 15:00:00,TP,478.5,ORB_NY_DN
ORB_NY,2026-01-21 13:15:00,BUY,88845.5,88110.5,90152.0,90152.0,2026-01-21 15:00:00,TP,1276.5,ORB_NY_UP
ORB_NY,2026-01-21 16:45:00,SELL,88073.0,88762.5,86773.5,88762.5,2026-01-21 19:15:00,SL,-719.5,ORB_NY_DN
ORB_NY,2026-01-22 13:30:00,BUY,90101.5,89790.0,90579.5,89790.0,2026-01-22 13:30:00,SL,-341.5,ORB_NY_UP
ORB_NY,2026-01-23 13:15:00,BUY,89309.0,88991.0,89906.0,88991.0,2026-01-23 14:30:00,SL,-348.0,ORB_NY_UP
ORB_NY,2026-01-23 16:00:00,BUY,89652.0,88991.0,90261.5,90261.5,2026-01-23 16:30:00,TP,579.5,ORB_NY_UP
ORB_NY,2026-01-26 13:45:00,BUY,87922.5,87648.5,88425.0,87648.5,2026-01-26 14:00:00,SL,-304.0,ORB_NY_UP
ORB_NY,2026-01-26 14:45:00,BUY,88069.0,87648.5,88578.0,88578.0,2026-01-26 15:00:00,TP,479.0,ORB_NY_UP
ORB_NY,2026-01-26 15:45:00,SELL,87413.5,87899.5,86904.0,87899.5,2026-01-26 18:15:00,SL,-516.0,ORB_NY_DN
ORB_NY,2026-01-27 13:15:00,SELL,87793.0,88061.0,87334.5,88061.0,2026-01-27 14:00:00,SL,-298.0,ORB_NY_DN
ORB_NY,2026-01-27 14:45:00,SELL,87562.0,88061.0,87108.5,88061.0,2026-01-27 15:00:00,SL,-529.0,ORB_NY_DN
ORB_NY,2026-01-27 15:30:00,SELL,87503.5,88061.0,87043.5,88061.0,2026-01-27 16:00:00,SL,-587.5,ORB_NY_DN
ORB_NY,2026-01-27 17:30:00,SELL,87767.5,88061.0,87309.5,87309.5,2026-01-27 17:30:00,TP,428.0,ORB_NY_DN
ORB_NY,2026-01-27 19:00:00,BUY,88167.0,87830.0,88627.0,88627.0,2026-01-27 20:00:00,TP,430.0,ORB_NY_UP
ORB_NY,2026-01-28 13:45:00,BUY,90306.5,89686.5,91094.0,89686.5,2026-01-28 14:30:00,SL,-650.0,ORB_NY_UP
ORB_NY,2026-01-28 18:30:00,SELL,89646.5,90082.0,88875.5,88875.5,2026-01-28 20:45:00,TP,741.0,ORB_NY_DN
ORB_NY,2026-01-29 13:30:00,BUY,88021.0,87668.5,88667.5,87668.5,2026-01-29 14:30:00,SL,-382.5,ORB_NY_UP
ORB_NY,2026-01-30 14:45:00,BUY,83514.5,82492.5,84906.0,82492.5,2026-01-30 15:15:00,SL,-1052.0,ORB_NY_UP
ORB_NY,2026-01-30 16:45:00,BUY,83264.5,82492.5,84637.5,82492.5,2026-01-30 18:15:00,SL,-802.0,ORB_NY_UP
ORB_NY,2026-01-30 19:00:00,BUY,83808.0,82492.5,85175.5,82492.5,2026-02-01 22:00:00,SL,-1345.5,ORB_NY_UP
ORB_NY,2026-02-02 14:45:00,BUY,78466.0,77639.0,79839.5,77639.0,2026-02-02 15:00:00,SL,-857.0,ORB_NY_UP
ORB_NY,2026-02-02 15:30:00,BUY,78585.5,77639.0,79980.0,78766.5,2026-02-02 22:30:00,TIME,151.0,ORB_NY_UP
ORB_NY,2026-02-03 14:30:00,BUY,78353.5,77918.0,79257.5,77918.0,2026-02-03 14:30:00,SL,-465.5,ORB_NY_UP
ORB_NY,2026-02-03 16:15:00,SELL,77298.5,78363.5,76388.5,76388.5,2026-02-03 17:00:00,TP,880.0,ORB_NY_DN
ORB_NY,2026-02-04 13:30:00,SELL,75718.5,76181.5,75174.5,75174.5,2026-02-04 13:45:00,TP,514.0,ORB_NY_DN
ORB_NY,2026-02-05 15:15:00,SELL,67905.0,70485.0,64992.5,64992.5,2026-02-05 20:00:00,TP,2882.5,ORB_NY_DN
ORB_NY,2026-02-06 13:15:00,BUY,66975.5,66028.5,68052.5,68052.5,2026-02-06 14:30:00,TP,1047.0,ORB_NY_UP
ORB_NY,2026-02-09 13:15:00,BUY,69192.5,68794.5,69991.0,68794.5,2026-02-09 13:45:00,SL,-428.0,ORB_NY_UP
ORB_NY,2026-02-09 15:00:00,BUY,69229.5,68794.5,70036.5,68794.5,2026-02-09 15:15:00,SL,-465.0,ORB_NY_UP
ORB_NY,2026-02-09 15:45:00,BUY,69507.5,68794.5,70294.5,70294.5,2026-02-09 16:45:00,TP,757.0,ORB_NY_UP
ORB_NY,2026-02-10 13:45:00,BUY,68989.5,68414.5,69789.5,68414.5,2026-02-10 14:30:00,SL,-605.0,ORB_NY_UP
ORB_NY,2026-02-10 15:30:00,BUY,69183.5,68414.5,69991.5,69991.5,2026-02-10 17:30:00,TP,778.0,ORB_NY_UP
ORB_NY,2026-02-11 13:15:00,SELL,66894.0,67419.0,65932.5,67419.0,2026-02-11 13:30:00,SL,-555.0,ORB_NY_DN
ORB_NY,2026-02-11 14:00:00,BUY,67434.5,66937.5,68404.5,68404.5,2026-02-11 14:00:00,TP,940.0,ORB_NY_UP
ORB_NY,2026-02-11 15:00:00,SELL,66566.0,67419.0,65581.0,67419.0,2026-02-11 19:00:00,SL,-883.0,ORB_NY_DN
ORB_NY,2026-02-11 19:45:00,BUY,67740.5,66937.5,68712.0,66937.5,2026-02-11 23:15:00,SL,-833.0,ORB_NY_UP
ORB_NY,2026-02-12 14:00:00,BUY,68359.5,67694.5,69272.5,67694.5,2026-02-12 14:30:00,SL,-695.0,ORB_NY_UP
ORB_NY,2026-02-12 15:45:00,SELL,67384.5,68150.0,66465.5,66465.5,2026-02-12 16:00:00,TP,889.0,ORB_NY_DN
ORB_NY,2026-02-13 13:30:00,BUY,67292.5,66875.5,67891.5,66875.5,2026-02-13 14:30:00,SL,-447.0,ORB_NY_UP
ORB_NY,2026-02-16 13:30:00,SELL,68604.5,69817.5,66592.5,68211.5,2026-02-16 20:30:00,TIME,363.0,ORB_NY_DN
ORB_NY,2026-02-17 14:45:00,SELL,67077.5,68266.5,66107.0,67645.0,2026-02-17 21:45:00,TIME,-597.5,ORB_NY_DN
ORB_NY,2026-02-18 13:45:00,SELL,67280.5,67665.5,66590.5,67665.5,2026-02-18 15:30:00,SL,-415.0,ORB_NY_DN
ORB_NY,2026-02-18 16:15:00,SELL,67054.5,67665.5,66356.5,66356.5,2026-02-18 18:30:00,TP,668.0,ORB_NY_DN
ORB_NY,2026-02-19 13:30:00,SELL,66156.0,66668.0,65428.5,66668.0,2026-02-19 15:00:00,SL,-542.0,ORB_NY_DN
ORB_NY,2026-02-19 16:15:00,SELL,66137.5,66668.0,65412.5,66668.0,2026-02-19 17:00:00,SL,-560.5,ORB_NY_DN
ORB_NY,2026-02-19 18:30:00,BUY,66872.0,66304.5,67614.5,67310.5,2026-02-20 01:30:00,TIME,408.5,ORB_NY_UP
ORB_NY,2026-02-20 13:15:00,SELL,67116.5,67589.5,66477.5,66477.5,2026-02-20 13:30:00,TP,609.0,ORB_NY_DN
ORB_NY,2026-02-20 15:45:00,SELL,67229.5,67589.5,66589.5,67589.5,2026-02-20 15:45:00,SL,-390.0,ORB_NY_DN
ORB_NY,2026-02-20 16:15:00,BUY,67738.0,67266.0,68379.5,67266.0,2026-02-20 17:00:00,SL,-502.0,ORB_NY_UP
ORB_NY,2026-02-20 18:00:00,BUY,67609.5,67266.0,68256.0,67266.0,2026-02-23 00:30:00,SL,-373.5,ORB_NY_UP
ORB_NY,2026-02-23 14:45:00,SELL,65830.0,66510.0,64590.5,64590.5,2026-02-23 17:15:00,TP,1209.5,ORB_NY_DN
ORB_NY,2026-02-24 13:30:00,SELL,62920.5,63349.5,62142.5,63349.5,2026-02-24 14:30:00,SL,-459.0,ORB_NY_DN
ORB_NY,2026-02-24 15:00:00,BUY,63472.5,62961.5,64234.0,64234.0,2026-02-24 16:00:00,TP,731.5,ORB_NY_UP
ORB_NY,2026-02-25 13:45:00,BUY,66301.5,65318.5,68150.5,68150.5,2026-02-25 16:45:00,TP,1819.0,ORB_NY_UP
ORB_NY,2026-02-26 14:00:00,SELL,67896.0,68307.5,67313.5,67313.5,2026-02-26 14:45:00,TP,552.5,ORB_NY_DN
ORB_NY,2026-02-27 14:00:00,BUY,66282.0,65753.0,67204.5,65753.0,2026-02-27 14:45:00,SL,-559.0,ORB_NY_UP
ORB_NY,2026-02-27 16:45:00,SELL,65736.0,66213.0,64814.5,66213.0,2026-03-01 22:00:00,SL,-507.0,ORB_NY_DN
ORB_NY,2026-03-02 13:15:00,SELL,65863.5,66417.5,64866.5,66417.5,2026-03-02 14:30:00,SL,-584.0,ORB_NY_DN
ORB_NY,2026-03-03 13:15:00,SELL,66960.5,67954.0,65088.5,67954.0,2026-03-03 16:00:00,SL,-1023.5,ORB_NY_DN
ORB_NY,2026-03-03 17:00:00,BUY,68190.5,67015.5,70064.5,68125.5,2026-03-04 00:00:00,TIME,-95.0,ORB_NY_UP
ORB_NY,2026-03-04 13:30:00,BUY,71362.5,70597.5,72897.5,72897.5,2026-03-04 15:15:00,TP,1505.0,ORB_NY_UP
ORB_NY,2026-03-05 13:30:00,SELL,72581.0,73107.5,71693.5,71693.5,2026-03-05 15:00:00,TP,857.5,ORB_NY_DN
ORB_NY,2026-03-06 14:00:00,SELL,69238.0,70250.0,68088.5,68088.5,2026-03-06 17:30:00,TP,1119.5,ORB_NY_DN
ORB_NY,2026-03-09 13:15:00,BUY,68467.5,67748.5,69673.5,68996.0,2026-03-09 20:15:00,TIME,498.5,ORB_NY_UP
ORB_NY,2026-03-10 13:15:00,BUY,70775.5,70318.5,71454.5,70318.5,2026-03-10 13:30:00,SL,-487.0,ORB_NY_UP
ORB_NY,2026-03-10 15:00:00,BUY,71456.0,70318.5,72164.5,70318.5,2026-03-10 18:15:00,SL,-1167.5,ORB_NY_UP
ORB_NY,2026-03-10 18:45:00,SELL,70083.5,70659.5,69413.5,70094.5,2026-03-11 01:45:00,TIME,-41.0,ORB_NY_DN
ORB_NY,2026-03-11 13:15:00,BUY,69874.5,68993.5,71461.5,70491.0,2026-03-11 20:15:00,TIME,586.5,ORB_NY_UP
ORB_NY,2026-03-12 13:30:00,SELL,70126.5,70652.0,69420.5,70652.0,2026-03-12 14:15:00,SL,-555.5,ORB_NY_DN
ORB_NY,2026-03-12 16:15:00,SELL,70156.5,70652.0,69448.5,70652.0,2026-03-12 23:15:00,SL,-525.5,ORB_NY_DN
ORB_NY,2026-03-13 13:30:00,BUY,73055.0,72233.0,74400.5,72233.0,2026-03-13 15:30:00,SL,-852.0,ORB_NY_UP
ORB_NY,2026-03-16 13:45:00,BUY,74089.5,73463.5,75284.5,73463.5,2026-03-16 14:30:00,SL,-656.0,ORB_NY_UP
ORB_NY,2026-03-16 16:00:00,SELL,73282.5,74062.5,72082.5,74062.5,2026-03-16 17:45:00,SL,-810.0,ORB_NY_DN
ORB_NY,2026-03-16 18:15:00,BUY,74227.0,73463.5,75423.0,75423.0,2026-03-17 00:00:00,TP,1166.0,ORB_NY_UP
ORB_NY,2026-03-17 14:00:00,SELL,73657.0,74197.5,72601.5,74197.5,2026-03-17 14:30:00,SL,-570.5,ORB_NY_DN
ORB_NY,2026-03-17 16:30:00,BUY,74241.5,73676.0,75278.5,73981.5,2026-03-17 23:30:00,TIME,-290.0,ORB_NY_UP
ORB_NY,2026-03-18 14:00:00,SELL,72152.5,72997.5,70716.5,70716.5,2026-03-18 20:00:00,TP,1406.0,ORB_NY_DN
ORB_NY,2026-03-19 13:15:00,SELL,69090.5,69954.0,67370.0,69954.0,2026-03-19 13:45:00,SL,-893.5,ORB_NY_DN
ORB_NY,2026-03-19 15:45:00,SELL,68884.5,69954.0,67165.0,69954.0,2026-03-19 19:00:00,SL,-1099.5,ORB_NY_DN
ORB_NY,2026-03-20 14:00:00,SELL,69854.5,70690.0,68942.0,68942.0,2026-03-22 21:00:00,TP,882.5,ORB_NY_DN
ORB_NY,2026-03-23 13:45:00,BUY,71210.5,69653.5,73621.0,70900.5,2026-03-23 20:45:00,TIME,-340.0,ORB_NY_UP
ORB_NY,2026-03-24 13:15:00,SELL,70819.0,71169.5,70133.5,70133.5,2026-03-24 13:45:00,TP,655.5,ORB_NY_DN
ORB_NY,2026-03-25 15:15:00,SELL,70804.5,71943.5,69170.5,71022.5,2026-03-25 22:15:00,TIME,-248.0,ORB_NY_DN
ORB_NY,2026-03-26 13:15:00,BUY,69457.5,69194.5,69942.5,69194.5,2026-03-26 13:30:00,SL,-293.0,ORB_NY_UP
ORB_NY,2026-03-26 15:15:00,SELL,68899.5,69436.5,68447.5,68447.5,2026-03-26 17:45:00,TP,422.0,ORB_NY_DN
ORB_NY,2026-03-27 14:00:00,SELL,66138.0,66739.0,65441.0,66496.5,2026-03-29 21:00:00,TIME,-388.5,ORB_NY_DN
ORB_NY,2026-03-30 14:00:00,SELL,67470.5,67932.0,66819.5,66819.5,2026-03-30 17:15:00,TP,621.0,ORB_NY_DN
ORB_NY,2026-03-31 13:45:00,BUY,66924.0,66466.5,67751.5,66466.5,2026-03-31 14:45:00,SL,-487.5,ORB_NY_UP
ORB_NY,2026-03-31 15:15:00,BUY,67211.5,66466.5,68010.5,68010.5,2026-03-31 17:00:00,TP,769.0,ORB_NY_UP
ORB_NY,2026-04-01 13:45:00,SELL,68090.0,68773.0,67037.5,68773.0,2026-04-01 15:15:00,SL,-713.0,ORB_NY_DN
ORB_NY,2026-04-01 16:00:00,BUY,68902.0,68242.5,69966.0,68242.5,2026-04-01 17:45:00,SL,-689.5,ORB_NY_UP
ORB_NY,2026-04-01 18:15:00,SELL,68068.5,68773.0,67012.5,67606.0,2026-04-02 01:15:00,TIME,432.5,ORB_NY_DN
ORB_NY,2026-04-02 13:45:00,SELL,65842.0,66233.0,65259.5,66233.0,2026-04-02 13:45:00,SL,-421.0,ORB_NY_DN
ORB_NY,2026-04-03 13:45:00,SELL,66608.5,67372.5,65166.0,66829.0,2026-04-03 20:45:00,TIME,-250.5,ORB_NY_DN
ORB_NY,2026-04-06 15:00:00,BUY,69663.5,69326.0,70308.5,70308.5,2026-04-06 16:45:00,TP,615.0,ORB_NY_UP
ORB_NY,2026-04-06 18:15:00,BUY,69761.5,69326.0,70405.5,69326.0,2026-04-06 22:30:00,SL,-465.5,ORB_NY_UP
ORB_NY,2026-04-07 13:15:00,BUY,68614.5,68071.0,69624.5,68071.0,2026-04-07 14:00:00,SL,-573.5,ORB_NY_UP
ORB_NY,2026-04-07 14:45:00,SELL,67992.0,68575.0,66985.5,68575.0,2026-04-07 17:30:00,SL,-613.0,ORB_NY_DN
ORB_NY,2026-04-07 20:00:00,BUY,69013.5,68071.0,70030.5,70030.5,2026-04-07 21:00:00,TP,987.0,ORB_NY_UP
ORB_NY,2026-04-08 13:15:00,BUY,72635.0,71590.5,73792.5,71590.5,2026-04-08 13:45:00,SL,-1074.5,ORB_NY_UP
ORB_NY,2026-04-08 14:15:00,SELL,71522.5,72166.0,70370.0,71687.0,2026-04-08 21:15:00,TIME,-194.5,ORB_NY_DN
ORB_NY,2026-04-09 13:45:00,SELL,70905.5,71341.0,70303.5,71341.0,2026-04-09 15:00:00,SL,-465.5,ORB_NY_DN
ORB_NY,2026-04-10 14:15:00,BUY,72753.5,72011.0,73677.0,72011.0,2026-04-12 21:00:00,SL,-772.5,ORB_NY_UP
ORB_NY,2026-04-13 14:00:00,BUY,71690.0,70765.5,72649.5,72649.5,2026-04-13 17:30:00,TP,929.5,ORB_NY_UP
ORB_NY,2026-04-14 13:15:00,BUY,74609.0,74297.0,75043.5,75043.5,2026-04-14 13:30:00,TP,404.5,ORB_NY_UP
ORB_NY,2026-04-14 19:00:00,SELL,74164.0,74514.0,73727.5,74514.0,2026-04-15 00:00:00,SL,-380.0,ORB_NY_DN
ORB_NY,2026-04-15 13:45:00,SELL,73903.5,74491.5,73087.0,74491.5,2026-04-15 14:15:00,SL,-618.0,ORB_NY_DN
ORB_NY,2026-04-15 14:45:00,SELL,73998.5,74491.5,73182.5,74491.5,2026-04-15 19:00:00,SL,-523.0,ORB_NY_DN
ORB_NY,2026-04-16 13:30:00,BUY,74991.5,74594.5,75556.5,74594.5,2026-04-16 13:30:00,SL,-427.0,ORB_NY_UP
ORB_NY,2026-04-16 14:00:00,SELL,73776.0,74883.0,73226.0,74883.0,2026-04-16 15:30:00,SL,-1137.0,ORB_NY_DN
ORB_NY,2026-04-16 16:30:00,SELL,74584.5,74883.0,74009.5,74009.5,2026-04-16 17:00:00,TP,545.0,ORB_NY_DN
ORB_NY,2026-04-16 19:00:00,BUY,75103.0,74594.5,75635.5,74594.5,2026-04-17 01:45:00,SL,-538.5,ORB_NY_UP
ORB_NY,2026-04-17 13:15:00,BUY,76956.5,75550.0,78487.5,77423.0,2026-04-17 20:15:00,TIME,436.5,ORB_NY_UP
ORB_NY,2026-04-20 15:00:00,SELL,75071.5,75686.5,73904.5,75686.5,2026-04-20 15:15:00,SL,-645.0,ORB_NY_DN
ORB_NY,2026-04-20 16:00:00,BUY,75743.5,75100.5,76913.5,75783.5,2026-04-20 23:00:00,TIME,10.0,ORB_NY_UP
ORB_NY,2026-04-21 15:00:00,SELL,75684.5,76552.0,74033.5,75566.5,2026-04-21 22:00:00,TIME,88.0,ORB_NY_DN
ORB_NY,2026-04-22 13:45:00,BUY,78639.5,78132.5,79414.5,79414.5,2026-04-22 15:45:00,TP,745.0,ORB_NY_UP
ORB_NY,2026-04-23 14:00:00,SELL,77544.5,77908.5,76867.0,77908.5,2026-04-23 14:15:00,SL,-394.0,ORB_NY_DN
ORB_NY,2026-04-23 14:45:00,BUY,77928.5,77566.0,78615.5,78615.5,2026-04-23 15:15:00,TP,657.0,ORB_NY_UP
ORB_NY,2026-04-23 17:45:00,SELL,77223.5,77908.5,76536.0,77908.5,2026-04-23 18:00:00,SL,-715.0,ORB_NY_DN
ORB_NY,2026-04-24 14:15:00,SELL,77890.0,78396.0,77181.0,78228.5,2026-04-26 21:15:00,TIME,-368.5,ORB_NY_DN
ORB_NY,2026-04-27 14:30:00,BUY,77882.5,77626.0,78404.5,77626.0,2026-04-27 15:00:00,SL,-286.5,ORB_NY_UP
ORB_NY,2026-04-28 13:15:00,SELL,76134.0,76419.5,75582.0,76419.5,2026-04-28 20:00:00,SL,-315.5,ORB_NY_DN
ORB_NY,2026-04-29 13:30:00,SELL,76920.5,77598.5,75677.0,75677.0,2026-04-29 15:45:00,TP,1213.5,ORB_NY_DN
ORB_NY,2026-04-30 13:45:00,BUY,76596.0,76010.0,77381.0,76466.5,2026-04-30 20:45:00,TIME,-159.5,ORB_NY_UP
ORB_NY,2026-05-01 13:15:00,BUY,78346.0,77383.5,79908.0,78145.5,2026-05-01 20:15:00,TIME,-230.5,ORB_NY_UP
ORB_NY,2026-05-04 14:30:00,BUY,79254.5,78688.5,79922.0,79922.0,2026-05-04 14:45:00,TP,637.5,ORB_NY_UP
ORB_NY,2026-05-05 13:15:00,BUY,81644.0,80920.5,82459.5,81551.5,2026-05-05 20:15:00,TIME,-122.5,ORB_NY_UP
ORB_NY,2026-05-06 13:15:00,SELL,82106.5,82547.5,81360.5,81360.5,2026-05-06 14:00:00,TP,716.0,ORB_NY_DN
ORB_NY,2026-05-07 13:45:00,SELL,80566.5,81204.5,79818.0,79818.0,2026-05-07 15:15:00,TP,718.5,ORB_NY_DN
ORB_NY,2026-05-08 13:15:00,SELL,79683.5,80500.0,78607.0,80262.5,2026-05-08 20:15:00,TIME,-609.0,ORB_NY_DN
ORB_NY,2026-05-11 14:30:00,SELL,80715.5,81341.5,80060.5,81341.5,2026-05-11 15:15:00,SL,-656.0,ORB_NY_DN
ORB_NY,2026-05-11 16:00:00,BUY,81427.5,81011.5,82083.5,82083.5,2026-05-11 18:00:00,TP,626.0,ORB_NY_UP
ORB_NY,2026-05-12 14:00:00,SELL,80459.0,80994.0,79637.5,80671.5,2026-05-12 21:00:00,TIME,-242.5,ORB_NY_DN
ORB_NY,2026-05-13 14:00:00,SELL,79621.0,80578.0,78106.5,79447.5,2026-05-13 21:00:00,TIME,143.5,ORB_NY_DN
ORB_NY,2026-05-14 13:15:00,BUY,79858.0,79195.0,81008.0,81008.0,2026-05-14 14:45:00,TP,1120.0,ORB_NY_UP
ORB_NY,2026-05-15 13:15:00,SELL,80123.5,80641.5,79516.0,79516.0,2026-05-15 13:30:00,TP,577.5,ORB_NY_DN
ORB_NY,2026-05-18 13:45:00,SELL,76782.5,77770.5,75709.5,76852.5,2026-05-18 20:45:00,TIME,-100.0,ORB_NY_DN
ORB_NY,2026-05-19 13:30:00,SELL,76539.5,76925.5,75821.5,76925.5,2026-05-19 13:30:00,SL,-416.0,ORB_NY_DN
ORB_NY,2026-05-19 14:15:00,SELL,76547.5,76925.5,75839.5,76925.5,2026-05-19 17:15:00,SL,-408.0,ORB_NY_DN
ORB_NY,2026-05-19 19:15:00,BUY,76986.5,76572.5,77695.5,76572.5,2026-05-20 00:00:00,SL,-444.0,ORB_NY_UP
ORB_NY,2026-05-20 13:30:00,SELL,77221.0,77669.0,76433.5,77669.0,2026-05-20 15:15:00,SL,-478.0,ORB_NY_DN
ORB_NY,2026-05-20 16:30:00,SELL,77003.5,77669.0,76209.5,77669.0,2026-05-20 20:00:00,SL,-695.5,ORB_NY_DN
ORB_NY,2026-05-21 13:45:00,SELL,76676.5,77305.5,76058.5,77305.5,2026-05-21 15:45:00,SL,-659.0,ORB_NY_DN
ORB_NY,2026-05-21 16:45:00,SELL,76995.5,77305.5,76373.5,77305.5,2026-05-21 17:00:00,SL,-340.0,ORB_NY_DN
ORB_NY,2026-05-22 13:30:00,SELL,77214.5,77504.5,76809.0,76809.0,2026-05-22 14:15:00,TP,375.5,ORB_NY_DN
ORB_NY,2026-05-25 14:15:00,BUY,77406.5,77213.5,77718.5,77718.5,2026-05-25 15:00:00,TP,282.0,ORB_NY_UP
ORB_NY,2026-05-25 20:00:00,BUY,77374.5,77213.5,77698.5,77213.5,2026-05-25 20:30:00,SL,-191.0,ORB_NY_UP
ORB_NY,2026-05-26 13:30:00,SELL,76711.0,77167.0,75985.5,77167.0,2026-05-26 13:45:00,SL,-486.0,ORB_NY_DN
ORB_NY,2026-05-26 14:15:00,BUY,77333.0,76804.5,78062.5,76804.5,2026-05-26 14:30:00,SL,-558.5,ORB_NY_UP
ORB_NY,2026-05-26 15:30:00,SELL,76556.0,77167.0,75830.5,75830.5,2026-05-26 17:30:00,TP,695.5,ORB_NY_DN
ORB_NY,2026-05-27 13:15:00,SELL,75312.0,76037.5,74128.0,75148.5,2026-05-27 20:15:00,TIME,133.5,ORB_NY_DN
ORB_NY,2026-05-28 13:30:00,SELL,73034.0,73458.5,72371.0,73458.5,2026-05-28 17:45:00,SL,-454.5,ORB_NY_DN
ORB_NY,2026-05-28 18:15:00,BUY,73532.5,73128.5,74189.5,73503.0,2026-05-29 01:15:00,TIME,-59.5,ORB_NY_UP
ORB_NY,2026-05-29 13:15:00,SELL,73014.5,73383.5,72435.5,72435.5,2026-05-29 14:15:00,TP,549.0,ORB_NY_DN
ORB_NY,2026-05-29 15:15:00,BUY,73576.5,73092.5,74172.5,74172.5,2026-05-29 17:00:00,TP,566.0,ORB_NY_UP
ORB_NY,2026-05-29 19:45:00,BUY,73586.5,73092.5,74165.5,73559.0,2026-05-29 20:45:00,TIME,-57.5,ORB_NY_UP
VBO_NY,2024-12-31 13:15:00,BUY,94931.0,94495.66,95851.22,95851.22,2024-12-31 13:15:00,TP,890.23,VBO_UP
VBO_NY,2024-12-31 17:45:00,SELL,93519.6,94173.83,92148.91,94173.83,2024-12-31 18:00:00,SL,-684.23,VBO_DN
VBO_NY,2025-01-03 14:30:00,BUY,97034.9,96772.18,97582.22,96772.18,2025-01-03 14:30:00,SL,-292.72,VBO_UP
VBO_NY,2025-01-03 16:30:00,BUY,97953.0,97506.41,98882.78,98882.78,2025-01-03 19:00:00,TP,899.78,VBO_UP
VBO_NY,2025-01-06 15:00:00,BUY,100739.4,100243.4,101814.67,101814.67,2025-01-06 15:30:00,TP,1045.27,VBO_UP
VBO_NY,2025-01-07 15:00:00,SELL,100044.9,100450.85,99183.45,99183.45,2025-01-07 15:00:00,TP,831.45,VBO_DN
VBO_NY,2025-01-07 15:45:00,SELL,97468.1,98068.66,96234.82,98068.66,2025-01-07 15:45:00,SL,-630.56,VBO_DN
VBO_NY,2025-01-08 17:15:00,SELL,93813.0,94485.66,92398.67,94485.66,2025-01-08 18:00:00,SL,-702.66,VBO_DN
VBO_NY,2025-01-09 13:45:00,SELL,92261.3,92717.11,91278.4,92717.11,2025-01-09 14:30:00,SL,-485.81,VBO_DN
VBO_NY,2025-01-09 16:00:00,BUY,94233.0,93637.85,95485.24,93637.85,2025-01-09 17:15:00,SL,-625.15,VBO_UP
VBO_NY,2025-01-10 13:45:00,SELL,93534.7,93937.96,92655.41,93937.96,2025-01-10 14:00:00,SL,-433.26,VBO_DN
VBO_NY,2025-01-10 15:15:00,SELL,92308.8,93025.1,90846.1,93025.1,2025-01-10 15:15:00,SL,-746.3,VBO_DN
VBO_NY,2025-01-10 18:00:00,BUY,95807.7,94735.12,98065.99,94735.12,2025-01-10 18:30:00,SL,-1102.58,VBO_UP
VBO_NY,2025-01-15 13:45:00,BUY,98518.9,98121.89,99355.26,99355.26,2025-01-15 14:00:00,TP,806.36,VBO_UP
VBO_NY,2025-01-15 15:30:00,BUY,99739.2,99221.64,100831.62,99221.64,2025-01-15 15:45:00,SL,-547.56,VBO_UP
VBO_NY,2025-01-16 14:45:00,SELL,98271.8,98723.35,97327.38,97327.38,2025-01-16 15:00:00,TP,914.43,VBO_DN
VBO_NY,2025-01-17 15:00:00,BUY,103413.3,102979.71,104346.82,104346.82,2025-01-17 16:00:00,TP,903.52,VBO_UP
VBO_NY,2025-01-20 12:30:00,SELL,106541.3,107499.43,104517.44,107499.43,2025-01-20 13:30:00,SL,-988.13,VBO_DN
VBO_NY,2025-01-20 16:00:00,SELL,104747.0,105781.87,102583.01,105781.87,2025-01-20 16:30:00,SL,-1064.87,VBO_DN
VBO_NY,2025-01-20 17:45:00,SELL,100585.2,102272.3,97137.0,102272.3,2025-01-20 17:45:00,SL,-1717.1,VBO_DN
VBO_NY,2025-01-21 12:30:00,BUY,104418.2,103881.6,105540.44,103881.6,2025-01-21 14:30:00,SL,-566.6,VBO_UP
VBO_NY,2025-01-21 16:15:00,BUY,105971.4,105087.71,107792.08,105087.71,2025-01-21 16:30:00,SL,-913.69,VBO_UP
VBO_NY,2025-01-22 13:45:00,SELL,104575.3,104976.05,103754.29,103754.29,2025-01-22 14:00:00,TP,791.01,VBO_DN
VBO_NY,2025-01-23 14:45:00,BUY,104985.9,104360.59,106313.29,104360.59,2025-01-23 15:00:00,SL,-655.31,VBO_UP
VBO_NY,2025-01-23 16:15:00,BUY,106528.4,105495.91,108715.8,105495.91,2025-01-23 16:15:00,SL,-1062.49,VBO_UP
VBO_NY,2025-01-24 14:45:00,BUY,106234.5,105798.73,107145.12,105798.73,2025-01-24 14:45:00,SL,-465.77,VBO_UP
VBO_NY,2025-01-27 13:00:00,BUY,100650.7,99965.94,102036.59,99965.94,2025-01-27 13:45:00,SL,-714.76,VBO_UP
VBO_NY,2025-01-27 15:00:00,BUY,101763.8,100893.86,103591.6,100893.86,2025-01-27 15:15:00,SL,-899.94,VBO_UP
VBO_NY,2025-01-28 14:15:00,SELL,101937.8,102307.23,101146.58,102307.23,2025-01-28 14:15:00,SL,-399.43,VBO_DN
VBO_NY,2025-01-29 13:15:00,SELL,102132.8,102448.94,101477.88,102448.94,2025-01-29 15:00:00,SL,-346.14,VBO_DN
VBO_NY,2025-01-29 19:45:00,BUY,103451.9,102777.93,104808.51,104808.51,2025-01-29 20:30:00,TP,1326.61,VBO_UP
VBO_NY,2025-01-30 15:00:00,BUY,105946.6,105573.36,106717.71,105573.36,2025-01-30 15:15:00,SL,-403.24,VBO_UP
VBO_NY,2025-01-31 15:30:00,BUY,105229.1,104843.45,106037.16,106037.16,2025-01-31 15:45:00,TP,778.06,VBO_UP
VBO_NY,2025-01-31 18:30:00,SELL,104037.2,104597.36,102893.64,102893.64,2025-01-31 18:45:00,TP,1113.56,VBO_DN
VBO_NY,2025-02-03 14:45:00,BUY,96256.0,95526.66,97717.49,97717.49,2025-02-03 15:15:00,TP,1431.49,VBO_UP
VBO_NY,2025-02-03 15:45:00,BUY,98760.0,97875.44,100662.04,100662.04,2025-02-03 19:15:00,TP,1872.04,VBO_UP
VBO_NY,2025-02-04 14:45:00,BUY,100255.6,99718.05,101377.66,99718.05,2025-02-04 15:00:00,SL,-567.55,VBO_UP
VBO_NY,2025-02-05 14:45:00,BUY,98856.0,98431.7,99736.88,98431.7,2025-02-05 14:45:00,SL,-454.3,VBO_UP
VBO_NY,2025-02-05 18:15:00,SELL,96897.0,97523.95,95594.24,97523.95,2025-02-05 19:45:00,SL,-656.95,VBO_DN
VBO_NY,2025-02-07 13:45:00,BUY,98335.9,98004.51,99053.12,99053.12,2025-02-07 14:00:00,TP,687.23,VBO_UP
VBO_NY,2025-02-10 14:00:00,BUY,98273.6,97945.26,98932.66,97945.26,2025-02-10 14:00:00,SL,-358.34,VBO_UP
VBO_NY,2025-02-10 15:30:00,SELL,97100.8,97533.73,96212.42,97533.73,2025-02-10 17:45:00,SL,-462.93,VBO_DN
VBO_NY,2025-02-11 12:15:00,SELL,97840.4,98057.1,97378.15,97378.15,2025-02-11 13:30:00,TP,432.25,VBO_DN
VBO_NY,2025-02-11 14:00:00,SELL,96781.2,97055.39,96194.55,97055.39,2025-02-11 14:00:00,SL,-304.19,VBO_DN
VBO_NY,2025-02-12 13:30:00,BUY,96514.8,96252.77,97083.81,96252.77,2025-02-12 13:30:00,SL,-292.03,VBO_UP
VBO_NY,2025-02-12 17:00:00,BUY,97029.1,96198.93,98766.02,98017.8,2025-02-12 23:00:00,TIME,958.7,VBO_UP
VBO_NY,2025-02-14 15:00:00,BUY,97292.8,96999.73,97899.36,96999.73,2025-02-14 15:00:00,SL,-323.07,VBO_UP
VBO_NY,2025-02-14 17:00:00,BUY,97681.4,97230.02,98636.58,97230.02,2025-02-14 17:00:00,SL,-481.38,VBO_UP
VBO_NY,2025-02-14 17:45:00,BUY,97996.6,97476.26,99083.72,97476.26,2025-02-14 20:45:00,SL,-550.34,VBO_UP
VBO_NY,2025-02-17 14:15:00,BUY,96937.4,96714.95,97413.17,96714.95,2025-02-17 14:15:00,SL,-252.45,VBO_UP
VBO_NY,2025-02-17 16:00:00,SELL,95691.4,95997.61,95053.15,95997.61,2025-02-17 20:30:00,SL,-336.21,VBO_DN
VBO_NY,2025-02-18 12:45:00,BUY,96183.6,95898.93,96723.32,96723.32,2025-02-18 14:15:00,TP,509.72,VBO_UP
VBO_NY,2025-02-18 15:00:00,SELL,95514.4,95843.47,94819.59,94819.59,2025-02-18 16:30:00,TP,664.81,VBO_DN
VBO_NY,2025-02-19 15:00:00,SELL,95758.6,96064.87,95120.22,96064.87,2025-02-19 15:15:00,SL,-336.27,VBO_DN
VBO_NY,2025-02-20 12:15:00,BUY,97444.3,97292.48,97759.05,97759.05,2025-02-20 14:00:00,TP,284.75,VBO_UP
VBO_NY,2025-02-20 14:30:00,BUY,97820.0,97642.4,98205.11,97642.4,2025-02-20 14:45:00,SL,-207.6,VBO_UP
VBO_NY,2025-02-21 13:15:00,BUY,99326.8,99092.94,99906.51,99092.94,2025-02-21 14:15:00,SL,-263.86,VBO_UP
VBO_NY,2025-02-21 15:30:00,SELL,98294.7,98748.42,97362.7,97362.7,2025-02-21 15:30:00,TP,902.0,VBO_DN
VBO_NY,2025-02-24 14:45:00,SELL,95137.7,95478.34,94430.8,94430.8,2025-02-24 15:00:00,TP,676.9,VBO_DN
VBO_NY,2025-02-24 19:45:00,SELL,93752.6,94365.48,92470.21,94365.48,2025-02-24 20:15:00,SL,-642.88,VBO_DN
VBO_NY,2025-02-25 15:15:00,SELL,86721.2,87527.73,85002.09,87527.73,2025-02-25 15:45:00,SL,-836.53,VBO_DN
VBO_NY,2025-02-26 13:00:00,SELL,87881.2,88239.85,87136.49,87136.49,2025-02-26 13:45:00,TP,714.71,VBO_DN
VBO_NY,2025-02-26 14:15:00,SELL,86392.9,86826.15,85469.34,85469.34,2025-02-26 14:15:00,TP,893.56,VBO_DN
VBO_NY,2025-02-26 18:30:00,SELL,85116.2,86024.15,82929.26,82929.26,2025-02-26 20:00:00,TP,2156.94,VBO_DN
VBO_NY,2025-02-27 14:45:00,SELL,85469.4,86031.91,84284.25,86031.91,2025-02-27 15:30:00,SL,-592.51,VBO_DN
VBO_NY,2025-02-28 13:45:00,BUY,81428.7,80692.07,82959.65,82959.65,2025-02-28 15:00:00,TP,1500.95,VBO_UP
VBO_NY,2025-02-28 15:30:00,BUY,84308.1,83501.54,85978.25,83501.54,2025-02-28 16:00:00,SL,-836.56,VBO_UP
VBO_NY,2025-02-28 16:45:00,BUY,84682.5,83782.3,86524.92,83782.3,2025-02-28 17:30:00,SL,-930.2,VBO_UP
VBO_NY,2025-03-03 14:45:00,SELL,91309.4,91979.67,89908.69,89908.69,2025-03-03 14:45:00,TP,1370.71,VBO_DN
VBO_NY,2025-03-03 18:30:00,SELL,87613.8,88912.19,85030.31,85978.1,2025-03-04 00:30:00,TIME,1605.7,VBO_DN
VBO_NY,2025-03-04 13:30:00,SELL,82469.3,83005.78,81373.21,83005.78,2025-03-04 13:30:00,SL,-566.48,VBO_DN
VBO_NY,2025-03-06 12:45:00,SELL,90365.1,90833.01,89398.0,89398.0,2025-03-06 14:00:00,TP,937.1,VBO_DN
VBO_NY,2025-03-06 14:45:00,SELL,89272.0,89868.22,88034.81,89868.22,2025-03-06 14:45:00,SL,-626.22,VBO_DN
VBO_NY,2025-03-07 13:45:00,BUY,90096.0,89512.62,91360.1,89512.62,2025-03-07 13:45:00,SL,-613.38,VBO_UP
VBO_NY,2025-03-07 15:00:00,BUY,90442.4,89668.25,92064.46,89668.25,2025-03-07 15:15:00,SL,-804.15,VBO_UP
VBO_NY,2025-03-07 16:30:00,SELL,87443.9,88508.08,85212.05,88508.08,2025-03-07 17:45:00,SL,-1094.18,VBO_DN
VBO_NY,2025-03-10 14:15:00,SELL,80136.3,81111.71,78112.83,81111.71,2025-03-10 15:30:00,SL,-1005.41,VBO_DN
VBO_NY,2025-03-11 14:30:00,SELL,79890.4,80600.51,78415.64,80600.51,2025-03-11 15:00:00,SL,-740.11,VBO_DN
VBO_NY,2025-03-12 12:45:00,BUY,83625.0,83107.4,84707.96,83107.4,2025-03-12 13:45:00,SL,-547.6,VBO_UP
VBO_NY,2025-03-12 14:45:00,SELL,81668.5,82319.7,80312.76,82319.7,2025-03-12 17:00:00,SL,-681.2,VBO_DN
VBO_NY,2025-03-13 14:00:00,SELL,81737.0,82268.21,80664.23,82268.21,2025-03-13 14:15:00,SL,-561.21,VBO_DN
VBO_NY,2025-03-14 12:15:00,BUY,83407.2,83121.1,84018.66,83121.1,2025-03-14 13:30:00,SL,-316.1,VBO_UP
VBO_NY,2025-03-14 15:15:00,BUY,84286.4,83807.13,85283.02,85283.02,2025-03-14 15:30:00,TP,966.63,VBO_UP
VBO_NY,2025-03-18 13:45:00,SELL,81390.4,81664.15,80763.98,81664.15,2025-03-18 14:30:00,SL,-303.75,VBO_DN
VBO_NY,2025-03-19 19:00:00,BUY,85661.4,85083.53,86851.72,85083.53,2025-03-19 19:15:00,SL,-607.87,VBO_UP
VBO_NY,2025-03-20 14:30:00,BUY,86333.8,85926.28,87187.72,85926.28,2025-03-20 14:45:00,SL,-437.52,VBO_UP
VBO_NY,2025-03-20 16:00:00,SELL,84661.8,85169.51,83609.94,83609.94,2025-03-20 16:45:00,TP,1021.86,VBO_DN
VBO_NY,2025-03-21 13:00:00,SELL,83421.8,83733.71,82767.99,83733.71,2025-03-21 13:15:00,SL,-341.91,VBO_DN
VBO_NY,2025-03-24 14:15:00,BUY,88366.0,88042.35,89049.21,88042.35,2025-03-24 14:30:00,SL,-353.65,VBO_UP
VBO_NY,2025-03-25 14:45:00,BUY,88206.3,87803.15,89045.59,87803.15,2025-03-25 15:30:00,SL,-433.15,VBO_UP
VBO_NY,2025-03-26 12:30:00,SELL,87797.4,88007.86,87372.81,87372.81,2025-03-26 13:45:00,TP,394.59,VBO_DN
VBO_NY,2025-03-26 14:30:00,SELL,86724.5,87076.56,85990.11,85990.11,2025-03-26 19:00:00,TP,704.39,VBO_DN
VBO_NY,2025-03-27 13:30:00,SELL,86324.4,86600.73,85774.61,86600.73,2025-03-27 14:00:00,SL,-306.33,VBO_DN
VBO_NY,2025-03-28 14:15:00,SELL,84420.2,84816.26,83597.54,83597.54,2025-03-28 17:00:00,TP,792.66,VBO_DN
VBO_NY,2025-03-31 12:45:00,BUY,82487.6,82152.41,83184.67,82152.41,2025-03-31 13:30:00,SL,-365.19,VBO_UP
VBO_NY,2025-03-31 14:15:00,BUY,83320.4,82825.05,84347.14,82825.05,2025-03-31 14:15:00,SL,-525.35,VBO_UP
VBO_NY,2025-04-01 14:15:00,SELL,82785.9,83125.02,82068.91,83125.02,2025-04-01 14:30:00,SL,-369.12,VBO_DN
VBO_NY,2025-04-01 15:15:00,BUY,84922.6,84436.19,85927.94,85185.1,2025-04-01 21:15:00,TIME,232.5,VBO_UP
VBO_NY,2025-04-02 13:45:00,BUY,85458.5,85056.64,86274.75,86274.75,2025-04-02 15:00:00,TP,786.25,VBO_UP
VBO_NY,2025-04-02 15:45:00,BUY,87206.6,86674.37,88323.74,86674.37,2025-04-02 16:00:00,SL,-562.23,VBO_UP
VBO_NY,2025-04-03 12:30:00,SELL,82545.0,82852.44,81902.04,81902.04,2025-04-03 12:45:00,TP,612.96,VBO_DN
VBO_NY,2025-04-03 14:15:00,SELL,81753.4,82185.52,80859.62,82185.52,2025-04-03 14:15:00,SL,-462.12,VBO_DN
VBO_NY,2025-04-04 17:45:00,BUY,84162.0,83247.36,86066.28,83247.36,2025-04-06 21:00:00,SL,-944.64,VBO_UP
VBO_NY,2025-04-07 14:00:00,BUY,78340.0,77448.34,80198.85,80198.85,2025-04-07 14:15:00,TP,1828.85,VBO_UP
VBO_NY,2025-04-08 15:00:00,SELL,78443.0,78984.63,77314.61,77314.61,2025-04-08 16:45:00,TP,1098.39,VBO_DN
VBO_NY,2025-04-09 17:30:00,BUY,80742.7,79832.98,82647.51,82647.51,2025-04-09 18:15:00,TP,1874.81,VBO_UP
VBO_NY,2025-04-10 13:45:00,SELL,80832.1,81268.58,79913.21,81268.58,2025-04-10 13:45:00,SL,-466.48,VBO_DN
VBO_NY,2025-04-10 15:45:00,SELL,79154.2,79773.88,77923.64,79773.88,2025-04-10 18:15:00,SL,-649.68,VBO_DN
VBO_NY,2025-04-11 14:30:00,SELL,81425.6,81966.81,80278.35,81966.81,2025-04-11 14:30:00,SL,-571.21,VBO_DN
VBO_NY,2025-04-11 17:45:00,BUY,83928.4,83262.98,85324.25,83262.98,2025-04-13 21:00:00,SL,-695.42,VBO_UP
VBO_NY,2025-04-14 14:45:00,BUY,85523.1,85104.58,86399.34,85104.58,2025-04-14 15:00:00,SL,-448.52,VBO_UP
VBO_NY,2025-04-15 13:45:00,BUY,86056.9,85772.01,86662.45,85772.01,2025-04-15 13:45:00,SL,-314.89,VBO_UP
VBO_NY,2025-04-15 14:30:00,SELL,84966.4,85382.1,84099.12,84099.12,2025-04-15 19:00:00,TP,837.27,VBO_DN
VBO_NY,2025-04-16 14:30:00,BUY,84369.0,84054.58,85031.75,85031.75,2025-04-16 15:15:00,TP,632.75,VBO_UP
VBO_NY,2025-04-16 18:00:00,SELL,83275.2,83820.82,82139.1,83820.82,2025-04-16 18:00:00,SL,-575.62,VBO_DN
VBO_NY,2025-04-17 14:15:00,SELL,84152.8,84394.8,83619.96,84394.8,2025-04-17 15:00:00,SL,-272.0,VBO_DN
VBO_NY,2025-04-21 14:30:00,BUY,88459.5,87989.72,89274.18,87989.72,2025-04-21 14:45:00,SL,-499.78,VBO_UP
VBO_NY,2025-04-22 13:00:00,BUY,89045.4,88777.87,89602.76,89602.76,2025-04-22 13:00:00,TP,527.36,VBO_UP
VBO_NY,2025-04-22 13:45:00,BUY,90214.0,89849.95,90922.49,90922.49,2025-04-22 14:45:00,TP,678.49,VBO_UP
VBO_NY,2025-04-22 15:15:00,BUY,91481.6,91012.98,92510.92,91012.98,2025-04-22 15:30:00,SL,-498.62,VBO_UP
VBO_NY,2025-04-23 14:00:00,SELL,93067.0,93443.51,92149.4,93443.51,2025-04-23 14:00:00,SL,-406.51,VBO_DN
VBO_NY,2025-04-23 15:30:00,SELL,92132.3,92661.69,91026.31,92661.69,2025-04-23 15:30:00,SL,-559.39,VBO_DN
VBO_NY,2025-04-25 12:15:00,BUY,94863.8,94589.48,95467.38,94589.48,2025-04-25 12:15:00,SL,-304.32,VBO_UP
VBO_NY,2025-04-25 14:15:00,BUY,95423.0,94964.32,96358.22,94964.32,2025-04-25 14:15:00,SL,-488.68,VBO_UP
VBO_NY,2025-04-28 14:00:00,SELL,94028.0,94392.56,93167.36,94392.56,2025-04-28 14:00:00,SL,-394.56,VBO_DN
VBO_NY,2025-04-30 13:15:00,SELL,94298.2,94545.57,93785.92,94545.57,2025-04-30 13:15:00,SL,-277.37,VBO_DN
VBO_NY,2025-04-30 13:45:00,SELL,93948.0,94251.63,93321.3,93321.3,2025-04-30 13:45:00,TP,596.7,VBO_DN
VBO_NY,2025-05-01 15:00:00,BUY,96902.6,96489.48,97783.62,96489.48,2025-05-01 18:30:00,SL,-443.12,VBO_UP
VBO_NY,2025-05-02 14:45:00,BUY,97441.0,97123.41,98113.74,97123.41,2025-05-02 15:15:00,SL,-347.59,VBO_UP
VBO_NY,2025-05-05 13:45:00,SELL,93868.1,94120.37,93340.38,94120.37,2025-05-05 13:45:00,SL,-282.27,VBO_DN
VBO_NY,2025-05-06 14:00:00,SELL,93608.2,93853.62,93079.02,93853.62,2025-05-06 14:00:00,SL,-275.42,VBO_DN
VBO_NY,2025-05-07 13:45:00,BUY,97236.0,97045.9,97657.32,97045.9,2025-05-07 13:45:00,SL,-220.1,VBO_UP
VBO_NY,2025-05-07 14:30:00,BUY,97484.3,97238.06,97996.99,97238.06,2025-05-07 14:45:00,SL,-276.24,VBO_UP
VBO_NY,2025-05-07 18:00:00,SELL,96314.6,96686.1,95561.92,96686.1,2025-05-07 18:30:00,SL,-401.5,VBO_DN
VBO_NY,2025-05-08 15:30:00,BUY,100667.0,100294.81,101407.25,101407.25,2025-05-08 15:30:00,TP,710.25,VBO_UP
VBO_NY,2025-05-12 14:30:00,SELL,102954.8,103402.44,101927.88,103402.44,2025-05-12 14:30:00,SL,-477.64,VBO_DN
VBO_NY,2025-05-12 18:15:00,SELL,101945.0,102594.7,100590.84,102594.7,2025-05-12 20:30:00,SL,-679.7,VBO_DN
VBO_NY,2025-05-13 16:15:00,BUY,104366.0,103881.06,105377.84,103881.06,2025-05-13 16:45:00,SL,-514.94,VBO_UP
VBO_NY,2025-05-15 12:45:00,BUY,102807.6,102477.44,103515.16,102477.44,2025-05-15 13:30:00,SL,-360.16,VBO_UP
VBO_NY,2025-05-15 15:45:00,BUY,103052.4,102557.46,104073.05,104073.05,2025-05-15 17:15:00,TP,990.65,VBO_UP
VBO_NY,2025-05-16 14:00:00,BUY,103926.5,103792.32,104593.62,103792.32,2025-05-16 14:00:00,SL,-164.18,VBO_UP
VBO_NY,2025-05-16 14:45:00,SELL,103370.9,103679.06,102737.54,103679.06,2025-05-16 15:00:00,SL,-338.16,VBO_DN
VBO_NY,2025-05-19 12:45:00,SELL,102411.5,102713.18,101799.34,102713.18,2025-05-19 13:30:00,SL,-331.68,VBO_DN
VBO_NY,2025-05-19 15:00:00,BUY,104359.8,103990.76,105170.88,105170.88,2025-05-19 16:45:00,TP,781.07,VBO_UP
VBO_NY,2025-05-20 13:45:00,SELL,104292.0,104536.07,103781.05,104536.07,2025-05-20 13:45:00,SL,-274.07,VBO_DN
VBO_NY,2025-05-20 17:15:00,BUY,106142.6,105718.81,107071.14,105718.81,2025-05-20 18:30:00,SL,-453.79,VBO_UP
VBO_NY,2025-05-20 20:00:00,BUY,107091.6,106580.33,108193.44,106580.33,2025-05-20 20:15:00,SL,-541.27,VBO_UP
VBO_NY,2025-05-21 13:45:00,BUY,107217.4,106907.9,107806.38,107806.38,2025-05-21 14:15:00,TP,558.98,VBO_UP
VBO_NY,2025-05-21 14:45:00,BUY,107843.4,107469.81,108626.64,108626.64,2025-05-21 14:45:00,TP,753.24,VBO_UP
VBO_NY,2025-05-23 12:15:00,SELL,108129.6,108553.88,107188.64,108553.88,2025-05-23 12:30:00,SL,-454.28,VBO_DN
VBO_NY,2025-05-26 16:30:00,SELL,109384.5,109762.8,108621.96,109762.8,2025-05-26 22:00:00,SL,-408.3,VBO_DN
VBO_NY,2025-05-27 13:15:00,BUY,110437.4,110169.81,111018.31,110169.81,2025-05-27 13:30:00,SL,-297.59,VBO_UP
VBO_NY,2025-05-28 14:00:00,SELL,108098.7,108444.3,107481.99,107481.99,2025-05-28 15:00:00,TP,586.71,VBO_DN
VBO_NY,2025-05-29 13:45:00,SELL,107636.1,107958.13,106977.22,106977.22,2025-05-29 14:15:00,TP,628.88,VBO_DN
VBO_NY,2025-05-29 17:45:00,SELL,106146.6,106661.09,105067.96,106661.09,2025-05-29 17:45:00,SL,-544.49,VBO_DN
VBO_NY,2025-05-30 16:30:00,SELL,104701.1,105162.61,103615.98,105162.61,2025-06-01 21:15:00,SL,-491.51,VBO_DN
VBO_NY,2025-06-02 14:00:00,SELL,103756.4,104191.78,103079.08,104191.78,2025-06-02 14:15:00,SL,-465.38,VBO_DN
VBO_NY,2025-06-03 13:45:00,BUY,105675.6,105502.9,106033.85,105502.9,2025-06-03 13:45:00,SL,-202.7,VBO_UP
VBO_NY,2025-06-03 14:30:00,BUY,105877.6,105648.03,106372.52,106372.52,2025-06-03 14:30:00,TP,464.92,VBO_UP
VBO_NY,2025-06-03 15:00:00,BUY,106649.4,106363.06,107239.15,106363.06,2025-06-03 16:15:00,SL,-316.34,VBO_UP
VBO_NY,2025-06-04 14:00:00,SELL,104716.4,105085.45,104229.98,104229.98,2025-06-04 14:00:00,TP,456.42,VBO_DN
VBO_NY,2025-06-05 12:15:00,BUY,105157.8,104986.96,105514.64,105514.64,2025-06-05 12:15:00,TP,326.84,VBO_UP
VBO_NY,2025-06-05 13:00:00,BUY,105708.6,105497.75,106157.44,105497.75,2025-06-05 13:30:00,SL,-240.85,VBO_UP
VBO_NY,2025-06-05 17:00:00,SELL,103286.4,103798.78,102214.92,102214.92,2025-06-05 19:15:00,TP,1041.47,VBO_DN
VBO_NY,2025-06-06 13:45:00,BUY,104480.8,104217.78,105015.19,104217.78,2025-06-06 13:45:00,SL,-293.02,VBO_UP
VBO_NY,2025-06-06 14:45:00,BUY,104899.8,104576.82,105573.91,104576.82,2025-06-06 17:00:00,SL,-352.98,VBO_UP
VBO_NY,2025-06-09 17:15:00,BUY,108358.4,107929.1,109254.0,109254.0,2025-06-09 21:00:00,TP,865.6,VBO_UP
VBO_NY,2025-06-10 13:45:00,SELL,109072.1,109356.71,108477.01,109356.71,2025-06-10 13:45:00,SL,-314.61,VBO_DN
VBO_NY,2025-06-10 14:30:00,SELL,108890.2,109207.74,108207.7,109207.74,2025-06-10 15:15:00,SL,-347.54,VBO_DN
VBO_NY,2025-06-10 19:30:00,BUY,110067.4,109622.91,110967.51,109622.91,2025-06-10 19:45:00,SL,-474.49,VBO_UP
VBO_NY,2025-06-11 12:45:00,BUY,109859.5,109633.14,110334.17,109633.14,2025-06-11 12:45:00,SL,-256.36,VBO_UP
VBO_NY,2025-06-11 14:30:00,BUY,110311.8,109989.45,110974.41,109989.45,2025-06-11 14:30:00,SL,-352.35,VBO_UP
VBO_NY,2025-06-12 13:30:00,SELL,106870.6,107130.84,106326.58,107130.84,2025-06-12 13:30:00,SL,-290.24,VBO_DN
VBO_NY,2025-06-12 20:00:00,SELL,106838.5,107308.17,105852.92,105852.92,2025-06-12 20:45:00,TP,955.57,VBO_DN
VBO_NY,2025-06-13 15:15:00,BUY,105548.2,105096.38,106493.19,105096.38,2025-06-13 17:30:00,SL,-481.82,VBO_UP
VBO_NY,2025-06-16 14:30:00,BUY,107424.2,107136.05,108020.2,108020.2,2025-06-16 17:15:00,TP,566.0,VBO_UP
VBO_NY,2025-06-16 19:15:00,BUY,108674.4,108298.46,109456.99,108298.46,2025-06-16 22:30:00,SL,-405.94,VBO_UP
VBO_NY,2025-06-17 13:45:00,SELL,105370.2,105651.8,104770.59,105651.8,2025-06-17 14:00:00,SL,-311.6,VBO_DN
VBO_NY,2025-06-17 15:00:00,SELL,104880.4,105246.8,104083.45,104083.45,2025-06-17 16:45:00,TP,766.95,VBO_DN
VBO_NY,2025-06-18 13:15:00,SELL,104052.2,104357.5,103398.89,104357.5,2025-06-18 13:30:00,SL,-335.3,VBO_DN
VBO_NY,2025-06-19 13:45:00,SELL,104551.9,104741.22,104169.2,104169.2,2025-06-19 14:45:00,TP,352.7,VBO_DN
VBO_NY,2025-06-19 17:00:00,SELL,104007.0,104282.68,103417.25,104282.68,2025-06-19 17:30:00,SL,-305.68,VBO_DN
VBO_NY,2025-06-20 14:00:00,SELL,105689.8,105958.44,105157.28,105157.28,2025-06-20 14:15:00,TP,502.52,VBO_DN
VBO_NY,2025-06-20 14:45:00,SELL,104891.2,105211.07,104233.44,104233.44,2025-06-20 14:45:00,TP,627.76,VBO_DN
VBO_NY,2025-06-20 17:30:00,SELL,102924.8,103444.34,101847.66,103444.34,2025-06-20 19:45:00,SL,-549.54,VBO_DN
VBO_NY,2025-06-23 13:45:00,BUY,102068.4,101664.82,102785.86,101664.82,2025-06-23 14:30:00,SL,-433.58,VBO_UP
VBO_NY,2025-06-23 16:30:00,SELL,100303.8,100848.36,99165.3,100848.36,2025-06-23 16:45:00,SL,-574.56,VBO_DN
VBO_NY,2025-06-24 17:00:00,BUY,106316.2,105885.45,107200.95,105885.45,2025-06-24 17:15:00,SL,-460.75,VBO_UP
VBO_NY,2025-06-25 13:30:00,BUY,107943.9,107635.89,108572.34,107635.89,2025-06-25 13:30:00,SL,-338.01,VBO_UP
VBO_NY,2025-06-26 14:00:00,SELL,107010.4,107274.35,106455.88,107274.35,2025-06-26 14:15:00,SL,-293.95,VBO_DN
VBO_NY,2025-06-26 14:45:00,BUY,107694.2,107415.62,108279.51,107415.62,2025-06-26 15:00:00,SL,-308.58,VBO_UP
VBO_NY,2025-06-27 15:45:00,BUY,107261.5,106929.28,107934.2,106929.28,2025-06-27 17:30:00,SL,-362.22,VBO_UP
VBO_NY,2025-06-30 15:00:00,SELL,106827.0,107089.62,106274.01,107089.62,2025-06-30 15:00:00,SL,-292.62,VBO_DN
VBO_NY,2025-07-01 14:15:00,BUY,107165.1,106902.85,107711.15,106902.85,2025-07-01 14:15:00,SL,-292.25,VBO_UP
VBO_NY,2025-07-01 14:45:00,SELL,106065.4,106404.21,105381.12,105381.12,2025-07-01 20:00:00,TP,654.27,VBO_DN
VBO_NY,2025-07-02 15:00:00,BUY,108224.9,107945.99,108805.65,108805.65,2025-07-02 15:45:00,TP,550.75,VBO_UP
VBO_NY,2025-07-02 16:15:00,BUY,109501.9,109108.57,110307.46,109108.57,2025-07-02 17:30:00,SL,-423.33,VBO_UP
VBO_NY,2025-07-03 12:45:00,SELL,108994.8,109306.38,108353.39,109306.38,2025-07-03 13:00:00,SL,-341.58,VBO_DN
VBO_NY,2025-07-03 14:00:00,BUY,110336.1,109931.62,111192.65,109931.62,2025-07-03 14:30:00,SL,-434.48,VBO_UP
VBO_NY,2025-07-04 13:45:00,SELL,108396.9,108644.07,108042.3,108042.3,2025-07-04 13:45:00,TP,324.6,VBO_DN
VBO_NY,2025-07-04 14:15:00,SELL,107786.4,108028.47,107312.31,108028.47,2025-07-04 14:15:00,SL,-272.07,VBO_DN
VBO_NY,2025-07-04 19:30:00,SELL,107320.1,107610.25,106711.61,107610.25,2025-07-04 20:00:00,SL,-320.15,VBO_DN
VBO_NY,2025-07-07 13:00:00,SELL,108381.0,108557.9,107987.48,108557.9,2025-07-07 13:45:00,SL,-206.9,VBO_DN
VBO_NY,2025-07-07 18:30:00,SELL,107521.7,107936.83,106674.42,107936.83,2025-07-07 18:45:00,SL,-445.13,VBO_DN
VBO_NY,2025-07-08 13:45:00,BUY,109063.8,108878.78,109441.24,108878.78,2025-07-08 14:00:00,SL,-215.02,VBO_UP
VBO_NY,2025-07-09 12:15:00,BUY,109424.6,109261.09,109740.28,109740.28,2025-07-09 13:00:00,TP,285.67,VBO_UP
VBO_NY,2025-07-09 19:30:00,BUY,110412.8,110082.04,111100.95,111100.95,2025-07-09 19:30:00,TP,658.15,VBO_UP
VBO_NY,2025-07-09 20:00:00,BUY,111801.0,111389.45,112614.61,111389.45,2025-07-09 20:00:00,SL,-441.55,VBO_UP
VBO_NY,2025-07-10 12:15:00,SELL,110863.5,111045.52,110503.72,111045.52,2025-07-10 13:15:00,SL,-212.02,VBO_DN
VBO_NY,2025-07-10 16:30:00,BUY,112490.6,112084.18,113325.59,113325.59,2025-07-10 17:00:00,TP,804.99,VBO_UP
VBO_NY,2025-07-11 13:45:00,SELL,117446.4,117836.31,116669.54,117836.31,2025-07-11 13:45:00,SL,-419.91,VBO_DN
VBO_NY,2025-07-11 16:00:00,SELL,116936.2,117411.98,115925.26,117411.98,2025-07-11 16:30:00,SL,-505.78,VBO_DN
VBO_NY,2025-07-14 14:45:00,SELL,120963.8,121404.32,120054.69,120054.69,2025-07-14 15:45:00,TP,879.11,VBO_DN
VBO_NY,2025-07-15 13:15:00,BUY,118075.2,117608.41,119073.28,117608.41,2025-07-15 13:15:00,SL,-496.79,VBO_UP
VBO_NY,2025-07-15 13:45:00,BUY,118317.2,117803.13,119413.46,117803.13,2025-07-15 14:15:00,SL,-544.07,VBO_UP
VBO_NY,2025-07-15 15:00:00,SELL,116053.0,116711.33,114606.24,116711.33,2025-07-15 15:45:00,SL,-688.33,VBO_DN
VBO_NY,2025-07-17 15:45:00,BUY,119177.6,118736.06,120102.41,118736.06,2025-07-17 16:00:00,SL,-471.54,VBO_UP
VBO_NY,2025-07-17 18:00:00,BUY,119351.2,118863.11,120365.59,118863.11,2025-07-17 20:00:00,SL,-518.09,VBO_UP
VBO_NY,2025-07-18 14:30:00,SELL,117986.2,118511.19,117192.49,117192.49,2025-07-18 19:00:00,TP,763.71,VBO_DN
VBO_NY,2025-07-22 13:45:00,BUY,119543.2,119217.81,120277.52,119217.81,2025-07-22 13:45:00,SL,-355.39,VBO_UP
VBO_NY,2025-07-22 19:00:00,BUY,119805.6,119276.05,120948.91,119276.05,2025-07-22 19:45:00,SL,-559.55,VBO_UP
VBO_NY,2025-07-23 13:45:00,SELL,117663.2,118016.11,116927.36,118016.11,2025-07-23 14:15:00,SL,-382.91,VBO_DN
VBO_NY,2025-07-24 15:00:00,BUY,119154.0,118747.72,119931.98,118747.72,2025-07-24 15:30:00,SL,-436.28,VBO_UP
VBO_NY,2025-07-28 14:30:00,SELL,118105.8,118469.31,117347.26,118469.31,2025-07-28 15:30:00,SL,-393.51,VBO_DN
VBO_NY,2025-07-29 14:15:00,SELL,118117.6,118460.76,117404.54,117404.54,2025-07-29 15:30:00,TP,683.06,VBO_DN
VBO_NY,2025-07-30 15:00:00,BUY,118720.6,118280.76,119635.39,118280.76,2025-07-30 15:15:00,SL,-469.84,VBO_UP
VBO_NY,2025-07-30 19:00:00,SELL,116504.4,116968.1,115541.44,116968.1,2025-07-30 19:45:00,SL,-493.7,VBO_DN
VBO_NY,2025-07-31 13:30:00,SELL,118134.6,118351.34,117679.98,118351.34,2025-07-31 13:30:00,SL,-246.74,VBO_DN
VBO_NY,2025-07-31 19:15:00,SELL,117287.2,117736.44,116365.48,116365.48,2025-07-31 21:45:00,TP,891.72,VBO_DN
VBO_NY,2025-08-01 12:45:00,BUY,115845.2,115417.87,116745.04,115417.87,2025-08-01 13:30:00,SL,-457.33,VBO_UP
VBO_NY,2025-08-01 14:00:00,SELL,114273.8,114730.57,113331.44,114730.57,2025-08-01 14:00:00,SL,-486.77,VBO_DN
VBO_NY,2025-08-04 13:30:00,SELL,114193.8,114413.33,113735.84,114413.33,2025-08-04 13:30:00,SL,-249.53,VBO_DN
VBO_NY,2025-08-04 14:00:00,BUY,114914.6,114662.29,115454.42,115454.42,2025-08-04 14:00:00,TP,509.82,VBO_UP
VBO_NY,2025-08-05 14:30:00,SELL,113236.8,113651.38,112360.15,113651.38,2025-08-05 17:45:00,SL,-444.58,VBO_DN
VBO_NY,2025-08-06 15:00:00,BUY,115220.2,114828.85,116054.32,115252.6,2025-08-06 21:00:00,TIME,2.4,VBO_UP
VBO_NY,2025-08-07 19:45:00,BUY,117234.6,116859.09,118021.84,116859.09,2025-08-08 01:45:00,SL,-405.51,VBO_UP
VBO_NY,2025-08-08 15:45:00,SELL,115926.2,116258.1,115253.24,116258.1,2025-08-08 15:45:00,SL,-361.9,VBO_DN
VBO_NY,2025-08-11 12:15:00,SELL,120155.6,120549.22,119333.1,120549.22,2025-08-11 16:00:00,SL,-423.62,VBO_DN
VBO_NY,2025-08-11 20:00:00,SELL,119065.4,119495.56,118194.51,118194.51,2025-08-11 21:45:00,TP,840.89,VBO_DN
VBO_NY,2025-08-13 14:00:00,BUY,121808.2,121381.47,122673.17,121381.47,2025-08-13 14:45:00,SL,-456.73,VBO_UP
VBO_NY,2025-08-14 12:45:00,SELL,119587.6,120139.15,118428.66,118428.66,2025-08-14 13:00:00,TP,1128.94,VBO_DN
VBO_NY,2025-08-15 13:15:00,SELL,118573.1,118857.78,117971.69,117971.69,2025-08-15 13:45:00,TP,571.41,VBO_DN
VBO_NY,2025-08-15 15:00:00,SELL,117470.6,117832.56,116669.35,117832.56,2025-08-15 17:30:00,SL,-391.96,VBO_DN
VBO_NY,2025-08-19 14:15:00,SELL,114823.4,115134.75,114172.29,114172.29,2025-08-19 14:15:00,TP,621.11,VBO_DN
VBO_NY,2025-08-19 14:45:00,SELL,113926.4,114306.39,113149.55,113149.55,2025-08-19 17:00:00,TP,746.85,VBO_DN
VBO_NY,2025-08-20 14:00:00,SELL,112678.8,113030.37,111962.71,113030.37,2025-08-20 14:15:00,SL,-381.57,VBO_DN
VBO_NY,2025-08-21 14:15:00,BUY,113830.2,113501.81,114511.87,113501.81,2025-08-21 14:30:00,SL,-358.39,VBO_UP
VBO_NY,2025-08-21 15:15:00,SELL,112675.4,113099.97,111821.71,113099.97,2025-08-21 15:15:00,SL,-454.57,VBO_DN
VBO_NY,2025-08-22 12:15:00,SELL,112045.8,112303.42,111526.98,112303.42,2025-08-22 12:45:00,SL,-287.62,VBO_DN
VBO_NY,2025-08-22 14:15:00,BUY,115202.8,114705.06,116236.06,114705.06,2025-08-22 14:15:00,SL,-527.74,VBO_UP
VBO_NY,2025-08-22 14:45:00,BUY,115784.5,115186.61,117031.04,117031.04,2025-08-22 15:15:00,TP,1216.54,VBO_UP
VBO_NY,2025-08-25 13:45:00,SELL,110782.0,111188.13,109940.52,111188.13,2025-08-25 13:45:00,SL,-436.13,VBO_DN
VBO_NY,2025-08-25 14:15:00,BUY,111807.6,111356.05,112808.76,112808.76,2025-08-25 16:15:00,TP,971.16,VBO_UP
VBO_NY,2025-08-25 19:45:00,SELL,111158.6,111646.87,110182.06,110182.06,2025-08-25 20:00:00,TP,946.54,VBO_DN
VBO_NY,2025-08-26 19:30:00,BUY,111144.2,110712.61,112046.42,112046.42,2025-08-26 23:00:00,TP,872.22,VBO_UP
VBO_NY,2025-08-27 13:45:00,BUY,111607.1,111256.25,112231.66,112231.66,2025-08-27 14:15:00,TP,594.56,VBO_UP
VBO_NY,2025-08-28 17:00:00,SELL,112343.4,112805.29,111405.79,112384.4,2025-08-28 23:00:00,TIME,-71.0,VBO_DN
VBO_NY,2025-08-29 12:45:00,BUY,110573.4,110230.77,111289.67,110230.77,2025-08-29 13:30:00,SL,-372.63,VBO_UP
VBO_NY,2025-08-29 14:00:00,SELL,109124.2,109521.4,108265.88,109521.4,2025-08-29 14:00:00,SL,-427.2,VBO_DN
VBO_NY,2025-09-02 12:15:00,SELL,109428.1,109759.48,108738.65,108738.65,2025-09-02 12:30:00,TP,659.45,VBO_DN
VBO_NY,2025-09-02 14:00:00,BUY,111190.4,110711.42,112226.81,110711.42,2025-09-02 15:45:00,SL,-508.98,VBO_UP
VBO_NY,2025-09-03 14:45:00,BUY,112526.8,112099.43,113395.58,112099.43,2025-09-03 15:15:00,SL,-457.37,VBO_UP
VBO_NY,2025-09-04 14:15:00,SELL,109828.9,110186.97,109077.69,110186.97,2025-09-04 14:30:00,SL,-388.07,VBO_DN
VBO_NY,2025-09-05 14:30:00,SELL,110993.8,111501.34,109908.68,111501.34,2025-09-05 19:45:00,SL,-537.54,VBO_DN
VBO_NY,2025-09-08 14:45:00,BUY,112611.1,112307.26,113245.02,112307.26,2025-09-08 17:00:00,SL,-333.84,VBO_UP
VBO_NY,2025-09-09 14:45:00,SELL,111584.4,111931.95,110853.56,110853.56,2025-09-09 15:30:00,TP,700.84,VBO_DN
VBO_NY,2025-09-10 12:45:00,BUY,113279.8,112970.8,113908.14,112970.8,2025-09-10 12:45:00,SL,-339.0,VBO_UP
VBO_NY,2025-09-10 13:15:00,BUY,113739.3,113437.22,114397.92,113437.22,2025-09-10 13:30:00,SL,-332.08,VBO_UP
VBO_NY,2025-09-11 13:15:00,SELL,113520.3,113797.46,112936.71,113797.46,2025-09-11 13:15:00,SL,-307.16,VBO_DN
VBO_NY,2025-09-11 14:00:00,BUY,114680.6,114304.04,115441.66,114304.04,2025-09-11 14:00:00,SL,-406.56,VBO_UP
VBO_NY,2025-09-15 13:45:00,SELL,114525.2,114859.71,113847.74,114859.71,2025-09-15 13:45:00,SL,-364.51,VBO_DN
VBO_NY,2025-09-16 13:45:00,SELL,115105.5,115307.05,114684.06,115307.05,2025-09-16 14:00:00,SL,-231.55,VBO_DN
VBO_NY,2025-09-16 16:00:00,BUY,115970.0,115644.19,116613.31,116613.31,2025-09-16 17:00:00,TP,613.31,VBO_UP
VBO_NY,2025-09-17 13:45:00,SELL,116031.5,116240.23,115612.06,116240.23,2025-09-17 13:45:00,SL,-238.73,VBO_DN
VBO_NY,2025-09-17 14:30:00,SELL,115686.0,115935.79,115177.94,115935.79,2025-09-17 17:30:00,SL,-279.79,VBO_DN
VBO_NY,2025-09-17 18:45:00,SELL,114917.0,115407.25,113887.94,115407.25,2025-09-17 18:45:00,SL,-520.25,VBO_DN
VBO_NY,2025-09-18 14:30:00,BUY,117794.0,117507.32,118317.25,117507.32,2025-09-18 15:00:00,SL,-316.68,VBO_UP
VBO_NY,2025-09-19 12:30:00,SELL,116273.0,116447.18,115910.12,116447.18,2025-09-19 13:45:00,SL,-204.18,VBO_DN
VBO_NY,2025-09-19 15:00:00,SELL,115950.0,116168.14,115494.0,116168.14,2025-09-19 16:45:00,SL,-248.14,VBO_DN
VBO_NY,2025-09-22 14:00:00,BUY,113224.0,112937.01,113934.44,112937.01,2025-09-22 14:45:00,SL,-316.99,VBO_UP
VBO_NY,2025-09-22 19:45:00,SELL,112094.0,112399.2,111452.0,112399.2,2025-09-22 19:45:00,SL,-335.2,VBO_DN
VBO_NY,2025-09-24 14:45:00,BUY,113422.0,113207.49,113907.44,113907.44,2025-09-24 14:45:00,TP,455.44,VBO_UP
VBO_NY,2025-09-25 12:30:00,SELL,111184.0,111472.02,110604.0,111472.02,2025-09-25 12:30:00,SL,-318.02,VBO_DN
VBO_NY,2025-09-25 13:45:00,SELL,110747.0,111153.54,109893.88,111153.54,2025-09-25 14:00:00,SL,-436.54,VBO_DN
VBO_NY,2025-09-25 17:15:00,SELL,110211.5,110805.87,109087.31,109087.31,2025-09-25 17:45:00,TP,1094.19,VBO_DN
VBO_NY,2025-09-29 13:45:00,BUY,113372.0,113028.64,113973.25,113973.25,2025-09-29 14:15:00,TP,571.25,VBO_UP
VBO_NY,2025-09-29 14:45:00,BUY,114187.0,113817.44,114955.38,113817.44,2025-09-29 15:45:00,SL,-399.56,VBO_UP
VBO_NY,2025-10-01 14:15:00,BUY,117258.5,116967.58,117893.88,117893.88,2025-10-01 16:15:00,TP,605.38,VBO_UP
VBO_NY,2025-10-02 12:30:00,BUY,119184.0,118986.27,119628.31,119628.31,2025-10-02 13:30:00,TP,414.31,VBO_UP
VBO_NY,2025-10-02 16:15:00,BUY,120218.5,119746.46,121200.38,119746.46,2025-10-02 16:45:00,SL,-502.04,VBO_UP
VBO_NY,2025-10-03 13:30:00,BUY,120659.5,120413.85,121172.81,120413.85,2025-10-03 13:30:00,SL,-275.65,VBO_UP
VBO_NY,2025-10-03 15:30:00,BUY,121426.0,121054.67,122165.69,122165.69,2025-10-03 15:45:00,TP,709.69,VBO_UP
VBO_NY,2025-10-03 16:15:00,BUY,123229.0,122733.21,124175.56,122733.21,2025-10-03 16:45:00,SL,-525.79,VBO_UP
VBO_NY,2025-10-06 14:00:00,BUY,125107.0,124735.73,125878.94,124735.73,2025-10-06 14:15:00,SL,-401.27,VBO_UP
VBO_NY,2025-10-06 19:00:00,BUY,126107.5,125595.45,127143.44,125595.45,2025-10-06 19:15:00,SL,-542.05,VBO_UP
VBO_NY,2025-10-07 13:00:00,BUY,125022.5,124731.7,125620.62,124731.7,2025-10-07 13:15:00,SL,-320.8,VBO_UP
VBO_NY,2025-10-07 14:15:00,SELL,122922.5,123338.69,122092.44,123338.69,2025-10-07 14:15:00,SL,-446.19,VBO_DN
VBO_NY,2025-10-07 15:15:00,SELL,122018.0,122539.16,120960.0,120960.0,2025-10-07 16:15:00,TP,1028.0,VBO_DN
VBO_NY,2025-10-08 13:45:00,SELL,121943.5,122318.39,121114.69,122318.39,2025-10-08 13:45:00,SL,-404.89,VBO_DN
VBO_NY,2025-10-09 12:45:00,BUY,123594.5,123186.42,124466.25,123186.42,2025-10-09 13:30:00,SL,-438.08,VBO_UP
VBO_NY,2025-10-09 17:00:00,SELL,119912.2,120645.73,118479.6,120645.73,2025-10-09 17:30:00,SL,-763.53,VBO_DN
VBO_NY,2025-10-10 13:30:00,BUY,122042.2,121763.71,122588.48,122588.48,2025-10-10 13:30:00,TP,516.27,VBO_UP
VBO_NY,2025-10-10 14:30:00,SELL,121267.0,121643.75,120479.01,120479.01,2025-10-10 15:00:00,TP,757.99,VBO_DN
VBO_NY,2025-10-10 15:30:00,SELL,119257.3,119780.39,118181.41,118181.41,2025-10-10 17:00:00,TP,1045.89,VBO_DN
VBO_NY,2025-10-10 19:30:00,SELL,116053.8,116879.28,114494.39,116879.28,2025-10-10 19:30:00,SL,-855.48,VBO_DN
VBO_NY,2025-10-15 12:30:00,SELL,111559.2,111987.86,110675.4,111987.86,2025-10-15 13:30:00,SL,-458.66,VBO_DN
VBO_NY,2025-10-16 15:45:00,SELL,109286.0,109967.82,107853.2,107853.2,2025-10-16 16:30:00,TP,1402.8,VBO_DN
VBO_NY,2025-10-20 14:30:00,BUY,111295.4,110987.44,111944.08,110987.44,2025-10-20 16:00:00,SL,-337.96,VBO_UP
VBO_NY,2025-10-20 16:45:00,SELL,110534.8,110971.01,109622.02,110971.01,2025-10-20 17:00:00,SL,-466.21,VBO_DN
VBO_NY,2025-10-21 12:30:00,BUY,109160.5,108762.07,109981.92,108762.07,2025-10-21 13:00:00,SL,-428.43,VBO_UP
VBO_NY,2025-10-21 14:15:00,BUY,109790.2,109210.81,111001.59,111001.59,2025-10-21 14:45:00,TP,1181.39,VBO_UP
VBO_NY,2025-10-21 15:15:00,BUY,112468.0,111625.09,114235.78,111625.09,2025-10-21 18:30:00,SL,-872.91,VBO_UP
VBO_NY,2025-10-22 14:00:00,BUY,108834.8,108318.56,110025.61,108318.56,2025-10-22 14:00:00,SL,-546.24,VBO_UP
VBO_NY,2025-10-23 12:15:00,SELL,108939.4,109329.41,108170.04,109329.41,2025-10-23 13:30:00,SL,-420.01,VBO_DN
VBO_NY,2025-10-23 15:15:00,BUY,109945.4,109462.19,110929.28,110929.28,2025-10-23 17:30:00,TP,953.88,VBO_UP
VBO_NY,2025-10-24 12:45:00,BUY,111606.4,111222.61,112401.02,111222.61,2025-10-24 12:45:00,SL,-413.79,VBO_UP
VBO_NY,2025-10-24 14:30:00,SELL,109974.0,110498.36,109035.12,110498.36,2025-10-24 15:00:00,SL,-554.36,VBO_DN
VBO_NY,2025-10-28 13:15:00,BUY,114775.0,114528.95,115270.04,115270.04,2025-10-28 13:45:00,TP,465.04,VBO_UP
VBO_NY,2025-10-28 14:15:00,BUY,115811.2,115525.17,116394.14,115525.17,2025-10-28 14:30:00,SL,-316.03,VBO_UP
VBO_NY,2025-10-28 19:30:00,SELL,113701.2,114307.02,112494.58,112494.58,2025-10-28 20:15:00,TP,1176.62,VBO_DN
VBO_NY,2025-10-29 14:15:00,SELL,112710.8,113047.94,112017.36,112017.36,2025-10-29 15:15:00,TP,663.44,VBO_DN
VBO_NY,2025-10-29 16:15:00,SELL,111034.8,111482.13,110133.09,111482.13,2025-10-29 17:30:00,SL,-477.33,VBO_DN
VBO_NY,2025-10-29 18:45:00,SELL,109760.0,110415.8,108398.68,110415.8,2025-10-29 18:45:00,SL,-685.8,VBO_DN
VBO_NY,2025-10-30 12:30:00,SELL,108773.4,109193.85,107915.34,107915.34,2025-10-30 13:30:00,TP,828.06,VBO_DN
VBO_NY,2025-10-31 15:00:00,BUY,110702.5,110153.49,111857.69,110153.49,2025-10-31 15:30:00,SL,-579.01,VBO_UP
VBO_NY,2025-10-31 17:00:00,SELL,108752.1,109406.77,107383.59,109406.77,2025-10-31 18:00:00,SL,-684.67,VBO_DN
VBO_NY,2025-11-03 15:30:00,SELL,105951.6,106525.44,104803.59,106525.44,2025-11-03 16:15:00,SL,-603.84,VBO_DN
VBO_NY,2025-11-04 17:15:00,SELL,101253.7,101916.73,99786.66,99786.66,2025-11-04 20:15:00,TP,1437.04,VBO_DN
VBO_NY,2025-11-05 12:30:00,BUY,102510.3,102051.13,103461.36,103461.36,2025-11-05 14:45:00,TP,921.06,VBO_UP
VBO_NY,2025-11-06 12:45:00,SELL,102434.8,102773.66,101719.9,102773.66,2025-11-06 13:00:00,SL,-368.86,VBO_DN
VBO_NY,2025-11-06 13:30:00,BUY,103472.4,103095.98,104273.88,103095.98,2025-11-06 14:00:00,SL,-406.42,VBO_UP
VBO_NY,2025-11-06 15:00:00,SELL,102055.8,102586.62,101049.82,102586.62,2025-11-06 15:15:00,SL,-560.82,VBO_DN
VBO_NY,2025-11-06 15:45:00,SELL,101750.6,102318.3,100543.22,102318.3,2025-11-06 16:00:00,SL,-597.7,VBO_DN
VBO_NY,2025-11-06 16:45:00,SELL,100525.3,101212.5,99110.28,101212.5,2025-11-06 17:00:00,SL,-717.2,VBO_DN
VBO_NY,2025-11-07 16:30:00,BUY,101463.4,100762.65,102926.38,102926.38,2025-11-07 19:15:00,TP,1432.98,VBO_UP
VBO_NY,2025-11-10 14:45:00,SELL,105651.6,105954.17,104963.28,104963.28,2025-11-10 14:45:00,TP,658.32,VBO_DN
VBO_NY,2025-11-11 13:30:00,SELL,104353.0,104681.44,103639.45,103639.45,2025-11-11 15:30:00,TP,683.55,VBO_DN
VBO_NY,2025-11-11 17:45:00,SELL,102954.0,103445.66,101935.88,103445.66,2025-11-11 18:00:00,SL,-521.66,VBO_DN
VBO_NY,2025-11-12 15:00:00,SELL,103983.5,104401.31,103126.94,103126.94,2025-11-12 15:30:00,TP,826.56,VBO_DN
VBO_NY,2025-11-12 16:00:00,SELL,102162.0,102686.4,101023.25,101023.25,2025-11-12 19:15:00,TP,1108.75,VBO_DN
VBO_NY,2025-11-13 14:45:00,SELL,101806.5,102250.62,100895.12,102250.62,2025-11-13 14:45:00,SL,-474.12,VBO_DN
VBO_NY,2025-11-14 12:45:00,SELL,94809.5,95415.21,93569.19,95415.21,2025-11-14 12:45:00,SL,-635.71,VBO_DN
VBO_NY,2025-11-17 13:15:00,SELL,94867.5,95192.6,94154.75,94154.75,2025-11-17 13:30:00,TP,682.75,VBO_DN
VBO_NY,2025-11-18 12:45:00,BUY,91701.0,91278.23,92611.06,91278.23,2025-11-18 12:45:00,SL,-452.77,VBO_UP
VBO_NY,2025-11-18 15:30:00,BUY,92729.0,92126.28,93987.75,92591.0,2025-11-18 21:30:00,TIME,-168.0,VBO_UP
VBO_NY,2025-11-19 14:30:00,SELL,91067.0,91402.66,90323.0,91402.66,2025-11-19 14:30:00,SL,-365.66,VBO_DN
VBO_NY,2025-11-19 15:15:00,BUY,91988.0,91566.34,92849.5,91566.34,2025-11-19 15:15:00,SL,-451.66,VBO_UP
VBO_NY,2025-11-19 15:45:00,SELL,90639.0,91128.93,89562.81,89562.81,2025-11-19 16:15:00,TP,1046.19,VBO_DN
VBO_NY,2025-11-19 17:15:00,SELL,89270.5,89877.08,87949.75,89877.08,2025-11-19 21:15:00,SL,-636.58,VBO_DN
VBO_NY,2025-11-20 14:15:00,SELL,90623.5,91084.01,89648.69,91084.01,2025-11-20 14:15:00,SL,-490.51,VBO_DN
VBO_NY,2025-11-20 15:15:00,SELL,90318.5,90862.05,89133.69,89133.69,2025-11-20 16:00:00,TP,1154.81,VBO_DN
VBO_NY,2025-11-20 17:15:00,SELL,86923.0,87783.0,85123.62,87783.0,2025-11-20 22:00:00,SL,-890.0,VBO_DN
VBO_NY,2025-11-21 12:30:00,SELL,80866.5,81826.41,78811.19,81826.41,2025-11-21 12:30:00,SL,-989.91,VBO_DN
VBO_NY,2025-11-21 14:45:00,BUY,84864.5,83866.51,86815.69,83866.51,2025-11-21 15:15:00,SL,-1027.99,VBO_UP
VBO_NY,2025-11-24 14:45:00,SELL,85518.5,85946.7,84648.0,85946.7,2025-11-24 14:45:00,SL,-458.2,VBO_DN
VBO_NY,2025-11-25 14:45:00,SELL,86572.5,86962.13,85790.06,86962.13,2025-11-25 15:30:00,SL,-419.63,VBO_DN
VBO_NY,2025-11-25 17:45:00,BUY,87915.5,87380.52,89042.38,87380.52,2025-11-25 18:45:00,SL,-564.98,VBO_UP
VBO_NY,2025-11-26 12:15:00,SELL,86553.0,86819.58,86006.88,86819.58,2025-11-26 13:30:00,SL,-296.58,VBO_DN
VBO_NY,2025-11-26 17:30:00,BUY,88649.0,88180.9,89695.12,89695.12,2025-11-26 17:45:00,TP,1016.12,VBO_UP
VBO_NY,2025-11-27 13:15:00,SELL,90833.0,91076.2,90314.0,91076.2,2025-11-27 16:00:00,SL,-273.2,VBO_DN
VBO_NY,2025-11-27 18:45:00,BUY,91763.0,91444.42,92432.88,91444.42,2025-11-27 20:15:00,SL,-348.58,VBO_UP
VBO_NY,2025-11-28 14:00:00,BUY,92376.0,92047.46,93048.12,92047.46,2025-11-28 14:30:00,SL,-358.54,VBO_UP
VBO_NY,2025-11-28 17:00:00,SELL,90988.5,91509.4,89790.75,90986.5,2025-11-30 23:00:00,TIME,-28.0,VBO_DN
VBO_NY,2025-12-01 12:15:00,SELL,85876.0,86154.34,85300.75,85300.75,2025-12-01 12:45:00,TP,545.25,VBO_DN
VBO_NY,2025-12-01 15:45:00,SELL,83949.5,84488.73,82815.31,84488.73,2025-12-01 15:45:00,SL,-569.23,VBO_DN
VBO_NY,2025-12-02 14:15:00,BUY,88377.5,87996.63,89169.44,89169.44,2025-12-02 14:45:00,TP,761.94,VBO_UP
VBO_NY,2025-12-02 15:15:00,BUY,90693.0,90185.66,91751.5,90185.66,2025-12-02 15:15:00,SL,-537.34,VBO_UP
VBO_NY,2025-12-02 17:30:00,BUY,91813.0,91094.89,93290.56,91094.89,2025-12-02 20:15:00,SL,-748.11,VBO_UP
VBO_NY,2025-12-03 14:15:00,SELL,92074.5,92444.55,91298.94,92444.55,2025-12-03 14:15:00,SL,-400.05,VBO_DN
VBO_NY,2025-12-03 14:45:00,BUY,93532.0,93060.19,94519.56,93060.19,2025-12-03 14:45:00,SL,-501.81,VBO_UP
VBO_NY,2025-12-04 13:15:00,SELL,92580.0,92878.23,91954.06,92878.23,2025-12-04 13:15:00,SL,-328.23,VBO_DN
VBO_NY,2025-12-04 15:00:00,SELL,91914.5,92290.29,91167.06,92290.29,2025-12-04 15:00:00,SL,-405.79,VBO_DN
VBO_NY,2025-12-04 19:15:00,SELL,91345.0,91959.73,90018.06,91959.73,2025-12-04 19:30:00,SL,-644.73,VBO_DN
VBO_NY,2025-12-05 13:30:00,SELL,90843.5,91194.4,90132.5,90132.5,2025-12-05 14:30:00,TP,681.0,VBO_DN
VBO_NY,2025-12-05 16:15:00,SELL,89386.0,89975.11,88181.81,88181.81,2025-12-05 16:30:00,TP,1174.19,VBO_DN
VBO_NY,2025-12-08 15:15:00,SELL,90249.5,90648.05,89386.81,90648.05,2025-12-08 20:15:00,SL,-428.55,VBO_DN
VBO_NY,2025-12-09 15:45:00,BUY,92072.0,91640.41,92986.56,92986.56,2025-12-09 16:00:00,TP,884.56,VBO_UP
VBO_NY,2025-12-09 16:45:00,BUY,94281.0,93698.67,95503.44,93698.67,2025-12-09 17:15:00,SL,-612.33,VBO_UP
VBO_NY,2025-12-11 15:00:00,SELL,89552.5,89846.43,88941.69,89846.43,2025-12-11 15:00:00,SL,-323.93,VBO_DN
VBO_NY,2025-12-11 18:45:00,BUY,91176.5,90548.55,92409.19,90548.55,2025-12-11 18:45:00,SL,-657.95,VBO_UP
VBO_NY,2025-12-12 15:30:00,SELL,90846.5,91187.14,90143.0,90143.0,2025-12-12 15:45:00,TP,673.5,VBO_DN
VBO_NY,2025-12-12 16:45:00,SELL,89658.0,90170.01,88563.56,90170.01,2025-12-12 16:45:00,SL,-542.01,VBO_DN
VBO_NY,2025-12-15 14:45:00,SELL,89273.0,89555.62,88690.38,88690.38,2025-12-15 14:45:00,TP,552.62,VBO_DN
VBO_NY,2025-12-15 15:15:00,SELL,87468.0,87872.97,86642.81,86642.81,2025-12-15 15:30:00,TP,795.19,VBO_DN
VBO_NY,2025-12-15 16:45:00,SELL,86310.5,86871.94,85147.0,86246.0,2025-12-15 22:45:00,TIME,34.5,VBO_DN
VBO_NY,2025-12-16 16:00:00,BUY,87971.5,87416.62,89109.0,87416.62,2025-12-16 16:30:00,SL,-584.88,VBO_UP
VBO_NY,2025-12-17 14:00:00,BUY,87607.5,87258.52,88305.25,87258.52,2025-12-17 14:45:00,SL,-378.98,VBO_UP
VBO_NY,2025-12-17 15:15:00,BUY,90186.5,89657.4,91324.25,89657.4,2025-12-17 15:15:00,SL,-559.1,VBO_UP
VBO_NY,2025-12-18 13:15:00,BUY,87876.5,87599.92,88468.12,87599.92,2025-12-18 13:15:00,SL,-306.58,VBO_UP
VBO_NY,2025-12-18 13:45:00,BUY,88738.0,88377.94,89451.12,88377.94,2025-12-18 14:00:00,SL,-390.06,VBO_UP
VBO_NY,2025-12-18 17:15:00,SELL,86321.0,87177.65,84545.56,84545.56,2025-12-18 19:45:00,TP,1745.44,VBO_DN
VBO_NY,2025-12-19 14:45:00,BUY,88506.0,88121.55,89228.31,88121.55,2025-12-19 14:45:00,SL,-414.45,VBO_UP
VBO_NY,2025-12-19 15:15:00,BUY,88718.0,88270.61,89585.31,88270.61,2025-12-19 15:15:00,SL,-477.39,VBO_UP
VBO_NY,2025-12-23 15:00:00,SELL,86840.5,87135.38,86224.62,87135.38,2025-12-23 15:15:00,SL,-324.88,VBO_DN
VBO_NY,2025-12-24 16:45:00,BUY,87464.5,87109.53,88205.56,87596.5,2025-12-25 22:45:00,TIME,102.0,VBO_UP
VBO_NY,2025-12-26 14:45:00,SELL,88348.5,88564.72,87896.5,87896.5,2025-12-26 14:45:00,TP,422.0,VBO_DN
VBO_NY,2025-12-26 15:15:00,SELL,86690.0,86999.39,86068.56,86999.39,2025-12-26 15:15:00,SL,-339.39,VBO_DN
VBO_NY,2025-12-29 12:15:00,SELL,86870.0,87196.89,86155.06,87196.89,2025-12-29 12:15:00,SL,-356.89,VBO_DN
VBO_NY,2025-12-30 15:00:00,BUY,88770.0,88483.92,89379.88,88483.92,2025-12-30 15:00:00,SL,-316.08,VBO_UP
VBO_NY,2025-12-31 14:15:00,BUY,89039.5,88858.19,89406.44,88858.19,2025-12-31 14:15:00,SL,-211.31,VBO_UP
VBO_NY,2025-12-31 15:00:00,SELL,88369.5,88600.48,87914.5,87914.5,2025-12-31 15:00:00,TP,425.0,VBO_DN
VBO_NY,2025-12-31 16:45:00,SELL,87338.5,87648.42,86699.0,87648.42,2025-12-31 18:00:00,SL,-339.92,VBO_DN
VBO_NY,2026-01-02 14:30:00,SELL,88806.0,89066.39,88269.69,89066.39,2026-01-02 14:30:00,SL,-290.39,VBO_DN
VBO_NY,2026-01-05 14:45:00,BUY,93245.5,92960.96,93901.5,92960.96,2026-01-05 14:45:00,SL,-314.54,VBO_UP
VBO_NY,2026-01-05 15:45:00,BUY,93855.0,93454.92,94670.0,93454.92,2026-01-05 17:15:00,SL,-430.08,VBO_UP
VBO_NY,2026-01-05 18:00:00,BUY,94321.5,93836.32,95279.88,93836.32,2026-01-05 21:30:00,SL,-515.18,VBO_UP
VBO_NY,2026-01-06 14:15:00,BUY,94108.0,93902.3,94507.25,93902.3,2026-01-06 14:45:00,SL,-235.7,VBO_UP
VBO_NY,2026-01-06 15:45:00,SELL,93471.0,93800.76,92802.5,92802.5,2026-01-06 16:15:00,TP,638.5,VBO_DN
VBO_NY,2026-01-06 16:45:00,SELL,92509.0,92904.37,91629.81,91629.81,2026-01-06 17:45:00,TP,849.19,VBO_DN
VBO_NY,2026-01-07 15:30:00,SELL,91195.0,91539.81,90478.19,91539.81,2026-01-07 16:00:00,SL,-374.81,VBO_DN
VBO_NY,2026-01-08 14:30:00,SELL,89533.0,89838.41,88909.06,89838.41,2026-01-08 14:45:00,SL,-335.41,VBO_DN
VBO_NY,2026-01-08 16:00:00,BUY,90702.5,90316.81,91595.44,90316.81,2026-01-08 16:30:00,SL,-415.69,VBO_UP
VBO_NY,2026-01-09 14:45:00,SELL,90024.5,90299.83,89457.06,90299.83,2026-01-09 15:15:00,SL,-305.33,VBO_DN
VBO_NY,2026-01-12 14:30:00,SELL,90159.0,90409.39,89677.44,90409.39,2026-01-12 14:30:00,SL,-280.39,VBO_DN
VBO_NY,2026-01-12 15:30:00,BUY,91228.0,90906.27,91899.81,91899.81,2026-01-12 16:15:00,TP,641.81,VBO_UP
VBO_NY,2026-01-13 14:45:00,BUY,92633.0,92361.38,93226.62,92361.38,2026-01-13 14:45:00,SL,-301.62,VBO_UP
VBO_NY,2026-01-13 15:45:00,BUY,92889.5,92533.8,93642.88,93642.88,2026-01-13 16:00:00,TP,723.38,VBO_UP
VBO_NY,2026-01-14 14:15:00,BUY,95472.0,95219.79,96011.31,96011.31,2026-01-14 14:30:00,TP,509.31,VBO_UP
VBO_NY,2026-01-14 15:00:00,BUY,96486.0,96139.05,97227.31,97227.31,2026-01-14 16:00:00,TP,711.31,VBO_UP
VBO_NY,2026-01-15 14:45:00,SELL,95801.0,96116.05,95164.69,96116.05,2026-01-15 14:45:00,SL,-345.05,VBO_DN
VBO_NY,2026-01-16 14:45:00,SELL,95187.0,95403.97,94747.31,95403.97,2026-01-16 14:45:00,SL,-246.97,VBO_DN
VBO_NY,2026-01-16 15:30:00,SELL,94671.5,94970.31,94042.81,94970.31,2026-01-16 16:45:00,SL,-328.81,VBO_DN
VBO_NY,2026-01-20 15:00:00,SELL,90431.0,90754.54,89804.75,89804.75,2026-01-20 15:00:00,TP,596.25,VBO_DN
VBO_NY,2026-01-21 12:15:00,SELL,88298.5,88578.76,87663.75,88578.76,2026-01-21 12:30:00,SL,-310.26,VBO_DN
VBO_NY,2026-01-21 14:15:00,BUY,89497.0,89114.57,90278.31,90278.31,2026-01-21 15:00:00,TP,751.31,VBO_UP
VBO_NY,2026-01-21 16:45:00,SELL,88073.0,88718.9,86741.25,88718.9,2026-01-21 19:15:00,SL,-675.9,VBO_DN
VBO_NY,2026-01-22 13:45:00,SELL,89541.0,89738.78,89098.12,89098.12,2026-01-22 14:30:00,TP,412.88,VBO_DN
VBO_NY,2026-01-22 15:00:00,SELL,89013.0,89301.47,88461.36,88461.36,2026-01-22 15:30:00,TP,521.64,VBO_DN
VBO_NY,2026-01-23 14:30:00,BUY,89576.0,89386.18,90019.25,89386.18,2026-01-23 14:30:00,SL,-219.82,VBO_UP
VBO_NY,2026-01-23 16:00:00,BUY,89652.0,89300.91,90415.81,90415.81,2026-01-23 16:45:00,TP,733.81,VBO_UP
VBO_NY,2026-01-23 17:30:00,BUY,90911.5,90412.72,91941.38,90412.72,2026-01-23 18:00:00,SL,-528.78,VBO_UP
VBO_NY,2026-01-26 14:45:00,BUY,88069.0,87822.47,88604.19,87822.47,2026-01-26 14:45:00,SL,-276.53,VBO_UP
VBO_NY,2026-01-26 15:15:00,BUY,88623.5,88354.07,89263.44,88354.07,2026-01-26 15:15:00,SL,-299.43,VBO_UP
VBO_NY,2026-01-27 14:15:00,BUY,88183.0,87995.89,88582.06,87995.89,2026-01-27 14:30:00,SL,-217.11,VBO_UP
VBO_NY,2026-01-27 17:45:00,SELL,87255.0,87712.71,86306.06,87712.71,2026-01-27 18:00:00,SL,-487.71,VBO_DN
VBO_NY,2026-01-28 15:15:00,SELL,88968.5,89360.4,88219.88,89360.4,2026-01-28 15:30:00,SL,-421.9,VBO_DN
VBO_NY,2026-01-29 14:45:00,SELL,87535.0,87738.5,87109.5,87109.5,2026-01-29 14:45:00,TP,395.5,VBO_DN
VBO_NY,2026-01-29 15:15:00,SELL,85213.5,85518.68,84468.25,85518.68,2026-01-29 15:15:00,SL,-335.18,VBO_DN
VBO_NY,2026-01-29 15:45:00,SELL,84449.5,84915.5,83560.38,84915.5,2026-01-29 15:45:00,SL,-496.0,VBO_DN
VBO_NY,2026-01-29 18:00:00,SELL,84134.0,84798.22,82737.88,84396.0,2026-01-30 00:00:00,TIME,-292.0,VBO_DN
VBO_NY,2026-01-30 14:45:00,BUY,83514.5,83129.34,84380.12,83129.34,2026-01-30 14:45:00,SL,-415.16,VBO_UP
VBO_NY,2026-01-30 19:00:00,BUY,83808.0,83016.34,85446.5,83016.34,2026-02-01 22:00:00,SL,-821.66,VBO_UP
VBO_NY,2026-02-02 14:45:00,BUY,78466.0,78011.59,79352.56,78011.59,2026-02-02 14:45:00,SL,-484.41,VBO_UP
VBO_NY,2026-02-02 15:45:00,BUY,78988.5,78420.34,80184.5,78420.34,2026-02-02 18:15:00,SL,-598.16,VBO_UP
VBO_NY,2026-02-03 14:45:00,SELL,77806.5,78148.86,77148.75,77148.75,2026-02-03 14:45:00,TP,627.75,VBO_DN
VBO_NY,2026-02-03 15:15:00,SELL,77113.5,77500.97,76284.69,77500.97,2026-02-03 15:15:00,SL,-417.47,VBO_DN
VBO_NY,2026-02-03 16:30:00,SELL,76614.5,77192.39,75429.06,75429.06,2026-02-03 17:30:00,TP,1155.44,VBO_DN
VBO_NY,2026-02-04 13:45:00,SELL,75235.5,75572.37,74542.94,75572.37,2026-02-04 14:30:00,SL,-366.87,VBO_DN
VBO_NY,2026-02-04 15:00:00,SELL,74207.0,74719.27,73196.81,74719.27,2026-02-04 15:00:00,SL,-542.27,VBO_DN
VBO_NY,2026-02-04 16:45:00,SELL,72979.5,73745.41,71414.69,73745.41,2026-02-04 16:45:00,SL,-795.91,VBO_DN
VBO_NY,2026-02-04 17:30:00,SELL,72365.5,73256.36,70466.38,73256.36,2026-02-04 18:15:00,SL,-920.86,VBO_DN
VBO_NY,2026-02-05 12:30:00,SELL,69516.5,70135.76,68217.12,70135.76,2026-02-05 14:00:00,SL,-649.26,VBO_DN
VBO_NY,2026-02-05 15:15:00,SELL,67905.0,68683.38,66177.0,66177.0,2026-02-05 17:45:00,TP,1698.0,VBO_DN
VBO_NY,2026-02-06 13:15:00,BUY,66975.5,66500.61,68004.94,68004.94,2026-02-06 14:30:00,TP,999.44,VBO_UP
VBO_NY,2026-02-06 16:15:00,BUY,69258.0,68527.76,70776.25,70776.25,2026-02-06 17:15:00,TP,1488.25,VBO_UP
VBO_NY,2026-02-09 17:45:00,BUY,70789.5,70109.24,72222.12,70109.24,2026-02-09 18:15:00,SL,-710.26,VBO_UP
VBO_NY,2026-02-10 14:45:00,SELL,68186.0,68613.15,67340.81,68613.15,2026-02-10 15:00:00,SL,-457.15,VBO_DN
VBO_NY,2026-02-10 16:15:00,BUY,69673.5,69073.08,70808.75,69073.08,2026-02-10 18:15:00,SL,-630.42,VBO_UP
VBO_NY,2026-02-11 14:15:00,BUY,68434.5,67999.54,69362.25,67999.54,2026-02-11 14:15:00,SL,-464.96,VBO_UP
VBO_NY,2026-02-11 15:15:00,SELL,66078.5,66672.48,64728.5,66672.48,2026-02-11 15:30:00,SL,-623.98,VBO_DN
VBO_NY,2026-02-12 14:00:00,BUY,68359.5,68029.07,69054.06,68029.07,2026-02-12 14:00:00,SL,-360.43,VBO_UP
VBO_NY,2026-02-12 16:15:00,SELL,66523.5,67050.93,65461.69,65461.69,2026-02-12 17:45:00,TP,1031.81,VBO_DN
VBO_NY,2026-02-13 13:30:00,BUY,67292.5,67044.72,67851.88,67044.72,2026-02-13 14:30:00,SL,-277.78,VBO_UP
VBO_NY,2026-02-13 15:00:00,BUY,67723.0,67351.87,68417.56,68417.56,2026-02-13 15:00:00,TP,664.56,VBO_UP
VBO_NY,2026-02-13 15:30:00,BUY,68873.5,68463.35,69768.06,68463.35,2026-02-13 15:45:00,SL,-440.15,VBO_UP
VBO_NY,2026-02-16 12:30:00,BUY,69482.5,69214.5,70056.25,70056.25,2026-02-16 13:00:00,TP,543.75,VBO_UP
VBO_NY,2026-02-16 15:45:00,SELL,67426.5,67939.33,66351.94,67939.33,2026-02-16 16:45:00,SL,-542.83,VBO_DN
VBO_NY,2026-02-17 14:45:00,SELL,67077.5,67434.94,66343.62,67434.94,2026-02-17 16:00:00,SL,-387.44,VBO_DN
VBO_NY,2026-02-18 15:45:00,BUY,68096.5,67705.21,68874.69,67705.21,2026-02-18 15:45:00,SL,-421.29,VBO_UP
VBO_NY,2026-02-18 18:45:00,SELL,66309.5,66763.74,65357.0,66413.0,2026-02-19 00:45:00,TIME,-133.5,VBO_DN
VBO_NY,2026-02-19 13:45:00,SELL,65933.5,66201.59,65442.81,66201.59,2026-02-19 14:30:00,SL,-298.09,VBO_DN
VBO_NY,2026-02-20 13:15:00,SELL,67116.5,67383.16,66585.62,66585.62,2026-02-20 13:30:00,TP,500.88,VBO_DN
VBO_NY,2026-02-23 16:15:00,SELL,65215.0,65580.18,64423.38,65580.18,2026-02-23 16:15:00,SL,-395.18,VBO_DN
VBO_NY,2026-02-23 17:30:00,SELL,64560.5,65015.17,63628.69,65015.17,2026-02-23 18:30:00,SL,-484.67,VBO_DN
VBO_NY,2026-02-24 15:30:00,BUY,63936.0,63629.01,64603.31,64603.31,2026-02-24 19:00:00,TP,637.31,VBO_UP
VBO_NY,2026-02-25 12:30:00,BUY,65774.5,65537.53,66263.56,66263.56,2026-02-25 13:00:00,TP,459.06,VBO_UP
VBO_NY,2026-02-25 15:00:00,BUY,66993.5,66660.51,67708.81,67708.81,2026-02-25 16:00:00,TP,685.31,VBO_UP
VBO_NY,2026-02-25 17:15:00,BUY,68548.5,68075.38,69546.5,69546.5,2026-02-25 18:30:00,TP,968.0,VBO_UP
VBO_NY,2026-02-26 14:00:00,SELL,67896.0,68181.18,67325.0,68181.18,2026-02-26 14:30:00,SL,-315.18,VBO_DN
VBO_NY,2026-02-26 15:30:00,SELL,66980.5,67342.54,66267.88,67342.54,2026-02-26 15:30:00,SL,-392.04,VBO_DN
VBO_NY,2026-03-02 13:45:00,SELL,65603.0,65905.82,64967.5,65905.82,2026-03-02 14:30:00,SL,-332.82,VBO_DN
VBO_NY,2026-03-02 15:00:00,BUY,67159.5,66805.5,67994.12,67994.12,2026-03-02 15:00:00,TP,804.62,VBO_UP
VBO_NY,2026-03-02 15:45:00,BUY,69551.5,69021.08,70659.62,69021.08,2026-03-02 15:45:00,SL,-560.42,VBO_UP
VBO_NY,2026-03-02 16:15:00,BUY,69695.0,69086.98,70949.38,69086.98,2026-03-02 17:30:00,SL,-638.02,VBO_UP
VBO_NY,2026-03-03 16:15:00,BUY,68463.0,67896.06,69708.88,67896.06,2026-03-03 16:30:00,SL,-596.94,VBO_UP
VBO_NY,2026-03-04 15:30:00,BUY,73011.5,72473.92,74086.75,73293.0,2026-03-04 21:30:00,TIME,251.5,VBO_UP
VBO_NY,2026-03-05 14:45:00,SELL,72053.5,72469.86,71164.5,72469.86,2026-03-05 14:45:00,SL,-446.36,VBO_DN
VBO_NY,2026-03-05 15:15:00,SELL,71843.0,72348.85,70767.56,70767.56,2026-03-05 17:30:00,TP,1045.44,VBO_DN
VBO_NY,2026-03-06 12:15:00,SELL,69944.5,70206.74,69373.5,70206.74,2026-03-06 12:15:00,SL,-292.24,VBO_DN
VBO_NY,2026-03-06 14:00:00,SELL,69238.0,69603.71,68483.81,68483.81,2026-03-06 14:30:00,TP,724.19,VBO_DN
VBO_NY,2026-03-09 13:15:00,BUY,68467.5,68118.77,69209.44,69209.44,2026-03-09 13:30:00,TP,711.94,VBO_UP
VBO_NY,2026-03-10 13:45:00,SELL,69941.5,70282.4,69225.12,70282.4,2026-03-10 13:45:00,SL,-370.9,VBO_DN
VBO_NY,2026-03-10 14:15:00,SELL,69507.5,69894.77,68709.94,69894.77,2026-03-10 14:15:00,SL,-417.27,VBO_DN
VBO_NY,2026-03-10 15:00:00,BUY,71456.0,71007.99,72471.06,71007.99,2026-03-10 15:30:00,SL,-478.01,VBO_UP
VBO_NY,2026-03-11 13:15:00,BUY,69874.5,69556.96,70548.38,70548.38,2026-03-11 13:30:00,TP,643.88,VBO_UP
VBO_NY,2026-03-12 14:45:00,SELL,69627.0,70043.08,68740.12,70043.08,2026-03-12 15:15:00,SL,-446.08,VBO_DN
VBO_NY,2026-03-13 13:00:00,BUY,72810.5,72496.24,73476.0,73476.0,2026-03-13 13:45:00,TP,635.5,VBO_UP
VBO_NY,2026-03-13 14:30:00,BUY,73764.5,73394.97,74528.19,73394.97,2026-03-13 14:30:00,SL,-399.53,VBO_UP
VBO_NY,2026-03-13 15:45:00,SELL,72008.5,72495.0,70991.88,70991.88,2026-03-13 17:45:00,TP,986.62,VBO_DN
VBO_NY,2026-03-16 12:30:00,BUY,73872.5,73591.67,74550.06,73591.67,2026-03-16 14:30:00,SL,-310.83,VBO_UP
VBO_NY,2026-03-18 12:45:00,SELL,72437.5,72748.12,71808.88,71808.88,2026-03-18 14:15:00,TP,598.62,VBO_DN
VBO_NY,2026-03-18 15:15:00,SELL,71083.0,71521.59,70170.81,71521.59,2026-03-18 15:45:00,SL,-468.59,VBO_DN
VBO_NY,2026-03-19 13:00:00,SELL,69291.5,69578.94,68677.25,69578.94,2026-03-19 13:30:00,SL,-317.44,VBO_DN
VBO_NY,2026-03-19 19:15:00,BUY,70354.0,69865.02,71415.88,69865.02,2026-03-19 23:30:00,SL,-518.98,VBO_UP
VBO_NY,2026-03-24 13:15:00,SELL,70819.0,71090.93,70250.94,70250.94,2026-03-24 13:45:00,TP,538.06,VBO_DN
VBO_NY,2026-03-24 14:15:00,SELL,69832.5,70177.32,69132.62,70177.32,2026-03-24 15:15:00,SL,-374.82,VBO_DN
VBO_NY,2026-03-25 15:15:00,SELL,70804.5,71184.8,70046.12,71184.8,2026-03-25 16:15:00,SL,-410.3,VBO_DN
VBO_NY,2026-03-26 15:15:00,SELL,68899.5,69220.97,68328.44,68328.44,2026-03-26 18:00:00,TP,541.06,VBO_DN
VBO_NY,2026-03-27 14:30:00,SELL,65674.5,66071.78,64871.5,66071.78,2026-03-27 14:45:00,SL,-427.28,VBO_DN
VBO_NY,2026-03-30 14:30:00,SELL,67251.5,67515.27,66723.56,67515.27,2026-03-30 14:45:00,SL,-293.77,VBO_DN
VBO_NY,2026-03-30 17:30:00,SELL,66741.5,67112.7,65948.12,66710.5,2026-03-30 23:30:00,TIME,1.0,VBO_DN
VBO_NY,2026-03-31 14:00:00,BUY,67246.5,66922.33,67957.31,66922.33,2026-03-31 14:45:00,SL,-354.17,VBO_UP
VBO_NY,2026-03-31 17:15:00,BUY,68387.0,67833.9,69523.88,67833.9,2026-03-31 17:30:00,SL,-583.1,VBO_UP
VBO_NY,2026-04-01 13:45:00,SELL,68090.0,68394.88,67481.04,68394.88,2026-04-01 14:15:00,SL,-334.88,VBO_DN
VBO_NY,2026-04-02 13:45:00,SELL,65842.0,66090.66,65325.5,66090.66,2026-04-02 13:45:00,SL,-278.66,VBO_DN
VBO_NY,2026-04-02 14:45:00,BUY,67069.5,66722.75,67719.44,66722.75,2026-04-02 14:45:00,SL,-376.75,VBO_UP
VBO_NY,2026-04-07 14:15:00,SELL,67880.5,68199.4,67234.62,68199.4,2026-04-07 14:30:00,SL,-348.9,VBO_DN
VBO_NY,2026-04-07 17:45:00,BUY,68684.5,68336.49,69411.06,69411.06,2026-04-07 20:00:00,TP,696.56,VBO_UP
VBO_NY,2026-04-08 13:15:00,BUY,72635.0,72386.38,73173.0,72386.38,2026-04-08 13:30:00,SL,-278.62,VBO_UP
VBO_NY,2026-04-08 14:45:00,SELL,71096.5,71488.0,70290.12,71488.0,2026-04-08 16:15:00,SL,-421.5,VBO_DN
VBO_NY,2026-04-09 13:45:00,SELL,70905.5,71131.07,70407.81,71131.07,2026-04-09 14:45:00,SL,-255.57,VBO_DN
VBO_NY,2026-04-09 15:45:00,BUY,72097.5,71768.96,72800.46,71768.96,2026-04-09 16:45:00,SL,-358.54,VBO_UP
VBO_NY,2026-04-10 14:15:00,BUY,72753.5,72497.92,73278.25,73278.25,2026-04-10 15:15:00,TP,494.75,VBO_UP
VBO_NY,2026-04-13 13:00:00,BUY,71095.5,70910.93,71467.69,70910.93,2026-04-13 13:30:00,SL,-214.57,VBO_UP
VBO_NY,2026-04-13 14:00:00,BUY,71690.0,71460.75,72166.06,72166.06,2026-04-13 14:45:00,TP,446.06,VBO_UP
VBO_NY,2026-04-13 19:30:00,BUY,72905.5,72530.12,73676.75,73676.75,2026-04-13 22:00:00,TP,741.25,VBO_UP
VBO_NY,2026-04-14 13:45:00,BUY,75260.0,75025.33,75727.31,75727.31,2026-04-14 14:15:00,TP,437.31,VBO_UP
VBO_NY,2026-04-15 19:45:00,BUY,75106.5,74769.31,75798.19,74769.31,2026-04-15 20:00:00,SL,-367.19,VBO_UP
VBO_NY,2026-04-16 14:00:00,SELL,73776.0,74092.41,73200.06,74092.41,2026-04-16 14:45:00,SL,-346.41,VBO_DN
VBO_NY,2026-04-17 13:15:00,BUY,76956.5,76507.1,77874.25,76507.1,2026-04-17 13:15:00,SL,-479.4,VBO_UP
VBO_NY,2026-04-17 14:00:00,BUY,77394.5,76877.76,78446.38,77583.5,2026-04-17 20:00:00,TIME,159.0,VBO_UP
VBO_NY,2026-04-21 12:45:00,SELL,75863.0,76184.6,75174.5,76184.6,2026-04-21 13:30:00,SL,-351.6,VBO_DN
VBO_NY,2026-04-21 15:00:00,SELL,75684.5,76084.5,74845.0,76084.5,2026-04-21 16:30:00,SL,-430.0,VBO_DN
VBO_NY,2026-04-21 19:45:00,SELL,74879.5,75335.62,73915.38,75335.62,2026-04-21 20:00:00,SL,-486.12,VBO_DN
VBO_NY,2026-04-22 13:45:00,BUY,78639.5,78417.28,79117.88,79117.88,2026-04-22 14:00:00,TP,448.38,VBO_UP
VBO_NY,2026-04-23 15:00:00,BUY,78218.5,77928.38,78812.12,77928.38,2026-04-23 17:00:00,SL,-320.12,VBO_UP
VBO_NY,2026-04-23 17:45:00,SELL,77223.5,77613.67,76402.94,77613.67,2026-04-23 17:45:00,SL,-420.17,VBO_DN
VBO_NY,2026-04-27 14:45:00,BUY,78184.5,77981.35,78601.56,77981.35,2026-04-27 14:45:00,SL,-233.15,VBO_UP
VBO_NY,2026-04-27 15:15:00,SELL,77381.0,77635.35,76868.06,76868.06,2026-04-27 15:15:00,TP,482.94,VBO_DN
VBO_NY,2026-04-28 14:30:00,SELL,75820.5,76067.13,75297.44,76067.13,2026-04-28 15:15:00,SL,-276.63,VBO_DN
VBO_NY,2026-04-29 13:30:00,SELL,76920.5,77173.48,76395.0,76395.0,2026-04-29 15:00:00,TP,495.5,VBO_DN
VBO_NY,2026-04-29 18:15:00,SELL,75154.5,75605.59,74287.19,75605.59,2026-04-29 20:00:00,SL,-481.09,VBO_DN
VBO_NY,2026-04-30 13:45:00,BUY,76596.0,76384.06,77059.12,76384.06,2026-04-30 13:45:00,SL,-241.94,VBO_UP
VBO_NY,2026-05-01 12:30:00,BUY,77740.5,77567.85,78127.94,78127.94,2026-05-01 12:30:00,TP,357.44,VBO_UP
VBO_NY,2026-05-01 13:15:00,BUY,78346.0,78129.12,78804.0,78129.12,2026-05-01 13:30:00,SL,-246.88,VBO_UP
VBO_NY,2026-05-01 14:00:00,BUY,78748.0,78475.66,79310.75,78475.66,2026-05-01 14:15:00,SL,-302.34,VBO_UP
VBO_NY,2026-05-04 15:00:00,BUY,80230.0,79757.22,81179.5,79757.22,2026-05-04 15:15:00,SL,-502.78,VBO_UP
VBO_NY,2026-05-05 13:15:00,BUY,81644.0,81445.74,82055.5,81445.74,2026-05-05 13:15:00,SL,-228.26,VBO_UP
VBO_NY,2026-05-06 14:15:00,SELL,81450.0,81780.49,80746.06,81780.49,2026-05-06 14:30:00,SL,-360.49,VBO_DN
VBO_NY,2026-05-07 13:45:00,SELL,80566.5,80815.58,80039.88,80039.88,2026-05-07 14:30:00,TP,496.62,VBO_DN
VBO_NY,2026-05-07 15:30:00,SELL,79824.0,80146.87,79186.81,80146.87,2026-05-07 18:00:00,SL,-352.87,VBO_DN
VBO_NY,2026-05-11 12:30:00,BUY,81285.0,81096.51,81663.81,81096.51,2026-05-11 12:45:00,SL,-218.49,VBO_UP
VBO_NY,2026-05-11 14:30:00,SELL,80715.5,80969.47,80201.81,80969.47,2026-05-11 15:00:00,SL,-283.97,VBO_DN
VBO_NY,2026-05-11 16:15:00,BUY,81785.5,81444.04,82469.12,81444.04,2026-05-11 17:00:00,SL,-371.46,VBO_UP
VBO_NY,2026-05-12 14:00:00,SELL,80459.0,80666.57,80012.69,80666.57,2026-05-12 14:00:00,SL,-237.57,VBO_DN
VBO_NY,2026-05-12 15:30:00,SELL,80220.0,80495.93,79609.69,80495.93,2026-05-12 17:30:00,SL,-305.93,VBO_DN
VBO_NY,2026-05-13 12:30:00,SELL,80335.5,80559.97,79944.94,79944.94,2026-05-13 12:30:00,TP,360.56,VBO_DN
VBO_NY,2026-05-13 15:15:00,SELL,79416.5,79718.63,78796.31,78796.31,2026-05-13 15:45:00,TP,590.19,VBO_DN
VBO_NY,2026-05-14 13:30:00,BUY,79926.5,79718.53,80375.19,79718.53,2026-05-14 13:30:00,SL,-237.97,VBO_UP
VBO_NY,2026-05-14 15:00:00,BUY,80985.0,80656.68,81604.25,81604.25,2026-05-14 16:00:00,TP,589.25,VBO_UP
VBO_NY,2026-05-14 17:00:00,BUY,81891.5,81509.18,82706.5,81509.18,2026-05-14 17:15:00,SL,-412.32,VBO_UP
VBO_NY,2026-05-15 13:15:00,SELL,80123.5,80354.42,79677.88,79677.88,2026-05-15 13:30:00,TP,415.62,VBO_DN
VBO_NY,2026-05-15 14:00:00,SELL,78711.0,78983.97,78105.31,78983.97,2026-05-15 14:00:00,SL,-302.97,VBO_DN
VBO_NY,2026-05-18 12:45:00,BUY,77690.5,77470.29,78155.44,77470.29,2026-05-18 13:00:00,SL,-250.21,VBO_UP
VBO_NY,2026-05-19 14:30:00,SELL,76383.0,76651.94,75833.5,76651.94,2026-05-19 16:30:00,SL,-298.94,VBO_DN
VBO_NY,2026-05-20 13:45:00,SELL,77011.5,77182.39,76653.94,77182.39,2026-05-20 13:45:00,SL,-200.89,VBO_DN
VBO_NY,2026-05-21 13:45:00,SELL,76676.5,76897.98,76202.75,76897.98,2026-05-21 13:45:00,SL,-251.48,VBO_DN
VBO_NY,2026-05-21 17:15:00,BUY,77442.5,77140.83,78064.81,77591.0,2026-05-21 23:15:00,TIME,118.5,VBO_UP
VBO_NY,2026-05-22 14:15:00,SELL,76979.5,77144.26,76627.0,76627.0,2026-05-22 15:00:00,TP,322.5,VBO_DN
VBO_NY,2026-05-22 19:00:00,SELL,76450.0,76722.57,75897.56,75897.56,2026-05-22 19:30:00,TP,522.44,VBO_DN
VBO_NY,2026-05-25 15:00:00,BUY,77643.5,77498.52,77957.88,77498.52,2026-05-25 15:45:00,SL,-174.98,VBO_UP
VBO_NY,2026-05-26 14:30:00,BUY,77878.5,77563.91,78540.06,77563.91,2026-05-26 14:30:00,SL,-344.59,VBO_UP
VBO_NY,2026-05-27 13:15:00,SELL,75312.0,75521.92,74868.5,74868.5,2026-05-27 13:30:00,TP,413.5,VBO_DN
VBO_NY,2026-05-28 13:30:00,SELL,73034.0,73220.66,72635.88,72635.88,2026-05-28 13:30:00,TP,368.12,VBO_DN
VBO_NY,2026-05-29 13:15:00,SELL,73014.5,73186.43,72665.56,73186.43,2026-05-29 13:30:00,SL,-201.93,VBO_DN
VBO_NY,2026-05-29 14:30:00,SELL,72607.5,72840.73,72133.94,72840.73,2026-05-29 14:45:00,SL,-263.23,VBO_DN
VBO_NY,2026-05-29 15:45:00,BUY,73707.5,73364.44,74442.25,73364.44,2026-05-29 18:45:00,SL,-373.06,VBO_UP
VBO_ALL,2024-12-31 06:15:00,BUY,92682.7,92359.8,93352.94,93352.94,2024-12-31 08:15:00,TP,640.24,VBO_UP
VBO_ALL,2024-12-31 08:45:00,BUY,94083.2,93743.96,94786.86,93743.96,2024-12-31 08:45:00,SL,-369.24,VBO_UP
VBO_ALL,2024-12-31 13:15:00,BUY,94931.0,94495.66,95851.22,95851.22,2024-12-31 13:15:00,TP,890.23,VBO_UP
VBO_ALL,2024-12-31 17:45:00,SELL,93519.6,94173.83,92148.91,94173.83,2024-12-31 18:00:00,SL,-684.23,VBO_DN
VBO_ALL,2025-01-02 04:45:00,BUY,95583.4,95152.41,96484.37,95152.41,2025-01-02 05:15:00,SL,-460.99,VBO_UP
VBO_ALL,2025-01-02 10:00:00,BUY,96525.9,96223.82,97171.88,96223.82,2025-01-02 14:00:00,SL,-332.08,VBO_UP
VBO_ALL,2025-01-03 14:30:00,BUY,97034.9,96772.18,97582.22,96772.18,2025-01-03 14:30:00,SL,-292.72,VBO_UP
VBO_ALL,2025-01-03 16:30:00,BUY,97953.0,97506.41,98882.78,98882.78,2025-01-03 19:00:00,TP,899.78,VBO_UP
VBO_ALL,2025-01-06 02:15:00,BUY,99010.7,98677.42,99709.04,98677.42,2025-01-06 02:15:00,SL,-363.28,VBO_UP
VBO_ALL,2025-01-06 15:00:00,BUY,100739.4,100243.4,101814.67,101814.67,2025-01-06 15:30:00,TP,1045.27,VBO_UP
VBO_ALL,2025-01-07 00:30:00,BUY,102429.0,102078.63,103154.31,102078.63,2025-01-07 00:30:00,SL,-380.37,VBO_UP
VBO_ALL,2025-01-07 10:15:00,SELL,101476.1,101663.31,101074.99,101074.99,2025-01-07 11:30:00,TP,371.11,VBO_DN
VBO_ALL,2025-01-07 15:00:00,SELL,100044.9,100450.85,99183.45,99183.45,2025-01-07 15:00:00,TP,831.45,VBO_DN
VBO_ALL,2025-01-07 15:45:00,SELL,97468.1,98068.66,96234.82,98068.66,2025-01-07 15:45:00,SL,-630.56,VBO_DN
VBO_ALL,2025-01-08 06:45:00,SELL,95707.6,96093.27,94916.14,96093.27,2025-01-08 08:30:00,SL,-415.67,VBO_DN
VBO_ALL,2025-01-08 11:45:00,SELL,94696.6,95132.63,93787.59,95132.63,2025-01-08 11:45:00,SL,-466.03,VBO_DN
VBO_ALL,2025-01-08 17:15:00,SELL,93813.0,94485.66,92398.67,94485.66,2025-01-08 18:00:00,SL,-702.66,VBO_DN
VBO_ALL,2025-01-09 07:45:00,SELL,93581.9,93935.58,92846.61,92846.61,2025-01-09 08:00:00,TP,705.29,VBO_DN
VBO_ALL,2025-01-09 13:45:00,SELL,92261.3,92717.11,91278.4,92717.11,2025-01-09 14:30:00,SL,-485.81,VBO_DN
VBO_ALL,2025-01-09 16:00:00,BUY,94233.0,93637.85,95485.24,93637.85,2025-01-09 17:15:00,SL,-625.15,VBO_UP
VBO_ALL,2025-01-10 05:45:00,BUY,94107.6,93753.67,94843.1,93753.67,2025-01-10 06:30:00,SL,-383.93,VBO_UP
VBO_ALL,2025-01-10 07:45:00,BUY,94815.6,94466.85,95523.96,94466.85,2025-01-10 07:45:00,SL,-378.75,VBO_UP
VBO_ALL,2025-01-10 13:45:00,SELL,93534.7,93937.96,92655.41,93937.96,2025-01-10 14:00:00,SL,-433.26,VBO_DN
VBO_ALL,2025-01-10 15:15:00,SELL,92308.8,93025.1,90846.1,93025.1,2025-01-10 15:15:00,SL,-746.3,VBO_DN
VBO_ALL,2025-01-10 18:00:00,BUY,95807.7,94735.12,98065.99,94735.12,2025-01-10 18:30:00,SL,-1102.58,VBO_UP
VBO_ALL,2025-01-13 07:00:00,SELL,93599.6,93970.57,92823.05,92823.05,2025-01-13 08:15:00,TP,746.55,VBO_DN
VBO_ALL,2025-01-13 10:30:00,SELL,91893.2,92348.81,90997.04,90997.04,2025-01-13 11:30:00,TP,866.16,VBO_DN
VBO_ALL,2025-01-13 20:45:00,BUY,92915.0,92216.02,94387.25,94387.25,2025-01-13 21:30:00,TP,1442.25,VBO_UP
VBO_ALL,2025-01-14 08:15:00,BUY,95506.2,95205.48,96142.88,96142.88,2025-01-14 09:15:00,TP,606.68,VBO_UP
VBO_ALL,2025-01-14 09:45:00,BUY,96781.8,96383.98,97630.62,96383.98,2025-01-14 11:15:00,SL,-427.82,VBO_UP
VBO_ALL,2025-01-15 00:30:00,BUY,97224.4,96859.37,97995.66,96859.37,2025-01-15 00:30:00,SL,-395.03,VBO_UP
VBO_ALL,2025-01-15 13:45:00,BUY,98518.9,98121.89,99355.26,99355.26,2025-01-15 14:00:00,TP,806.36,VBO_UP
VBO_ALL,2025-01-15 15:30:00,BUY,99739.2,99221.64,100831.62,99221.64,2025-01-15 15:45:00,SL,-547.56,VBO_UP
VBO_ALL,2025-01-15 20:15:00,BUY,100260.4,99764.67,101287.62,99764.67,2025-01-15 20:30:00,SL,-525.73,VBO_UP
VBO_ALL,2025-01-16 08:45:00,SELL,99027.6,99278.66,98503.01,99278.66,2025-01-16 09:45:00,SL,-281.06,VBO_DN
VBO_ALL,2025-01-16 14:45:00,SELL,98271.8,98723.35,97327.38,97327.38,2025-01-16 15:00:00,TP,914.43,VBO_DN
VBO_ALL,2025-01-17 01:45:00,BUY,101615.2,101167.76,102548.29,101167.76,2025-01-17 02:45:00,SL,-477.44,VBO_UP
VBO_ALL,2025-01-17 10:45:00,BUY,102386.6,102041.15,103063.12,103063.12,2025-01-17 14:30:00,TP,646.52,VBO_UP
VBO_ALL,2025-01-17 15:00:00,BUY,103413.3,102979.71,104346.82,104346.82,2025-01-17 16:00:00,TP,903.52,VBO_UP
VBO_ALL,2025-01-19 22:15:00,SELL,103953.6,104626.12,102547.89,102547.89,2025-01-19 22:45:00,TP,1375.71,VBO_DN
VBO_ALL,2025-01-19 23:30:00,SELL,100443.0,101433.62,98330.8,101433.62,2025-01-19 23:45:00,SL,-1020.62,VBO_DN
VBO_ALL,2025-01-20 06:45:00,BUY,104628.2,103828.34,106277.61,106277.61,2025-01-20 06:45:00,TP,1619.41,VBO_UP
VBO_ALL,2025-01-20 12:30:00,SELL,106541.3,107499.43,104517.44,107499.43,2025-01-20 13:30:00,SL,-988.13,VBO_DN
VBO_ALL,2025-01-20 16:00:00,SELL,104747.0,105781.87,102583.01,105781.87,2025-01-20 16:30:00,SL,-1064.87,VBO_DN
VBO_ALL,2025-01-20 17:45:00,SELL,100585.2,102272.3,97137.0,102272.3,2025-01-20 17:45:00,SL,-1717.1,VBO_DN
VBO_ALL,2025-01-21 01:00:00,SELL,101037.8,101988.1,99099.01,101988.1,2025-01-21 01:00:00,SL,-980.3,VBO_DN
VBO_ALL,2025-01-21 01:30:00,SELL,100365.4,101400.49,98213.29,101400.49,2025-01-21 01:45:00,SL,-1065.09,VBO_DN
VBO_ALL,2025-01-21 12:30:00,BUY,104418.2,103881.6,105540.44,103881.6,2025-01-21 14:30:00,SL,-566.6,VBO_UP
VBO_ALL,2025-01-21 16:15:00,BUY,105971.4,105087.71,107792.08,105087.71,2025-01-21 16:30:00,SL,-913.69,VBO_UP
VBO_ALL,2025-01-22 04:45:00,SELL,105395.2,105792.16,104542.6,105792.16,2025-01-22 05:15:00,SL,-426.96,VBO_DN
VBO_ALL,2025-01-22 13:45:00,SELL,104575.3,104976.05,103754.29,103754.29,2025-01-22 14:00:00,TP,791.01,VBO_DN
VBO_ALL,2025-01-23 00:30:00,SELL,103350.5,103811.66,102403.0,102403.0,2025-01-23 02:00:00,TP,917.5,VBO_DN
VBO_ALL,2025-01-23 10:45:00,SELL,101257.6,101699.06,100335.12,101699.06,2025-01-23 11:00:00,SL,-471.46,VBO_DN
VBO_ALL,2025-01-23 14:45:00,BUY,104985.9,104360.59,106313.29,104360.59,2025-01-23 15:00:00,SL,-655.31,VBO_UP
VBO_ALL,2025-01-23 16:15:00,BUY,106528.4,105495.91,108715.8,105495.91,2025-01-23 16:15:00,SL,-1062.49,VBO_UP
VBO_ALL,2025-01-24 14:45:00,BUY,106234.5,105798.73,107145.12,105798.73,2025-01-24 14:45:00,SL,-465.77,VBO_UP
VBO_ALL,2025-01-24 21:00:00,SELL,104864.4,105429.7,103682.38,105429.7,2025-01-24 21:30:00,SL,-595.3,VBO_DN
VBO_ALL,2025-01-26 23:15:00,SELL,103334.8,103918.58,102131.54,102131.54,2025-01-27 00:45:00,TP,1173.26,VBO_DN
VBO_ALL,2025-01-27 01:15:00,SELL,101399.8,102084.95,99978.56,99978.56,2025-01-27 05:45:00,TP,1391.24,VBO_DN
VBO_ALL,2025-01-27 06:45:00,SELL,99112.6,99709.0,97824.46,97824.46,2025-01-27 07:15:00,TP,1258.14,VBO_DN
VBO_ALL,2025-01-27 13:00:00,BUY,100650.7,99965.94,102036.59,99965.94,2025-01-27 13:45:00,SL,-714.76,VBO_UP
VBO_ALL,2025-01-27 15:00:00,BUY,101763.8,100893.86,103591.6,100893.86,2025-01-27 15:15:00,SL,-899.94,VBO_UP
VBO_ALL,2025-01-27 21:15:00,BUY,102352.2,101537.66,104039.9,101537.66,2025-01-27 21:15:00,SL,-844.54,VBO_UP
VBO_ALL,2025-01-28 00:15:00,BUY,102620.5,101876.51,104191.14,101876.51,2025-01-28 00:45:00,SL,-773.99,VBO_UP
VBO_ALL,2025-01-28 09:30:00,SELL,102521.0,102916.75,101686.35,102916.75,2025-01-28 09:45:00,SL,-425.75,VBO_DN
VBO_ALL,2025-01-28 14:15:00,SELL,101937.8,102307.23,101146.58,102307.23,2025-01-28 14:15:00,SL,-399.43,VBO_DN
VBO_ALL,2025-01-28 21:00:00,SELL,101216.8,101831.78,99962.11,101831.78,2025-01-29 01:00:00,SL,-644.98,VBO_DN
VBO_ALL,2025-01-29 13:15:00,SELL,102132.8,102448.94,101477.88,102448.94,2025-01-29 15:00:00,SL,-346.14,VBO_DN
VBO_ALL,2025-01-29 19:45:00,BUY,103451.9,102777.93,104808.51,104808.51,2025-01-29 20:30:00,TP,1326.61,VBO_UP
VBO_ALL,2025-01-30 15:00:00,BUY,105946.6,105573.36,106717.71,105573.36,2025-01-30 15:15:00,SL,-403.24,VBO_UP
VBO_ALL,2025-01-31 02:30:00,SELL,104393.0,104705.88,103747.32,104705.88,2025-01-31 06:45:00,SL,-342.88,VBO_DN
VBO_ALL,2025-01-31 15:30:00,BUY,105229.1,104843.45,106037.16,106037.16,2025-01-31 15:45:00,TP,778.06,VBO_UP
VBO_ALL,2025-01-31 18:30:00,SELL,104037.2,104597.36,102893.64,102893.64,2025-01-31 18:45:00,TP,1113.56,VBO_DN
VBO_ALL,2025-02-03 00:45:00,SELL,95595.0,96724.22,93230.12,96724.22,2025-02-03 00:45:00,SL,-1159.22,VBO_DN
VBO_ALL,2025-02-03 01:45:00,SELL,94104.3,95429.55,91353.85,91353.85,2025-02-03 02:00:00,TP,2720.45,VBO_DN
VBO_ALL,2025-02-03 14:45:00,BUY,96256.0,95526.66,97717.49,97717.49,2025-02-03 15:15:00,TP,1431.49,VBO_UP
VBO_ALL,2025-02-03 15:45:00,BUY,98760.0,97875.44,100662.04,100662.04,2025-02-03 19:15:00,TP,1872.04,VBO_UP
VBO_ALL,2025-02-04 04:15:00,SELL,100393.6,100819.48,99502.95,99502.95,2025-02-04 05:00:00,TP,860.65,VBO_DN
VBO_ALL,2025-02-04 05:30:00,SELL,98973.4,99483.16,97913.25,99483.16,2025-02-04 06:00:00,SL,-539.76,VBO_DN
VBO_ALL,2025-02-04 08:45:00,SELL,98002.7,98648.98,96655.66,98648.98,2025-02-04 09:00:00,SL,-676.28,VBO_DN
VBO_ALL,2025-02-04 14:45:00,BUY,100255.6,99718.05,101377.66,99718.05,2025-02-04 15:00:00,SL,-567.55,VBO_UP
VBO_ALL,2025-02-05 14:45:00,BUY,98856.0,98431.7,99736.88,98431.7,2025-02-05 14:45:00,SL,-454.3,VBO_UP
VBO_ALL,2025-02-05 18:15:00,SELL,96897.0,97523.95,95594.24,97523.95,2025-02-05 19:45:00,SL,-656.95,VBO_DN
VBO_ALL,2025-02-06 04:30:00,BUY,97751.6,97363.33,98552.49,98552.49,2025-02-06 09:00:00,TP,770.89,VBO_UP
VBO_ALL,2025-02-07 02:00:00,BUY,97404.6,96920.96,98413.41,96920.96,2025-02-07 06:15:00,SL,-513.64,VBO_UP
VBO_ALL,2025-02-07 11:15:00,BUY,97649.2,97327.42,98363.66,97327.42,2025-02-07 13:30:00,SL,-351.78,VBO_UP
VBO_ALL,2025-02-07 14:00:00,BUY,98847.8,98484.54,99607.06,99607.06,2025-02-07 14:00:00,TP,729.26,VBO_UP
VBO_ALL,2025-02-10 08:15:00,BUY,97806.9,97369.98,98716.85,97369.98,2025-02-10 12:30:00,SL,-466.92,VBO_UP
VBO_ALL,2025-02-10 14:00:00,BUY,98273.6,97945.26,98932.66,97945.26,2025-02-10 14:00:00,SL,-358.34,VBO_UP
VBO_ALL,2025-02-10 15:30:00,SELL,97100.8,97533.73,96212.42,97533.73,2025-02-10 17:45:00,SL,-462.93,VBO_DN
VBO_ALL,2025-02-11 00:15:00,BUY,97761.9,97530.9,98242.85,97530.9,2025-02-11 02:30:00,SL,-261.0,VBO_UP
VBO_ALL,2025-02-11 06:00:00,BUY,98494.2,98211.59,99084.82,98211.59,2025-02-11 06:15:00,SL,-312.61,VBO_UP
VBO_ALL,2025-02-11 12:15:00,SELL,97840.4,98057.1,97378.15,97378.15,2025-02-11 13:30:00,TP,432.25,VBO_DN
VBO_ALL,2025-02-11 14:00:00,SELL,96781.2,97055.39,96194.55,97055.39,2025-02-11 14:00:00,SL,-304.19,VBO_DN
VBO_ALL,2025-02-12 13:30:00,BUY,96514.8,96252.77,97083.81,96252.77,2025-02-12 13:30:00,SL,-292.03,VBO_UP
VBO_ALL,2025-02-12 17:00:00,BUY,97029.1,96198.93,98766.02,98017.8,2025-02-12 23:00:00,TIME,958.7,VBO_UP
VBO_ALL,2025-02-13 05:00:00,SELL,96916.2,97183.95,96369.19,96369.19,2025-02-13 06:30:00,TP,517.01,VBO_DN
VBO_ALL,2025-02-14 00:30:00,BUY,96905.9,96622.75,97495.17,96622.75,2025-02-14 00:30:00,SL,-313.15,VBO_UP
VBO_ALL,2025-02-14 04:00:00,BUY,97189.6,96914.52,97771.31,96914.52,2025-02-14 04:15:00,SL,-305.08,VBO_UP
VBO_ALL,2025-02-14 15:00:00,BUY,97292.8,96999.73,97899.36,96999.73,2025-02-14 15:00:00,SL,-323.07,VBO_UP
VBO_ALL,2025-02-14 17:00:00,BUY,97681.4,97230.02,98636.58,97230.02,2025-02-14 17:00:00,SL,-481.38,VBO_UP
VBO_ALL,2025-02-14 17:45:00,BUY,97996.6,97476.26,99083.72,97476.26,2025-02-14 20:45:00,SL,-550.34,VBO_UP
VBO_ALL,2025-02-17 14:15:00,BUY,96937.4,96714.95,97413.17,96714.95,2025-02-17 14:15:00,SL,-252.45,VBO_UP
VBO_ALL,2025-02-17 16:00:00,SELL,95691.4,95997.61,95053.15,95997.61,2025-02-17 20:30:00,SL,-336.21,VBO_DN
VBO_ALL,2025-02-18 06:15:00,SELL,95300.3,95530.75,94817.74,95530.75,2025-02-18 06:30:00,SL,-260.45,VBO_DN
VBO_ALL,2025-02-18 12:45:00,BUY,96183.6,95898.93,96723.32,96723.32,2025-02-18 14:15:00,TP,509.72,VBO_UP
VBO_ALL,2025-02-18 15:00:00,SELL,95514.4,95843.47,94819.59,94819.59,2025-02-18 16:30:00,TP,664.81,VBO_DN
VBO_ALL,2025-02-19 10:15:00,BUY,96358.5,96137.22,96808.71,96137.22,2025-02-19 10:30:00,SL,-251.28,VBO_UP
VBO_ALL,2025-02-19 15:00:00,SELL,95758.6,96064.87,95120.22,96064.87,2025-02-19 15:15:00,SL,-336.27,VBO_DN
VBO_ALL,2025-02-20 03:00:00,BUY,97136.6,96871.31,97686.83,96871.31,2025-02-20 06:00:00,SL,-295.29,VBO_UP
VBO_ALL,2025-02-20 12:15:00,BUY,97444.3,97292.48,97759.05,97759.05,2025-02-20 14:00:00,TP,284.75,VBO_UP
VBO_ALL,2025-02-20 14:30:00,BUY,97820.0,97642.4,98205.11,97642.4,2025-02-20 14:45:00,SL,-207.6,VBO_UP
VBO_ALL,2025-02-21 13:15:00,BUY,99326.8,99092.94,99906.51,99092.94,2025-02-21 14:15:00,SL,-263.86,VBO_UP
VBO_ALL,2025-02-21 15:30:00,SELL,98294.7,98748.42,97362.7,97362.7,2025-02-21 15:30:00,TP,902.0,VBO_DN
VBO_ALL,2025-02-24 09:30:00,BUY,96049.6,95787.62,96591.7,95787.62,2025-02-24 09:45:00,SL,-291.98,VBO_UP
VBO_ALL,2025-02-24 14:45:00,SELL,95137.7,95478.34,94430.8,94430.8,2025-02-24 15:00:00,TP,676.9,VBO_DN
VBO_ALL,2025-02-24 19:45:00,SELL,93752.6,94365.48,92470.21,94365.48,2025-02-24 20:15:00,SL,-642.88,VBO_DN
VBO_ALL,2025-02-24 22:15:00,SELL,93136.2,93654.67,92033.85,92033.85,2025-02-24 23:15:00,TP,1072.35,VBO_DN
VBO_ALL,2025-02-25 00:15:00,SELL,91017.6,91719.95,89580.89,91719.95,2025-02-25 00:15:00,SL,-732.35,VBO_DN
VBO_ALL,2025-02-25 07:15:00,SELL,90365.6,90851.02,89407.65,89407.65,2025-02-25 07:15:00,TP,927.95,VBO_DN
VBO_ALL,2025-02-25 10:15:00,SELL,87707.6,88515.28,86018.15,88515.28,2025-02-25 11:30:00,SL,-837.68,VBO_DN
VBO_ALL,2025-02-25 15:15:00,SELL,86721.2,87527.73,85002.09,87527.73,2025-02-25 15:45:00,SL,-836.53,VBO_DN
VBO_ALL,2025-02-25 20:30:00,BUY,88630.4,87746.88,90410.62,87746.88,2025-02-25 21:00:00,SL,-913.52,VBO_UP
VBO_ALL,2025-02-26 08:15:00,SELL,88269.7,88630.3,87510.12,88630.3,2025-02-26 09:00:00,SL,-390.6,VBO_DN
VBO_ALL,2025-02-26 13:00:00,SELL,87881.2,88239.85,87136.49,87136.49,2025-02-26 13:45:00,TP,714.71,VBO_DN
VBO_ALL,2025-02-26 14:15:00,SELL,86392.9,86826.15,85469.34,85469.34,2025-02-26 14:15:00,TP,893.56,VBO_DN
VBO_ALL,2025-02-26 18:30:00,SELL,85116.2,86024.15,82929.26,82929.26,2025-02-26 20:00:00,TP,2156.94,VBO_DN
VBO_ALL,2025-02-27 06:45:00,BUY,86339.1,85831.46,87424.12,85831.46,2025-02-27 08:15:00,SL,-537.64,VBO_UP
VBO_ALL,2025-02-27 11:00:00,BUY,86940.6,86529.64,87830.07,86529.64,2025-02-27 11:30:00,SL,-440.96,VBO_UP
VBO_ALL,2025-02-27 14:45:00,SELL,85469.4,86031.91,84284.25,86031.91,2025-02-27 15:30:00,SL,-592.51,VBO_DN
VBO_ALL,2025-02-27 20:15:00,SELL,83083.6,83701.46,81786.21,83701.46,2025-02-27 20:45:00,SL,-647.86,VBO_DN
VBO_ALL,2025-02-28 01:45:00,SELL,82435.3,83062.05,81112.91,81112.91,2025-02-28 02:30:00,TP,1292.39,VBO_DN
VBO_ALL,2025-02-28 13:45:00,BUY,81428.7,80692.07,82959.65,82959.65,2025-02-28 15:00:00,TP,1500.95,VBO_UP
VBO_ALL,2025-02-28 15:30:00,BUY,84308.1,83501.54,85978.25,83501.54,2025-02-28 16:00:00,SL,-836.56,VBO_UP
VBO_ALL,2025-02-28 16:45:00,BUY,84682.5,83782.3,86524.92,83782.3,2025-02-28 17:30:00,SL,-930.2,VBO_UP
VBO_ALL,2025-03-03 06:45:00,SELL,91950.5,92446.42,90918.56,92446.42,2025-03-03 07:45:00,SL,-525.92,VBO_DN
VBO_ALL,2025-03-03 14:45:00,SELL,91309.4,91979.67,89908.69,89908.69,2025-03-03 14:45:00,TP,1370.71,VBO_DN
VBO_ALL,2025-03-03 18:30:00,SELL,87613.8,88912.19,85030.31,85978.1,2025-03-04 00:30:00,TIME,1605.7,VBO_DN
VBO_ALL,2025-03-04 01:45:00,SELL,83463.1,84340.55,81598.7,84340.55,2025-03-04 02:45:00,SL,-907.45,VBO_DN
VBO_ALL,2025-03-04 13:30:00,SELL,82469.3,83005.78,81373.21,83005.78,2025-03-04 13:30:00,SL,-566.48,VBO_DN
VBO_ALL,2025-03-05 09:15:00,BUY,88212.9,87892.72,88907.08,88907.08,2025-03-05 10:15:00,TP,664.18,VBO_UP
VBO_ALL,2025-03-05 10:45:00,BUY,89961.2,89489.18,90949.82,89489.18,2025-03-05 13:15:00,SL,-502.02,VBO_UP
VBO_ALL,2025-03-06 02:00:00,BUY,91047.0,90535.5,92112.92,92112.92,2025-03-06 04:30:00,TP,1035.93,VBO_UP
VBO_ALL,2025-03-06 12:45:00,SELL,90365.1,90833.01,89398.0,89398.0,2025-03-06 14:00:00,TP,937.1,VBO_DN
VBO_ALL,2025-03-06 14:45:00,SELL,89272.0,89868.22,88034.81,89868.22,2025-03-06 14:45:00,SL,-626.22,VBO_DN
VBO_ALL,2025-03-07 00:30:00,SELL,86985.8,87996.06,84877.7,84877.7,2025-03-07 00:45:00,TP,2078.1,VBO_DN
VBO_ALL,2025-03-07 09:30:00,BUY,89275.4,88828.06,90194.71,88828.06,2025-03-07 10:00:00,SL,-477.34,VBO_UP
VBO_ALL,2025-03-07 13:45:00,BUY,90096.0,89512.62,91360.1,89512.62,2025-03-07 13:45:00,SL,-613.38,VBO_UP
VBO_ALL,2025-03-07 15:00:00,BUY,90442.4,89668.25,92064.46,89668.25,2025-03-07 15:15:00,SL,-804.15,VBO_UP
VBO_ALL,2025-03-07 16:30:00,SELL,87443.9,88508.08,85212.05,88508.08,2025-03-07 17:45:00,SL,-1094.18,VBO_DN
VBO_ALL,2025-03-07 21:15:00,SELL,86291.2,87421.45,83906.91,83906.91,2025-03-09 21:00:00,TP,2354.29,VBO_DN
VBO_ALL,2025-03-10 08:45:00,SELL,81450.6,81873.35,80564.94,81873.35,2025-03-10 09:00:00,SL,-452.75,VBO_DN
VBO_ALL,2025-03-10 09:30:00,BUY,83223.4,82671.57,84394.33,82671.57,2025-03-10 09:30:00,SL,-581.83,VBO_UP
VBO_ALL,2025-03-10 14:15:00,SELL,80136.3,81111.71,78112.83,81111.71,2025-03-10 15:30:00,SL,-1005.41,VBO_DN
VBO_ALL,2025-03-11 00:30:00,SELL,77250.8,77967.84,75772.39,77967.84,2025-03-11 01:30:00,SL,-747.04,VBO_DN
VBO_ALL,2025-03-11 08:15:00,BUY,80811.9,80389.07,81683.54,81683.54,2025-03-11 09:15:00,TP,841.64,VBO_UP
VBO_ALL,2025-03-11 14:30:00,SELL,79890.4,80600.51,78415.64,80600.51,2025-03-11 15:00:00,SL,-740.11,VBO_DN
VBO_ALL,2025-03-12 01:45:00,BUY,83332.8,82954.82,84125.81,82954.82,2025-03-12 02:00:00,SL,-407.98,VBO_UP
VBO_ALL,2025-03-12 02:45:00,SELL,82435.2,82881.02,81511.04,81511.04,2025-03-12 06:00:00,TP,894.16,VBO_DN
VBO_ALL,2025-03-12 12:45:00,BUY,83625.0,83107.4,84707.96,83107.4,2025-03-12 13:45:00,SL,-547.6,VBO_UP
VBO_ALL,2025-03-12 14:45:00,SELL,81668.5,82319.7,80312.76,82319.7,2025-03-12 17:00:00,SL,-681.2,VBO_DN
VBO_ALL,2025-03-13 08:30:00,SELL,82644.8,82953.95,81981.62,82953.95,2025-03-13 08:45:00,SL,-339.15,VBO_DN
VBO_ALL,2025-03-13 14:00:00,SELL,81737.0,82268.21,80664.23,82268.21,2025-03-13 14:15:00,SL,-561.21,VBO_DN
VBO_ALL,2025-03-14 01:45:00,BUY,81802.6,81480.68,82481.6,82160.2,2025-03-14 07:45:00,TIME,327.6,VBO_UP
VBO_ALL,2025-03-14 12:15:00,BUY,83407.2,83121.1,84018.66,83121.1,2025-03-14 13:30:00,SL,-316.1,VBO_UP
VBO_ALL,2025-03-14 15:15:00,BUY,84286.4,83807.13,85283.02,85283.02,2025-03-14 15:30:00,TP,966.63,VBO_UP
VBO_ALL,2025-03-16 22:15:00,SELL,82561.9,83008.44,81650.42,83008.44,2025-03-17 00:30:00,SL,-476.54,VBO_DN
VBO_ALL,2025-03-18 01:15:00,SELL,83611.0,83858.62,83080.94,83080.94,2025-03-18 01:30:00,TP,500.06,VBO_DN
VBO_ALL,2025-03-18 06:45:00,SELL,82310.4,82574.95,81773.75,82574.95,2025-03-18 07:00:00,SL,-294.55,VBO_DN
VBO_ALL,2025-03-18 13:45:00,SELL,81390.4,81664.15,80763.98,81664.15,2025-03-18 14:30:00,SL,-303.75,VBO_DN
VBO_ALL,2025-03-19 11:45:00,BUY,83980.6,83728.68,84506.98,83728.68,2025-03-19 12:00:00,SL,-281.92,VBO_UP
VBO_ALL,2025-03-19 19:00:00,BUY,85661.4,85083.53,86851.72,85083.53,2025-03-19 19:15:00,SL,-607.87,VBO_UP
VBO_ALL,2025-03-20 00:15:00,BUY,87321.4,86867.89,88273.61,86867.89,2025-03-20 00:15:00,SL,-483.51,VBO_UP
VBO_ALL,2025-03-20 10:30:00,SELL,85238.2,85534.34,84634.81,85534.34,2025-03-20 12:15:00,SL,-326.14,VBO_DN
VBO_ALL,2025-03-20 14:30:00,BUY,86333.8,85926.28,87187.72,85926.28,2025-03-20 14:45:00,SL,-437.52,VBO_UP
VBO_ALL,2025-03-20 16:00:00,SELL,84661.8,85169.51,83609.94,83609.94,2025-03-20 16:45:00,TP,1021.86,VBO_DN
VBO_ALL,2025-03-21 07:45:00,SELL,83777.8,84012.09,83276.75,84012.09,2025-03-21 08:00:00,SL,-264.29,VBO_DN
VBO_ALL,2025-03-21 13:00:00,SELL,83421.8,83733.71,82767.99,83733.71,2025-03-21 13:15:00,SL,-341.91,VBO_DN
VBO_ALL,2025-03-24 00:00:00,BUY,86093.6,85797.29,86712.45,85797.29,2025-03-24 01:00:00,SL,-326.31,VBO_UP
VBO_ALL,2025-03-24 10:45:00,BUY,87678.7,87381.3,88298.6,87381.3,2025-03-24 12:00:00,SL,-327.4,VBO_UP
VBO_ALL,2025-03-24 14:15:00,BUY,88366.0,88042.35,89049.21,88042.35,2025-03-24 14:30:00,SL,-353.65,VBO_UP
VBO_ALL,2025-03-24 22:15:00,SELL,87808.0,88168.18,87059.48,87059.48,2025-03-25 01:30:00,TP,718.52,VBO_DN
VBO_ALL,2025-03-25 03:45:00,SELL,86516.1,86828.75,85861.35,86828.75,2025-03-25 06:00:00,SL,-342.65,VBO_DN
VBO_ALL,2025-03-25 09:45:00,BUY,87128.0,86877.06,87652.02,87652.02,2025-03-25 13:15:00,TP,494.02,VBO_UP
VBO_ALL,2025-03-25 14:45:00,BUY,88206.3,87803.15,89045.59,87803.15,2025-03-25 15:30:00,SL,-433.15,VBO_UP
VBO_ALL,2025-03-25 20:15:00,BUY,88453.6,88096.05,89215.46,88096.05,2025-03-25 20:30:00,SL,-387.55,VBO_UP
VBO_ALL,2025-03-25 22:30:00,SELL,87411.0,87753.11,86713.06,87753.11,2025-03-26 00:30:00,SL,-372.11,VBO_DN
VBO_ALL,2025-03-26 07:45:00,BUY,88258.0,88025.57,88750.24,88025.57,2025-03-26 08:45:00,SL,-262.43,VBO_UP
VBO_ALL,2025-03-26 12:30:00,SELL,87797.4,88007.86,87372.81,87372.81,2025-03-26 13:45:00,TP,394.59,VBO_DN
VBO_ALL,2025-03-26 14:30:00,SELL,86724.5,87076.56,85990.11,85990.11,2025-03-26 19:00:00,TP,704.39,VBO_DN
VBO_ALL,2025-03-27 11:00:00,SELL,87196.1,87398.28,86776.74,86776.74,2025-03-27 12:00:00,TP,389.36,VBO_DN
VBO_ALL,2025-03-27 13:30:00,SELL,86324.4,86600.73,85774.61,86600.73,2025-03-27 14:00:00,SL,-306.33,VBO_DN
VBO_ALL,2025-03-27 21:45:00,BUY,87628.8,87344.46,88226.11,87344.46,2025-03-27 22:30:00,SL,-314.34,VBO_UP
VBO_ALL,2025-03-28 04:45:00,SELL,86227.8,86492.1,85671.31,85671.31,2025-03-28 06:45:00,TP,526.49,VBO_DN
VBO_ALL,2025-03-28 07:45:00,SELL,85230.8,85541.37,84558.5,85541.37,2025-03-28 12:30:00,SL,-340.57,VBO_DN
VBO_ALL,2025-03-28 14:15:00,SELL,84420.2,84816.26,83597.54,83597.54,2025-03-28 17:00:00,TP,792.66,VBO_DN
VBO_ALL,2025-03-30 22:15:00,SELL,81883.6,82269.66,81081.77,82269.66,2025-03-30 22:30:00,SL,-416.06,VBO_DN
VBO_ALL,2025-03-31 00:45:00,SELL,81359.4,81836.31,80366.45,81836.31,2025-03-31 01:00:00,SL,-506.91,VBO_DN
VBO_ALL,2025-03-31 12:45:00,BUY,82487.6,82152.41,83184.67,82152.41,2025-03-31 13:30:00,SL,-365.19,VBO_UP
VBO_ALL,2025-03-31 14:15:00,BUY,83320.4,82825.05,84347.14,82825.05,2025-03-31 14:15:00,SL,-525.35,VBO_UP
VBO_ALL,2025-04-01 08:30:00,BUY,83936.0,83697.28,84416.06,84416.06,2025-04-01 10:15:00,TP,450.06,VBO_UP
VBO_ALL,2025-04-01 14:15:00,SELL,82785.9,83125.02,82068.91,83125.02,2025-04-01 14:30:00,SL,-369.12,VBO_DN
VBO_ALL,2025-04-01 15:15:00,BUY,84922.6,84436.19,85927.94,85185.1,2025-04-01 21:15:00,TIME,232.5,VBO_UP
VBO_ALL,2025-04-02 02:15:00,SELL,84749.9,85029.11,84151.88,84151.88,2025-04-02 05:45:00,TP,568.02,VBO_DN
VBO_ALL,2025-04-02 09:15:00,BUY,85317.8,85019.4,85942.86,85019.4,2025-04-02 09:15:00,SL,-328.4,VBO_UP
VBO_ALL,2025-04-02 13:45:00,BUY,85458.5,85056.64,86274.75,86274.75,2025-04-02 15:00:00,TP,786.25,VBO_UP
VBO_ALL,2025-04-02 15:45:00,BUY,87206.6,86674.37,88323.74,86674.37,2025-04-02 16:00:00,SL,-562.23,VBO_UP
VBO_ALL,2025-04-02 20:15:00,BUY,87836.3,87248.22,89079.65,87248.22,2025-04-02 20:15:00,SL,-618.08,VBO_UP
VBO_ALL,2025-04-02 20:45:00,SELL,85390.4,86163.9,83786.34,83786.34,2025-04-02 22:00:00,TP,1574.06,VBO_DN
VBO_ALL,2025-04-03 12:30:00,SELL,82545.0,82852.44,81902.04,81902.04,2025-04-03 12:45:00,TP,612.96,VBO_DN
VBO_ALL,2025-04-03 14:15:00,SELL,81753.4,82185.52,80859.62,82185.52,2025-04-03 14:15:00,SL,-462.12,VBO_DN
VBO_ALL,2025-04-04 00:00:00,BUY,83196.8,82853.42,83911.56,82853.42,2025-04-04 01:45:00,SL,-373.38,VBO_UP
VBO_ALL,2025-04-04 07:15:00,BUY,83510.9,83257.66,84037.56,84037.56,2025-04-04 08:00:00,TP,496.66,VBO_UP
VBO_ALL,2025-04-04 08:30:00,BUY,84387.3,84108.81,84965.94,84108.81,2025-04-04 10:00:00,SL,-308.49,VBO_UP
VBO_ALL,2025-04-04 11:15:00,SELL,82131.6,82610.74,81135.55,82610.74,2025-04-04 11:45:00,SL,-509.14,VBO_DN
VBO_ALL,2025-04-04 17:45:00,BUY,84162.0,83247.36,86066.28,83247.36,2025-04-06 21:00:00,SL,-944.64,VBO_UP
VBO_ALL,2025-04-07 06:30:00,SELL,75708.2,76406.75,74252.59,76406.75,2025-04-07 08:15:00,SL,-728.55,VBO_DN
VBO_ALL,2025-04-07 14:00:00,BUY,78340.0,77448.34,80198.85,80198.85,2025-04-07 14:15:00,TP,1828.85,VBO_UP
VBO_ALL,2025-04-08 01:45:00,BUY,80385.6,79857.04,81490.77,79857.04,2025-04-08 03:00:00,SL,-558.56,VBO_UP
VBO_ALL,2025-04-08 08:15:00,SELL,79031.0,79407.94,78246.03,79407.94,2025-04-08 11:30:00,SL,-406.94,VBO_DN
VBO_ALL,2025-04-08 12:00:00,BUY,79982.0,79617.2,80739.23,79617.2,2025-04-08 12:30:00,SL,-394.8,VBO_UP
VBO_ALL,2025-04-08 15:00:00,SELL,78443.0,78984.63,77314.61,77314.61,2025-04-08 16:45:00,TP,1098.39,VBO_DN
VBO_ALL,2025-04-09 01:15:00,SELL,75230.4,75747.21,74135.84,75747.21,2025-04-09 01:30:00,SL,-546.81,VBO_DN
VBO_ALL,2025-04-09 07:15:00,BUY,77592.6,76945.66,78936.69,76945.66,2025-04-09 10:30:00,SL,-676.94,VBO_UP
VBO_ALL,2025-04-09 11:15:00,SELL,76517.0,77016.03,75462.56,77016.03,2025-04-09 13:00:00,SL,-529.03,VBO_DN
VBO_ALL,2025-04-09 17:30:00,BUY,80742.7,79832.98,82647.51,82647.51,2025-04-09 18:15:00,TP,1874.81,VBO_UP
VBO_ALL,2025-04-10 03:15:00,SELL,81694.7,82035.39,81035.49,82035.39,2025-04-10 05:00:00,SL,-370.69,VBO_DN
VBO_ALL,2025-04-10 13:45:00,SELL,80832.1,81268.58,79913.21,81268.58,2025-04-10 13:45:00,SL,-466.48,VBO_DN
VBO_ALL,2025-04-10 15:45:00,SELL,79154.2,79773.88,77923.64,79773.88,2025-04-10 18:15:00,SL,-649.68,VBO_DN
VBO_ALL,2025-04-11 01:00:00,SELL,78980.4,79279.12,78343.58,79279.12,2025-04-11 01:00:00,SL,-328.72,VBO_DN
VBO_ALL,2025-04-11 02:00:00,BUY,80395.6,80059.92,81104.18,81104.18,2025-04-11 06:00:00,TP,678.57,VBO_UP
VBO_ALL,2025-04-11 07:45:00,BUY,81331.2,80993.21,82027.94,80993.21,2025-04-11 08:00:00,SL,-367.99,VBO_UP
VBO_ALL,2025-04-11 09:30:00,BUY,82022.6,81589.38,82936.25,82936.25,2025-04-11 10:30:00,TP,883.65,VBO_UP
VBO_ALL,2025-04-11 14:30:00,SELL,81425.6,81966.81,80278.35,81966.81,2025-04-11 14:30:00,SL,-571.21,VBO_DN
VBO_ALL,2025-04-11 17:45:00,BUY,83928.4,83262.98,85324.25,83262.98,2025-04-13 21:00:00,SL,-695.42,VBO_UP
VBO_ALL,2025-04-14 00:30:00,BUY,84757.5,84247.19,85814.79,84247.19,2025-04-14 00:45:00,SL,-540.31,VBO_UP
VBO_ALL,2025-04-14 14:45:00,BUY,85523.1,85104.58,86399.34,85104.58,2025-04-14 15:00:00,SL,-448.52,VBO_UP
VBO_ALL,2025-04-15 03:00:00,BUY,85241.4,84921.63,85884.76,85884.76,2025-04-15 08:00:00,TP,613.36,VBO_UP
VBO_ALL,2025-04-15 13:45:00,BUY,86056.9,85772.01,86662.45,85772.01,2025-04-15 13:45:00,SL,-314.89,VBO_UP
VBO_ALL,2025-04-15 14:30:00,SELL,84966.4,85382.1,84099.12,84099.12,2025-04-15 19:00:00,TP,837.27,VBO_DN
VBO_ALL,2025-04-16 00:15:00,SELL,83320.7,83573.16,82796.6,83573.16,2025-04-16 00:30:00,SL,-282.46,VBO_DN
VBO_ALL,2025-04-16 08:45:00,BUY,83889.8,83590.88,84517.18,83590.88,2025-04-16 09:45:00,SL,-328.92,VBO_UP
VBO_ALL,2025-04-16 14:30:00,BUY,84369.0,84054.58,85031.75,85031.75,2025-04-16 15:15:00,TP,632.75,VBO_UP
VBO_ALL,2025-04-16 18:00:00,SELL,83275.2,83820.82,82139.1,83820.82,2025-04-16 18:00:00,SL,-575.62,VBO_DN
VBO_ALL,2025-04-17 03:30:00,SELL,83832.0,84061.2,83350.5,84061.2,2025-04-17 04:45:00,SL,-259.2,VBO_DN
VBO_ALL,2025-04-17 06:30:00,BUY,84613.2,84388.29,85065.74,84388.29,2025-04-17 09:00:00,SL,-254.91,VBO_UP
VBO_ALL,2025-04-17 14:15:00,SELL,84152.8,84394.8,83619.96,84394.8,2025-04-17 15:00:00,SL,-272.0,VBO_DN
VBO_ALL,2025-04-18 04:15:00,SELL,84641.9,84813.56,84302.15,84650.8,2025-04-18 10:15:00,TIME,-38.9,VBO_DN
VBO_ALL,2025-04-20 21:45:00,BUY,85061.4,84914.39,85375.69,84914.39,2025-04-20 22:00:00,SL,-177.01,VBO_UP
VBO_ALL,2025-04-21 00:30:00,BUY,86237.5,85944.41,86781.19,86781.19,2025-04-21 00:30:00,TP,513.69,VBO_UP
VBO_ALL,2025-04-21 11:30:00,SELL,86836.8,87092.08,86327.79,87092.08,2025-04-21 12:00:00,SL,-285.28,VBO_DN
VBO_ALL,2025-04-21 14:30:00,BUY,88459.5,87989.72,89274.18,87989.72,2025-04-21 14:45:00,SL,-499.78,VBO_UP
VBO_ALL,2025-04-22 00:00:00,BUY,87543.0,87291.42,88090.25,87291.42,2025-04-22 00:30:00,SL,-281.58,VBO_UP
VBO_ALL,2025-04-22 01:30:00,BUY,88428.3,88058.17,89150.99,88058.17,2025-04-22 02:15:00,SL,-400.13,VBO_UP
VBO_ALL,2025-04-22 13:00:00,BUY,89045.4,88777.87,89602.76,89602.76,2025-04-22 13:00:00,TP,527.36,VBO_UP
VBO_ALL,2025-04-22 13:45:00,BUY,90214.0,89849.95,90922.49,90922.49,2025-04-22 14:45:00,TP,678.49,VBO_UP
VBO_ALL,2025-04-22 15:15:00,BUY,91481.6,91012.98,92510.92,91012.98,2025-04-22 15:30:00,SL,-498.62,VBO_UP
VBO_ALL,2025-04-22 22:00:00,BUY,93069.6,92542.61,94140.06,93228.0,2025-04-23 04:00:00,TIME,128.4,VBO_UP
VBO_ALL,2025-04-23 08:00:00,BUY,94206.7,93875.78,94865.6,93875.78,2025-04-23 10:00:00,SL,-360.92,VBO_UP
VBO_ALL,2025-04-23 14:00:00,SELL,93067.0,93443.51,92149.4,93443.51,2025-04-23 14:00:00,SL,-406.51,VBO_DN
VBO_ALL,2025-04-23 15:30:00,SELL,92132.3,92661.69,91026.31,92661.69,2025-04-23 15:30:00,SL,-559.39,VBO_DN
VBO_ALL,2025-04-24 03:45:00,SELL,92781.9,93100.95,92118.14,92118.14,2025-04-24 08:00:00,TP,633.76,VBO_DN
VBO_ALL,2025-04-24 23:45:00,BUY,93988.8,93711.67,94511.28,93711.67,2025-04-25 00:15:00,SL,-307.13,VBO_UP
VBO_ALL,2025-04-25 01:15:00,BUY,94291.6,93976.7,94881.65,93976.7,2025-04-25 01:15:00,SL,-344.9,VBO_UP
VBO_ALL,2025-04-25 03:00:00,SELL,92975.6,93342.67,92209.33,93342.67,2025-04-25 03:30:00,SL,-397.07,VBO_DN
VBO_ALL,2025-04-25 11:15:00,BUY,94070.0,93822.82,94601.6,94601.6,2025-04-25 11:45:00,TP,501.6,VBO_UP
VBO_ALL,2025-04-25 12:15:00,BUY,94863.8,94589.48,95467.38,94589.48,2025-04-25 12:15:00,SL,-304.32,VBO_UP
VBO_ALL,2025-04-25 14:15:00,BUY,95423.0,94964.32,96358.22,94964.32,2025-04-25 14:15:00,SL,-488.68,VBO_UP
VBO_ALL,2025-04-28 00:15:00,SELL,93436.8,93747.71,92720.31,93747.71,2025-04-28 00:30:00,SL,-340.91,VBO_DN
VBO_ALL,2025-04-28 10:45:00,BUY,95247.8,95001.18,95797.35,95001.18,2025-04-28 13:30:00,SL,-276.62,VBO_UP
VBO_ALL,2025-04-28 14:00:00,SELL,94028.0,94392.56,93167.36,94392.56,2025-04-28 14:00:00,SL,-394.56,VBO_DN
VBO_ALL,2025-04-29 11:15:00,BUY,95220.8,95024.58,95701.12,95024.58,2025-04-29 12:15:00,SL,-226.22,VBO_UP
VBO_ALL,2025-04-29 22:15:00,SELL,94309.2,94618.52,93684.2,94618.52,2025-04-30 00:30:00,SL,-339.32,VBO_DN
VBO_ALL,2025-04-30 04:00:00,BUY,95091.5,94814.39,95685.76,94814.39,2025-04-30 06:45:00,SL,-307.11,VBO_UP
VBO_ALL,2025-04-30 13:15:00,SELL,94298.2,94545.57,93785.92,94545.57,2025-04-30 13:15:00,SL,-277.37,VBO_DN
VBO_ALL,2025-04-30 13:45:00,SELL,93948.0,94251.63,93321.3,93321.3,2025-04-30 13:45:00,TP,596.7,VBO_DN
VBO_ALL,2025-04-30 20:15:00,BUY,94630.6,94281.13,95409.24,94281.13,2025-04-30 22:30:00,SL,-379.47,VBO_UP
VBO_ALL,2025-05-01 05:45:00,BUY,95147.3,94933.1,95598.49,94933.1,2025-05-01 06:30:00,SL,-244.2,VBO_UP
VBO_ALL,2025-05-01 10:00:00,BUY,95546.8,95348.67,95959.56,95959.56,2025-05-01 10:15:00,TP,382.76,VBO_UP
VBO_ALL,2025-05-01 15:00:00,BUY,96902.6,96489.48,97783.62,96489.48,2025-05-01 18:30:00,SL,-443.12,VBO_UP
VBO_ALL,2025-05-02 07:15:00,SELL,96538.6,96791.01,96094.76,96791.01,2025-05-02 08:30:00,SL,-282.41,VBO_DN
VBO_ALL,2025-05-02 14:45:00,BUY,97441.0,97123.41,98113.74,97123.41,2025-05-02 15:15:00,SL,-347.59,VBO_UP
VBO_ALL,2025-05-04 22:15:00,SELL,95214.4,95563.29,94502.66,94502.66,2025-05-04 23:15:00,TP,681.74,VBO_DN
VBO_ALL,2025-05-05 01:45:00,SELL,93980.5,94402.41,93092.89,94402.41,2025-05-05 02:45:00,SL,-451.91,VBO_DN
VBO_ALL,2025-05-05 10:45:00,SELL,94175.4,94371.24,93772.95,94371.24,2025-05-05 12:15:00,SL,-225.84,VBO_DN
VBO_ALL,2025-05-05 13:45:00,SELL,93868.1,94120.37,93340.38,94120.37,2025-05-05 13:45:00,SL,-282.27,VBO_DN
VBO_ALL,2025-05-06 08:15:00,SELL,94184.8,94354.36,93825.39,94354.36,2025-05-06 08:45:00,SL,-199.56,VBO_DN
VBO_ALL,2025-05-06 11:00:00,SELL,93897.8,94107.56,93486.7,93486.7,2025-05-06 13:45:00,TP,381.1,VBO_DN
VBO_ALL,2025-05-06 22:30:00,BUY,95664.8,95367.02,96269.76,96269.76,2025-05-06 22:45:00,TP,574.96,VBO_UP
VBO_ALL,2025-05-06 23:30:00,BUY,96669.2,96329.48,97403.48,97403.48,2025-05-07 00:15:00,TP,704.28,VBO_UP
VBO_ALL,2025-05-07 13:45:00,BUY,97236.0,97045.9,97657.32,97045.9,2025-05-07 13:45:00,SL,-220.1,VBO_UP
VBO_ALL,2025-05-07 14:30:00,BUY,97484.3,97238.06,97996.99,97238.06,2025-05-07 14:45:00,SL,-276.24,VBO_UP
VBO_ALL,2025-05-07 18:00:00,SELL,96314.6,96686.1,95561.92,96686.1,2025-05-07 18:30:00,SL,-401.5,VBO_DN
VBO_ALL,2025-05-08 01:00:00,BUY,97772.6,97475.12,98437.06,98437.06,2025-05-08 02:15:00,TP,634.46,VBO_UP
VBO_ALL,2025-05-08 08:15:00,BUY,99505.2,99239.12,100057.68,99239.12,2025-05-08 13:30:00,SL,-296.08,VBO_UP
VBO_ALL,2025-05-08 15:30:00,BUY,100667.0,100294.81,101407.25,101407.25,2025-05-08 15:30:00,TP,710.25,VBO_UP
VBO_ALL,2025-05-08 20:45:00,BUY,102118.0,101672.77,103073.62,103073.62,2025-05-08 21:15:00,TP,925.62,VBO_UP
VBO_ALL,2025-05-09 07:15:00,BUY,103520.0,103256.6,104069.38,104069.38,2025-05-09 07:45:00,TP,519.38,VBO_UP
VBO_ALL,2025-05-12 01:15:00,BUY,104787.6,104366.9,105607.64,104366.9,2025-05-12 01:15:00,SL,-450.7,VBO_UP
VBO_ALL,2025-05-12 07:15:00,BUY,105643.8,105294.67,106367.46,105294.67,2025-05-12 07:15:00,SL,-379.13,VBO_UP
VBO_ALL,2025-05-12 12:00:00,SELL,103743.5,104244.48,102756.82,104244.48,2025-05-12 13:00:00,SL,-530.98,VBO_DN
VBO_ALL,2025-05-12 14:30:00,SELL,102954.8,103402.44,101927.88,103402.44,2025-05-12 14:30:00,SL,-477.64,VBO_DN
VBO_ALL,2025-05-12 18:15:00,SELL,101945.0,102594.7,100590.84,102594.7,2025-05-12 20:30:00,SL,-679.7,VBO_DN
VBO_ALL,2025-05-13 03:30:00,SELL,101614.3,102011.88,100780.76,102011.88,2025-05-13 04:15:00,SL,-427.58,VBO_DN
VBO_ALL,2025-05-13 16:15:00,BUY,104366.0,103881.06,105377.84,103881.06,2025-05-13 16:45:00,SL,-514.94,VBO_UP
VBO_ALL,2025-05-14 02:00:00,SELL,103735.6,104029.64,103123.01,103593.0,2025-05-14 08:00:00,TIME,112.6,VBO_DN
VBO_ALL,2025-05-14 09:00:00,SELL,103237.0,103486.38,102682.0,103486.38,2025-05-14 09:45:00,SL,-279.38,VBO_DN
VBO_ALL,2025-05-15 01:45:00,SELL,103284.7,103480.51,102890.01,102890.01,2025-05-15 03:00:00,TP,364.69,VBO_DN
VBO_ALL,2025-05-15 06:45:00,SELL,102233.2,102515.97,101645.33,101645.33,2025-05-15 09:30:00,TP,557.87,VBO_DN
VBO_ALL,2025-05-15 12:45:00,BUY,102807.6,102477.44,103515.16,102477.44,2025-05-15 13:30:00,SL,-360.16,VBO_UP
VBO_ALL,2025-05-15 15:45:00,BUY,103052.4,102557.46,104073.05,104073.05,2025-05-15 17:15:00,TP,990.65,VBO_UP
VBO_ALL,2025-05-16 08:15:00,SELL,103515.6,103747.5,103032.17,103747.5,2025-05-16 09:15:00,SL,-261.9,VBO_DN
VBO_ALL,2025-05-16 14:00:00,BUY,103926.5,103792.32,104593.62,103792.32,2025-05-16 14:00:00,SL,-164.18,VBO_UP
VBO_ALL,2025-05-16 14:45:00,SELL,103370.9,103679.06,102737.54,103679.06,2025-05-16 15:00:00,SL,-338.16,VBO_DN
VBO_ALL,2025-05-18 21:45:00,BUY,104525.8,104190.81,105218.14,104190.81,2025-05-18 21:45:00,SL,-364.99,VBO_UP
VBO_ALL,2025-05-18 22:30:00,BUY,105109.2,104730.14,105945.48,105945.48,2025-05-18 22:45:00,TP,806.28,VBO_UP
VBO_ALL,2025-05-19 00:00:00,BUY,106565.0,106036.61,107560.05,106036.61,2025-05-19 00:30:00,SL,-558.39,VBO_UP
VBO_ALL,2025-05-19 12:45:00,SELL,102411.5,102713.18,101799.34,102713.18,2025-05-19 13:30:00,SL,-331.68,VBO_DN
VBO_ALL,2025-05-19 15:00:00,BUY,104359.8,103990.76,105170.88,105170.88,2025-05-19 16:45:00,TP,781.07,VBO_UP
VBO_ALL,2025-05-20 00:15:00,BUY,106038.8,105699.77,106743.56,105699.77,2025-05-20 00:15:00,SL,-369.03,VBO_UP
VBO_ALL,2025-05-20 07:45:00,SELL,105149.8,105513.06,104372.96,104372.96,2025-05-20 13:30:00,TP,746.84,VBO_DN
VBO_ALL,2025-05-20 17:15:00,BUY,106142.6,105718.81,107071.14,105718.81,2025-05-20 18:30:00,SL,-453.79,VBO_UP
VBO_ALL,2025-05-20 20:00:00,BUY,107091.6,106580.33,108193.44,106580.33,2025-05-20 20:15:00,SL,-541.27,VBO_UP
VBO_ALL,2025-05-21 04:45:00,BUY,107575.2,107166.78,108418.36,107166.78,2025-05-21 07:15:00,SL,-438.42,VBO_UP
VBO_ALL,2025-05-21 13:45:00,BUY,107217.4,106907.9,107806.38,107806.38,2025-05-21 14:15:00,TP,558.98,VBO_UP
VBO_ALL,2025-05-21 14:45:00,BUY,107843.4,107469.81,108626.64,108626.64,2025-05-21 14:45:00,TP,753.24,VBO_UP
VBO_ALL,2025-05-21 23:30:00,BUY,109805.8,109167.22,111219.42,111219.42,2025-05-22 03:30:00,TP,1383.62,VBO_UP
VBO_ALL,2025-05-23 06:15:00,SELL,110527.2,110812.21,109935.29,110812.21,2025-05-23 07:00:00,SL,-315.01,VBO_DN
VBO_ALL,2025-05-23 11:45:00,SELL,110437.2,110713.36,109768.44,109768.44,2025-05-23 11:45:00,TP,638.76,VBO_DN
VBO_ALL,2025-05-23 12:15:00,SELL,108129.6,108553.88,107188.64,108553.88,2025-05-23 12:30:00,SL,-454.28,VBO_DN
VBO_ALL,2025-05-26 07:00:00,BUY,109993.4,109712.23,110579.17,109712.23,2025-05-26 08:45:00,SL,-311.17,VBO_UP
VBO_ALL,2025-05-26 16:30:00,SELL,109384.5,109762.8,108621.96,109762.8,2025-05-26 22:00:00,SL,-408.3,VBO_DN
VBO_ALL,2025-05-27 01:15:00,SELL,108813.2,109133.63,108101.86,108101.86,2025-05-27 01:15:00,TP,681.34,VBO_DN
VBO_ALL,2025-05-27 13:15:00,BUY,110437.4,110169.81,111018.31,110169.81,2025-05-27 13:30:00,SL,-297.59,VBO_UP
VBO_ALL,2025-05-27 21:30:00,SELL,109052.7,109422.24,108268.32,108913.7,2025-05-28 03:30:00,TIME,109.0,VBO_DN
VBO_ALL,2025-05-28 14:00:00,SELL,108098.7,108444.3,107481.99,107481.99,2025-05-28 15:00:00,TP,586.71,VBO_DN
VBO_ALL,2025-05-28 23:15:00,BUY,107929.0,107592.24,108611.48,107592.24,2025-05-29 00:00:00,SL,-366.76,VBO_UP
VBO_ALL,2025-05-29 01:00:00,BUY,108322.7,107984.81,109015.22,107984.81,2025-05-29 01:00:00,SL,-367.89,VBO_UP
VBO_ALL,2025-05-29 09:00:00,BUY,108541.4,108237.7,109126.31,108237.7,2025-05-29 13:15:00,SL,-333.7,VBO_UP
VBO_ALL,2025-05-29 13:45:00,SELL,107636.1,107958.13,106977.22,106977.22,2025-05-29 14:15:00,TP,628.88,VBO_DN
VBO_ALL,2025-05-29 17:45:00,SELL,106146.6,106661.09,105067.96,106661.09,2025-05-29 17:45:00,SL,-544.49,VBO_DN
VBO_ALL,2025-05-30 00:00:00,SELL,105579.1,105929.07,104846.61,105929.07,2025-05-30 00:00:00,SL,-379.97,VBO_DN
VBO_ALL,2025-05-30 01:00:00,SELL,104912.4,105279.08,104025.78,105279.08,2025-05-30 01:00:00,SL,-396.68,VBO_DN
VBO_ALL,2025-05-30 07:45:00,SELL,105080.6,105340.96,104548.05,105340.96,2025-05-30 08:30:00,SL,-290.36,VBO_DN
VBO_ALL,2025-05-30 16:30:00,SELL,104701.1,105162.61,103615.98,105162.61,2025-06-01 21:15:00,SL,-491.51,VBO_DN
VBO_ALL,2025-06-02 08:30:00,BUY,105879.3,105619.31,106397.81,105619.31,2025-06-02 08:30:00,SL,-289.99,VBO_UP
VBO_ALL,2025-06-02 14:00:00,SELL,103756.4,104191.78,103079.08,104191.78,2025-06-02 14:15:00,SL,-465.38,VBO_DN
VBO_ALL,2025-06-02 20:15:00,BUY,104960.9,104578.32,105750.22,105750.22,2025-06-02 22:15:00,TP,759.32,VBO_UP
VBO_ALL,2025-06-03 13:45:00,BUY,105675.6,105502.9,106033.85,105502.9,2025-06-03 13:45:00,SL,-202.7,VBO_UP
VBO_ALL,2025-06-03 14:30:00,BUY,105877.6,105648.03,106372.52,106372.52,2025-06-03 14:30:00,TP,464.92,VBO_UP
VBO_ALL,2025-06-03 15:00:00,BUY,106649.4,106363.06,107239.15,106363.06,2025-06-03 16:15:00,SL,-316.34,VBO_UP
VBO_ALL,2025-06-04 09:45:00,BUY,105734.6,105574.49,106061.39,106061.39,2025-06-04 10:00:00,TP,296.79,VBO_UP
VBO_ALL,2025-06-04 11:45:00,SELL,105302.8,105508.01,104884.84,104884.84,2025-06-04 12:30:00,TP,387.96,VBO_DN
VBO_ALL,2025-06-04 14:00:00,SELL,104716.4,105085.45,104229.98,104229.98,2025-06-04 14:00:00,TP,456.42,VBO_DN
VBO_ALL,2025-06-04 20:30:00,SELL,104755.6,105008.86,104223.98,105008.86,2025-06-04 21:30:00,SL,-283.26,VBO_DN
VBO_ALL,2025-06-05 02:45:00,BUY,105232.1,105005.87,105697.56,105005.87,2025-06-05 03:00:00,SL,-256.23,VBO_UP
VBO_ALL,2025-06-05 06:45:00,SELL,104479.6,104687.24,104052.56,104687.24,2025-06-05 08:00:00,SL,-237.64,VBO_DN
VBO_ALL,2025-06-05 12:15:00,BUY,105157.8,104986.96,105514.64,105514.64,2025-06-05 12:15:00,TP,326.84,VBO_UP
VBO_ALL,2025-06-05 13:00:00,BUY,105708.6,105497.75,106157.44,105497.75,2025-06-05 13:30:00,SL,-240.85,VBO_UP
VBO_ALL,2025-06-05 17:00:00,SELL,103286.4,103798.78,102214.92,102214.92,2025-06-05 19:15:00,TP,1041.47,VBO_DN
VBO_ALL,2025-06-05 20:45:00,SELL,100885.0,101470.48,99646.14,101470.48,2025-06-05 21:30:00,SL,-615.48,VBO_DN
VBO_ALL,2025-06-06 06:15:00,BUY,103248.6,102988.0,103762.84,103762.84,2025-06-06 09:15:00,TP,484.24,VBO_UP
VBO_ALL,2025-06-06 13:45:00,BUY,104480.8,104217.78,105015.19,104217.78,2025-06-06 13:45:00,SL,-293.02,VBO_UP
VBO_ALL,2025-06-06 14:45:00,BUY,104899.8,104576.82,105573.91,104576.82,2025-06-06 17:00:00,SL,-352.98,VBO_UP
VBO_ALL,2025-06-09 08:45:00,BUY,105808.1,105667.42,106119.68,106119.68,2025-06-09 09:15:00,TP,281.58,VBO_UP
VBO_ALL,2025-06-09 09:45:00,BUY,106702.6,106507.8,107106.59,107106.59,2025-06-09 10:00:00,TP,373.99,VBO_UP
VBO_ALL,2025-06-09 11:45:00,BUY,107812.9,107512.03,108443.41,107512.03,2025-06-09 13:30:00,SL,-330.87,VBO_UP
VBO_ALL,2025-06-09 17:15:00,BUY,108358.4,107929.1,109254.0,109254.0,2025-06-09 21:00:00,TP,865.6,VBO_UP
VBO_ALL,2025-06-09 21:30:00,BUY,110576.7,110208.94,111384.5,110208.94,2025-06-09 21:30:00,SL,-397.76,VBO_UP
VBO_ALL,2025-06-10 13:45:00,SELL,109072.1,109356.71,108477.01,109356.71,2025-06-10 13:45:00,SL,-314.61,VBO_DN
VBO_ALL,2025-06-10 14:30:00,SELL,108890.2,109207.74,108207.7,109207.74,2025-06-10 15:15:00,SL,-347.54,VBO_DN
VBO_ALL,2025-06-10 19:30:00,BUY,110067.4,109622.91,110967.51,109622.91,2025-06-10 19:45:00,SL,-474.49,VBO_UP
VBO_ALL,2025-06-11 12:45:00,BUY,109859.5,109633.14,110334.17,109633.14,2025-06-11 12:45:00,SL,-256.36,VBO_UP
VBO_ALL,2025-06-11 14:30:00,BUY,110311.8,109989.45,110974.41,109989.45,2025-06-11 14:30:00,SL,-352.35,VBO_UP
VBO_ALL,2025-06-11 22:30:00,SELL,108309.2,108716.15,107466.31,108716.15,2025-06-11 23:30:00,SL,-436.95,VBO_DN
VBO_ALL,2025-06-12 03:30:00,SELL,107924.0,108203.36,107336.76,107668.8,2025-06-12 09:30:00,TIME,225.2,VBO_DN
VBO_ALL,2025-06-12 11:30:00,SELL,107064.6,107286.21,106597.36,107286.21,2025-06-12 12:30:00,SL,-251.61,VBO_DN
VBO_ALL,2025-06-12 13:30:00,SELL,106870.6,107130.84,106326.58,107130.84,2025-06-12 13:30:00,SL,-290.24,VBO_DN
VBO_ALL,2025-06-12 20:00:00,SELL,106838.5,107308.17,105852.92,105852.92,2025-06-12 20:45:00,TP,955.57,VBO_DN
VBO_ALL,2025-06-13 00:15:00,SELL,104365.2,104954.2,103127.01,103127.01,2025-06-13 01:00:00,TP,1208.19,VBO_DN
VBO_ALL,2025-06-13 07:00:00,BUY,104779.8,104285.13,105806.05,104856.8,2025-06-13 13:00:00,TIME,47.0,VBO_UP
VBO_ALL,2025-06-13 15:15:00,BUY,105548.2,105096.38,106493.19,105096.38,2025-06-13 17:30:00,SL,-481.82,VBO_UP
VBO_ALL,2025-06-16 04:30:00,BUY,106278.8,105963.46,106937.61,106937.61,2025-06-16 07:30:00,TP,628.81,VBO_UP
VBO_ALL,2025-06-16 14:30:00,BUY,107424.2,107136.05,108020.2,108020.2,2025-06-16 17:15:00,TP,566.0,VBO_UP
VBO_ALL,2025-06-16 19:15:00,BUY,108674.4,108298.46,109456.99,108298.46,2025-06-16 22:30:00,SL,-405.94,VBO_UP
VBO_ALL,2025-06-16 23:45:00,SELL,107200.4,107642.3,106284.7,106284.7,2025-06-17 00:00:00,TP,885.7,VBO_DN
VBO_ALL,2025-06-17 10:45:00,SELL,105805.2,106074.87,105250.49,105250.49,2025-06-17 13:45:00,TP,524.71,VBO_DN
VBO_ALL,2025-06-17 15:00:00,SELL,104880.4,105246.8,104083.45,104083.45,2025-06-17 16:45:00,TP,766.95,VBO_DN
VBO_ALL,2025-06-18 11:00:00,SELL,104273.1,104559.22,103687.2,104559.22,2025-06-18 11:30:00,SL,-316.12,VBO_DN
VBO_ALL,2025-06-18 13:15:00,SELL,104052.2,104357.5,103398.89,104357.5,2025-06-18 13:30:00,SL,-335.3,VBO_DN
VBO_ALL,2025-06-19 13:45:00,SELL,104551.9,104741.22,104169.2,104169.2,2025-06-19 14:45:00,TP,352.7,VBO_DN
VBO_ALL,2025-06-19 17:00:00,SELL,104007.0,104282.68,103417.25,104282.68,2025-06-19 17:30:00,SL,-305.68,VBO_DN
VBO_ALL,2025-06-20 07:30:00,BUY,105197.0,105021.1,105575.79,105575.79,2025-06-20 07:45:00,TP,348.79,VBO_UP
VBO_ALL,2025-06-20 08:15:00,BUY,106283.7,106060.07,106766.56,106060.07,2025-06-20 08:30:00,SL,-253.63,VBO_UP
VBO_ALL,2025-06-20 14:00:00,SELL,105689.8,105958.44,105157.28,105157.28,2025-06-20 14:15:00,TP,502.52,VBO_DN
VBO_ALL,2025-06-20 14:45:00,SELL,104891.2,105211.07,104233.44,104233.44,2025-06-20 14:45:00,TP,627.76,VBO_DN
VBO_ALL,2025-06-20 17:30:00,SELL,102924.8,103444.34,101847.66,103444.34,2025-06-20 19:45:00,SL,-549.54,VBO_DN
VBO_ALL,2025-06-23 06:00:00,BUY,101813.8,101527.36,102400.38,101527.36,2025-06-23 09:15:00,SL,-316.44,VBO_UP
VBO_ALL,2025-06-23 13:45:00,BUY,102068.4,101664.82,102785.86,101664.82,2025-06-23 14:30:00,SL,-433.58,VBO_UP
VBO_ALL,2025-06-23 16:30:00,SELL,100303.8,100848.36,99165.3,100848.36,2025-06-23 16:45:00,SL,-574.56,VBO_DN
VBO_ALL,2025-06-23 22:15:00,BUY,105384.3,104732.28,106706.3,104972.8,2025-06-24 04:15:00,TIME,-441.5,VBO_UP
VBO_ALL,2025-06-24 17:00:00,BUY,106316.2,105885.45,107200.95,105885.45,2025-06-24 17:15:00,SL,-460.75,VBO_UP
VBO_ALL,2025-06-25 00:15:00,BUY,106532.6,106234.5,107157.34,106234.5,2025-06-25 00:15:00,SL,-328.1,VBO_UP
VBO_ALL,2025-06-25 02:15:00,BUY,106814.6,106461.08,107548.01,106461.08,2025-06-25 03:00:00,SL,-383.52,VBO_UP
VBO_ALL,2025-06-25 09:15:00,BUY,106894.4,106654.61,107382.24,106654.61,2025-06-25 09:30:00,SL,-269.79,VBO_UP
VBO_ALL,2025-06-25 10:30:00,BUY,107186.9,106910.18,107754.45,107754.45,2025-06-25 13:15:00,TP,537.55,VBO_UP
VBO_ALL,2025-06-26 09:15:00,SELL,107391.7,107637.74,106854.45,107637.74,2025-06-26 14:30:00,SL,-276.04,VBO_DN
VBO_ALL,2025-06-26 21:45:00,SELL,107011.8,107309.93,106381.44,107309.93,2025-06-26 22:15:00,SL,-328.13,VBO_DN
VBO_ALL,2025-06-27 07:45:00,SELL,107049.4,107255.49,106615.41,106615.41,2025-06-27 13:45:00,TP,403.99,VBO_DN
VBO_ALL,2025-06-27 15:45:00,BUY,107261.5,106929.28,107934.2,106929.28,2025-06-27 17:30:00,SL,-362.22,VBO_UP
VBO_ALL,2025-06-29 22:45:00,BUY,108183.0,107879.85,108818.89,108818.89,2025-06-30 00:45:00,TP,605.89,VBO_UP
VBO_ALL,2025-06-30 06:45:00,SELL,107825.3,107997.41,107473.84,107473.84,2025-06-30 10:15:00,TP,321.46,VBO_DN
VBO_ALL,2025-06-30 15:00:00,SELL,106827.0,107089.62,106274.01,107089.62,2025-06-30 15:00:00,SL,-292.62,VBO_DN
VBO_ALL,2025-06-30 22:00:00,SELL,107160.5,107395.07,106678.91,107395.07,2025-07-01 00:00:00,SL,-264.57,VBO_DN
VBO_ALL,2025-07-01 14:15:00,BUY,107165.1,106902.85,107711.15,106902.85,2025-07-01 14:15:00,SL,-292.25,VBO_UP
VBO_ALL,2025-07-01 14:45:00,SELL,106065.4,106404.21,105381.12,105381.12,2025-07-01 20:00:00,TP,654.27,VBO_DN
VBO_ALL,2025-07-02 07:45:00,BUY,107107.6,106908.42,107517.32,107517.32,2025-07-02 08:15:00,TP,379.72,VBO_UP
VBO_ALL,2025-07-02 15:00:00,BUY,108224.9,107945.99,108805.65,108805.65,2025-07-02 15:45:00,TP,550.75,VBO_UP
VBO_ALL,2025-07-02 16:15:00,BUY,109501.9,109108.57,110307.46,109108.57,2025-07-02 17:30:00,SL,-423.33,VBO_UP
VBO_ALL,2025-07-03 09:15:00,BUY,109694.6,109468.06,110158.24,110158.24,2025-07-03 09:30:00,TP,433.64,VBO_UP
VBO_ALL,2025-07-03 12:45:00,SELL,108994.8,109306.38,108353.39,109306.38,2025-07-03 13:00:00,SL,-341.58,VBO_DN
VBO_ALL,2025-07-03 14:00:00,BUY,110336.1,109931.62,111192.65,109931.62,2025-07-03 14:30:00,SL,-434.48,VBO_UP
VBO_ALL,2025-07-04 02:45:00,SELL,109185.9,109382.62,108783.78,109382.62,2025-07-04 03:15:00,SL,-226.72,VBO_DN
VBO_ALL,2025-07-04 13:45:00,SELL,108396.9,108644.07,108042.3,108042.3,2025-07-04 13:45:00,TP,324.6,VBO_DN
VBO_ALL,2025-07-04 14:15:00,SELL,107786.4,108028.47,107312.31,108028.47,2025-07-04 14:15:00,SL,-272.07,VBO_DN
VBO_ALL,2025-07-04 19:30:00,SELL,107320.1,107610.25,106711.61,107610.25,2025-07-04 20:00:00,SL,-320.15,VBO_DN
VBO_ALL,2025-07-06 21:30:00,BUY,109356.1,109042.36,110003.55,109042.36,2025-07-06 23:00:00,SL,-343.74,VBO_UP
VBO_ALL,2025-07-07 03:30:00,BUY,109653.1,109413.72,110176.16,109413.72,2025-07-07 03:45:00,SL,-269.38,VBO_UP
VBO_ALL,2025-07-07 06:45:00,SELL,108844.2,109043.7,108426.11,109043.7,2025-07-07 07:45:00,SL,-229.5,VBO_DN
VBO_ALL,2025-07-07 13:00:00,SELL,108381.0,108557.9,107987.48,108557.9,2025-07-07 13:45:00,SL,-206.9,VBO_DN
VBO_ALL,2025-07-07 18:30:00,SELL,107521.7,107936.83,106674.42,107936.83,2025-07-07 18:45:00,SL,-445.13,VBO_DN
VBO_ALL,2025-07-08 00:30:00,BUY,108460.1,108269.87,108863.5,108269.87,2025-07-08 00:45:00,SL,-220.23,VBO_UP
VBO_ALL,2025-07-08 02:00:00,SELL,107689.6,107910.17,107226.38,107910.17,2025-07-08 02:15:00,SL,-250.57,VBO_DN
VBO_ALL,2025-07-08 10:45:00,BUY,108891.6,108733.96,109227.1,108733.96,2025-07-08 12:15:00,SL,-187.64,VBO_UP
VBO_ALL,2025-07-08 13:45:00,BUY,109063.8,108878.78,109441.24,108878.78,2025-07-08 14:00:00,SL,-215.02,VBO_UP
VBO_ALL,2025-07-09 01:15:00,BUY,109133.4,108968.3,109476.43,108968.3,2025-07-09 01:15:00,SL,-195.1,VBO_UP
VBO_ALL,2025-07-09 03:15:00,SELL,108484.4,108642.85,108155.54,108642.85,2025-07-09 05:00:00,SL,-188.45,VBO_DN
VBO_ALL,2025-07-09 12:15:00,BUY,109424.6,109261.09,109740.28,109740.28,2025-07-09 13:00:00,TP,285.67,VBO_UP
VBO_ALL,2025-07-09 19:30:00,BUY,110412.8,110082.04,111100.95,111100.95,2025-07-09 19:30:00,TP,658.15,VBO_UP
VBO_ALL,2025-07-09 20:00:00,BUY,111801.0,111389.45,112614.61,111389.45,2025-07-09 20:00:00,SL,-441.55,VBO_UP
VBO_ALL,2025-07-10 12:15:00,SELL,110863.5,111045.52,110503.72,111045.52,2025-07-10 13:15:00,SL,-212.02,VBO_DN
VBO_ALL,2025-07-10 16:30:00,BUY,112490.6,112084.18,113325.59,113325.59,2025-07-10 17:00:00,TP,804.99,VBO_UP
VBO_ALL,2025-07-10 21:30:00,BUY,115789.9,115176.57,117059.96,116635.3,2025-07-11 03:30:00,TIME,815.4,VBO_UP
VBO_ALL,2025-07-11 05:15:00,BUY,117264.9,116898.5,118014.66,118014.66,2025-07-11 05:30:00,TP,719.76,VBO_UP
VBO_ALL,2025-07-11 09:45:00,BUY,118658.3,118163.27,119586.94,118163.27,2025-07-11 10:15:00,SL,-525.03,VBO_UP
VBO_ALL,2025-07-11 13:45:00,SELL,117446.4,117836.31,116669.54,117836.31,2025-07-11 13:45:00,SL,-419.91,VBO_DN
VBO_ALL,2025-07-11 16:00:00,SELL,116936.2,117411.98,115925.26,117411.98,2025-07-11 16:30:00,SL,-505.78,VBO_DN
VBO_ALL,2025-07-14 00:00:00,BUY,119156.4,118733.76,120033.5,120033.5,2025-07-14 02:30:00,TP,847.1,VBO_UP
VBO_ALL,2025-07-14 03:45:00,BUY,121213.0,120720.45,122194.75,120720.45,2025-07-14 03:45:00,SL,-522.55,VBO_UP
VBO_ALL,2025-07-14 05:30:00,BUY,122349.0,121797.17,123506.05,121797.17,2025-07-14 10:00:00,SL,-581.83,VBO_UP
VBO_ALL,2025-07-14 14:45:00,SELL,120963.8,121404.32,120054.69,120054.69,2025-07-14 15:45:00,TP,879.11,VBO_DN
VBO_ALL,2025-07-15 00:45:00,SELL,119453.0,119812.77,118690.54,118690.54,2025-07-15 01:45:00,TP,732.46,VBO_DN
VBO_ALL,2025-07-15 02:15:00,SELL,118303.2,118736.25,117402.25,117402.25,2025-07-15 03:00:00,TP,870.95,VBO_DN
VBO_ALL,2025-07-15 13:15:00,BUY,118075.2,117608.41,119073.28,117608.41,2025-07-15 13:15:00,SL,-496.79,VBO_UP
VBO_ALL,2025-07-15 13:45:00,BUY,118317.2,117803.13,119413.46,117803.13,2025-07-15 14:15:00,SL,-544.07,VBO_UP
VBO_ALL,2025-07-15 15:00:00,SELL,116053.0,116711.33,114606.24,116711.33,2025-07-15 15:45:00,SL,-688.33,VBO_DN
VBO_ALL,2025-07-16 08:45:00,BUY,118826.2,118543.25,119388.54,118543.25,2025-07-16 13:00:00,SL,-312.95,VBO_UP
VBO_ALL,2025-07-17 01:45:00,SELL,118341.2,118742.56,117516.12,118742.56,2025-07-17 06:00:00,SL,-431.36,VBO_DN
VBO_ALL,2025-07-17 09:30:00,BUY,119205.5,118815.36,119981.6,118815.36,2025-07-17 10:00:00,SL,-420.14,VBO_UP
VBO_ALL,2025-07-17 15:45:00,BUY,119177.6,118736.06,120102.41,118736.06,2025-07-17 16:00:00,SL,-471.54,VBO_UP
VBO_ALL,2025-07-17 18:00:00,BUY,119351.2,118863.11,120365.59,118863.11,2025-07-17 20:00:00,SL,-518.09,VBO_UP
VBO_ALL,2025-07-17 21:30:00,BUY,120956.1,120443.12,122014.64,120443.12,2025-07-17 21:30:00,SL,-542.98,VBO_UP
VBO_ALL,2025-07-18 08:00:00,SELL,119460.9,119862.78,118640.0,118640.0,2025-07-18 08:30:00,TP,790.9,VBO_DN
VBO_ALL,2025-07-18 14:30:00,SELL,117986.2,118511.19,117192.49,117192.49,2025-07-18 19:00:00,TP,763.71,VBO_DN
VBO_ALL,2025-07-21 06:30:00,BUY,118917.9,118556.11,119661.46,119661.46,2025-07-21 07:15:00,TP,713.56,VBO_UP
VBO_ALL,2025-07-22 01:45:00,BUY,117704.6,117310.79,118558.64,117310.79,2025-07-22 02:45:00,SL,-423.81,VBO_UP
VBO_ALL,2025-07-22 13:45:00,BUY,119543.2,119217.81,120277.52,119217.81,2025-07-22 13:45:00,SL,-355.39,VBO_UP
VBO_ALL,2025-07-22 19:00:00,BUY,119805.6,119276.05,120948.91,119276.05,2025-07-22 19:45:00,SL,-559.55,VBO_UP
VBO_ALL,2025-07-23 02:15:00,SELL,119182.6,119506.34,118506.91,118506.91,2025-07-23 06:15:00,TP,645.69,VBO_DN
VBO_ALL,2025-07-23 13:45:00,SELL,117663.2,118016.11,116927.36,118016.11,2025-07-23 14:15:00,SL,-382.91,VBO_DN
VBO_ALL,2025-07-24 04:45:00,SELL,117936.0,118267.04,117245.72,117245.72,2025-07-24 07:00:00,TP,660.27,VBO_DN
VBO_ALL,2025-07-24 15:00:00,BUY,119154.0,118747.72,119931.98,118747.72,2025-07-24 15:30:00,SL,-436.28,VBO_UP
VBO_ALL,2025-07-25 00:15:00,SELL,118190.2,118453.68,117664.71,117664.71,2025-07-25 01:00:00,TP,495.49,VBO_DN
VBO_ALL,2025-07-25 02:45:00,SELL,116682.4,116984.47,116028.42,116028.42,2025-07-25 03:00:00,TP,623.98,VBO_DN
VBO_ALL,2025-07-25 03:45:00,SELL,115442.4,115815.72,114591.88,115815.72,2025-07-25 04:30:00,SL,-403.32,VBO_DN
VBO_ALL,2025-07-25 20:45:00,BUY,117290.6,116910.16,118092.42,118092.42,2025-07-27 21:00:00,TP,771.82,VBO_UP
VBO_ALL,2025-07-27 22:15:00,BUY,119770.0,119320.32,120702.52,119320.32,2025-07-27 23:00:00,SL,-479.68,VBO_UP
VBO_ALL,2025-07-28 07:15:00,SELL,118909.6,119170.97,118358.3,119170.97,2025-07-28 07:15:00,SL,-291.37,VBO_DN
VBO_ALL,2025-07-28 14:30:00,SELL,118105.8,118469.31,117347.26,118469.31,2025-07-28 15:30:00,SL,-393.51,VBO_DN
VBO_ALL,2025-07-29 14:15:00,SELL,118117.6,118460.76,117404.54,117404.54,2025-07-29 15:30:00,TP,683.06,VBO_DN
VBO_ALL,2025-07-30 11:30:00,SELL,117834.8,118098.59,117279.06,118098.59,2025-07-30 14:30:00,SL,-293.79,VBO_DN
VBO_ALL,2025-07-30 15:00:00,BUY,118720.6,118280.76,119635.39,118280.76,2025-07-30 15:15:00,SL,-469.84,VBO_UP
VBO_ALL,2025-07-30 19:00:00,SELL,116504.4,116968.1,115541.44,116968.1,2025-07-30 19:45:00,SL,-493.7,VBO_DN
VBO_ALL,2025-07-31 13:30:00,SELL,118134.6,118351.34,117679.98,118351.34,2025-07-31 13:30:00,SL,-246.74,VBO_DN
VBO_ALL,2025-07-31 19:15:00,SELL,117287.2,117736.44,116365.48,116365.48,2025-07-31 21:45:00,TP,891.72,VBO_DN
VBO_ALL,2025-07-31 23:45:00,SELL,115742.2,116171.32,114835.86,114835.86,2025-08-01 00:45:00,TP,876.34,VBO_DN
VBO_ALL,2025-08-01 12:45:00,BUY,115845.2,115417.87,116745.04,115417.87,2025-08-01 13:30:00,SL,-457.33,VBO_UP
VBO_ALL,2025-08-01 14:00:00,SELL,114273.8,114730.57,113331.44,114730.57,2025-08-01 14:00:00,SL,-486.77,VBO_DN
VBO_ALL,2025-08-04 13:30:00,SELL,114193.8,114413.33,113735.84,114413.33,2025-08-04 13:30:00,SL,-249.53,VBO_DN
VBO_ALL,2025-08-04 14:00:00,BUY,114914.6,114662.29,115454.42,115454.42,2025-08-04 14:00:00,TP,509.82,VBO_UP
VBO_ALL,2025-08-05 03:15:00,SELL,114491.0,114715.68,114017.36,114017.36,2025-08-05 07:30:00,TP,443.64,VBO_DN
VBO_ALL,2025-08-05 10:30:00,BUY,114949.6,114654.14,115559.59,114654.14,2025-08-05 12:15:00,SL,-325.46,VBO_UP
VBO_ALL,2025-08-05 14:30:00,SELL,113236.8,113651.38,112360.15,113651.38,2025-08-05 17:45:00,SL,-444.58,VBO_DN
VBO_ALL,2025-08-06 05:45:00,BUY,114247.8,113971.07,114853.91,113971.07,2025-08-06 06:00:00,SL,-306.73,VBO_UP
VBO_ALL,2025-08-06 15:00:00,BUY,115220.2,114828.85,116054.32,115252.6,2025-08-06 21:00:00,TIME,2.4,VBO_UP
VBO_ALL,2025-08-06 21:45:00,SELL,114952.2,115182.32,114476.49,115182.32,2025-08-06 22:00:00,SL,-260.12,VBO_DN
VBO_ALL,2025-08-07 02:00:00,SELL,114786.4,114985.66,114379.91,114379.91,2025-08-07 04:45:00,TP,376.49,VBO_DN
VBO_ALL,2025-08-07 08:15:00,BUY,114970.2,114794.58,115345.32,115345.32,2025-08-07 10:00:00,TP,345.12,VBO_UP
VBO_ALL,2025-08-07 10:30:00,BUY,115901.4,115661.91,116373.81,116373.81,2025-08-07 10:30:00,TP,442.41,VBO_UP
VBO_ALL,2025-08-07 11:30:00,BUY,116842.2,116570.14,117404.05,116570.14,2025-08-07 11:30:00,SL,-302.06,VBO_UP
VBO_ALL,2025-08-07 19:45:00,BUY,117234.6,116859.09,118021.84,116859.09,2025-08-08 01:45:00,SL,-405.51,VBO_UP
VBO_ALL,2025-08-08 15:45:00,SELL,115926.2,116258.1,115253.24,116258.1,2025-08-08 15:45:00,SL,-361.9,VBO_DN
VBO_ALL,2025-08-10 22:00:00,BUY,118739.6,118371.84,119483.56,119483.56,2025-08-11 00:15:00,TP,713.96,VBO_UP
VBO_ALL,2025-08-11 01:45:00,BUY,119803.4,119406.12,120594.69,120594.69,2025-08-11 02:00:00,TP,761.29,VBO_UP
VBO_ALL,2025-08-11 02:30:00,BUY,121502.2,121083.1,122366.7,121658.8,2025-08-11 08:30:00,TIME,126.6,VBO_UP
VBO_ALL,2025-08-11 11:15:00,SELL,120907.6,121244.05,120219.92,120219.92,2025-08-11 12:00:00,TP,657.68,VBO_DN
VBO_ALL,2025-08-11 12:45:00,SELL,119565.6,119989.2,118709.0,119989.2,2025-08-11 13:30:00,SL,-453.6,VBO_DN
VBO_ALL,2025-08-11 20:00:00,SELL,119065.4,119495.56,118194.51,118194.51,2025-08-11 21:45:00,TP,840.89,VBO_DN
VBO_ALL,2025-08-13 10:15:00,BUY,120381.8,120049.84,121065.98,121065.98,2025-08-13 13:45:00,TP,654.18,VBO_UP
VBO_ALL,2025-08-13 22:45:00,BUY,123586.8,123145.35,124537.31,123145.35,2025-08-13 22:45:00,SL,-471.45,VBO_UP
VBO_ALL,2025-08-14 00:15:00,BUY,123934.5,123461.83,124918.3,123461.83,2025-08-14 01:15:00,SL,-502.67,VBO_UP
VBO_ALL,2025-08-14 06:00:00,SELL,122207.8,122550.94,121494.15,121494.15,2025-08-14 06:15:00,TP,683.65,VBO_DN
VBO_ALL,2025-08-14 10:45:00,SELL,121199.8,121586.3,120389.65,120389.65,2025-08-14 12:30:00,TP,780.15,VBO_DN
VBO_ALL,2025-08-15 13:15:00,SELL,118573.1,118857.78,117971.69,117971.69,2025-08-15 13:45:00,TP,571.41,VBO_DN
VBO_ALL,2025-08-15 15:00:00,SELL,117470.6,117832.56,116669.35,117832.56,2025-08-15 17:30:00,SL,-391.96,VBO_DN
VBO_ALL,2025-08-18 01:30:00,SELL,116741.8,117053.54,116177.75,116177.75,2025-08-18 02:00:00,TP,534.05,VBO_DN
VBO_ALL,2025-08-18 03:00:00,SELL,115515.0,115902.43,114732.51,115002.1,2025-08-18 09:00:00,TIME,482.9,VBO_DN
VBO_ALL,2025-08-19 00:30:00,SELL,115979.0,116265.17,115374.18,116265.17,2025-08-19 00:30:00,SL,-316.17,VBO_DN
VBO_ALL,2025-08-19 03:45:00,SELL,115040.8,115422.56,114251.02,115422.56,2025-08-19 04:45:00,SL,-411.76,VBO_DN
VBO_ALL,2025-08-19 14:15:00,SELL,114823.4,115134.75,114172.29,114172.29,2025-08-19 14:15:00,TP,621.11,VBO_DN
VBO_ALL,2025-08-19 14:45:00,SELL,113926.4,114306.39,113149.55,113149.55,2025-08-19 17:00:00,TP,746.85,VBO_DN
VBO_ALL,2025-08-20 01:45:00,SELL,112688.4,112990.72,112043.15,112990.72,2025-08-20 01:45:00,SL,-332.32,VBO_DN
VBO_ALL,2025-08-20 11:45:00,SELL,113175.1,113418.66,112660.6,113418.66,2025-08-20 11:45:00,SL,-273.56,VBO_DN
VBO_ALL,2025-08-20 14:00:00,SELL,112678.8,113030.37,111962.71,113030.37,2025-08-20 14:15:00,SL,-381.57,VBO_DN
VBO_ALL,2025-08-21 02:00:00,BUY,114707.8,114434.04,115333.01,114434.04,2025-08-21 02:00:00,SL,-303.76,VBO_UP
VBO_ALL,2025-08-21 12:00:00,SELL,113127.4,113381.04,112601.45,113381.04,2025-08-21 12:30:00,SL,-283.64,VBO_DN
VBO_ALL,2025-08-21 14:15:00,BUY,113830.2,113501.81,114511.87,113501.81,2025-08-21 14:30:00,SL,-358.39,VBO_UP
VBO_ALL,2025-08-21 15:15:00,SELL,112675.4,113099.97,111821.71,113099.97,2025-08-21 15:15:00,SL,-454.57,VBO_DN
VBO_ALL,2025-08-22 02:15:00,BUY,113131.6,112854.38,113711.6,112854.38,2025-08-22 03:45:00,SL,-307.22,VBO_UP
VBO_ALL,2025-08-22 12:15:00,SELL,112045.8,112303.42,111526.98,112303.42,2025-08-22 12:45:00,SL,-287.62,VBO_DN
VBO_ALL,2025-08-22 14:15:00,BUY,115202.8,114705.06,116236.06,114705.06,2025-08-22 14:15:00,SL,-527.74,VBO_UP
VBO_ALL,2025-08-22 14:45:00,BUY,115784.5,115186.61,117031.04,117031.04,2025-08-22 15:15:00,TP,1216.54,VBO_UP
VBO_ALL,2025-08-25 00:45:00,SELL,112253.6,112927.32,110856.18,112927.32,2025-08-25 01:15:00,SL,-703.72,VBO_DN
VBO_ALL,2025-08-25 13:45:00,SELL,110782.0,111188.13,109940.52,111188.13,2025-08-25 13:45:00,SL,-436.13,VBO_DN
VBO_ALL,2025-08-25 14:15:00,BUY,111807.6,111356.05,112808.76,112808.76,2025-08-25 16:15:00,TP,971.16,VBO_UP
VBO_ALL,2025-08-25 19:45:00,SELL,111158.6,111646.87,110182.06,110182.06,2025-08-25 20:00:00,TP,946.54,VBO_DN
VBO_ALL,2025-08-25 20:45:00,SELL,109944.3,110537.25,108744.44,110537.25,2025-08-25 22:30:00,SL,-622.95,VBO_DN
VBO_ALL,2025-08-26 19:30:00,BUY,111144.2,110712.61,112046.42,112046.42,2025-08-26 23:00:00,TP,872.22,VBO_UP
VBO_ALL,2025-08-27 13:45:00,BUY,111607.1,111256.25,112231.66,112231.66,2025-08-27 14:15:00,TP,594.56,VBO_UP
VBO_ALL,2025-08-28 03:15:00,BUY,111892.6,111563.45,112567.54,112567.54,2025-08-28 04:30:00,TP,644.94,VBO_UP
VBO_ALL,2025-08-28 17:00:00,SELL,112343.4,112805.29,111405.79,112384.4,2025-08-28 23:00:00,TIME,-71.0,VBO_DN
VBO_ALL,2025-08-29 00:30:00,BUY,112609.1,112370.48,113123.18,112370.48,2025-08-29 00:30:00,SL,-268.62,VBO_UP
VBO_ALL,2025-08-29 01:30:00,SELL,111566.4,111840.84,111006.06,111840.84,2025-08-29 03:45:00,SL,-304.44,VBO_DN
VBO_ALL,2025-08-29 07:15:00,SELL,110572.6,110859.33,109993.12,109993.12,2025-08-29 07:45:00,TP,549.48,VBO_DN
VBO_ALL,2025-08-29 08:45:00,SELL,109890.6,110216.85,109214.91,110216.85,2025-08-29 12:00:00,SL,-356.25,VBO_DN
VBO_ALL,2025-08-29 12:45:00,BUY,110573.4,110230.77,111289.67,110230.77,2025-08-29 13:30:00,SL,-372.63,VBO_UP
VBO_ALL,2025-08-29 14:00:00,SELL,109124.2,109521.4,108265.88,109521.4,2025-08-29 14:00:00,SL,-427.2,VBO_DN
VBO_ALL,2025-08-29 20:15:00,SELL,107907.4,108347.45,107007.59,108347.45,2025-08-31 21:00:00,SL,-470.05,VBO_DN
VBO_ALL,2025-09-01 07:30:00,BUY,108451.6,108125.88,109151.15,109151.15,2025-09-01 07:45:00,TP,669.55,VBO_UP
VBO_ALL,2025-09-01 21:30:00,SELL,108127.2,108435.28,107426.79,108435.28,2025-09-01 22:45:00,SL,-338.08,VBO_DN
VBO_ALL,2025-09-02 03:00:00,BUY,110241.8,109845.55,111108.34,110616.6,2025-09-02 09:00:00,TIME,344.8,VBO_UP
VBO_ALL,2025-09-02 12:15:00,SELL,109428.1,109759.48,108738.65,108738.65,2025-09-02 12:30:00,TP,659.45,VBO_DN
VBO_ALL,2025-09-02 14:00:00,BUY,111190.4,110711.42,112226.81,110711.42,2025-09-02 15:45:00,SL,-508.98,VBO_UP
VBO_ALL,2025-09-03 11:15:00,BUY,111660.5,111419.99,112158.48,111419.99,2025-09-03 11:30:00,SL,-270.51,VBO_UP
VBO_ALL,2025-09-03 14:45:00,BUY,112526.8,112099.43,113395.58,112099.43,2025-09-03 15:15:00,SL,-457.37,VBO_UP
VBO_ALL,2025-09-04 02:30:00,SELL,111477.6,111778.6,110930.68,111778.6,2025-09-04 02:30:00,SL,-331.0,VBO_DN
VBO_ALL,2025-09-04 10:15:00,BUY,111048.8,110791.72,111569.89,110791.72,2025-09-04 10:45:00,SL,-287.08,VBO_UP
VBO_ALL,2025-09-04 14:15:00,SELL,109828.9,110186.97,109077.69,110186.97,2025-09-04 14:30:00,SL,-388.07,VBO_DN
VBO_ALL,2025-09-04 22:30:00,BUY,110833.4,110547.16,111459.32,111459.32,2025-09-04 22:45:00,TP,595.93,VBO_UP
VBO_ALL,2025-09-05 07:15:00,BUY,112367.2,112124.27,112873.3,112873.3,2025-09-05 07:15:00,TP,476.1,VBO_UP
VBO_ALL,2025-09-05 14:30:00,SELL,110993.8,111501.34,109908.68,111501.34,2025-09-05 19:45:00,SL,-537.54,VBO_DN
VBO_ALL,2025-09-08 01:00:00,SELL,110834.2,111111.2,110257.74,111111.2,2025-09-08 02:30:00,SL,-307.0,VBO_DN
VBO_ALL,2025-09-08 07:30:00,BUY,111500.5,111270.95,111977.81,111270.95,2025-09-08 07:30:00,SL,-259.55,VBO_UP
VBO_ALL,2025-09-08 08:45:00,BUY,111798.8,111570.55,112282.96,112282.96,2025-09-08 13:00:00,TP,454.16,VBO_UP
VBO_ALL,2025-09-08 14:45:00,BUY,112611.1,112307.26,113245.02,112307.26,2025-09-08 17:00:00,SL,-333.84,VBO_UP
VBO_ALL,2025-09-09 00:30:00,SELL,111686.4,111896.32,111272.19,111272.19,2025-09-09 02:00:00,TP,384.21,VBO_DN
VBO_ALL,2025-09-09 06:15:00,BUY,112703.6,112426.55,113281.41,113281.41,2025-09-09 07:30:00,TP,547.81,VBO_UP
VBO_ALL,2025-09-09 14:45:00,SELL,111584.4,111931.95,110853.56,110853.56,2025-09-09 15:30:00,TP,700.84,VBO_DN
VBO_ALL,2025-09-09 21:00:00,BUY,111484.5,111265.4,111945.59,111265.4,2025-09-09 21:45:00,SL,-249.1,VBO_UP
VBO_ALL,2025-09-10 01:00:00,SELL,111023.5,111267.53,110505.86,111267.53,2025-09-10 02:00:00,SL,-274.03,VBO_DN
VBO_ALL,2025-09-10 06:30:00,BUY,111767.8,111523.06,112265.95,112265.95,2025-09-10 07:15:00,TP,468.15,VBO_UP
VBO_ALL,2025-09-10 08:00:00,BUY,112545.4,112283.76,113090.49,112283.76,2025-09-10 09:00:00,SL,-291.64,VBO_UP
VBO_ALL,2025-09-10 12:45:00,BUY,113279.8,112970.8,113908.14,112970.8,2025-09-10 12:45:00,SL,-339.0,VBO_UP
VBO_ALL,2025-09-10 13:15:00,BUY,113739.3,113437.22,114397.92,113437.22,2025-09-10 13:30:00,SL,-332.08,VBO_UP
VBO_ALL,2025-09-11 13:15:00,SELL,113520.3,113797.46,112936.71,113797.46,2025-09-11 13:15:00,SL,-307.16,VBO_DN
VBO_ALL,2025-09-11 14:00:00,BUY,114680.6,114304.04,115441.66,114304.04,2025-09-11 14:00:00,SL,-406.56,VBO_UP
VBO_ALL,2025-09-11 22:30:00,BUY,115075.4,114869.97,115519.41,115519.41,2025-09-11 23:45:00,TP,414.01,VBO_UP
VBO_ALL,2025-09-12 00:30:00,BUY,115840.8,115617.81,116313.39,116313.39,2025-09-12 00:45:00,TP,442.59,VBO_UP
VBO_ALL,2025-09-15 04:30:00,BUY,115998.2,115748.23,116533.16,116533.16,2025-09-15 05:45:00,TP,504.96,VBO_UP
VBO_ALL,2025-09-15 06:15:00,BUY,116646.5,116376.13,117149.02,116376.13,2025-09-15 06:30:00,SL,-300.37,VBO_UP
VBO_ALL,2025-09-15 08:45:00,SELL,115328.0,115663.63,114624.14,114624.14,2025-09-15 13:30:00,TP,673.86,VBO_DN
VBO_ALL,2025-09-16 05:15:00,BUY,115860.5,115572.76,116445.46,115572.76,2025-09-16 08:30:00,SL,-317.74,VBO_UP
VBO_ALL,2025-09-16 13:45:00,SELL,115105.5,115307.05,114684.06,115307.05,2025-09-16 14:00:00,SL,-231.55,VBO_DN
VBO_ALL,2025-09-16 16:00:00,BUY,115970.0,115644.19,116613.31,116613.31,2025-09-16 17:00:00,TP,613.31,VBO_UP
VBO_ALL,2025-09-17 06:00:00,BUY,117167.5,116924.9,117671.38,116924.9,2025-09-17 08:30:00,SL,-272.6,VBO_UP
VBO_ALL,2025-09-17 13:45:00,SELL,116031.5,116240.23,115612.06,116240.23,2025-09-17 13:45:00,SL,-238.73,VBO_DN
VBO_ALL,2025-09-17 14:30:00,SELL,115686.0,115935.79,115177.94,115935.79,2025-09-17 17:30:00,SL,-279.79,VBO_DN
VBO_ALL,2025-09-17 18:45:00,SELL,114917.0,115407.25,113887.94,115407.25,2025-09-17 18:45:00,SL,-520.25,VBO_DN
VBO_ALL,2025-09-18 03:15:00,BUY,117493.0,117125.49,118246.31,117125.49,2025-09-18 06:00:00,SL,-397.51,VBO_UP
VBO_ALL,2025-09-18 14:30:00,BUY,117794.0,117507.32,118317.25,117507.32,2025-09-18 15:00:00,SL,-316.68,VBO_UP
VBO_ALL,2025-09-18 23:15:00,SELL,116833.5,117051.31,116368.94,117051.31,2025-09-18 23:30:00,SL,-247.81,VBO_DN
VBO_ALL,2025-09-19 10:00:00,SELL,116542.0,116714.26,116173.88,116173.88,2025-09-19 13:00:00,TP,338.12,VBO_DN
VBO_ALL,2025-09-19 15:00:00,SELL,115950.0,116168.14,115494.0,116168.14,2025-09-19 16:45:00,SL,-248.14,VBO_DN
VBO_ALL,2025-09-22 00:45:00,SELL,114913.0,115131.21,114464.56,114464.56,2025-09-22 00:45:00,TP,418.44,VBO_DN
VBO_ALL,2025-09-22 02:00:00,SELL,114350.5,114626.27,113774.44,114626.27,2025-09-22 02:00:00,SL,-305.77,VBO_DN
VBO_ALL,2025-09-22 06:00:00,SELL,113758.5,114104.64,113180.75,113180.75,2025-09-22 06:00:00,TP,547.75,VBO_DN
VBO_ALL,2025-09-22 14:00:00,BUY,113224.0,112937.01,113934.44,112937.01,2025-09-22 14:45:00,SL,-316.99,VBO_UP
VBO_ALL,2025-09-22 19:45:00,SELL,112094.0,112399.2,111452.0,112399.2,2025-09-22 19:45:00,SL,-335.2,VBO_DN
VBO_ALL,2025-09-23 02:30:00,SELL,112103.0,112353.71,111599.19,111599.19,2025-09-23 03:00:00,TP,473.81,VBO_DN
VBO_ALL,2025-09-24 00:30:00,BUY,112329.0,112076.87,112878.94,112076.87,2025-09-24 02:15:00,SL,-282.13,VBO_UP
VBO_ALL,2025-09-24 03:30:00,SELL,111820.5,112087.63,111253.19,111253.19,2025-09-24 04:00:00,TP,537.31,VBO_DN
VBO_ALL,2025-09-24 11:15:00,BUY,113118.0,112922.57,113540.56,112922.57,2025-09-24 11:30:00,SL,-225.43,VBO_UP
VBO_ALL,2025-09-24 14:45:00,BUY,113422.0,113207.49,113907.44,113907.44,2025-09-24 14:45:00,TP,455.44,VBO_UP
VBO_ALL,2025-09-25 00:30:00,SELL,113177.0,113400.06,112724.62,113400.06,2025-09-25 01:00:00,SL,-253.06,VBO_DN
VBO_ALL,2025-09-25 01:45:00,SELL,112733.0,113011.24,112168.75,113011.24,2025-09-25 02:30:00,SL,-308.24,VBO_DN
VBO_ALL,2025-09-25 03:30:00,SELL,112386.0,112714.8,111701.0,111701.0,2025-09-25 04:30:00,TP,655.0,VBO_DN
VBO_ALL,2025-09-25 12:30:00,SELL,111184.0,111472.02,110604.0,111472.02,2025-09-25 12:30:00,SL,-318.02,VBO_DN
VBO_ALL,2025-09-25 13:45:00,SELL,110747.0,111153.54,109893.88,111153.54,2025-09-25 14:00:00,SL,-436.54,VBO_DN
VBO_ALL,2025-09-25 17:15:00,SELL,110211.5,110805.87,109087.31,109087.31,2025-09-25 17:45:00,TP,1094.19,VBO_DN
VBO_ALL,2025-09-26 07:45:00,SELL,109028.0,109327.25,108404.56,109327.25,2025-09-26 07:45:00,SL,-329.25,VBO_DN
VBO_ALL,2025-09-28 22:15:00,BUY,111502.0,111076.17,112349.06,112349.06,2025-09-28 23:00:00,TP,817.06,VBO_UP
VBO_ALL,2025-09-29 08:15:00,BUY,112037.0,111858.47,112404.31,112404.31,2025-09-29 08:45:00,TP,337.31,VBO_UP
VBO_ALL,2025-09-29 13:45:00,BUY,113372.0,113028.64,113973.25,113973.25,2025-09-29 14:15:00,TP,571.25,VBO_UP
VBO_ALL,2025-09-29 14:45:00,BUY,114187.0,113817.44,114955.38,113817.44,2025-09-29 15:45:00,SL,-399.56,VBO_UP
VBO_ALL,2025-09-30 01:00:00,BUY,114600.0,114384.2,115065.0,114384.2,2025-09-30 01:45:00,SL,-245.8,VBO_UP
VBO_ALL,2025-09-30 07:45:00,SELL,113704.0,113902.26,113283.25,113283.25,2025-09-30 09:00:00,TP,390.75,VBO_DN
VBO_ALL,2025-09-30 09:45:00,SELL,113033.0,113272.54,112540.12,113272.54,2025-09-30 12:30:00,SL,-269.54,VBO_DN
VBO_ALL,2025-09-30 21:00:00,BUY,114790.0,114327.26,115350.12,114327.26,2025-09-30 21:15:00,SL,-492.74,VBO_UP
VBO_ALL,2025-10-01 08:30:00,BUY,115130.0,114834.44,115745.75,115745.75,2025-10-01 08:30:00,TP,585.75,VBO_UP
VBO_ALL,2025-10-01 09:00:00,BUY,116181.0,115803.59,116945.69,116945.69,2025-10-01 12:15:00,TP,734.69,VBO_UP
VBO_ALL,2025-10-01 14:15:00,BUY,117258.5,116967.58,117893.88,117893.88,2025-10-01 16:15:00,TP,605.38,VBO_UP
VBO_ALL,2025-10-01 22:15:00,BUY,117920.5,117611.25,118566.31,118566.31,2025-10-01 23:45:00,TP,615.81,VBO_UP
VBO_ALL,2025-10-02 00:15:00,BUY,119237.5,118895.07,119943.19,118895.07,2025-10-02 00:30:00,SL,-372.43,VBO_UP
VBO_ALL,2025-10-02 12:30:00,BUY,119184.0,118986.27,119628.31,119628.31,2025-10-02 13:30:00,TP,414.31,VBO_UP
VBO_ALL,2025-10-02 16:15:00,BUY,120218.5,119746.46,121200.38,119746.46,2025-10-02 16:45:00,SL,-502.04,VBO_UP
VBO_ALL,2025-10-03 13:30:00,BUY,120659.5,120413.85,121172.81,120413.85,2025-10-03 13:30:00,SL,-275.65,VBO_UP
VBO_ALL,2025-10-03 15:30:00,BUY,121426.0,121054.67,122165.69,122165.69,2025-10-03 15:45:00,TP,709.69,VBO_UP
VBO_ALL,2025-10-03 16:15:00,BUY,123229.0,122733.21,124175.56,122733.21,2025-10-03 16:45:00,SL,-525.79,VBO_UP
VBO_ALL,2025-10-06 00:30:00,BUY,123729.0,123361.29,124485.81,123361.29,2025-10-06 00:45:00,SL,-397.71,VBO_UP
VBO_ALL,2025-10-06 11:30:00,BUY,124412.0,124078.75,125038.44,125038.44,2025-10-06 13:30:00,TP,596.44,VBO_UP
VBO_ALL,2025-10-06 14:00:00,BUY,125107.0,124735.73,125878.94,124735.73,2025-10-06 14:15:00,SL,-401.27,VBO_UP
VBO_ALL,2025-10-06 19:00:00,BUY,126107.5,125595.45,127143.44,125595.45,2025-10-06 19:15:00,SL,-542.05,VBO_UP
VBO_ALL,2025-10-07 06:30:00,SELL,123973.0,124281.86,123323.38,124281.86,2025-10-07 09:30:00,SL,-338.86,VBO_DN
VBO_ALL,2025-10-07 13:00:00,BUY,125022.5,124731.7,125620.62,124731.7,2025-10-07 13:15:00,SL,-320.8,VBO_UP
VBO_ALL,2025-10-07 14:15:00,SELL,122922.5,123338.69,122092.44,123338.69,2025-10-07 14:15:00,SL,-446.19,VBO_DN
VBO_ALL,2025-10-07 15:15:00,SELL,122018.0,122539.16,120960.0,120960.0,2025-10-07 16:15:00,TP,1028.0,VBO_DN
VBO_ALL,2025-10-08 08:30:00,BUY,121979.5,121616.28,122765.5,122765.5,2025-10-08 08:30:00,TP,756.0,VBO_UP
VBO_ALL,2025-10-08 10:45:00,BUY,123017.0,122623.34,123860.25,122623.34,2025-10-08 12:45:00,SL,-423.66,VBO_UP
VBO_ALL,2025-10-08 13:45:00,SELL,121943.5,122318.39,121114.69,122318.39,2025-10-08 13:45:00,SL,-404.89,VBO_DN
VBO_ALL,2025-10-09 02:15:00,SELL,122314.0,122585.99,121759.69,121759.69,2025-10-09 02:30:00,TP,524.31,VBO_DN
VBO_ALL,2025-10-09 08:30:00,SELL,121222.5,121519.5,120580.62,121519.5,2025-10-09 08:30:00,SL,-327.0,VBO_DN
VBO_ALL,2025-10-09 10:45:00,BUY,122274.5,121925.25,123009.81,123009.81,2025-10-09 12:00:00,TP,705.31,VBO_UP
VBO_ALL,2025-10-09 12:45:00,BUY,123594.5,123186.42,124466.25,123186.42,2025-10-09 13:30:00,SL,-438.08,VBO_UP
VBO_ALL,2025-10-09 17:00:00,SELL,119912.2,120645.73,118479.6,120645.73,2025-10-09 17:30:00,SL,-763.53,VBO_DN
VBO_ALL,2025-10-10 02:45:00,SELL,121312.2,121561.8,120782.95,121561.8,2025-10-10 03:30:00,SL,-279.6,VBO_DN
VBO_ALL,2025-10-10 13:30:00,BUY,122042.2,121763.71,122588.48,122588.48,2025-10-10 13:30:00,TP,516.27,VBO_UP
VBO_ALL,2025-10-10 14:30:00,SELL,121267.0,121643.75,120479.01,120479.01,2025-10-10 15:00:00,TP,757.99,VBO_DN
VBO_ALL,2025-10-10 15:30:00,SELL,119257.3,119780.39,118181.41,118181.41,2025-10-10 17:00:00,TP,1045.89,VBO_DN
VBO_ALL,2025-10-10 19:30:00,SELL,116053.8,116879.28,114494.39,116879.28,2025-10-10 19:30:00,SL,-855.48,VBO_DN
VBO_ALL,2025-10-12 21:00:00,SELL,115286.2,115414.01,112700.02,115414.01,2025-10-12 21:00:00,SL,-157.81,VBO_DN
VBO_ALL,2025-10-13 11:30:00,SELL,113730.6,114131.22,112889.81,114131.22,2025-10-13 11:30:00,SL,-430.62,VBO_DN
VBO_ALL,2025-10-14 01:15:00,SELL,114775.0,115035.25,114223.56,114223.56,2025-10-14 01:45:00,TP,521.44,VBO_DN
VBO_ALL,2025-10-14 03:15:00,SELL,113573.0,113901.21,112916.99,112916.99,2025-10-14 04:45:00,TP,626.01,VBO_DN
VBO_ALL,2025-10-14 05:45:00,SELL,112578.8,113020.7,111616.24,111616.24,2025-10-14 06:45:00,TP,932.56,VBO_DN
VBO_ALL,2025-10-15 12:30:00,SELL,111559.2,111987.86,110675.4,111987.86,2025-10-15 13:30:00,SL,-458.66,VBO_DN
VBO_ALL,2025-10-16 15:45:00,SELL,109286.0,109967.82,107853.2,107853.2,2025-10-16 16:30:00,TP,1402.8,VBO_DN
VBO_ALL,2025-10-17 06:30:00,SELL,107845.6,108191.81,107130.49,107130.49,2025-10-17 06:30:00,TP,685.11,VBO_DN
VBO_ALL,2025-10-17 07:00:00,SELL,106764.3,107163.91,105941.95,105941.95,2025-10-17 07:30:00,TP,792.35,VBO_DN
VBO_ALL,2025-10-17 08:15:00,SELL,105126.2,105602.62,104152.15,105602.62,2025-10-17 08:30:00,SL,-506.42,VBO_DN
VBO_ALL,2025-10-17 10:30:00,SELL,103971.0,104712.78,102487.91,104712.78,2025-10-17 10:45:00,SL,-771.78,VBO_DN
VBO_ALL,2025-10-20 04:00:00,BUY,110188.6,109662.56,111271.56,111271.56,2025-10-20 06:00:00,TP,1052.96,VBO_UP
VBO_ALL,2025-10-20 14:30:00,BUY,111295.4,110987.44,111944.08,110987.44,2025-10-20 16:00:00,SL,-337.96,VBO_UP
VBO_ALL,2025-10-20 16:45:00,SELL,110534.8,110971.01,109622.02,110971.01,2025-10-20 17:00:00,SL,-466.21,VBO_DN
VBO_ALL,2025-10-21 00:15:00,SELL,110215.2,110506.78,109573.2,110506.78,2025-10-21 00:30:00,SL,-321.58,VBO_DN
VBO_ALL,2025-10-21 01:15:00,SELL,110172.2,110449.37,109584.29,109584.29,2025-10-21 02:00:00,TP,557.91,VBO_DN
VBO_ALL,2025-10-21 04:15:00,SELL,108337.4,108745.68,107476.34,107669.0,2025-10-21 10:15:00,TIME,638.4,VBO_DN
VBO_ALL,2025-10-21 11:00:00,BUY,108526.2,108149.36,109331.01,109331.01,2025-10-21 12:15:00,TP,774.81,VBO_UP
VBO_ALL,2025-10-21 14:15:00,BUY,109790.2,109210.81,111001.59,111001.59,2025-10-21 14:45:00,TP,1181.39,VBO_UP
VBO_ALL,2025-10-21 15:15:00,BUY,112468.0,111625.09,114235.78,111625.09,2025-10-21 18:30:00,SL,-872.91,VBO_UP
VBO_ALL,2025-10-21 21:30:00,SELL,110569.8,111242.98,109214.2,109214.2,2025-10-21 22:30:00,TP,1325.6,VBO_DN
VBO_ALL,2025-10-22 07:15:00,SELL,107672.2,107988.25,106994.02,107988.25,2025-10-22 07:15:00,SL,-346.05,VBO_DN
VBO_ALL,2025-10-22 14:00:00,BUY,108834.8,108318.56,110025.61,108318.56,2025-10-22 14:00:00,SL,-546.24,VBO_UP
VBO_ALL,2025-10-23 04:45:00,BUY,108932.8,108604.77,109598.62,109598.62,2025-10-23 06:15:00,TP,635.82,VBO_UP
VBO_ALL,2025-10-23 12:15:00,SELL,108939.4,109329.41,108170.04,109329.41,2025-10-23 13:30:00,SL,-420.01,VBO_DN
VBO_ALL,2025-10-23 15:15:00,BUY,109945.4,109462.19,110929.28,110929.28,2025-10-23 17:30:00,TP,953.88,VBO_UP
VBO_ALL,2025-10-24 04:30:00,BUY,111015.4,110714.75,111659.34,111230.1,2025-10-24 10:30:00,TIME,184.7,VBO_UP
VBO_ALL,2025-10-24 12:45:00,BUY,111606.4,111222.61,112401.02,111222.61,2025-10-24 12:45:00,SL,-413.79,VBO_UP
VBO_ALL,2025-10-24 14:30:00,SELL,109974.0,110498.36,109035.12,110498.36,2025-10-24 15:00:00,SL,-554.36,VBO_DN
VBO_ALL,2025-10-26 22:15:00,BUY,114632.0,114056.04,115833.45,115221.0,2025-10-27 04:15:00,TIME,559.0,VBO_UP
VBO_ALL,2025-10-27 07:00:00,BUY,116080.7,115794.5,116672.01,115794.5,2025-10-27 07:30:00,SL,-316.2,VBO_UP
VBO_ALL,2025-10-28 13:15:00,BUY,114775.0,114528.95,115270.04,115270.04,2025-10-28 13:45:00,TP,465.04,VBO_UP
VBO_ALL,2025-10-28 14:15:00,BUY,115811.2,115525.17,116394.14,115525.17,2025-10-28 14:30:00,SL,-316.03,VBO_UP
VBO_ALL,2025-10-28 19:30:00,SELL,113701.2,114307.02,112494.58,112494.58,2025-10-28 20:15:00,TP,1176.62,VBO_DN
VBO_ALL,2025-10-29 05:45:00,BUY,113202.8,112899.82,113865.76,112899.82,2025-10-29 09:00:00,SL,-332.98,VBO_UP
VBO_ALL,2025-10-29 14:15:00,SELL,112710.8,113047.94,112017.36,112017.36,2025-10-29 15:15:00,TP,663.44,VBO_DN
VBO_ALL,2025-10-29 16:15:00,SELL,111034.8,111482.13,110133.09,111482.13,2025-10-29 17:30:00,SL,-477.33,VBO_DN
VBO_ALL,2025-10-29 18:45:00,SELL,109760.0,110415.8,108398.68,110415.8,2025-10-29 18:45:00,SL,-685.8,VBO_DN
VBO_ALL,2025-10-30 04:30:00,SELL,108400.6,108869.03,107306.31,108869.03,2025-10-30 04:30:00,SL,-498.43,VBO_DN
VBO_ALL,2025-10-30 12:30:00,SELL,108773.4,109193.85,107915.34,107915.34,2025-10-30 13:30:00,TP,828.06,VBO_DN
VBO_ALL,2025-10-31 01:00:00,BUY,109332.2,108826.11,110310.09,108826.11,2025-10-31 02:30:00,SL,-536.09,VBO_UP
VBO_ALL,2025-10-31 15:00:00,BUY,110702.5,110153.49,111857.69,110153.49,2025-10-31 15:30:00,SL,-579.01,VBO_UP
VBO_ALL,2025-10-31 17:00:00,SELL,108752.1,109406.77,107383.59,109406.77,2025-10-31 18:00:00,SL,-684.67,VBO_DN
VBO_ALL,2025-11-03 03:15:00,SELL,108237.4,108722.9,107208.06,107208.06,2025-11-03 06:45:00,TP,999.34,VBO_DN
VBO_ALL,2025-11-03 15:30:00,SELL,105951.6,106525.44,104803.59,106525.44,2025-11-03 16:15:00,SL,-603.84,VBO_DN
VBO_ALL,2025-11-04 05:30:00,SELL,105633.3,106176.99,104551.19,104551.19,2025-11-04 05:45:00,TP,1052.11,VBO_DN
VBO_ALL,2025-11-04 17:15:00,SELL,101253.7,101916.73,99786.66,99786.66,2025-11-04 20:15:00,TP,1437.04,VBO_DN
VBO_ALL,2025-11-05 12:30:00,BUY,102510.3,102051.13,103461.36,103461.36,2025-11-05 14:45:00,TP,921.06,VBO_UP
VBO_ALL,2025-11-06 01:15:00,SELL,103242.6,103592.78,102451.4,103592.78,2025-11-06 03:15:00,SL,-380.18,VBO_DN
VBO_ALL,2025-11-06 12:45:00,SELL,102434.8,102773.66,101719.9,102773.66,2025-11-06 13:00:00,SL,-368.86,VBO_DN
VBO_ALL,2025-11-06 13:30:00,BUY,103472.4,103095.98,104273.88,103095.98,2025-11-06 14:00:00,SL,-406.42,VBO_UP
VBO_ALL,2025-11-06 15:00:00,SELL,102055.8,102586.62,101049.82,102586.62,2025-11-06 15:15:00,SL,-560.82,VBO_DN
VBO_ALL,2025-11-06 15:45:00,SELL,101750.6,102318.3,100543.22,102318.3,2025-11-06 16:00:00,SL,-597.7,VBO_DN
VBO_ALL,2025-11-06 16:45:00,SELL,100525.3,101212.5,99110.28,101212.5,2025-11-06 17:00:00,SL,-717.2,VBO_DN
VBO_ALL,2025-11-07 01:30:00,BUY,101621.4,101129.94,102667.48,101129.94,2025-11-07 01:30:00,SL,-521.46,VBO_UP
VBO_ALL,2025-11-07 09:30:00,SELL,100956.0,101286.15,100274.98,100274.98,2025-11-07 11:00:00,TP,651.02,VBO_DN
VBO_ALL,2025-11-07 11:30:00,SELL,99881.4,100257.51,99084.89,100257.51,2025-11-07 11:45:00,SL,-406.11,VBO_DN
VBO_ALL,2025-11-07 16:30:00,BUY,101463.4,100762.65,102926.38,102926.38,2025-11-07 19:15:00,TP,1432.98,VBO_UP
VBO_ALL,2025-11-09 22:15:00,BUY,104479.8,103814.85,105810.22,105810.22,2025-11-10 00:30:00,TP,1300.43,VBO_UP
VBO_ALL,2025-11-10 14:45:00,SELL,105651.6,105954.17,104963.28,104963.28,2025-11-10 14:45:00,TP,658.32,VBO_DN
VBO_ALL,2025-11-11 01:30:00,BUY,106776.2,106323.26,107759.3,106323.26,2025-11-11 01:30:00,SL,-482.94,VBO_UP
VBO_ALL,2025-11-11 13:30:00,SELL,104353.0,104681.44,103639.45,103639.45,2025-11-11 15:30:00,TP,683.55,VBO_DN
VBO_ALL,2025-11-11 17:45:00,SELL,102954.0,103445.66,101935.88,103445.66,2025-11-11 18:00:00,SL,-521.66,VBO_DN
VBO_ALL,2025-11-12 08:30:00,BUY,103878.0,103607.62,104398.12,104398.12,2025-11-12 09:00:00,TP,490.12,VBO_UP
VBO_ALL,2025-11-12 15:00:00,SELL,103983.5,104401.31,103126.94,103126.94,2025-11-12 15:30:00,TP,826.56,VBO_DN
VBO_ALL,2025-11-12 16:00:00,SELL,102162.0,102686.4,101023.25,101023.25,2025-11-12 19:15:00,TP,1108.75,VBO_DN
VBO_ALL,2025-11-13 01:15:00,BUY,102384.5,101990.77,103197.06,101990.77,2025-11-13 01:15:00,SL,-423.73,VBO_UP
VBO_ALL,2025-11-13 03:15:00,SELL,101333.5,101781.12,100365.5,101781.12,2025-11-13 03:15:00,SL,-477.62,VBO_DN
VBO_ALL,2025-11-13 06:00:00,BUY,103148.5,102519.9,104422.62,102850.0,2025-11-13 12:00:00,TIME,-328.5,VBO_UP
VBO_ALL,2025-11-13 14:45:00,SELL,101806.5,102250.62,100895.12,102250.62,2025-11-13 14:45:00,SL,-474.12,VBO_DN
VBO_ALL,2025-11-14 04:45:00,SELL,97571.0,98230.65,96158.19,96158.19,2025-11-14 06:45:00,TP,1382.81,VBO_DN
VBO_ALL,2025-11-14 12:45:00,SELL,94809.5,95415.21,93569.19,95415.21,2025-11-14 12:45:00,SL,-635.71,VBO_DN
VBO_ALL,2025-11-14 20:45:00,SELL,94314.0,95050.25,92823.31,95050.25,2025-11-14 21:45:00,SL,-766.25,VBO_DN
VBO_ALL,2025-11-17 13:15:00,SELL,94867.5,95192.6,94154.75,94154.75,2025-11-17 13:30:00,TP,682.75,VBO_DN
VBO_ALL,2025-11-18 12:45:00,BUY,91701.0,91278.23,92611.06,91278.23,2025-11-18 12:45:00,SL,-452.77,VBO_UP
VBO_ALL,2025-11-18 15:30:00,BUY,92729.0,92126.28,93987.75,92591.0,2025-11-18 21:30:00,TIME,-168.0,VBO_UP
VBO_ALL,2025-11-19 00:30:00,SELL,92258.0,92661.82,91395.12,92661.82,2025-11-19 02:00:00,SL,-433.82,VBO_DN
VBO_ALL,2025-11-19 14:30:00,SELL,91067.0,91402.66,90323.0,91402.66,2025-11-19 14:30:00,SL,-365.66,VBO_DN
VBO_ALL,2025-11-19 15:15:00,BUY,91988.0,91566.34,92849.5,91566.34,2025-11-19 15:15:00,SL,-451.66,VBO_UP
VBO_ALL,2025-11-19 15:45:00,SELL,90639.0,91128.93,89562.81,89562.81,2025-11-19 16:15:00,TP,1046.19,VBO_DN
VBO_ALL,2025-11-19 17:15:00,SELL,89270.5,89877.08,87949.75,89877.08,2025-11-19 21:15:00,SL,-636.58,VBO_DN
VBO_ALL,2025-11-19 23:15:00,BUY,91237.0,90619.12,92528.88,92528.88,2025-11-20 01:30:00,TP,1261.88,VBO_UP
VBO_ALL,2025-11-20 05:00:00,BUY,92890.0,92459.18,93781.38,92459.18,2025-11-20 06:15:00,SL,-460.82,VBO_UP
VBO_ALL,2025-11-20 06:45:00,SELL,91788.0,92153.4,90999.0,92153.4,2025-11-20 07:45:00,SL,-395.4,VBO_DN
VBO_ALL,2025-11-20 14:15:00,SELL,90623.5,91084.01,89648.69,91084.01,2025-11-20 14:15:00,SL,-490.51,VBO_DN
VBO_ALL,2025-11-20 15:15:00,SELL,90318.5,90862.05,89133.69,89133.69,2025-11-20 16:00:00,TP,1154.81,VBO_DN
VBO_ALL,2025-11-20 17:15:00,SELL,86923.0,87783.0,85123.62,87783.0,2025-11-20 22:00:00,SL,-890.0,VBO_DN
VBO_ALL,2025-11-21 02:45:00,SELL,85772.0,86411.8,84510.0,84510.0,2025-11-21 07:30:00,TP,1232.0,VBO_DN
VBO_ALL,2025-11-21 12:30:00,SELL,80866.5,81826.41,78811.19,81826.41,2025-11-21 12:30:00,SL,-989.91,VBO_DN
VBO_ALL,2025-11-21 14:45:00,BUY,84864.5,83866.51,86815.69,83866.51,2025-11-21 15:15:00,SL,-1027.99,VBO_UP
VBO_ALL,2025-11-24 09:30:00,SELL,85904.0,86356.63,84948.69,86356.63,2025-11-24 11:30:00,SL,-482.63,VBO_DN
VBO_ALL,2025-11-24 14:45:00,SELL,85518.5,85946.7,84648.0,85946.7,2025-11-24 14:45:00,SL,-458.2,VBO_DN
VBO_ALL,2025-11-25 08:00:00,SELL,87384.5,87701.4,86750.5,86750.5,2025-11-25 09:15:00,TP,604.0,VBO_DN
VBO_ALL,2025-11-25 14:45:00,SELL,86572.5,86962.13,85790.06,86962.13,2025-11-25 15:30:00,SL,-419.63,VBO_DN
VBO_ALL,2025-11-25 17:45:00,BUY,87915.5,87380.52,89042.38,87380.52,2025-11-25 18:45:00,SL,-564.98,VBO_UP
VBO_ALL,2025-11-26 01:45:00,BUY,88068.5,87625.52,88996.0,87625.52,2025-11-26 03:30:00,SL,-472.98,VBO_UP
VBO_ALL,2025-11-26 12:15:00,SELL,86553.0,86819.58,86006.88,86819.58,2025-11-26 13:30:00,SL,-296.58,VBO_DN
VBO_ALL,2025-11-26 17:30:00,BUY,88649.0,88180.9,89695.12,89695.12,2025-11-26 17:45:00,TP,1016.12,VBO_UP
VBO_ALL,2025-11-27 01:15:00,BUY,90689.5,90331.7,91433.38,91433.38,2025-11-27 02:15:00,TP,713.88,VBO_UP
VBO_ALL,2025-11-27 02:45:00,BUY,91805.5,91437.61,92576.56,91437.61,2025-11-27 02:45:00,SL,-397.89,VBO_UP
VBO_ALL,2025-11-27 13:15:00,SELL,90833.0,91076.2,90314.0,91076.2,2025-11-27 16:00:00,SL,-273.2,VBO_DN
VBO_ALL,2025-11-27 18:45:00,BUY,91763.0,91444.42,92432.88,91444.42,2025-11-27 20:15:00,SL,-348.58,VBO_UP
VBO_ALL,2025-11-28 01:15:00,SELL,90889.0,91130.04,90393.0,91130.04,2025-11-28 03:00:00,SL,-271.04,VBO_DN
VBO_ALL,2025-11-28 14:00:00,BUY,92376.0,92047.46,93048.12,92047.46,2025-11-28 14:30:00,SL,-358.54,VBO_UP
VBO_ALL,2025-11-28 17:00:00,SELL,90988.5,91509.4,89790.75,90986.5,2025-11-30 23:00:00,TIME,-28.0,VBO_DN
VBO_ALL,2025-12-01 00:00:00,SELL,90381.5,90671.48,89791.25,89791.25,2025-12-01 00:00:00,TP,560.25,VBO_DN
VBO_ALL,2025-12-01 00:30:00,SELL,88388.0,88782.22,87559.0,87559.0,2025-12-01 00:45:00,TP,799.0,VBO_DN
VBO_ALL,2025-12-01 12:15:00,SELL,85876.0,86154.34,85300.75,85300.75,2025-12-01 12:45:00,TP,545.25,VBO_DN
VBO_ALL,2025-12-01 15:45:00,SELL,83949.5,84488.73,82815.31,84488.73,2025-12-01 15:45:00,SL,-569.23,VBO_DN
VBO_ALL,2025-12-02 11:00:00,BUY,87285.5,86982.73,87922.44,87922.44,2025-12-02 14:00:00,TP,606.94,VBO_UP
VBO_ALL,2025-12-02 14:30:00,BUY,88708.0,88317.08,89502.38,89502.38,2025-12-02 15:00:00,TP,764.38,VBO_UP
VBO_ALL,2025-12-02 17:30:00,BUY,91813.0,91094.89,93290.56,91094.89,2025-12-02 20:15:00,SL,-748.11,VBO_UP
VBO_ALL,2025-12-03 02:00:00,BUY,92287.0,91918.45,93107.22,93107.22,2025-12-03 03:00:00,TP,790.23,VBO_UP
VBO_ALL,2025-12-03 14:15:00,SELL,92074.5,92444.55,91298.94,92444.55,2025-12-03 14:15:00,SL,-400.05,VBO_DN
VBO_ALL,2025-12-03 14:45:00,BUY,93532.0,93060.19,94519.56,93060.19,2025-12-03 14:45:00,SL,-501.81,VBO_UP
VBO_ALL,2025-12-03 23:00:00,BUY,93834.0,93389.26,94754.38,93389.26,2025-12-04 00:00:00,SL,-474.74,VBO_UP
VBO_ALL,2025-12-04 13:15:00,SELL,92580.0,92878.23,91954.06,92878.23,2025-12-04 13:15:00,SL,-328.23,VBO_DN
VBO_ALL,2025-12-04 15:00:00,SELL,91914.5,92290.29,91167.06,92290.29,2025-12-04 15:00:00,SL,-405.79,VBO_DN
VBO_ALL,2025-12-04 19:15:00,SELL,91345.0,91959.73,90018.06,91959.73,2025-12-04 19:30:00,SL,-644.73,VBO_DN
VBO_ALL,2025-12-05 09:30:00,SELL,91370.5,91655.6,90802.75,90802.75,2025-12-05 13:15:00,TP,537.75,VBO_DN
VBO_ALL,2025-12-05 13:45:00,SELL,90466.0,90831.88,89685.25,90831.88,2025-12-05 15:00:00,SL,-395.88,VBO_DN
VBO_ALL,2025-12-05 16:15:00,SELL,89386.0,89975.11,88181.81,88181.81,2025-12-05 16:30:00,TP,1174.19,VBO_DN
VBO_ALL,2025-12-07 22:45:00,BUY,90099.5,89615.27,91112.94,89615.27,2025-12-07 22:45:00,SL,-514.23,VBO_UP
VBO_ALL,2025-12-08 01:30:00,BUY,91174.0,90674.01,92203.31,91681.5,2025-12-08 07:30:00,TIME,477.5,VBO_UP
VBO_ALL,2025-12-08 09:15:00,BUY,92097.0,91817.84,92680.12,91817.84,2025-12-08 12:00:00,SL,-309.16,VBO_UP
VBO_ALL,2025-12-08 15:15:00,SELL,90249.5,90648.05,89386.81,90648.05,2025-12-08 20:15:00,SL,-428.55,VBO_DN
VBO_ALL,2025-12-09 15:45:00,BUY,92072.0,91640.41,92986.56,92986.56,2025-12-09 16:00:00,TP,884.56,VBO_UP
VBO_ALL,2025-12-09 16:45:00,BUY,94281.0,93698.67,95503.44,93698.67,2025-12-09 17:15:00,SL,-612.33,VBO_UP
VBO_ALL,2025-12-10 10:00:00,BUY,92939.0,92743.66,93361.38,92743.66,2025-12-10 10:15:00,SL,-225.34,VBO_UP
VBO_ALL,2025-12-10 10:45:00,SELL,92252.0,92491.68,91718.75,91718.75,2025-12-10 14:45:00,TP,503.25,VBO_DN
VBO_ALL,2025-12-10 20:15:00,BUY,94325.0,93659.79,95704.69,93659.79,2025-12-10 20:15:00,SL,-695.21,VBO_UP
VBO_ALL,2025-12-11 03:15:00,SELL,89673.0,90124.2,88728.38,90124.2,2025-12-11 04:15:00,SL,-481.2,VBO_DN
VBO_ALL,2025-12-11 15:00:00,SELL,89552.5,89846.43,88941.69,89846.43,2025-12-11 15:00:00,SL,-323.93,VBO_DN
VBO_ALL,2025-12-11 18:45:00,BUY,91176.5,90548.55,92409.19,90548.55,2025-12-11 18:45:00,SL,-657.95,VBO_UP
VBO_ALL,2025-12-11 21:15:00,BUY,92513.5,91869.14,93771.12,91869.14,2025-12-12 00:45:00,SL,-674.36,VBO_UP
VBO_ALL,2025-12-12 15:30:00,SELL,90846.5,91187.14,90143.0,90143.0,2025-12-12 15:45:00,TP,673.5,VBO_DN
VBO_ALL,2025-12-12 16:45:00,SELL,89658.0,90170.01,88563.56,90170.01,2025-12-12 16:45:00,SL,-542.01,VBO_DN
VBO_ALL,2025-12-15 14:45:00,SELL,89273.0,89555.62,88690.38,88690.38,2025-12-15 14:45:00,TP,552.62,VBO_DN
VBO_ALL,2025-12-15 15:15:00,SELL,87468.0,87872.97,86642.81,86642.81,2025-12-15 15:30:00,TP,795.19,VBO_DN
VBO_ALL,2025-12-15 16:45:00,SELL,86310.5,86871.94,85147.0,86246.0,2025-12-15 22:45:00,TIME,34.5,VBO_DN
VBO_ALL,2025-12-16 10:45:00,BUY,87131.5,86804.41,87789.81,86804.41,2025-12-16 11:00:00,SL,-357.09,VBO_UP
VBO_ALL,2025-12-16 16:00:00,BUY,87971.5,87416.62,89109.0,87416.62,2025-12-16 16:30:00,SL,-584.88,VBO_UP
VBO_ALL,2025-12-17 02:15:00,SELL,87265.5,87527.4,86747.62,87527.4,2025-12-17 02:45:00,SL,-291.9,VBO_DN
VBO_ALL,2025-12-17 04:30:00,SELL,87058.0,87303.62,86493.88,86493.88,2025-12-17 05:00:00,TP,534.12,VBO_DN
VBO_ALL,2025-12-17 05:30:00,SELL,86404.0,86690.24,85801.5,86690.24,2025-12-17 05:45:00,SL,-316.24,VBO_DN
VBO_ALL,2025-12-17 14:00:00,BUY,87607.5,87258.52,88305.25,87258.52,2025-12-17 14:45:00,SL,-378.98,VBO_UP
VBO_ALL,2025-12-17 15:15:00,BUY,90186.5,89657.4,91324.25,89657.4,2025-12-17 15:15:00,SL,-559.1,VBO_UP
VBO_ALL,2025-12-18 02:15:00,BUY,86473.5,86172.16,87109.0,86920.0,2025-12-18 08:15:00,TIME,416.5,VBO_UP
VBO_ALL,2025-12-18 09:45:00,BUY,87352.5,87112.16,87864.0,87112.16,2025-12-18 11:00:00,SL,-270.34,VBO_UP
VBO_ALL,2025-12-18 13:15:00,BUY,87876.5,87599.92,88468.12,87599.92,2025-12-18 13:15:00,SL,-306.58,VBO_UP
VBO_ALL,2025-12-18 13:45:00,BUY,88738.0,88377.94,89451.12,88377.94,2025-12-18 14:00:00,SL,-390.06,VBO_UP
VBO_ALL,2025-12-18 17:15:00,SELL,86321.0,87177.65,84545.56,84545.56,2025-12-18 19:45:00,TP,1745.44,VBO_DN
VBO_ALL,2025-12-19 03:15:00,BUY,86339.5,85976.85,87031.81,85976.85,2025-12-19 03:15:00,SL,-392.65,VBO_UP
VBO_ALL,2025-12-19 07:15:00,BUY,88106.0,87572.85,89210.56,87995.0,2025-12-19 13:15:00,TIME,-141.0,VBO_UP
VBO_ALL,2025-12-19 14:45:00,BUY,88506.0,88121.55,89228.31,88121.55,2025-12-19 14:45:00,SL,-414.45,VBO_UP
VBO_ALL,2025-12-19 15:15:00,BUY,88718.0,88270.61,89585.31,88270.61,2025-12-19 15:15:00,SL,-477.39,VBO_UP
VBO_ALL,2025-12-22 00:15:00,BUY,89486.5,89076.0,90334.0,89076.0,2025-12-22 00:15:00,SL,-440.5,VBO_UP
VBO_ALL,2025-12-22 08:30:00,BUY,89812.0,89549.0,90335.25,89549.0,2025-12-22 08:30:00,SL,-293.0,VBO_UP
VBO_ALL,2025-12-23 03:15:00,SELL,88078.5,88366.18,87473.0,87473.0,2025-12-23 06:00:00,TP,575.5,VBO_DN
VBO_ALL,2025-12-23 06:30:00,SELL,87163.0,87478.35,86479.81,87478.35,2025-12-23 07:00:00,SL,-345.35,VBO_DN
VBO_ALL,2025-12-23 11:30:00,BUY,87704.0,87487.94,88144.88,87487.94,2025-12-23 13:30:00,SL,-246.06,VBO_UP
VBO_ALL,2025-12-23 15:00:00,SELL,86840.5,87135.38,86224.62,87135.38,2025-12-23 15:15:00,SL,-324.88,VBO_DN
VBO_ALL,2025-12-24 02:45:00,SELL,87073.5,87352.3,86431.0,87352.3,2025-12-24 03:45:00,SL,-308.8,VBO_DN
VBO_ALL,2025-12-24 05:45:00,SELL,86788.5,87048.88,86230.62,87048.88,2025-12-24 07:30:00,SL,-290.38,VBO_DN
VBO_ALL,2025-12-24 16:45:00,BUY,87464.5,87109.53,88205.56,87596.5,2025-12-25 22:45:00,TIME,102.0,VBO_UP
VBO_ALL,2025-12-25 23:45:00,SELL,87005.0,87210.46,86578.5,87210.46,2025-12-25 23:45:00,SL,-235.46,VBO_DN
VBO_ALL,2025-12-26 02:15:00,BUY,88139.5,87819.45,88793.94,88793.94,2025-12-26 02:15:00,TP,624.44,VBO_UP
VBO_ALL,2025-12-26 08:00:00,SELL,88408.0,88703.36,87781.88,88703.36,2025-12-26 08:00:00,SL,-325.36,VBO_DN
VBO_ALL,2025-12-26 14:45:00,SELL,88348.5,88564.72,87896.5,87896.5,2025-12-26 14:45:00,TP,422.0,VBO_DN
VBO_ALL,2025-12-26 15:15:00,SELL,86690.0,86999.39,86068.56,86999.39,2025-12-26 15:15:00,SL,-339.39,VBO_DN
VBO_ALL,2025-12-28 23:00:00,BUY,87832.5,87641.73,88236.11,87641.73,2025-12-28 23:00:00,SL,-220.77,VBO_UP
VBO_ALL,2025-12-29 00:45:00,BUY,88122.0,87894.51,88565.11,87894.51,2025-12-29 01:15:00,SL,-257.49,VBO_UP
VBO_ALL,2025-12-29 02:15:00,BUY,89181.0,88880.51,89800.86,88880.51,2025-12-29 02:15:00,SL,-330.49,VBO_UP
VBO_ALL,2025-12-29 03:45:00,BUY,89899.5,89516.61,90692.56,89516.61,2025-12-29 07:00:00,SL,-412.89,VBO_UP
VBO_ALL,2025-12-29 09:45:00,SELL,88146.5,88433.96,87552.25,87552.25,2025-12-29 10:45:00,TP,564.25,VBO_DN
VBO_ALL,2025-12-29 12:15:00,SELL,86870.0,87196.89,86155.06,87196.89,2025-12-29 12:15:00,SL,-356.89,VBO_DN
VBO_ALL,2025-12-30 08:15:00,BUY,87809.0,87566.06,88204.12,87566.06,2025-12-30 09:15:00,SL,-272.94,VBO_UP
VBO_ALL,2025-12-30 15:00:00,BUY,88770.0,88483.92,89379.88,88483.92,2025-12-30 15:00:00,SL,-316.08,VBO_UP
VBO_ALL,2025-12-31 14:15:00,BUY,89039.5,88858.19,89406.44,88858.19,2025-12-31 14:15:00,SL,-211.31,VBO_UP
VBO_ALL,2025-12-31 15:00:00,SELL,88369.5,88600.48,87914.5,87914.5,2025-12-31 15:00:00,TP,425.0,VBO_DN
VBO_ALL,2025-12-31 16:45:00,SELL,87338.5,87648.42,86699.0,87648.42,2025-12-31 18:00:00,SL,-339.92,VBO_DN
VBO_ALL,2026-01-02 03:15:00,BUY,88865.0,88631.55,89368.31,88631.55,2026-01-02 04:15:00,SL,-263.45,VBO_UP
VBO_ALL,2026-01-02 10:00:00,BUY,89372.5,89176.38,89782.62,89782.62,2026-01-02 10:15:00,TP,380.12,VBO_UP
VBO_ALL,2026-01-02 14:30:00,SELL,88806.0,89066.39,88269.69,89066.39,2026-01-02 14:30:00,SL,-290.39,VBO_DN
VBO_ALL,2026-01-05 00:15:00,BUY,91867.0,91484.56,92617.5,92617.5,2026-01-05 01:00:00,TP,720.5,VBO_UP
VBO_ALL,2026-01-05 01:45:00,BUY,93185.5,92738.78,94105.38,92738.78,2026-01-05 02:15:00,SL,-476.72,VBO_UP
VBO_ALL,2026-01-05 10:15:00,BUY,92884.0,92644.04,93331.5,92644.04,2026-01-05 13:30:00,SL,-269.96,VBO_UP
VBO_ALL,2026-01-05 14:45:00,BUY,93245.5,92960.96,93901.5,92960.96,2026-01-05 14:45:00,SL,-314.54,VBO_UP
VBO_ALL,2026-01-05 15:45:00,BUY,93855.0,93454.92,94670.0,93454.92,2026-01-05 17:15:00,SL,-430.08,VBO_UP
VBO_ALL,2026-01-05 18:00:00,BUY,94321.5,93836.32,95279.88,93836.32,2026-01-05 21:30:00,SL,-515.18,VBO_UP
VBO_ALL,2026-01-06 07:30:00,SELL,93410.5,93596.76,92945.38,93596.76,2026-01-06 10:00:00,SL,-216.26,VBO_DN
VBO_ALL,2026-01-06 14:15:00,BUY,94108.0,93902.3,94507.25,93902.3,2026-01-06 14:45:00,SL,-235.7,VBO_UP
VBO_ALL,2026-01-06 15:45:00,SELL,93471.0,93800.76,92802.5,92802.5,2026-01-06 16:15:00,TP,638.5,VBO_DN
VBO_ALL,2026-01-06 16:45:00,SELL,92509.0,92904.37,91629.81,91629.81,2026-01-06 17:45:00,TP,849.19,VBO_DN
VBO_ALL,2026-01-06 21:30:00,BUY,93494.0,93011.5,94519.25,93011.5,2026-01-06 22:15:00,SL,-512.5,VBO_UP
VBO_ALL,2026-01-07 09:15:00,SELL,92235.5,92440.06,91810.88,91810.88,2026-01-07 09:30:00,TP,394.62,VBO_DN
VBO_ALL,2026-01-07 15:30:00,SELL,91195.0,91539.81,90478.19,91539.81,2026-01-07 16:00:00,SL,-374.81,VBO_DN
VBO_ALL,2026-01-08 06:15:00,SELL,90408.0,90695.99,89791.06,89791.06,2026-01-08 06:45:00,TP,586.94,VBO_DN
VBO_ALL,2026-01-08 14:30:00,SELL,89533.0,89838.41,88909.06,89838.41,2026-01-08 14:45:00,SL,-335.41,VBO_DN
VBO_ALL,2026-01-08 16:00:00,BUY,90702.5,90316.81,91595.44,90316.81,2026-01-08 16:30:00,SL,-415.69,VBO_UP
VBO_ALL,2026-01-09 08:00:00,SELL,90663.0,90850.97,90240.56,90240.56,2026-01-09 08:30:00,TP,392.44,VBO_DN
VBO_ALL,2026-01-09 09:00:00,SELL,89923.0,90157.53,89422.06,90157.53,2026-01-09 09:15:00,SL,-264.53,VBO_DN
VBO_ALL,2026-01-09 14:45:00,SELL,90024.5,90299.83,89457.06,90299.83,2026-01-09 15:15:00,SL,-305.33,VBO_DN
VBO_ALL,2026-01-12 01:00:00,BUY,91143.5,90803.25,91827.69,91827.69,2026-01-12 02:15:00,TP,654.19,VBO_UP
VBO_ALL,2026-01-12 07:45:00,SELL,91451.5,91730.51,90859.44,90859.44,2026-01-12 08:30:00,TP,562.06,VBO_DN
VBO_ALL,2026-01-12 14:30:00,SELL,90159.0,90409.39,89677.44,90409.39,2026-01-12 14:30:00,SL,-280.39,VBO_DN
VBO_ALL,2026-01-12 15:30:00,BUY,91228.0,90906.27,91899.81,91899.81,2026-01-12 16:15:00,TP,641.81,VBO_UP
VBO_ALL,2026-01-13 05:30:00,BUY,91983.0,91732.95,92508.56,91732.95,2026-01-13 06:00:00,SL,-280.05,VBO_UP
VBO_ALL,2026-01-13 09:30:00,BUY,92465.0,92197.38,93030.25,92197.38,2026-01-13 09:30:00,SL,-297.62,VBO_UP
VBO_ALL,2026-01-13 14:45:00,BUY,92633.0,92361.38,93226.62,92361.38,2026-01-13 14:45:00,SL,-301.62,VBO_UP
VBO_ALL,2026-01-13 15:45:00,BUY,92889.5,92533.8,93642.88,93642.88,2026-01-13 16:00:00,TP,723.38,VBO_UP
VBO_ALL,2026-01-13 22:15:00,BUY,95621.5,95179.25,96569.06,95179.25,2026-01-13 22:15:00,SL,-472.25,VBO_UP
VBO_ALL,2026-01-14 14:15:00,BUY,95472.0,95219.79,96011.31,96011.31,2026-01-14 14:30:00,TP,509.31,VBO_UP
VBO_ALL,2026-01-14 15:00:00,BUY,96486.0,96139.05,97227.31,97227.31,2026-01-14 16:00:00,TP,711.31,VBO_UP
VBO_ALL,2026-01-15 03:30:00,SELL,95896.0,96268.18,95143.75,96268.18,2026-01-15 04:15:00,SL,-402.18,VBO_DN
VBO_ALL,2026-01-15 09:45:00,BUY,97081.0,96821.82,97608.62,96821.82,2026-01-15 10:15:00,SL,-289.18,VBO_UP
VBO_ALL,2026-01-15 14:45:00,SELL,95801.0,96116.05,95164.69,96116.05,2026-01-15 14:45:00,SL,-345.05,VBO_DN
VBO_ALL,2026-01-16 04:45:00,SELL,95211.5,95420.9,94770.62,95420.9,2026-01-16 05:00:00,SL,-239.4,VBO_DN
VBO_ALL,2026-01-16 14:45:00,SELL,95187.0,95403.97,94747.31,95403.97,2026-01-16 14:45:00,SL,-246.97,VBO_DN
VBO_ALL,2026-01-16 15:30:00,SELL,94671.5,94970.31,94042.81,94970.31,2026-01-16 16:45:00,SL,-328.81,VBO_DN
VBO_ALL,2026-01-16 21:00:00,BUY,95526.5,95232.32,96167.12,95232.32,2026-01-18 23:00:00,SL,-324.18,VBO_UP
VBO_ALL,2026-01-18 23:30:00,SELL,94586.0,94861.3,94046.38,94046.38,2026-01-18 23:45:00,TP,509.62,VBO_DN
VBO_ALL,2026-01-19 00:15:00,SELL,92385.0,92820.63,91532.94,92820.63,2026-01-19 00:30:00,SL,-465.63,VBO_DN
VBO_ALL,2026-01-19 08:30:00,BUY,92909.0,92721.19,93371.19,92721.19,2026-01-19 14:30:00,SL,-217.81,VBO_UP
VBO_ALL,2026-01-19 22:15:00,SELL,92791.5,92978.04,92435.25,92978.04,2026-01-19 22:15:00,SL,-216.54,VBO_DN
VBO_ALL,2026-01-19 23:00:00,SELL,92510.0,92706.84,92098.38,92706.84,2026-01-19 23:00:00,SL,-226.84,VBO_DN
VBO_ALL,2026-01-20 05:15:00,SELL,91337.0,91633.42,90721.0,91633.42,2026-01-20 05:15:00,SL,-326.42,VBO_DN
VBO_ALL,2026-01-20 06:30:00,SELL,91191.0,91512.83,90512.81,91099.0,2026-01-20 12:30:00,TIME,62.0,VBO_DN
VBO_ALL,2026-01-20 15:00:00,SELL,90431.0,90754.54,89804.75,89804.75,2026-01-20 15:00:00,TP,596.25,VBO_DN
VBO_ALL,2026-01-20 22:45:00,SELL,88481.5,88889.17,87618.31,88889.17,2026-01-21 01:00:00,SL,-437.67,VBO_DN
VBO_ALL,2026-01-21 05:45:00,BUY,89822.0,89575.72,90327.38,89575.72,2026-01-21 06:30:00,SL,-276.28,VBO_UP
VBO_ALL,2026-01-21 12:00:00,SELL,88701.0,88970.2,88124.75,88124.75,2026-01-21 12:00:00,TP,546.25,VBO_DN
VBO_ALL,2026-01-21 14:15:00,BUY,89497.0,89114.57,90278.31,90278.31,2026-01-21 15:00:00,TP,751.31,VBO_UP
VBO_ALL,2026-01-21 16:45:00,SELL,88073.0,88718.9,86741.25,88718.9,2026-01-21 19:15:00,SL,-675.9,VBO_DN
VBO_ALL,2026-01-22 13:45:00,SELL,89541.0,89738.78,89098.12,89098.12,2026-01-22 14:30:00,TP,412.88,VBO_DN
VBO_ALL,2026-01-22 15:00:00,SELL,89013.0,89301.47,88461.36,88461.36,2026-01-22 15:30:00,TP,521.64,VBO_DN
VBO_ALL,2026-01-23 06:30:00,SELL,89383.0,89597.13,88915.31,88915.31,2026-01-23 09:30:00,TP,437.69,VBO_DN
VBO_ALL,2026-01-23 14:30:00,BUY,89576.0,89386.18,90019.25,89386.18,2026-01-23 14:30:00,SL,-219.82,VBO_UP
VBO_ALL,2026-01-23 16:00:00,BUY,89652.0,89300.91,90415.81,90415.81,2026-01-23 16:45:00,TP,733.81,VBO_UP
VBO_ALL,2026-01-23 17:30:00,BUY,90911.5,90412.72,91941.38,90412.72,2026-01-23 18:00:00,SL,-528.78,VBO_UP
VBO_ALL,2026-01-26 08:30:00,BUY,88107.5,87815.25,88724.06,87815.25,2026-01-26 09:00:00,SL,-322.25,VBO_UP
VBO_ALL,2026-01-26 14:45:00,BUY,88069.0,87822.47,88604.19,87822.47,2026-01-26 14:45:00,SL,-276.53,VBO_UP
VBO_ALL,2026-01-26 15:15:00,BUY,88623.5,88354.07,89263.44,88354.07,2026-01-26 15:15:00,SL,-299.43,VBO_UP
VBO_ALL,2026-01-27 14:15:00,BUY,88183.0,87995.89,88582.06,87995.89,2026-01-27 14:30:00,SL,-217.11,VBO_UP
VBO_ALL,2026-01-27 17:45:00,SELL,87255.0,87712.71,86306.06,87712.71,2026-01-27 18:00:00,SL,-487.71,VBO_DN
VBO_ALL,2026-01-28 10:00:00,BUY,89456.5,89240.48,89942.0,89240.48,2026-01-28 10:15:00,SL,-246.02,VBO_UP
VBO_ALL,2026-01-28 12:00:00,BUY,89979.0,89717.61,90528.19,89717.61,2026-01-28 12:15:00,SL,-291.39,VBO_UP
VBO_ALL,2026-01-28 15:15:00,SELL,88968.5,89360.4,88219.88,89360.4,2026-01-28 15:30:00,SL,-421.9,VBO_DN
VBO_ALL,2026-01-29 01:30:00,SELL,88682.5,88980.88,88070.12,88070.12,2026-01-29 02:30:00,TP,582.38,VBO_DN
VBO_ALL,2026-01-29 03:00:00,SELL,87765.5,88070.46,87151.75,88070.46,2026-01-29 03:00:00,SL,-334.96,VBO_DN
VBO_ALL,2026-01-29 08:30:00,BUY,88323.0,88104.41,88784.56,88104.41,2026-01-29 08:30:00,SL,-248.59,VBO_UP
VBO_ALL,2026-01-29 14:45:00,SELL,87535.0,87738.5,87109.5,87109.5,2026-01-29 14:45:00,TP,395.5,VBO_DN
VBO_ALL,2026-01-29 15:15:00,SELL,85213.5,85518.68,84468.25,85518.68,2026-01-29 15:15:00,SL,-335.18,VBO_DN
VBO_ALL,2026-01-29 15:45:00,SELL,84449.5,84915.5,83560.38,84915.5,2026-01-29 15:45:00,SL,-496.0,VBO_DN
VBO_ALL,2026-01-29 18:00:00,SELL,84134.0,84798.22,82737.88,84396.0,2026-01-30 00:00:00,TIME,-292.0,VBO_DN
VBO_ALL,2026-01-30 01:30:00,SELL,83621.5,83916.19,83016.81,83016.81,2026-01-30 01:30:00,TP,574.69,VBO_DN
VBO_ALL,2026-01-30 12:00:00,BUY,83008.5,82636.3,83777.75,82636.3,2026-01-30 12:15:00,SL,-402.2,VBO_UP
VBO_ALL,2026-01-30 14:45:00,BUY,83514.5,83129.34,84380.12,83129.34,2026-01-30 14:45:00,SL,-415.16,VBO_UP
VBO_ALL,2026-01-30 19:00:00,BUY,83808.0,83016.34,85446.5,83016.34,2026-02-01 22:00:00,SL,-821.66,VBO_UP
VBO_ALL,2026-02-01 23:15:00,SELL,76576.0,77762.79,74146.69,77762.79,2026-02-02 00:15:00,SL,-1216.79,VBO_DN
VBO_ALL,2026-02-02 14:45:00,BUY,78466.0,78011.59,79352.56,78011.59,2026-02-02 14:45:00,SL,-484.41,VBO_UP
VBO_ALL,2026-02-02 15:45:00,BUY,78988.5,78420.34,80184.5,78420.34,2026-02-02 18:15:00,SL,-598.16,VBO_UP
VBO_ALL,2026-02-03 03:00:00,SELL,77734.5,78101.83,76958.44,78101.83,2026-02-03 03:15:00,SL,-397.33,VBO_DN
VBO_ALL,2026-02-03 14:45:00,SELL,77806.5,78148.86,77148.75,77148.75,2026-02-03 14:45:00,TP,627.75,VBO_DN
VBO_ALL,2026-02-03 15:15:00,SELL,77113.5,77500.97,76284.69,77500.97,2026-02-03 15:15:00,SL,-417.47,VBO_DN
VBO_ALL,2026-02-03 16:30:00,SELL,76614.5,77192.39,75429.06,75429.06,2026-02-03 17:30:00,TP,1155.44,VBO_DN
VBO_ALL,2026-02-04 11:15:00,SELL,75710.5,76026.74,75045.5,76026.74,2026-02-04 11:30:00,SL,-346.24,VBO_DN
VBO_ALL,2026-02-04 13:45:00,SELL,75235.5,75572.37,74542.94,75572.37,2026-02-04 14:30:00,SL,-366.87,VBO_DN
VBO_ALL,2026-02-04 15:00:00,SELL,74207.0,74719.27,73196.81,74719.27,2026-02-04 15:00:00,SL,-542.27,VBO_DN
VBO_ALL,2026-02-04 16:45:00,SELL,72979.5,73745.41,71414.69,73745.41,2026-02-04 16:45:00,SL,-795.91,VBO_DN
VBO_ALL,2026-02-04 17:30:00,SELL,72365.5,73256.36,70466.38,73256.36,2026-02-04 18:15:00,SL,-920.86,VBO_DN
VBO_ALL,2026-02-05 03:00:00,SELL,71301.5,72123.19,69623.56,71692.5,2026-02-05 09:00:00,TIME,-421.0,VBO_DN
VBO_ALL,2026-02-05 11:30:00,SELL,69957.0,70549.05,68732.81,70549.05,2026-02-05 11:30:00,SL,-622.05,VBO_DN
VBO_ALL,2026-02-05 12:30:00,SELL,69516.5,70135.76,68217.12,70135.76,2026-02-05 14:00:00,SL,-649.26,VBO_DN
VBO_ALL,2026-02-05 15:15:00,SELL,67905.0,68683.38,66177.0,66177.0,2026-02-05 17:45:00,TP,1698.0,VBO_DN
VBO_ALL,2026-02-05 20:30:00,SELL,63689.5,64882.81,61388.44,61388.44,2026-02-06 00:00:00,TP,2271.06,VBO_DN
VBO_ALL,2026-02-06 13:15:00,BUY,66975.5,66500.61,68004.94,68004.94,2026-02-06 14:30:00,TP,999.44,VBO_UP
VBO_ALL,2026-02-06 16:15:00,BUY,69258.0,68527.76,70776.25,70776.25,2026-02-06 17:15:00,TP,1488.25,VBO_UP
VBO_ALL,2026-02-08 23:15:00,BUY,71317.0,70655.52,72655.0,70655.52,2026-02-08 23:15:00,SL,-691.48,VBO_UP
VBO_ALL,2026-02-09 08:30:00,SELL,70032.5,70410.07,69252.06,69252.06,2026-02-09 10:15:00,TP,750.44,VBO_DN
VBO_ALL,2026-02-09 10:45:00,SELL,68562.5,69015.06,67641.25,69015.06,2026-02-09 12:00:00,SL,-482.56,VBO_DN
VBO_ALL,2026-02-09 17:45:00,BUY,70789.5,70109.24,72222.12,70109.24,2026-02-09 18:15:00,SL,-710.26,VBO_UP
VBO_ALL,2026-02-10 03:30:00,SELL,69517.5,69851.68,68833.62,69851.68,2026-02-10 04:45:00,SL,-364.18,VBO_DN
VBO_ALL,2026-02-10 11:45:00,SELL,68614.5,68922.15,68001.31,68922.15,2026-02-10 13:30:00,SL,-337.65,VBO_DN
VBO_ALL,2026-02-10 14:45:00,SELL,68186.0,68613.15,67340.81,68613.15,2026-02-10 15:00:00,SL,-457.15,VBO_DN
VBO_ALL,2026-02-10 16:15:00,BUY,69673.5,69073.08,70808.75,69073.08,2026-02-10 18:15:00,SL,-630.42,VBO_UP
VBO_ALL,2026-02-11 03:30:00,SELL,68252.5,68549.63,67645.81,67645.81,2026-02-11 04:15:00,TP,576.69,VBO_DN
VBO_ALL,2026-02-11 06:15:00,SELL,66851.5,67225.12,66045.38,67225.12,2026-02-11 07:45:00,SL,-403.62,VBO_DN
VBO_ALL,2026-02-11 14:15:00,BUY,68434.5,67999.54,69362.25,67999.54,2026-02-11 14:15:00,SL,-464.96,VBO_UP
VBO_ALL,2026-02-11 15:15:00,SELL,66078.5,66672.48,64728.5,66672.48,2026-02-11 15:30:00,SL,-623.98,VBO_DN
VBO_ALL,2026-02-12 05:15:00,SELL,66770.5,67085.73,66082.94,67085.73,2026-02-12 05:30:00,SL,-345.23,VBO_DN
VBO_ALL,2026-02-12 10:00:00,BUY,67515.5,67215.65,68149.44,68149.44,2026-02-12 11:15:00,TP,603.94,VBO_UP
VBO_ALL,2026-02-12 14:00:00,BUY,68359.5,68029.07,69054.06,68029.07,2026-02-12 14:00:00,SL,-360.43,VBO_UP
VBO_ALL,2026-02-12 16:15:00,SELL,66523.5,67050.93,65461.69,65461.69,2026-02-12 17:45:00,TP,1031.81,VBO_DN
VBO_ALL,2026-02-13 13:30:00,BUY,67292.5,67044.72,67851.88,67044.72,2026-02-13 14:30:00,SL,-277.78,VBO_UP
VBO_ALL,2026-02-13 15:00:00,BUY,67723.0,67351.87,68417.56,68417.56,2026-02-13 15:00:00,TP,664.56,VBO_UP
VBO_ALL,2026-02-13 15:30:00,BUY,68873.5,68463.35,69768.06,68463.35,2026-02-13 15:45:00,SL,-440.15,VBO_UP
VBO_ALL,2026-02-15 23:15:00,SELL,68465.5,68749.9,67863.75,68749.9,2026-02-15 23:30:00,SL,-314.4,VBO_DN
VBO_ALL,2026-02-16 12:30:00,BUY,69482.5,69214.5,70056.25,70056.25,2026-02-16 13:00:00,TP,543.75,VBO_UP
VBO_ALL,2026-02-16 15:45:00,SELL,67426.5,67939.33,66351.94,67939.33,2026-02-16 16:45:00,SL,-542.83,VBO_DN
VBO_ALL,2026-02-16 21:00:00,BUY,68495.0,68223.51,69059.06,69059.06,2026-02-17 02:00:00,TP,534.06,VBO_UP
VBO_ALL,2026-02-17 05:30:00,SELL,68035.0,68327.18,67420.12,68327.18,2026-02-17 06:00:00,SL,-322.18,VBO_DN
VBO_ALL,2026-02-17 10:30:00,SELL,67872.5,68088.51,67416.31,68088.51,2026-02-17 12:00:00,SL,-246.01,VBO_DN
VBO_ALL,2026-02-17 14:45:00,SELL,67077.5,67434.94,66343.62,67434.94,2026-02-17 16:00:00,SL,-387.44,VBO_DN
VBO_ALL,2026-02-18 01:15:00,SELL,67078.5,67305.16,66575.45,67305.16,2026-02-18 02:00:00,SL,-256.66,VBO_DN
VBO_ALL,2026-02-18 07:45:00,BUY,68041.5,67842.92,68470.62,67842.92,2026-02-18 10:30:00,SL,-228.58,VBO_UP
VBO_ALL,2026-02-18 11:15:00,SELL,67361.5,67619.28,66849.12,67619.28,2026-02-18 12:00:00,SL,-287.78,VBO_DN
VBO_ALL,2026-02-18 15:45:00,BUY,68096.5,67705.21,68874.69,67705.21,2026-02-18 15:45:00,SL,-421.29,VBO_UP
VBO_ALL,2026-02-18 18:45:00,SELL,66309.5,66763.74,65357.0,66413.0,2026-02-19 00:45:00,TIME,-133.5,VBO_DN
VBO_ALL,2026-02-19 01:15:00,BUY,66670.5,66441.94,67159.0,67159.0,2026-02-19 06:15:00,TP,458.5,VBO_UP
VBO_ALL,2026-02-19 13:45:00,SELL,65933.5,66201.59,65442.81,66201.59,2026-02-19 14:30:00,SL,-298.09,VBO_DN
VBO_ALL,2026-02-20 00:30:00,BUY,67370.0,67148.42,67833.18,67148.42,2026-02-20 01:15:00,SL,-251.58,VBO_UP
VBO_ALL,2026-02-20 05:45:00,BUY,67896.5,67697.87,68314.94,67697.87,2026-02-20 06:00:00,SL,-228.63,VBO_UP
VBO_ALL,2026-02-20 09:15:00,BUY,68129.0,67898.13,68594.56,67898.13,2026-02-20 10:45:00,SL,-260.87,VBO_UP
VBO_ALL,2026-02-20 11:45:00,SELL,67445.5,67663.5,67016.0,67016.0,2026-02-20 13:15:00,TP,399.5,VBO_DN
VBO_ALL,2026-02-20 13:45:00,SELL,66617.5,66920.75,65979.56,66920.75,2026-02-20 13:45:00,SL,-333.25,VBO_DN
VBO_ALL,2026-02-23 00:45:00,SELL,67167.5,67389.55,66706.44,66706.44,2026-02-23 00:45:00,TP,431.06,VBO_DN
VBO_ALL,2026-02-23 01:15:00,SELL,65453.0,65763.1,64790.0,64790.0,2026-02-23 01:45:00,TP,633.0,VBO_DN
VBO_ALL,2026-02-23 09:45:00,BUY,66300.5,66004.58,66870.75,66004.58,2026-02-23 12:30:00,SL,-325.92,VBO_UP
VBO_ALL,2026-02-23 16:15:00,SELL,65215.0,65580.18,64423.38,65580.18,2026-02-23 16:15:00,SL,-395.18,VBO_DN
VBO_ALL,2026-02-23 17:30:00,SELL,64560.5,65015.17,63628.69,65015.17,2026-02-23 18:30:00,SL,-484.67,VBO_DN
VBO_ALL,2026-02-24 04:15:00,SELL,62997.5,63426.89,62107.56,63426.89,2026-02-24 05:00:00,SL,-459.39,VBO_DN
VBO_ALL,2026-02-24 05:30:00,SELL,62803.0,63298.47,61781.56,63298.47,2026-02-24 06:15:00,SL,-525.47,VBO_DN
VBO_ALL,2026-02-24 15:30:00,BUY,63936.0,63629.01,64603.31,64603.31,2026-02-24 19:00:00,TP,637.31,VBO_UP
VBO_ALL,2026-02-25 01:15:00,BUY,65604.0,65281.45,66297.56,66297.56,2026-02-25 01:15:00,TP,663.56,VBO_UP
VBO_ALL,2026-02-25 12:30:00,BUY,65774.5,65537.53,66263.56,66263.56,2026-02-25 13:00:00,TP,459.06,VBO_UP
VBO_ALL,2026-02-25 15:00:00,BUY,66993.5,66660.51,67708.81,67708.81,2026-02-25 16:00:00,TP,685.31,VBO_UP
VBO_ALL,2026-02-25 17:15:00,BUY,68548.5,68075.38,69546.5,69546.5,2026-02-25 18:30:00,TP,968.0,VBO_UP
VBO_ALL,2026-02-25 23:45:00,SELL,67714.5,68216.21,66661.56,68216.21,2026-02-26 00:15:00,SL,-531.71,VBO_DN
VBO_ALL,2026-02-26 14:00:00,SELL,67896.0,68181.18,67325.0,68181.18,2026-02-26 14:30:00,SL,-315.18,VBO_DN
VBO_ALL,2026-02-26 15:30:00,SELL,66980.5,67342.54,66267.88,67342.54,2026-02-26 15:30:00,SL,-392.04,VBO_DN
VBO_ALL,2026-02-27 04:15:00,BUY,67954.0,67661.39,68562.06,67661.39,2026-02-27 06:15:00,SL,-322.61,VBO_UP
VBO_ALL,2026-02-27 10:00:00,SELL,67386.5,67654.79,66841.44,66841.44,2026-02-27 10:15:00,TP,515.06,VBO_DN
VBO_ALL,2026-02-27 11:45:00,SELL,66017.5,66359.71,65290.69,66359.71,2026-02-27 13:45:00,SL,-372.21,VBO_DN
VBO_ALL,2026-03-01 22:15:00,BUY,66052.0,65710.83,66736.56,65710.83,2026-03-01 22:30:00,SL,-371.17,VBO_UP
VBO_ALL,2026-03-02 00:45:00,BUY,66658.0,66156.34,67518.12,66156.34,2026-03-02 02:00:00,SL,-531.66,VBO_UP
VBO_ALL,2026-03-02 07:15:00,SELL,65711.5,66072.25,64950.69,66072.25,2026-03-02 08:00:00,SL,-390.75,VBO_DN
VBO_ALL,2026-03-02 13:45:00,SELL,65603.0,65905.82,64967.5,65905.82,2026-03-02 14:30:00,SL,-332.82,VBO_DN
VBO_ALL,2026-03-02 15:00:00,BUY,67159.5,66805.5,67994.12,67994.12,2026-03-02 15:00:00,TP,804.62,VBO_UP
VBO_ALL,2026-03-02 15:45:00,BUY,69551.5,69021.08,70659.62,69021.08,2026-03-02 15:45:00,SL,-560.42,VBO_UP
VBO_ALL,2026-03-02 16:15:00,BUY,69695.0,69086.98,70949.38,69086.98,2026-03-02 17:30:00,SL,-638.02,VBO_UP
VBO_ALL,2026-03-03 08:30:00,SELL,67751.0,68036.1,67174.0,67174.0,2026-03-03 08:45:00,TP,547.0,VBO_DN
VBO_ALL,2026-03-03 09:30:00,SELL,66610.5,66966.65,65888.56,66966.65,2026-03-03 10:45:00,SL,-386.15,VBO_DN
VBO_ALL,2026-03-03 16:15:00,BUY,68463.0,67896.06,69708.88,67896.06,2026-03-03 16:30:00,SL,-596.94,VBO_UP
VBO_ALL,2026-03-04 03:45:00,SELL,67588.0,67995.61,66692.56,67995.61,2026-03-04 05:30:00,SL,-437.61,VBO_DN
VBO_ALL,2026-03-04 08:00:00,BUY,69515.0,69070.87,70395.56,70395.56,2026-03-04 08:45:00,TP,850.56,VBO_UP
VBO_ALL,2026-03-04 09:45:00,BUY,71777.5,71252.96,72854.88,71252.96,2026-03-04 10:45:00,SL,-554.54,VBO_UP
VBO_ALL,2026-03-04 15:30:00,BUY,73011.5,72473.92,74086.75,73293.0,2026-03-04 21:30:00,TIME,251.5,VBO_UP
VBO_ALL,2026-03-05 10:30:00,BUY,73200.0,72812.66,74050.12,72812.66,2026-03-05 11:30:00,SL,-417.34,VBO_UP
VBO_ALL,2026-03-05 14:45:00,SELL,72053.5,72469.86,71164.5,72469.86,2026-03-05 14:45:00,SL,-446.36,VBO_DN
VBO_ALL,2026-03-05 15:15:00,SELL,71843.0,72348.85,70767.56,70767.56,2026-03-05 17:30:00,TP,1045.44,VBO_DN
VBO_ALL,2026-03-06 01:30:00,SELL,70482.0,70770.89,69850.85,70770.89,2026-03-06 01:30:00,SL,-318.89,VBO_DN
VBO_ALL,2026-03-06 12:15:00,SELL,69944.5,70206.74,69373.5,70206.74,2026-03-06 12:15:00,SL,-292.24,VBO_DN
VBO_ALL,2026-03-06 14:00:00,SELL,69238.0,69603.71,68483.81,68483.81,2026-03-06 14:30:00,TP,724.19,VBO_DN
VBO_ALL,2026-03-08 21:15:00,SELL,66775.5,67197.32,65912.12,65912.12,2026-03-08 22:00:00,TP,833.38,VBO_DN
VBO_ALL,2026-03-09 03:15:00,BUY,67463.5,66956.48,68509.0,66956.48,2026-03-09 07:15:00,SL,-537.02,VBO_UP
VBO_ALL,2026-03-09 09:45:00,BUY,68359.5,67987.44,69106.88,67987.44,2026-03-09 09:45:00,SL,-402.06,VBO_UP
VBO_ALL,2026-03-09 13:15:00,BUY,68467.5,68118.77,69209.44,69209.44,2026-03-09 13:30:00,TP,711.94,VBO_UP
VBO_ALL,2026-03-10 02:45:00,BUY,70339.5,69987.49,71075.94,69987.49,2026-03-10 03:30:00,SL,-382.01,VBO_UP
VBO_ALL,2026-03-10 08:15:00,BUY,70921.0,70543.85,71645.06,70543.85,2026-03-10 11:30:00,SL,-407.15,VBO_UP
VBO_ALL,2026-03-10 13:45:00,SELL,69941.5,70282.4,69225.12,70282.4,2026-03-10 13:45:00,SL,-370.9,VBO_DN
VBO_ALL,2026-03-10 14:15:00,SELL,69507.5,69894.77,68709.94,69894.77,2026-03-10 14:15:00,SL,-417.27,VBO_DN
VBO_ALL,2026-03-10 15:00:00,BUY,71456.0,71007.99,72471.06,71007.99,2026-03-10 15:30:00,SL,-478.01,VBO_UP
VBO_ALL,2026-03-11 12:00:00,SELL,69186.5,69443.26,68657.75,69443.26,2026-03-11 12:15:00,SL,-286.76,VBO_DN
VBO_ALL,2026-03-11 13:15:00,BUY,69874.5,69556.96,70548.38,70548.38,2026-03-11 13:30:00,TP,643.88,VBO_UP
VBO_ALL,2026-03-12 01:15:00,SELL,69933.5,70190.66,69407.0,69407.0,2026-03-12 02:30:00,TP,496.5,VBO_DN
VBO_ALL,2026-03-12 09:45:00,BUY,70294.5,70056.82,70829.75,70056.82,2026-03-12 09:45:00,SL,-267.68,VBO_UP
VBO_ALL,2026-03-12 14:45:00,SELL,69627.0,70043.08,68740.12,70043.08,2026-03-12 15:15:00,SL,-446.08,VBO_DN
VBO_ALL,2026-03-13 00:15:00,BUY,71151.5,70869.85,71735.19,71735.19,2026-03-13 00:15:00,TP,553.69,VBO_UP
VBO_ALL,2026-03-13 08:45:00,BUY,71968.5,71737.68,72555.75,71737.68,2026-03-13 09:15:00,SL,-260.82,VBO_UP
VBO_ALL,2026-03-13 13:00:00,BUY,72810.5,72496.24,73476.0,73476.0,2026-03-13 13:45:00,TP,635.5,VBO_UP
VBO_ALL,2026-03-13 14:30:00,BUY,73764.5,73394.97,74528.19,73394.97,2026-03-13 14:30:00,SL,-399.53,VBO_UP
VBO_ALL,2026-03-13 15:45:00,SELL,72008.5,72495.0,70991.88,70991.88,2026-03-13 17:45:00,TP,986.62,VBO_DN
VBO_ALL,2026-03-15 22:45:00,BUY,72417.5,72068.87,73153.06,73153.06,2026-03-15 23:00:00,TP,705.56,VBO_UP
VBO_ALL,2026-03-16 03:45:00,BUY,73808.5,73348.89,74758.31,73348.89,2026-03-16 08:30:00,SL,-489.61,VBO_UP
VBO_ALL,2026-03-16 12:30:00,BUY,73872.5,73591.67,74550.06,73591.67,2026-03-16 14:30:00,SL,-310.83,VBO_UP
VBO_ALL,2026-03-16 22:15:00,BUY,74875.5,74500.37,75663.19,74500.37,2026-03-16 23:00:00,SL,-405.13,VBO_UP
VBO_ALL,2026-03-17 00:15:00,BUY,75423.5,75050.02,76203.12,75050.02,2026-03-17 00:15:00,SL,-403.48,VBO_UP
VBO_ALL,2026-03-17 01:15:00,BUY,75845.5,75390.73,76802.19,75390.73,2026-03-17 02:00:00,SL,-484.77,VBO_UP
VBO_ALL,2026-03-17 22:45:00,SELL,74194.5,74492.3,73580.25,73580.25,2026-03-18 00:30:00,TP,584.25,VBO_DN
VBO_ALL,2026-03-18 11:30:00,SELL,73623.5,73856.48,73147.38,73147.38,2026-03-18 11:30:00,TP,446.12,VBO_DN
VBO_ALL,2026-03-18 12:45:00,SELL,72437.5,72748.12,71808.88,71808.88,2026-03-18 14:15:00,TP,598.62,VBO_DN
VBO_ALL,2026-03-18 15:15:00,SELL,71083.0,71521.59,70170.81,71521.59,2026-03-18 15:45:00,SL,-468.59,VBO_DN
VBO_ALL,2026-03-18 20:15:00,SELL,70747.5,71159.68,69919.62,71159.68,2026-03-18 20:30:00,SL,-442.18,VBO_DN
VBO_ALL,2026-03-19 03:30:00,BUY,71510.5,71285.63,71991.31,71285.63,2026-03-19 03:30:00,SL,-254.87,VBO_UP
VBO_ALL,2026-03-19 04:15:00,SELL,70871.5,71120.51,70351.19,70351.19,2026-03-19 07:00:00,TP,490.31,VBO_DN
VBO_ALL,2026-03-19 07:30:00,SELL,69830.5,70138.09,69175.81,70138.09,2026-03-19 07:30:00,SL,-337.59,VBO_DN
VBO_ALL,2026-03-19 13:00:00,SELL,69291.5,69578.94,68677.25,69578.94,2026-03-19 13:30:00,SL,-317.44,VBO_DN
VBO_ALL,2026-03-19 19:15:00,BUY,70354.0,69865.02,71415.88,69865.02,2026-03-19 23:30:00,SL,-518.98,VBO_UP
VBO_ALL,2026-03-20 08:15:00,BUY,71266.5,70985.39,71886.06,70985.39,2026-03-20 09:00:00,SL,-311.11,VBO_UP
VBO_ALL,2026-03-23 11:15:00,BUY,70967.5,70380.34,72061.25,70380.34,2026-03-23 11:15:00,SL,-617.16,VBO_UP
VBO_ALL,2026-03-24 07:15:00,BUY,70812.0,70580.36,71310.0,71310.0,2026-03-24 07:45:00,TP,468.0,VBO_UP
VBO_ALL,2026-03-24 13:15:00,SELL,70819.0,71090.93,70250.94,70250.94,2026-03-24 13:45:00,TP,538.06,VBO_DN
VBO_ALL,2026-03-24 14:15:00,SELL,69832.5,70177.32,69132.62,70177.32,2026-03-24 15:15:00,SL,-374.82,VBO_DN
VBO_ALL,2026-03-25 00:45:00,BUY,70897.0,70538.88,71635.38,70538.88,2026-03-25 02:00:00,SL,-388.12,VBO_UP
VBO_ALL,2026-03-25 05:15:00,BUY,71232.5,70950.42,71786.25,70950.42,2026-03-25 07:00:00,SL,-312.08,VBO_UP
VBO_ALL,2026-03-25 08:45:00,BUY,71464.5,71207.15,72006.81,71207.15,2026-03-25 08:45:00,SL,-287.35,VBO_UP
VBO_ALL,2026-03-25 11:30:00,BUY,71861.0,71590.01,72411.69,71590.01,2026-03-25 11:45:00,SL,-300.99,VBO_UP
VBO_ALL,2026-03-25 15:15:00,SELL,70804.5,71184.8,70046.12,71184.8,2026-03-25 16:15:00,SL,-410.3,VBO_DN
VBO_ALL,2026-03-25 22:45:00,BUY,71370.5,71080.89,71939.94,71080.89,2026-03-26 02:00:00,SL,-319.61,VBO_UP
VBO_ALL,2026-03-26 05:15:00,SELL,70534.5,70761.71,70062.69,70062.69,2026-03-26 05:45:00,TP,441.81,VBO_DN
VBO_ALL,2026-03-26 09:45:00,SELL,69470.5,69759.17,68881.44,69759.17,2026-03-26 13:45:00,SL,-318.67,VBO_DN
VBO_ALL,2026-03-26 15:15:00,SELL,68899.5,69220.97,68328.44,68328.44,2026-03-26 18:00:00,TP,541.06,VBO_DN
VBO_ALL,2026-03-27 04:15:00,SELL,68365.5,68591.17,67884.56,68591.17,2026-03-27 04:45:00,SL,-255.67,VBO_DN
VBO_ALL,2026-03-27 08:45:00,SELL,67787.5,68075.56,67205.88,67205.88,2026-03-27 10:30:00,TP,551.62,VBO_DN
VBO_ALL,2026-03-27 11:00:00,SELL,66469.5,66831.83,65720.81,65720.81,2026-03-27 14:15:00,TP,718.69,VBO_DN
VBO_ALL,2026-03-30 14:30:00,SELL,67251.5,67515.27,66723.56,67515.27,2026-03-30 14:45:00,SL,-293.77,VBO_DN
VBO_ALL,2026-03-30 17:30:00,SELL,66741.5,67112.7,65948.12,66710.5,2026-03-30 23:30:00,TIME,1.0,VBO_DN
VBO_ALL,2026-03-31 01:00:00,BUY,67153.5,66911.23,67642.81,67642.81,2026-03-31 01:15:00,TP,459.31,VBO_UP
VBO_ALL,2026-03-31 01:45:00,BUY,67880.5,67587.63,68533.81,67587.63,2026-03-31 03:45:00,SL,-322.87,VBO_UP
VBO_ALL,2026-03-31 08:45:00,SELL,66785.0,67054.41,66249.94,66249.94,2026-03-31 09:45:00,TP,505.06,VBO_DN
VBO_ALL,2026-03-31 14:00:00,BUY,67246.5,66922.33,67957.31,66922.33,2026-03-31 14:45:00,SL,-354.17,VBO_UP
VBO_ALL,2026-03-31 17:15:00,BUY,68387.0,67833.9,69523.88,67833.9,2026-03-31 17:30:00,SL,-583.1,VBO_UP
VBO_ALL,2026-04-01 05:30:00,BUY,68543.5,68256.1,69133.0,69133.0,2026-04-01 06:30:00,TP,559.5,VBO_UP
VBO_ALL,2026-04-01 13:45:00,SELL,68090.0,68394.88,67481.04,68394.88,2026-04-01 14:15:00,SL,-334.88,VBO_DN
VBO_ALL,2026-04-02 01:30:00,SELL,67584.5,67927.24,66936.75,66936.75,2026-04-02 02:00:00,TP,617.75,VBO_DN
VBO_ALL,2026-04-02 10:15:00,SELL,66254.0,66458.88,65825.62,66458.88,2026-04-02 10:30:00,SL,-234.88,VBO_DN
VBO_ALL,2026-04-02 13:45:00,SELL,65842.0,66090.66,65325.5,66090.66,2026-04-02 13:45:00,SL,-278.66,VBO_DN
VBO_ALL,2026-04-02 14:45:00,BUY,67069.5,66722.75,67719.44,66722.75,2026-04-02 14:45:00,SL,-376.75,VBO_UP
VBO_ALL,2026-04-03 01:45:00,SELL,66571.5,66760.81,66170.94,66760.81,2026-04-03 05:30:00,SL,-219.31,VBO_DN
VBO_ALL,2026-04-03 07:45:00,BUY,67085.5,66891.48,67491.25,66891.48,2026-04-03 09:00:00,SL,-224.02,VBO_UP
VBO_ALL,2026-04-05 21:15:00,BUY,67503.0,67348.83,67847.31,67348.83,2026-04-05 22:15:00,SL,-184.17,VBO_UP
VBO_ALL,2026-04-05 22:45:00,BUY,67938.5,67735.52,68389.12,68389.12,2026-04-05 23:00:00,TP,420.62,VBO_UP
VBO_ALL,2026-04-05 23:30:00,BUY,68779.5,68521.91,69326.94,69326.94,2026-04-06 00:00:00,TP,517.44,VBO_UP
VBO_ALL,2026-04-06 09:15:00,BUY,69640.5,69416.38,70129.0,70129.0,2026-04-06 09:15:00,TP,458.5,VBO_UP
VBO_ALL,2026-04-06 23:00:00,SELL,68789.5,69052.94,68303.88,69052.94,2026-04-07 00:00:00,SL,-293.44,VBO_DN
VBO_ALL,2026-04-07 09:15:00,BUY,69115.5,68925.3,69502.5,68925.3,2026-04-07 10:00:00,SL,-220.2,VBO_UP
VBO_ALL,2026-04-07 14:15:00,SELL,67880.5,68199.4,67234.62,68199.4,2026-04-07 14:30:00,SL,-348.9,VBO_DN
VBO_ALL,2026-04-07 17:45:00,BUY,68684.5,68336.49,69411.06,69411.06,2026-04-07 20:00:00,TP,696.56,VBO_UP
VBO_ALL,2026-04-07 21:15:00,BUY,69979.0,69635.69,70715.81,69635.69,2026-04-07 21:15:00,SL,-373.31,VBO_UP
VBO_ALL,2026-04-07 22:15:00,BUY,70282.0,69882.86,71144.38,71144.38,2026-04-07 22:30:00,TP,832.38,VBO_UP
VBO_ALL,2026-04-07 23:00:00,BUY,71506.0,71038.58,72482.88,72482.88,2026-04-07 23:15:00,TP,946.88,VBO_UP
VBO_ALL,2026-04-08 13:15:00,BUY,72635.0,72386.38,73173.0,72386.38,2026-04-08 13:30:00,SL,-278.62,VBO_UP
VBO_ALL,2026-04-08 14:45:00,SELL,71096.5,71488.0,70290.12,71488.0,2026-04-08 16:15:00,SL,-421.5,VBO_DN
VBO_ALL,2026-04-09 08:45:00,BUY,71348.5,71159.78,71740.12,71159.78,2026-04-09 09:00:00,SL,-218.72,VBO_UP
VBO_ALL,2026-04-09 10:00:00,BUY,71543.5,71332.39,71978.69,71332.39,2026-04-09 10:45:00,SL,-241.11,VBO_UP
VBO_ALL,2026-04-09 13:45:00,SELL,70905.5,71131.07,70407.81,71131.07,2026-04-09 14:45:00,SL,-255.57,VBO_DN
VBO_ALL,2026-04-09 15:45:00,BUY,72097.5,71768.96,72800.46,71768.96,2026-04-09 16:45:00,SL,-358.54,VBO_UP
VBO_ALL,2026-04-10 08:00:00,SELL,71515.0,71700.55,71096.06,71700.55,2026-04-10 08:15:00,SL,-215.55,VBO_DN
VBO_ALL,2026-04-10 14:15:00,BUY,72753.5,72497.92,73278.25,73278.25,2026-04-10 15:15:00,TP,494.75,VBO_UP
VBO_ALL,2026-04-12 22:15:00,SELL,70972.0,71371.33,70144.69,71053.5,2026-04-13 04:15:00,TIME,-111.5,VBO_DN
VBO_ALL,2026-04-13 13:00:00,BUY,71095.5,70910.93,71467.69,70910.93,2026-04-13 13:30:00,SL,-214.57,VBO_UP
VBO_ALL,2026-04-13 14:00:00,BUY,71690.0,71460.75,72166.06,72166.06,2026-04-13 14:45:00,TP,446.06,VBO_UP
VBO_ALL,2026-04-13 19:30:00,BUY,72905.5,72530.12,73676.75,73676.75,2026-04-13 22:00:00,TP,741.25,VBO_UP
VBO_ALL,2026-04-13 22:30:00,BUY,74207.5,73808.88,74951.62,74430.5,2026-04-14 04:30:00,TIME,193.0,VBO_UP
VBO_ALL,2026-04-14 07:15:00,BUY,74826.5,74636.87,75212.31,74636.87,2026-04-14 07:30:00,SL,-219.63,VBO_UP
VBO_ALL,2026-04-14 13:45:00,BUY,75260.0,75025.33,75727.31,75727.31,2026-04-14 14:15:00,TP,437.31,VBO_UP
VBO_ALL,2026-04-15 00:15:00,BUY,74598.5,74271.07,75242.1,74271.07,2026-04-15 02:30:00,SL,-357.43,VBO_UP
VBO_ALL,2026-04-15 07:30:00,SELL,73760.5,73954.85,73349.44,73954.85,2026-04-15 08:15:00,SL,-224.35,VBO_DN
VBO_ALL,2026-04-15 19:45:00,BUY,75106.5,74769.31,75798.19,74769.31,2026-04-15 20:00:00,SL,-367.19,VBO_UP
VBO_ALL,2026-04-16 10:15:00,SELL,74447.5,74638.63,74058.56,74638.63,2026-04-16 12:00:00,SL,-221.13,VBO_DN
VBO_ALL,2026-04-16 14:00:00,SELL,73776.0,74092.41,73200.06,74092.41,2026-04-16 14:45:00,SL,-346.41,VBO_DN
VBO_ALL,2026-04-17 01:30:00,SELL,74774.5,74999.89,74318.81,74999.89,2026-04-17 07:00:00,SL,-255.39,VBO_DN
VBO_ALL,2026-04-17 08:45:00,BUY,75367.5,75190.06,75731.0,75731.0,2026-04-17 08:45:00,TP,333.5,VBO_UP
VBO_ALL,2026-04-17 09:15:00,BUY,75921.0,75713.35,76361.31,76361.31,2026-04-17 09:15:00,TP,410.31,VBO_UP
VBO_ALL,2026-04-17 13:15:00,BUY,76956.5,76507.1,77874.25,76507.1,2026-04-17 13:15:00,SL,-479.4,VBO_UP
VBO_ALL,2026-04-17 14:00:00,BUY,77394.5,76877.76,78446.38,77583.5,2026-04-17 20:00:00,TIME,159.0,VBO_UP
VBO_ALL,2026-04-20 06:45:00,BUY,74811.0,74595.68,75275.0,75275.0,2026-04-20 07:15:00,TP,434.0,VBO_UP
VBO_ALL,2026-04-21 07:30:00,BUY,76213.0,76011.77,76626.06,76626.06,2026-04-21 08:45:00,TP,383.06,VBO_UP
VBO_ALL,2026-04-21 12:45:00,SELL,75863.0,76184.6,75174.5,76184.6,2026-04-21 13:30:00,SL,-351.6,VBO_DN
VBO_ALL,2026-04-21 15:00:00,SELL,75684.5,76084.5,74845.0,76084.5,2026-04-21 16:30:00,SL,-430.0,VBO_DN
VBO_ALL,2026-04-21 19:45:00,SELL,74879.5,75335.62,73915.38,75335.62,2026-04-21 20:00:00,SL,-486.12,VBO_DN
VBO_ALL,2026-04-22 02:15:00,BUY,76761.5,76492.53,77334.19,77334.19,2026-04-22 02:30:00,TP,542.69,VBO_UP
VBO_ALL,2026-04-22 03:00:00,BUY,77620.5,77314.15,78308.06,78308.06,2026-04-22 05:15:00,TP,657.56,VBO_UP
VBO_ALL,2026-04-22 13:45:00,BUY,78639.5,78417.28,79117.88,79117.88,2026-04-22 14:00:00,TP,448.38,VBO_UP
VBO_ALL,2026-04-22 23:30:00,SELL,78376.5,78613.81,77875.94,77875.94,2026-04-23 00:15:00,TP,470.56,VBO_DN
VBO_ALL,2026-04-23 09:15:00,SELL,77593.5,77820.8,77126.12,77820.8,2026-04-23 12:00:00,SL,-257.3,VBO_DN
VBO_ALL,2026-04-23 15:00:00,BUY,78218.5,77928.38,78812.12,77928.38,2026-04-23 17:00:00,SL,-320.12,VBO_UP
VBO_ALL,2026-04-23 17:45:00,SELL,77223.5,77613.67,76402.94,77613.67,2026-04-23 17:45:00,SL,-420.17,VBO_DN
VBO_ALL,2026-04-24 03:30:00,SELL,77774.5,78022.77,77226.44,78022.77,2026-04-24 05:45:00,SL,-278.27,VBO_DN
VBO_ALL,2026-04-24 11:15:00,BUY,78240.5,78012.36,78714.25,78012.36,2026-04-24 13:45:00,SL,-258.14,VBO_UP
VBO_ALL,2026-04-26 22:00:00,BUY,78425.5,78149.33,79031.69,78149.33,2026-04-26 22:30:00,SL,-306.17,VBO_UP
VBO_ALL,2026-04-27 01:00:00,BUY,79316.5,78868.2,80154.88,78868.2,2026-04-27 01:15:00,SL,-478.3,VBO_UP
VBO_ALL,2026-04-27 05:15:00,SELL,78433.0,78751.05,77739.56,77739.56,2026-04-27 05:30:00,TP,663.44,VBO_DN
VBO_ALL,2026-04-27 14:45:00,BUY,78184.5,77981.35,78601.56,77981.35,2026-04-27 14:45:00,SL,-233.15,VBO_UP
VBO_ALL,2026-04-27 15:15:00,SELL,77381.0,77635.35,76868.06,76868.06,2026-04-27 15:15:00,TP,482.94,VBO_DN
VBO_ALL,2026-04-28 02:45:00,SELL,76701.5,76908.94,76257.0,76908.94,2026-04-28 04:15:00,SL,-237.44,VBO_DN
VBO_ALL,2026-04-28 06:45:00,SELL,76599.5,76836.32,76133.88,76836.32,2026-04-28 07:30:00,SL,-266.82,VBO_DN
VBO_ALL,2026-04-28 14:30:00,SELL,75820.5,76067.13,75297.44,76067.13,2026-04-28 15:15:00,SL,-276.63,VBO_DN
VBO_ALL,2026-04-29 02:00:00,BUY,76554.5,76382.64,76901.75,76382.64,2026-04-29 02:30:00,SL,-201.86,VBO_UP
VBO_ALL,2026-04-29 03:30:00,BUY,76866.5,76680.62,77226.0,77226.0,2026-04-29 04:30:00,TP,329.5,VBO_UP
VBO_ALL,2026-04-29 10:00:00,BUY,77653.5,77466.05,77980.81,77466.05,2026-04-29 12:00:00,SL,-217.45,VBO_UP
VBO_ALL,2026-04-29 13:30:00,SELL,76920.5,77173.48,76395.0,76395.0,2026-04-29 15:00:00,TP,495.5,VBO_DN
VBO_ALL,2026-04-29 18:15:00,SELL,75154.5,75605.59,74287.19,75605.59,2026-04-29 20:00:00,SL,-481.09,VBO_DN
VBO_ALL,2026-04-30 00:45:00,BUY,76068.5,75851.81,76538.44,75851.81,2026-04-30 02:30:00,SL,-246.69,VBO_UP
VBO_ALL,2026-04-30 13:45:00,BUY,76596.0,76384.06,77059.12,76384.06,2026-04-30 13:45:00,SL,-241.94,VBO_UP
VBO_ALL,2026-05-01 03:30:00,BUY,77164.0,76964.43,77585.94,76964.43,2026-05-01 04:15:00,SL,-229.57,VBO_UP
VBO_ALL,2026-05-01 12:30:00,BUY,77740.5,77567.85,78127.94,78127.94,2026-05-01 12:30:00,TP,357.44,VBO_UP
VBO_ALL,2026-05-01 13:15:00,BUY,78346.0,78129.12,78804.0,78129.12,2026-05-01 13:30:00,SL,-246.88,VBO_UP
VBO_ALL,2026-05-01 14:00:00,BUY,78748.0,78475.66,79310.75,78475.66,2026-05-01 14:15:00,SL,-302.34,VBO_UP
VBO_ALL,2026-05-03 22:15:00,BUY,79267.0,78950.82,79908.75,78950.82,2026-05-03 23:15:00,SL,-346.18,VBO_UP
VBO_ALL,2026-05-04 02:00:00,BUY,79783.5,79330.16,80632.38,79783.5,2026-05-04 08:00:00,TIME,-30.0,VBO_UP
VBO_ALL,2026-05-04 10:15:00,SELL,78732.5,79027.52,78154.88,79027.52,2026-05-04 10:30:00,SL,-325.02,VBO_DN
VBO_ALL,2026-05-04 15:00:00,BUY,80230.0,79757.22,81179.5,79757.22,2026-05-04 15:15:00,SL,-502.78,VBO_UP
VBO_ALL,2026-05-05 02:45:00,BUY,80811.5,80590.98,81260.12,80590.98,2026-05-05 02:45:00,SL,-250.52,VBO_UP
VBO_ALL,2026-05-05 03:45:00,BUY,80918.0,80658.49,81441.69,80658.49,2026-05-05 09:15:00,SL,-289.51,VBO_UP
VBO_ALL,2026-05-05 13:15:00,BUY,81644.0,81445.74,82055.5,81445.74,2026-05-05 13:15:00,SL,-228.26,VBO_UP
VBO_ALL,2026-05-05 22:45:00,SELL,81019.5,81270.94,80503.38,81270.94,2026-05-05 22:45:00,SL,-281.44,VBO_DN
VBO_ALL,2026-05-06 03:30:00,BUY,81615.5,81300.72,82255.88,81300.72,2026-05-06 04:45:00,SL,-344.78,VBO_UP
VBO_ALL,2026-05-06 09:00:00,BUY,81962.0,81740.5,82406.5,81740.5,2026-05-06 09:15:00,SL,-251.5,VBO_UP
VBO_ALL,2026-05-06 09:45:00,BUY,82012.5,81781.83,82502.31,81781.83,2026-05-06 09:45:00,SL,-260.67,VBO_UP
VBO_ALL,2026-05-06 11:30:00,BUY,82673.5,82415.92,83228.62,82415.92,2026-05-06 12:00:00,SL,-287.58,VBO_UP
VBO_ALL,2026-05-06 14:15:00,SELL,81450.0,81780.49,80746.06,81780.49,2026-05-06 14:30:00,SL,-360.49,VBO_DN
VBO_ALL,2026-05-07 06:45:00,BUY,81385.5,81182.61,81803.56,81182.61,2026-05-07 09:00:00,SL,-232.89,VBO_UP
VBO_ALL,2026-05-07 10:30:00,SELL,80616.0,80849.65,80136.94,80849.65,2026-05-07 10:30:00,SL,-263.65,VBO_DN
VBO_ALL,2026-05-07 13:45:00,SELL,80566.5,80815.58,80039.88,80039.88,2026-05-07 14:30:00,TP,496.62,VBO_DN
VBO_ALL,2026-05-07 15:30:00,SELL,79824.0,80146.87,79186.81,80146.87,2026-05-07 18:00:00,SL,-352.87,VBO_DN
VBO_ALL,2026-05-08 02:30:00,SELL,79474.5,79681.57,79041.56,79681.57,2026-05-08 04:00:00,SL,-237.07,VBO_DN
VBO_ALL,2026-05-08 10:45:00,BUY,80159.0,79968.24,80568.75,79968.24,2026-05-08 12:45:00,SL,-220.76,VBO_UP
VBO_ALL,2026-05-10 21:15:00,BUY,80646.0,80395.49,81150.94,81150.94,2026-05-10 22:00:00,TP,474.94,VBO_UP
VBO_ALL,2026-05-10 22:30:00,BUY,81486.5,81179.33,82117.19,82117.19,2026-05-10 22:45:00,TP,600.69,VBO_UP
VBO_ALL,2026-05-11 03:15:00,SELL,80593.0,81005.8,79742.25,81005.8,2026-05-11 06:15:00,SL,-442.8,VBO_DN
VBO_ALL,2026-05-11 12:30:00,BUY,81285.0,81096.51,81663.81,81096.51,2026-05-11 12:45:00,SL,-218.49,VBO_UP
VBO_ALL,2026-05-11 14:30:00,SELL,80715.5,80969.47,80201.81,80969.47,2026-05-11 15:00:00,SL,-283.97,VBO_DN
VBO_ALL,2026-05-11 16:15:00,BUY,81785.5,81444.04,82469.12,81444.04,2026-05-11 17:00:00,SL,-371.46,VBO_UP
VBO_ALL,2026-05-12 01:15:00,SELL,81384.0,81578.55,80957.11,80957.11,2026-05-12 01:30:00,TP,396.89,VBO_DN
VBO_ALL,2026-05-12 14:00:00,SELL,80459.0,80666.57,80012.69,80666.57,2026-05-12 14:00:00,SL,-237.57,VBO_DN
VBO_ALL,2026-05-12 15:30:00,SELL,80220.0,80495.93,79609.69,80495.93,2026-05-12 17:30:00,SL,-305.93,VBO_DN
VBO_ALL,2026-05-13 01:15:00,BUY,80955.5,80781.72,81329.88,80893.0,2026-05-13 07:15:00,TIME,-92.5,VBO_UP
VBO_ALL,2026-05-13 10:45:00,SELL,80825.5,80989.39,80493.31,80493.31,2026-05-13 11:45:00,TP,302.19,VBO_DN
VBO_ALL,2026-05-13 12:30:00,SELL,80335.5,80559.97,79944.94,79944.94,2026-05-13 12:30:00,TP,360.56,VBO_DN
VBO_ALL,2026-05-13 15:15:00,SELL,79416.5,79718.63,78796.31,78796.31,2026-05-13 15:45:00,TP,590.19,VBO_DN
VBO_ALL,2026-05-14 10:45:00,SELL,79427.5,79623.17,79018.31,79623.17,2026-05-14 12:30:00,SL,-225.67,VBO_DN
VBO_ALL,2026-05-14 13:30:00,BUY,79926.5,79718.53,80375.19,79718.53,2026-05-14 13:30:00,SL,-237.97,VBO_UP
VBO_ALL,2026-05-14 15:00:00,BUY,80985.0,80656.68,81604.25,81604.25,2026-05-14 16:00:00,TP,589.25,VBO_UP
VBO_ALL,2026-05-14 17:00:00,BUY,81891.5,81509.18,82706.5,81509.18,2026-05-14 17:15:00,SL,-412.32,VBO_UP
VBO_ALL,2026-05-15 02:15:00,SELL,80923.0,81192.34,80380.38,81192.34,2026-05-15 02:45:00,SL,-299.34,VBO_DN
VBO_ALL,2026-05-15 05:45:00,SELL,80465.0,80752.56,79864.38,80752.56,2026-05-15 07:00:00,SL,-317.56,VBO_DN
VBO_ALL,2026-05-15 13:15:00,SELL,80123.5,80354.42,79677.88,79677.88,2026-05-15 13:30:00,TP,415.62,VBO_DN
VBO_ALL,2026-05-15 14:00:00,SELL,78711.0,78983.97,78105.31,78983.97,2026-05-15 14:00:00,SL,-302.97,VBO_DN
VBO_ALL,2026-05-17 22:15:00,SELL,78081.5,78327.82,77565.25,77565.25,2026-05-17 23:30:00,TP,486.25,VBO_DN
VBO_ALL,2026-05-18 11:45:00,BUY,77313.5,77117.85,77742.69,77742.69,2026-05-18 12:45:00,TP,399.19,VBO_UP
VBO_ALL,2026-05-19 01:30:00,SELL,76705.5,76932.99,76250.06,76932.99,2026-05-19 02:15:00,SL,-257.49,VBO_DN
VBO_ALL,2026-05-19 14:30:00,SELL,76383.0,76651.94,75833.5,76651.94,2026-05-19 16:30:00,SL,-298.94,VBO_DN
VBO_ALL,2026-05-20 00:15:00,SELL,76495.5,76656.38,76148.0,76656.38,2026-05-20 00:30:00,SL,-190.88,VBO_DN
VBO_ALL,2026-05-20 05:15:00,BUY,77161.5,76950.15,77606.44,77386.5,2026-05-20 11:15:00,TIME,195.0,VBO_UP
VBO_ALL,2026-05-20 13:45:00,SELL,77011.5,77182.39,76653.94,77182.39,2026-05-20 13:45:00,SL,-200.89,VBO_DN
VBO_ALL,2026-05-21 01:00:00,BUY,77922.5,77714.68,78278.38,77714.68,2026-05-21 05:45:00,SL,-237.82,VBO_UP
VBO_ALL,2026-05-21 10:30:00,SELL,77310.0,77510.68,76890.38,76890.38,2026-05-21 13:30:00,TP,389.62,VBO_DN
VBO_ALL,2026-05-21 17:15:00,BUY,77442.5,77140.83,78064.81,77591.0,2026-05-21 23:15:00,TIME,118.5,VBO_UP
VBO_ALL,2026-05-22 14:15:00,SELL,76979.5,77144.26,76627.0,76627.0,2026-05-22 15:00:00,TP,322.5,VBO_DN
VBO_ALL,2026-05-22 19:00:00,SELL,76450.0,76722.57,75897.56,75897.56,2026-05-22 19:30:00,TP,522.44,VBO_DN
VBO_ALL,2026-05-25 02:15:00,BUY,77294.5,76993.2,77983.88,76993.2,2026-05-25 02:15:00,SL,-331.3,VBO_UP
VBO_ALL,2026-05-25 15:00:00,BUY,77643.5,77498.52,77957.88,77498.52,2026-05-25 15:45:00,SL,-174.98,VBO_UP
VBO_ALL,2026-05-25 20:45:00,SELL,77207.5,77342.89,76906.94,77342.89,2026-05-25 22:00:00,SL,-165.39,VBO_DN
VBO_ALL,2026-05-25 22:45:00,SELL,77113.5,77267.63,76803.19,77267.63,2026-05-25 23:15:00,SL,-184.13,VBO_DN
VBO_ALL,2026-05-26 00:45:00,SELL,76797.5,76978.7,76410.75,76410.75,2026-05-26 03:15:00,TP,356.75,VBO_DN
VBO_ALL,2026-05-26 10:30:00,BUY,77150.5,76968.72,77535.38,77535.38,2026-05-26 10:45:00,TP,354.88,VBO_UP
VBO_ALL,2026-05-26 14:30:00,BUY,77878.5,77563.91,78540.06,77563.91,2026-05-26 14:30:00,SL,-344.59,VBO_UP
VBO_ALL,2026-05-27 04:45:00,SELL,75232.5,75410.7,74870.5,75410.7,2026-05-27 04:45:00,SL,-208.2,VBO_DN
VBO_ALL,2026-05-27 13:15:00,SELL,75312.0,75521.92,74868.5,74868.5,2026-05-27 13:30:00,TP,413.5,VBO_DN
VBO_ALL,2026-05-27 21:45:00,SELL,74520.0,74742.41,74011.94,74011.94,2026-05-28 03:00:00,TP,478.06,VBO_DN
VBO_ALL,2026-05-28 03:30:00,SELL,73611.0,73881.47,73062.94,73062.94,2026-05-28 03:45:00,TP,518.06,VBO_DN
VBO_ALL,2026-05-28 04:15:00,SELL,72963.0,73271.83,72290.31,73271.83,2026-05-28 07:30:00,SL,-338.83,VBO_DN
VBO_ALL,2026-05-28 13:30:00,SELL,73034.0,73220.66,72635.88,72635.88,2026-05-28 13:30:00,TP,368.12,VBO_DN
VBO_ALL,2026-05-29 02:30:00,SELL,73273.0,73476.76,72862.38,73476.76,2026-05-29 05:00:00,SL,-233.76,VBO_DN
VBO_ALL,2026-05-29 13:15:00,SELL,73014.5,73186.43,72665.56,73186.43,2026-05-29 13:30:00,SL,-201.93,VBO_DN
VBO_ALL,2026-05-29 14:30:00,SELL,72607.5,72840.73,72133.94,72840.73,2026-05-29 14:45:00,SL,-263.23,VBO_DN
VBO_ALL,2026-05-29 15:45:00,BUY,73707.5,73364.44,74442.25,73364.44,2026-05-29 18:45:00,SL,-373.06,VBO_UP
DROPMOM,2025-01-07 13:00:00,SELL,100795.0,101131.24,100311.92,100311.92,2025-01-07 14:30:00,TP,453.08,DROPMOM
DROPMOM,2025-01-07 15:00:00,SELL,100044.9,100553.61,99354.72,99354.72,2025-01-07 15:00:00,TP,660.18,DROPMOM
DROPMOM,2025-01-07 17:00:00,SELL,97706.4,98564.14,96562.51,96562.51,2025-01-07 17:45:00,TP,1113.89,DROPMOM
DROPMOM,2025-01-08 17:15:00,SELL,93813.0,94654.88,92680.7,92680.7,2025-01-08 17:30:00,TP,1102.3,DROPMOM
DROPMOM,2025-01-09 13:45:00,SELL,92261.3,92833.76,91472.82,92833.76,2025-01-09 14:45:00,SL,-602.46,DROPMOM
DROPMOM,2025-01-09 20:00:00,SELL,91908.2,92705.28,90849.62,92705.28,2025-01-09 22:30:00,SL,-827.09,DROPMOM
DROPMOM,2025-01-10 15:15:00,SELL,92308.8,93201.78,91140.56,93201.78,2025-01-10 15:15:00,SL,-922.98,DROPMOM
DROPMOM,2025-01-16 14:45:00,SELL,98271.8,98836.54,97516.02,97516.02,2025-01-16 14:45:00,TP,725.78,DROPMOM
DROPMOM,2025-01-20 16:15:00,SELL,104368.4,105790.22,102468.68,105790.22,2025-01-20 16:30:00,SL,-1451.82,DROPMOM
DROPMOM,2025-01-20 17:15:00,SELL,104077.6,105938.54,101588.88,101588.88,2025-01-20 17:30:00,TP,2458.72,DROPMOM
DROPMOM,2025-01-22 13:45:00,SELL,104575.3,105075.11,103919.39,103919.39,2025-01-22 13:45:00,TP,625.91,DROPMOM
DROPMOM,2025-01-22 14:45:00,SELL,104214.9,104844.48,103386.9,104844.48,2025-01-22 15:00:00,SL,-659.58,DROPMOM
DROPMOM,2025-01-22 16:15:00,SELL,103815.5,104669.11,102689.72,104669.11,2025-01-22 18:00:00,SL,-883.61,DROPMOM
DROPMOM,2025-01-28 14:15:00,SELL,101937.8,102401.34,101303.42,102401.34,2025-01-28 14:15:00,SL,-493.54,DROPMOM
DROPMOM,2025-01-28 14:45:00,SELL,102157.8,102680.93,101449.79,102680.93,2025-01-28 14:45:00,SL,-553.13,DROPMOM
DROPMOM,2025-01-28 16:30:00,SELL,102046.6,102792.02,101063.2,102792.02,2025-01-28 17:00:00,SL,-775.43,DROPMOM
DROPMOM,2025-01-29 13:30:00,SELL,101852.6,102257.54,101314.55,102257.54,2025-01-29 14:30:00,SL,-434.94,DROPMOM
DROPMOM,2025-01-29 19:30:00,SELL,101516.7,102194.68,100613.89,102194.68,2025-01-29 19:30:00,SL,-707.98,DROPMOM
DROPMOM,2025-01-30 14:15:00,SELL,104806.2,105171.77,104312.94,105171.77,2025-01-30 14:30:00,SL,-395.57,DROPMOM
DROPMOM,2025-01-31 18:45:00,SELL,103040.6,103781.18,102053.16,102053.16,2025-01-31 20:00:00,TP,957.44,DROPMOM
DROPMOM,2025-02-05 18:15:00,SELL,96897.0,97680.42,95855.01,97680.42,2025-02-05 20:00:00,SL,-813.42,DROPMOM
DROPMOM,2025-02-06 15:30:00,SELL,97619.8,98262.61,96766.69,96766.69,2025-02-06 16:30:00,TP,823.11,DROPMOM
DROPMOM,2025-02-06 18:15:00,SELL,96316.0,97069.5,95315.76,97069.5,2025-02-06 20:45:00,SL,-783.5,DROPMOM
DROPMOM,2025-02-11 13:45:00,SELL,97278.6,97575.71,96861.92,96861.92,2025-02-11 13:45:00,TP,386.68,DROPMOM
DROPMOM,2025-02-11 15:00:00,SELL,96960.8,97379.54,96401.31,96401.31,2025-02-11 16:30:00,TP,529.49,DROPMOM
DROPMOM,2025-02-11 18:30:00,SELL,95635.2,96241.83,94912.46,94912.46,2025-02-11 19:30:00,TP,692.74,DROPMOM
DROPMOM,2025-02-12 13:45:00,SELL,94500.9,95009.62,93813.51,95009.62,2025-02-12 13:45:00,SL,-538.72,DROPMOM
DROPMOM,2025-02-13 16:30:00,SELL,95491.8,96093.8,94681.44,96093.8,2025-02-13 19:00:00,SL,-631.99,DROPMOM
DROPMOM,2025-02-14 13:30:00,SELL,96531.1,96792.69,96176.01,96792.69,2025-02-14 13:30:00,SL,-291.59,DROPMOM
DROPMOM,2025-02-17 16:00:00,SELL,95691.4,96074.19,95180.78,96074.19,2025-02-17 20:45:00,SL,-412.79,DROPMOM
DROPMOM,2025-02-18 16:45:00,SELL,94652.4,95190.59,93945.55,93945.55,2025-02-18 18:00:00,TP,676.85,DROPMOM
DROPMOM,2025-02-18 19:15:00,SELL,93443.7,94114.67,92571.24,94114.67,2025-02-18 19:45:00,SL,-700.97,DROPMOM
DROPMOM,2025-02-19 19:00:00,SELL,95648.1,96210.34,94898.22,96210.34,2025-02-19 19:45:00,SL,-592.24,DROPMOM
DROPMOM,2025-02-21 15:45:00,SELL,97639.4,98278.2,96797.46,98278.2,2025-02-21 15:45:00,SL,-668.81,DROPMOM
DROPMOM,2025-02-21 17:45:00,SELL,97165.3,98036.13,96002.09,96002.09,2025-02-21 19:15:00,TP,1133.21,DROPMOM
DROPMOM,2025-02-24 14:45:00,SELL,95137.7,95563.28,94572.36,94572.36,2025-02-24 14:45:00,TP,535.34,DROPMOM
DROPMOM,2025-02-24 19:45:00,SELL,93752.6,94519.15,92726.33,94519.15,2025-02-24 20:30:00,SL,-796.55,DROPMOM
DROPMOM,2025-02-26 12:45:00,SELL,88171.4,88585.2,87611.74,87611.74,2025-02-26 12:45:00,TP,529.66,DROPMOM
DROPMOM,2025-02-26 18:30:00,SELL,85116.2,86275.08,83347.49,83347.49,2025-02-26 18:30:00,TP,1738.71,DROPMOM
DROPMOM,2025-02-27 15:00:00,SELL,84908.8,85663.2,83889.17,85663.2,2025-02-27 15:15:00,SL,-784.4,DROPMOM
DROPMOM,2025-02-27 16:30:00,SELL,84841.0,85722.12,83691.84,83691.84,2025-02-27 19:30:00,TP,1119.16,DROPMOM
DROPMOM,2025-03-03 15:00:00,SELL,89153.6,90140.16,87804.35,90140.16,2025-03-03 15:00:00,SL,-1016.56,DROPMOM
DROPMOM,2025-03-03 16:00:00,SELL,89957.8,91175.27,88337.77,88337.77,2025-03-03 18:15:00,TP,1590.03,DROPMOM
DROPMOM,2025-03-03 20:00:00,SELL,85517.0,87000.21,83534.25,87000.21,2025-03-03 22:45:00,SL,-1513.21,DROPMOM
DROPMOM,2025-03-04 13:30:00,SELL,82469.3,83138.15,81593.83,83138.15,2025-03-04 13:30:00,SL,-698.85,DROPMOM
DROPMOM,2025-03-04 14:00:00,SELL,82726.8,83483.4,81728.96,83483.4,2025-03-04 14:30:00,SL,-786.6,DROPMOM
DROPMOM,2025-03-04 15:30:00,SELL,82291.9,83489.86,80689.95,83489.86,2025-03-04 16:45:00,SL,-1227.96,DROPMOM
DROPMOM,2025-03-06 12:45:00,SELL,90365.1,90949.36,89591.92,89591.92,2025-03-06 13:45:00,TP,743.18,DROPMOM
DROPMOM,2025-03-06 14:45:00,SELL,89272.0,90016.87,88282.57,90016.87,2025-03-06 14:45:00,SL,-774.87,DROPMOM
DROPMOM,2025-03-06 17:00:00,SELL,89290.8,90399.01,87788.69,90399.01,2025-03-06 22:00:00,SL,-1138.21,DROPMOM
DROPMOM,2025-03-07 16:30:00,SELL,87443.9,88775.33,85657.46,88775.33,2025-03-07 18:45:00,SL,-1361.43,DROPMOM
DROPMOM,2025-03-10 14:15:00,SELL,80136.3,81354.87,78518.08,78518.08,2025-03-10 17:00:00,TP,1588.22,DROPMOM
DROPMOM,2025-03-11 14:45:00,SELL,79436.2,80380.37,78181.74,80380.37,2025-03-11 14:45:00,SL,-974.17,DROPMOM
DROPMOM,2025-03-12 15:15:00,SELL,80904.0,81774.08,79749.49,81774.08,2025-03-12 15:45:00,SL,-900.08,DROPMOM
DROPMOM,2025-03-13 13:00:00,SELL,82490.6,83069.48,81726.46,83069.48,2025-03-13 13:30:00,SL,-608.88,DROPMOM
DROPMOM,2025-03-17 13:30:00,SELL,82936.7,83389.79,82328.15,83389.79,2025-03-17 13:30:00,SL,-483.09,DROPMOM
DROPMOM,2025-03-17 14:15:00,SELL,82808.4,83379.22,82046.38,83379.22,2025-03-17 15:15:00,SL,-600.82,DROPMOM
DROPMOM,2025-03-18 13:15:00,SELL,82299.0,82618.27,81890.11,81890.11,2025-03-18 13:30:00,TP,378.89,DROPMOM
DROPMOM,2025-03-20 16:00:00,SELL,84661.8,85295.96,83820.69,83820.69,2025-03-20 16:30:00,TP,811.11,DROPMOM
DROPMOM,2025-03-20 17:30:00,SELL,83772.5,84529.61,82755.56,84529.61,2025-03-20 20:30:00,SL,-787.11,DROPMOM
DROPMOM,2025-03-21 13:00:00,SELL,83421.8,83812.01,82898.49,83812.01,2025-03-21 13:30:00,SL,-420.21,DROPMOM
DROPMOM,2025-03-26 14:00:00,SELL,86873.2,87247.32,86379.74,87247.32,2025-03-26 14:00:00,SL,-404.12,DROPMOM
DROPMOM,2025-03-26 15:30:00,SELL,86656.6,87163.14,85982.14,85982.14,2025-03-26 19:00:00,TP,644.46,DROPMOM
DROPMOM,2025-03-28 14:15:00,SELL,84420.2,84915.08,83762.23,83762.23,2025-03-28 16:15:00,TP,627.97,DROPMOM
DROPMOM,2025-04-01 14:15:00,SELL,82785.9,83210.65,82211.63,83210.65,2025-04-01 14:30:00,SL,-454.75,DROPMOM
DROPMOM,2025-04-03 12:15:00,SELL,83003.3,83383.08,82495.29,82495.29,2025-04-03 12:30:00,TP,478.01,DROPMOM
DROPMOM,2025-04-03 14:15:00,SELL,81753.4,82293.02,81038.8,82293.02,2025-04-03 14:30:00,SL,-569.62,DROPMOM
DROPMOM,2025-04-08 15:00:00,SELL,78443.0,79120.03,77540.29,77540.29,2025-04-08 16:30:00,TP,872.71,DROPMOM
DROPMOM,2025-04-10 13:45:00,SELL,80832.1,81378.47,80096.37,81378.47,2025-04-10 13:45:00,SL,-576.37,DROPMOM
DROPMOM,2025-04-10 15:15:00,SELL,80647.3,81328.74,79747.34,79747.34,2025-04-10 15:30:00,TP,869.96,DROPMOM
DROPMOM,2025-04-10 17:15:00,SELL,78726.2,79682.33,77480.53,79682.33,2025-04-10 18:15:00,SL,-986.13,DROPMOM
DROPMOM,2025-04-15 14:30:00,SELL,84966.4,85486.12,84272.5,84272.5,2025-04-15 18:15:00,TP,663.9,DROPMOM
DROPMOM,2025-04-15 19:00:00,SELL,84149.9,84684.82,83506.67,83506.67,2025-04-16 00:00:00,TP,613.23,DROPMOM
DROPMOM,2025-04-17 14:30:00,SELL,84027.1,84350.14,83595.92,84350.14,2025-04-17 15:00:00,SL,-353.03,DROPMOM
DROPMOM,2025-04-18 15:30:00,SELL,84401.6,84589.7,84149.64,84589.7,2025-04-18 17:30:00,SL,-218.1,DROPMOM
DROPMOM,2025-04-21 13:15:00,SELL,86962.6,87319.3,86495.4,87319.3,2025-04-21 13:30:00,SL,-386.7,DROPMOM
DROPMOM,2025-04-23 14:00:00,SELL,93067.0,93548.44,92324.28,93548.44,2025-04-23 14:00:00,SL,-511.44,DROPMOM
DROPMOM,2025-04-23 15:00:00,SELL,92976.8,93618.7,92136.57,92136.57,2025-04-23 15:15:00,TP,810.23,DROPMOM
DROPMOM,2025-04-28 15:30:00,SELL,93788.8,94417.09,92953.41,94417.09,2025-04-28 19:00:00,SL,-658.29,DROPMOM
DROPMOM,2025-04-30 13:15:00,SELL,94298.2,94607.16,93888.58,94607.16,2025-04-30 13:15:00,SL,-338.96,DROPMOM
DROPMOM,2025-04-30 13:45:00,SELL,93948.0,94327.06,93447.02,93447.02,2025-04-30 13:45:00,TP,470.98,DROPMOM
DROPMOM,2025-04-30 15:00:00,SELL,93717.4,94308.3,92944.24,94308.3,2025-04-30 18:00:00,SL,-620.9,DROPMOM
DROPMOM,2025-05-05 13:45:00,SELL,93868.1,94183.62,93445.78,94183.62,2025-05-05 13:45:00,SL,-345.51,DROPMOM
DROPMOM,2025-05-05 15:15:00,SELL,93736.3,94199.54,93135.21,94199.54,2025-05-05 16:15:00,SL,-493.24,DROPMOM
DROPMOM,2025-05-06 13:15:00,SELL,93701.6,93981.18,93328.13,93981.18,2025-05-06 13:30:00,SL,-309.58,DROPMOM
DROPMOM,2025-05-06 14:00:00,SELL,93608.2,93916.42,93183.7,93916.42,2025-05-06 14:00:00,SL,-338.22,DROPMOM
DROPMOM,2025-05-07 16:30:00,SELL,96548.6,96944.3,96010.74,96944.3,2025-05-07 16:45:00,SL,-425.69,DROPMOM
DROPMOM,2025-05-07 17:45:00,SELL,96584.8,97014.43,96030.39,96030.39,2025-05-07 18:00:00,TP,524.41,DROPMOM
DROPMOM,2025-05-07 19:30:00,SELL,96020.0,96564.83,95299.16,96564.83,2025-05-07 19:30:00,SL,-574.83,DROPMOM
DROPMOM,2025-05-12 14:30:00,SELL,102954.8,103522.0,102127.14,102127.14,2025-05-12 18:00:00,TP,797.66,DROPMOM
DROPMOM,2025-05-14 14:30:00,SELL,103124.0,103562.37,102533.21,103562.37,2025-05-14 15:30:00,SL,-468.37,DROPMOM
DROPMOM,2025-05-14 17:30:00,SELL,102891.6,103440.26,102157.48,103440.26,2025-05-14 18:15:00,SL,-578.66,DROPMOM
DROPMOM,2025-05-20 13:45:00,SELL,104292.0,104597.29,103883.08,104597.29,2025-05-20 13:45:00,SL,-335.29,DROPMOM
DROPMOM,2025-05-26 16:30:00,SELL,109384.5,109855.3,108776.13,109855.3,2025-05-26 22:00:00,SL,-500.8,DROPMOM
DROPMOM,2025-05-28 13:45:00,SELL,108553.7,108915.1,108063.66,108063.66,2025-05-28 13:45:00,TP,460.04,DROPMOM
DROPMOM,2025-05-29 14:30:00,SELL,107071.4,107517.39,106476.75,106476.75,2025-05-29 14:30:00,TP,564.65,DROPMOM
DROPMOM,2025-05-29 16:00:00,SELL,107066.6,107589.5,106318.77,106318.77,2025-05-29 17:30:00,TP,717.83,DROPMOM
DROPMOM,2025-05-30 16:30:00,SELL,104701.1,105288.02,103824.98,103824.98,2025-05-30 16:45:00,TP,846.12,DROPMOM
DROPMOM,2025-06-04 12:30:00,SELL,105028.5,105312.35,104654.93,105312.35,2025-06-04 13:30:00,SL,-313.85,DROPMOM
DROPMOM,2025-06-04 14:00:00,SELL,104716.4,105154.82,104345.58,104345.58,2025-06-04 14:00:00,TP,340.82,DROPMOM
DROPMOM,2025-06-05 16:45:00,SELL,103771.4,104368.15,102978.3,102978.3,2025-06-05 18:00:00,TP,763.1,DROPMOM
DROPMOM,2025-06-05 18:45:00,SELL,102921.3,103608.99,101985.25,101985.25,2025-06-05 19:15:00,TP,906.05,DROPMOM
DROPMOM,2025-06-10 13:45:00,SELL,109072.1,109428.03,108595.89,108595.89,2025-06-10 14:30:00,TP,446.21,DROPMOM
DROPMOM,2025-06-11 18:00:00,SELL,109024.8,109553.03,108327.96,108327.96,2025-06-11 22:15:00,TP,666.84,DROPMOM
DROPMOM,2025-06-12 13:30:00,SELL,106870.6,107196.06,106435.26,107196.06,2025-06-12 13:45:00,SL,-355.46,DROPMOM
DROPMOM,2025-06-17 15:30:00,SELL,104315.8,104833.02,103629.44,103629.44,2025-06-17 16:45:00,TP,656.36,DROPMOM
DROPMOM,2025-06-18 13:15:00,SELL,104052.2,104435.23,103528.43,104435.23,2025-06-18 13:45:00,SL,-413.03,DROPMOM
DROPMOM,2025-06-18 19:00:00,SELL,103636.9,104350.43,102680.86,104350.43,2025-06-18 19:00:00,SL,-743.53,DROPMOM
DROPMOM,2025-06-19 13:45:00,SELL,104551.9,104787.6,104246.5,104246.5,2025-06-19 14:45:00,TP,275.4,DROPMOM
DROPMOM,2025-06-19 15:45:00,SELL,104248.7,104549.39,103855.71,104549.39,2025-06-19 17:30:00,SL,-330.69,DROPMOM
DROPMOM,2025-06-20 15:00:00,SELL,103906.0,104366.8,103281.34,104366.8,2025-06-20 15:00:00,SL,-490.79,DROPMOM
DROPMOM,2025-06-20 16:15:00,SELL,104082.0,104618.9,103367.06,103367.06,2025-06-20 17:15:00,TP,684.94,DROPMOM
DROPMOM,2025-06-23 16:30:00,SELL,100303.8,100984.82,99392.74,100984.82,2025-06-23 17:00:00,SL,-711.02,DROPMOM
DROPMOM,2025-06-30 15:00:00,SELL,106827.0,107155.75,106384.23,107155.75,2025-06-30 15:15:00,SL,-358.75,DROPMOM
DROPMOM,2025-07-01 14:45:00,SELL,106065.4,106487.16,105519.38,105519.38,2025-07-01 19:00:00,TP,516.02,DROPMOM
DROPMOM,2025-07-01 19:45:00,SELL,105461.1,105866.81,104921.32,105866.81,2025-07-01 20:45:00,SL,-435.71,DROPMOM
DROPMOM,2025-07-04 13:45:00,SELL,108396.9,108692.86,108123.62,108123.62,2025-07-04 13:45:00,TP,243.28,DROPMOM
DROPMOM,2025-07-07 12:30:00,SELL,108440.9,108664.42,108145.44,108145.44,2025-07-07 13:15:00,TP,265.46,DROPMOM
DROPMOM,2025-07-07 13:45:00,SELL,108162.6,108441.74,107782.95,108441.74,2025-07-07 13:45:00,SL,-309.14,DROPMOM
DROPMOM,2025-07-07 14:15:00,SELL,108170.6,108515.23,107711.79,108515.23,2025-07-07 15:15:00,SL,-374.63,DROPMOM
DROPMOM,2025-07-07 18:30:00,SELL,107521.7,108039.18,106845.02,108039.18,2025-07-07 18:45:00,SL,-547.49,DROPMOM
DROPMOM,2025-07-10 12:15:00,SELL,110863.5,111089.44,110576.94,111089.44,2025-07-10 13:15:00,SL,-255.95,DROPMOM
DROPMOM,2025-07-11 16:00:00,SELL,116936.2,117532.52,116126.17,117532.52,2025-07-11 17:00:00,SL,-626.32,DROPMOM
DROPMOM,2025-07-14 14:45:00,SELL,120963.8,121513.75,120237.07,120237.07,2025-07-14 15:30:00,TP,696.73,DROPMOM
DROPMOM,2025-07-15 15:00:00,SELL,116053.0,116882.02,114890.71,116882.02,2025-07-15 16:00:00,SL,-859.02,DROPMOM
DROPMOM,2025-07-17 12:30:00,SELL,117509.8,117958.69,116902.41,117958.69,2025-07-17 12:30:00,SL,-478.89,DROPMOM
DROPMOM,2025-07-18 14:45:00,SELL,117814.6,118388.1,117045.74,118388.1,2025-07-18 14:45:00,SL,-603.49,DROPMOM
DROPMOM,2025-07-21 17:45:00,SELL,117488.2,118090.38,116675.03,118090.38,2025-07-21 18:15:00,SL,-632.18,DROPMOM
DROPMOM,2025-07-21 18:45:00,SELL,117492.6,118118.32,116661.11,117170.2,2025-07-22 00:45:00,TIME,292.4,DROPMOM
DROPMOM,2025-07-23 13:45:00,SELL,117663.2,118104.38,117074.49,118104.38,2025-07-23 14:15:00,SL,-471.18,DROPMOM
DROPMOM,2025-07-28 14:30:00,SELL,118105.8,118560.28,117498.89,117498.89,2025-07-28 18:00:00,TP,576.91,DROPMOM
DROPMOM,2025-07-28 18:30:00,SELL,117559.4,118072.82,116795.97,118072.82,2025-07-28 19:00:00,SL,-543.42,DROPMOM
DROPMOM,2025-07-29 14:15:00,SELL,118117.6,118546.4,117547.27,117547.27,2025-07-29 15:15:00,TP,540.33,DROPMOM
DROPMOM,2025-07-30 12:45:00,SELL,117577.2,117987.26,117045.85,117987.26,2025-07-30 14:15:00,SL,-440.06,DROPMOM
DROPMOM,2025-07-30 19:00:00,SELL,116504.4,117083.78,115734.23,115734.23,2025-07-30 19:00:00,TP,740.17,DROPMOM
DROPMOM,2025-07-31 13:30:00,SELL,118134.6,118405.78,117770.7,118405.78,2025-07-31 13:30:00,SL,-301.18,DROPMOM
DROPMOM,2025-07-31 14:30:00,SELL,117954.8,118357.14,117460.34,118357.14,2025-07-31 15:45:00,SL,-432.35,DROPMOM
DROPMOM,2025-07-31 17:30:00,SELL,117865.2,118391.51,117124.72,117124.72,2025-07-31 19:15:00,TP,710.48,DROPMOM
DROPMOM,2025-08-01 14:00:00,SELL,114273.8,114844.02,113520.51,114844.02,2025-08-01 14:00:00,SL,-600.22,DROPMOM
DROPMOM,2025-08-01 18:15:00,SELL,114044.6,114904.86,112901.78,114363.4,2025-08-04 00:15:00,TIME,-348.8,DROPMOM
DROPMOM,2025-08-05 14:30:00,SELL,113236.8,113756.07,112534.64,113756.07,2025-08-05 19:00:00,SL,-549.27,DROPMOM
DROPMOM,2025-08-08 15:15:00,SELL,116371.1,116729.04,115866.54,116729.04,2025-08-08 17:45:00,SL,-387.94,DROPMOM
DROPMOM,2025-08-14 12:45:00,SELL,119587.6,120277.84,118659.81,118659.81,2025-08-14 13:00:00,TP,897.79,DROPMOM
DROPMOM,2025-08-15 13:15:00,SELL,118573.1,118929.63,118091.43,118091.43,2025-08-15 13:30:00,TP,451.67,DROPMOM
DROPMOM,2025-08-15 16:15:00,SELL,117088.6,117716.3,116285.27,117716.3,2025-08-15 17:15:00,SL,-657.7,DROPMOM
DROPMOM,2025-08-19 14:30:00,SELL,114156.9,114585.09,113578.28,113578.28,2025-08-19 15:00:00,TP,548.62,DROPMOM
DROPMOM,2025-08-19 16:00:00,SELL,113794.8,114336.12,113063.24,113063.24,2025-08-19 18:30:00,TP,701.56,DROPMOM
DROPMOM,2025-08-20 13:15:00,SELL,113330.4,113714.28,112826.03,112826.03,2025-08-20 13:45:00,TP,474.37,DROPMOM
DROPMOM,2025-08-21 15:15:00,SELL,112675.4,113203.61,111994.45,111994.45,2025-08-21 19:30:00,TP,650.95,DROPMOM
DROPMOM,2025-08-26 15:45:00,SELL,109601.2,110274.08,108705.42,110274.08,2025-08-26 18:15:00,SL,-702.89,DROPMOM
DROPMOM,2025-08-28 14:30:00,SELL,112660.9,113018.91,112177.25,113018.91,2025-08-28 14:30:00,SL,-388.01,DROPMOM
DROPMOM,2025-08-28 15:30:00,SELL,112583.2,113062.33,111948.56,113062.33,2025-08-28 16:15:00,SL,-509.13,DROPMOM
DROPMOM,2025-08-28 17:00:00,SELL,112343.4,112918.77,111594.91,112384.4,2025-08-28 23:00:00,TIME,-71.0,DROPMOM
DROPMOM,2025-08-29 14:15:00,SELL,108730.2,109318.82,107996.01,107996.01,2025-08-29 19:00:00,TP,704.19,DROPMOM
DROPMOM,2025-09-02 12:15:00,SELL,109428.1,109842.25,108876.6,108876.6,2025-09-02 12:30:00,TP,521.5,DROPMOM
DROPMOM,2025-09-04 14:15:00,SELL,109828.9,110276.91,109227.59,110276.91,2025-09-04 20:15:00,SL,-478.01,DROPMOM
DROPMOM,2025-09-05 14:30:00,SELL,110993.8,111630.48,110123.9,111630.48,2025-09-05 19:45:00,SL,-666.68,DROPMOM
DROPMOM,2025-09-09 14:45:00,SELL,111584.4,112019.38,110999.29,110999.29,2025-09-09 15:30:00,TP,555.11,DROPMOM
DROPMOM,2025-09-11 13:15:00,SELL,113520.3,113867.25,113053.03,113867.25,2025-09-11 13:30:00,SL,-376.95,DROPMOM
DROPMOM,2025-09-16 13:45:00,SELL,115105.5,115357.56,114768.25,115357.56,2025-09-16 15:30:00,SL,-282.06,DROPMOM
DROPMOM,2025-09-17 14:30:00,SELL,115686.0,115997.24,115280.35,115997.24,2025-09-17 17:30:00,SL,-341.24,DROPMOM
DROPMOM,2025-09-17 18:45:00,SELL,114917.0,115530.44,114093.25,115530.44,2025-09-17 19:00:00,SL,-643.44,DROPMOM
DROPMOM,2025-09-19 12:30:00,SELL,116273.0,116490.72,115982.7,116490.72,2025-09-19 13:45:00,SL,-247.73,DROPMOM
DROPMOM,2025-09-19 15:00:00,SELL,115950.0,116222.8,115585.1,115585.1,2025-09-19 15:00:00,TP,334.9,DROPMOM
DROPMOM,2025-09-19 19:15:00,SELL,115341.0,115688.99,114875.85,114875.85,2025-09-22 00:30:00,TP,435.15,DROPMOM
DROPMOM,2025-09-22 19:45:00,SELL,112094.0,112476.0,111580.0,112476.0,2025-09-22 20:30:00,SL,-412.0,DROPMOM
DROPMOM,2025-09-23 15:00:00,SELL,112722.5,113056.56,112278.25,113056.56,2025-09-23 15:00:00,SL,-364.06,DROPMOM
DROPMOM,2025-09-23 16:15:00,SELL,112637.0,113020.79,112129.95,113020.79,2025-09-23 16:45:00,SL,-413.79,DROPMOM
DROPMOM,2025-09-23 17:15:00,SELL,112612.5,113049.75,112061.0,112061.0,2025-09-23 17:30:00,TP,521.5,DROPMOM
DROPMOM,2025-09-25 13:45:00,SELL,110747.0,111255.68,110064.1,111255.68,2025-09-25 14:00:00,SL,-538.68,DROPMOM
DROPMOM,2025-09-25 17:15:00,SELL,110211.5,110945.21,109319.55,109319.55,2025-09-25 17:45:00,TP,861.95,DROPMOM
DROPMOM,2025-10-07 14:15:00,SELL,122922.5,123439.74,122260.85,122260.85,2025-10-07 15:00:00,TP,631.65,DROPMOM
DROPMOM,2025-10-09 17:00:00,SELL,119912.2,120821.36,118772.32,120821.36,2025-10-09 17:45:00,SL,-939.16,DROPMOM
DROPMOM,2025-10-10 15:00:00,SELL,120533.5,121061.65,119849.13,119849.13,2025-10-10 15:15:00,TP,654.37,DROPMOM
DROPMOM,2025-10-10 19:30:00,SELL,116053.8,117072.65,114816.67,117072.65,2025-10-10 19:45:00,SL,-1048.85,DROPMOM
DROPMOM,2025-10-15 12:30:00,SELL,111559.2,112094.28,110852.76,110852.76,2025-10-15 13:45:00,TP,676.44,DROPMOM
DROPMOM,2025-10-15 15:00:00,SELL,111149.9,111822.09,110241.98,110241.98,2025-10-15 17:15:00,TP,877.92,DROPMOM
DROPMOM,2025-10-16 14:15:00,SELL,110268.1,111008.92,109264.01,111008.92,2025-10-16 14:30:00,SL,-770.82,DROPMOM
DROPMOM,2025-10-16 15:30:00,SELL,110100.2,110897.48,109062.83,109062.83,2025-10-16 15:30:00,TP,1007.37,DROPMOM
DROPMOM,2025-10-16 17:15:00,SELL,108551.2,109656.21,107081.59,108328.5,2025-10-16 23:15:00,TIME,192.7,DROPMOM
DROPMOM,2025-10-20 16:45:00,SELL,110534.8,111080.38,109804.32,111080.38,2025-10-20 17:00:00,SL,-575.58,DROPMOM
DROPMOM,2025-10-20 17:30:00,SELL,110415.4,111023.09,109598.85,111023.09,2025-10-20 19:00:00,SL,-637.69,DROPMOM
DROPMOM,2025-10-24 13:45:00,SELL,110708.2,111199.52,110060.1,110060.1,2025-10-24 14:15:00,TP,618.1,DROPMOM
DROPMOM,2025-10-24 15:45:00,SELL,110163.6,110853.56,109253.46,110853.56,2025-10-24 19:00:00,SL,-719.96,DROPMOM
DROPMOM,2025-10-27 14:15:00,SELL,114823.0,115282.64,114247.95,115282.64,2025-10-27 16:00:00,SL,-489.64,DROPMOM
DROPMOM,2025-10-28 19:30:00,SELL,113701.2,114453.98,112739.5,112739.5,2025-10-28 20:15:00,TP,931.7,DROPMOM
DROPMOM,2025-10-29 14:30:00,SELL,112344.2,112788.58,111768.5,111768.5,2025-10-29 15:30:00,TP,545.7,DROPMOM
DROPMOM,2025-10-29 18:45:00,SELL,109760.0,110579.36,108671.26,110579.36,2025-10-29 18:45:00,SL,-849.36,DROPMOM
DROPMOM,2025-10-30 12:45:00,SELL,108510.8,109077.58,107800.36,107800.36,2025-10-30 13:30:00,TP,680.44,DROPMOM
DROPMOM,2025-10-31 17:00:00,SELL,108752.1,109570.81,107656.99,109570.81,2025-10-31 18:30:00,SL,-848.71,DROPMOM
DROPMOM,2025-11-03 15:30:00,SELL,105951.6,106665.05,105036.27,106665.05,2025-11-03 16:45:00,SL,-743.45,DROPMOM
DROPMOM,2025-11-04 16:00:00,SELL,103161.1,103894.82,102148.27,102148.27,2025-11-04 16:45:00,TP,982.83,DROPMOM
DROPMOM,2025-11-06 12:45:00,SELL,102434.8,102859.1,101862.3,102859.1,2025-11-06 13:00:00,SL,-454.3,DROPMOM
DROPMOM,2025-11-06 14:45:00,SELL,102482.4,103068.24,101721.81,101721.81,2025-11-06 15:30:00,TP,730.59,DROPMOM
DROPMOM,2025-11-07 12:30:00,SELL,99873.4,100421.36,99181.06,100421.36,2025-11-07 13:15:00,SL,-577.96,DROPMOM
DROPMOM,2025-11-10 14:45:00,SELL,105651.6,106034.52,105097.18,105097.18,2025-11-10 14:45:00,TP,524.42,DROPMOM
DROPMOM,2025-11-10 16:00:00,SELL,105045.9,105609.46,104282.36,105609.46,2025-11-10 17:30:00,SL,-593.56,DROPMOM
DROPMOM,2025-11-11 13:30:00,SELL,104353.0,104765.93,103780.26,103780.26,2025-11-11 15:15:00,TP,542.74,DROPMOM
DROPMOM,2025-11-11 17:45:00,SELL,102954.0,103568.08,102139.9,103018.0,2025-11-11 23:45:00,TIME,-94.0,DROPMOM
DROPMOM,2025-11-12 15:45:00,SELL,102779.5,103390.31,101938.25,101938.25,2025-11-12 16:00:00,TP,811.25,DROPMOM
DROPMOM,2025-11-13 14:45:00,SELL,101806.5,102360.52,101078.3,102360.52,2025-11-13 14:45:00,SL,-584.02,DROPMOM
DROPMOM,2025-11-13 15:45:00,SELL,101576.5,102303.86,100569.35,100569.35,2025-11-13 16:45:00,TP,977.15,DROPMOM
DROPMOM,2025-11-14 12:45:00,SELL,94809.5,95564.89,93818.65,95564.89,2025-11-14 13:00:00,SL,-785.39,DROPMOM
DROPMOM,2025-11-14 13:45:00,SELL,94668.5,95444.32,93601.4,95444.32,2025-11-14 13:45:00,SL,-805.82,DROPMOM
DROPMOM,2025-11-17 13:30:00,SELL,94505.5,94937.91,93925.45,93925.45,2025-11-17 13:30:00,TP,550.05,DROPMOM
DROPMOM,2025-11-17 16:00:00,SELL,93887.0,94748.84,92739.05,92739.05,2025-11-17 17:30:00,TP,1117.95,DROPMOM
DROPMOM,2025-11-17 18:30:00,SELL,92388.0,93449.34,90900.55,91309.5,2025-11-18 00:30:00,TIME,1048.5,DROPMOM
DROPMOM,2025-11-19 15:45:00,SELL,90639.0,91255.91,89774.45,89774.45,2025-11-19 16:15:00,TP,834.55,DROPMOM
DROPMOM,2025-11-19 18:30:00,SELL,88933.5,89840.36,87780.35,89840.36,2025-11-19 21:00:00,SL,-936.86,DROPMOM
DROPMOM,2025-11-20 14:15:00,SELL,90623.5,91200.39,89842.65,91200.39,2025-11-20 14:15:00,SL,-606.89,DROPMOM
DROPMOM,2025-11-20 14:45:00,SELL,90941.5,91609.81,90066.75,90066.75,2025-11-20 15:45:00,TP,844.75,DROPMOM
DROPMOM,2025-11-21 12:30:00,SELL,80866.5,82070.89,79218.65,82070.89,2025-11-21 12:30:00,SL,-1234.39,DROPMOM
DROPMOM,2025-11-25 14:45:00,SELL,86572.5,87057.16,85948.45,87057.16,2025-11-25 15:30:00,SL,-514.66,DROPMOM
DROPMOM,2025-11-25 19:30:00,SELL,86261.0,86961.2,85316.9,86961.2,2025-11-25 20:00:00,SL,-730.2,DROPMOM
DROPMOM,2025-11-26 12:15:00,SELL,86553.0,86885.48,86116.7,86885.48,2025-11-26 13:30:00,SL,-362.48,DROPMOM
DROPMOM,2025-11-27 13:15:00,SELL,90833.0,91138.0,90417.0,91138.0,2025-11-27 16:00:00,SL,-335.0,DROPMOM
DROPMOM,2025-11-28 17:30:00,SELL,90522.5,91252.3,89550.6,91252.3,2025-11-28 20:30:00,SL,-759.8,DROPMOM
DROPMOM,2025-12-01 12:45:00,SELL,85486.5,85826.76,84993.15,84993.15,2025-12-01 12:45:00,TP,463.35,DROPMOM
DROPMOM,2025-12-01 15:30:00,SELL,84953.5,85561.34,84150.05,84150.05,2025-12-01 15:30:00,TP,773.45,DROPMOM
DROPMOM,2025-12-03 14:15:00,SELL,92074.5,92537.44,91453.75,92537.44,2025-12-03 14:15:00,SL,-492.94,DROPMOM
DROPMOM,2025-12-03 15:15:00,SELL,92283.0,92985.14,91345.65,92985.14,2025-12-03 17:45:00,SL,-732.14,DROPMOM
DROPMOM,2025-12-04 13:15:00,SELL,92580.0,92953.16,92078.95,92953.16,2025-12-04 13:30:00,SL,-403.16,DROPMOM
DROPMOM,2025-12-04 14:00:00,SELL,92551.0,92945.84,92028.05,92028.05,2025-12-04 14:45:00,TP,492.95,DROPMOM
DROPMOM,2025-12-04 17:30:00,SELL,92169.5,92867.45,91252.9,91252.9,2025-12-04 19:15:00,TP,886.6,DROPMOM
DROPMOM,2025-12-05 13:45:00,SELL,90466.0,90924.85,89840.2,90924.85,2025-12-05 15:00:00,SL,-488.85,DROPMOM
DROPMOM,2025-12-05 16:15:00,SELL,89386.0,90120.51,88424.15,88424.15,2025-12-05 16:30:00,TP,931.85,DROPMOM
DROPMOM,2025-12-08 15:00:00,SELL,90873.5,91343.02,90256.8,90256.8,2025-12-08 15:00:00,TP,586.7,DROPMOM
DROPMOM,2025-12-11 15:00:00,SELL,89552.5,89919.79,89063.95,89919.79,2025-12-11 15:00:00,SL,-397.29,DROPMOM
DROPMOM,2025-12-11 15:45:00,SELL,89808.5,90319.35,89171.7,90319.35,2025-12-11 18:00:00,SL,-540.85,DROPMOM
DROPMOM,2025-12-12 15:15:00,SELL,92005.5,92349.86,91539.35,91539.35,2025-12-12 15:15:00,TP,436.15,DROPMOM
DROPMOM,2025-12-12 17:30:00,SELL,89857.5,90617.66,88854.45,90617.66,2025-12-12 18:30:00,SL,-790.16,DROPMOM
DROPMOM,2025-12-15 14:30:00,SELL,89414.5,89698.95,89008.4,89698.95,2025-12-15 14:30:00,SL,-314.45,DROPMOM
DROPMOM,2025-12-18 17:30:00,SELL,85864.0,86968.44,84344.75,85428.5,2025-12-18 23:30:00,TIME,405.5,DROPMOM
DROPMOM,2025-12-19 17:30:00,SELL,87577.0,88333.05,86538.6,88333.05,2025-12-21 22:00:00,SL,-786.05,DROPMOM
DROPMOM,2025-12-22 19:15:00,SELL,88681.0,89327.99,87821.85,88560.0,2025-12-23 01:15:00,TIME,91.0,DROPMOM
DROPMOM,2025-12-23 15:00:00,SELL,86840.5,87209.22,86347.7,87209.22,2025-12-23 15:15:00,SL,-398.73,DROPMOM
DROPMOM,2025-12-26 15:00:00,SELL,87313.5,87649.99,86854.35,86854.35,2025-12-26 15:00:00,TP,429.15,DROPMOM
DROPMOM,2025-12-26 17:00:00,SELL,86792.0,87268.35,86148.7,87268.35,2025-12-26 17:30:00,SL,-506.35,DROPMOM
DROPMOM,2025-12-29 12:15:00,SELL,86870.0,87281.36,86295.85,87281.36,2025-12-29 12:30:00,SL,-441.36,DROPMOM
DROPMOM,2025-12-31 15:15:00,SELL,88076.5,88382.52,87667.3,87667.3,2025-12-31 15:30:00,TP,379.2,DROPMOM
DROPMOM,2026-01-06 16:30:00,SELL,92807.0,93280.22,92177.2,92177.2,2026-01-06 17:30:00,TP,599.8,DROPMOM
DROPMOM,2026-01-07 15:30:00,SELL,91195.0,91625.89,90621.65,91625.89,2026-01-07 16:15:00,SL,-460.89,DROPMOM
DROPMOM,2026-01-07 19:00:00,SELL,90813.5,91422.64,90007.15,91422.64,2026-01-08 00:00:00,SL,-639.14,DROPMOM
DROPMOM,2026-01-08 14:45:00,SELL,89315.0,89734.55,88790.6,89734.55,2026-01-08 14:45:00,SL,-449.55,DROPMOM
DROPMOM,2026-01-15 14:45:00,SELL,95801.0,96193.19,95293.25,96193.19,2026-01-15 14:45:00,SL,-422.19,DROPMOM
DROPMOM,2026-01-15 15:30:00,SELL,95854.5,96335.18,95203.1,96335.18,2026-01-15 15:45:00,SL,-510.68,DROPMOM
DROPMOM,2026-01-15 19:00:00,SELL,95829.0,96612.94,94787.25,95464.0,2026-01-16 01:00:00,TIME,335.0,DROPMOM
DROPMOM,2026-01-16 15:00:00,SELL,95152.5,95449.2,94788.4,95449.2,2026-01-16 15:00:00,SL,-326.7,DROPMOM
DROPMOM,2026-01-16 15:30:00,SELL,94671.5,95045.51,94168.15,95045.51,2026-01-16 17:45:00,SL,-404.01,DROPMOM
DROPMOM,2026-01-20 15:00:00,SELL,90431.0,90831.55,89933.1,89933.1,2026-01-20 15:00:00,TP,467.9,DROPMOM
DROPMOM,2026-01-20 15:45:00,SELL,90440.5,90915.62,89803.5,89803.5,2026-01-20 17:30:00,TP,607.0,DROPMOM
DROPMOM,2026-01-21 16:45:00,SELL,88073.0,88879.25,87008.5,88879.25,2026-01-21 19:15:00,SL,-836.25,DROPMOM
DROPMOM,2026-01-22 13:45:00,SELL,89541.0,89790.72,89184.7,89184.7,2026-01-22 14:30:00,TP,326.3,DROPMOM
DROPMOM,2026-01-23 15:15:00,SELL,88712.5,89073.49,88235.85,89073.49,2026-01-23 15:15:00,SL,-390.99,DROPMOM
DROPMOM,2026-01-26 16:15:00,SELL,87347.5,87850.04,86624.95,87850.04,2026-01-26 16:15:00,SL,-532.54,DROPMOM
DROPMOM,2026-01-27 17:45:00,SELL,87255.0,87826.76,86496.15,87826.76,2026-01-27 18:15:00,SL,-601.76,DROPMOM
DROPMOM,2026-01-29 14:45:00,SELL,87535.0,87789.5,87194.5,87194.5,2026-01-29 14:45:00,TP,310.5,DROPMOM
DROPMOM,2026-02-03 15:00:00,SELL,77118.5,77591.86,76508.35,77591.86,2026-02-03 15:00:00,SL,-503.36,DROPMOM
DROPMOM,2026-02-03 15:45:00,SELL,77404.5,77992.36,76632.35,77992.36,2026-02-03 15:45:00,SL,-617.86,DROPMOM
DROPMOM,2026-02-03 16:15:00,SELL,77298.5,77960.95,76370.9,76370.9,2026-02-03 17:00:00,TP,897.6,DROPMOM
DROPMOM,2026-02-04 13:45:00,SELL,75235.5,75655.84,74682.05,74682.05,2026-02-04 14:00:00,TP,523.45,DROPMOM
DROPMOM,2026-02-04 15:45:00,SELL,74257.5,75074.99,73162.85,73162.85,2026-02-04 16:30:00,TP,1064.65,DROPMOM
DROPMOM,2026-02-05 12:15:00,SELL,69799.5,70555.16,68777.95,70555.16,2026-02-05 14:30:00,SL,-785.66,DROPMOM
DROPMOM,2026-02-05 15:15:00,SELL,67905.0,68886.6,66515.7,66515.7,2026-02-05 17:15:00,TP,1359.3,DROPMOM
DROPMOM,2026-02-05 18:00:00,SELL,66040.0,67498.6,64088.2,64088.2,2026-02-05 20:15:00,TP,1921.8,DROPMOM
DROPMOM,2026-02-10 14:45:00,SELL,68186.0,68716.31,67512.75,68716.31,2026-02-10 15:00:00,SL,-560.31,DROPMOM
DROPMOM,2026-02-11 15:15:00,SELL,66078.5,66830.1,64991.2,66830.1,2026-02-11 16:00:00,SL,-781.6,DROPMOM
DROPMOM,2026-02-12 16:15:00,SELL,66523.5,67179.79,65676.45,65676.45,2026-02-12 16:45:00,TP,817.05,DROPMOM
DROPMOM,2026-02-12 17:45:00,SELL,65935.5,66728.95,64837.9,66227.5,2026-02-12 23:45:00,TIME,-322.0,DROPMOM
DROPMOM,2026-02-16 15:45:00,SELL,67426.5,68068.04,66566.45,68068.04,2026-02-16 18:00:00,SL,-671.54,DROPMOM
DROPMOM,2026-02-17 14:45:00,SELL,67077.5,67523.42,66491.1,67523.42,2026-02-17 16:00:00,SL,-475.93,DROPMOM
DROPMOM,2026-02-18 14:30:00,SELL,67045.5,67390.52,66573.8,67390.52,2026-02-18 15:00:00,SL,-375.02,DROPMOM
DROPMOM,2026-02-18 18:45:00,SELL,66309.5,66877.8,65547.1,66413.0,2026-02-19 00:45:00,TIME,-133.5,DROPMOM
DROPMOM,2026-02-19 13:00:00,SELL,66499.5,66771.19,66130.25,66130.25,2026-02-19 13:15:00,TP,339.25,DROPMOM
DROPMOM,2026-02-20 13:45:00,SELL,66617.5,66997.06,66106.75,66997.06,2026-02-20 14:00:00,SL,-409.56,DROPMOM
DROPMOM,2026-02-23 16:15:00,SELL,65215.0,65673.98,64579.7,65673.98,2026-02-23 16:30:00,SL,-488.98,DROPMOM
DROPMOM,2026-02-23 17:00:00,SELL,65353.5,65863.31,64677.25,64677.25,2026-02-23 17:15:00,TP,646.25,DROPMOM
DROPMOM,2026-02-23 19:45:00,SELL,64215.5,64779.5,63390.0,64779.5,2026-02-23 22:00:00,SL,-594.0,DROPMOM
DROPMOM,2026-02-26 15:00:00,SELL,67713.5,68124.27,67218.3,67218.3,2026-02-26 15:15:00,TP,465.2,DROPMOM
DROPMOM,2026-02-26 16:45:00,SELL,67048.5,67591.2,66310.9,67591.2,2026-02-26 19:00:00,SL,-572.7,DROPMOM
DROPMOM,2026-03-02 14:00:00,SELL,65450.5,65831.64,64951.65,65831.64,2026-03-02 14:30:00,SL,-411.14,DROPMOM
DROPMOM,2026-03-05 15:30:00,SELL,71313.0,71946.04,70454.95,71217.5,2026-03-05 21:30:00,TIME,65.5,DROPMOM
DROPMOM,2026-03-06 12:15:00,SELL,69944.5,70274.3,69486.1,70274.3,2026-03-06 13:30:00,SL,-359.8,DROPMOM
DROPMOM,2026-03-06 14:00:00,SELL,69238.0,69694.51,68635.15,68635.15,2026-03-06 14:30:00,TP,572.85,DROPMOM
DROPMOM,2026-03-06 16:00:00,SELL,68507.0,69142.68,67671.1,67671.1,2026-03-08 21:00:00,TP,805.9,DROPMOM
DROPMOM,2026-03-10 14:15:00,SELL,69507.5,69990.84,68870.05,69990.84,2026-03-10 14:30:00,SL,-513.34,DROPMOM
DROPMOM,2026-03-19 13:00:00,SELL,69291.5,69652.05,68799.1,69652.05,2026-03-19 13:30:00,SL,-390.55,DROPMOM
DROPMOM,2026-03-19 14:30:00,SELL,69158.5,69626.18,68518.6,69626.18,2026-03-19 15:00:00,SL,-497.68,DROPMOM
DROPMOM,2026-03-19 15:45:00,SELL,68884.5,69455.89,68126.15,69455.89,2026-03-19 15:45:00,SL,-601.39,DROPMOM
DROPMOM,2026-03-20 14:00:00,SELL,69854.5,70297.79,69266.95,70197.5,2026-03-20 20:00:00,TIME,-373.0,DROPMOM
DROPMOM,2026-03-24 14:15:00,SELL,69832.5,70262.02,69273.8,69273.8,2026-03-24 17:00:00,TP,528.7,DROPMOM
DROPMOM,2026-03-26 15:15:00,SELL,68899.5,69293.34,68449.05,68449.05,2026-03-26 17:45:00,TP,420.45,DROPMOM
DROPMOM,2026-03-30 14:45:00,SELL,67079.0,67410.21,66631.55,67410.21,2026-03-30 14:45:00,SL,-361.21,DROPMOM
DROPMOM,2026-03-30 17:30:00,SELL,66741.5,67207.12,66105.5,66710.5,2026-03-30 23:30:00,TIME,1.0,DROPMOM
DROPMOM,2026-04-01 18:15:00,SELL,68068.5,68544.46,67445.55,68544.46,2026-04-01 21:15:00,SL,-505.96,DROPMOM
DROPMOM,2026-04-02 13:00:00,SELL,66030.5,66310.35,65652.7,66310.35,2026-04-02 14:00:00,SL,-309.85,DROPMOM
DROPMOM,2026-04-07 14:15:00,SELL,67880.5,68277.62,67365.0,68277.62,2026-04-07 16:00:00,SL,-427.12,DROPMOM
DROPMOM,2026-04-08 14:45:00,SELL,71096.5,71585.12,70452.0,71585.12,2026-04-08 16:45:00,SL,-518.62,DROPMOM
DROPMOM,2026-04-09 14:30:00,SELL,70641.0,70937.89,70222.98,70937.89,2026-04-09 14:45:00,SL,-326.89,DROPMOM
DROPMOM,2026-04-16 14:00:00,SELL,73776.0,74164.76,73320.65,74164.76,2026-04-16 14:45:00,SL,-418.76,DROPMOM
DROPMOM,2026-04-21 17:30:00,SELL,75343.0,75918.92,74582.1,75918.92,2026-04-21 19:15:00,SL,-605.93,DROPMOM
DROPMOM,2026-04-21 19:45:00,SELL,74879.5,75450.77,74107.3,75450.77,2026-04-21 20:00:00,SL,-601.27,DROPMOM
DROPMOM,2026-04-27 15:15:00,SELL,77381.0,77697.56,76971.75,76971.75,2026-04-27 15:15:00,TP,379.25,DROPMOM
DROPMOM,2026-04-28 13:15:00,SELL,76134.0,76387.15,75791.8,76387.15,2026-04-28 13:45:00,SL,-283.15,DROPMOM
DROPMOM,2026-04-28 14:30:00,SELL,75820.5,76129.54,75401.45,76129.54,2026-04-28 16:45:00,SL,-339.04,DROPMOM
DROPMOM,2026-04-29 13:45:00,SELL,76550.0,76883.95,76105.9,76105.9,2026-04-29 15:30:00,TP,414.1,DROPMOM
DROPMOM,2026-04-29 18:15:00,SELL,75154.5,75712.49,74465.35,75712.49,2026-04-29 20:30:00,SL,-587.99,DROPMOM
DROPMOM,2026-05-07 14:00:00,SELL,80508.5,80842.88,80061.5,80061.5,2026-05-07 14:30:00,TP,417.0,DROPMOM
DROPMOM,2026-05-12 14:00:00,SELL,80459.0,80719.59,80101.05,80719.59,2026-05-12 14:00:00,SL,-290.59,DROPMOM
DROPMOM,2026-05-12 15:30:00,SELL,80220.0,80567.79,79729.45,80567.79,2026-05-12 17:45:00,SL,-377.79,DROPMOM
DROPMOM,2026-05-13 14:45:00,SELL,79685.5,80029.89,79214.65,79214.65,2026-05-13 15:15:00,TP,440.85,DROPMOM
DROPMOM,2026-05-15 13:15:00,SELL,80123.5,80409.27,79769.3,79769.3,2026-05-15 13:30:00,TP,324.2,DROPMOM
DROPMOM,2026-05-18 15:00:00,SELL,76354.0,76755.9,75787.8,76755.9,2026-05-18 19:00:00,SL,-431.9,DROPMOM
DROPMOM,2026-05-19 13:30:00,SELL,76539.5,76807.44,76154.25,76807.44,2026-05-19 13:30:00,SL,-297.94,DROPMOM
DROPMOM,2026-05-19 14:30:00,SELL,76383.0,76718.3,75944.1,76718.3,2026-05-19 16:30:00,SL,-365.3,DROPMOM
DROPMOM,2026-05-20 16:30:00,SELL,77003.5,77381.56,76480.75,77381.56,2026-05-20 17:15:00,SL,-408.06,DROPMOM
DROPMOM,2026-05-21 12:30:00,SELL,77047.5,77317.06,76689.25,76689.25,2026-05-21 13:30:00,TP,328.25,DROPMOM
DROPMOM,2026-05-22 14:15:00,SELL,76979.5,77186.2,76696.9,76696.9,2026-05-22 14:15:00,TP,252.6,DROPMOM
DROPMOM,2026-05-22 15:45:00,SELL,76635.5,76914.9,76258.3,76914.9,2026-05-22 16:45:00,SL,-309.4,DROPMOM
DROPMOM,2026-05-22 19:15:00,SELL,76143.5,76485.54,75690.95,75690.95,2026-05-22 19:30:00,TP,422.55,DROPMOM
DROPMOM,2026-05-26 17:30:00,SELL,75958.5,76516.85,75225.7,75850.5,2026-05-26 23:30:00,TIME,78.0,DROPMOM
DROPMOM,2026-05-27 13:15:00,SELL,75312.0,75574.9,74956.8,74956.8,2026-05-27 13:30:00,TP,325.2,DROPMOM
DROPMOM,2026-05-28 13:45:00,SELL,72648.5,72910.1,72303.2,72910.1,2026-05-28 13:45:00,SL,-291.6,DROPMOM
DROPMOM,2026-05-29 13:15:00,SELL,73014.5,73228.66,72735.95,73228.66,2026-05-29 13:45:00,SL,-244.16,DROPMOM
DROPMOM,2026-05-29 14:15:00,SELL,72900.0,73151.79,72565.45,72565.45,2026-05-29 14:15:00,TP,304.55,DROPMOM
ZMR_CTRL,2024-12-31 08:30:00,SELL,93909.2,94442.42,93524.68,94442.42,2024-12-31 08:30:00,SL,-563.22,ZMR_CTRL_S
ZMR_CTRL,2024-12-31 13:15:00,SELL,94931.0,95668.04,94385.75,95668.04,2024-12-31 13:15:00,SL,-767.04,ZMR_CTRL_S
ZMR_CTRL,2024-12-31 14:15:00,SELL,95771.2,96449.59,95252.61,95252.61,2024-12-31 14:30:00,TP,488.59,ZMR_CTRL_S
ZMR_CTRL,2025-01-02 04:45:00,SELL,95583.4,96304.38,95044.42,95935.3,2025-01-02 08:45:00,TIME,-381.9,ZMR_CTRL_S
ZMR_CTRL,2025-01-02 09:30:00,SELL,96178.0,96738.55,95762.84,96738.55,2025-01-02 11:00:00,SL,-590.55,ZMR_CTRL_S
ZMR_CTRL,2025-01-02 16:30:00,SELL,97308.8,98204.83,96645.88,96645.88,2025-01-02 17:30:00,TP,632.92,ZMR_CTRL_S
ZMR_CTRL,2025-01-02 19:30:00,SELL,97467.4,98637.61,96589.04,96939.9,2025-01-02 23:30:00,TIME,497.5,ZMR_CTRL_S
ZMR_CTRL,2025-01-03 07:00:00,BUY,96466.1,96075.07,96762.35,96075.07,2025-01-03 08:30:00,SL,-421.03,ZMR_CTRL_L
ZMR_CTRL,2025-01-03 14:30:00,SELL,97034.9,97472.76,96706.5,96706.5,2025-01-03 14:30:00,TP,298.4,ZMR_CTRL_S
ZMR_CTRL,2025-01-03 15:15:00,SELL,97122.3,97700.62,96705.88,96705.88,2025-01-03 15:15:00,TP,386.42,ZMR_CTRL_S
ZMR_CTRL,2025-01-03 17:30:00,SELL,98172.0,99000.74,97523.14,98312.5,2025-01-03 21:30:00,TIME,-170.5,ZMR_CTRL_S
ZMR_CTRL,2025-01-06 02:15:00,SELL,99010.7,99569.63,98593.78,99569.63,2025-01-06 05:00:00,SL,-588.93,ZMR_CTRL_S
ZMR_CTRL,2025-01-06 15:00:00,SELL,100739.4,101602.34,100116.0,101602.34,2025-01-06 15:15:00,SL,-892.94,ZMR_CTRL_S
ZMR_CTRL,2025-01-06 17:00:00,SELL,102163.5,103278.66,101333.6,101333.6,2025-01-06 17:30:00,TP,799.9,ZMR_CTRL_S
ZMR_CTRL,2025-01-07 10:15:00,BUY,101476.1,101154.49,101711.01,101154.49,2025-01-07 11:30:00,SL,-351.61,ZMR_CTRL_L
ZMR_CTRL,2025-01-07 13:00:00,BUY,100795.0,100311.92,101131.24,100311.92,2025-01-07 14:30:00,SL,-513.08,ZMR_CTRL_L
ZMR_CTRL,2025-01-07 15:00:00,BUY,100044.9,99354.72,100553.61,99354.72,2025-01-07 15:00:00,SL,-720.18,ZMR_CTRL_L
ZMR_CTRL,2025-01-07 17:00:00,BUY,97706.4,96562.51,98564.14,96562.51,2025-01-07 17:45:00,SL,-1173.89,ZMR_CTRL_L
ZMR_CTRL,2025-01-08 06:45:00,BUY,95707.6,95075.21,96188.72,95925.6,2025-01-08 10:45:00,TIME,188.0,ZMR_CTRL_L
ZMR_CTRL,2025-01-08 11:45:00,BUY,94696.6,93969.35,95241.69,95241.69,2025-01-08 12:00:00,TP,515.09,ZMR_CTRL_L
ZMR_CTRL,2025-01-08 17:15:00,BUY,93813.0,92680.7,94654.88,92680.7,2025-01-08 17:30:00,SL,-1162.3,ZMR_CTRL_L
ZMR_CTRL,2025-01-09 07:30:00,BUY,93703.0,93109.33,94148.95,93109.33,2025-01-09 08:00:00,SL,-623.67,ZMR_CTRL_L
ZMR_CTRL,2025-01-09 09:00:00,BUY,92978.3,92276.05,93507.79,93507.79,2025-01-09 09:15:00,TP,499.49,ZMR_CTRL_L
ZMR_CTRL,2025-01-09 13:45:00,BUY,92261.3,91472.82,92833.76,92833.76,2025-01-09 14:45:00,TP,542.46,ZMR_CTRL_L
ZMR_CTRL,2025-01-09 20:00:00,BUY,91908.2,90849.62,92705.28,92705.28,2025-01-09 22:30:00,TP,767.09,ZMR_CTRL_L
ZMR_CTRL,2025-01-10 07:45:00,SELL,94815.6,95381.11,94381.14,95090.6,2025-01-10 11:45:00,TIME,-305.0,ZMR_CTRL_S
ZMR_CTRL,2025-01-10 15:15:00,BUY,92308.8,91140.56,93201.78,93201.78,2025-01-10 15:15:00,TP,862.98,ZMR_CTRL_L
ZMR_CTRL,2025-01-10 18:00:00,SELL,95807.7,97615.87,94465.05,94465.05,2025-01-10 19:00:00,TP,1312.65,ZMR_CTRL_S
ZMR_CTRL,2025-01-13 08:30:00,BUY,93149.6,92491.41,93641.67,92491.41,2025-01-13 10:15:00,SL,-688.19,ZMR_CTRL_L
ZMR_CTRL,2025-01-13 20:45:00,SELL,92915.0,94093.84,92039.97,94093.84,2025-01-13 21:30:00,SL,-1208.84,ZMR_CTRL_S
ZMR_CTRL,2025-01-14 08:15:00,SELL,95506.2,96016.2,95129.48,96016.2,2025-01-14 09:15:00,SL,-540.0,ZMR_CTRL_S
ZMR_CTRL,2025-01-15 00:30:00,SELL,97224.4,97842.11,96767.24,96767.24,2025-01-15 00:45:00,TP,427.16,ZMR_CTRL_S
ZMR_CTRL,2025-01-15 07:30:00,SELL,97527.5,98088.5,97103.95,97103.95,2025-01-15 09:15:00,TP,393.55,ZMR_CTRL_S
ZMR_CTRL,2025-01-15 11:30:00,BUY,96620.0,96065.43,97017.55,97017.55,2025-01-15 12:30:00,TP,367.55,ZMR_CTRL_L
ZMR_CTRL,2025-01-15 13:45:00,SELL,98518.9,99188.59,98021.88,99188.59,2025-01-15 14:00:00,SL,-699.69,ZMR_CTRL_S
ZMR_CTRL,2025-01-15 23:45:00,SELL,100353.9,101028.45,99849.74,99849.74,2025-01-16 00:30:00,TP,474.16,ZMR_CTRL_S
ZMR_CTRL,2025-01-16 08:45:00,BUY,99027.6,98607.83,99341.55,98607.83,2025-01-16 08:45:00,SL,-449.77,ZMR_CTRL_L
ZMR_CTRL,2025-01-16 14:45:00,BUY,98271.8,97516.02,98836.54,97516.02,2025-01-16 14:45:00,SL,-785.78,ZMR_CTRL_L
ZMR_CTRL,2025-01-16 20:00:00,SELL,100442.8,101511.03,99630.78,99630.78,2025-01-16 22:15:00,TP,782.02,ZMR_CTRL_S
ZMR_CTRL,2025-01-17 01:45:00,SELL,101615.2,102361.73,101055.83,101055.83,2025-01-17 02:45:00,TP,529.37,ZMR_CTRL_S
ZMR_CTRL,2025-01-17 15:00:00,SELL,103413.3,104162.08,102868.86,104162.08,2025-01-17 15:00:00,SL,-778.78,ZMR_CTRL_S
ZMR_CTRL,2025-01-19 23:15:00,BUY,101187.2,99616.41,102369.49,99616.41,2025-01-19 23:30:00,SL,-1600.79,ZMR_CTRL_L
ZMR_CTRL,2025-01-20 00:30:00,BUY,101026.0,99071.68,102485.26,102222.0,2025-01-20 04:30:00,TIME,1166.0,ZMR_CTRL_L
ZMR_CTRL,2025-01-20 07:00:00,SELL,107375.7,109160.95,106100.29,109160.95,2025-01-20 07:00:00,SL,-1815.25,ZMR_CTRL_S
ZMR_CTRL,2025-01-20 08:15:00,SELL,107710.4,109748.6,106187.0,106187.0,2025-01-20 12:15:00,TP,1493.4,ZMR_CTRL_S
ZMR_CTRL,2025-01-20 16:15:00,BUY,104368.4,102468.68,105790.22,105790.22,2025-01-20 16:30:00,TP,1391.82,ZMR_CTRL_L
ZMR_CTRL,2025-01-20 17:15:00,BUY,104077.6,101588.88,105938.54,101588.88,2025-01-20 17:30:00,SL,-2518.72,ZMR_CTRL_L
ZMR_CTRL,2025-01-21 01:30:00,BUY,100365.4,98643.99,101658.91,101658.91,2025-01-21 01:45:00,TP,1263.51,ZMR_CTRL_L
ZMR_CTRL,2025-01-21 11:15:00,SELL,103483.3,104379.04,102807.12,104379.04,2025-01-21 12:15:00,SL,-925.74,ZMR_CTRL_S
ZMR_CTRL,2025-01-21 14:30:00,SELL,105149.2,106005.44,104506.32,104506.32,2025-01-21 14:30:00,TP,612.88,ZMR_CTRL_S
ZMR_CTRL,2025-01-21 16:15:00,SELL,105971.4,107426.62,104868.44,104868.44,2025-01-21 16:30:00,TP,1072.96,ZMR_CTRL_S
ZMR_CTRL,2025-01-21 18:45:00,SELL,106858.9,108622.23,105520.3,106050.4,2025-01-21 22:45:00,TIME,778.5,ZMR_CTRL_S
ZMR_CTRL,2025-01-22 07:45:00,BUY,105095.6,104511.28,105528.06,105094.5,2025-01-22 11:45:00,TIME,-31.1,ZMR_CTRL_L
ZMR_CTRL,2025-01-22 13:45:00,BUY,104575.3,103919.39,105075.11,103919.39,2025-01-22 13:45:00,SL,-685.91,ZMR_CTRL_L
ZMR_CTRL,2025-01-22 14:45:00,BUY,104214.9,103386.9,104844.48,104844.48,2025-01-22 15:00:00,TP,599.58,ZMR_CTRL_L
ZMR_CTRL,2025-01-22 16:15:00,BUY,103815.5,102689.72,104669.11,104669.11,2025-01-22 18:00:00,TP,823.61,ZMR_CTRL_L
ZMR_CTRL,2025-01-23 00:30:00,BUY,103350.5,102593.36,103925.88,102593.36,2025-01-23 01:45:00,SL,-787.14,ZMR_CTRL_L
ZMR_CTRL,2025-01-23 04:30:00,BUY,101748.6,100907.05,102380.64,102380.64,2025-01-23 05:30:00,TP,602.04,ZMR_CTRL_L
ZMR_CTRL,2025-01-23 10:45:00,BUY,101257.6,100519.44,101809.64,101809.64,2025-01-23 11:00:00,TP,522.04,ZMR_CTRL_L
ZMR_CTRL,2025-01-23 14:45:00,SELL,104985.9,106049.41,104202.27,106049.41,2025-01-23 14:45:00,SL,-1093.51,ZMR_CTRL_S
ZMR_CTRL,2025-01-23 15:30:00,SELL,104251.8,105860.99,103117.71,105860.99,2025-01-23 16:00:00,SL,-1639.19,ZMR_CTRL_S
ZMR_CTRL,2025-01-24 14:45:00,SELL,106234.5,106963.18,105689.56,105689.56,2025-01-24 14:45:00,TP,514.94,ZMR_CTRL_S
ZMR_CTRL,2025-01-24 17:30:00,SELL,106525.0,107512.54,105776.64,105776.64,2025-01-24 19:45:00,TP,718.35,ZMR_CTRL_S
ZMR_CTRL,2025-01-26 22:15:00,BUY,104320.8,103351.19,105050.81,103351.19,2025-01-26 23:00:00,SL,-999.61,ZMR_CTRL_L
ZMR_CTRL,2025-01-27 07:30:00,BUY,97692.8,96599.0,98505.45,98505.45,2025-01-27 07:30:00,TP,782.65,ZMR_CTRL_L
ZMR_CTRL,2025-01-27 13:15:00,SELL,101667.8,102863.93,100766.15,100766.15,2025-01-27 13:15:00,TP,871.65,ZMR_CTRL_S
ZMR_CTRL,2025-01-27 15:00:00,SELL,101763.8,103227.04,100675.12,100675.12,2025-01-27 16:15:00,TP,1058.68,ZMR_CTRL_S
ZMR_CTRL,2025-01-27 21:15:00,SELL,102352.2,103701.76,101334.78,101334.78,2025-01-27 21:15:00,TP,987.42,ZMR_CTRL_S
ZMR_CTRL,2025-01-28 14:15:00,BUY,101937.8,101303.42,102401.34,102401.34,2025-01-28 14:15:00,TP,433.54,ZMR_CTRL_L
ZMR_CTRL,2025-01-28 14:45:00,BUY,102157.8,101449.79,102680.93,102680.93,2025-01-28 14:45:00,TP,493.13,ZMR_CTRL_L
ZMR_CTRL,2025-01-28 16:30:00,BUY,102046.6,101063.2,102792.02,102792.02,2025-01-28 17:00:00,TP,715.43,ZMR_CTRL_L
ZMR_CTRL,2025-01-28 21:00:00,BUY,101216.8,100214.77,101983.37,101680.5,2025-01-29 01:00:00,TIME,433.7,ZMR_CTRL_L
ZMR_CTRL,2025-01-29 07:00:00,SELL,102797.6,103293.52,102429.86,102429.86,2025-01-29 07:00:00,TP,337.74,ZMR_CTRL_S
ZMR_CTRL,2025-01-29 13:30:00,BUY,101852.6,101314.55,102257.54,102257.54,2025-01-29 14:30:00,TP,374.94,ZMR_CTRL_L
ZMR_CTRL,2025-01-29 19:30:00,BUY,101516.7,100613.89,102194.68,102194.68,2025-01-29 19:30:00,TP,647.98,ZMR_CTRL_L
ZMR_CTRL,2025-01-30 14:15:00,BUY,104806.2,104312.94,105171.77,105171.77,2025-01-30 14:30:00,TP,335.57,ZMR_CTRL_L
ZMR_CTRL,2025-01-30 15:00:00,SELL,105946.6,106563.07,105480.57,105480.57,2025-01-30 15:15:00,TP,436.03,ZMR_CTRL_S
ZMR_CTRL,2025-01-30 15:45:00,SELL,105830.2,106602.94,105251.34,105251.34,2025-01-30 17:15:00,TP,548.85,ZMR_CTRL_S
ZMR_CTRL,2025-01-31 00:15:00,BUY,104577.2,104007.12,105001.61,105001.61,2025-01-31 00:45:00,TP,394.41,ZMR_CTRL_L
ZMR_CTRL,2025-01-31 03:15:00,BUY,104234.6,103705.83,104638.0,104638.0,2025-01-31 06:30:00,TP,373.4,ZMR_CTRL_L
ZMR_CTRL,2025-01-31 11:30:00,SELL,104848.3,105341.9,104484.05,104484.05,2025-01-31 14:30:00,TP,334.25,ZMR_CTRL_S
ZMR_CTRL,2025-01-31 15:30:00,SELL,105229.1,105875.85,104746.66,105875.85,2025-01-31 15:30:00,SL,-676.75,ZMR_CTRL_S
ZMR_CTRL,2025-01-31 18:45:00,BUY,103040.6,102053.16,103781.18,102053.16,2025-01-31 20:00:00,SL,-1017.44,ZMR_CTRL_L
ZMR_CTRL,2025-02-02 22:15:00,BUY,97480.9,96050.65,98554.11,96050.65,2025-02-03 00:15:00,SL,-1460.25,ZMR_CTRL_L
ZMR_CTRL,2025-02-03 15:00:00,SELL,96725.0,97964.82,95795.66,97964.82,2025-02-03 15:15:00,SL,-1269.82,ZMR_CTRL_S
ZMR_CTRL,2025-02-03 19:45:00,SELL,101395.2,103055.54,100154.14,101455.9,2025-02-03 23:45:00,TIME,-90.7,ZMR_CTRL_S
ZMR_CTRL,2025-02-04 05:00:00,BUY,100168.9,99453.69,100705.83,99453.69,2025-02-04 05:00:00,SL,-745.21,ZMR_CTRL_L
ZMR_CTRL,2025-02-04 08:45:00,BUY,98002.7,96925.03,98810.6,98810.6,2025-02-04 09:15:00,TP,777.9,ZMR_CTRL_L
ZMR_CTRL,2025-02-04 14:45:00,SELL,100255.6,101153.39,99583.48,99583.48,2025-02-04 15:00:00,TP,642.12,ZMR_CTRL_S
ZMR_CTRL,2025-02-04 19:30:00,SELL,100496.6,101825.83,99483.75,99483.75,2025-02-04 19:45:00,TP,982.85,ZMR_CTRL_S
ZMR_CTRL,2025-02-04 20:30:00,BUY,98304.1,96903.7,99359.12,96903.7,2025-02-04 21:30:00,SL,-1430.4,ZMR_CTRL_L
ZMR_CTRL,2025-02-05 09:45:00,BUY,97426.9,96789.8,97911.9,97911.9,2025-02-05 10:15:00,TP,455.0,ZMR_CTRL_L
ZMR_CTRL,2025-02-05 12:15:00,SELL,98454.5,99064.97,97991.4,99064.97,2025-02-05 14:30:00,SL,-640.47,ZMR_CTRL_S
ZMR_CTRL,2025-02-05 18:15:00,BUY,96897.0,95855.01,97680.42,97680.42,2025-02-05 20:00:00,TP,753.42,ZMR_CTRL_L
ZMR_CTRL,2025-02-06 06:45:00,SELL,98422.0,98926.17,98042.47,98042.47,2025-02-06 08:30:00,TP,349.53,ZMR_CTRL_S
ZMR_CTRL,2025-02-06 10:15:00,SELL,98936.8,99453.26,98555.93,98555.93,2025-02-06 11:30:00,TP,350.87,ZMR_CTRL_S
ZMR_CTRL,2025-02-06 15:30:00,BUY,97619.8,96766.69,98262.61,96766.69,2025-02-06 16:30:00,SL,-883.11,ZMR_CTRL_L
ZMR_CTRL,2025-02-06 18:15:00,BUY,96316.0,95315.76,97069.5,97069.5,2025-02-06 20:45:00,TP,723.5,ZMR_CTRL_L
ZMR_CTRL,2025-02-07 02:00:00,SELL,97404.6,98211.73,96799.95,97296.1,2025-02-07 06:00:00,TIME,78.5,ZMR_CTRL_S
ZMR_CTRL,2025-02-07 12:45:00,SELL,98000.0,98455.08,97662.89,97662.89,2025-02-07 13:00:00,TP,307.11,ZMR_CTRL_S
ZMR_CTRL,2025-02-07 13:45:00,SELL,98335.9,98911.42,97919.48,98911.42,2025-02-07 14:00:00,SL,-605.52,ZMR_CTRL_S
ZMR_CTRL,2025-02-07 20:15:00,BUY,96326.2,95101.93,97244.23,95101.93,2025-02-09 22:00:00,SL,-1254.27,ZMR_CTRL_L
ZMR_CTRL,2025-02-10 14:00:00,SELL,98273.6,98799.23,97865.2,97865.2,2025-02-10 14:00:00,TP,378.4,ZMR_CTRL_S
ZMR_CTRL,2025-02-11 00:15:00,SELL,97761.9,98146.64,97473.17,98146.64,2025-02-11 00:30:00,SL,-414.74,ZMR_CTRL_S
ZMR_CTRL,2025-02-11 01:15:00,SELL,97948.8,98373.87,97615.47,97615.47,2025-02-11 02:30:00,TP,303.33,ZMR_CTRL_S
ZMR_CTRL,2025-02-11 05:15:00,SELL,98202.8,98685.68,97837.49,98192.3,2025-02-11 09:15:00,TIME,-19.5,ZMR_CTRL_S
ZMR_CTRL,2025-02-11 13:45:00,BUY,97278.6,96861.92,97575.71,96861.92,2025-02-11 13:45:00,SL,-446.68,ZMR_CTRL_L
ZMR_CTRL,2025-02-11 15:00:00,BUY,96960.8,96401.31,97379.54,96401.31,2025-02-11 16:30:00,SL,-589.49,ZMR_CTRL_L
ZMR_CTRL,2025-02-11 18:30:00,BUY,95635.2,94912.46,96241.83,94912.46,2025-02-11 19:30:00,SL,-752.74,ZMR_CTRL_L
ZMR_CTRL,2025-02-12 13:45:00,BUY,94500.9,93813.51,95009.62,95009.62,2025-02-12 13:45:00,TP,478.72,ZMR_CTRL_L
ZMR_CTRL,2025-02-12 17:00:00,SELL,97029.1,98419.12,95990.78,97397.5,2025-02-12 21:00:00,TIME,-398.4,ZMR_CTRL_S
ZMR_CTRL,2025-02-13 05:15:00,BUY,96789.1,96348.05,97125.66,96348.05,2025-02-13 06:30:00,SL,-471.05,ZMR_CTRL_L
ZMR_CTRL,2025-02-13 16:30:00,BUY,95491.8,94681.44,96093.8,96093.8,2025-02-13 19:00:00,TP,571.99,ZMR_CTRL_L
ZMR_CTRL,2025-02-13 21:15:00,SELL,96538.3,97268.79,95989.03,96714.5,2025-02-14 01:15:00,TIME,-206.2,ZMR_CTRL_S
ZMR_CTRL,2025-02-14 04:00:00,SELL,97189.6,97655.53,96845.05,96845.05,2025-02-14 04:30:00,TP,314.55,ZMR_CTRL_S
ZMR_CTRL,2025-02-14 13:30:00,BUY,96531.1,96176.01,96792.69,96792.69,2025-02-14 13:30:00,TP,231.59,ZMR_CTRL_L
ZMR_CTRL,2025-02-14 15:00:00,SELL,97292.8,97777.79,96926.78,96926.78,2025-02-14 15:00:00,TP,336.02,ZMR_CTRL_S
ZMR_CTRL,2025-02-14 17:00:00,SELL,97681.4,98446.5,97115.98,98446.5,2025-02-14 17:45:00,SL,-795.1,ZMR_CTRL_S
ZMR_CTRL,2025-02-14 19:15:00,SELL,98464.2,99453.27,97722.05,97722.05,2025-02-14 19:45:00,TP,712.15,ZMR_CTRL_S
ZMR_CTRL,2025-02-17 13:00:00,SELL,96486.6,96863.51,96205.14,96863.51,2025-02-17 14:00:00,SL,-406.91,ZMR_CTRL_S
ZMR_CTRL,2025-02-17 15:00:00,SELL,96821.4,97243.36,96497.76,96497.76,2025-02-17 15:15:00,TP,293.64,ZMR_CTRL_S
ZMR_CTRL,2025-02-17 16:00:00,BUY,95691.4,95180.78,96074.19,95678.6,2025-02-17 20:00:00,TIME,-42.8,ZMR_CTRL_L
ZMR_CTRL,2025-02-18 06:15:00,BUY,95300.3,94914.09,95588.56,95588.56,2025-02-18 06:30:00,TP,258.26,ZMR_CTRL_L
ZMR_CTRL,2025-02-18 07:00:00,BUY,95388.6,94977.46,95695.03,95695.03,2025-02-18 07:30:00,TP,276.43,ZMR_CTRL_L
ZMR_CTRL,2025-02-18 14:30:00,SELL,96521.8,96954.15,96193.16,96193.16,2025-02-18 14:30:00,TP,298.64,ZMR_CTRL_S
ZMR_CTRL,2025-02-18 16:45:00,BUY,94652.4,93945.55,95190.59,93945.55,2025-02-18 18:00:00,SL,-736.85,ZMR_CTRL_L
ZMR_CTRL,2025-02-18 19:15:00,BUY,93443.7,92571.24,94114.67,94114.67,2025-02-18 19:45:00,TP,640.97,ZMR_CTRL_L
ZMR_CTRL,2025-02-19 10:15:00,SELL,96358.5,96717.97,96082.77,96082.77,2025-02-19 14:00:00,TP,245.73,ZMR_CTRL_S
ZMR_CTRL,2025-02-19 19:00:00,BUY,95648.1,94898.22,96210.34,96210.34,2025-02-19 19:45:00,TP,532.24,ZMR_CTRL_L
ZMR_CTRL,2025-02-20 01:00:00,SELL,96865.6,97310.21,96533.37,97310.21,2025-02-20 02:45:00,SL,-474.61,ZMR_CTRL_S
ZMR_CTRL,2025-02-20 12:15:00,SELL,97444.3,97696.0,97254.65,97696.0,2025-02-20 14:00:00,SL,-281.7,ZMR_CTRL_S
ZMR_CTRL,2025-02-20 16:45:00,SELL,97972.1,98604.86,97500.5,98604.86,2025-02-20 20:15:00,SL,-662.76,ZMR_CTRL_S
ZMR_CTRL,2025-02-21 10:45:00,SELL,98588.5,98914.38,98344.79,98914.38,2025-02-21 12:15:00,SL,-355.88,ZMR_CTRL_S
ZMR_CTRL,2025-02-21 15:45:00,BUY,97639.4,96797.46,98278.2,98278.2,2025-02-21 15:45:00,TP,608.81,ZMR_CTRL_L
ZMR_CTRL,2025-02-21 17:45:00,BUY,97165.3,96002.09,98036.13,96002.09,2025-02-21 19:15:00,SL,-1193.21,ZMR_CTRL_L
ZMR_CTRL,2025-02-24 14:45:00,BUY,95137.7,94572.36,95563.28,94572.36,2025-02-24 14:45:00,SL,-595.34,ZMR_CTRL_L
ZMR_CTRL,2025-02-24 19:45:00,BUY,93752.6,92726.33,94519.15,94519.15,2025-02-24 20:30:00,TP,736.55,ZMR_CTRL_L
ZMR_CTRL,2025-02-24 22:15:00,BUY,93136.2,92252.88,93786.09,92252.88,2025-02-24 23:00:00,SL,-913.32,ZMR_CTRL_L
ZMR_CTRL,2025-02-25 07:15:00,BUY,90365.6,89602.7,90968.05,89602.7,2025-02-25 07:15:00,SL,-792.9,ZMR_CTRL_L
ZMR_CTRL,2025-02-25 09:00:00,BUY,89396.6,88260.92,90250.28,88260.92,2025-02-25 09:45:00,SL,-1165.68,ZMR_CTRL_L
ZMR_CTRL,2025-02-26 12:45:00,BUY,88171.4,87611.74,88585.2,87611.74,2025-02-26 12:45:00,SL,-589.66,ZMR_CTRL_L
ZMR_CTRL,2025-02-26 18:30:00,BUY,85116.2,83347.49,86275.08,83347.49,2025-02-26 18:30:00,SL,-1798.71,ZMR_CTRL_L
ZMR_CTRL,2025-02-27 05:15:00,SELL,85496.4,86421.98,84801.34,86421.98,2025-02-27 06:30:00,SL,-955.58,ZMR_CTRL_S
ZMR_CTRL,2025-02-27 07:30:00,SELL,86282.1,87130.59,85641.01,86419.0,2025-02-27 11:30:00,TIME,-166.9,ZMR_CTRL_S
ZMR_CTRL,2025-02-27 15:00:00,BUY,84908.8,83889.17,85663.2,85663.2,2025-02-27 15:15:00,TP,724.4,ZMR_CTRL_L
ZMR_CTRL,2025-02-27 16:30:00,BUY,84841.0,83691.84,85722.12,83691.84,2025-02-27 19:30:00,SL,-1179.16,ZMR_CTRL_L
ZMR_CTRL,2025-02-27 20:15:00,BUY,83083.6,82045.03,83856.75,83856.75,2025-02-27 21:15:00,TP,743.15,ZMR_CTRL_L
ZMR_CTRL,2025-02-28 01:45:00,BUY,82435.3,81376.31,83220.09,81376.31,2025-02-28 02:00:00,SL,-1088.99,ZMR_CTRL_L
ZMR_CTRL,2025-02-28 04:00:00,BUY,80352.7,78685.9,81595.62,78685.9,2025-02-28 08:00:00,SL,-1696.8,ZMR_CTRL_L
ZMR_CTRL,2025-02-28 13:45:00,SELL,81428.7,82653.22,80508.21,82653.22,2025-02-28 15:00:00,SL,-1254.52,ZMR_CTRL_S
ZMR_CTRL,2025-02-28 16:45:00,SELL,84682.5,86154.3,83559.92,83559.92,2025-02-28 17:45:00,TP,1092.57,ZMR_CTRL_S
ZMR_CTRL,2025-03-02 22:15:00,SELL,94253.5,96373.8,92659.25,92659.25,2025-03-03 01:15:00,TP,1564.25,ZMR_CTRL_S
ZMR_CTRL,2025-03-03 13:45:00,SELL,93630.2,94579.89,92915.83,92915.83,2025-03-03 14:15:00,TP,684.37,ZMR_CTRL_S
ZMR_CTRL,2025-03-03 15:00:00,BUY,89153.6,87804.35,90140.16,90140.16,2025-03-03 15:00:00,TP,956.56,ZMR_CTRL_L
ZMR_CTRL,2025-03-03 16:00:00,BUY,89957.8,88337.77,91175.27,88337.77,2025-03-03 18:15:00,SL,-1650.03,ZMR_CTRL_L
ZMR_CTRL,2025-03-03 20:00:00,BUY,85517.0,83534.25,87000.21,87000.21,2025-03-03 22:45:00,TP,1453.21,ZMR_CTRL_L
ZMR_CTRL,2025-03-04 13:30:00,BUY,82469.3,81593.83,83138.15,83138.15,2025-03-04 13:30:00,TP,638.85,ZMR_CTRL_L
ZMR_CTRL,2025-03-04 14:00:00,BUY,82726.8,81728.96,83483.4,83483.4,2025-03-04 14:30:00,TP,726.6,ZMR_CTRL_L
ZMR_CTRL,2025-03-04 15:30:00,BUY,82291.9,80689.95,83489.86,83489.86,2025-03-04 16:45:00,TP,1167.96,ZMR_CTRL_L
ZMR_CTRL,2025-03-04 17:30:00,SELL,84682.3,86685.57,83185.1,86685.57,2025-03-04 18:45:00,SL,-2033.27,ZMR_CTRL_S
ZMR_CTRL,2025-03-05 09:15:00,SELL,88212.9,88770.0,87810.48,88770.0,2025-03-05 09:30:00,SL,-587.1,ZMR_CTRL_S
ZMR_CTRL,2025-03-05 12:15:00,SELL,90238.2,91177.89,89555.13,89555.13,2025-03-05 13:15:00,TP,653.07,ZMR_CTRL_S
ZMR_CTRL,2025-03-06 02:15:00,SELL,91626.2,92501.05,90967.61,92501.05,2025-03-06 05:15:00,SL,-904.85,ZMR_CTRL_S
ZMR_CTRL,2025-03-06 12:45:00,BUY,90365.1,89591.92,90949.36,89591.92,2025-03-06 13:45:00,SL,-803.18,ZMR_CTRL_L
ZMR_CTRL,2025-03-06 14:45:00,BUY,89272.0,88282.57,90016.87,90016.87,2025-03-06 14:45:00,TP,714.87,ZMR_CTRL_L
ZMR_CTRL,2025-03-06 17:00:00,BUY,89290.8,87788.69,90399.01,89666.3,2025-03-06 21:00:00,TIME,345.5,ZMR_CTRL_L
ZMR_CTRL,2025-03-07 00:30:00,BUY,86985.8,85299.1,88248.9,85299.1,2025-03-07 00:45:00,SL,-1716.7,ZMR_CTRL_L
ZMR_CTRL,2025-03-07 13:45:00,SELL,90096.0,91110.44,89362.82,89362.82,2025-03-07 13:45:00,TP,703.18,ZMR_CTRL_S
ZMR_CTRL,2025-03-07 14:45:00,SELL,89964.0,91172.91,89063.62,89063.62,2025-03-07 15:15:00,TP,870.38,ZMR_CTRL_S
ZMR_CTRL,2025-03-07 16:30:00,BUY,87443.9,85657.46,88775.33,88775.33,2025-03-07 18:45:00,TP,1301.43,ZMR_CTRL_L
ZMR_CTRL,2025-03-07 21:15:00,BUY,86291.2,84381.85,87706.41,84381.85,2025-03-09 21:00:00,SL,-1939.35,ZMR_CTRL_L
ZMR_CTRL,2025-03-10 09:30:00,SELL,83223.4,84161.52,82531.88,82531.88,2025-03-10 09:30:00,TP,661.51,ZMR_CTRL_S
ZMR_CTRL,2025-03-10 12:00:00,SELL,83594.2,84882.09,82613.58,82613.58,2025-03-10 13:15:00,TP,950.62,ZMR_CTRL_S
ZMR_CTRL,2025-03-10 14:15:00,BUY,80136.3,78518.08,81354.87,78518.08,2025-03-10 17:00:00,SL,-1648.22,ZMR_CTRL_L
ZMR_CTRL,2025-03-11 00:30:00,BUY,77250.8,76069.07,78145.85,78145.85,2025-03-11 01:30:00,TP,865.05,ZMR_CTRL_L
ZMR_CTRL,2025-03-11 14:45:00,BUY,79436.2,78181.74,80380.37,80380.37,2025-03-11 14:45:00,TP,914.17,ZMR_CTRL_L
ZMR_CTRL,2025-03-11 18:15:00,SELL,82422.0,84298.42,81018.36,83167.8,2025-03-11 22:15:00,TIME,-775.8,ZMR_CTRL_S
ZMR_CTRL,2025-03-12 04:00:00,BUY,82110.9,81345.21,82688.67,81345.21,2025-03-12 06:45:00,SL,-795.69,ZMR_CTRL_L
ZMR_CTRL,2025-03-12 12:30:00,SELL,83356.4,84139.0,82767.0,84139.0,2025-03-12 12:30:00,SL,-812.6,ZMR_CTRL_S
ZMR_CTRL,2025-03-12 15:15:00,BUY,80904.0,79749.49,81774.08,81774.08,2025-03-12 15:45:00,TP,840.08,ZMR_CTRL_L
ZMR_CTRL,2025-03-13 08:30:00,BUY,82644.8,82113.02,83032.78,83032.78,2025-03-13 08:45:00,TP,357.99,ZMR_CTRL_L
ZMR_CTRL,2025-03-13 13:00:00,BUY,82490.6,81726.46,83069.48,83069.48,2025-03-13 13:30:00,TP,548.88,ZMR_CTRL_L
ZMR_CTRL,2025-03-14 01:45:00,SELL,81802.6,82346.34,81399.52,82147.0,2025-03-14 05:45:00,TIME,-374.4,ZMR_CTRL_S
ZMR_CTRL,2025-03-14 09:30:00,SELL,82886.4,83321.66,82550.16,83321.66,2025-03-14 11:30:00,SL,-465.26,ZMR_CTRL_S
ZMR_CTRL,2025-03-14 12:15:00,SELL,83407.2,83897.37,83048.32,83048.32,2025-03-14 13:30:00,TP,328.88,ZMR_CTRL_S
ZMR_CTRL,2025-03-14 15:15:00,SELL,84286.4,85083.58,83687.46,85083.58,2025-03-14 15:30:00,SL,-827.18,ZMR_CTRL_S
ZMR_CTRL,2025-03-16 23:00:00,BUY,82088.8,81338.62,82638.13,82638.13,2025-03-16 23:30:00,TP,519.33,ZMR_CTRL_L
ZMR_CTRL,2025-03-17 13:30:00,BUY,82936.7,82328.15,83389.79,83389.79,2025-03-17 13:30:00,TP,423.09,ZMR_CTRL_L
ZMR_CTRL,2025-03-17 14:15:00,BUY,82808.4,82046.38,83379.22,83379.22,2025-03-17 15:15:00,TP,540.82,ZMR_CTRL_L
ZMR_CTRL,2025-03-17 17:30:00,SELL,83910.3,84910.79,83159.41,83991.3,2025-03-17 21:30:00,TIME,-111.0,ZMR_CTRL_S
ZMR_CTRL,2025-03-18 01:45:00,BUY,83046.0,82604.47,83367.52,83367.52,2025-03-18 02:00:00,TP,291.52,ZMR_CTRL_L
ZMR_CTRL,2025-03-18 03:30:00,BUY,83082.9,82633.69,83420.33,82633.69,2025-03-18 06:15:00,SL,-479.21,ZMR_CTRL_L
ZMR_CTRL,2025-03-18 06:45:00,BUY,82310.4,81882.02,82639.91,82639.91,2025-03-18 07:00:00,TP,299.51,ZMR_CTRL_L
ZMR_CTRL,2025-03-18 13:15:00,BUY,82299.0,81890.11,82618.27,81890.11,2025-03-18 13:30:00,SL,-438.89,ZMR_CTRL_L
ZMR_CTRL,2025-03-18 23:15:00,SELL,82572.2,83066.61,82201.22,83066.61,2025-03-19 00:30:00,SL,-524.41,ZMR_CTRL_S
ZMR_CTRL,2025-03-19 09:30:00,SELL,83547.0,83907.1,83280.77,83907.1,2025-03-19 11:15:00,SL,-390.1,ZMR_CTRL_S
ZMR_CTRL,2025-03-19 11:45:00,SELL,83980.6,84401.8,83665.58,83665.58,2025-03-19 12:15:00,TP,285.03,ZMR_CTRL_S
ZMR_CTRL,2025-03-19 14:45:00,SELL,84211.0,84839.24,83744.89,84839.24,2025-03-19 15:45:00,SL,-658.24,ZMR_CTRL_S
ZMR_CTRL,2025-03-19 16:30:00,SELL,84679.7,85361.68,84170.49,84170.49,2025-03-19 17:30:00,TP,479.21,ZMR_CTRL_S
ZMR_CTRL,2025-03-19 19:00:00,SELL,85661.4,86612.78,84940.16,86366.1,2025-03-19 23:00:00,TIME,-734.7,ZMR_CTRL_S
ZMR_CTRL,2025-03-19 23:30:00,SELL,86846.7,87747.37,86171.37,86171.37,2025-03-20 00:45:00,TP,645.33,ZMR_CTRL_S
ZMR_CTRL,2025-03-20 10:30:00,BUY,85238.2,84756.37,85607.27,85607.27,2025-03-20 13:30:00,TP,339.07,ZMR_CTRL_L
ZMR_CTRL,2025-03-20 14:30:00,SELL,86333.8,87017.26,85824.0,85824.0,2025-03-20 15:00:00,TP,479.8,ZMR_CTRL_S
ZMR_CTRL,2025-03-20 16:00:00,BUY,84661.8,83820.69,85295.96,83820.69,2025-03-20 16:30:00,SL,-871.11,ZMR_CTRL_L
ZMR_CTRL,2025-03-20 17:30:00,BUY,83772.5,82755.56,84529.61,84529.61,2025-03-20 20:30:00,TP,727.11,ZMR_CTRL_L
ZMR_CTRL,2025-03-21 02:00:00,SELL,84755.8,85186.57,84433.07,84433.07,2025-03-21 03:00:00,TP,292.73,ZMR_CTRL_S
ZMR_CTRL,2025-03-21 07:45:00,BUY,83777.8,83376.12,84071.71,84071.71,2025-03-21 08:00:00,TP,263.91,ZMR_CTRL_L
ZMR_CTRL,2025-03-21 13:00:00,BUY,83421.8,82898.49,83812.01,83812.01,2025-03-21 13:30:00,TP,360.21,ZMR_CTRL_L
ZMR_CTRL,2025-03-23 21:15:00,SELL,84944.9,85500.95,84553.06,85500.95,2025-03-23 22:15:00,SL,-586.05,ZMR_CTRL_S
ZMR_CTRL,2025-03-24 14:15:00,SELL,88366.0,88913.15,87960.71,87960.71,2025-03-24 14:30:00,TP,375.29,ZMR_CTRL_S
ZMR_CTRL,2025-03-24 16:00:00,SELL,88361.1,89024.85,87863.11,87863.11,2025-03-24 16:15:00,TP,467.99,ZMR_CTRL_S
ZMR_CTRL,2025-03-24 23:15:00,BUY,87313.0,86727.58,87752.06,86727.58,2025-03-25 03:15:00,SL,-615.42,ZMR_CTRL_L
ZMR_CTRL,2025-03-25 03:45:00,BUY,86516.1,85992.08,86907.19,86907.19,2025-03-25 06:30:00,TP,361.09,ZMR_CTRL_L
ZMR_CTRL,2025-03-25 11:30:00,SELL,87380.3,87833.53,87036.18,87036.18,2025-03-25 12:30:00,TP,314.12,ZMR_CTRL_S
ZMR_CTRL,2025-03-25 13:30:00,SELL,87719.6,88227.47,87340.45,87340.45,2025-03-25 13:30:00,TP,349.15,ZMR_CTRL_S
ZMR_CTRL,2025-03-25 14:45:00,SELL,88206.3,88877.69,87702.41,87702.41,2025-03-25 16:30:00,TP,473.89,ZMR_CTRL_S
ZMR_CTRL,2025-03-25 23:15:00,BUY,87289.0,86692.05,87748.44,87748.44,2025-03-26 00:30:00,TP,429.44,ZMR_CTRL_L
ZMR_CTRL,2025-03-26 07:30:00,SELL,88056.4,88433.2,87771.7,88026.9,2025-03-26 11:30:00,TIME,-0.5,ZMR_CTRL_S
ZMR_CTRL,2025-03-26 14:00:00,BUY,86873.2,86379.74,87247.32,87247.32,2025-03-26 14:00:00,TP,344.12,ZMR_CTRL_L
ZMR_CTRL,2025-03-26 15:30:00,BUY,86656.6,85982.14,87163.14,85982.14,2025-03-26 19:00:00,SL,-704.46,ZMR_CTRL_L
ZMR_CTRL,2025-03-27 11:00:00,BUY,87196.1,86860.73,87448.68,86860.73,2025-03-27 11:30:00,SL,-365.37,ZMR_CTRL_L
ZMR_CTRL,2025-03-28 03:30:00,BUY,86786.2,86370.74,87103.22,86370.74,2025-03-28 04:30:00,SL,-445.46,ZMR_CTRL_L
ZMR_CTRL,2025-03-28 06:45:00,BUY,85844.6,85357.38,86209.32,85357.38,2025-03-28 07:30:00,SL,-517.22,ZMR_CTRL_L
ZMR_CTRL,2025-03-28 08:30:00,BUY,85058.6,84512.95,85469.59,85469.59,2025-03-28 12:30:00,TP,380.99,ZMR_CTRL_L
ZMR_CTRL,2025-03-28 14:15:00,BUY,84420.2,83762.23,84915.08,83762.23,2025-03-28 16:15:00,SL,-687.97,ZMR_CTRL_L
ZMR_CTRL,2025-03-30 21:15:00,BUY,82621.8,82010.32,83080.06,82010.32,2025-03-30 22:00:00,SL,-641.48,ZMR_CTRL_L
ZMR_CTRL,2025-03-31 00:45:00,BUY,81359.4,80565.08,81955.49,81955.49,2025-03-31 01:00:00,TP,566.09,ZMR_CTRL_L
ZMR_CTRL,2025-03-31 12:45:00,SELL,82487.6,83045.18,82068.72,83045.18,2025-03-31 12:45:00,SL,-587.58,ZMR_CTRL_S
ZMR_CTRL,2025-03-31 14:15:00,SELL,83320.4,84141.45,82701.64,82701.64,2025-03-31 17:45:00,TP,588.76,ZMR_CTRL_S
ZMR_CTRL,2025-04-01 05:30:00,SELL,83301.2,83674.69,83006.91,83006.91,2025-04-01 05:45:00,TP,264.29,ZMR_CTRL_S
ZMR_CTRL,2025-04-01 07:00:00,SELL,83472.0,83842.68,83186.81,83842.68,2025-04-01 08:15:00,SL,-400.68,ZMR_CTRL_S
ZMR_CTRL,2025-04-01 14:15:00,BUY,82785.9,82211.63,83210.65,83210.65,2025-04-01 14:30:00,TP,394.75,ZMR_CTRL_L
ZMR_CTRL,2025-04-01 15:15:00,SELL,84922.6,85726.35,84315.24,84917.4,2025-04-01 19:15:00,TIME,-24.8,ZMR_CTRL_S
ZMR_CTRL,2025-04-02 02:15:00,BUY,84749.9,84270.42,85100.24,84270.42,2025-04-02 05:15:00,SL,-509.48,ZMR_CTRL_L
ZMR_CTRL,2025-04-02 13:45:00,SELL,85458.5,86110.14,84957.87,86110.14,2025-04-02 13:45:00,SL,-681.64,ZMR_CTRL_S
ZMR_CTRL,2025-04-02 14:30:00,SELL,85721.5,86446.79,85195.21,86446.79,2025-04-02 15:00:00,SL,-755.29,ZMR_CTRL_S
ZMR_CTRL,2025-04-02 20:15:00,SELL,87836.3,88832.16,87099.73,87099.73,2025-04-02 20:15:00,TP,706.57,ZMR_CTRL_S
ZMR_CTRL,2025-04-02 22:15:00,BUY,83664.6,82146.14,84809.04,83422.5,2025-04-03 02:15:00,TIME,-272.1,ZMR_CTRL_L
ZMR_CTRL,2025-04-03 12:15:00,BUY,83003.3,82495.29,83383.08,82495.29,2025-04-03 12:30:00,SL,-538.01,ZMR_CTRL_L
ZMR_CTRL,2025-04-03 14:15:00,BUY,81753.4,81038.8,82293.02,82293.02,2025-04-03 14:30:00,TP,509.62,ZMR_CTRL_L
ZMR_CTRL,2025-04-03 22:15:00,SELL,82770.7,83424.61,82280.09,82914.6,2025-04-04 02:15:00,TIME,-173.9,ZMR_CTRL_S
ZMR_CTRL,2025-04-04 07:15:00,SELL,83510.9,83932.17,83194.42,83932.17,2025-04-04 07:45:00,SL,-451.27,ZMR_CTRL_S
ZMR_CTRL,2025-04-04 09:45:00,SELL,84500.6,85003.33,84123.9,84123.9,2025-04-04 10:00:00,TP,346.7,ZMR_CTRL_S
ZMR_CTRL,2025-04-04 11:30:00,BUY,81765.3,80916.12,82400.96,82400.96,2025-04-04 11:45:00,TP,605.66,ZMR_CTRL_L
ZMR_CTRL,2025-04-06 21:15:00,BUY,79246.0,77717.89,80390.68,77717.89,2025-04-06 23:00:00,SL,-1558.11,ZMR_CTRL_L
ZMR_CTRL,2025-04-07 06:45:00,BUY,74963.7,73763.1,75867.12,75867.12,2025-04-07 08:15:00,TP,873.42,ZMR_CTRL_L
ZMR_CTRL,2025-04-07 14:00:00,SELL,78340.0,79827.16,77225.33,79827.16,2025-04-07 14:00:00,SL,-1517.16,ZMR_CTRL_S
ZMR_CTRL,2025-04-07 15:00:00,SELL,79021.2,81140.02,77445.04,77445.04,2025-04-07 16:45:00,TP,1546.16,ZMR_CTRL_S
ZMR_CTRL,2025-04-08 01:45:00,SELL,80385.6,81270.0,79724.58,79724.58,2025-04-08 05:00:00,TP,631.03,ZMR_CTRL_S
ZMR_CTRL,2025-04-08 15:00:00,BUY,78443.0,77540.29,79120.03,77540.29,2025-04-08 16:30:00,SL,-932.71,ZMR_CTRL_L
ZMR_CTRL,2025-04-09 01:15:00,BUY,75230.4,74353.59,75877.86,75877.86,2025-04-09 01:45:00,TP,617.46,ZMR_CTRL_L
ZMR_CTRL,2025-04-09 04:00:00,BUY,74959.0,73847.75,75799.26,75799.26,2025-04-09 04:00:00,TP,810.26,ZMR_CTRL_L
ZMR_CTRL,2025-04-09 07:45:00,SELL,77873.6,78917.88,77092.32,77092.32,2025-04-09 08:30:00,TP,751.29,ZMR_CTRL_S
ZMR_CTRL,2025-04-09 17:00:00,SELL,78227.0,79400.49,77347.41,79400.49,2025-04-09 17:15:00,SL,-1203.49,ZMR_CTRL_S
ZMR_CTRL,2025-04-10 13:45:00,BUY,80832.1,80096.37,81378.47,81378.47,2025-04-10 13:45:00,TP,516.37,ZMR_CTRL_L
ZMR_CTRL,2025-04-10 15:15:00,BUY,80647.3,79747.34,81328.74,79747.34,2025-04-10 15:30:00,SL,-929.96,ZMR_CTRL_L
ZMR_CTRL,2025-04-10 17:15:00,BUY,78726.2,77480.53,79682.33,79682.33,2025-04-10 18:15:00,TP,926.13,ZMR_CTRL_L
ZMR_CTRL,2025-04-11 02:00:00,SELL,80395.6,80963.06,79975.26,80963.06,2025-04-11 04:15:00,SL,-597.46,ZMR_CTRL_S
ZMR_CTRL,2025-04-11 09:45:00,SELL,82170.0,82889.01,81628.64,82889.01,2025-04-11 10:30:00,SL,-749.01,ZMR_CTRL_S
ZMR_CTRL,2025-04-11 11:00:00,SELL,82684.3,83436.9,82145.92,82145.92,2025-04-11 11:30:00,TP,508.38,ZMR_CTRL_S
ZMR_CTRL,2025-04-11 17:45:00,SELL,83928.4,85045.7,83095.85,83095.85,2025-04-13 21:00:00,TP,802.55,ZMR_CTRL_S
ZMR_CTRL,2025-04-14 00:30:00,SELL,84757.5,85602.95,84120.09,84120.09,2025-04-14 01:45:00,TP,607.41,ZMR_CTRL_S
ZMR_CTRL,2025-04-14 02:30:00,SELL,84984.6,85946.81,84293.04,84293.04,2025-04-14 06:00:00,TP,661.56,ZMR_CTRL_S
ZMR_CTRL,2025-04-14 12:45:00,SELL,85138.0,85673.0,84731.85,84731.85,2025-04-14 13:30:00,TP,376.15,ZMR_CTRL_S
ZMR_CTRL,2025-04-14 14:45:00,SELL,85523.1,86224.37,84999.6,84999.6,2025-04-14 15:00:00,TP,493.5,ZMR_CTRL_S
ZMR_CTRL,2025-04-15 03:00:00,SELL,85241.4,85754.61,84843.54,85754.61,2025-04-15 05:30:00,SL,-543.21,ZMR_CTRL_S
ZMR_CTRL,2025-04-15 13:45:00,SELL,86056.9,86542.12,85699.81,85699.81,2025-04-15 13:45:00,TP,327.09,ZMR_CTRL_S
ZMR_CTRL,2025-04-15 14:30:00,BUY,84966.4,84272.5,85486.12,84272.5,2025-04-15 18:15:00,SL,-723.9,ZMR_CTRL_L
ZMR_CTRL,2025-04-15 19:00:00,BUY,84149.9,83506.67,84684.82,83725.0,2025-04-15 23:00:00,TIME,-454.9,ZMR_CTRL_L
ZMR_CTRL,2025-04-16 08:15:00,BUY,83151.0,82743.73,83471.85,83471.85,2025-04-16 08:15:00,TP,290.85,ZMR_CTRL_L
ZMR_CTRL,2025-04-16 12:30:00,SELL,84176.6,84638.47,83824.25,83824.25,2025-04-16 12:45:00,TP,322.35,ZMR_CTRL_S
ZMR_CTRL,2025-04-16 14:30:00,SELL,84369.0,84899.7,83975.35,84899.7,2025-04-16 15:15:00,SL,-560.7,ZMR_CTRL_S
ZMR_CTRL,2025-04-16 17:30:00,SELL,85322.9,86051.19,84771.78,84771.78,2025-04-16 17:30:00,TP,521.12,ZMR_CTRL_S
ZMR_CTRL,2025-04-17 06:45:00,SELL,84765.4,85134.19,84490.21,84490.21,2025-04-17 08:45:00,TP,245.19,ZMR_CTRL_S
ZMR_CTRL,2025-04-17 14:30:00,BUY,84027.1,83595.92,84350.14,84350.14,2025-04-17 15:00:00,TP,293.03,ZMR_CTRL_L
ZMR_CTRL,2025-04-17 18:00:00,SELL,85109.1,85706.63,84656.4,84656.4,2025-04-17 19:30:00,TP,422.7,ZMR_CTRL_S
ZMR_CTRL,2025-04-18 05:15:00,BUY,84585.9,84314.58,84783.97,84559.1,2025-04-18 09:15:00,TIME,-56.8,ZMR_CTRL_L
ZMR_CTRL,2025-04-18 15:30:00,BUY,84401.6,84149.64,84589.7,84589.7,2025-04-18 17:30:00,TP,158.1,ZMR_CTRL_L
ZMR_CTRL,2025-04-20 21:15:00,SELL,84948.3,85183.78,84771.34,85183.78,2025-04-20 21:30:00,SL,-265.48,ZMR_CTRL_S
ZMR_CTRL,2025-04-20 23:15:00,SELL,85121.5,85411.99,84886.66,85411.99,2025-04-21 00:15:00,SL,-320.49,ZMR_CTRL_S
ZMR_CTRL,2025-04-21 11:30:00,BUY,86836.8,86431.07,87154.05,87154.05,2025-04-21 12:00:00,TP,287.25,ZMR_CTRL_L
ZMR_CTRL,2025-04-21 13:15:00,BUY,86962.6,86495.4,87319.3,87319.3,2025-04-21 13:30:00,TP,326.7,ZMR_CTRL_L
ZMR_CTRL,2025-04-21 14:30:00,SELL,88459.5,89100.6,87885.58,87885.58,2025-04-21 14:45:00,TP,543.92,ZMR_CTRL_S
ZMR_CTRL,2025-04-21 15:30:00,SELL,88334.0,89123.76,87723.48,87723.48,2025-04-21 16:15:00,TP,580.52,ZMR_CTRL_S
ZMR_CTRL,2025-04-22 01:30:00,SELL,88428.3,89003.31,87969.57,87969.57,2025-04-22 02:30:00,TP,428.73,ZMR_CTRL_S
ZMR_CTRL,2025-04-22 12:30:00,SELL,88815.1,89194.15,88538.16,88538.16,2025-04-22 12:30:00,TP,246.94,ZMR_CTRL_S
ZMR_CTRL,2025-04-22 13:00:00,SELL,89045.4,89491.29,88710.98,89491.29,2025-04-22 13:00:00,SL,-475.89,ZMR_CTRL_S
ZMR_CTRL,2025-04-22 22:00:00,SELL,93069.6,93924.19,92413.08,93924.19,2025-04-22 23:30:00,SL,-884.59,ZMR_CTRL_S
ZMR_CTRL,2025-04-23 08:00:00,SELL,94206.7,94731.84,93795.52,93795.52,2025-04-23 10:00:00,TP,381.18,ZMR_CTRL_S
ZMR_CTRL,2025-04-23 14:00:00,BUY,93067.0,92324.28,93548.44,93548.44,2025-04-23 14:00:00,TP,451.44,ZMR_CTRL_L
ZMR_CTRL,2025-04-23 15:00:00,BUY,92976.8,92136.57,93618.7,92136.57,2025-04-23 15:15:00,SL,-870.23,ZMR_CTRL_L
ZMR_CTRL,2025-04-24 03:00:00,BUY,93118.4,92591.44,93510.47,92591.44,2025-04-24 04:00:00,SL,-556.96,ZMR_CTRL_L
ZMR_CTRL,2025-04-24 08:30:00,BUY,91919.5,91297.57,92357.25,92357.25,2025-04-24 09:15:00,TP,407.75,ZMR_CTRL_L
ZMR_CTRL,2025-04-24 14:45:00,SELL,93187.1,93744.51,92779.37,92779.37,2025-04-24 17:15:00,TP,377.73,ZMR_CTRL_S
ZMR_CTRL,2025-04-24 23:45:00,SELL,93988.8,94403.22,93646.84,93646.84,2025-04-25 00:15:00,TP,311.97,ZMR_CTRL_S
ZMR_CTRL,2025-04-25 01:15:00,SELL,94291.6,94759.36,93903.33,93903.33,2025-04-25 01:15:00,TP,358.27,ZMR_CTRL_S
ZMR_CTRL,2025-04-25 11:15:00,SELL,94070.0,94496.36,93759.68,94496.36,2025-04-25 11:45:00,SL,-456.36,ZMR_CTRL_S
ZMR_CTRL,2025-04-25 14:15:00,SELL,95423.0,96169.86,94851.3,94851.3,2025-04-25 14:15:00,TP,541.7,ZMR_CTRL_S
ZMR_CTRL,2025-04-25 14:45:00,SELL,95386.8,96260.46,94744.5,94744.5,2025-04-25 17:45:00,TP,612.29,ZMR_CTRL_S
ZMR_CTRL,2025-04-27 22:15:00,BUY,93936.3,93298.34,94414.42,93298.34,2025-04-28 00:00:00,SL,-667.96,ZMR_CTRL_L
ZMR_CTRL,2025-04-28 01:30:00,BUY,93053.6,92489.6,93498.82,93498.82,2025-04-28 02:30:00,TP,415.22,ZMR_CTRL_L
ZMR_CTRL,2025-04-28 15:30:00,BUY,93788.8,92953.41,94417.09,94417.09,2025-04-28 19:00:00,TP,598.29,ZMR_CTRL_L
ZMR_CTRL,2025-04-29 16:45:00,SELL,95435.1,96007.49,95039.58,95039.58,2025-04-29 16:45:00,TP,365.52,ZMR_CTRL_S
ZMR_CTRL,2025-04-29 18:30:00,SELL,95429.8,96080.11,94942.77,94942.77,2025-04-29 20:30:00,TP,457.03,ZMR_CTRL_S
ZMR_CTRL,2025-04-29 21:30:00,BUY,94652.2,94070.46,94994.18,94070.46,2025-04-29 23:00:00,SL,-611.74,ZMR_CTRL_L
ZMR_CTRL,2025-04-30 13:15:00,BUY,94298.2,93888.58,94607.16,94607.16,2025-04-30 13:15:00,TP,278.96,ZMR_CTRL_L
ZMR_CTRL,2025-04-30 13:45:00,BUY,93948.0,93447.02,94327.06,93447.02,2025-04-30 13:45:00,SL,-530.98,ZMR_CTRL_L
ZMR_CTRL,2025-04-30 15:00:00,BUY,93717.4,92944.24,94308.3,94308.3,2025-04-30 18:00:00,TP,560.9,ZMR_CTRL_L
ZMR_CTRL,2025-05-01 02:30:00,SELL,94953.8,95350.83,94655.85,94920.5,2025-05-01 06:30:00,TIME,3.3,ZMR_CTRL_S
ZMR_CTRL,2025-05-01 10:00:00,SELL,95546.8,95877.01,95299.14,95877.01,2025-05-01 10:15:00,SL,-360.21,ZMR_CTRL_S
ZMR_CTRL,2025-05-01 12:00:00,SELL,96241.2,96695.55,95910.24,96695.55,2025-05-01 13:15:00,SL,-484.35,ZMR_CTRL_S
ZMR_CTRL,2025-05-01 15:15:00,SELL,97474.2,98221.04,96919.67,96919.67,2025-05-01 15:45:00,TP,524.53,ZMR_CTRL_S
ZMR_CTRL,2025-05-02 03:15:00,SELL,97242.2,97679.72,96921.76,96921.76,2025-05-02 04:45:00,TP,290.44,ZMR_CTRL_S
ZMR_CTRL,2025-05-02 14:30:00,SELL,97228.8,97728.5,96858.58,97728.5,2025-05-02 14:30:00,SL,-529.7,ZMR_CTRL_S
ZMR_CTRL,2025-05-02 16:15:00,SELL,97677.9,98371.35,97145.21,97145.21,2025-05-02 17:00:00,TP,502.69,ZMR_CTRL_S
ZMR_CTRL,2025-05-04 21:15:00,BUY,95627.3,95023.67,96082.65,95023.67,2025-05-04 22:30:00,SL,-633.63,ZMR_CTRL_L
ZMR_CTRL,2025-05-05 13:45:00,BUY,93868.1,93445.78,94183.62,94183.62,2025-05-05 13:45:00,TP,285.51,ZMR_CTRL_L
ZMR_CTRL,2025-05-05 15:15:00,BUY,93736.3,93135.21,94199.54,94199.54,2025-05-05 16:15:00,TP,433.24,ZMR_CTRL_L
ZMR_CTRL,2025-05-05 18:45:00,SELL,94872.2,95500.71,94410.44,94410.44,2025-05-05 19:45:00,TP,431.76,ZMR_CTRL_S
ZMR_CTRL,2025-05-05 22:45:00,SELL,95217.9,95697.82,94856.91,94856.91,2025-05-05 23:30:00,TP,330.99,ZMR_CTRL_S
ZMR_CTRL,2025-05-06 11:00:00,BUY,93897.8,93570.6,94157.9,93570.6,2025-05-06 13:45:00,SL,-357.2,ZMR_CTRL_L
ZMR_CTRL,2025-05-06 16:15:00,SELL,94813.2,95392.36,94376.73,94376.73,2025-05-06 16:45:00,TP,406.47,ZMR_CTRL_S
ZMR_CTRL,2025-05-06 18:30:00,SELL,94936.4,95607.93,94443.08,94443.08,2025-05-06 21:15:00,TP,463.32,ZMR_CTRL_S
ZMR_CTRL,2025-05-06 22:30:00,SELL,95664.8,96147.77,95293.82,96147.77,2025-05-06 22:30:00,SL,-512.97,ZMR_CTRL_S
ZMR_CTRL,2025-05-07 14:30:00,SELL,97484.3,97894.43,97176.53,97176.53,2025-05-07 14:45:00,TP,277.77,ZMR_CTRL_S
ZMR_CTRL,2025-05-07 16:30:00,BUY,96548.6,96010.74,96944.3,96944.3,2025-05-07 16:45:00,TP,365.69,ZMR_CTRL_L
ZMR_CTRL,2025-05-07 17:45:00,BUY,96584.8,96030.39,97014.43,96030.39,2025-05-07 18:00:00,SL,-584.41,ZMR_CTRL_L
ZMR_CTRL,2025-05-07 19:30:00,BUY,96020.0,95299.16,96564.83,96564.83,2025-05-07 19:30:00,TP,514.83,ZMR_CTRL_L
ZMR_CTRL,2025-05-08 01:00:00,SELL,97772.6,98307.07,97397.12,98307.07,2025-05-08 01:00:00,SL,-564.47,ZMR_CTRL_S
ZMR_CTRL,2025-05-08 02:15:00,SELL,98093.7,98677.35,97665.41,98677.35,2025-05-08 02:30:00,SL,-613.65,ZMR_CTRL_S
ZMR_CTRL,2025-05-08 15:30:00,SELL,100667.0,101256.92,100204.61,101256.92,2025-05-08 15:30:00,SL,-619.92,ZMR_CTRL_S
ZMR_CTRL,2025-05-08 21:30:00,SELL,103350.7,104249.35,102665.86,102665.86,2025-05-08 21:45:00,TP,654.84,ZMR_CTRL_S
ZMR_CTRL,2025-05-09 07:15:00,SELL,103520.0,103959.54,103190.7,103959.54,2025-05-09 07:30:00,SL,-469.54,ZMR_CTRL_S
ZMR_CTRL,2025-05-11 21:15:00,SELL,104066.1,104616.62,103650.58,103650.58,2025-05-11 22:30:00,TP,385.51,ZMR_CTRL_S
ZMR_CTRL,2025-05-12 07:15:00,SELL,105643.8,106222.49,105207.68,105207.68,2025-05-12 07:30:00,TP,406.12,ZMR_CTRL_S
ZMR_CTRL,2025-05-12 14:30:00,BUY,102954.8,102127.14,103522.0,102127.14,2025-05-12 18:00:00,SL,-857.66,ZMR_CTRL_L
ZMR_CTRL,2025-05-13 09:30:00,SELL,103260.2,103744.2,102893.35,103744.2,2025-05-13 11:30:00,SL,-514.0,ZMR_CTRL_S
ZMR_CTRL,2025-05-13 16:15:00,SELL,104366.0,105175.57,103759.7,103759.7,2025-05-13 16:45:00,TP,576.3,ZMR_CTRL_S
ZMR_CTRL,2025-05-13 18:15:00,SELL,104463.1,105272.88,103860.32,104282.1,2025-05-13 22:15:00,TIME,151.0,ZMR_CTRL_S
ZMR_CTRL,2025-05-14 09:00:00,BUY,103237.0,102790.7,103551.6,103551.6,2025-05-14 10:00:00,TP,284.6,ZMR_CTRL_L
ZMR_CTRL,2025-05-14 11:45:00,SELL,104118.1,104641.9,103729.98,103729.98,2025-05-14 13:30:00,TP,358.12,ZMR_CTRL_S
ZMR_CTRL,2025-05-14 14:30:00,BUY,103124.0,102533.21,103562.37,103562.37,2025-05-14 15:30:00,TP,408.37,ZMR_CTRL_L
ZMR_CTRL,2025-05-14 17:30:00,BUY,102891.6,102157.48,103440.26,103440.26,2025-05-14 18:15:00,TP,518.66,ZMR_CTRL_L
ZMR_CTRL,2025-05-15 00:45:00,SELL,103866.7,104169.99,103636.43,103636.43,2025-05-15 01:00:00,TP,200.27,ZMR_CTRL_S
ZMR_CTRL,2025-05-15 02:00:00,BUY,103037.1,102701.26,103297.38,102701.26,2025-05-15 05:00:00,SL,-365.84,ZMR_CTRL_L
ZMR_CTRL,2025-05-15 06:45:00,BUY,102233.2,101762.98,102586.56,101762.98,2025-05-15 07:30:00,SL,-500.22,ZMR_CTRL_L
ZMR_CTRL,2025-05-15 15:45:00,SELL,103052.4,103868.24,102434.57,103868.24,2025-05-15 16:45:00,SL,-845.84,ZMR_CTRL_S
ZMR_CTRL,2025-05-16 08:30:00,BUY,103283.6,102899.65,103597.46,103597.46,2025-05-16 09:00:00,TP,283.86,ZMR_CTRL_L
ZMR_CTRL,2025-05-16 16:15:00,SELL,104355.5,104990.31,103861.37,103861.37,2025-05-16 17:45:00,TP,464.13,ZMR_CTRL_S
ZMR_CTRL,2025-05-18 21:45:00,SELL,104525.8,105079.31,104107.52,104107.52,2025-05-18 22:00:00,TP,388.28,ZMR_CTRL_S
ZMR_CTRL,2025-05-18 22:30:00,SELL,105109.2,105781.24,104631.6,105781.24,2025-05-18 22:45:00,SL,-702.04,ZMR_CTRL_S
ZMR_CTRL,2025-05-19 14:45:00,SELL,103791.1,104375.46,103328.5,104375.46,2025-05-19 14:45:00,SL,-614.36,ZMR_CTRL_S
ZMR_CTRL,2025-05-20 01:30:00,SELL,106132.0,106804.98,105628.66,106804.98,2025-05-20 01:45:00,SL,-702.98,ZMR_CTRL_S
ZMR_CTRL,2025-05-20 08:15:00,BUY,104980.3,104367.18,105446.09,105446.09,2025-05-20 10:00:00,TP,435.79,ZMR_CTRL_L
ZMR_CTRL,2025-05-20 13:45:00,BUY,104292.0,103883.08,104597.29,104597.29,2025-05-20 13:45:00,TP,275.29,ZMR_CTRL_L
ZMR_CTRL,2025-05-20 17:15:00,SELL,106142.6,106888.39,105609.16,105609.16,2025-05-20 18:45:00,TP,503.44,ZMR_CTRL_S
ZMR_CTRL,2025-05-20 19:30:00,SELL,106372.9,107208.98,105743.74,107208.98,2025-05-20 19:45:00,SL,-866.08,ZMR_CTRL_S
ZMR_CTRL,2025-05-21 04:45:00,SELL,107575.2,108249.23,107065.3,107065.3,2025-05-21 07:15:00,TP,479.9,ZMR_CTRL_S
ZMR_CTRL,2025-05-21 15:00:00,SELL,109044.0,109841.29,108538.43,108538.43,2025-05-21 15:00:00,TP,475.57,ZMR_CTRL_S
ZMR_CTRL,2025-05-22 04:00:00,SELL,111844.6,113012.96,110950.48,110950.48,2025-05-22 05:45:00,TP,864.12,ZMR_CTRL_S
ZMR_CTRL,2025-05-22 15:45:00,SELL,111551.6,112444.82,110882.38,111225.5,2025-05-22 19:45:00,TIME,296.1,ZMR_CTRL_S
ZMR_CTRL,2025-05-23 04:45:00,BUY,110645.9,110113.81,111053.54,110956.6,2025-05-23 08:45:00,TIME,280.7,ZMR_CTRL_L
ZMR_CTRL,2025-05-23 11:45:00,BUY,110437.2,109896.13,110789.98,109896.13,2025-05-23 11:45:00,SL,-571.07,ZMR_CTRL_L
ZMR_CTRL,2025-05-25 21:30:00,BUY,107498.5,106778.58,108084.12,108084.12,2025-05-25 22:00:00,TP,555.62,ZMR_CTRL_L
ZMR_CTRL,2025-05-26 16:15:00,SELL,110144.2,110674.8,109746.08,109746.08,2025-05-26 16:15:00,TP,368.12,ZMR_CTRL_S
ZMR_CTRL,2025-05-26 17:00:00,BUY,109433.0,108783.85,109933.16,109401.4,2025-05-26 21:00:00,TIME,-61.6,ZMR_CTRL_L
ZMR_CTRL,2025-05-27 01:15:00,BUY,108813.2,108241.29,109217.28,108241.29,2025-05-27 01:15:00,SL,-601.91,ZMR_CTRL_L
ZMR_CTRL,2025-05-27 03:00:00,BUY,108319.8,107598.98,108877.22,108877.22,2025-05-27 03:00:00,TP,527.41,ZMR_CTRL_L
ZMR_CTRL,2025-05-27 13:15:00,SELL,110437.4,110903.65,110101.01,110101.01,2025-05-27 13:30:00,TP,306.39,ZMR_CTRL_S
ZMR_CTRL,2025-05-27 16:45:00,SELL,110510.2,111435.33,109816.7,109816.7,2025-05-27 19:00:00,TP,663.5,ZMR_CTRL_S
ZMR_CTRL,2025-05-27 21:30:00,BUY,109052.7,108424.26,109515.8,108894.8,2025-05-28 01:30:00,TIME,-187.9,ZMR_CTRL_L
ZMR_CTRL,2025-05-28 13:45:00,BUY,108553.7,108063.66,108915.1,108063.66,2025-05-28 13:45:00,SL,-520.04,ZMR_CTRL_L
ZMR_CTRL,2025-05-29 00:30:00,SELL,108048.0,108601.51,107636.37,107636.37,2025-05-29 04:30:00,TP,381.63,ZMR_CTRL_S
ZMR_CTRL,2025-05-29 09:00:00,SELL,108541.4,109006.23,108165.65,108496.5,2025-05-29 13:00:00,TIME,14.9,ZMR_CTRL_S
ZMR_CTRL,2025-05-29 14:30:00,BUY,107071.4,106476.75,107517.39,106476.75,2025-05-29 14:30:00,SL,-624.65,ZMR_CTRL_L
ZMR_CTRL,2025-05-29 16:00:00,BUY,107066.6,106318.77,107589.5,106318.77,2025-05-29 17:30:00,SL,-777.83,ZMR_CTRL_L
ZMR_CTRL,2025-05-30 01:00:00,BUY,104912.4,104195.14,105380.7,105380.7,2025-05-30 01:00:00,TP,438.3,ZMR_CTRL_L
ZMR_CTRL,2025-05-30 07:45:00,BUY,105080.6,104655.2,105405.25,105405.25,2025-05-30 08:45:00,TP,294.65,ZMR_CTRL_L
ZMR_CTRL,2025-05-30 16:30:00,BUY,104701.1,103824.98,105288.02,103824.98,2025-05-30 16:45:00,SL,-906.12,ZMR_CTRL_L
ZMR_CTRL,2025-06-02 10:30:00,BUY,104437.2,103898.47,104839.15,103898.47,2025-06-02 12:15:00,SL,-568.73,ZMR_CTRL_L
ZMR_CTRL,2025-06-02 20:15:00,SELL,104960.9,105591.86,104483.3,105591.86,2025-06-02 22:15:00,SL,-660.96,ZMR_CTRL_S
ZMR_CTRL,2025-06-03 13:45:00,SELL,105675.6,105962.1,105459.85,105459.85,2025-06-03 13:45:00,TP,185.75,ZMR_CTRL_S
ZMR_CTRL,2025-06-03 14:30:00,SELL,105877.6,106274.62,105589.28,106274.62,2025-06-03 14:30:00,SL,-427.02,ZMR_CTRL_S
ZMR_CTRL,2025-06-04 10:00:00,SELL,105895.8,106185.22,105693.44,105693.44,2025-06-04 11:15:00,TP,172.37,ZMR_CTRL_S
ZMR_CTRL,2025-06-04 12:00:00,BUY,105149.4,104801.31,105413.97,104801.31,2025-06-04 13:45:00,SL,-378.09,ZMR_CTRL_L
ZMR_CTRL,2025-06-05 06:45:00,BUY,104479.6,104138.33,104738.7,104738.7,2025-06-05 08:45:00,TP,229.1,ZMR_CTRL_L
ZMR_CTRL,2025-06-05 12:30:00,SELL,105444.8,105774.37,105215.82,105774.37,2025-06-05 12:45:00,SL,-359.57,ZMR_CTRL_S
ZMR_CTRL,2025-06-05 16:45:00,BUY,103771.4,102978.3,104368.15,102978.3,2025-06-05 18:00:00,SL,-823.1,ZMR_CTRL_L
ZMR_CTRL,2025-06-05 18:45:00,BUY,102921.3,101985.25,103608.99,101985.25,2025-06-05 19:15:00,SL,-966.05,ZMR_CTRL_L
ZMR_CTRL,2025-06-06 13:45:00,SELL,104480.8,104907.43,104153.13,104153.13,2025-06-06 13:45:00,TP,297.67,ZMR_CTRL_S
ZMR_CTRL,2025-06-06 14:30:00,SELL,104667.9,105181.14,104283.14,105181.14,2025-06-06 15:00:00,SL,-543.24,ZMR_CTRL_S
ZMR_CTRL,2025-06-06 16:00:00,SELL,105196.3,105878.03,104680.28,104680.28,2025-06-06 17:00:00,TP,486.02,ZMR_CTRL_S
ZMR_CTRL,2025-06-08 21:15:00,SELL,106301.4,106983.95,105789.66,105789.66,2025-06-08 22:45:00,TP,481.74,ZMR_CTRL_S
ZMR_CTRL,2025-06-09 09:00:00,SELL,106019.1,106282.08,105829.74,106282.08,2025-06-09 09:30:00,SL,-292.98,ZMR_CTRL_S
ZMR_CTRL,2025-06-09 12:45:00,SELL,107964.4,108524.25,107550.46,107550.46,2025-06-09 13:15:00,TP,383.94,ZMR_CTRL_S
ZMR_CTRL,2025-06-09 21:15:00,SELL,109268.7,109799.05,108869.19,109799.05,2025-06-09 21:15:00,SL,-560.35,ZMR_CTRL_S
ZMR_CTRL,2025-06-10 13:15:00,SELL,109821.2,110226.8,109518.05,109518.05,2025-06-10 13:30:00,TP,273.15,ZMR_CTRL_S
ZMR_CTRL,2025-06-10 14:30:00,BUY,108890.2,108342.84,109288.82,109288.82,2025-06-10 16:00:00,TP,368.62,ZMR_CTRL_L
ZMR_CTRL,2025-06-10 19:30:00,SELL,110067.4,110785.81,109513.89,109513.89,2025-06-10 19:45:00,TP,523.51,ZMR_CTRL_S
ZMR_CTRL,2025-06-11 09:45:00,BUY,109286.7,108965.16,109530.3,109530.3,2025-06-11 12:30:00,TP,213.61,ZMR_CTRL_L
ZMR_CTRL,2025-06-11 14:15:00,SELL,110025.2,110520.82,109640.71,109640.71,2025-06-11 16:00:00,TP,354.49,ZMR_CTRL_S
ZMR_CTRL,2025-06-11 18:00:00,BUY,109024.8,108327.96,109553.03,108652.8,2025-06-11 22:00:00,TIME,-402.0,ZMR_CTRL_L
ZMR_CTRL,2025-06-12 03:30:00,BUY,107924.0,107453.87,108273.62,107453.87,2025-06-12 04:15:00,SL,-500.13,ZMR_CTRL_L
ZMR_CTRL,2025-06-12 11:30:00,BUY,107064.6,106690.45,107342.06,107342.06,2025-06-12 12:30:00,TP,247.46,ZMR_CTRL_L
ZMR_CTRL,2025-06-12 13:30:00,BUY,106870.6,106435.26,107196.06,107196.06,2025-06-12 13:45:00,TP,295.46,ZMR_CTRL_L
ZMR_CTRL,2025-06-12 17:30:00,SELL,108198.3,108945.71,107638.62,107638.62,2025-06-12 18:30:00,TP,529.68,ZMR_CTRL_S
ZMR_CTRL,2025-06-12 20:15:00,BUY,106509.2,105684.03,107118.98,105684.03,2025-06-13 00:00:00,SL,-855.17,ZMR_CTRL_L
ZMR_CTRL,2025-06-13 15:15:00,SELL,105548.2,106304.43,104983.13,104983.13,2025-06-13 17:45:00,TP,535.07,ZMR_CTRL_S
ZMR_CTRL,2025-06-16 04:30:00,SELL,106278.8,106805.97,105884.47,106805.97,2025-06-16 05:30:00,SL,-557.17,ZMR_CTRL_S
ZMR_CTRL,2025-06-16 07:45:00,SELL,107249.3,107652.03,106947.43,106947.43,2025-06-16 09:45:00,TP,271.87,ZMR_CTRL_S
ZMR_CTRL,2025-06-16 14:30:00,SELL,107424.2,107900.72,107064.36,107900.72,2025-06-16 16:30:00,SL,-506.52,ZMR_CTRL_S
ZMR_CTRL,2025-06-16 17:30:00,SELL,107942.8,108572.91,107470.57,108572.91,2025-06-16 19:00:00,SL,-660.11,ZMR_CTRL_S
ZMR_CTRL,2025-06-17 00:00:00,BUY,106856.4,106096.68,107412.89,107412.89,2025-06-17 01:30:00,TP,526.49,ZMR_CTRL_L
ZMR_CTRL,2025-06-17 10:00:00,BUY,106202.8,105769.17,106528.02,105769.17,2025-06-17 10:30:00,SL,-463.63,ZMR_CTRL_L
ZMR_CTRL,2025-06-17 11:15:00,BUY,105755.7,105298.79,106094.36,105298.79,2025-06-17 13:45:00,SL,-486.91,ZMR_CTRL_L
ZMR_CTRL,2025-06-17 15:30:00,BUY,104315.8,103629.44,104833.02,103629.44,2025-06-17 16:45:00,SL,-716.36,ZMR_CTRL_L
ZMR_CTRL,2025-06-18 04:45:00,SELL,105386.8,105823.77,105058.55,105058.55,2025-06-18 06:45:00,TP,298.25,ZMR_CTRL_S
ZMR_CTRL,2025-06-18 10:45:00,BUY,104472.1,104018.56,104803.68,104803.68,2025-06-18 11:45:00,TP,301.58,ZMR_CTRL_L
ZMR_CTRL,2025-06-18 13:15:00,BUY,104052.2,103528.43,104435.23,104435.23,2025-06-18 13:45:00,TP,353.03,ZMR_CTRL_L
ZMR_CTRL,2025-06-18 19:00:00,BUY,103636.9,102680.86,104350.43,104350.43,2025-06-18 19:00:00,TP,683.53,ZMR_CTRL_L
ZMR_CTRL,2025-06-19 13:45:00,BUY,104551.9,104246.5,104787.6,104246.5,2025-06-19 14:45:00,SL,-335.4,ZMR_CTRL_L
ZMR_CTRL,2025-06-19 15:45:00,BUY,104248.7,103855.71,104549.39,104549.39,2025-06-19 17:30:00,TP,270.69,ZMR_CTRL_L
ZMR_CTRL,2025-06-20 07:30:00,SELL,105197.0,105500.83,104976.13,105500.83,2025-06-20 07:30:00,SL,-333.83,ZMR_CTRL_S
ZMR_CTRL,2025-06-20 15:00:00,BUY,103906.0,103281.34,104366.8,104366.8,2025-06-20 15:00:00,TP,430.79,ZMR_CTRL_L
ZMR_CTRL,2025-06-20 16:15:00,BUY,104082.0,103367.06,104618.9,103367.06,2025-06-20 17:15:00,SL,-744.94,ZMR_CTRL_L
ZMR_CTRL,2025-06-22 21:15:00,BUY,99394.9,98284.74,100237.14,100237.14,2025-06-22 22:00:00,TP,812.25,ZMR_CTRL_L
ZMR_CTRL,2025-06-23 14:00:00,SELL,102395.2,103048.42,101896.71,101896.71,2025-06-23 14:15:00,TP,468.49,ZMR_CTRL_S
ZMR_CTRL,2025-06-23 16:30:00,BUY,100303.8,99392.74,100984.82,100984.82,2025-06-23 17:00:00,TP,651.02,ZMR_CTRL_L
ZMR_CTRL,2025-06-23 18:00:00,SELL,102556.4,103848.6,101576.58,103848.6,2025-06-23 20:15:00,SL,-1322.2,ZMR_CTRL_S
ZMR_CTRL,2025-06-23 22:15:00,SELL,105384.3,106439.54,104572.22,105094.2,2025-06-24 02:15:00,TIME,260.1,ZMR_CTRL_S
ZMR_CTRL,2025-06-24 16:45:00,SELL,105892.7,106569.14,105395.7,105395.7,2025-06-24 19:00:00,TP,467.0,ZMR_CTRL_S
ZMR_CTRL,2025-06-25 00:15:00,SELL,106532.6,107032.63,106159.68,106159.68,2025-06-25 00:30:00,TP,342.92,ZMR_CTRL_S
ZMR_CTRL,2025-06-25 02:15:00,SELL,106814.6,107401.13,106372.95,106372.95,2025-06-25 03:30:00,TP,411.65,ZMR_CTRL_S
ZMR_CTRL,2025-06-25 09:15:00,SELL,106894.4,107283.91,106595.62,106595.62,2025-06-25 09:30:00,TP,268.78,ZMR_CTRL_S
ZMR_CTRL,2025-06-25 10:30:00,SELL,107186.9,107640.36,106841.73,107640.36,2025-06-25 13:15:00,SL,-483.46,ZMR_CTRL_S
ZMR_CTRL,2025-06-26 03:00:00,SELL,108003.6,108459.52,107655.71,107655.71,2025-06-26 05:30:00,TP,317.89,ZMR_CTRL_S
ZMR_CTRL,2025-06-26 11:30:00,BUY,107262.6,106858.05,107566.71,107566.71,2025-06-26 14:30:00,TP,274.11,ZMR_CTRL_L
ZMR_CTRL,2025-06-26 19:45:00,SELL,107654.7,108206.3,107238.72,107238.72,2025-06-26 21:15:00,TP,385.98,ZMR_CTRL_S
ZMR_CTRL,2025-06-27 01:00:00,BUY,106736.2,106235.36,107108.68,107108.68,2025-06-27 01:15:00,TP,342.48,ZMR_CTRL_L
ZMR_CTRL,2025-06-27 16:45:00,SELL,107529.0,108144.4,107063.42,107063.42,2025-06-27 17:15:00,TP,435.57,ZMR_CTRL_S
ZMR_CTRL,2025-06-29 21:30:00,SELL,107595.7,108128.48,107194.54,108128.48,2025-06-29 22:30:00,SL,-562.78,ZMR_CTRL_S
ZMR_CTRL,2025-06-30 00:30:00,SELL,108693.4,109175.94,108336.57,108419.5,2025-06-30 04:30:00,TIME,243.9,ZMR_CTRL_S
ZMR_CTRL,2025-06-30 07:15:00,BUY,107607.2,107315.24,107818.12,107818.12,2025-06-30 11:15:00,TP,180.92,ZMR_CTRL_L
ZMR_CTRL,2025-06-30 15:00:00,BUY,106827.0,106384.23,107155.75,107155.75,2025-06-30 15:15:00,TP,298.75,ZMR_CTRL_L
ZMR_CTRL,2025-07-01 05:00:00,BUY,106944.9,106619.22,107187.41,107187.41,2025-07-01 07:45:00,TP,212.51,ZMR_CTRL_L
ZMR_CTRL,2025-07-01 09:45:00,BUY,106566.1,106228.32,106825.21,106825.21,2025-07-01 13:30:00,TP,229.11,ZMR_CTRL_L
ZMR_CTRL,2025-07-01 14:45:00,BUY,106065.4,105519.38,106487.16,105765.0,2025-07-01 18:45:00,TIME,-330.4,ZMR_CTRL_L
ZMR_CTRL,2025-07-01 19:15:00,BUY,105657.7,105032.05,106129.74,106129.74,2025-07-01 21:15:00,TP,442.04,ZMR_CTRL_L
ZMR_CTRL,2025-07-02 04:00:00,SELL,106230.7,106621.05,105945.99,106621.05,2025-07-02 05:30:00,SL,-420.35,ZMR_CTRL_S
ZMR_CTRL,2025-07-02 08:15:00,SELL,107427.0,107759.21,107175.74,107759.21,2025-07-02 08:30:00,SL,-362.21,ZMR_CTRL_S
ZMR_CTRL,2025-07-02 15:15:00,SELL,108436.6,108933.0,108069.02,108933.0,2025-07-02 16:00:00,SL,-526.4,ZMR_CTRL_S
ZMR_CTRL,2025-07-03 02:30:00,BUY,108674.8,108277.58,108975.16,108975.16,2025-07-03 04:15:00,TP,270.36,ZMR_CTRL_L
ZMR_CTRL,2025-07-03 09:30:00,SELL,110044.6,110436.15,109749.89,109749.89,2025-07-03 10:15:00,TP,264.71,ZMR_CTRL_S
ZMR_CTRL,2025-07-03 14:00:00,SELL,110336.1,111022.24,109829.37,109829.37,2025-07-03 14:30:00,TP,476.73,ZMR_CTRL_S
ZMR_CTRL,2025-07-04 02:45:00,BUY,109185.9,108864.7,109431.17,109431.17,2025-07-04 03:15:00,TP,215.27,ZMR_CTRL_L
ZMR_CTRL,2025-07-04 04:45:00,BUY,109145.5,108813.85,109392.14,108813.85,2025-07-04 07:15:00,SL,-361.65,ZMR_CTRL_L
ZMR_CTRL,2025-07-04 08:15:00,BUY,108634.3,108301.96,108881.98,108881.98,2025-07-04 08:15:00,TP,217.68,ZMR_CTRL_L
ZMR_CTRL,2025-07-04 13:45:00,BUY,108396.9,108123.62,108692.86,108123.62,2025-07-04 13:45:00,SL,-303.28,ZMR_CTRL_L
ZMR_CTRL,2025-07-06 21:30:00,SELL,109356.1,109873.66,108964.43,108964.43,2025-07-07 00:30:00,TP,361.67,ZMR_CTRL_S
ZMR_CTRL,2025-07-07 12:30:00,BUY,108440.9,108145.44,108664.42,108145.44,2025-07-07 13:15:00,SL,-325.46,ZMR_CTRL_L
ZMR_CTRL,2025-07-07 13:45:00,BUY,108162.6,107782.95,108441.74,108441.74,2025-07-07 13:45:00,TP,249.14,ZMR_CTRL_L
ZMR_CTRL,2025-07-07 14:15:00,BUY,108170.6,107711.79,108515.23,108515.23,2025-07-07 15:15:00,TP,314.63,ZMR_CTRL_L
ZMR_CTRL,2025-07-07 18:30:00,BUY,107521.7,106845.02,108039.18,108039.18,2025-07-07 18:45:00,TP,487.49,ZMR_CTRL_L
ZMR_CTRL,2025-07-08 02:00:00,BUY,107689.6,107318.78,107965.62,107965.62,2025-07-08 03:30:00,TP,246.01,ZMR_CTRL_L
ZMR_CTRL,2025-07-08 10:45:00,SELL,108891.6,109160.46,108693.98,108693.98,2025-07-08 12:15:00,TP,167.62,ZMR_CTRL_S
ZMR_CTRL,2025-07-09 03:15:00,BUY,108484.4,108221.39,108682.36,108682.36,2025-07-09 05:30:00,TP,167.96,ZMR_CTRL_L
ZMR_CTRL,2025-07-09 11:15:00,SELL,109042.6,109272.42,108870.06,109272.42,2025-07-09 12:00:00,SL,-259.82,ZMR_CTRL_S
ZMR_CTRL,2025-07-09 13:15:00,SELL,109725.7,110034.14,109491.05,109491.05,2025-07-09 13:30:00,TP,204.65,ZMR_CTRL_S
ZMR_CTRL,2025-07-09 19:30:00,SELL,110412.8,110963.26,109999.43,110963.26,2025-07-09 19:30:00,SL,-580.46,ZMR_CTRL_S
ZMR_CTRL,2025-07-10 12:15:00,BUY,110863.5,110576.94,111089.44,111089.44,2025-07-10 13:15:00,TP,195.95,ZMR_CTRL_L
ZMR_CTRL,2025-07-10 16:15:00,SELL,111572.9,112148.31,111141.52,112148.31,2025-07-10 16:15:00,SL,-605.41,ZMR_CTRL_S
ZMR_CTRL,2025-07-10 21:30:00,SELL,115789.9,116805.45,115023.86,116805.45,2025-07-10 21:30:00,SL,-1045.55,ZMR_CTRL_S
ZMR_CTRL,2025-07-11 16:00:00,BUY,116936.2,116126.17,117532.52,117532.52,2025-07-11 17:00:00,TP,566.32,ZMR_CTRL_L
ZMR_CTRL,2025-07-13 21:15:00,SELL,118968.5,119714.86,118409.26,118409.26,2025-07-13 22:00:00,TP,529.24,ZMR_CTRL_S
ZMR_CTRL,2025-07-14 00:00:00,SELL,119156.4,119857.86,118628.38,119857.86,2025-07-14 02:15:00,SL,-731.46,ZMR_CTRL_S
ZMR_CTRL,2025-07-14 03:45:00,SELL,121213.0,121995.52,120600.91,120600.91,2025-07-14 04:00:00,TP,582.09,ZMR_CTRL_S
ZMR_CTRL,2025-07-14 14:45:00,BUY,120963.8,120237.07,121513.75,120237.07,2025-07-14 15:30:00,SL,-756.73,ZMR_CTRL_L
ZMR_CTRL,2025-07-15 01:15:00,BUY,119252.8,118650.82,119696.94,118650.82,2025-07-15 01:45:00,SL,-631.98,ZMR_CTRL_L
ZMR_CTRL,2025-07-15 13:15:00,SELL,118075.2,118875.32,117489.64,117489.64,2025-07-15 14:30:00,TP,555.57,ZMR_CTRL_S
ZMR_CTRL,2025-07-15 15:00:00,BUY,116053.0,114890.71,116882.02,116882.02,2025-07-15 16:00:00,TP,799.02,ZMR_CTRL_L
ZMR_CTRL,2025-07-16 06:45:00,SELL,118307.6,118816.5,117926.98,118816.5,2025-07-16 08:30:00,SL,-538.9,ZMR_CTRL_S
ZMR_CTRL,2025-07-16 10:00:00,SELL,119227.2,119758.6,118836.7,118836.7,2025-07-16 10:45:00,TP,360.5,ZMR_CTRL_S
ZMR_CTRL,2025-07-16 15:30:00,SELL,119579.4,120356.5,118981.18,118981.18,2025-07-16 15:30:00,TP,568.22,ZMR_CTRL_S
ZMR_CTRL,2025-07-16 17:30:00,SELL,119729.2,120798.38,118940.96,118940.96,2025-07-16 19:30:00,TP,758.24,ZMR_CTRL_S
ZMR_CTRL,2025-07-16 20:45:00,SELL,120028.2,120934.43,119346.78,119346.78,2025-07-16 21:45:00,TP,651.42,ZMR_CTRL_S
ZMR_CTRL,2025-07-17 01:45:00,BUY,118341.2,117681.86,118842.0,118670.2,2025-07-17 05:45:00,TIME,299.0,ZMR_CTRL_L
ZMR_CTRL,2025-07-17 09:30:00,SELL,119205.5,119824.0,118720.8,118720.8,2025-07-17 10:00:00,TP,454.7,ZMR_CTRL_S
ZMR_CTRL,2025-07-17 12:30:00,BUY,117509.8,116902.41,117958.69,117958.69,2025-07-17 12:30:00,TP,418.89,ZMR_CTRL_L
ZMR_CTRL,2025-07-17 15:45:00,SELL,119177.6,119917.77,118625.27,118625.27,2025-07-17 16:00:00,TP,522.33,ZMR_CTRL_S
ZMR_CTRL,2025-07-17 18:00:00,SELL,119351.2,120162.55,118741.29,118741.29,2025-07-17 20:00:00,TP,579.91,ZMR_CTRL_S
ZMR_CTRL,2025-07-17 21:15:00,SELL,120175.2,120963.61,119582.84,120963.61,2025-07-17 21:15:00,SL,-818.41,ZMR_CTRL_S
ZMR_CTRL,2025-07-18 08:30:00,BUY,119206.2,118527.31,119709.42,118527.31,2025-07-18 08:30:00,SL,-708.89,ZMR_CTRL_L
ZMR_CTRL,2025-07-18 09:30:00,BUY,118725.4,118009.35,119262.79,119262.79,2025-07-18 10:45:00,TP,507.39,ZMR_CTRL_L
ZMR_CTRL,2025-07-18 14:45:00,BUY,117814.6,117045.74,118388.1,118388.1,2025-07-18 14:45:00,TP,543.49,ZMR_CTRL_L
ZMR_CTRL,2025-07-21 00:15:00,BUY,116925.2,116096.57,117551.4,117551.4,2025-07-21 02:00:00,TP,596.2,ZMR_CTRL_L
ZMR_CTRL,2025-07-21 03:15:00,SELL,118490.1,119339.21,117863.94,119339.21,2025-07-21 07:00:00,SL,-879.11,ZMR_CTRL_S
ZMR_CTRL,2025-07-21 17:45:00,BUY,117488.2,116675.03,118090.38,118090.38,2025-07-21 18:15:00,TP,572.18,ZMR_CTRL_L
ZMR_CTRL,2025-07-21 18:45:00,BUY,117492.6,116661.11,118118.32,117413.8,2025-07-21 22:45:00,TIME,-108.8,ZMR_CTRL_L
ZMR_CTRL,2025-07-22 05:00:00,BUY,116622.8,115792.28,117241.84,117241.84,2025-07-22 05:00:00,TP,589.04,ZMR_CTRL_L
ZMR_CTRL,2025-07-22 07:00:00,SELL,117885.6,118631.87,117322.4,118631.87,2025-07-22 07:15:00,SL,-776.27,ZMR_CTRL_S
ZMR_CTRL,2025-07-22 09:45:00,SELL,118572.2,119378.23,117982.38,119378.23,2025-07-22 12:30:00,SL,-836.03,ZMR_CTRL_S
ZMR_CTRL,2025-07-22 19:00:00,SELL,119805.6,120722.85,119140.41,120258.6,2025-07-22 23:00:00,TIME,-483.0,ZMR_CTRL_S
ZMR_CTRL,2025-07-23 03:45:00,BUY,118824.8,118282.43,119229.83,118412.8,2025-07-23 07:45:00,TIME,-442.0,ZMR_CTRL_L
ZMR_CTRL,2025-07-23 13:45:00,BUY,117663.2,117074.49,118104.38,118104.38,2025-07-23 14:15:00,TP,411.18,ZMR_CTRL_L
ZMR_CTRL,2025-07-24 00:30:00,SELL,119085.4,119725.48,118603.42,118603.42,2025-07-24 03:45:00,TP,451.98,ZMR_CTRL_S
ZMR_CTRL,2025-07-24 05:15:00,BUY,117660.2,117101.23,118082.23,118082.23,2025-07-24 07:15:00,TP,392.03,ZMR_CTRL_L
ZMR_CTRL,2025-07-24 15:15:00,SELL,119364.2,120023.97,118886.52,118886.52,2025-07-24 15:30:00,TP,447.68,ZMR_CTRL_S
ZMR_CTRL,2025-07-24 18:15:00,SELL,119397.4,120199.78,118801.22,118801.22,2025-07-24 20:45:00,TP,566.18,ZMR_CTRL_S
ZMR_CTRL,2025-07-25 00:30:00,BUY,117996.6,117579.14,118316.0,117579.14,2025-07-25 01:15:00,SL,-447.46,ZMR_CTRL_L
ZMR_CTRL,2025-07-25 20:45:00,SELL,117290.6,117932.66,116814.3,117932.66,2025-07-27 21:00:00,SL,-672.06,ZMR_CTRL_S
ZMR_CTRL,2025-07-28 07:15:00,BUY,118909.6,118468.12,119236.86,118577.8,2025-07-28 11:15:00,TIME,-361.8,ZMR_CTRL_L
ZMR_CTRL,2025-07-28 14:30:00,BUY,118105.8,117498.89,118560.28,117498.89,2025-07-28 18:00:00,SL,-636.91,ZMR_CTRL_L
ZMR_CTRL,2025-07-28 18:30:00,BUY,117559.4,116795.97,118072.82,118072.82,2025-07-28 19:00:00,TP,483.42,ZMR_CTRL_L
ZMR_CTRL,2025-07-29 03:15:00,SELL,118416.6,119039.24,117955.22,119039.24,2025-07-29 06:15:00,SL,-652.64,ZMR_CTRL_S
ZMR_CTRL,2025-07-29 14:15:00,BUY,118117.6,117547.27,118546.4,117547.27,2025-07-29 15:15:00,SL,-600.33,ZMR_CTRL_L
ZMR_CTRL,2025-07-30 02:15:00,SELL,118093.6,118581.13,117743.35,117743.35,2025-07-30 05:00:00,TP,320.25,ZMR_CTRL_S
ZMR_CTRL,2025-07-30 12:00:00,BUY,117563.2,117074.34,117914.62,117914.62,2025-07-30 12:30:00,TP,321.42,ZMR_CTRL_L
ZMR_CTRL,2025-07-30 13:15:00,BUY,117553.2,116975.2,117986.35,117986.35,2025-07-30 14:15:00,TP,403.15,ZMR_CTRL_L
ZMR_CTRL,2025-07-30 15:00:00,SELL,118720.6,119452.33,118170.93,118170.93,2025-07-30 15:15:00,TP,519.67,ZMR_CTRL_S
ZMR_CTRL,2025-07-30 19:00:00,BUY,116504.4,115734.23,117083.78,115734.23,2025-07-30 19:00:00,SL,-800.17,ZMR_CTRL_L
ZMR_CTRL,2025-07-31 13:30:00,BUY,118134.6,117770.7,118405.78,118405.78,2025-07-31 13:30:00,TP,241.18,ZMR_CTRL_L
ZMR_CTRL,2025-07-31 14:30:00,BUY,117954.8,117460.34,118357.14,118357.14,2025-07-31 15:45:00,TP,372.35,ZMR_CTRL_L
ZMR_CTRL,2025-07-31 17:30:00,BUY,117865.2,117124.72,118391.51,117124.72,2025-07-31 19:15:00,SL,-770.48,ZMR_CTRL_L
ZMR_CTRL,2025-08-01 00:15:00,BUY,115297.6,114589.1,115833.88,115833.88,2025-08-01 00:15:00,TP,506.27,ZMR_CTRL_L
ZMR_CTRL,2025-08-01 01:15:00,BUY,114625.4,113745.44,115315.47,115315.47,2025-08-01 01:30:00,TP,660.07,ZMR_CTRL_L
ZMR_CTRL,2025-08-01 08:15:00,BUY,114623.8,114017.07,115083.75,115083.75,2025-08-01 09:15:00,TP,429.95,ZMR_CTRL_L
ZMR_CTRL,2025-08-01 14:00:00,BUY,114273.8,113520.51,114844.02,114844.02,2025-08-01 14:00:00,TP,540.22,ZMR_CTRL_L
ZMR_CTRL,2025-08-01 18:15:00,BUY,114044.6,112901.78,114904.86,114098.3,2025-08-03 22:15:00,TIME,23.7,ZMR_CTRL_L
ZMR_CTRL,2025-08-04 13:45:00,SELL,114755.6,115159.44,114453.07,115159.44,2025-08-04 14:00:00,SL,-433.84,ZMR_CTRL_S
ZMR_CTRL,2025-08-04 17:00:00,SELL,115337.2,115996.16,114824.43,114824.43,2025-08-04 19:30:00,TP,482.77,ZMR_CTRL_S
ZMR_CTRL,2025-08-05 03:15:00,BUY,114491.0,114111.73,114772.3,114111.73,2025-08-05 06:45:00,SL,-409.27,ZMR_CTRL_L
ZMR_CTRL,2025-08-05 14:30:00,BUY,113236.8,112534.64,113756.07,113371.6,2025-08-05 18:30:00,TIME,104.8,ZMR_CTRL_L
ZMR_CTRL,2025-08-06 05:45:00,SELL,114247.8,114734.61,113899.49,113899.49,2025-08-06 08:30:00,TP,318.31,ZMR_CTRL_S
ZMR_CTRL,2025-08-06 15:00:00,SELL,115220.2,115888.72,114729.48,115448.6,2025-08-06 19:00:00,TIME,-258.4,ZMR_CTRL_S
ZMR_CTRL,2025-08-07 02:00:00,BUY,114786.4,114461.77,115034.77,114461.77,2025-08-07 02:45:00,SL,-354.63,ZMR_CTRL_L
ZMR_CTRL,2025-08-07 05:00:00,BUY,114368.6,114031.15,114622.91,114622.91,2025-08-07 05:45:00,TP,224.31,ZMR_CTRL_L
ZMR_CTRL,2025-08-07 10:15:00,SELL,115533.1,115897.27,115262.95,115897.27,2025-08-07 10:15:00,SL,-394.17,ZMR_CTRL_S
ZMR_CTRL,2025-08-07 19:45:00,SELL,117234.6,117864.71,116764.82,117534.6,2025-08-07 23:45:00,TIME,-330.0,ZMR_CTRL_S
ZMR_CTRL,2025-08-08 15:15:00,BUY,116371.1,115866.54,116729.04,116729.04,2025-08-08 17:45:00,TP,327.94,ZMR_CTRL_L
ZMR_CTRL,2025-08-10 21:15:00,SELL,118253.6,118829.93,117824.5,118829.93,2025-08-10 22:00:00,SL,-606.33,ZMR_CTRL_S
ZMR_CTRL,2025-08-10 23:45:00,SELL,119269.2,119850.5,118851.42,119850.5,2025-08-11 01:45:00,SL,-611.3,ZMR_CTRL_S
ZMR_CTRL,2025-08-11 02:15:00,SELL,121280.4,121925.25,120796.41,121925.25,2025-08-11 03:00:00,SL,-674.85,ZMR_CTRL_S
ZMR_CTRL,2025-08-11 11:30:00,BUY,120480.4,119898.25,120908.26,119898.25,2025-08-11 12:30:00,SL,-612.15,ZMR_CTRL_L
ZMR_CTRL,2025-08-11 20:15:00,BUY,118731.9,118020.67,119255.35,118892.4,2025-08-12 00:15:00,TIME,130.5,ZMR_CTRL_L
ZMR_CTRL,2025-08-12 05:45:00,BUY,118487.8,118040.91,118819.47,118819.47,2025-08-12 06:00:00,TP,301.67,ZMR_CTRL_L
ZMR_CTRL,2025-08-12 09:45:00,BUY,118543.5,118087.4,118898.0,118898.0,2025-08-12 12:30:00,TP,324.5,ZMR_CTRL_L
ZMR_CTRL,2025-08-12 15:00:00,SELL,119455.8,120234.97,118869.32,119560.9,2025-08-12 19:00:00,TIME,-135.1,ZMR_CTRL_S
ZMR_CTRL,2025-08-13 02:15:00,BUY,119198.6,118731.89,119551.78,119551.78,2025-08-13 02:30:00,TP,323.18,ZMR_CTRL_L
ZMR_CTRL,2025-08-13 10:15:00,SELL,120381.8,120928.66,119967.45,120928.66,2025-08-13 13:45:00,SL,-576.86,ZMR_CTRL_S
ZMR_CTRL,2025-08-13 19:45:00,SELL,122500.6,123410.66,121815.96,123410.66,2025-08-13 22:30:00,SL,-940.06,ZMR_CTRL_S
ZMR_CTRL,2025-08-14 00:30:00,SELL,124326.3,125048.12,123689.21,123689.21,2025-08-14 00:45:00,TP,607.09,ZMR_CTRL_S
ZMR_CTRL,2025-08-14 06:00:00,BUY,122207.8,121636.96,122636.63,121636.96,2025-08-14 06:15:00,SL,-600.84,ZMR_CTRL_L
ZMR_CTRL,2025-08-14 12:45:00,BUY,119587.6,118659.81,120277.84,118659.81,2025-08-14 13:00:00,SL,-957.79,ZMR_CTRL_L
ZMR_CTRL,2025-08-15 01:45:00,SELL,118740.2,119377.5,118259.08,119067.3,2025-08-15 05:45:00,TIME,-357.1,ZMR_CTRL_S
ZMR_CTRL,2025-08-15 13:15:00,BUY,118573.1,118091.43,118929.63,118091.43,2025-08-15 13:30:00,SL,-511.67,ZMR_CTRL_L
ZMR_CTRL,2025-08-15 16:15:00,BUY,117088.6,116285.27,117716.3,117716.3,2025-08-15 17:15:00,TP,597.7,ZMR_CTRL_L
ZMR_CTRL,2025-08-18 01:30:00,BUY,116741.8,116296.1,117124.55,116296.1,2025-08-18 01:45:00,SL,-475.7,ZMR_CTRL_L
ZMR_CTRL,2025-08-18 15:45:00,SELL,115825.0,116450.03,115354.48,116450.03,2025-08-18 17:15:00,SL,-655.03,ZMR_CTRL_S
ZMR_CTRL,2025-08-19 02:00:00,BUY,115870.5,115319.26,116287.96,115319.26,2025-08-19 03:30:00,SL,-581.24,ZMR_CTRL_L
ZMR_CTRL,2025-08-19 14:30:00,BUY,114156.9,113578.28,114585.09,113578.28,2025-08-19 15:00:00,SL,-608.62,ZMR_CTRL_L
ZMR_CTRL,2025-08-19 16:00:00,BUY,113794.8,113063.24,114336.12,113063.24,2025-08-19 18:30:00,SL,-761.56,ZMR_CTRL_L
ZMR_CTRL,2025-08-20 01:45:00,BUY,112688.4,112171.2,113067.55,113067.55,2025-08-20 01:45:00,TP,349.15,ZMR_CTRL_L
ZMR_CTRL,2025-08-20 11:45:00,BUY,113175.1,112763.04,113480.12,113480.12,2025-08-20 11:45:00,TP,275.02,ZMR_CTRL_L
ZMR_CTRL,2025-08-20 13:15:00,BUY,113330.4,112826.03,113714.28,112826.03,2025-08-20 13:45:00,SL,-534.37,ZMR_CTRL_L
ZMR_CTRL,2025-08-20 15:30:00,SELL,114286.9,115130.61,113670.39,113670.39,2025-08-20 15:45:00,TP,586.51,ZMR_CTRL_S
ZMR_CTRL,2025-08-21 05:15:00,BUY,113665.9,113144.01,114070.44,113422.6,2025-08-21 09:15:00,TIME,-273.3,ZMR_CTRL_L
ZMR_CTRL,2025-08-21 12:00:00,BUY,113127.4,112706.8,113444.25,113444.25,2025-08-21 13:30:00,TP,286.85,ZMR_CTRL_L
ZMR_CTRL,2025-08-21 15:15:00,BUY,112675.4,111994.45,113203.61,112221.2,2025-08-21 19:15:00,TIME,-484.2,ZMR_CTRL_L
ZMR_CTRL,2025-08-22 01:45:00,SELL,112851.9,113362.88,112476.54,113362.88,2025-08-22 02:15:00,SL,-540.98,ZMR_CTRL_S
ZMR_CTRL,2025-08-22 03:15:00,SELL,113298.1,113810.85,112919.66,112919.66,2025-08-22 03:45:00,TP,348.44,ZMR_CTRL_S
ZMR_CTRL,2025-08-22 10:45:00,BUY,112540.2,112091.12,112871.76,112091.12,2025-08-22 12:00:00,SL,-479.08,ZMR_CTRL_L
ZMR_CTRL,2025-08-22 14:15:00,SELL,115202.8,116029.17,114580.92,116029.17,2025-08-22 14:30:00,SL,-856.37,ZMR_CTRL_S
ZMR_CTRL,2025-08-25 07:00:00,BUY,111915.4,111361.71,112315.79,111361.71,2025-08-25 07:45:00,SL,-583.69,ZMR_CTRL_L
ZMR_CTRL,2025-08-25 16:15:00,SELL,112590.6,113472.9,111926.25,111926.25,2025-08-25 19:15:00,TP,634.35,ZMR_CTRL_S
ZMR_CTRL,2025-08-25 20:15:00,BUY,110058.3,109182.23,110731.1,109677.2,2025-08-26 00:15:00,TIME,-411.1,ZMR_CTRL_L
ZMR_CTRL,2025-08-26 15:45:00,BUY,109601.2,108705.42,110274.08,110274.08,2025-08-26 18:15:00,TP,642.89,ZMR_CTRL_L
ZMR_CTRL,2025-08-26 18:45:00,SELL,110920.8,111743.18,110309.62,111743.18,2025-08-26 22:00:00,SL,-852.38,ZMR_CTRL_S
ZMR_CTRL,2025-08-26 23:15:00,SELL,112370.2,113031.84,111878.0,111878.0,2025-08-26 23:30:00,TP,462.21,ZMR_CTRL_S
ZMR_CTRL,2025-08-27 07:45:00,BUY,110735.8,110260.61,111085.54,111085.54,2025-08-27 09:30:00,TP,319.74,ZMR_CTRL_L
ZMR_CTRL,2025-08-27 14:30:00,SELL,112244.8,112865.37,111787.07,111787.07,2025-08-27 14:45:00,TP,427.73,ZMR_CTRL_S
ZMR_CTRL,2025-08-27 15:15:00,SELL,112039.5,112750.44,111494.57,112038.5,2025-08-27 19:15:00,TIME,-29.0,ZMR_CTRL_S
ZMR_CTRL,2025-08-27 23:45:00,BUY,111139.0,110333.63,111736.03,111736.03,2025-08-28 01:45:00,TP,567.03,ZMR_CTRL_L
ZMR_CTRL,2025-08-28 04:45:00,SELL,112805.6,113359.11,112410.24,113359.11,2025-08-28 07:00:00,SL,-583.51,ZMR_CTRL_S
ZMR_CTRL,2025-08-28 14:30:00,BUY,112660.9,112177.25,113018.91,113018.91,2025-08-28 14:30:00,TP,328.01,ZMR_CTRL_L
ZMR_CTRL,2025-08-28 15:30:00,BUY,112583.2,111948.56,113062.33,113062.33,2025-08-28 16:15:00,TP,449.13,ZMR_CTRL_L
ZMR_CTRL,2025-08-28 17:00:00,BUY,112343.4,111594.91,112918.77,112158.8,2025-08-28 21:00:00,TIME,-214.6,ZMR_CTRL_L
ZMR_CTRL,2025-08-29 01:30:00,BUY,111566.4,111118.87,111908.52,111201.6,2025-08-29 05:30:00,TIME,-394.8,ZMR_CTRL_L
ZMR_CTRL,2025-08-29 07:15:00,BUY,110572.6,110110.18,110929.56,110110.18,2025-08-29 07:30:00,SL,-492.42,ZMR_CTRL_L
ZMR_CTRL,2025-08-29 14:15:00,BUY,108730.2,107996.01,109318.82,108136.5,2025-08-29 18:15:00,TIME,-623.7,ZMR_CTRL_L
ZMR_CTRL,2025-09-01 08:00:00,SELL,109446.4,110061.59,108981.51,108981.51,2025-09-01 10:15:00,TP,434.89,ZMR_CTRL_S
ZMR_CTRL,2025-09-01 20:45:00,BUY,108483.6,107998.67,108852.55,108852.55,2025-09-01 20:45:00,TP,338.95,ZMR_CTRL_L
ZMR_CTRL,2025-09-01 21:15:00,BUY,108422.6,107903.73,108810.0,107903.73,2025-09-01 21:30:00,SL,-548.87,ZMR_CTRL_L
ZMR_CTRL,2025-09-02 03:00:00,SELL,110241.8,110937.69,109743.16,110190.4,2025-09-02 07:00:00,TIME,21.4,ZMR_CTRL_S
ZMR_CTRL,2025-09-02 12:15:00,BUY,109428.1,108876.6,109842.25,108876.6,2025-09-02 12:30:00,SL,-581.5,ZMR_CTRL_L
ZMR_CTRL,2025-09-02 14:00:00,SELL,111190.4,112022.03,110588.55,110588.55,2025-09-02 16:15:00,TP,571.85,ZMR_CTRL_S
ZMR_CTRL,2025-09-03 06:00:00,BUY,110717.9,110264.78,111041.12,111041.12,2025-09-03 07:45:00,TP,293.21,ZMR_CTRL_L
ZMR_CTRL,2025-09-03 11:15:00,SELL,111660.5,112058.68,111360.12,111360.12,2025-09-03 12:30:00,TP,270.38,ZMR_CTRL_S
ZMR_CTRL,2025-09-03 14:45:00,SELL,112526.8,113220.42,111994.34,111994.34,2025-09-03 15:15:00,TP,502.46,ZMR_CTRL_S
ZMR_CTRL,2025-09-03 15:45:00,SELL,112356.1,113140.6,111775.6,111775.6,2025-09-03 16:30:00,TP,550.5,ZMR_CTRL_S
ZMR_CTRL,2025-09-04 02:30:00,BUY,111477.6,111045.26,111847.36,111045.26,2025-09-04 04:45:00,SL,-462.34,ZMR_CTRL_L
ZMR_CTRL,2025-09-04 06:30:00,BUY,110559.8,110090.15,110927.44,110927.44,2025-09-04 10:00:00,TP,337.64,ZMR_CTRL_L
ZMR_CTRL,2025-09-04 14:15:00,BUY,109828.9,109227.59,110276.91,109918.2,2025-09-04 18:15:00,TIME,59.3,ZMR_CTRL_L
ZMR_CTRL,2025-09-04 23:00:00,SELL,111498.8,112046.87,111089.15,111089.15,2025-09-04 23:30:00,TP,379.65,ZMR_CTRL_S
ZMR_CTRL,2025-09-05 07:15:00,SELL,112367.2,112772.08,112063.54,112772.08,2025-09-05 07:15:00,SL,-434.88,ZMR_CTRL_S
ZMR_CTRL,2025-09-05 14:30:00,BUY,110993.8,110123.9,111630.48,111253.1,2025-09-05 18:30:00,TIME,229.3,ZMR_CTRL_L
ZMR_CTRL,2025-09-08 07:30:00,SELL,111500.5,111882.29,111213.63,111882.29,2025-09-08 08:45:00,SL,-411.79,ZMR_CTRL_S
ZMR_CTRL,2025-09-08 15:30:00,SELL,112842.1,113364.35,112475.44,112475.44,2025-09-08 16:00:00,TP,336.66,ZMR_CTRL_S
ZMR_CTRL,2025-09-09 00:30:00,BUY,111686.4,111356.53,111946.93,111356.53,2025-09-09 01:15:00,SL,-359.87,ZMR_CTRL_L
ZMR_CTRL,2025-09-09 06:15:00,SELL,112703.6,113165.89,112357.23,113165.89,2025-09-09 06:45:00,SL,-492.29,ZMR_CTRL_S
ZMR_CTRL,2025-09-09 14:45:00,BUY,111584.4,110999.29,112019.38,110999.29,2025-09-09 15:30:00,SL,-615.11,ZMR_CTRL_L
ZMR_CTRL,2025-09-10 06:45:00,SELL,111874.2,112292.04,111572.72,112292.04,2025-09-10 07:15:00,SL,-447.84,ZMR_CTRL_S
ZMR_CTRL,2025-09-10 12:45:00,SELL,113279.8,113781.47,112894.8,113781.47,2025-09-10 13:00:00,SL,-531.67,ZMR_CTRL_S
ZMR_CTRL,2025-09-11 03:45:00,SELL,114230.0,114591.93,113959.95,114131.8,2025-09-11 07:45:00,TIME,68.2,ZMR_CTRL_S
ZMR_CTRL,2025-09-11 13:15:00,BUY,113520.3,113053.03,113867.25,113867.25,2025-09-11 13:30:00,TP,316.95,ZMR_CTRL_L
ZMR_CTRL,2025-09-11 14:00:00,SELL,114680.6,115287.93,114211.8,114211.8,2025-09-11 14:15:00,TP,438.8,ZMR_CTRL_S
ZMR_CTRL,2025-09-11 14:45:00,SELL,114578.4,115269.39,114062.78,114062.78,2025-09-11 15:45:00,TP,485.62,ZMR_CTRL_S
ZMR_CTRL,2025-09-11 22:30:00,SELL,115075.4,115431.65,114817.31,115431.65,2025-09-11 23:00:00,SL,-386.25,ZMR_CTRL_S
ZMR_CTRL,2025-09-12 16:30:00,SELL,115436.6,115975.8,115015.92,115975.8,2025-09-12 17:15:00,SL,-569.2,ZMR_CTRL_S
ZMR_CTRL,2025-09-15 19:00:00,SELL,115324.8,115939.25,114872.71,115402.2,2025-09-15 23:00:00,TIME,-107.4,ZMR_CTRL_S
ZMR_CTRL,2025-09-16 05:15:00,SELL,115860.5,116327.53,115502.0,115632.3,2025-09-16 09:15:00,TIME,198.2,ZMR_CTRL_S
ZMR_CTRL,2025-09-16 13:45:00,BUY,115105.5,114768.25,115357.56,115357.56,2025-09-16 15:30:00,TP,222.06,ZMR_CTRL_L
ZMR_CTRL,2025-09-16 17:00:00,SELL,116105.0,116666.85,115688.86,116666.85,2025-09-16 17:15:00,SL,-591.85,ZMR_CTRL_S
ZMR_CTRL,2025-09-17 04:30:00,BUY,116380.0,116040.1,116634.05,116634.05,2025-09-17 05:00:00,TP,224.05,ZMR_CTRL_L
ZMR_CTRL,2025-09-17 06:00:00,SELL,117167.5,117570.5,116864.38,116864.38,2025-09-17 08:30:00,TP,273.12,ZMR_CTRL_S
ZMR_CTRL,2025-09-17 14:30:00,BUY,115686.0,115280.35,115997.24,115997.24,2025-09-17 17:30:00,TP,281.24,ZMR_CTRL_L
ZMR_CTRL,2025-09-17 18:45:00,BUY,114917.0,114093.25,115530.44,115530.44,2025-09-17 19:00:00,TP,583.44,ZMR_CTRL_L
ZMR_CTRL,2025-09-17 23:00:00,SELL,116604.5,117546.35,115898.99,117546.35,2025-09-18 03:00:00,SL,-971.85,ZMR_CTRL_S
ZMR_CTRL,2025-09-18 14:15:00,SELL,117603.5,118014.25,117292.81,117874.0,2025-09-18 18:15:00,TIME,-300.5,ZMR_CTRL_S
ZMR_CTRL,2025-09-18 23:00:00,BUY,117124.5,116766.25,117399.31,116766.25,2025-09-18 23:00:00,SL,-388.25,ZMR_CTRL_L
ZMR_CTRL,2025-09-19 10:00:00,BUY,116542.0,116246.9,116758.08,116246.9,2025-09-19 12:15:00,SL,-325.1,ZMR_CTRL_L
ZMR_CTRL,2025-09-19 15:00:00,BUY,115950.0,115585.1,116222.8,115585.1,2025-09-19 15:00:00,SL,-394.9,ZMR_CTRL_L
ZMR_CTRL,2025-09-19 19:15:00,BUY,115341.0,114875.85,115688.99,115376.0,2025-09-21 23:15:00,TIME,5.0,ZMR_CTRL_L
ZMR_CTRL,2025-09-22 00:45:00,BUY,114913.0,114554.65,115185.26,114554.65,2025-09-22 00:45:00,SL,-388.35,ZMR_CTRL_L
ZMR_CTRL,2025-09-22 02:00:00,BUY,114350.5,113889.55,114695.34,114695.34,2025-09-22 03:45:00,TP,314.84,ZMR_CTRL_L
ZMR_CTRL,2025-09-22 06:00:00,BUY,113758.5,113305.6,114179.55,113305.6,2025-09-22 06:00:00,SL,-482.9,ZMR_CTRL_L
ZMR_CTRL,2025-09-22 08:00:00,BUY,112585.5,111890.1,113125.42,112763.5,2025-09-22 12:00:00,TIME,148.0,ZMR_CTRL_L
ZMR_CTRL,2025-09-22 19:45:00,BUY,112094.0,111580.0,112476.0,112476.0,2025-09-22 20:30:00,TP,352.0,ZMR_CTRL_L
ZMR_CTRL,2025-09-23 02:30:00,BUY,112103.0,111701.15,112414.89,111701.15,2025-09-23 03:00:00,SL,-431.85,ZMR_CTRL_L
ZMR_CTRL,2025-09-23 15:00:00,BUY,112722.5,112278.25,113056.56,113056.56,2025-09-23 15:00:00,TP,304.06,ZMR_CTRL_L
ZMR_CTRL,2025-09-23 16:15:00,BUY,112637.0,112129.95,113020.79,113020.79,2025-09-23 16:45:00,TP,353.79,ZMR_CTRL_L
ZMR_CTRL,2025-09-23 17:15:00,BUY,112612.5,112061.0,113049.75,112061.0,2025-09-23 17:30:00,SL,-581.5,ZMR_CTRL_L
ZMR_CTRL,2025-09-24 04:15:00,BUY,111498.0,110966.85,111885.86,111885.86,2025-09-24 04:15:00,TP,357.86,ZMR_CTRL_L
ZMR_CTRL,2025-09-24 06:00:00,SELL,112679.5,113245.6,112248.8,112853.0,2025-09-24 10:00:00,TIME,-203.5,ZMR_CTRL_S
ZMR_CTRL,2025-09-24 14:45:00,SELL,113422.0,113812.85,113150.74,113812.85,2025-09-24 14:45:00,SL,-420.85,ZMR_CTRL_S
ZMR_CTRL,2025-09-24 17:15:00,SELL,113924.0,114464.0,113522.5,113522.5,2025-09-24 19:15:00,TP,371.5,ZMR_CTRL_S
ZMR_CTRL,2025-09-25 00:30:00,BUY,113177.0,112815.9,113454.82,112815.9,2025-09-25 01:30:00,SL,-391.1,ZMR_CTRL_L
ZMR_CTRL,2025-09-25 03:30:00,BUY,112386.0,111838.0,112797.0,111838.0,2025-09-25 04:15:00,SL,-578.0,ZMR_CTRL_L
ZMR_CTRL,2025-09-25 13:45:00,BUY,110747.0,110064.1,111255.68,111255.68,2025-09-25 14:00:00,TP,478.68,ZMR_CTRL_L
ZMR_CTRL,2025-09-25 17:15:00,BUY,110211.5,109319.55,110945.21,109319.55,2025-09-25 17:45:00,SL,-921.95,ZMR_CTRL_L
ZMR_CTRL,2025-09-26 07:45:00,BUY,109028.0,108529.25,109402.06,109402.06,2025-09-26 07:45:00,TP,344.06,ZMR_CTRL_L
ZMR_CTRL,2025-09-26 10:45:00,BUY,108888.0,108361.35,109282.11,109282.11,2025-09-26 12:30:00,TP,364.11,ZMR_CTRL_L
ZMR_CTRL,2025-09-26 17:30:00,SELL,109991.0,110737.15,109404.26,109404.26,2025-09-26 19:15:00,TP,556.74,ZMR_CTRL_S
ZMR_CTRL,2025-09-28 21:15:00,SELL,110901.0,111602.8,110393.9,111602.8,2025-09-28 22:15:00,SL,-731.8,ZMR_CTRL_S
ZMR_CTRL,2025-09-29 12:30:00,SELL,112433.0,112803.05,112151.96,112151.96,2025-09-29 12:30:00,TP,251.04,ZMR_CTRL_S
ZMR_CTRL,2025-09-29 13:45:00,SELL,113372.0,113845.6,112952.05,113845.6,2025-09-29 14:00:00,SL,-503.6,ZMR_CTRL_S
ZMR_CTRL,2025-09-30 01:00:00,SELL,114600.0,114973.0,114329.0,114329.0,2025-09-30 04:15:00,TP,241.0,ZMR_CTRL_S
ZMR_CTRL,2025-09-30 05:30:00,BUY,114020.0,113594.15,114345.51,113594.15,2025-09-30 08:15:00,SL,-455.85,ZMR_CTRL_L
ZMR_CTRL,2025-09-30 19:00:00,SELL,113735.5,114359.0,113270.5,114359.0,2025-09-30 19:45:00,SL,-653.5,ZMR_CTRL_S
ZMR_CTRL,2025-10-01 08:30:00,SELL,115130.0,115622.6,114760.55,115622.6,2025-10-01 08:30:00,SL,-522.6,ZMR_CTRL_S
ZMR_CTRL,2025-10-01 23:30:00,SELL,118434.0,118910.4,118073.2,118910.4,2025-10-02 00:00:00,SL,-506.4,ZMR_CTRL_S
ZMR_CTRL,2025-10-02 12:30:00,SELL,119184.0,119541.55,118934.21,119541.55,2025-10-02 13:30:00,SL,-387.55,ZMR_CTRL_S
ZMR_CTRL,2025-10-02 15:45:00,SELL,119727.0,120461.3,119190.28,120461.3,2025-10-02 18:45:00,SL,-764.3,ZMR_CTRL_S
ZMR_CTRL,2025-10-03 07:45:00,BUY,119753.0,119375.35,120039.74,119375.35,2025-10-03 08:15:00,SL,-407.65,ZMR_CTRL_L
ZMR_CTRL,2025-10-03 15:00:00,SELL,121040.5,121581.9,120637.08,121581.9,2025-10-03 15:15:00,SL,-571.4,ZMR_CTRL_S
ZMR_CTRL,2025-10-03 17:15:00,SELL,123083.5,124180.4,122239.82,122239.82,2025-10-03 17:45:00,TP,813.68,ZMR_CTRL_S
ZMR_CTRL,2025-10-06 11:30:00,SELL,124412.0,124908.75,124000.94,124908.75,2025-10-06 13:15:00,SL,-526.75,ZMR_CTRL_S
ZMR_CTRL,2025-10-06 14:00:00,SELL,125107.0,125724.45,124643.04,124643.04,2025-10-06 14:15:00,TP,433.96,ZMR_CTRL_S
ZMR_CTRL,2025-10-06 15:30:00,SELL,125238.5,126041.55,124633.59,126041.55,2025-10-06 18:45:00,SL,-833.05,ZMR_CTRL_S
ZMR_CTRL,2025-10-07 03:00:00,BUY,124347.0,123828.4,124720.2,124720.2,2025-10-07 04:30:00,TP,343.2,ZMR_CTRL_L
ZMR_CTRL,2025-10-07 06:30:00,BUY,123973.0,123452.9,124359.58,123452.9,2025-10-07 08:15:00,SL,-550.1,ZMR_CTRL_L
ZMR_CTRL,2025-10-07 13:00:00,SELL,125022.5,125500.5,124659.62,124659.62,2025-10-07 13:30:00,TP,332.88,ZMR_CTRL_S
ZMR_CTRL,2025-10-07 14:15:00,BUY,122922.5,122260.85,123439.74,122260.85,2025-10-07 15:00:00,SL,-691.65,ZMR_CTRL_L
ZMR_CTRL,2025-10-08 08:45:00,SELL,122889.0,123576.0,122370.25,122670.5,2025-10-08 12:45:00,TIME,188.5,ZMR_CTRL_S
ZMR_CTRL,2025-10-08 17:15:00,SELL,123700.5,124690.51,122983.37,122983.37,2025-10-08 20:45:00,TP,687.13,ZMR_CTRL_S
ZMR_CTRL,2025-10-09 01:45:00,BUY,122367.5,121924.0,122711.5,121924.0,2025-10-09 02:30:00,SL,-473.5,ZMR_CTRL_L
ZMR_CTRL,2025-10-09 11:30:00,SELL,122703.5,123338.85,122269.86,123338.85,2025-10-09 12:30:00,SL,-665.35,ZMR_CTRL_S
ZMR_CTRL,2025-10-09 17:00:00,BUY,119912.2,118772.32,120821.36,120821.36,2025-10-09 17:45:00,TP,879.16,ZMR_CTRL_L
ZMR_CTRL,2025-10-10 08:00:00,BUY,120994.8,120452.35,121417.39,121417.39,2025-10-10 08:45:00,TP,392.59,ZMR_CTRL_L
ZMR_CTRL,2025-10-10 13:15:00,SELL,121872.2,122294.69,121551.83,122294.69,2025-10-10 13:30:00,SL,-452.49,ZMR_CTRL_S
ZMR_CTRL,2025-10-10 15:00:00,BUY,120533.5,119849.13,121061.65,119849.13,2025-10-10 15:15:00,SL,-714.37,ZMR_CTRL_L
ZMR_CTRL,2025-10-10 19:30:00,BUY,116053.8,114816.67,117072.65,117072.65,2025-10-10 19:45:00,TP,988.85,ZMR_CTRL_L
ZMR_CTRL,2025-10-12 21:00:00,BUY,115286.2,113066.78,115634.06,115634.06,2025-10-12 21:00:00,TP,317.87,ZMR_CTRL_L
ZMR_CTRL,2025-10-13 11:30:00,BUY,113730.6,113057.57,114231.87,114231.87,2025-10-13 11:30:00,TP,471.27,ZMR_CTRL_L
ZMR_CTRL,2025-10-13 19:30:00,SELL,115690.4,116731.96,114919.73,115291.3,2025-10-13 23:30:00,TIME,369.1,ZMR_CTRL_S
ZMR_CTRL,2025-10-14 02:15:00,BUY,114190.6,113721.21,114528.64,113721.21,2025-10-14 02:45:00,SL,-499.39,ZMR_CTRL_L
ZMR_CTRL,2025-10-14 05:45:00,BUY,112578.8,111806.03,113134.58,111806.03,2025-10-14 06:45:00,SL,-802.77,ZMR_CTRL_L
ZMR_CTRL,2025-10-14 10:30:00,BUY,110469.4,109576.21,111138.42,111138.42,2025-10-14 11:00:00,TP,639.02,ZMR_CTRL_L
ZMR_CTRL,2025-10-14 16:00:00,SELL,112973.0,114140.88,112051.59,112051.59,2025-10-14 17:00:00,TP,891.41,ZMR_CTRL_S
ZMR_CTRL,2025-10-14 18:15:00,SELL,113368.2,114715.19,112328.21,112328.21,2025-10-14 19:30:00,TP,1009.99,ZMR_CTRL_S
ZMR_CTRL,2025-10-15 03:30:00,BUY,112329.4,111526.29,112928.93,112514.0,2025-10-15 07:30:00,TIME,154.6,ZMR_CTRL_L
ZMR_CTRL,2025-10-15 12:30:00,BUY,111559.2,110852.76,112094.28,110852.76,2025-10-15 13:45:00,SL,-736.44,ZMR_CTRL_L
ZMR_CTRL,2025-10-15 15:00:00,BUY,111149.9,110241.98,111822.09,110241.98,2025-10-15 17:15:00,SL,-937.92,ZMR_CTRL_L
ZMR_CTRL,2025-10-16 00:45:00,BUY,110422.4,109611.39,111060.41,111060.41,2025-10-16 01:00:00,TP,608.01,ZMR_CTRL_L
ZMR_CTRL,2025-10-16 03:30:00,SELL,111796.7,112476.9,111279.55,111279.55,2025-10-16 04:30:00,TP,487.15,ZMR_CTRL_S
ZMR_CTRL,2025-10-16 14:15:00,BUY,110268.1,109264.01,111008.92,111008.92,2025-10-16 14:30:00,TP,710.82,ZMR_CTRL_L
ZMR_CTRL,2025-10-16 15:30:00,BUY,110100.2,109062.83,110897.48,109062.83,2025-10-16 15:30:00,SL,-1067.37,ZMR_CTRL_L
ZMR_CTRL,2025-10-16 17:15:00,BUY,108551.2,107081.59,109656.21,108158.2,2025-10-16 21:15:00,TIME,-423.0,ZMR_CTRL_L
ZMR_CTRL,2025-10-17 06:45:00,BUY,107055.2,106397.97,107524.5,106397.97,2025-10-17 07:00:00,SL,-687.23,ZMR_CTRL_L
ZMR_CTRL,2025-10-19 21:15:00,SELL,108834.0,109798.69,108109.61,108109.61,2025-10-20 00:00:00,TP,694.39,ZMR_CTRL_S
ZMR_CTRL,2025-10-20 04:00:00,SELL,110188.6,111054.13,109532.1,111054.13,2025-10-20 05:45:00,SL,-895.53,ZMR_CTRL_S
ZMR_CTRL,2025-10-20 16:45:00,BUY,110534.8,109804.32,111080.38,111080.38,2025-10-20 17:00:00,TP,515.58,ZMR_CTRL_L
ZMR_CTRL,2025-10-20 17:30:00,BUY,110415.4,109598.85,111023.09,111023.09,2025-10-20 19:00:00,TP,577.69,ZMR_CTRL_L
ZMR_CTRL,2025-10-21 02:00:00,BUY,109901.2,109370.7,110277.72,109370.7,2025-10-21 02:15:00,SL,-560.5,ZMR_CTRL_L
ZMR_CTRL,2025-10-21 04:00:00,BUY,109104.4,108498.83,109558.23,108498.83,2025-10-21 04:00:00,SL,-635.57,ZMR_CTRL_L
ZMR_CTRL,2025-10-21 14:15:00,SELL,109790.2,110759.59,109065.61,110759.59,2025-10-21 14:45:00,SL,-999.39,ZMR_CTRL_S
ZMR_CTRL,2025-10-22 00:00:00,BUY,108352.7,107226.26,109201.56,108505.2,2025-10-22 04:00:00,TIME,122.5,ZMR_CTRL_L
ZMR_CTRL,2025-10-22 11:00:00,BUY,107710.2,107140.8,108133.75,107140.8,2025-10-22 11:00:00,SL,-599.4,ZMR_CTRL_L
ZMR_CTRL,2025-10-22 12:00:00,BUY,107605.0,106890.98,108150.66,108150.66,2025-10-22 12:15:00,TP,515.66,ZMR_CTRL_L
ZMR_CTRL,2025-10-22 14:00:00,SELL,108834.8,109794.93,108180.15,108180.15,2025-10-22 14:00:00,TP,624.65,ZMR_CTRL_S
ZMR_CTRL,2025-10-22 15:00:00,SELL,108984.4,110077.46,108086.2,108086.2,2025-10-22 15:15:00,TP,868.19,ZMR_CTRL_S
ZMR_CTRL,2025-10-22 21:15:00,BUY,107161.4,106290.32,107807.36,107807.36,2025-10-22 23:15:00,TP,615.96,ZMR_CTRL_L
ZMR_CTRL,2025-10-23 03:30:00,SELL,108736.7,109341.79,108291.81,109341.79,2025-10-23 06:15:00,SL,-635.09,ZMR_CTRL_S
ZMR_CTRL,2025-10-23 17:00:00,SELL,110303.0,111225.05,109616.01,111225.05,2025-10-23 17:45:00,SL,-952.05,ZMR_CTRL_S
ZMR_CTRL,2025-10-24 04:30:00,SELL,111015.4,111531.69,110638.16,111531.69,2025-10-24 04:30:00,SL,-546.29,ZMR_CTRL_S
ZMR_CTRL,2025-10-24 13:45:00,BUY,110708.2,110060.1,111199.52,110060.1,2025-10-24 14:15:00,SL,-678.1,ZMR_CTRL_L
ZMR_CTRL,2025-10-24 15:45:00,BUY,110163.6,109253.46,110853.56,110853.56,2025-10-24 19:00:00,TP,659.96,ZMR_CTRL_L
ZMR_CTRL,2025-10-26 21:15:00,SELL,113395.6,114192.96,112820.33,114192.96,2025-10-26 22:00:00,SL,-827.36,ZMR_CTRL_S
ZMR_CTRL,2025-10-27 14:15:00,BUY,114823.0,114247.95,115282.64,115282.64,2025-10-27 16:00:00,TP,429.64,ZMR_CTRL_L
ZMR_CTRL,2025-10-27 18:00:00,SELL,115706.2,116414.98,115171.82,115171.82,2025-10-27 19:00:00,TP,504.38,ZMR_CTRL_S
ZMR_CTRL,2025-10-27 21:00:00,BUY,114551.0,113966.31,114972.02,113966.31,2025-10-27 23:00:00,SL,-614.69,ZMR_CTRL_L
ZMR_CTRL,2025-10-28 13:30:00,SELL,115089.3,115498.37,114786.17,115498.37,2025-10-28 13:45:00,SL,-439.07,ZMR_CTRL_S
ZMR_CTRL,2025-10-28 19:30:00,BUY,113701.2,112739.5,114453.98,112739.5,2025-10-28 20:15:00,SL,-991.7,ZMR_CTRL_L
ZMR_CTRL,2025-10-29 07:30:00,SELL,113459.2,113876.4,113150.5,113150.5,2025-10-29 08:30:00,TP,278.7,ZMR_CTRL_S
ZMR_CTRL,2025-10-29 13:30:00,SELL,113584.0,114086.2,113228.35,113228.35,2025-10-29 13:30:00,TP,325.65,ZMR_CTRL_S
ZMR_CTRL,2025-10-29 14:30:00,BUY,112344.2,111768.5,112788.58,111768.5,2025-10-29 15:30:00,SL,-605.7,ZMR_CTRL_L
ZMR_CTRL,2025-10-29 18:45:00,BUY,109760.0,108671.26,110579.36,110579.36,2025-10-29 18:45:00,TP,789.36,ZMR_CTRL_L
ZMR_CTRL,2025-10-30 04:30:00,BUY,108400.6,107517.49,108995.73,108995.73,2025-10-30 04:30:00,TP,565.13,ZMR_CTRL_L
ZMR_CTRL,2025-10-30 12:45:00,BUY,108510.8,107800.36,109077.58,107800.36,2025-10-30 13:30:00,SL,-740.44,ZMR_CTRL_L
ZMR_CTRL,2025-10-31 00:15:00,SELL,108669.8,109534.15,108026.09,109534.15,2025-10-31 00:45:00,SL,-894.35,ZMR_CTRL_S
ZMR_CTRL,2025-10-31 15:00:00,SELL,110702.5,111627.39,110015.31,110015.31,2025-10-31 16:00:00,TP,657.19,ZMR_CTRL_S
ZMR_CTRL,2025-10-31 17:00:00,BUY,108752.1,107656.99,109570.81,109570.81,2025-10-31 18:30:00,TP,788.71,ZMR_CTRL_L
ZMR_CTRL,2025-11-03 03:15:00,BUY,108237.4,107412.77,108845.72,107412.77,2025-11-03 05:45:00,SL,-854.63,ZMR_CTRL_L
ZMR_CTRL,2025-11-03 15:30:00,BUY,105951.6,105036.27,106665.05,106665.05,2025-11-03 16:45:00,TP,683.45,ZMR_CTRL_L
ZMR_CTRL,2025-11-04 05:30:00,BUY,105633.3,104770.89,106308.81,104770.89,2025-11-04 05:45:00,SL,-892.41,ZMR_CTRL_L
ZMR_CTRL,2025-11-04 08:15:00,BUY,103845.0,102913.33,104530.8,104530.8,2025-11-04 08:30:00,TP,655.8,ZMR_CTRL_L
ZMR_CTRL,2025-11-04 16:00:00,BUY,103161.1,102148.27,103894.82,102148.27,2025-11-04 16:45:00,SL,-1042.83,ZMR_CTRL_L
ZMR_CTRL,2025-11-05 01:30:00,BUY,99101.4,97746.36,100113.13,100113.13,2025-11-05 01:45:00,TP,981.73,ZMR_CTRL_L
ZMR_CTRL,2025-11-05 12:30:00,SELL,102510.3,103270.79,101936.78,103270.79,2025-11-05 14:30:00,SL,-790.49,ZMR_CTRL_S
ZMR_CTRL,2025-11-05 15:30:00,SELL,103356.4,104263.64,102682.27,104263.64,2025-11-05 18:30:00,SL,-937.24,ZMR_CTRL_S
ZMR_CTRL,2025-11-06 01:30:00,BUY,102857.0,102225.44,103310.72,103310.72,2025-11-06 01:30:00,TP,423.72,ZMR_CTRL_L
ZMR_CTRL,2025-11-06 02:15:00,BUY,102944.6,102278.27,103445.22,103445.22,2025-11-06 02:30:00,TP,470.62,ZMR_CTRL_L
ZMR_CTRL,2025-11-06 12:45:00,BUY,102434.8,101862.3,102859.1,102859.1,2025-11-06 13:00:00,TP,394.3,ZMR_CTRL_L
ZMR_CTRL,2025-11-06 14:45:00,BUY,102482.4,101721.81,103068.24,101721.81,2025-11-06 15:30:00,SL,-790.59,ZMR_CTRL_L
ZMR_CTRL,2025-11-07 03:15:00,SELL,102271.9,103161.0,101625.72,101625.72,2025-11-07 04:00:00,TP,616.18,ZMR_CTRL_S
ZMR_CTRL,2025-11-07 05:15:00,SELL,102389.4,103290.06,101715.3,101715.3,2025-11-07 07:15:00,TP,644.1,ZMR_CTRL_S
ZMR_CTRL,2025-11-07 10:30:00,BUY,100621.5,100101.61,101024.54,100101.61,2025-11-07 11:00:00,SL,-549.89,ZMR_CTRL_L
ZMR_CTRL,2025-11-07 12:30:00,BUY,99873.4,99181.06,100421.36,100421.36,2025-11-07 13:15:00,TP,517.96,ZMR_CTRL_L
ZMR_CTRL,2025-11-07 17:30:00,SELL,102295.3,103554.03,101346.18,103554.03,2025-11-07 20:30:00,SL,-1288.73,ZMR_CTRL_S
ZMR_CTRL,2025-11-10 00:45:00,SELL,106061.8,107135.21,105227.34,106158.8,2025-11-10 04:45:00,TIME,-127.0,ZMR_CTRL_S
ZMR_CTRL,2025-11-10 14:45:00,BUY,105651.6,105097.18,106034.52,105097.18,2025-11-10 14:45:00,SL,-584.42,ZMR_CTRL_L
ZMR_CTRL,2025-11-10 16:00:00,BUY,105045.9,104282.36,105609.46,105609.46,2025-11-10 17:30:00,TP,533.56,ZMR_CTRL_L
ZMR_CTRL,2025-11-11 01:30:00,SELL,106776.2,107565.24,106206.82,106206.82,2025-11-11 01:45:00,TP,539.38,ZMR_CTRL_S
ZMR_CTRL,2025-11-11 02:45:00,SELL,106787.2,107699.38,106096.24,106096.24,2025-11-11 04:15:00,TP,660.96,ZMR_CTRL_S
ZMR_CTRL,2025-11-11 06:15:00,BUY,105050.2,104106.12,105739.71,105131.0,2025-11-11 10:15:00,TIME,50.8,ZMR_CTRL_L
ZMR_CTRL,2025-11-11 13:30:00,BUY,104353.0,103780.26,104765.93,103780.26,2025-11-11 15:15:00,SL,-602.74,ZMR_CTRL_L
ZMR_CTRL,2025-11-11 17:45:00,BUY,102954.0,102139.9,103568.08,102684.5,2025-11-11 21:45:00,TIME,-299.5,ZMR_CTRL_L
ZMR_CTRL,2025-11-12 06:15:00,SELL,103541.5,103969.7,103225.6,103225.6,2025-11-12 07:45:00,TP,285.9,ZMR_CTRL_S
ZMR_CTRL,2025-11-12 08:30:00,SELL,103878.0,104291.3,103543.52,104291.3,2025-11-12 09:00:00,SL,-443.3,ZMR_CTRL_S
ZMR_CTRL,2025-11-12 15:45:00,BUY,102779.5,101938.25,103390.31,101938.25,2025-11-12 16:00:00,SL,-871.25,ZMR_CTRL_L
ZMR_CTRL,2025-11-13 01:45:00,SELL,102417.0,103120.9,101899.58,101899.58,2025-11-13 03:00:00,TP,487.43,ZMR_CTRL_S
ZMR_CTRL,2025-11-13 03:45:00,SELL,102422.5,103311.45,101767.16,101767.16,2025-11-13 04:00:00,TP,625.34,ZMR_CTRL_S
ZMR_CTRL,2025-11-13 05:45:00,SELL,102558.5,103513.6,101837.8,103513.6,2025-11-13 06:15:00,SL,-985.1,ZMR_CTRL_S
ZMR_CTRL,2025-11-13 14:45:00,BUY,101806.5,101078.3,102360.52,102360.52,2025-11-13 14:45:00,TP,524.02,ZMR_CTRL_L
ZMR_CTRL,2025-11-13 15:45:00,BUY,101576.5,100569.35,102303.86,100569.35,2025-11-13 16:45:00,SL,-1037.15,ZMR_CTRL_L
ZMR_CTRL,2025-11-14 04:45:00,BUY,97571.0,96438.25,98398.69,96438.25,2025-11-14 06:45:00,SL,-1162.75,ZMR_CTRL_L
ZMR_CTRL,2025-11-14 12:45:00,BUY,94809.5,93818.65,95564.89,95564.89,2025-11-14 13:00:00,TP,725.39,ZMR_CTRL_L
ZMR_CTRL,2025-11-14 13:45:00,BUY,94668.5,93601.4,95444.32,95444.32,2025-11-14 13:45:00,TP,745.82,ZMR_CTRL_L
ZMR_CTRL,2025-11-14 20:45:00,BUY,94314.0,93124.25,95230.81,93124.25,2025-11-16 22:00:00,SL,-1219.75,ZMR_CTRL_L
ZMR_CTRL,2025-11-17 13:30:00,BUY,94505.5,93925.45,94937.91,93925.45,2025-11-17 13:30:00,SL,-610.05,ZMR_CTRL_L
ZMR_CTRL,2025-11-17 16:00:00,BUY,93887.0,92739.05,94748.84,92739.05,2025-11-17 17:30:00,SL,-1177.95,ZMR_CTRL_L
ZMR_CTRL,2025-11-17 18:30:00,BUY,92388.0,90900.55,93449.34,92243.0,2025-11-17 22:30:00,TIME,-175.0,ZMR_CTRL_L
ZMR_CTRL,2025-11-18 03:00:00,BUY,90755.0,89830.2,91449.48,89830.2,2025-11-18 03:30:00,SL,-954.8,ZMR_CTRL_L
ZMR_CTRL,2025-11-18 04:15:00,BUY,90193.0,89076.55,91007.59,91007.59,2025-11-18 08:15:00,TP,784.59,ZMR_CTRL_L
ZMR_CTRL,2025-11-18 15:30:00,SELL,92729.0,93736.2,91975.35,93736.2,2025-11-18 16:15:00,SL,-1037.2,ZMR_CTRL_S
ZMR_CTRL,2025-11-19 01:15:00,BUY,91993.0,91285.05,92516.96,92516.96,2025-11-19 01:15:00,TP,493.96,ZMR_CTRL_L
ZMR_CTRL,2025-11-19 03:45:00,BUY,91840.5,91057.95,92422.16,91057.95,2025-11-19 05:00:00,SL,-812.55,ZMR_CTRL_L
ZMR_CTRL,2025-11-19 15:45:00,BUY,90639.0,89774.45,91255.91,89774.45,2025-11-19 16:15:00,SL,-894.55,ZMR_CTRL_L
ZMR_CTRL,2025-11-19 18:30:00,BUY,88933.5,87780.35,89840.36,89840.36,2025-11-19 21:00:00,TP,876.86,ZMR_CTRL_L
ZMR_CTRL,2025-11-20 00:45:00,SELL,92152.5,93117.45,91427.91,92888.0,2025-11-20 04:45:00,TIME,-765.5,ZMR_CTRL_S
ZMR_CTRL,2025-11-20 10:15:00,BUY,91547.5,90955.5,92010.75,92010.75,2025-11-20 13:15:00,TP,433.25,ZMR_CTRL_L
ZMR_CTRL,2025-11-20 14:15:00,BUY,90623.5,89842.65,91200.39,91200.39,2025-11-20 14:15:00,TP,546.89,ZMR_CTRL_L
ZMR_CTRL,2025-11-20 14:45:00,BUY,90941.5,90066.75,91609.81,90066.75,2025-11-20 15:45:00,SL,-904.75,ZMR_CTRL_L
ZMR_CTRL,2025-11-21 02:45:00,BUY,85772.0,84767.0,86566.0,85469.5,2025-11-21 06:45:00,TIME,-332.5,ZMR_CTRL_L
ZMR_CTRL,2025-11-21 07:45:00,BUY,84235.5,83115.0,85082.88,83115.0,2025-11-21 09:15:00,SL,-1150.5,ZMR_CTRL_L
ZMR_CTRL,2025-11-21 12:30:00,BUY,80866.5,79218.65,82070.89,82070.89,2025-11-21 12:30:00,TP,1174.39,ZMR_CTRL_L
ZMR_CTRL,2025-11-23 22:15:00,SELL,87734.5,89162.15,86667.26,86667.26,2025-11-24 00:00:00,TP,1037.24,ZMR_CTRL_S
ZMR_CTRL,2025-11-24 09:30:00,BUY,85904.0,85138.95,86470.79,86470.79,2025-11-24 13:15:00,TP,536.79,ZMR_CTRL_L
ZMR_CTRL,2025-11-24 16:45:00,SELL,87473.5,88421.75,86763.19,88421.75,2025-11-24 17:45:00,SL,-978.25,ZMR_CTRL_S
ZMR_CTRL,2025-11-25 09:00:00,BUY,87010.0,86507.5,87379.88,87379.88,2025-11-25 10:45:00,TP,339.88,ZMR_CTRL_L
ZMR_CTRL,2025-11-25 14:45:00,BUY,86572.5,85948.45,87057.16,87057.16,2025-11-25 15:30:00,TP,454.66,ZMR_CTRL_L
ZMR_CTRL,2025-11-25 17:45:00,SELL,87915.5,88817.8,87245.78,87245.78,2025-11-25 18:45:00,TP,639.73,ZMR_CTRL_S
ZMR_CTRL,2025-11-25 19:30:00,BUY,86261.0,85316.9,86961.2,86961.2,2025-11-25 20:00:00,TP,670.2,ZMR_CTRL_L
ZMR_CTRL,2025-11-26 01:45:00,SELL,88068.5,88810.8,87514.4,87514.4,2025-11-26 03:30:00,TP,524.1,ZMR_CTRL_S
ZMR_CTRL,2025-11-26 09:45:00,BUY,86938.0,86510.3,87261.4,86510.3,2025-11-26 12:15:00,SL,-457.7,ZMR_CTRL_L
ZMR_CTRL,2025-11-26 17:30:00,SELL,88649.0,89490.5,88058.12,89490.5,2025-11-26 17:30:00,SL,-871.5,ZMR_CTRL_S
ZMR_CTRL,2025-11-27 02:45:00,SELL,91805.5,92422.65,91345.26,91345.26,2025-11-27 02:45:00,TP,430.24,ZMR_CTRL_S
ZMR_CTRL,2025-11-27 13:15:00,BUY,90833.0,90417.0,91138.0,91138.0,2025-11-27 16:00:00,TP,275.0,ZMR_CTRL_L
ZMR_CTRL,2025-11-28 01:15:00,BUY,90889.0,90492.6,91189.8,91189.8,2025-11-28 03:15:00,TP,270.8,ZMR_CTRL_L
ZMR_CTRL,2025-11-28 13:45:00,SELL,91850.0,92374.65,91457.39,92374.65,2025-11-28 13:45:00,SL,-554.65,ZMR_CTRL_S
ZMR_CTRL,2025-11-28 15:30:00,SELL,92689.0,93461.0,92118.75,92118.75,2025-11-28 16:00:00,TP,540.25,ZMR_CTRL_S
ZMR_CTRL,2025-11-28 17:30:00,BUY,90522.5,89550.6,91252.3,91252.3,2025-11-28 20:30:00,TP,699.8,ZMR_CTRL_L
ZMR_CTRL,2025-12-01 00:15:00,BUY,88945.0,88343.75,89414.31,88343.75,2025-12-01 00:30:00,SL,-631.25,ZMR_CTRL_L
ZMR_CTRL,2025-12-01 12:45:00,BUY,85486.5,84993.15,85826.76,84993.15,2025-12-01 12:45:00,SL,-523.35,ZMR_CTRL_L
ZMR_CTRL,2025-12-01 15:30:00,BUY,84953.5,84150.05,85561.34,84150.05,2025-12-01 15:30:00,SL,-833.45,ZMR_CTRL_L
ZMR_CTRL,2025-12-02 11:00:00,SELL,87285.5,87795.45,86906.54,87795.45,2025-12-02 13:45:00,SL,-539.95,ZMR_CTRL_S
ZMR_CTRL,2025-12-02 17:30:00,SELL,91813.0,92993.85,90916.86,90916.86,2025-12-02 20:30:00,TP,866.14,ZMR_CTRL_S
ZMR_CTRL,2025-12-03 02:15:00,SELL,92922.5,93594.75,92400.81,92400.81,2025-12-03 02:45:00,TP,491.69,ZMR_CTRL_S
ZMR_CTRL,2025-12-03 05:00:00,SELL,93383.0,94160.9,92794.32,92794.32,2025-12-03 08:30:00,TP,558.68,ZMR_CTRL_S
ZMR_CTRL,2025-12-03 14:15:00,BUY,92074.5,91453.75,92537.44,92537.44,2025-12-03 14:15:00,TP,432.94,ZMR_CTRL_L
ZMR_CTRL,2025-12-03 15:15:00,BUY,92283.0,91345.65,92985.14,92985.14,2025-12-03 17:45:00,TP,672.14,ZMR_CTRL_L
ZMR_CTRL,2025-12-03 22:00:00,SELL,93549.1,94433.35,93144.74,93144.74,2025-12-04 00:00:00,TP,374.36,ZMR_CTRL_S
ZMR_CTRL,2025-12-04 13:15:00,BUY,92580.0,92078.95,92953.16,92953.16,2025-12-04 13:30:00,TP,343.16,ZMR_CTRL_L
ZMR_CTRL,2025-12-04 14:00:00,BUY,92551.0,92028.05,92945.84,92028.05,2025-12-04 14:45:00,SL,-552.95,ZMR_CTRL_L
ZMR_CTRL,2025-12-04 17:30:00,BUY,92169.5,91252.9,92867.45,91252.9,2025-12-04 19:15:00,SL,-946.6,ZMR_CTRL_L
ZMR_CTRL,2025-12-05 09:30:00,BUY,91370.5,90918.0,91724.75,90918.0,2025-12-05 13:15:00,SL,-482.5,ZMR_CTRL_L
ZMR_CTRL,2025-12-05 13:45:00,BUY,90466.0,89840.2,90924.85,90924.85,2025-12-05 15:00:00,TP,428.85,ZMR_CTRL_L
ZMR_CTRL,2025-12-05 16:15:00,BUY,89386.0,88424.15,90120.51,88424.15,2025-12-05 16:30:00,SL,-991.85,ZMR_CTRL_L
ZMR_CTRL,2025-12-08 01:30:00,SELL,91174.0,91996.65,90550.01,91362.0,2025-12-08 05:30:00,TIME,-218.0,ZMR_CTRL_S
ZMR_CTRL,2025-12-08 15:00:00,BUY,90873.5,90256.8,91343.02,90256.8,2025-12-08 15:00:00,SL,-646.7,ZMR_CTRL_L
ZMR_CTRL,2025-12-09 15:30:00,SELL,91182.5,91851.85,90697.11,91851.85,2025-12-09 15:30:00,SL,-699.35,ZMR_CTRL_S
ZMR_CTRL,2025-12-10 10:00:00,SELL,92939.0,93277.9,92693.58,92693.58,2025-12-10 10:15:00,TP,215.43,ZMR_CTRL_S
ZMR_CTRL,2025-12-10 11:45:00,BUY,91992.5,91530.35,92350.49,92090.0,2025-12-10 15:45:00,TIME,67.5,ZMR_CTRL_L
ZMR_CTRL,2025-12-10 19:15:00,SELL,93035.0,93889.6,92381.8,92381.8,2025-12-10 19:15:00,TP,623.2,ZMR_CTRL_S
ZMR_CTRL,2025-12-10 20:00:00,SELL,93019.0,94001.3,92274.4,94001.3,2025-12-10 20:00:00,SL,-1012.3,ZMR_CTRL_S
ZMR_CTRL,2025-12-11 00:45:00,BUY,91308.5,90156.15,92186.76,90156.15,2025-12-11 02:15:00,SL,-1182.35,ZMR_CTRL_L
ZMR_CTRL,2025-12-11 15:00:00,BUY,89552.5,89063.95,89919.79,89919.79,2025-12-11 15:00:00,TP,337.29,ZMR_CTRL_L
ZMR_CTRL,2025-12-11 15:45:00,BUY,89808.5,89171.7,90319.35,90319.35,2025-12-11 18:00:00,TP,480.85,ZMR_CTRL_L
ZMR_CTRL,2025-12-11 18:45:00,SELL,91176.5,92157.75,90397.69,92157.75,2025-12-11 21:00:00,SL,-1011.25,ZMR_CTRL_S
ZMR_CTRL,2025-12-12 15:15:00,BUY,92005.5,91539.35,92349.86,91539.35,2025-12-12 15:15:00,SL,-496.15,ZMR_CTRL_L
ZMR_CTRL,2025-12-12 17:30:00,BUY,89857.5,88854.45,90617.66,90617.66,2025-12-12 18:30:00,TP,730.16,ZMR_CTRL_L
ZMR_CTRL,2025-12-14 22:15:00,BUY,88536.5,87766.0,89117.88,87766.0,2025-12-14 23:30:00,SL,-800.5,ZMR_CTRL_L
ZMR_CTRL,2025-12-15 14:30:00,BUY,89414.5,89008.4,89698.95,89698.95,2025-12-15 14:30:00,TP,254.45,ZMR_CTRL_L
ZMR_CTRL,2025-12-16 10:45:00,SELL,87131.5,87656.65,86724.51,87656.65,2025-12-16 13:30:00,SL,-555.15,ZMR_CTRL_S
ZMR_CTRL,2025-12-16 16:00:00,SELL,87971.5,88880.3,87279.4,87279.4,2025-12-16 17:15:00,TP,662.1,ZMR_CTRL_S
ZMR_CTRL,2025-12-17 04:30:00,BUY,87058.0,86603.3,87369.28,86603.3,2025-12-17 05:00:00,SL,-484.7,ZMR_CTRL_L
ZMR_CTRL,2025-12-17 13:45:00,SELL,87348.5,87892.6,86955.3,87892.6,2025-12-17 14:15:00,SL,-574.1,ZMR_CTRL_S
ZMR_CTRL,2025-12-17 15:00:00,SELL,89630.0,90507.85,89007.49,89007.49,2025-12-17 15:30:00,TP,592.51,ZMR_CTRL_S
ZMR_CTRL,2025-12-18 04:30:00,SELL,86821.5,87359.65,86437.14,86437.14,2025-12-18 05:45:00,TP,354.36,ZMR_CTRL_S
ZMR_CTRL,2025-12-18 09:45:00,SELL,87352.5,87762.4,87051.2,87051.2,2025-12-18 11:15:00,TP,271.3,ZMR_CTRL_S
ZMR_CTRL,2025-12-18 13:15:00,SELL,87876.5,88350.8,87529.52,88350.8,2025-12-18 13:30:00,SL,-504.3,ZMR_CTRL_S
ZMR_CTRL,2025-12-18 14:30:00,SELL,88475.0,89271.7,87899.35,87899.35,2025-12-18 14:30:00,TP,545.65,ZMR_CTRL_S
ZMR_CTRL,2025-12-18 15:45:00,SELL,89026.5,90161.9,88178.45,88178.45,2025-12-18 16:00:00,TP,818.05,ZMR_CTRL_S
ZMR_CTRL,2025-12-18 17:30:00,BUY,85864.0,84344.75,86968.44,85264.5,2025-12-18 21:30:00,TIME,-629.5,ZMR_CTRL_L
ZMR_CTRL,2025-12-19 03:30:00,SELL,87114.5,87765.2,86601.98,87765.2,2025-12-19 07:00:00,SL,-680.7,ZMR_CTRL_S
ZMR_CTRL,2025-12-19 17:30:00,BUY,87577.0,86538.6,88333.05,87843.5,2025-12-19 21:30:00,TIME,236.5,ZMR_CTRL_L
ZMR_CTRL,2025-12-22 00:15:00,SELL,89486.5,90164.0,88974.0,88974.0,2025-12-22 00:15:00,TP,482.5,ZMR_CTRL_S
ZMR_CTRL,2025-12-22 08:30:00,SELL,89812.0,90229.0,89485.25,89485.25,2025-12-22 08:45:00,TP,296.75,ZMR_CTRL_S
ZMR_CTRL,2025-12-22 10:00:00,SELL,89798.5,90304.9,89414.32,90304.9,2025-12-22 12:30:00,SL,-536.4,ZMR_CTRL_S
ZMR_CTRL,2025-12-22 19:15:00,BUY,88681.0,87821.85,89327.99,88601.0,2025-12-22 23:15:00,TIME,-110.0,ZMR_CTRL_L
ZMR_CTRL,2025-12-23 05:00:00,BUY,87881.5,87409.3,88244.4,87409.3,2025-12-23 06:00:00,SL,-502.2,ZMR_CTRL_L
ZMR_CTRL,2025-12-23 15:00:00,BUY,86840.5,86347.7,87209.22,87209.22,2025-12-23 15:15:00,TP,338.73,ZMR_CTRL_L
ZMR_CTRL,2025-12-24 02:45:00,BUY,87073.5,86555.5,87427.0,87427.0,2025-12-24 04:00:00,TP,323.5,ZMR_CTRL_L
ZMR_CTRL,2025-12-24 05:45:00,BUY,86788.5,86341.2,87115.22,87115.22,2025-12-24 07:30:00,TP,296.73,ZMR_CTRL_L
ZMR_CTRL,2025-12-24 16:45:00,SELL,87464.5,88057.45,87020.66,87497.5,2025-12-24 20:45:00,TIME,-63.0,ZMR_CTRL_S
ZMR_CTRL,2025-12-25 22:15:00,SELL,87811.0,88105.15,87604.39,87604.39,2025-12-25 22:45:00,TP,176.61,ZMR_CTRL_S
ZMR_CTRL,2025-12-26 02:15:00,SELL,88139.5,88662.25,87740.44,88662.25,2025-12-26 02:15:00,SL,-552.75,ZMR_CTRL_S
ZMR_CTRL,2025-12-26 15:00:00,BUY,87313.5,86854.35,87649.99,86854.35,2025-12-26 15:00:00,SL,-489.15,ZMR_CTRL_L
ZMR_CTRL,2025-12-26 17:00:00,BUY,86792.0,86148.7,87268.35,87268.35,2025-12-26 17:30:00,TP,446.35,ZMR_CTRL_L
ZMR_CTRL,2025-12-29 00:45:00,SELL,88122.0,88474.49,87840.13,87840.13,2025-12-29 01:15:00,TP,251.87,ZMR_CTRL_S
ZMR_CTRL,2025-12-29 01:45:00,SELL,88223.5,88661.44,87901.17,88661.44,2025-12-29 02:00:00,SL,-467.94,ZMR_CTRL_S
ZMR_CTRL,2025-12-29 12:15:00,BUY,86870.0,86295.85,87281.36,87281.36,2025-12-29 12:30:00,TP,381.36,ZMR_CTRL_L
ZMR_CTRL,2025-12-30 03:15:00,BUY,86815.0,86499.75,87040.94,87040.94,2025-12-30 03:15:00,TP,195.94,ZMR_CTRL_L
ZMR_CTRL,2025-12-30 06:45:00,SELL,87396.0,87730.25,87141.81,87730.25,2025-12-30 08:00:00,SL,-364.25,ZMR_CTRL_S
ZMR_CTRL,2025-12-30 10:00:00,SELL,87888.5,88242.45,87616.04,87926.0,2025-12-30 14:00:00,TIME,-67.5,ZMR_CTRL_S
ZMR_CTRL,2025-12-30 15:00:00,SELL,88770.0,89258.8,88411.28,88411.28,2025-12-30 15:00:00,TP,328.73,ZMR_CTRL_S
ZMR_CTRL,2025-12-30 15:45:00,SELL,88677.5,89267.25,88241.31,89267.25,2025-12-30 16:15:00,SL,-619.75,ZMR_CTRL_S
ZMR_CTRL,2025-12-31 11:00:00,SELL,88735.5,88976.3,88549.65,88976.3,2025-12-31 14:00:00,SL,-270.8,ZMR_CTRL_S
ZMR_CTRL,2025-12-31 15:15:00,BUY,88076.5,87667.3,88382.52,87667.3,2025-12-31 15:30:00,SL,-439.2,ZMR_CTRL_L
ZMR_CTRL,2026-01-02 09:00:00,SELL,89064.5,89369.2,88836.85,89369.2,2026-01-02 09:45:00,SL,-334.7,ZMR_CTRL_S
ZMR_CTRL,2026-01-02 16:30:00,SELL,90010.0,90824.35,89380.86,90824.35,2026-01-02 17:15:00,SL,-844.35,ZMR_CTRL_S
ZMR_CTRL,2026-01-04 22:15:00,SELL,91142.5,91862.75,90607.56,91862.75,2026-01-05 00:00:00,SL,-750.25,ZMR_CTRL_S
ZMR_CTRL,2026-01-05 14:45:00,SELL,93245.5,93774.4,92884.7,93774.4,2026-01-05 15:15:00,SL,-558.9,ZMR_CTRL_S
ZMR_CTRL,2026-01-05 18:00:00,SELL,94321.5,95084.8,93719.28,94201.5,2026-01-05 22:00:00,TIME,90.0,ZMR_CTRL_S
ZMR_CTRL,2026-01-06 07:30:00,BUY,93410.5,93033.4,93649.58,93649.58,2026-01-06 11:00:00,TP,209.07,ZMR_CTRL_L
ZMR_CTRL,2026-01-06 14:15:00,SELL,94108.0,94425.5,93853.25,94425.5,2026-01-06 14:15:00,SL,-347.5,ZMR_CTRL_S
ZMR_CTRL,2026-01-06 16:30:00,BUY,92807.0,92177.2,93280.22,92177.2,2026-01-06 17:30:00,SL,-659.8,ZMR_CTRL_L
ZMR_CTRL,2026-01-07 09:30:00,BUY,91917.0,91524.05,92179.34,92179.34,2026-01-07 11:30:00,TP,232.34,ZMR_CTRL_L
ZMR_CTRL,2026-01-07 15:30:00,BUY,91195.0,90621.65,91625.89,91625.89,2026-01-07 16:15:00,TP,400.89,ZMR_CTRL_L
ZMR_CTRL,2026-01-07 19:00:00,BUY,90813.5,90007.15,91422.64,91145.0,2026-01-07 23:00:00,TIME,301.5,ZMR_CTRL_L
ZMR_CTRL,2026-01-08 06:15:00,BUY,90408.0,89913.35,90769.36,89913.35,2026-01-08 06:45:00,SL,-524.65,ZMR_CTRL_L
ZMR_CTRL,2026-01-08 14:45:00,BUY,89315.0,88790.6,89734.55,89734.55,2026-01-08 14:45:00,TP,389.55,ZMR_CTRL_L
ZMR_CTRL,2026-01-08 16:00:00,SELL,90702.5,91422.65,90213.14,90601.5,2026-01-08 20:00:00,TIME,71.0,ZMR_CTRL_S
ZMR_CTRL,2026-01-09 08:00:00,BUY,90663.0,90323.05,90900.46,90323.05,2026-01-09 08:30:00,SL,-369.95,ZMR_CTRL_L
ZMR_CTRL,2026-01-09 15:30:00,SELL,91579.5,92211.0,91089.25,91089.25,2026-01-09 15:45:00,TP,460.25,ZMR_CTRL_S
ZMR_CTRL,2026-01-09 16:15:00,SELL,91674.5,92500.5,91055.88,91055.88,2026-01-09 17:15:00,TP,588.62,ZMR_CTRL_S
ZMR_CTRL,2026-01-12 02:45:00,SELL,91819.5,92429.05,91358.84,91713.5,2026-01-12 06:45:00,TIME,76.0,ZMR_CTRL_S
ZMR_CTRL,2026-01-12 16:30:00,SELL,92143.0,92733.8,91649.15,91649.15,2026-01-12 17:15:00,TP,463.85,ZMR_CTRL_S
ZMR_CTRL,2026-01-13 05:30:00,SELL,91983.0,92403.75,91670.06,92403.75,2026-01-13 09:15:00,SL,-450.75,ZMR_CTRL_S
ZMR_CTRL,2026-01-13 14:45:00,SELL,92633.0,93109.7,92291.22,92291.22,2026-01-13 15:00:00,TP,311.77,ZMR_CTRL_S
ZMR_CTRL,2026-01-13 15:45:00,SELL,92889.5,93493.0,92443.88,93493.0,2026-01-13 16:00:00,SL,-633.5,ZMR_CTRL_S
ZMR_CTRL,2026-01-13 17:30:00,SELL,93405.5,94175.1,92812.55,94175.1,2026-01-13 19:45:00,SL,-799.6,ZMR_CTRL_S
ZMR_CTRL,2026-01-13 22:15:00,SELL,95621.5,96381.25,95066.56,95066.56,2026-01-13 22:15:00,TP,524.94,ZMR_CTRL_S
ZMR_CTRL,2026-01-14 14:15:00,SELL,95472.0,95904.35,95155.61,95904.35,2026-01-14 14:30:00,SL,-462.35,ZMR_CTRL_S
ZMR_CTRL,2026-01-15 03:30:00,BUY,95896.0,95295.7,96359.35,96359.35,2026-01-15 04:15:00,TP,433.35,ZMR_CTRL_L
ZMR_CTRL,2026-01-15 09:45:00,SELL,97081.0,97502.3,96758.02,96758.02,2026-01-15 10:15:00,TP,292.98,ZMR_CTRL_S
ZMR_CTRL,2026-01-15 14:45:00,BUY,95801.0,95293.25,96193.19,96193.19,2026-01-15 14:45:00,TP,362.19,ZMR_CTRL_L
ZMR_CTRL,2026-01-15 15:30:00,BUY,95854.5,95203.1,96335.18,96335.18,2026-01-15 15:45:00,TP,450.68,ZMR_CTRL_L
ZMR_CTRL,2026-01-15 19:00:00,BUY,95829.0,94787.25,96612.94,95583.0,2026-01-15 23:00:00,TIME,-276.0,ZMR_CTRL_L
ZMR_CTRL,2026-01-16 15:00:00,BUY,95152.5,94788.4,95449.2,95449.2,2026-01-16 15:00:00,TP,266.7,ZMR_CTRL_L
ZMR_CTRL,2026-01-16 15:30:00,BUY,94671.5,94168.15,95045.51,95045.51,2026-01-16 17:45:00,TP,344.01,ZMR_CTRL_L
ZMR_CTRL,2026-01-19 00:00:00,BUY,93629.0,93106.15,94036.01,93106.15,2026-01-19 00:00:00,SL,-552.85,ZMR_CTRL_L
ZMR_CTRL,2026-01-19 11:45:00,SELL,93197.0,93577.75,92925.44,92925.44,2026-01-19 13:00:00,TP,241.56,ZMR_CTRL_S
ZMR_CTRL,2026-01-19 17:15:00,SELL,93314.0,93685.85,93005.36,93005.36,2026-01-19 18:15:00,TP,278.64,ZMR_CTRL_S
ZMR_CTRL,2026-01-19 23:00:00,BUY,92510.0,92180.6,92756.18,92180.6,2026-01-19 23:00:00,SL,-359.4,ZMR_CTRL_L
ZMR_CTRL,2026-01-20 00:30:00,BUY,92423.0,91990.0,92758.25,92758.25,2026-01-20 01:00:00,TP,305.25,ZMR_CTRL_L
ZMR_CTRL,2026-01-20 05:00:00,BUY,92005.0,91557.4,92339.82,91557.4,2026-01-20 05:00:00,SL,-477.6,ZMR_CTRL_L
ZMR_CTRL,2026-01-20 15:00:00,BUY,90431.0,89933.1,90831.55,89933.1,2026-01-20 15:00:00,SL,-527.9,ZMR_CTRL_L
ZMR_CTRL,2026-01-20 15:45:00,BUY,90440.5,89803.5,90915.62,89803.5,2026-01-20 17:30:00,SL,-667.0,ZMR_CTRL_L
ZMR_CTRL,2026-01-20 22:45:00,BUY,88481.5,87790.05,88992.21,87790.05,2026-01-20 23:15:00,SL,-721.45,ZMR_CTRL_L
ZMR_CTRL,2026-01-21 12:00:00,BUY,88701.0,88239.0,89038.75,88239.0,2026-01-21 12:00:00,SL,-492.0,ZMR_CTRL_L
ZMR_CTRL,2026-01-21 15:15:00,SELL,90278.5,91008.35,89702.24,89702.24,2026-01-21 16:00:00,TP,546.26,ZMR_CTRL_S
ZMR_CTRL,2026-01-21 16:45:00,BUY,88073.0,87008.5,88879.25,88879.25,2026-01-21 19:15:00,TP,776.25,ZMR_CTRL_L
ZMR_CTRL,2026-01-22 13:30:00,SELL,90101.5,90383.65,89893.39,89893.39,2026-01-22 13:30:00,TP,178.11,ZMR_CTRL_S
ZMR_CTRL,2026-01-23 04:15:00,SELL,89993.5,90314.35,89761.61,89761.61,2026-01-23 05:15:00,TP,201.89,ZMR_CTRL_S
ZMR_CTRL,2026-01-23 09:00:00,BUY,89109.0,88718.5,89414.12,89307.0,2026-01-23 13:00:00,TIME,168.0,ZMR_CTRL_L
ZMR_CTRL,2026-01-23 15:15:00,BUY,88712.5,88235.85,89073.49,89073.49,2026-01-23 15:15:00,TP,330.99,ZMR_CTRL_L
ZMR_CTRL,2026-01-23 16:45:00,SELL,90179.5,90898.05,89651.09,90898.05,2026-01-23 17:15:00,SL,-748.55,ZMR_CTRL_S
ZMR_CTRL,2026-01-25 22:15:00,BUY,86423.5,85402.98,87194.14,87194.14,2026-01-26 01:00:00,TP,740.64,ZMR_CTRL_L
ZMR_CTRL,2026-01-26 14:45:00,SELL,88069.0,88498.55,87759.09,88498.55,2026-01-26 15:00:00,SL,-459.55,ZMR_CTRL_S
ZMR_CTRL,2026-01-26 16:15:00,BUY,87347.5,86624.95,87850.04,87850.04,2026-01-26 16:15:00,TP,472.54,ZMR_CTRL_L
ZMR_CTRL,2026-01-27 09:15:00,BUY,87901.0,87620.35,88099.24,87620.35,2026-01-27 11:00:00,SL,-310.65,ZMR_CTRL_L
ZMR_CTRL,2026-01-27 16:45:00,SELL,88632.5,89237.1,88178.18,88178.18,2026-01-27 17:00:00,TP,424.32,ZMR_CTRL_S
ZMR_CTRL,2026-01-27 17:45:00,BUY,87255.0,86496.15,87826.76,87826.76,2026-01-27 18:15:00,TP,541.76,ZMR_CTRL_L
ZMR_CTRL,2026-01-27 20:15:00,SELL,88642.0,89415.3,88048.02,89415.3,2026-01-27 21:00:00,SL,-803.3,ZMR_CTRL_S
ZMR_CTRL,2026-01-28 10:00:00,SELL,89456.5,89847.2,89183.6,89847.2,2026-01-28 11:45:00,SL,-420.7,ZMR_CTRL_S
ZMR_CTRL,2026-01-29 01:30:00,BUY,88682.5,88193.2,89054.72,88193.2,2026-01-29 02:30:00,SL,-519.3,ZMR_CTRL_L
ZMR_CTRL,2026-01-29 14:45:00,BUY,87535.0,87194.5,87789.5,87194.5,2026-01-29 14:45:00,SL,-370.5,ZMR_CTRL_L
ZMR_CTRL,2026-01-30 01:45:00,BUY,81893.5,81170.15,82441.26,81170.15,2026-01-30 02:15:00,SL,-753.35,ZMR_CTRL_L
ZMR_CTRL,2026-01-30 14:45:00,SELL,83514.5,84211.1,83027.92,83027.92,2026-01-30 14:45:00,TP,456.57,ZMR_CTRL_S
ZMR_CTRL,2026-01-30 19:00:00,SELL,83808.0,85118.1,82819.3,82819.3,2026-02-01 22:00:00,TP,958.7,ZMR_CTRL_S
ZMR_CTRL,2026-02-02 16:30:00,SELL,79151.0,80208.9,78386.45,78386.45,2026-02-02 18:15:00,TP,734.55,ZMR_CTRL_S
ZMR_CTRL,2026-02-03 03:00:00,BUY,77734.5,77112.95,78194.54,78194.54,2026-02-03 03:15:00,TP,430.04,ZMR_CTRL_L
ZMR_CTRL,2026-02-03 09:30:00,BUY,77901.5,77195.75,78420.31,78420.31,2026-02-03 10:00:00,TP,488.81,ZMR_CTRL_L
ZMR_CTRL,2026-02-03 15:00:00,BUY,77118.5,76508.35,77591.86,77591.86,2026-02-03 15:00:00,TP,443.36,ZMR_CTRL_L
ZMR_CTRL,2026-02-03 15:45:00,BUY,77404.5,76632.35,77992.36,77992.36,2026-02-03 15:45:00,TP,557.86,ZMR_CTRL_L
ZMR_CTRL,2026-02-03 16:15:00,BUY,77298.5,76370.9,77960.95,76370.9,2026-02-03 17:00:00,SL,-957.6,ZMR_CTRL_L
ZMR_CTRL,2026-02-04 11:15:00,BUY,75710.5,75178.1,76106.3,76106.3,2026-02-04 11:30:00,TP,365.8,ZMR_CTRL_L
ZMR_CTRL,2026-02-04 13:45:00,BUY,75235.5,74682.05,75655.84,74682.05,2026-02-04 14:00:00,SL,-583.45,ZMR_CTRL_L
ZMR_CTRL,2026-02-04 15:45:00,BUY,74257.5,73162.85,75074.99,73162.85,2026-02-04 16:30:00,SL,-1124.65,ZMR_CTRL_L
ZMR_CTRL,2026-02-05 02:15:00,BUY,71877.0,70582.65,72835.51,70582.65,2026-02-05 04:00:00,SL,-1324.35,ZMR_CTRL_L
ZMR_CTRL,2026-02-05 05:00:00,BUY,70767.5,69528.65,71663.39,71663.39,2026-02-05 09:00:00,TP,865.89,ZMR_CTRL_L
ZMR_CTRL,2026-02-05 11:30:00,BUY,69957.0,68978.25,70696.31,70696.31,2026-02-05 14:30:00,TP,709.31,ZMR_CTRL_L
ZMR_CTRL,2026-02-05 15:15:00,BUY,67905.0,66515.7,68886.6,66515.7,2026-02-05 17:15:00,SL,-1419.3,ZMR_CTRL_L
ZMR_CTRL,2026-02-05 18:00:00,BUY,66040.0,64088.2,67498.6,64088.2,2026-02-05 20:15:00,SL,-1981.8,ZMR_CTRL_L
ZMR_CTRL,2026-02-06 00:15:00,BUY,60124.5,57977.4,61925.58,61925.58,2026-02-06 00:30:00,TP,1771.07,ZMR_CTRL_L
ZMR_CTRL,2026-02-06 12:00:00,SELL,66560.5,67481.05,65880.59,67481.05,2026-02-06 13:45:00,SL,-950.55,ZMR_CTRL_S
ZMR_CTRL,2026-02-06 14:45:00,SELL,68266.5,69204.8,67566.27,69204.8,2026-02-06 16:00:00,SL,-968.3,ZMR_CTRL_S
ZMR_CTRL,2026-02-09 04:00:00,SELL,71247.5,72269.3,70484.65,70484.65,2026-02-09 06:15:00,TP,732.85,ZMR_CTRL_S
ZMR_CTRL,2026-02-09 08:30:00,BUY,70032.5,69408.55,70503.96,69408.55,2026-02-09 08:30:00,SL,-653.95,ZMR_CTRL_L
ZMR_CTRL,2026-02-09 09:45:00,BUY,69641.5,69005.85,70121.74,69005.85,2026-02-09 10:15:00,SL,-665.65,ZMR_CTRL_L
ZMR_CTRL,2026-02-09 17:45:00,SELL,70789.5,71936.6,69937.92,69937.92,2026-02-09 21:30:00,TP,821.57,ZMR_CTRL_S
ZMR_CTRL,2026-02-10 03:30:00,BUY,69517.5,68971.2,69934.23,68971.2,2026-02-10 06:30:00,SL,-576.3,ZMR_CTRL_L
ZMR_CTRL,2026-02-10 14:45:00,BUY,68186.0,67512.75,68716.31,68716.31,2026-02-10 15:00:00,TP,500.31,ZMR_CTRL_L
ZMR_CTRL,2026-02-10 16:15:00,SELL,69673.5,70574.2,68932.35,68932.35,2026-02-10 18:15:00,TP,711.15,ZMR_CTRL_S
ZMR_CTRL,2026-02-11 04:00:00,BUY,68144.5,67627.75,68539.06,67627.75,2026-02-11 04:15:00,SL,-546.75,ZMR_CTRL_L
ZMR_CTRL,2026-02-11 14:15:00,SELL,68434.5,69178.1,67889.05,67889.05,2026-02-11 14:30:00,TP,515.45,ZMR_CTRL_S
ZMR_CTRL,2026-02-11 15:15:00,BUY,66078.5,64991.2,66830.1,66830.1,2026-02-11 16:00:00,TP,721.6,ZMR_CTRL_L
ZMR_CTRL,2026-02-12 05:15:00,BUY,66770.5,66218.45,67167.04,67167.04,2026-02-12 06:00:00,TP,366.54,ZMR_CTRL_L
ZMR_CTRL,2026-02-12 11:00:00,SELL,67995.5,68473.1,67633.8,67633.8,2026-02-12 14:30:00,TP,331.7,ZMR_CTRL_S
ZMR_CTRL,2026-02-12 16:15:00,BUY,66523.5,65676.45,67179.79,65676.45,2026-02-12 16:45:00,SL,-877.05,ZMR_CTRL_L
ZMR_CTRL,2026-02-12 17:45:00,BUY,65935.5,64837.9,66728.95,65755.5,2026-02-12 21:45:00,TIME,-210.0,ZMR_CTRL_L
ZMR_CTRL,2026-02-13 09:30:00,SELL,66777.5,67242.1,66442.18,67242.1,2026-02-13 13:15:00,SL,-494.6,ZMR_CTRL_S
ZMR_CTRL,2026-02-13 15:00:00,SELL,67723.0,68273.55,67265.46,68273.55,2026-02-13 15:00:00,SL,-580.55,ZMR_CTRL_S
ZMR_CTRL,2026-02-16 02:30:00,BUY,68341.5,67845.25,68718.06,68718.06,2026-02-16 04:15:00,TP,346.56,ZMR_CTRL_L
ZMR_CTRL,2026-02-16 12:30:00,SELL,69482.5,69942.5,69146.25,69942.5,2026-02-16 13:00:00,SL,-490.0,ZMR_CTRL_S
ZMR_CTRL,2026-02-16 15:45:00,BUY,67426.5,66566.45,68068.04,68068.04,2026-02-16 18:00:00,TP,611.54,ZMR_CTRL_L
ZMR_CTRL,2026-02-17 10:45:00,BUY,67752.5,67391.5,68007.5,68007.5,2026-02-17 12:00:00,TP,225.0,ZMR_CTRL_L
ZMR_CTRL,2026-02-17 14:45:00,BUY,67077.5,66491.1,67523.42,67523.42,2026-02-17 16:00:00,TP,415.93,ZMR_CTRL_L
ZMR_CTRL,2026-02-18 07:45:00,SELL,68041.5,68385.8,67792.02,68385.8,2026-02-18 08:15:00,SL,-374.3,ZMR_CTRL_S
ZMR_CTRL,2026-02-18 14:30:00,BUY,67045.5,66573.8,67390.52,67390.52,2026-02-18 15:00:00,TP,315.02,ZMR_CTRL_L
ZMR_CTRL,2026-02-18 18:45:00,BUY,66309.5,65547.1,66877.8,66371.5,2026-02-18 22:45:00,TIME,32.0,ZMR_CTRL_L
ZMR_CTRL,2026-02-19 06:30:00,SELL,67161.0,67500.85,66903.49,66903.49,2026-02-19 08:15:00,TP,227.51,ZMR_CTRL_S
ZMR_CTRL,2026-02-19 12:00:00,BUY,66468.5,66123.65,66732.39,66123.65,2026-02-19 13:15:00,SL,-374.85,ZMR_CTRL_L
ZMR_CTRL,2026-02-20 05:45:00,SELL,67896.5,68231.55,67647.84,68204.5,2026-02-20 09:45:00,TIME,-338.0,ZMR_CTRL_S
ZMR_CTRL,2026-02-20 13:45:00,BUY,66617.5,66106.75,66997.06,66997.06,2026-02-20 14:00:00,TP,349.56,ZMR_CTRL_L
ZMR_CTRL,2026-02-23 01:00:00,BUY,66714.0,66313.25,67015.44,66313.25,2026-02-23 01:00:00,SL,-430.75,ZMR_CTRL_L
ZMR_CTRL,2026-02-23 16:15:00,BUY,65215.0,64579.7,65673.98,65673.98,2026-02-23 16:30:00,TP,428.98,ZMR_CTRL_L
ZMR_CTRL,2026-02-23 17:00:00,BUY,65353.5,64677.25,65863.31,64677.25,2026-02-23 17:15:00,SL,-706.25,ZMR_CTRL_L
ZMR_CTRL,2026-02-23 19:45:00,BUY,64215.5,63390.0,64779.5,64779.5,2026-02-23 22:00:00,TP,534.0,ZMR_CTRL_L
ZMR_CTRL,2026-02-24 03:15:00,BUY,63649.5,62993.5,64145.88,62993.5,2026-02-24 04:00:00,SL,-686.0,ZMR_CTRL_L
ZMR_CTRL,2026-02-24 05:30:00,BUY,62803.0,61986.55,63421.46,63421.46,2026-02-24 08:45:00,TP,588.46,ZMR_CTRL_L
ZMR_CTRL,2026-02-24 15:15:00,SELL,63587.5,64079.9,63205.08,64079.9,2026-02-24 16:00:00,SL,-522.4,ZMR_CTRL_S
ZMR_CTRL,2026-02-25 01:15:00,SELL,65604.0,66160.25,65199.06,66160.25,2026-02-25 01:15:00,SL,-586.25,ZMR_CTRL_S
ZMR_CTRL,2026-02-25 13:00:00,SELL,66092.5,66484.55,65773.96,66484.55,2026-02-25 13:45:00,SL,-422.05,ZMR_CTRL_S
ZMR_CTRL,2026-02-25 15:00:00,SELL,66993.5,67567.15,66575.51,67567.15,2026-02-25 15:45:00,SL,-603.65,ZMR_CTRL_S
ZMR_CTRL,2026-02-26 15:00:00,BUY,67713.5,67218.3,68124.27,67218.3,2026-02-26 15:15:00,SL,-525.2,ZMR_CTRL_L
ZMR_CTRL,2026-02-26 16:45:00,BUY,67048.5,66310.9,67591.2,67591.2,2026-02-26 19:00:00,TP,512.7,ZMR_CTRL_L
ZMR_CTRL,2026-02-27 04:15:00,SELL,67954.0,68440.35,67588.36,67588.36,2026-02-27 06:15:00,TP,335.64,ZMR_CTRL_S
ZMR_CTRL,2026-02-27 10:15:00,BUY,66907.0,66427.7,67265.6,66427.7,2026-02-27 11:15:00,SL,-509.3,ZMR_CTRL_L
ZMR_CTRL,2026-03-02 00:45:00,SELL,66658.0,67334.1,66045.92,66045.92,2026-03-02 02:00:00,TP,582.07,ZMR_CTRL_S
ZMR_CTRL,2026-03-02 14:00:00,BUY,65450.5,64951.65,65831.64,65831.64,2026-03-02 14:30:00,TP,351.14,ZMR_CTRL_L
ZMR_CTRL,2026-03-02 15:00:00,SELL,67159.5,67833.5,66709.12,67833.5,2026-03-02 15:00:00,SL,-704.0,ZMR_CTRL_S
ZMR_CTRL,2026-03-03 02:30:00,BUY,68452.0,67881.45,68849.29,67881.45,2026-03-03 05:45:00,SL,-600.55,ZMR_CTRL_L
ZMR_CTRL,2026-03-03 08:45:00,BUY,67341.0,66859.35,67718.86,66859.35,2026-03-03 09:15:00,SL,-511.65,ZMR_CTRL_L
ZMR_CTRL,2026-03-03 16:15:00,SELL,68463.0,69463.9,67749.08,67749.08,2026-03-03 16:30:00,TP,683.93,ZMR_CTRL_S
ZMR_CTRL,2026-03-04 03:45:00,BUY,67588.0,66868.65,68101.26,68101.26,2026-03-04 05:30:00,TP,483.26,ZMR_CTRL_L
ZMR_CTRL,2026-03-04 07:45:00,SELL,68991.5,69667.35,68488.99,69667.35,2026-03-04 08:00:00,SL,-705.85,ZMR_CTRL_S
ZMR_CTRL,2026-03-05 02:45:00,BUY,72379.5,71729.1,72854.18,72854.18,2026-03-05 04:15:00,TP,444.68,ZMR_CTRL_L
ZMR_CTRL,2026-03-05 08:00:00,BUY,72084.0,71483.3,72531.9,72531.9,2026-03-05 09:00:00,TP,417.9,ZMR_CTRL_L
ZMR_CTRL,2026-03-05 10:30:00,SELL,73200.0,73882.9,72712.32,72712.32,2026-03-05 12:00:00,TP,457.68,ZMR_CTRL_S
ZMR_CTRL,2026-03-05 15:30:00,BUY,71313.0,70454.95,71946.04,71008.0,2026-03-05 19:30:00,TIME,-335.0,ZMR_CTRL_L
ZMR_CTRL,2026-03-06 01:30:00,BUY,70482.0,69975.18,70845.49,70845.49,2026-03-06 01:30:00,TP,333.49,ZMR_CTRL_L
ZMR_CTRL,2026-03-06 04:45:00,BUY,70550.5,69972.1,70965.05,70965.05,2026-03-06 07:30:00,TP,384.55,ZMR_CTRL_L
ZMR_CTRL,2026-03-06 12:15:00,BUY,69944.5,69486.1,70274.3,70274.3,2026-03-06 13:30:00,TP,299.8,ZMR_CTRL_L
ZMR_CTRL,2026-03-06 14:00:00,BUY,69238.0,68635.15,69694.51,68635.15,2026-03-06 14:30:00,SL,-632.85,ZMR_CTRL_L
ZMR_CTRL,2026-03-06 16:00:00,BUY,68507.0,67671.1,69142.68,68022.0,2026-03-06 20:00:00,TIME,-515.0,ZMR_CTRL_L
ZMR_CTRL,2026-03-08 21:15:00,BUY,66775.5,66085.8,67301.52,66085.8,2026-03-08 22:00:00,SL,-719.7,ZMR_CTRL_L
ZMR_CTRL,2026-03-09 13:15:00,SELL,68467.5,69062.05,68030.34,69062.05,2026-03-09 13:30:00,SL,-624.55,ZMR_CTRL_S
ZMR_CTRL,2026-03-10 02:45:00,SELL,70339.5,70928.85,69899.24,69899.24,2026-03-10 03:30:00,TP,410.26,ZMR_CTRL_S
ZMR_CTRL,2026-03-10 14:15:00,BUY,69507.5,68870.05,69990.84,69990.84,2026-03-10 14:30:00,TP,453.34,ZMR_CTRL_L
ZMR_CTRL,2026-03-10 15:00:00,SELL,71456.0,72273.35,70889.36,70889.36,2026-03-10 17:30:00,TP,536.64,ZMR_CTRL_S
ZMR_CTRL,2026-03-11 12:00:00,BUY,69186.5,68763.9,69506.95,69506.95,2026-03-11 12:30:00,TP,290.45,ZMR_CTRL_L
ZMR_CTRL,2026-03-11 13:30:00,SELL,70244.5,70821.3,69813.65,70821.3,2026-03-11 13:30:00,SL,-606.8,ZMR_CTRL_S
ZMR_CTRL,2026-03-11 14:30:00,SELL,70692.5,71486.05,70093.84,70093.84,2026-03-11 15:00:00,TP,568.66,ZMR_CTRL_S
ZMR_CTRL,2026-03-11 17:30:00,SELL,71289.0,72353.0,70511.12,70511.12,2026-03-11 18:30:00,TP,747.88,ZMR_CTRL_S
ZMR_CTRL,2026-03-12 01:15:00,BUY,69933.5,69512.9,70254.2,69512.9,2026-03-12 02:30:00,SL,-450.6,ZMR_CTRL_L
ZMR_CTRL,2026-03-12 10:45:00,SELL,70398.5,70872.1,70038.05,70038.05,2026-03-12 13:15:00,TP,330.45,ZMR_CTRL_S
ZMR_CTRL,2026-03-13 00:15:00,SELL,71151.5,71618.25,70799.69,71618.25,2026-03-13 00:15:00,SL,-496.75,ZMR_CTRL_S
ZMR_CTRL,2026-03-13 10:00:00,SELL,72032.5,72498.8,71687.15,72498.8,2026-03-13 10:15:00,SL,-496.3,ZMR_CTRL_S
ZMR_CTRL,2026-03-13 13:00:00,SELL,72810.5,73343.6,72416.8,73343.6,2026-03-13 13:30:00,SL,-563.1,ZMR_CTRL_S
ZMR_CTRL,2026-03-16 03:45:00,SELL,73808.5,74567.85,73234.61,73464.5,2026-03-16 07:45:00,TIME,314.0,ZMR_CTRL_S
ZMR_CTRL,2026-03-16 14:15:00,SELL,74324.0,74907.75,73911.56,73911.56,2026-03-16 14:15:00,TP,382.44,ZMR_CTRL_S
ZMR_CTRL,2026-03-16 22:15:00,SELL,74875.5,75506.05,74406.09,74406.09,2026-03-16 23:00:00,TP,439.41,ZMR_CTRL_S
ZMR_CTRL,2026-03-17 00:15:00,SELL,75423.5,76047.3,74956.52,74956.52,2026-03-17 00:15:00,TP,436.98,ZMR_CTRL_S
ZMR_CTRL,2026-03-17 01:00:00,SELL,75316.5,76011.75,74808.19,74808.19,2026-03-17 03:15:00,TP,478.31,ZMR_CTRL_S
ZMR_CTRL,2026-03-17 18:00:00,SELL,74548.0,75274.5,74011.88,74622.5,2026-03-17 22:00:00,TIME,-104.5,ZMR_CTRL_S
ZMR_CTRL,2026-03-18 00:30:00,BUY,73794.5,73309.7,74177.35,74177.35,2026-03-18 01:30:00,TP,352.85,ZMR_CTRL_L
ZMR_CTRL,2026-03-18 11:30:00,BUY,73623.5,73243.2,73913.98,73243.2,2026-03-18 11:30:00,SL,-410.3,ZMR_CTRL_L
ZMR_CTRL,2026-03-19 04:30:00,BUY,70728.5,70321.25,71071.56,70321.25,2026-03-19 07:00:00,SL,-437.25,ZMR_CTRL_L
ZMR_CTRL,2026-03-19 13:00:00,BUY,69291.5,68799.1,69652.05,69652.05,2026-03-19 13:30:00,TP,330.55,ZMR_CTRL_L
ZMR_CTRL,2026-03-19 14:30:00,BUY,69158.5,68518.6,69626.18,69626.18,2026-03-19 15:00:00,TP,437.68,ZMR_CTRL_L
ZMR_CTRL,2026-03-19 15:45:00,BUY,68884.5,68126.15,69455.89,69455.89,2026-03-19 15:45:00,TP,541.39,ZMR_CTRL_L
ZMR_CTRL,2026-03-19 21:15:00,SELL,70690.5,71336.25,70195.69,70195.69,2026-03-19 22:30:00,TP,464.81,ZMR_CTRL_S
ZMR_CTRL,2026-03-20 04:15:00,SELL,70921.0,71390.9,70584.32,70584.32,2026-03-20 04:30:00,TP,306.68,ZMR_CTRL_S
ZMR_CTRL,2026-03-20 08:15:00,SELL,71266.5,71764.35,70912.36,70912.36,2026-03-20 09:00:00,TP,324.14,ZMR_CTRL_S
ZMR_CTRL,2026-03-20 14:00:00,BUY,69854.5,69266.95,70297.79,69955.5,2026-03-20 18:00:00,TIME,71.0,ZMR_CTRL_L
ZMR_CTRL,2026-03-22 21:15:00,BUY,67759.0,66980.04,68338.84,68338.84,2026-03-22 22:15:00,TP,549.85,ZMR_CTRL_L
ZMR_CTRL,2026-03-23 11:15:00,SELL,70967.5,71834.1,70244.05,70244.05,2026-03-23 11:45:00,TP,693.45,ZMR_CTRL_S
ZMR_CTRL,2026-03-23 12:30:00,SELL,70332.5,71389.45,69543.29,71389.45,2026-03-23 13:30:00,SL,-1086.95,ZMR_CTRL_S
ZMR_CTRL,2026-03-24 05:15:00,BUY,70135.5,69674.4,70504.08,70504.08,2026-03-24 06:45:00,TP,338.57,ZMR_CTRL_L
ZMR_CTRL,2026-03-24 08:00:00,SELL,71274.5,71705.75,70968.56,70968.56,2026-03-24 08:15:00,TP,275.94,ZMR_CTRL_S
ZMR_CTRL,2026-03-24 09:45:00,SELL,71226.5,71707.6,70879.68,70879.68,2026-03-24 12:30:00,TP,316.82,ZMR_CTRL_S
ZMR_CTRL,2026-03-24 14:15:00,BUY,69832.5,69273.8,70262.02,69273.8,2026-03-24 17:00:00,SL,-588.7,ZMR_CTRL_L
ZMR_CTRL,2026-03-24 23:30:00,SELL,70746.5,71310.0,70306.38,70731.0,2026-03-25 03:30:00,TIME,-14.5,ZMR_CTRL_S
ZMR_CTRL,2026-03-25 08:45:00,SELL,71464.5,71898.75,71142.31,71142.31,2026-03-25 09:45:00,TP,292.19,ZMR_CTRL_S
ZMR_CTRL,2026-03-25 11:30:00,SELL,71861.0,72300.65,71523.39,71523.39,2026-03-25 11:45:00,TP,307.61,ZMR_CTRL_S
ZMR_CTRL,2026-03-26 05:15:00,BUY,70534.5,70157.15,70818.39,70157.15,2026-03-26 05:45:00,SL,-407.35,ZMR_CTRL_L
ZMR_CTRL,2026-03-26 15:15:00,BUY,68899.5,68449.05,69293.34,68449.05,2026-03-26 17:45:00,SL,-480.45,ZMR_CTRL_L
ZMR_CTRL,2026-03-27 08:30:00,BUY,68186.5,67782.6,68505.18,67782.6,2026-03-27 08:30:00,SL,-433.9,ZMR_CTRL_L
ZMR_CTRL,2026-03-27 10:45:00,BUY,66851.5,66308.4,67271.95,66308.4,2026-03-27 11:00:00,SL,-573.1,ZMR_CTRL_L
ZMR_CTRL,2026-03-30 02:15:00,SELL,66778.5,67576.85,66177.99,67576.85,2026-03-30 04:45:00,SL,-828.35,ZMR_CTRL_S
ZMR_CTRL,2026-03-30 14:45:00,BUY,67079.0,66631.55,67410.21,67410.21,2026-03-30 14:45:00,TP,301.21,ZMR_CTRL_L
ZMR_CTRL,2026-03-30 17:30:00,BUY,66741.5,66105.5,67207.12,66876.5,2026-03-30 21:30:00,TIME,105.0,ZMR_CTRL_L
ZMR_CTRL,2026-03-31 01:30:00,SELL,67733.5,68188.05,67386.46,68188.05,2026-03-31 01:30:00,SL,-484.55,ZMR_CTRL_S
ZMR_CTRL,2026-03-31 09:30:00,BUY,66376.0,65914.8,66712.27,66712.27,2026-03-31 11:15:00,TP,306.27,ZMR_CTRL_L
ZMR_CTRL,2026-03-31 16:45:00,SELL,67721.0,68536.8,67100.4,68210.5,2026-03-31 20:45:00,TIME,-519.5,ZMR_CTRL_S
ZMR_CTRL,2026-04-01 05:30:00,SELL,68543.5,69014.5,68185.0,69014.5,2026-04-01 06:30:00,SL,-501.0,ZMR_CTRL_S
ZMR_CTRL,2026-04-01 18:15:00,BUY,68068.5,67445.55,68544.46,68544.46,2026-04-01 21:15:00,TP,445.96,ZMR_CTRL_L
ZMR_CTRL,2026-04-02 01:30:00,BUY,67584.5,67070.6,68007.55,67070.6,2026-04-02 01:45:00,SL,-543.9,ZMR_CTRL_L
ZMR_CTRL,2026-04-02 03:45:00,BUY,66601.5,65934.9,67106.7,66918.0,2026-04-02 07:45:00,TIME,286.5,ZMR_CTRL_L
ZMR_CTRL,2026-04-02 13:00:00,BUY,66030.5,65652.7,66310.35,66310.35,2026-04-02 14:00:00,TP,249.85,ZMR_CTRL_L
ZMR_CTRL,2026-04-02 14:45:00,SELL,67069.5,67584.75,66641.94,66641.94,2026-04-02 15:15:00,TP,397.56,ZMR_CTRL_S
ZMR_CTRL,2026-04-02 16:45:00,SELL,67166.5,67782.1,66696.05,66696.05,2026-04-02 17:45:00,TP,440.45,ZMR_CTRL_S
ZMR_CTRL,2026-04-03 01:45:00,BUY,66571.5,66250.65,66808.64,66808.64,2026-04-03 05:30:00,TP,207.14,ZMR_CTRL_L
ZMR_CTRL,2026-04-03 08:15:00,SELL,67176.5,67503.3,66939.27,66939.27,2026-04-03 08:30:00,TP,207.23,ZMR_CTRL_S
ZMR_CTRL,2026-04-05 21:15:00,SELL,67503.0,67779.95,67308.41,67779.95,2026-04-05 22:30:00,SL,-306.95,ZMR_CTRL_S
ZMR_CTRL,2026-04-06 09:15:00,SELL,69640.5,70032.7,69358.6,70032.7,2026-04-06 09:15:00,SL,-422.2,ZMR_CTRL_S
ZMR_CTRL,2026-04-06 10:45:00,SELL,69889.0,70366.0,69543.5,69543.5,2026-04-06 12:00:00,TP,315.5,ZMR_CTRL_S
ZMR_CTRL,2026-04-06 23:00:00,BUY,68789.5,68405.1,69113.68,68405.1,2026-04-06 23:00:00,SL,-414.4,ZMR_CTRL_L
ZMR_CTRL,2026-04-07 09:15:00,SELL,69115.5,69424.5,68878.5,68878.5,2026-04-07 10:00:00,TP,207.0,ZMR_CTRL_S
ZMR_CTRL,2026-04-07 11:00:00,BUY,68225.5,67839.9,68530.45,68530.45,2026-04-07 12:45:00,TP,274.95,ZMR_CTRL_L
ZMR_CTRL,2026-04-07 14:15:00,BUY,67880.5,67365.0,68277.62,68277.62,2026-04-07 16:00:00,TP,367.12,ZMR_CTRL_L
ZMR_CTRL,2026-04-07 20:00:00,SELL,69013.5,69538.45,68635.54,69538.45,2026-04-07 20:00:00,SL,-554.95,ZMR_CTRL_S
ZMR_CTRL,2026-04-08 13:00:00,SELL,72086.5,72460.95,71809.16,72460.95,2026-04-08 13:00:00,SL,-404.45,ZMR_CTRL_S
ZMR_CTRL,2026-04-08 14:45:00,BUY,71096.5,70452.0,71585.12,71585.12,2026-04-08 16:45:00,TP,458.62,ZMR_CTRL_L
ZMR_CTRL,2026-04-09 01:15:00,BUY,70676.0,70245.35,70988.49,70988.49,2026-04-09 02:00:00,TP,282.49,ZMR_CTRL_L
ZMR_CTRL,2026-04-09 08:45:00,SELL,71348.5,71661.7,71112.73,71112.73,2026-04-09 11:15:00,TP,205.77,ZMR_CTRL_S
ZMR_CTRL,2026-04-09 14:30:00,BUY,70641.0,70222.98,70937.89,70937.89,2026-04-09 14:45:00,TP,266.89,ZMR_CTRL_L
ZMR_CTRL,2026-04-09 15:45:00,SELL,72097.5,72661.07,71685.32,72129.5,2026-04-09 19:45:00,TIME,-62.0,ZMR_CTRL_S
ZMR_CTRL,2026-04-10 08:00:00,BUY,71515.0,71177.75,71749.56,71749.56,2026-04-10 08:30:00,TP,204.56,ZMR_CTRL_L
ZMR_CTRL,2026-04-10 14:15:00,SELL,72753.5,73172.8,72434.65,73172.8,2026-04-10 14:30:00,SL,-449.3,ZMR_CTRL_S
ZMR_CTRL,2026-04-12 21:15:00,BUY,71246.5,70585.55,71726.46,70585.55,2026-04-12 22:30:00,SL,-690.95,ZMR_CTRL_L
ZMR_CTRL,2026-04-13 08:45:00,BUY,70624.0,70338.9,70823.82,70823.82,2026-04-13 09:00:00,TP,169.82,ZMR_CTRL_L
ZMR_CTRL,2026-04-13 13:15:00,SELL,71219.0,71523.5,71002.0,71002.0,2026-04-13 13:30:00,TP,187.0,ZMR_CTRL_S
ZMR_CTRL,2026-04-13 14:00:00,SELL,71690.0,72070.75,71403.56,72070.75,2026-04-13 14:45:00,SL,-410.75,ZMR_CTRL_S
ZMR_CTRL,2026-04-13 16:30:00,SELL,72296.5,72915.45,71830.54,72915.45,2026-04-13 19:15:00,SL,-648.95,ZMR_CTRL_S
ZMR_CTRL,2026-04-13 20:00:00,SELL,73375.0,74002.95,72938.16,74002.95,2026-04-13 22:15:00,SL,-657.95,ZMR_CTRL_S
ZMR_CTRL,2026-04-14 09:00:00,SELL,74808.5,75140.1,74554.55,74554.55,2026-04-14 09:30:00,TP,223.95,ZMR_CTRL_S
ZMR_CTRL,2026-04-14 13:45:00,SELL,75260.0,75632.45,74968.41,75632.45,2026-04-14 13:45:00,SL,-402.45,ZMR_CTRL_S
ZMR_CTRL,2026-04-15 07:30:00,BUY,73760.5,73431.25,74003.94,74003.94,2026-04-15 08:15:00,TP,213.44,ZMR_CTRL_L
ZMR_CTRL,2026-04-15 14:30:00,SELL,74466.5,74955.7,74094.35,74094.35,2026-04-15 14:30:00,TP,342.15,ZMR_CTRL_S
ZMR_CTRL,2026-04-15 19:15:00,SELL,74681.5,75260.6,74233.18,75260.6,2026-04-15 19:30:00,SL,-609.1,ZMR_CTRL_S
ZMR_CTRL,2026-04-16 08:15:00,BUY,74553.5,74222.65,74806.89,74806.89,2026-04-16 09:15:00,TP,223.39,ZMR_CTRL_L
ZMR_CTRL,2026-04-16 10:15:00,BUY,74447.5,74136.95,74685.66,74685.66,2026-04-16 12:00:00,TP,208.16,ZMR_CTRL_L
ZMR_CTRL,2026-04-16 14:00:00,BUY,73776.0,73320.65,74164.76,74164.76,2026-04-16 14:45:00,TP,358.76,ZMR_CTRL_L
ZMR_CTRL,2026-04-16 19:45:00,SELL,75255.5,75960.35,74721.61,75173.0,2026-04-16 23:45:00,TIME,52.5,ZMR_CTRL_S
ZMR_CTRL,2026-04-17 08:45:00,SELL,75367.5,75657.9,75146.2,75657.9,2026-04-17 08:45:00,SL,-320.4,ZMR_CTRL_S
ZMR_CTRL,2026-04-17 13:00:00,SELL,76284.5,76951.8,75780.52,76951.8,2026-04-17 13:15:00,SL,-697.3,ZMR_CTRL_S
ZMR_CTRL,2026-04-19 21:15:00,BUY,74718.0,73853.0,75360.62,73853.0,2026-04-19 22:00:00,SL,-895.0,ZMR_CTRL_L
ZMR_CTRL,2026-04-20 07:30:00,SELL,75253.5,75665.35,74925.36,74925.36,2026-04-20 07:30:00,TP,298.14,ZMR_CTRL_S
ZMR_CTRL,2026-04-20 10:15:00,SELL,75378.0,75949.8,74955.27,74955.27,2026-04-20 13:30:00,TP,392.73,ZMR_CTRL_S
ZMR_CTRL,2026-04-20 15:30:00,SELL,75762.5,76487.05,75261.96,76487.05,2026-04-20 18:45:00,SL,-754.55,ZMR_CTRL_S
ZMR_CTRL,2026-04-21 08:30:00,SELL,76379.5,76738.75,76110.94,76738.75,2026-04-21 08:45:00,SL,-389.25,ZMR_CTRL_S
ZMR_CTRL,2026-04-21 11:00:00,SELL,76786.0,77223.85,76422.61,76422.61,2026-04-21 11:00:00,TP,333.39,ZMR_CTRL_S
ZMR_CTRL,2026-04-21 17:30:00,BUY,75343.0,74582.1,75918.92,75918.92,2026-04-21 19:15:00,TP,545.93,ZMR_CTRL_L
ZMR_CTRL,2026-04-21 19:45:00,BUY,74879.5,74107.3,75450.77,75450.77,2026-04-21 20:00:00,TP,541.27,ZMR_CTRL_L
ZMR_CTRL,2026-04-22 00:00:00,SELL,76354.5,76941.25,75909.19,76941.25,2026-04-22 02:15:00,SL,-616.75,ZMR_CTRL_S
ZMR_CTRL,2026-04-22 05:30:00,SELL,78246.5,78824.9,77835.45,77835.45,2026-04-22 07:15:00,TP,381.05,ZMR_CTRL_S
ZMR_CTRL,2026-04-22 13:45:00,SELL,78639.5,79023.2,78360.48,79023.2,2026-04-22 14:00:00,SL,-413.7,ZMR_CTRL_S
ZMR_CTRL,2026-04-22 15:00:00,SELL,79074.5,79568.4,78709.32,78709.32,2026-04-22 16:45:00,TP,335.18,ZMR_CTRL_S
ZMR_CTRL,2026-04-22 23:30:00,BUY,78376.5,77975.65,78673.64,77975.65,2026-04-23 00:00:00,SL,-430.85,ZMR_CTRL_L
ZMR_CTRL,2026-04-23 02:45:00,BUY,77908.5,77364.3,78321.9,78321.9,2026-04-23 06:15:00,TP,383.4,ZMR_CTRL_L
ZMR_CTRL,2026-04-23 09:15:00,BUY,77593.5,77220.0,77877.12,77220.0,2026-04-23 10:00:00,SL,-403.5,ZMR_CTRL_L
ZMR_CTRL,2026-04-23 15:45:00,SELL,78525.5,79035.35,78145.74,78145.74,2026-04-23 16:45:00,TP,349.76,ZMR_CTRL_S
ZMR_CTRL,2026-04-26 22:15:00,SELL,78583.0,79068.25,78221.69,78221.69,2026-04-26 22:30:00,TP,331.31,ZMR_CTRL_S
ZMR_CTRL,2026-04-26 23:45:00,SELL,78623.0,79184.75,78192.94,79184.75,2026-04-27 00:45:00,SL,-591.75,ZMR_CTRL_S
ZMR_CTRL,2026-04-27 02:00:00,SELL,79309.0,80082.3,78718.52,78718.52,2026-04-27 05:00:00,TP,560.48,ZMR_CTRL_S
ZMR_CTRL,2026-04-27 15:15:00,BUY,77381.0,76971.75,77697.56,76971.75,2026-04-27 15:15:00,SL,-439.25,ZMR_CTRL_L
ZMR_CTRL,2026-04-28 11:15:00,BUY,76435.5,76098.4,76698.82,76098.4,2026-04-28 13:00:00,SL,-367.1,ZMR_CTRL_L
ZMR_CTRL,2026-04-28 14:30:00,BUY,75820.5,75401.45,76129.54,76129.54,2026-04-28 16:45:00,TP,279.04,ZMR_CTRL_L
ZMR_CTRL,2026-04-29 02:00:00,SELL,76554.5,76831.6,76340.55,76831.6,2026-04-29 03:15:00,SL,-307.1,ZMR_CTRL_S
ZMR_CTRL,2026-04-29 10:00:00,SELL,77653.5,77911.25,77424.31,77424.31,2026-04-29 12:00:00,TP,199.19,ZMR_CTRL_S
ZMR_CTRL,2026-04-29 13:45:00,BUY,76550.0,76105.9,76883.95,76105.9,2026-04-29 15:30:00,SL,-474.1,ZMR_CTRL_L
ZMR_CTRL,2026-04-29 18:15:00,BUY,75154.5,74465.35,75712.49,75712.49,2026-04-29 20:30:00,TP,527.99,ZMR_CTRL_L
ZMR_CTRL,2026-04-30 01:30:00,SELL,76327.5,76706.9,76039.45,76039.45,2026-04-30 02:30:00,TP,258.05,ZMR_CTRL_S
ZMR_CTRL,2026-04-30 13:45:00,SELL,76596.0,76967.9,76329.32,76329.32,2026-04-30 14:00:00,TP,236.68,ZMR_CTRL_S
ZMR_CTRL,2026-05-01 01:45:00,SELL,76587.5,76857.8,76388.27,76857.8,2026-05-01 03:15:00,SL,-300.3,ZMR_CTRL_S
ZMR_CTRL,2026-05-01 12:30:00,SELL,77740.5,78052.25,77522.44,78052.25,2026-05-01 12:30:00,SL,-341.75,ZMR_CTRL_S
ZMR_CTRL,2026-05-03 21:15:00,SELL,79021.5,79515.45,78637.04,78637.04,2026-05-03 23:15:00,TP,354.46,ZMR_CTRL_S
ZMR_CTRL,2026-05-04 02:00:00,SELL,79783.5,80456.4,79224.58,80456.4,2026-05-04 04:00:00,SL,-702.9,ZMR_CTRL_S
ZMR_CTRL,2026-05-04 10:30:00,BUY,78498.5,77995.25,78881.19,78881.19,2026-05-04 10:30:00,TP,352.69,ZMR_CTRL_L
ZMR_CTRL,2026-05-04 11:45:00,BUY,78725.5,78166.65,79135.89,79135.89,2026-05-04 14:15:00,TP,380.39,ZMR_CTRL_L
ZMR_CTRL,2026-05-05 02:45:00,SELL,80811.5,81169.7,80536.73,80536.73,2026-05-05 02:45:00,TP,244.77,ZMR_CTRL_S
ZMR_CTRL,2026-05-05 03:15:00,SELL,80668.5,81068.65,80373.64,81068.65,2026-05-05 03:30:00,SL,-430.15,ZMR_CTRL_S
ZMR_CTRL,2026-05-05 05:30:00,SELL,81058.5,81505.9,80728.2,80728.2,2026-05-05 08:30:00,TP,300.3,ZMR_CTRL_S
ZMR_CTRL,2026-05-05 12:30:00,SELL,81233.5,81525.8,81000.27,81525.8,2026-05-05 13:00:00,SL,-322.3,ZMR_CTRL_S
ZMR_CTRL,2026-05-05 15:15:00,SELL,81577.5,82113.15,81170.51,81170.51,2026-05-05 16:30:00,TP,376.99,ZMR_CTRL_S
ZMR_CTRL,2026-05-05 22:45:00,BUY,81019.5,80607.1,81333.18,81333.18,2026-05-05 22:45:00,TP,283.68,ZMR_CTRL_L
ZMR_CTRL,2026-05-05 23:30:00,BUY,80879.5,80433.1,81217.8,81217.8,2026-05-06 00:00:00,TP,308.3,ZMR_CTRL_L
ZMR_CTRL,2026-05-06 00:30:00,BUY,80906.5,80417.2,81283.98,81283.98,2026-05-06 01:15:00,TP,347.48,ZMR_CTRL_L
ZMR_CTRL,2026-05-06 09:00:00,SELL,81962.0,82316.5,81686.5,81686.5,2026-05-06 09:15:00,TP,245.5,ZMR_CTRL_S
ZMR_CTRL,2026-05-06 09:45:00,SELL,82012.5,82404.95,81723.41,82404.95,2026-05-06 11:00:00,SL,-422.45,ZMR_CTRL_S
ZMR_CTRL,2026-05-07 00:45:00,BUY,81035.5,80688.5,81302.75,81302.75,2026-05-07 01:30:00,TP,237.25,ZMR_CTRL_L
ZMR_CTRL,2026-05-07 02:15:00,BUY,80939.5,80570.35,81226.86,81047.0,2026-05-07 06:15:00,TIME,77.5,ZMR_CTRL_L
ZMR_CTRL,2026-05-07 07:15:00,SELL,81664.5,81993.95,81406.04,81406.04,2026-05-07 08:15:00,TP,228.46,ZMR_CTRL_S
ZMR_CTRL,2026-05-07 10:30:00,BUY,80616.0,80233.25,80907.44,80907.44,2026-05-07 10:45:00,TP,261.44,ZMR_CTRL_L
ZMR_CTRL,2026-05-07 14:00:00,BUY,80508.5,80061.5,80842.88,80061.5,2026-05-07 14:30:00,SL,-477.0,ZMR_CTRL_L
ZMR_CTRL,2026-05-08 02:15:00,BUY,79605.0,79265.8,79856.77,79265.8,2026-05-08 03:00:00,SL,-369.2,ZMR_CTRL_L
ZMR_CTRL,2026-05-08 07:15:00,BUY,79307.0,78990.15,79549.89,79549.89,2026-05-08 07:30:00,TP,212.89,ZMR_CTRL_L
ZMR_CTRL,2026-05-08 10:45:00,SELL,80159.0,80487.6,79919.55,80487.6,2026-05-08 12:30:00,SL,-358.6,ZMR_CTRL_S
ZMR_CTRL,2026-05-10 21:15:00,SELL,80646.0,81048.85,80334.24,81048.85,2026-05-10 22:00:00,SL,-432.85,ZMR_CTRL_S
ZMR_CTRL,2026-05-11 12:30:00,SELL,81285.0,81587.15,81050.51,81050.51,2026-05-11 12:45:00,TP,204.49,ZMR_CTRL_S
ZMR_CTRL,2026-05-11 13:15:00,SELL,81260.5,81598.95,81005.79,81005.79,2026-05-11 13:30:00,TP,224.71,ZMR_CTRL_S
ZMR_CTRL,2026-05-11 15:30:00,SELL,81315.0,81825.15,80933.26,81825.15,2026-05-11 16:15:00,SL,-540.15,ZMR_CTRL_S
ZMR_CTRL,2026-05-11 17:45:00,SELL,81966.5,82581.4,81507.95,81808.0,2026-05-11 21:45:00,TIME,128.5,ZMR_CTRL_S
ZMR_CTRL,2026-05-12 01:45:00,BUY,81042.0,80648.39,81332.83,81209.0,2026-05-12 05:45:00,TIME,137.0,ZMR_CTRL_L
ZMR_CTRL,2026-05-12 11:15:00,BUY,80561.5,80248.65,80785.64,80785.64,2026-05-12 12:00:00,TP,194.14,ZMR_CTRL_L
ZMR_CTRL,2026-05-12 14:00:00,BUY,80459.0,80101.05,80719.59,80719.59,2026-05-12 14:00:00,TP,230.59,ZMR_CTRL_L
ZMR_CTRL,2026-05-12 15:30:00,BUY,80220.0,79729.45,80567.79,80567.79,2026-05-12 17:45:00,TP,317.79,ZMR_CTRL_L
ZMR_CTRL,2026-05-13 01:15:00,SELL,80955.5,81255.8,80737.27,81255.8,2026-05-13 02:15:00,SL,-330.3,ZMR_CTRL_S
ZMR_CTRL,2026-05-13 03:45:00,SELL,81184.5,81517.8,80929.27,80929.27,2026-05-13 07:15:00,TP,225.23,ZMR_CTRL_S
ZMR_CTRL,2026-05-13 10:45:00,BUY,80825.5,80560.35,81029.61,80560.35,2026-05-13 11:00:00,SL,-295.15,ZMR_CTRL_L
ZMR_CTRL,2026-05-13 14:45:00,BUY,79685.5,79214.65,80029.89,79214.65,2026-05-13 15:15:00,SL,-500.85,ZMR_CTRL_L
ZMR_CTRL,2026-05-14 03:45:00,BUY,79169.5,78791.7,79456.35,79456.35,2026-05-14 05:00:00,TP,256.85,ZMR_CTRL_L
ZMR_CTRL,2026-05-14 06:00:00,SELL,79788.0,80209.3,79474.65,79604.0,2026-05-14 10:00:00,TIME,154.0,ZMR_CTRL_S
ZMR_CTRL,2026-05-14 14:30:00,SELL,80129.5,80567.5,79795.75,80567.5,2026-05-14 14:45:00,SL,-468.0,ZMR_CTRL_S
ZMR_CTRL,2026-05-15 02:15:00,BUY,80923.0,80490.1,81258.18,81258.18,2026-05-15 02:45:00,TP,305.18,ZMR_CTRL_L
ZMR_CTRL,2026-05-15 04:30:00,BUY,80895.0,80415.65,81272.01,80415.65,2026-05-15 05:30:00,SL,-509.35,ZMR_CTRL_L
ZMR_CTRL,2026-05-15 13:15:00,BUY,80123.5,79769.3,80409.27,79769.3,2026-05-15 13:30:00,SL,-384.2,ZMR_CTRL_L
ZMR_CTRL,2026-05-17 21:15:00,BUY,78241.5,77868.5,78556.25,77868.5,2026-05-17 22:45:00,SL,-403.0,ZMR_CTRL_L
ZMR_CTRL,2026-05-18 11:45:00,SELL,77313.5,77658.25,77067.19,77658.25,2026-05-18 12:30:00,SL,-374.75,ZMR_CTRL_S
ZMR_CTRL,2026-05-18 15:00:00,BUY,76354.0,75787.8,76755.9,76755.9,2026-05-18 19:00:00,TP,371.9,ZMR_CTRL_L
ZMR_CTRL,2026-05-19 13:30:00,BUY,76539.5,76154.25,76807.44,76807.44,2026-05-19 13:30:00,TP,237.94,ZMR_CTRL_L
ZMR_CTRL,2026-05-19 14:30:00,BUY,76383.0,75944.1,76718.3,76718.3,2026-05-19 16:30:00,TP,305.3,ZMR_CTRL_L
ZMR_CTRL,2026-05-20 05:15:00,SELL,77161.5,77517.75,76896.94,77517.75,2026-05-20 08:30:00,SL,-386.25,ZMR_CTRL_S
ZMR_CTRL,2026-05-20 16:30:00,BUY,77003.5,76480.75,77381.56,77381.56,2026-05-20 17:15:00,TP,348.06,ZMR_CTRL_L
ZMR_CTRL,2026-05-21 01:00:00,SELL,77922.5,78202.2,77668.98,77851.5,2026-05-21 05:00:00,TIME,41.0,ZMR_CTRL_S
ZMR_CTRL,2026-05-21 10:30:00,BUY,77310.0,76974.2,77560.98,76974.2,2026-05-21 13:30:00,SL,-365.8,ZMR_CTRL_L
ZMR_CTRL,2026-05-22 09:00:00,BUY,77195.0,76925.95,77399.41,77399.41,2026-05-22 12:00:00,TP,174.41,ZMR_CTRL_L
ZMR_CTRL,2026-05-22 14:15:00,BUY,76979.5,76696.9,77186.2,76696.9,2026-05-22 14:15:00,SL,-312.6,ZMR_CTRL_L
ZMR_CTRL,2026-05-22 15:45:00,BUY,76635.5,76258.3,76914.9,76914.9,2026-05-22 16:45:00,TP,249.4,ZMR_CTRL_L
ZMR_CTRL,2026-05-22 19:15:00,BUY,76143.5,75690.95,76485.54,75690.95,2026-05-22 19:30:00,SL,-482.55,ZMR_CTRL_L
ZMR_CTRL,2026-05-25 09:45:00,SELL,77505.5,77809.85,77282.49,77282.49,2026-05-25 11:45:00,TP,193.01,ZMR_CTRL_S
ZMR_CTRL,2026-05-25 14:30:00,SELL,77541.5,77793.4,77356.08,77793.4,2026-05-25 15:00:00,SL,-281.9,ZMR_CTRL_S
ZMR_CTRL,2026-05-25 22:45:00,BUY,77113.5,76865.95,77305.29,76865.95,2026-05-26 00:30:00,SL,-277.55,ZMR_CTRL_L
ZMR_CTRL,2026-05-26 02:45:00,BUY,76517.0,76134.15,76791.01,76791.01,2026-05-26 05:15:00,TP,244.01,ZMR_CTRL_L
ZMR_CTRL,2026-05-26 10:30:00,SELL,77150.5,77458.8,76922.77,77458.8,2026-05-26 10:30:00,SL,-338.3,ZMR_CTRL_S
ZMR_CTRL,2026-05-26 14:15:00,SELL,77333.0,77809.45,76983.54,77809.45,2026-05-26 14:15:00,SL,-506.45,ZMR_CTRL_S
ZMR_CTRL,2026-05-26 17:30:00,BUY,75958.5,75225.7,76516.85,75893.5,2026-05-26 21:30:00,TIME,-95.0,ZMR_CTRL_L
ZMR_CTRL,2026-05-27 04:00:00,BUY,75546.5,75263.65,75762.14,75263.65,2026-05-27 04:30:00,SL,-312.85,ZMR_CTRL_L
ZMR_CTRL,2026-05-27 13:15:00,BUY,75312.0,74956.8,75574.9,74956.8,2026-05-27 13:30:00,SL,-385.2,ZMR_CTRL_L
ZMR_CTRL,2026-05-27 22:00:00,BUY,74361.5,73952.9,74664.45,74664.45,2026-05-27 22:00:00,TP,272.95,ZMR_CTRL_L
ZMR_CTRL,2026-05-27 23:00:00,BUY,74302.5,73867.3,74620.15,74084.0,2026-05-28 03:00:00,TIME,-248.5,ZMR_CTRL_L
ZMR_CTRL,2026-05-28 03:30:00,BUY,73611.0,73173.55,73947.84,73173.55,2026-05-28 03:45:00,SL,-467.45,ZMR_CTRL_L
ZMR_CTRL,2026-05-28 05:15:00,BUY,72888.5,72356.2,73286.85,73286.85,2026-05-28 07:30:00,TP,368.35,ZMR_CTRL_L
ZMR_CTRL,2026-05-28 13:45:00,BUY,72648.5,72303.2,72910.1,72910.1,2026-05-28 13:45:00,TP,231.6,ZMR_CTRL_L
ZMR_CTRL,2026-05-29 03:00:00,BUY,73126.0,72787.05,73376.71,73376.71,2026-05-29 04:45:00,TP,220.71,ZMR_CTRL_L
ZMR_CTRL,2026-05-29 13:15:00,BUY,73014.5,72735.95,73228.66,73228.66,2026-05-29 13:45:00,TP,184.16,ZMR_CTRL_L
ZMR_CTRL,2026-05-29 14:15:00,BUY,72900.0,72565.45,73151.79,72565.45,2026-05-29 14:15:00,SL,-364.55,ZMR_CTRL_L
