strategy,signal_at,created_at,side,entry_price,stop_loss,take_profit,reason,status,rejection_reason,position_id
S99 MSS FVG Reversal,2026-07-07 01:31:15.185502+00:00,2026-07-07 01:31:15.185523+00:00,SELL,4137.265,4139.05,4134.59,S99_MSS_FVG_SHORT,PLACED,,13dd7ddd-220c-4478-93b9-4e475bed0825
S99 MSS FVG Reversal,2026-07-07 08:22:03.139553+00:00,2026-07-07 08:22:03.139573+00:00,BUY,4134.485,4130.07,4141.11,S99_MSS_FVG_LONG,PLACED,,3e5e591c-bba4-4592-b30b-ebe6674c5747
S99 MSS FVG Reversal,2026-07-07 09:13:17.659237+00:00,2026-07-07 09:13:17.659253+00:00,SELL,4128.84,4129.87,4127.3,S99_MSS_FVG_SHORT,PLACED,,9bfcb3a5-3ac4-4483-81a3-10f9ba8eb30c
S99 MSS FVG Reversal,2026-07-07 09:48:06.864089+00:00,2026-07-07 09:48:06.864106+00:00,BUY,4129.39,4127.42,4132.35,S99_MSS_FVG_LONG,PLACED,,98a193b0-3d14-4636-ba84-7de51d66da9e
S99 MSS FVG Reversal,2026-07-07 11:32:12.959861+00:00,2026-07-07 11:32:12.959877+00:00,BUY,4139.63,4133.54,4148.77,S99_MSS_FVG_LONG,PLACED,,95ecb93e-e610-4928-82b0-f219c9b9090b
S99 MSS FVG Reversal,2026-07-07 12:21:18.142620+00:00,2026-07-07 12:21:18.142642+00:00,BUY,4165.88,4158.77,4176.54,S99_MSS_FVG_LONG,PLACED,,63c5ba00-3502-4c90-a86e-3a93371194bf
S99 MSS FVG Reversal,2026-07-08 07:29:06.993124+00:00,2026-07-08 07:29:06.993142+00:00,SELL,4121.365,4124.31,4116.95,S99_MSS_FVG_SHORT,PLACED,,85d58a6c-7aca-44db-a36b-5454e419ce48
S99 MSS FVG Reversal,2026-07-08 08:47:12.505997+00:00,2026-07-08 08:47:12.506013+00:00,SELL,4068.12,4080.39,4049.72,S99_MSS_FVG_SHORT,REJECTED,no_add_to_loser,
S99 MSS FVG Reversal,2026-07-08 09:16:01.871859+00:00,2026-07-08 09:16:01.871882+00:00,SELL,4056.995,4063.08,4047.87,S99_MSS_FVG_SHORT,PLACED,,86c80867-8aaa-46c6-9e7b-bac984ff14ee
S99 MSS FVG Reversal,2026-07-08 14:52:21.526758+00:00,2026-07-08 14:52:21.526774+00:00,SELL,4040.375,4043.87,4035.13,S99_MSS_FVG_SHORT,PLACED,,8cbdfa7a-7117-4068-b025-7fd33a64933d
S99 MSS FVG Reversal,2026-07-08 15:21:20.967102+00:00,2026-07-08 15:21:20.967117+00:00,SELL,4034.915,4039.09,4028.65,S99_MSS_FVG_SHORT,PLACED,,eb732283-c517-4482-888a-9faaf7d8fd49
S99 MSS FVG Reversal,2026-07-09 06:41:13.908173+00:00,2026-07-09 06:41:13.908190+00:00,BUY,4097.555,4094.56,4102.05,S99_MSS_FVG_LONG,PLACED,,0949f909-4087-4f8a-9b23-166958b87a6b
S99 MSS FVG Reversal,2026-07-09 08:31:14.769036+00:00,2026-07-09 08:31:14.769078+00:00,BUY,4114.125,4112.32,4116.83,S99_MSS_FVG_LONG,PLACED,,db7a231b-b5c9-444f-8e3e-089380b313da
S99 MSS FVG Reversal,2026-07-09 11:01:06.891304+00:00,2026-07-09 11:01:06.891321+00:00,SELL,4099.465,4100.28,4098.24,S99_MSS_FVG_SHORT,PLACED,,316f761a-8543-4cb1-8e6e-f7a0d1fb357a
S99 MSS FVG Reversal,2026-07-09 12:16:01.102281+00:00,2026-07-09 12:16:01.102297+00:00,BUY,4112.365,4109.21,4117.1,S99_MSS_FVG_LONG,PLACED,,a15a6a89-9677-4a6d-83df-309c21aa1706
S99 MSS FVG Reversal,2026-07-10 07:51:20.318427+00:00,2026-07-10 07:51:20.318445+00:00,SELL,4107.465,4111.2,4101.86,S99_MSS_FVG_SHORT,REJECTED,no_add_to_loser,
S99 MSS FVG Reversal,2026-07-10 09:01:05.885727+00:00,2026-07-10 09:01:05.885744+00:00,SELL,4098.775,4100.63,4095.99,S99_MSS_FVG_SHORT,REJECTED,no_add_to_loser,
S99 MSS FVG Reversal,2026-07-10 11:41:17.820254+00:00,2026-07-10 11:41:17.820270+00:00,SELL,4099.96,4100.86,4098.61,S99_MSS_FVG_SHORT,PLACED,,57f89551-72aa-42fe-bcc5-fcad3d83bc9d
S99 MSS FVG Reversal,2026-07-10 12:21:17.341794+00:00,2026-07-10 12:21:17.341810+00:00,BUY,4108.01,4103.2,4115.23,S99_MSS_FVG_LONG,PLACED,,c4bd3bd0-2406-4551-ab81-6c4d7c2d693c
S99 MSS FVG Reversal,2026-07-13 06:22:06.635395+00:00,2026-07-13 06:22:06.635416+00:00,SELL,4056.36,4059.06,4052.31,S99_MSS_FVG_SHORT,PLACED,,347d5202-5498-454a-af5c-b550f3824d45
S99 MSS FVG Reversal,2026-07-13 08:31:19.566373+00:00,2026-07-13 08:31:19.566391+00:00,BUY,4073.595,4070.68,4077.97,S99_MSS_FVG_LONG,REJECTED,no_add_to_loser,
S99 MSS FVG Reversal,2026-07-13 10:51:06.241965+00:00,2026-07-13 10:51:06.241989+00:00,SELL,4054.545,4066.97,4035.91,S99_MSS_FVG_SHORT,PLACED,,f71a56f1-f1d3-4b9f-9938-25bd42738aba
S99 MSS FVG Reversal,2026-07-13 12:01:05.331736+00:00,2026-07-13 12:01:05.331767+00:00,SELL,4057.97,4061.66,4052.43,S99_MSS_FVG_SHORT,PLACED,,4f852ff0-e313-4d85-a22c-b2a2e1c59763
S99 MSS FVG Reversal,2026-07-13 12:58:18.187451+00:00,2026-07-13 12:58:18.187467+00:00,BUY,4064.36,4063.19,4066.12,S99_MSS_FVG_LONG,REJECTED,sl_too_tight: 1.17pt < 1.5pt,
S99 MSS FVG Reversal,2026-07-13 14:26:15.459194+00:00,2026-07-13 14:26:15.459212+00:00,SELL,4022.35,4035.93,4001.98,S99_MSS_FVG_SHORT,REJECTED,no_add_to_loser,
S99 MSS FVG Reversal,2026-07-14 07:14:13.066286+00:00,2026-07-14 07:14:13.066303+00:00,BUY,4025.665,4024.36,4027.62,S99_MSS_FVG_LONG,REJECTED,sl_too_tight: 1.30pt < 1.5pt,
S99 MSS FVG Reversal,2026-07-14 11:31:17.620574+00:00,2026-07-14 11:31:17.620590+00:00,BUY,4024.705,4023.34,4026.75,S99_MSS_FVG_LONG,REJECTED,sl_too_tight: 1.36pt < 1.5pt,
S99 MSS FVG Reversal,2026-07-14 12:51:16.142637+00:00,2026-07-14 12:51:16.142653+00:00,BUY,4081.835,4028.98,4161.12,S99_MSS_FVG_LONG,PLACED,,bc04fb88-8dc0-428a-b0f6-f2e3be34dc62
S99 MSS FVG Reversal,2026-07-15 13:27:15.461967+00:00,2026-07-15 13:27:15.461988+00:00,BUY,4057.35,4053.58,4063.0,S99_MSS_FVG_LONG,PLACED,,90d35304-ff45-407a-bedd-e50850b460ec
S99 MSS FVG Reversal,2026-07-15 15:26:09.136263+00:00,2026-07-15 15:26:09.136282+00:00,SELL,4047.0,4055.53,4034.2,S99_MSS_FVG_SHORT,PLACED,,ec6adfc0-704c-4d28-bc8f-8277cd92a757
S99 MSS FVG Reversal,2026-07-16 06:13:03.074780+00:00,2026-07-16 06:13:03.074802+00:00,BUY,4031.205,4028.53,4035.22,S99_MSS_FVG_LONG,REJECTED,entry_drift: drift +0.64pt vs budget 0.50pt (ltp 4031.84),
S99 MSS FVG Reversal,2026-07-16 11:35:12.566880+00:00,2026-07-16 11:35:12.566897+00:00,SELL,4030.25,4030.89,4029.29,S99_MSS_FVG_SHORT,REJECTED,sl_too_tight: 0.64pt < 1.5pt,
S99 MSS FVG Reversal,2026-07-16 13:11:13.122683+00:00,2026-07-16 13:11:13.122701+00:00,SELL,3986.455,3992.76,3977.0,S99_MSS_FVG_SHORT,REJECTED,entry_drift: drift +1.05pt vs budget 0.50pt (ltp 3985.40),
S99 MSS FVG Reversal,2026-07-16 15:57:16.560662+00:00,2026-07-16 15:57:16.560681+00:00,BUY,4007.02,3997.78,4020.88,S99_MSS_FVG_LONG,PLACED,,8cd26436-6fad-42bb-b328-3221f2875bc2
S99 MSS FVG Reversal,2026-07-17 06:26:11.788748+00:00,2026-07-17 06:26:11.788768+00:00,BUY,4001.91,3999.78,4005.1,S99_MSS_FVG_LONG,REJECTED,entry_drift: drift +1.58pt vs budget 0.50pt (ltp 4003.49),
S99 MSS FVG Reversal,2026-07-17 08:26:02.891193+00:00,2026-07-17 08:26:02.891217+00:00,SELL,3994.765,3997.25,3991.04,S99_MSS_FVG_SHORT,PLACED,,41413f5a-b93b-4311-b3cc-a1f152e740da
S99 MSS FVG Reversal,2026-07-17 09:00:18.569438+00:00,2026-07-17 09:00:18.569456+00:00,BUY,3993.995,3992.44,3996.33,S99_MSS_FVG_LONG,REJECTED,entry_drift: drift +0.80pt vs budget 0.39pt (ltp 3994.80),
S99 MSS FVG Reversal,2026-07-17 11:02:20.446820+00:00,2026-07-17 11:02:20.446837+00:00,SELL,3994.025,3995.97,3991.11,S99_MSS_FVG_SHORT,PLACED,,84bd061f-3825-45fb-8032-fe2388599c3b
S99 MSS FVG Reversal,2026-07-17 12:11:08.439415+00:00,2026-07-17 12:11:08.439432+00:00,SELL,3991.82,3994.47,3987.85,S99_MSS_FVG_SHORT,PLACED,,e055fff8-67c9-455a-8cd7-434579ab237c
S99 MSS FVG Reversal,2026-07-17 12:31:19.460948+00:00,2026-07-17 12:31:19.460966+00:00,SELL,3987.93,3989.89,3984.99,S99_MSS_FVG_SHORT,REJECTED,news_blackout,
S99 MSS FVG Reversal,2026-07-17 13:05:09.767321+00:00,2026-07-17 13:05:09.767339+00:00,SELL,3973.28,3978.71,3965.14,S99_MSS_FVG_SHORT,REJECTED,duplicate_entry,
S99 MSS FVG Reversal,2026-07-20 06:41:01.944825+00:00,2026-07-20 06:41:01.944860+00:00,SELL,4005.665,4007.66,4002.67,S99_MSS_FVG_SHORT,PLACED,,e744a1d2-d24d-473d-8ee8-982196573844
S99 MSS FVG Reversal,2026-07-20 07:52:21.000313+00:00,2026-07-20 07:52:21.000331+00:00,BUY,4016.24,4012.91,4021.23,S99_MSS_FVG_LONG,REJECTED,entry_drift: drift +2.28pt vs budget 0.50pt (ltp 4018.51),
S99 MSS FVG Reversal,2026-07-20 11:43:01.563294+00:00,2026-07-20 11:43:01.563316+00:00,BUY,4029.51,4022.85,4039.5,S99_MSS_FVG_LONG,REJECTED,entry_drift: drift +0.81pt vs budget 0.50pt (ltp 4030.32),
S99 MSS FVG Reversal,2026-07-21 07:06:18.189675+00:00,2026-07-21 07:06:18.189695+00:00,BUY,4077.085,4075.25,4079.84,S99_MSS_FVG_LONG,PLACED,,aa55881b-31bd-44e0-b868-f50240aaf21e
S99 MSS FVG Reversal,2026-07-21 08:33:06.346098+00:00,2026-07-21 08:33:06.346121+00:00,SELL,4064.74,4066.77,4061.7,S99_MSS_FVG_SHORT,PLACED,,dec23985-9788-4113-8641-8b11c0424980
S99 MSS FVG Reversal,2026-07-21 11:13:19.489314+00:00,2026-07-21 11:13:19.489333+00:00,SELL,4059.08,4063.33,4052.7,S99_MSS_FVG_SHORT,PLACED,,d3b9d0f1-a0e8-4fd8-b555-8aee50b27287
S99 MSS FVG Reversal,2026-07-21 12:46:03.953298+00:00,2026-07-21 12:46:03.953317+00:00,SELL,4056.2,4059.99,4050.52,S99_MSS_FVG_SHORT,REJECTED,entry_drift: drift +0.62pt vs budget 0.50pt (ltp 4055.58),
S99 MSS FVG Reversal,2026-07-21 13:51:05.288963+00:00,2026-07-21 13:51:05.288985+00:00,SELL,4050.665,4052.49,4047.93,S99_MSS_FVG_SHORT,REJECTED,soft_daily_brake: daily P&L -132.00 USD <= -120 soft brake,
S99 MSS FVG Reversal,2026-07-21 15:41:18.402632+00:00,2026-07-21 15:41:18.402649+00:00,BUY,4078.885,4077.52,4080.93,S99_MSS_FVG_LONG,REJECTED,sl_too_tight: 1.37pt < 1.5pt,
S99 MSS FVG Reversal,2026-07-22 06:36:07.484100+00:00,2026-07-22 06:36:07.484126+00:00,SELL,4119.57,4125.29,4110.99,S99_MSS_FVG_SHORT,REJECTED,entry_drift: drift +0.75pt vs budget 0.50pt (ltp 4118.82),
S99 MSS FVG Reversal,2026-07-22 07:55:11.327493+00:00,2026-07-22 07:55:11.327517+00:00,SELL,4113.665,4115.77,4110.51,S99_MSS_FVG_SHORT,PLACED,,27e46302-f490-4e2b-bdd4-a081fe6da4b8
S99 MSS FVG Reversal,2026-07-22 15:18:19.430243+00:00,2026-07-22 15:18:19.430260+00:00,BUY,4153.82,4149.02,4161.02,S99_MSS_FVG_LONG,REJECTED,metaapi_rejection,
S99 MSS FVG Reversal,2026-07-22 15:56:19.400576+00:00,2026-07-22 15:56:19.400592+00:00,BUY,4162.47,4160.09,4166.04,S99_MSS_FVG_LONG,REJECTED,metaapi_rejection,
S99 MSS FVG Reversal,2026-07-23 07:17:19.876204+00:00,2026-07-23 07:17:19.876227+00:00,SELL,4110.58,4114.98,4103.98,S99_MSS_FVG_SHORT,REJECTED,duplicate_entry,
S99 MSS FVG Reversal,2026-07-23 08:01:19.618259+00:00,2026-07-23 08:01:19.618278+00:00,SELL,4097.03,4100.72,4091.49,S99_MSS_FVG_SHORT,REJECTED,entry_drift: drift +5.73pt vs budget 0.50pt (ltp 4091.30),
S99 MSS FVG Reversal,2026-07-23 13:20:07.119331+00:00,2026-07-23 13:20:07.119349+00:00,SELL,4047.52,4056.09,4034.66,S99_MSS_FVG_SHORT,PLACED,,42459629-372b-4d88-a8a0-d73170b8d924
S100 M3 Combo Scalper,2026-07-23 13:20:19.954067+00:00,2026-07-23 13:20:19.954089+00:00,SELL,4049.56,4053.61,4039.43,S100_FVG_SHORT,REJECTED,duplicate_entry,
S100 M3 Combo Scalper,2026-07-23 13:43:19.942503+00:00,2026-07-23 13:43:19.942522+00:00,SELL,4059.28,4063.46,4048.85,S100_FVG_SHORT,PLACED,,1a09cfb9-af6e-4851-a488-b09bc30b3e97
S100 M3 Combo Scalper,2026-07-23 14:10:23.096796+00:00,2026-07-23 14:10:23.096815+00:00,SELL,4045.36,4047.06,4041.11,S100_OB_SHORT,REJECTED,entry_drift: drift +0.45pt vs budget 0.42pt (ltp 4044.91),
S100 M3 Combo Scalper,2026-07-23 15:37:16.238350+00:00,2026-07-23 15:37:16.238369+00:00,SELL,4048.8,4050.36,4044.91,S100_OB_SHORT,PLACED,,44a96bc9-72f1-4f7e-b083-9b4b84996c69
S100 M3 Combo Scalper,2026-07-24 01:12:18.013544+00:00,2026-07-24 01:12:18.013563+00:00,SELL,4041.49,4044.38,4034.28,S100_RSI3_MOMO_SHORT,REJECTED,entry_drift: drift +0.66pt vs budget 0.50pt (ltp 4040.83),
S100 M3 Combo Scalper,2026-07-24 04:06:02.487334+00:00,2026-07-24 04:06:02.487360+00:00,SELL,4030.41,4031.25,4028.29,S100_OB_SHORT,REJECTED,sl_too_tight: 0.84pt < 1.5pt,
S100 M3 Combo Scalper,2026-07-24 04:14:17.827563+00:00,2026-07-24 04:14:17.827585+00:00,SELL,4029.15,4029.66,4027.65,S100_OB_SHORT,REJECTED,sl_too_tight: 0.51pt < 1.5pt,
S100 M3 Combo Scalper,2026-07-24 04:58:20.765081+00:00,2026-07-24 04:58:20.765099+00:00,SELL,4027.89,4029.0,4025.12,S100_FVG_SHORT,REJECTED,sl_too_tight: 1.11pt < 1.5pt,
S100 M3 Combo Scalper,2026-07-24 05:24:07.960078+00:00,2026-07-24 05:24:07.960106+00:00,SELL,4028.16,4030.97,4021.11,S100_OB_SHORT,PLACED,,00e9210f-a843-4f5b-946e-9e4514ed3ab0
S100 M3 Combo Scalper,2026-07-24 06:03:18.192503+00:00,2026-07-24 06:03:18.192523+00:00,SELL,4025.72,4028.18,4019.59,S100_FVG_SHORT,REJECTED,entry_drift: drift +1.57pt vs budget 0.50pt (ltp 4024.15),
S100 M3 Combo Scalper,2026-07-24 07:16:13.382409+00:00,2026-07-24 07:16:13.382430+00:00,BUY,4044.82,4042.91,4049.59,S100_FVG_LONG,PLACED,,2cd1fb5a-c481-427f-84be-4e0c006906e8
S99 MSS FVG Reversal,2026-07-24 07:16:14.622777+00:00,2026-07-24 07:16:14.622797+00:00,BUY,4044.815,4039.64,4052.58,S99_MSS_FVG_LONG,PLACED,,75bb0b9e-dc82-4f89-b957-ec22c7554282
S100 M3 Combo Scalper,2026-07-24 07:36:14.337355+00:00,2026-07-24 07:36:14.337373+00:00,BUY,4051.3,4047.78,4060.12,S100_RSI3_MOMO_LONG,PLACED,,065efac7-86fb-40b6-8889-1d6ece99c22c
S100 M3 Combo Scalper,2026-07-24 08:35:20.618762+00:00,2026-07-24 08:35:20.618780+00:00,BUY,4050.43,4048.6,4055.03,S100_FVG_LONG,PLACED,,9df76164-c1e0-4987-b6a4-a62a41e60be9
S99 MSS FVG Reversal,2026-07-24 08:36:21.093925+00:00,2026-07-24 08:36:21.093943+00:00,BUY,4050.115,4047.67,4053.78,S99_MSS_FVG_LONG,REJECTED,duplicate_entry,
S100 M3 Combo Scalper,2026-07-24 08:47:12.717705+00:00,2026-07-24 08:47:12.717722+00:00,BUY,4053.5,4052.3,4056.5,S100_FVG_LONG,REJECTED,sl_too_tight: 1.20pt < 1.5pt,
S99 MSS FVG Reversal,2026-07-24 09:05:14.580355+00:00,2026-07-24 09:05:14.580373+00:00,BUY,4056.12,4054.37,4058.74,S99_MSS_FVG_LONG,REJECTED,no_add_to_loser,
S99 MSS FVG Reversal,2026-07-24 10:36:21.284384+00:00,2026-07-24 10:36:21.284402+00:00,BUY,4061.59,4060.85,4062.7,S99_MSS_FVG_LONG,REJECTED,sl_too_tight: 0.74pt < 1.5pt,
S99 MSS FVG Reversal,2026-07-24 11:59:16.066487+00:00,2026-07-24 11:59:16.066505+00:00,SELL,4058.09,4058.7,4057.18,S99_MSS_FVG_SHORT,REJECTED,sl_too_tight: 0.61pt < 1.5pt,
S100 M3 Combo Scalper,2026-07-24 13:01:06.830968+00:00,2026-07-24 13:01:06.830994+00:00,BUY,4055.25,4051.52,4064.57,S100_OB_LONG,PLACED,,ac9a1881-b6eb-4151-8d8e-ad94e00b7ec0
S99 MSS FVG Reversal,2026-07-24 13:32:16.344286+00:00,2026-07-24 13:32:16.344316+00:00,SELL,4049.87,4052.48,4045.96,S99_MSS_FVG_SHORT,REJECTED,duplicate_entry,
S100 M3 Combo Scalper,2026-07-24 14:05:08.154033+00:00,2026-07-24 14:05:08.154082+00:00,BUY,4064.0,4060.15,4073.61,S100_FVG_LONG,PLACED,,d377f9d8-e878-40dc-b7fc-cf6f1b0c29ae
S99 MSS FVG Reversal,2026-07-24 14:07:10.419304+00:00,2026-07-24 14:07:10.419321+00:00,BUY,4062.74,4059.87,4067.04,S99_MSS_FVG_LONG,REJECTED,metaapi_rejection,
S100 M3 Combo Scalper,2026-07-24 14:38:18.914922+00:00,2026-07-24 14:38:18.914940+00:00,BUY,4062.66,4057.97,4074.4,S100_FVG_LONG,REJECTED,no_add_to_loser,
S100 M3 Combo Scalper,2026-07-24 15:42:07.561481+00:00,2026-07-24 15:42:07.561508+00:00,BUY,4075.26,4073.09,4080.7,S100_OB_LONG,REJECTED,entry_drift: drift +1.24pt vs budget 0.50pt (ltp 4076.50),
S99 MSS FVG Reversal,2026-07-24 15:44:04.428473+00:00,2026-07-24 15:44:04.428491+00:00,BUY,4071.96,4063.58,4084.53,S99_MSS_FVG_LONG,REJECTED,entry_drift: drift +1.53pt vs budget 0.50pt (ltp 4073.49),
S100 M3 Combo Scalper,2026-07-27 01:52:06.984918+00:00,2026-07-27 01:52:06.984944+00:00,BUY,4103.15,4102.08,4105.84,S100_OB_LONG,REJECTED,sl_too_tight: 1.07pt < 1.5pt,
S100 M3 Combo Scalper,2026-07-27 02:04:08.908981+00:00,2026-07-27 02:04:08.909006+00:00,BUY,4105.79,4102.81,4113.24,S100_OB_LONG,REJECTED,entry_drift: drift +0.76pt vs budget 0.50pt (ltp 4106.55),
S100 M3 Combo Scalper,2026-07-27 04:07:21.352405+00:00,2026-07-27 04:07:21.352425+00:00,BUY,4090.66,4089.47,4093.63,S100_OB_LONG,REJECTED,sl_too_tight: 1.19pt < 1.5pt,
S100 M3 Combo Scalper,2026-07-27 04:47:04.425872+00:00,2026-07-27 04:47:04.425891+00:00,BUY,4090.26,4088.8,4093.88,S100_FVG_LONG,REJECTED,sl_too_tight: 1.46pt < 1.5pt,
S100 M3 Combo Scalper,2026-07-27 06:06:06.301631+00:00,2026-07-27 06:06:06.301650+00:00,BUY,4092.16,4088.95,4100.17,S100_FVG_LONG,REJECTED,entry_drift: drift +2.39pt vs budget 0.50pt (ltp 4094.55),
S100 M3 Combo Scalper,2026-07-27 06:14:20.036381+00:00,2026-07-27 06:14:20.036399+00:00,BUY,4093.52,4092.92,4095.02,S100_OB_LONG,REJECTED,sl_too_tight: 0.60pt < 1.5pt,
S100 M3 Combo Scalper,2026-07-27 06:29:03.916025+00:00,2026-07-27 06:29:03.916122+00:00,BUY,4094.8,4091.88,4102.13,S100_OB_LONG,PLACED,,02d52f90-572a-4a03-be79-fb6822191bf2
S100 M3 Combo Scalper,2026-07-27 06:51:19.572665+00:00,2026-07-27 06:51:19.572683+00:00,BUY,4096.24,4094.42,4100.8,S100_OB_LONG,REJECTED,open_position_cap,
S100 M3 Combo Scalper,2026-07-27 07:16:02.329476+00:00,2026-07-27 07:16:02.329495+00:00,BUY,4100.01,4097.32,4106.72,S100_OB_LONG,REJECTED,open_position_cap,
S99 MSS FVG Reversal,2026-07-27 07:28:01.886949+00:00,2026-07-27 07:28:01.886978+00:00,BUY,4103.2,4101.49,4105.76,S99_MSS_FVG_LONG,PLACED,,b31cc16f-2702-49d9-ad4e-433c136ceb94
S100 M3 Combo Scalper,2026-07-27 07:31:05.023026+00:00,2026-07-27 07:31:05.023220+00:00,BUY,4102.11,4101.36,4104.01,S100_OB_LONG,REJECTED,no_add_to_loser,
S100 M3 Combo Scalper,2026-07-27 08:52:19.981561+00:00,2026-07-27 08:52:19.981580+00:00,BUY,4092.27,4091.03,4095.37,S100_OB_LONG,REJECTED,sl_too_tight: 1.24pt < 1.5pt,
S99 MSS FVG Reversal,2026-07-27 09:11:12.445349+00:00,2026-07-27 09:11:12.445369+00:00,BUY,4094.105,4092.96,4095.82,S99_MSS_FVG_LONG,REJECTED,sl_too_tight: 1.14pt < 1.5pt,
S99 MSS FVG Reversal,2026-07-27 10:00:12.882710+00:00,2026-07-27 10:00:12.882727+00:00,BUY,4096.245,4094.32,4099.13,S99_MSS_FVG_LONG,PLACED,,867b5ed8-4faa-4b9a-8da9-07823ac737b6
S99 MSS FVG Reversal,2026-07-27 12:26:07.146615+00:00,2026-07-27 12:26:07.146634+00:00,SELL,4085.35,4087.26,4082.48,S99_MSS_FVG_SHORT,REJECTED,news_blackout,
S100 M3 Combo Scalper,2026-07-27 13:36:04.475460+00:00,2026-07-27 13:36:04.475479+00:00,SELL,4082.17,4084.43,4076.53,S100_FVG_SHORT,REJECTED,entry_drift: drift +0.93pt vs budget 0.50pt (ltp 4081.24),
S100 M3 Combo Scalper,2026-07-27 14:34:02.142578+00:00,2026-07-27 14:34:02.142599+00:00,SELL,4069.78,4072.6,4062.73,S100_FVG_SHORT,REJECTED,entry_drift: drift +2.95pt vs budget 0.50pt (ltp 4066.84),
S99 MSS FVG Reversal,2026-07-27 14:36:09.193272+00:00,2026-07-27 14:36:09.193298+00:00,SELL,4070.03,4073.78,4064.4,S99_MSS_FVG_SHORT,REJECTED,duplicate_entry,
S100 M3 Combo Scalper,2026-07-27 15:43:18.813279+00:00,2026-07-27 15:43:18.813302+00:00,SELL,4075.8,4077.31,4072.05,S100_OB_SHORT,REJECTED,soft_daily_brake: daily P&L -141.00 USD <= -120 soft brake,
S100 M3 Combo Scalper,2026-07-28 01:04:08.658176+00:00,2026-07-28 01:04:08.658195+00:00,SELL,4058.99,4060.46,4055.29,S100_OB_SHORT,REJECTED,sl_too_tight: 1.47pt < 1.5pt,
S100 M3 Combo Scalper,2026-07-28 01:51:11.953776+00:00,2026-07-28 01:51:11.953793+00:00,SELL,4046.48,4049.77,4038.26,S100_RSI3_MOMO_SHORT,REJECTED,entry_drift: drift +0.70pt vs budget 0.50pt (ltp 4045.78),
S100 M3 Combo Scalper,2026-07-28 02:21:20.733242+00:00,2026-07-28 02:21:20.733258+00:00,SELL,4048.45,4049.73,4045.25,S100_OB_SHORT,REJECTED,sl_too_tight: 1.28pt < 1.5pt,
S100 M3 Combo Scalper,2026-07-28 02:32:19.082394+00:00,2026-07-28 02:32:19.082412+00:00,SELL,4048.02,4049.3,4044.81,S100_OB_SHORT,REJECTED,sl_too_tight: 1.28pt < 1.5pt,
S100 M3 Combo Scalper,2026-07-28 03:05:12.431537+00:00,2026-07-28 03:05:12.431559+00:00,SELL,4043.94,4045.22,4040.73,S100_OB_SHORT,REJECTED,sl_too_tight: 1.28pt < 1.5pt,
S100 M3 Combo Scalper,2026-07-28 04:36:16.751834+00:00,2026-07-28 04:36:16.751855+00:00,SELL,4047.05,4048.15,4044.33,S100_OB_SHORT,REJECTED,sl_too_tight: 1.10pt < 1.5pt,
S100 M3 Combo Scalper,2026-07-28 04:55:06.236893+00:00,2026-07-28 04:55:06.236913+00:00,SELL,4044.55,4046.81,4038.91,S100_FVG_SHORT,REJECTED,entry_drift: drift +0.65pt vs budget 0.50pt (ltp 4043.90),
S100 M3 Combo Scalper,2026-07-28 05:43:02.750003+00:00,2026-07-28 05:43:02.750022+00:00,SELL,4039.84,4041.85,4034.81,S100_FVG_SHORT,PLACED,,25f00dcc-7ab0-4e24-976a-6b83aa9933c7
S100 M3 Combo Scalper,2026-07-28 06:49:06.477978+00:00,2026-07-28 06:49:06.477997+00:00,SELL,4049.18,4051.54,4043.3,S100_OB_SHORT,PLACED,,0caedbf2-e567-46ff-88e5-61d2c52b62e5
S100 M3 Combo Scalper,2026-07-28 08:24:19.017133+00:00,2026-07-28 08:24:19.017152+00:00,SELL,4050.64,4051.29,4049.01,S100_OB_SHORT,REJECTED,sl_too_tight: 0.65pt < 1.5pt,
S100 M3 Combo Scalper,2026-07-28 08:38:20.288490+00:00,2026-07-28 08:38:20.288509+00:00,SELL,4046.27,4049.31,4038.66,S100_FVG_SHORT,REJECTED,entry_drift: drift +0.59pt vs budget 0.50pt (ltp 4045.68),
S100 M3 Combo Scalper,2026-07-28 08:45:11.487317+00:00,2026-07-28 08:45:11.487336+00:00,SELL,4043.1,4046.38,4034.9,S100_RSI3_MOMO_SHORT,PLACED,,02361ac9-7704-4be5-a388-fd0d77cccd8c
S100 M3 Combo Scalper,2026-07-28 08:50:20.440102+00:00,2026-07-28 08:50:20.440121+00:00,SELL,4045.72,4047.1,4042.27,S100_OB_SHORT,REJECTED,open_position_cap,
S99 MSS FVG Reversal,2026-07-28 09:48:16.347139+00:00,2026-07-28 09:48:16.347161+00:00,SELL,4034.345,4036.79,4030.68,S99_MSS_FVG_SHORT,REJECTED,entry_drift: drift +3.38pt vs budget 0.50pt (ltp 4030.96),
S99 MSS FVG Reversal,2026-07-28 10:08:08.520026+00:00,2026-07-28 10:08:08.520067+00:00,SELL,4025.38,4029.21,4019.64,S99_MSS_FVG_SHORT,PLACED,,0b2b389a-a6a8-43af-93e9-f23b82e696b7
S100 M3 Combo Scalper,2026-07-28 13:21:16.473074+00:00,2026-07-28 13:21:16.473092+00:00,SELL,4031.67,4034.23,4025.28,S100_OB_SHORT,PLACED,,fd944713-9887-42bb-a719-5aede34ae038
S100 M3 Combo Scalper,2026-07-28 13:43:14.728603+00:00,2026-07-28 13:43:14.728621+00:00,SELL,4023.76,4029.08,4010.46,S100_FVG_SHORT,REJECTED,entry_drift: drift +2.04pt vs budget 0.50pt (ltp 4021.72),
S99 MSS FVG Reversal,2026-07-28 13:46:04.185570+00:00,2026-07-28 13:46:04.185590+00:00,SELL,4025.615,4028.31,4021.57,S99_MSS_FVG_SHORT,REJECTED,entry_drift: drift +2.07pt vs budget 0.50pt (ltp 4023.55),
S100 M3 Combo Scalper,2026-07-28 14:25:10.482591+00:00,2026-07-28 14:25:10.482617+00:00,SELL,4019.15,4023.61,4007.99,S100_FVG_SHORT,REJECTED,entry_drift: drift +1.88pt vs budget 0.50pt (ltp 4017.27),
S99 MSS FVG Reversal,2026-07-28 14:30:18.301380+00:00,2026-07-28 14:30:18.301408+00:00,SELL,4021.005,4026.5,4012.76,S99_MSS_FVG_SHORT,REJECTED,no_add_to_loser,
S100 M3 Combo Scalper,2026-07-28 15:07:07.825301+00:00,2026-07-28 15:07:07.825324+00:00,SELL,4024.43,4026.77,4018.59,S100_OB_SHORT,REJECTED,entry_drift: drift +1.92pt vs budget 0.50pt (ltp 4022.51),
S100 M3 Combo Scalper,2026-07-29 01:11:12.879863+00:00,2026-07-29 01:11:12.879882+00:00,SELL,4016.46,4021.25,4004.48,S100_FVG_SHORT,REJECTED,entry_drift: drift +0.84pt vs budget 0.50pt (ltp 4015.62),
S100 M3 Combo Scalper,2026-07-29 02:02:15.512459+00:00,2026-07-29 02:02:15.512476+00:00,SELL,4027.11,4029.08,4022.21,S100_OB_SHORT,PLACED,,0af31a6a-213c-4ba6-b1f0-5f36b7503d8d
S100 M3 Combo Scalper,2026-07-29 02:28:10.060295+00:00,2026-07-29 02:28:10.060314+00:00,BUY,4031.97,4027.35,4043.54,S100_FVG_LONG,PLACED,,50059d9e-1923-4fd2-922c-fabd4ac4a4dc
S100 M3 Combo Scalper,2026-07-29 02:46:06.295605+00:00,2026-07-29 02:46:06.295621+00:00,BUY,4033.78,4032.06,4038.09,S100_FVG_LONG,REJECTED,open_position_cap,
S100 M3 Combo Scalper,2026-07-29 04:34:22.016891+00:00,2026-07-29 04:34:22.016911+00:00,SELL,4026.21,4027.22,4023.67,S100_OB_SHORT,REJECTED,sl_too_tight: 1.01pt < 1.5pt,
S100 M3 Combo Scalper,2026-07-29 05:28:16.378583+00:00,2026-07-29 05:28:16.378608+00:00,BUY,4030.09,4028.28,4034.61,S100_FVG_LONG,PLACED,,0a0ae82c-4463-4ea7-88de-a2dc78e2107a
S100 M3 Combo Scalper,2026-07-29 05:49:16.746942+00:00,2026-07-29 05:49:16.746969+00:00,BUY,4034.98,4033.1,4039.69,S100_FVG_LONG,PLACED,,498e4077-0897-478c-ab34-4849e1ed7fc3
S100 M3 Combo Scalper,2026-07-29 06:21:15.183846+00:00,2026-07-29 06:21:15.183869+00:00,BUY,4037.38,4034.71,4044.04,S100_OB_LONG,PLACED,,fa90b063-05db-43fc-b693-809f199216a1
S100 M3 Combo Scalper,2026-07-29 06:33:16.200737+00:00,2026-07-29 06:33:16.200756+00:00,BUY,4042.74,4039.97,4049.66,S100_RSI3_MOMO_LONG,REJECTED,open_position_cap,
S99 MSS FVG Reversal,2026-07-29 06:43:01.885603+00:00,2026-07-29 06:43:01.885630+00:00,BUY,4042.165,4041.05,4043.84,S99_MSS_FVG_LONG,REJECTED,sl_too_tight: 1.11pt < 1.5pt,
S100 M3 Combo Scalper,2026-07-29 06:50:05.795971+00:00,2026-07-29 06:50:05.795990+00:00,BUY,4040.59,4039.12,4044.28,S100_FVG_LONG,REJECTED,sl_too_tight: 1.47pt < 1.5pt,
S99 MSS FVG Reversal,2026-07-29 07:17:18.054125+00:00,2026-07-29 07:17:18.054153+00:00,BUY,4044.665,4043.88,4045.84,S99_MSS_FVG_LONG,REJECTED,sl_too_tight: 0.78pt < 1.5pt,
S100 M3 Combo Scalper,2026-07-29 07:24:10.712889+00:00,2026-07-29 07:24:10.712907+00:00,BUY,4046.47,4044.55,4051.25,S100_RSI3_MOMO_LONG,PLACED,,731942f3-7e06-43e8-b89b-b7e172e4308e
S99 MSS FVG Reversal,2026-07-29 08:39:20.964290+00:00,2026-07-29 08:39:20.964307+00:00,SELL,4038.225,4039.62,4036.13,S99_MSS_FVG_SHORT,REJECTED,sl_too_tight: 1.39pt < 1.5pt,
S100 M3 Combo Scalper,2026-07-29 08:40:11.088728+00:00,2026-07-29 08:40:11.088746+00:00,BUY,4037.53,4036.4,4040.35,S100_OB_LONG,REJECTED,sl_too_tight: 1.13pt < 1.5pt,
S99 MSS FVG Reversal,2026-07-29 09:43:19.754544+00:00,2026-07-29 09:43:19.754563+00:00,SELL,4034.95,4036.5,4032.62,S99_MSS_FVG_SHORT,REJECTED,no_add_to_loser,
S99 MSS FVG Reversal,2026-07-29 10:51:12.300023+00:00,2026-07-29 10:51:12.300068+00:00,SELL,4027.96,4029.37,4025.84,S99_MSS_FVG_SHORT,REJECTED,sl_too_tight: 1.41pt < 1.5pt,
S99 MSS FVG Reversal,2026-07-29 12:35:12.076770+00:00,2026-07-29 12:35:12.076791+00:00,SELL,4017.475,4019.72,4014.11,S99_MSS_FVG_SHORT,REJECTED,news_blackout,
S100 M3 Combo Scalper,2026-07-29 13:12:05.256270+00:00,2026-07-29 13:12:05.256288+00:00,SELL,4018.6,4022.68,4008.4,S100_FVG_SHORT,REJECTED,entry_drift: drift +1.89pt vs budget 0.50pt (ltp 4016.70),
S100 M3 Combo Scalper,2026-07-29 13:15:11.411797+00:00,2026-07-29 13:15:11.411817+00:00,SELL,4015.78,4019.37,4006.81,S100_RSI3_MOMO_SHORT,REJECTED,entry_drift: drift +1.58pt vs budget 0.50pt (ltp 4014.20),
S100 M3 Combo Scalper,2026-07-29 13:35:11.330335+00:00,2026-07-29 13:35:11.330353+00:00,SELL,4016.09,4020.71,4004.54,S100_FVG_SHORT,REJECTED,entry_drift: drift +0.62pt vs budget 0.50pt (ltp 4015.47),
S100 M3 Combo Scalper,2026-07-29 13:54:08.764458+00:00,2026-07-29 13:54:08.764476+00:00,SELL,4009.95,4014.46,3998.67,S100_RSI3_MOMO_SHORT,REJECTED,entry_drift: drift +0.70pt vs budget 0.50pt (ltp 4009.24),
S100 M3 Combo Scalper,2026-07-29 14:17:16.845844+00:00,2026-07-29 14:17:16.845861+00:00,SELL,4003.17,4005.93,3996.26,S100_OB_SHORT,PLACED,,505ec275-53fb-4d58-a410-53e0505d845f
S99 MSS FVG Reversal,2026-07-29 14:23:05.958836+00:00,2026-07-29 14:23:05.958854+00:00,SELL,4009.245,4012.25,4004.74,S99_MSS_FVG_SHORT,PLACED,,6ff5ac1d-f40a-43ab-9eb8-09827c7f6d23
S100 M3 Combo Scalper,2026-07-29 14:55:08.833467+00:00,2026-07-29 14:55:08.833539+00:00,SELL,4005.67,4006.67,4003.16,S100_OB_SHORT,REJECTED,sl_too_tight: 1.00pt < 1.5pt,
S100 M3 Combo Scalper,2026-07-30 01:10:09.877180+00:00,2026-07-30 01:10:09.877198+00:00,BUY,4087.96,4083.1,4100.11,S100_FVG_LONG,PLACED,,f059e999-d928-4014-a36f-5c2b7e4de152
S100 M3 Combo Scalper,2026-07-30 01:42:08.558795+00:00,2026-07-30 01:42:08.558814+00:00,BUY,4089.29,4083.08,4104.82,S100_RSI3_MOMO_LONG,PLACED,,9249029c-18d7-46b7-87f3-eb6c83c8e8dc
S100 M3 Combo Scalper,2026-07-30 04:45:02.516977+00:00,2026-07-30 04:45:02.516996+00:00,SELL,4050.44,4052.14,4046.19,S100_FVG_SHORT,REJECTED,entry_drift: drift +1.55pt vs budget 0.42pt (ltp 4048.89),
S100 M3 Combo Scalper,2026-07-30 05:29:10.503343+00:00,2026-07-30 05:29:10.503362+00:00,SELL,4046.42,4048.54,4041.12,S100_OB_SHORT,REJECTED,metaapi_rejection,
S100 M3 Combo Scalper,2026-07-30 05:43:19.939707+00:00,2026-07-30 05:43:19.939724+00:00,SELL,4036.65,4043.54,4019.43,S100_FVG_SHORT,REJECTED,entry_drift: drift +0.72pt vs budget 0.50pt (ltp 4035.93),
S99 MSS FVG Reversal,2026-07-30 07:21:04.462330+00:00,2026-07-30 07:21:04.462356+00:00,BUY,4046.66,4044.69,4049.62,S99_MSS_FVG_LONG,PLACED,,95ef01a8-917c-4f31-95d5-94092690142c
S100 M3 Combo Scalper,2026-07-30 08:05:19.039980+00:00,2026-07-30 08:05:19.040009+00:00,SELL,4042.41,4046.36,4032.55,S100_OB_SHORT,PLACED,,e830b9b7-a4aa-427c-a7e5-be22e833bf43
S99 MSS FVG Reversal,2026-07-30 08:54:14.951391+00:00,2026-07-30 08:54:14.951410+00:00,BUY,4060.015,4055.86,4066.25,S99_MSS_FVG_LONG,REJECTED,soft_daily_brake: daily P&L -124.00 USD <= -120 soft brake,
S100 M3 Combo Scalper,2026-07-30 13:11:14.966416+00:00,2026-07-30 13:11:14.966432+00:00,BUY,4071.46,4067.47,4081.43,S100_OB_LONG,REJECTED,soft_daily_brake: daily P&L -124.00 USD <= -120 soft brake,
S100 M3 Combo Scalper,2026-07-30 14:05:15.901697+00:00,2026-07-30 14:05:15.901716+00:00,BUY,4108.15,4102.71,4121.74,S100_FVG_LONG,REJECTED,soft_daily_brake: daily P&L -120.00 USD <= -120 soft brake,
S99 MSS FVG Reversal,2026-07-30 14:06:03.583857+00:00,2026-07-30 14:06:03.583879+00:00,BUY,4106.465,4100.95,4114.74,S99_MSS_FVG_LONG,REJECTED,soft_daily_brake: daily P&L -120.00 USD <= -120 soft brake,
S100 M3 Combo Scalper,2026-07-30 14:56:09.961384+00:00,2026-07-30 14:56:09.961402+00:00,BUY,4097.66,4087.87,4122.16,S100_OB_LONG,REJECTED,soft_daily_brake: daily P&L -120.00 USD <= -120 soft brake,
S99 MSS FVG Reversal,2026-07-30 15:16:08.955118+00:00,2026-07-30 15:16:08.955136+00:00,SELL,4090.895,4098.1,4080.09,S99_MSS_FVG_SHORT,REJECTED,soft_daily_brake: daily P&L -120.00 USD <= -120 soft brake,
S100 M3 Combo Scalper,2026-07-30 15:24:12.236834+00:00,2026-07-30 15:24:12.236853+00:00,BUY,4093.2,4086.91,4108.92,S100_FVG_LONG,REJECTED,soft_daily_brake: daily P&L -120.00 USD <= -120 soft brake,
S100 M3 Combo Scalper,2026-07-30 15:39:04.759542+00:00,2026-07-30 15:39:04.759563+00:00,BUY,4099.09,4094.37,4110.87,S100_RSI3_MOMO_LONG,REJECTED,soft_daily_brake: daily P&L -120.00 USD <= -120 soft brake,
S100 M3 Combo Scalper,2026-07-31 01:19:02.946610+00:00,2026-07-31 01:19:02.946629+00:00,SELL,4091.45,4094.43,4084.01,S100_FVG_SHORT,REJECTED,entry_drift: drift +0.98pt vs budget 0.50pt (ltp 4090.47),
S100 M3 Combo Scalper,2026-07-31 01:54:11.907800+00:00,2026-07-31 01:54:11.907817+00:00,SELL,4085.65,4087.39,4081.3,S100_OB_SHORT,REJECTED,entry_drift: drift +1.46pt vs budget 0.43pt (ltp 4084.19),
S100 M3 Combo Scalper,2026-07-31 02:04:13.477817+00:00,2026-07-31 02:04:13.477836+00:00,SELL,4085.02,4087.76,4078.17,S100_OB_SHORT,PLACED,,7168c227-51c8-42cb-9368-65e769faf99f
S100 M3 Combo Scalper,2026-07-31 02:49:04.218282+00:00,2026-07-31 02:49:04.218301+00:00,SELL,4077.74,4080.33,4071.27,S100_FVG_SHORT,REJECTED,entry_drift: drift +0.80pt vs budget 0.50pt (ltp 4076.93),
S100 M3 Combo Scalper,2026-07-31 03:06:17.964735+00:00,2026-07-31 03:06:17.964759+00:00,SELL,4074.77,4077.31,4068.42,S100_RSI3_MOMO_SHORT,PLACED,,5c586b33-c4ff-49ec-bf90-7ab71275cdf7
S100 M3 Combo Scalper,2026-07-31 03:21:08.473533+00:00,2026-07-31 03:21:08.473551+00:00,SELL,4073.31,4075.84,4066.98,S100_RSI3_MOMO_SHORT,REJECTED,open_position_cap,
S100 M3 Combo Scalper,2026-07-31 04:55:17.622301+00:00,2026-07-31 04:55:17.622318+00:00,SELL,4077.41,4078.58,4074.49,S100_FVG_SHORT,REJECTED,sl_too_tight: 1.17pt < 1.5pt,
S100 M3 Combo Scalper,2026-07-31 05:18:05.040245+00:00,2026-07-31 05:18:05.040263+00:00,SELL,4081.07,4083.05,4076.13,S100_OB_SHORT,PLACED,,0f57144b-7280-48c1-af02-f81ac0c4338e
S100 M3 Combo Scalper,2026-07-31 05:49:18.940601+00:00,2026-07-31 05:49:18.940628+00:00,SELL,4076.44,4077.78,4073.09,S100_FVG_SHORT,REJECTED,sl_too_tight: 1.34pt < 1.5pt,
S100 M3 Combo Scalper,2026-07-31 06:04:18.279828+00:00,2026-07-31 06:04:18.279857+00:00,SELL,4074.73,4076.2,4071.05,S100_OB_SHORT,REJECTED,sl_too_tight: 1.47pt < 1.5pt,
S100 M3 Combo Scalper,2026-07-31 06:28:05.573024+00:00,2026-07-31 06:28:05.573061+00:00,SELL,4084.34,4086.41,4079.14,S100_FVG_SHORT,REJECTED,metaapi_rejection,
S100 M3 Combo Scalper,2026-07-31 06:47:05.123522+00:00,2026-07-31 06:47:05.123541+00:00,SELL,4080.16,4082.72,4073.75,S100_FVG_SHORT,PLACED,,f6eb9a36-0d73-4ded-aa78-fa97d4b0dcaf
S100 M3 Combo Scalper,2026-07-31 07:27:05.200194+00:00,2026-07-31 07:27:05.200215+00:00,SELL,4074.86,4077.36,4068.61,S100_RSI3_MOMO_SHORT,REJECTED,open_position_cap,
S100 M3 Combo Scalper,2026-07-31 07:41:04.575119+00:00,2026-07-31 07:41:04.575139+00:00,SELL,4073.05,4074.82,4068.62,S100_FVG_SHORT,PLACED,,70f0360f-845e-4710-928d-70f0c5c22c0c
S99 MSS FVG Reversal,2026-07-31 07:41:04.890781+00:00,2026-07-31 07:41:04.890803+00:00,SELL,4073.05,4075.32,4069.65,S99_MSS_FVG_SHORT,PLACED,,44bafd23-5ff9-43ff-9336-c8ccc5bec116
S100 M3 Combo Scalper,2026-07-31 08:15:06.121016+00:00,2026-07-31 08:15:06.121037+00:00,SELL,4062.26,4065.13,4055.07,S100_RSI3_MOMO_SHORT,PLACED,,da1eb652-2ba7-41e0-83b8-7a467a80972d
S99 MSS FVG Reversal,2026-07-31 08:20:02.762940+00:00,2026-07-31 08:20:02.762961+00:00,SELL,4065.49,4068.3,4061.27,S99_MSS_FVG_SHORT,PLACED,,88a94a6a-29d8-4e6d-aabf-2d6f0f5d37b2
S100 M3 Combo Scalper,2026-07-31 08:33:05.512610+00:00,2026-07-31 08:33:05.512629+00:00,SELL,4057.25,4060.35,4049.5,S100_RSI3_MOMO_SHORT,PLACED,,f9ae1c96-a158-4ae6-bdcc-bf4551d46b47
S100 M3 Combo Scalper,2026-07-31 08:38:04.964204+00:00,2026-07-31 08:38:04.964223+00:00,SELL,4059.8,4061.82,4054.73,S100_FVG_SHORT,REJECTED,open_position_cap,
S99 MSS FVG Reversal,2026-07-31 09:31:05.232520+00:00,2026-07-31 09:31:05.232539+00:00,SELL,4053.48,4055.47,4050.5,S99_MSS_FVG_SHORT,PLACED,,b2a11bcd-7100-4c3a-a6bf-4e81d1ca5f22
S99 MSS FVG Reversal,2026-07-31 10:31:03.049900+00:00,2026-07-31 10:31:03.049921+00:00,SELL,4055.04,4056.23,4053.26,S99_MSS_FVG_SHORT,REJECTED,sl_too_tight: 1.19pt < 1.5pt,
S100 M3 Combo Scalper,2026-07-31 13:03:05.277133+00:00,2026-07-31 13:03:05.277154+00:00,SELL,4042.02,4047.14,4029.22,S100_OB_SHORT,PLACED,,fb6b8431-dc34-45c6-87c7-bcb67f4d5a38
S100 M3 Combo Scalper,2026-07-31 13:39:03.909398+00:00,2026-07-31 13:39:03.909420+00:00,SELL,4032.34,4037.34,4019.82,S100_RSI3_MOMO_SHORT,REJECTED,open_position_cap,
S99 MSS FVG Reversal,2026-07-31 13:57:06.111431+00:00,2026-07-31 13:57:06.111452+00:00,SELL,4030.44,4036.45,4021.43,S99_MSS_FVG_SHORT,PLACED,,6dc5c34c-c35f-4d9c-ae25-b13268b58a3b
S100 M3 Combo Scalper,2026-07-31 14:10:04.302831+00:00,2026-07-31 14:10:04.302857+00:00,SELL,4025.51,4033.04,4006.69,S100_OB_SHORT,PLACED,,85f59c5d-0b34-4025-839f-05efffb93ba2
S100 M3 Combo Scalper,2026-07-31 15:08:05.886380+00:00,2026-07-31 15:08:05.886401+00:00,SELL,4046.52,4050.1,4037.58,S100_OB_SHORT,REJECTED,metaapi_rejection,
S100 M3 Combo Scalper,2026-07-31 15:14:02.932952+00:00,2026-07-31 15:14:02.932970+00:00,SELL,4044.97,4047.96,4037.5,S100_OB_SHORT,PLACED,,137ae76c-d18a-4996-aa4f-c6913487e4a5
S100 M3 Combo Scalper,2026-07-31 15:33:05.097586+00:00,2026-07-31 15:33:05.097605+00:00,SELL,4039.39,4043.91,4028.11,S100_RSI3_MOMO_SHORT,REJECTED,entry_drift: drift +0.65pt vs budget 0.50pt (ltp 4038.74),
S100 M3 Combo Scalper,2026-08-03 01:39:05.963106+00:00,2026-08-03 01:39:05.963128+00:00,BUY,4052.88,4050.46,4058.9,S100_OB_LONG,PLACED,,dc2a577f-f1fc-4b64-8354-a8e24f3ed455
S100 M3 Combo Scalper,2026-08-03 01:54:04.071880+00:00,2026-08-03 01:54:04.071901+00:00,BUY,4053.2,4050.98,4058.76,S100_FVG_LONG,PLACED,,12365e01-c57b-4465-bd41-6832f0c9b93d
S100 M3 Combo Scalper,2026-08-03 02:08:04.035765+00:00,2026-08-03 02:08:04.035783+00:00,BUY,4058.75,4056.73,4063.8,S100_FVG_LONG,PLACED,,b3c8de46-d9cc-4e7c-808f-02b1082708f9
S100 M3 Combo Scalper,2026-08-03 03:08:02.491535+00:00,2026-08-03 03:08:02.491570+00:00,BUY,4062.79,4061.88,4065.06,S100_OB_LONG,REJECTED,sl_too_tight: 0.91pt < 1.5pt,
S100 M3 Combo Scalper,2026-08-03 04:00:04.453908+00:00,2026-08-03 04:00:04.453928+00:00,BUY,4065.11,4062.53,4071.58,S100_RSI3_MOMO_LONG,PLACED,,83bb359a-3bba-4ffb-8cc4-8db71fa287aa
S100 M3 Combo Scalper,2026-08-03 04:29:05.693371+00:00,2026-08-03 04:29:05.693389+00:00,BUY,4067.91,4066.28,4071.96,S100_FVG_LONG,REJECTED,open_position_cap,
S100 M3 Combo Scalper,2026-08-03 04:37:03.532557+00:00,2026-08-03 04:37:03.532577+00:00,BUY,4070.25,4068.31,4075.09,S100_FVG_LONG,REJECTED,open_position_cap,
S100 M3 Combo Scalper,2026-08-03 05:31:05.221313+00:00,2026-08-03 05:31:05.221334+00:00,BUY,4060.1,4057.72,4066.06,S100_FVG_LONG,PLACED,,9c75b4c9-a94d-429f-831b-edc44eab0999
S100 M3 Combo Scalper,2026-08-03 05:50:04.483832+00:00,2026-08-03 05:50:04.483852+00:00,BUY,4059.59,4056.13,4068.23,S100_OB_LONG,PLACED,,58ae8703-ec71-4f95-b061-ac9c320097bc
S100 M3 Combo Scalper,2026-08-03 06:05:05.853982+00:00,2026-08-03 06:05:05.854003+00:00,BUY,4068.11,4065.49,4074.64,S100_FVG_LONG,PLACED,,d91a221c-4675-44a6-89c8-01563bb8e8d4
S99 MSS FVG Reversal,2026-08-03 06:09:01.370393+00:00,2026-08-03 06:09:01.370622+00:00,BUY,4067.56,4064.57,4072.04,S99_MSS_FVG_LONG,REJECTED,no_add_to_loser,
S100 M3 Combo Scalper,2026-08-03 08:33:06.133776+00:00,2026-08-03 08:33:06.133797+00:00,SELL,4058.32,4059.51,4055.36,S100_OB_SHORT,REJECTED,sl_too_tight: 1.19pt < 1.5pt,
S99 MSS FVG Reversal,2026-08-03 09:50:03.446630+00:00,2026-08-03 09:50:03.446658+00:00,SELL,4056.245,4058.94,4052.2,S99_MSS_FVG_SHORT,PLACED,,3f56083c-7274-4e20-b6ef-ee7d7d181f15
S99 MSS FVG Reversal,2026-08-03 11:04:02.357007+00:00,2026-08-03 11:04:02.357039+00:00,SELL,4050.79,4051.56,4049.64,S99_MSS_FVG_SHORT,REJECTED,sl_too_tight: 0.77pt < 1.5pt,
S100 M3 Combo Scalper,2026-08-03 13:18:03.271528+00:00,2026-08-03 13:18:03.271548+00:00,SELL,4037.99,4042.23,4027.37,S100_RSI3_MOMO_SHORT,PLACED,,aafc87b7-7464-477b-ad83-d5c085abf543
S99 MSS FVG Reversal,2026-08-03 14:36:02.283693+00:00,2026-08-03 14:36:02.283713+00:00,SELL,4037.61,4039.99,4034.04,S99_MSS_FVG_SHORT,REJECTED,entry_drift: drift +2.71pt vs budget 0.50pt (ltp 4034.90),
S100 M3 Combo Scalper,2026-08-03 15:09:04.357597+00:00,2026-08-03 15:09:04.357617+00:00,SELL,4036.32,4038.71,4030.36,S100_OB_SHORT,PLACED,,daddc54c-9027-492c-a8f9-8ed796994e51
S100 M3 Combo Scalper,2026-08-03 15:37:03.716522+00:00,2026-08-03 15:37:03.716542+00:00,SELL,4036.13,4038.63,4029.87,S100_OB_SHORT,REJECTED,open_position_cap,
S100 M3 Combo Scalper,2026-08-04 01:36:05.043914+00:00,2026-08-04 01:36:05.043935+00:00,BUY,4051.84,4048.61,4059.91,S100_RSI3_MOMO_LONG,PLACED,,78ccfddf-7f09-4a4f-b7b6-7767069dd32a
S100 M3 Combo Scalper,2026-08-04 01:57:03.437239+00:00,2026-08-04 01:57:03.437335+00:00,BUY,4058.99,4056.42,4065.43,S100_OB_LONG,PLACED,,c23c0d74-e2ad-48e5-8327-a188a4af7257
S100 M3 Combo Scalper,2026-08-04 02:43:02.839506+00:00,2026-08-04 02:43:02.839526+00:00,BUY,4062.03,4059.97,4067.19,S100_FVG_LONG,PLACED,,e9d7017c-8793-4795-8ffb-96faa5992590
S100 M3 Combo Scalper,2026-08-04 03:24:01.175272+00:00,2026-08-04 03:24:01.175295+00:00,BUY,4059.39,4057.75,4063.49,S100_OB_LONG,PLACED,,6adbcd6d-f362-4804-974e-c0131d87e3bd
S100 M3 Combo Scalper,2026-08-04 03:58:22.421531+00:00,2026-08-04 03:58:22.421552+00:00,BUY,4054.49,4053.21,4057.7,S100_FVG_LONG,REJECTED,sl_too_tight: 1.28pt < 1.5pt,
S100 M3 Combo Scalper,2026-08-04 04:20:05.256240+00:00,2026-08-04 04:20:05.256259+00:00,BUY,4057.0,4054.57,4063.08,S100_FVG_LONG,PLACED,,8a0a9540-1381-4a2d-aebc-4cab675bca37
S100 M3 Combo Scalper,2026-08-04 04:52:04.993387+00:00,2026-08-04 04:52:04.993406+00:00,BUY,4064.39,4062.79,4068.4,S100_FVG_LONG,PLACED,,ada40058-919c-4120-b14d-3371bd838e60
S100 M3 Combo Scalper,2026-08-04 05:35:03.629413+00:00,2026-08-04 05:35:03.629434+00:00,BUY,4061.97,4060.96,4064.5,S100_OB_LONG,REJECTED,sl_too_tight: 1.01pt < 1.5pt,
S100 M3 Combo Scalper,2026-08-04 06:20:01.020854+00:00,2026-08-04 06:20:01.020874+00:00,BUY,4061.88,4060.36,4065.65,S100_FVG_LONG,REJECTED,entry_drift: drift +0.39pt vs budget 0.38pt (ltp 4062.28),
S99 MSS FVG Reversal,2026-08-04 06:42:04.894365+00:00,2026-08-04 06:42:04.894385+00:00,SELL,4057.705,4060.26,4053.87,S99_MSS_FVG_SHORT,PLACED,,20009743-685c-4017-98a1-ad7ce4f0622b
S100 M3 Combo Scalper,2026-08-04 06:55:04.676994+00:00,2026-08-04 06:55:04.677017+00:00,BUY,4060.08,4057.92,4065.47,S100_FVG_LONG,PLACED,,089b5544-eb2d-4f8f-826f-6dd3fb66cf5d
S100 M3 Combo Scalper,2026-08-04 07:14:01.434992+00:00,2026-08-04 07:14:01.435013+00:00,BUY,4062.18,4059.34,4069.27,S100_OB_LONG,PLACED,,063059c9-38ad-41fc-8836-05ab6fd8c2df
S99 MSS FVG Reversal,2026-08-04 08:11:04.579426+00:00,2026-08-04 08:11:04.579446+00:00,BUY,4068.76,4065.01,4074.39,S99_MSS_FVG_LONG,REJECTED,entry_drift: drift +0.54pt vs budget 0.50pt (ltp 4069.30),
S100 M3 Combo Scalper,2026-08-04 08:16:03.312372+00:00,2026-08-04 08:16:03.312392+00:00,BUY,4067.43,4065.22,4072.96,S100_FVG_LONG,PLACED,,3ae92951-005d-4350-b2cc-765ff903468b
S99 MSS FVG Reversal,2026-08-04 09:17:05.749244+00:00,2026-08-04 09:17:05.749262+00:00,SELL,4051.42,4053.65,4048.07,S99_MSS_FVG_SHORT,REJECTED,entry_drift: drift +0.78pt vs budget 0.50pt (ltp 4050.64),
S99 MSS FVG Reversal,2026-08-04 11:42:21.841707+00:00,2026-08-04 11:42:21.841726+00:00,BUY,4061.25,4060.26,4062.73,S99_MSS_FVG_LONG,REJECTED,sl_too_tight: 0.99pt < 1.5pt,
S99 MSS FVG Reversal,2026-08-04 11:56:04.009250+00:00,2026-08-04 11:56:04.009273+00:00,BUY,4074.31,4069.29,4081.84,S99_MSS_FVG_LONG,PLACED,,b6cf9b22-8e9f-47a0-a940-5e7209d6419a
S100 M3 Combo Scalper,2026-08-04 13:29:02.388304+00:00,2026-08-04 13:29:02.388326+00:00,BUY,4078.8,4072.96,4093.38,S100_FVG_LONG,PLACED,,ce4025d6-8a10-4989-864e-edbc3bb68b77
S100 M3 Combo Scalper,2026-08-04 15:48:03.386953+00:00,2026-08-04 15:48:03.386984+00:00,BUY,4082.99,4078.54,4094.12,S100_FVG_LONG,PLACED,,6889ebf9-b993-44e4-91c8-2bcaaf4f1a55
S100 M3 Combo Scalper,2026-08-05 01:15:03.545242+00:00,2026-08-05 01:15:03.545264+00:00,BUY,4085.89,4082.61,4094.11,S100_RSI3_MOMO_LONG,PLACED,,427247d5-b782-4b47-a17e-e0d95dc2efff
S100 M3 Combo Scalper,2026-08-05 02:03:04.113428+00:00,2026-08-05 02:03:04.113448+00:00,BUY,4099.36,4095.06,4110.1,S100_FVG_LONG,PLACED,,c73dd0bc-cc9a-42f0-ad61-9f2f820d614f
S100 M3 Combo Scalper,2026-08-05 03:02:03.855089+00:00,2026-08-05 03:02:03.855116+00:00,BUY,4128.91,4126.53,4134.87,S100_OB_LONG,PLACED,,bb64e421-7cbe-4a1d-9ca6-1804935008d3
S100 M3 Combo Scalper,2026-08-05 03:17:05.102132+00:00,2026-08-05 03:17:05.102151+00:00,BUY,4132.43,4129.07,4140.84,S100_FVG_LONG,PLACED,,b0f9a9cf-f130-4fef-a638-0ec08af92715
S100 M3 Combo Scalper,2026-08-05 04:31:04.159489+00:00,2026-08-05 04:31:04.159510+00:00,BUY,4137.83,4135.98,4142.46,S100_FVG_LONG,PLACED,,425f261e-7c3d-4785-aab2-22edc9c7e6e7
S100 M3 Combo Scalper,2026-08-05 05:28:01.697797+00:00,2026-08-05 05:28:01.697825+00:00,BUY,4138.83,4137.1,4143.15,S100_FVG_LONG,PLACED,,6fcbdfbd-977d-40f7-a78d-6d363329b3f8
S100 M3 Combo Scalper,2026-08-05 06:17:03.841333+00:00,2026-08-05 06:17:03.841355+00:00,BUY,4170.86,4165.72,4183.74,S100_FVG_LONG,PLACED,,31f4fe71-9bd1-483f-8a6f-bbcbaa5df571
S99 MSS FVG Reversal,2026-08-05 06:18:04.789944+00:00,2026-08-05 06:18:04.789965+00:00,BUY,4169.09,4165.07,4175.12,S99_MSS_FVG_LONG,REJECTED,no_add_to_loser,
S100 M3 Combo Scalper,2026-08-05 06:40:04.646379+00:00,2026-08-05 06:40:04.646399+00:00,BUY,4174.57,4169.94,4186.15,S100_FVG_LONG,REJECTED,entry_drift: drift +0.98pt vs budget 0.50pt (ltp 4175.55),
S99 MSS FVG Reversal,2026-08-05 06:45:01.399023+00:00,2026-08-05 06:45:01.399060+00:00,BUY,4173.35,4167.46,4182.19,S99_MSS_FVG_LONG,REJECTED,entry_drift: drift +2.56pt vs budget 0.50pt (ltp 4175.91),
S100 M3 Combo Scalper,2026-08-05 07:03:03.945774+00:00,2026-08-05 07:03:03.945796+00:00,BUY,4174.91,4172.55,4180.8,S100_OB_LONG,PLACED,,e668994c-8824-40a2-8f67-9f1a8771b4fd
S99 MSS FVG Reversal,2026-08-05 08:01:02.460097+00:00,2026-08-05 08:01:02.460117+00:00,SELL,4172.615,4176.55,4166.71,S99_MSS_FVG_SHORT,REJECTED,entry_drift: drift +1.35pt vs budget 0.50pt (ltp 4171.27),
S100 M3 Combo Scalper,2026-08-05 08:02:01.997772+00:00,2026-08-05 08:02:01.997793+00:00,BUY,4169.74,4167.31,4175.82,S100_FVG_LONG,PLACED,,bbac4516-c824-42a9-827e-88c844b48557
S100 M3 Combo Scalper,2026-08-05 08:46:05.758496+00:00,2026-08-05 08:46:05.758518+00:00,BUY,4164.39,4162.49,4169.14,S100_OB_LONG,PLACED,,52a96f53-359c-4d17-bacd-d4b9c446bfb5
S99 MSS FVG Reversal,2026-08-05 09:33:01.594873+00:00,2026-08-05 09:33:01.594892+00:00,SELL,4158.535,4160.17,4156.08,S99_MSS_FVG_SHORT,REJECTED,entry_drift: drift +1.12pt vs budget 0.41pt (ltp 4157.41),
S99 MSS FVG Reversal,2026-08-05 11:23:05.860343+00:00,2026-08-05 11:23:05.860364+00:00,BUY,4170.03,4165.94,4176.16,S99_MSS_FVG_LONG,PLACED,,06516174-7192-4afc-b28f-8f82af893de2
S99 MSS FVG Reversal,2026-08-05 12:30:05.583812+00:00,2026-08-05 12:30:05.583832+00:00,BUY,4205.265,4198.72,4215.08,S99_MSS_FVG_LONG,REJECTED,news_blackout,
S100 M3 Combo Scalper,2026-08-05 13:13:06.143976+00:00,2026-08-05 13:13:06.143997+00:00,BUY,4190.85,4185.61,4203.98,S100_FVG_LONG,PLACED,,42ebed6d-3694-4d62-95f3-cc826d0c8787
S100 M3 Combo Scalper,2026-08-05 14:03:05.375858+00:00,2026-08-05 14:03:05.375879+00:00,BUY,4208.85,4202.82,4223.91,S100_RSI3_MOMO_LONG,PLACED,,149af47d-ee34-49e3-8018-4c635bfbe872
S100 M3 Combo Scalper,2026-08-05 14:23:01.474122+00:00,2026-08-05 14:23:01.474148+00:00,BUY,4233.43,4228.11,4246.72,S100_OB_LONG,REJECTED,entry_drift: drift +0.59pt vs budget 0.50pt (ltp 4234.02),
S99 MSS FVG Reversal,2026-08-05 14:52:03.566150+00:00,2026-08-05 14:52:03.566169+00:00,BUY,4241.295,4232.18,4254.97,S99_MSS_FVG_LONG,PLACED,,55f7a186-e088-4faa-976d-b1fa71a1a991
S100 M3 Combo Scalper,2026-08-05 14:52:03.708096+00:00,2026-08-05 14:52:03.708116+00:00,BUY,4241.3,4232.66,4262.88,S100_FVG_LONG,PLACED,,25589d57-1c7e-464c-b7d0-75c863586631
S100 M3 Combo Scalper,2026-08-05 15:07:04.806711+00:00,2026-08-05 15:07:04.806738+00:00,BUY,4255.43,4244.54,4282.66,S100_FVG_LONG,REJECTED,open_position_cap,
S100 M3 Combo Scalper,2026-08-05 15:16:03.782118+00:00,2026-08-05 15:16:03.782137+00:00,BUY,4257.44,4253.75,4266.65,S100_OB_LONG,REJECTED,open_position_cap,
S99 MSS FVG Reversal,2026-08-05 15:19:02.206184+00:00,2026-08-05 15:19:02.206209+00:00,BUY,4251.835,4243.82,4263.86,S99_MSS_FVG_LONG,REJECTED,entry_drift: drift +2.19pt vs budget 0.50pt (ltp 4254.02),
S100 M3 Combo Scalper,2026-08-05 15:29:03.953851+00:00,2026-08-05 15:29:03.953872+00:00,BUY,4258.15,4253.0,4271.01,S100_OB_LONG,REJECTED,entry_drift: drift +1.02pt vs budget 0.50pt (ltp 4259.16),
S100 M3 Combo Scalper,2026-08-06 01:03:04.829174+00:00,2026-08-06 01:03:04.829196+00:00,BUY,4298.52,4291.47,4316.13,S100_RSI3_MOMO_LONG,PLACED,,860bf273-248d-486e-a81a-d4d65c3ba9fb
S100 M3 Combo Scalper,2026-08-06 01:43:01.642893+00:00,2026-08-06 01:43:01.642914+00:00,BUY,4288.47,4283.21,4301.63,S100_FVG_LONG,REJECTED,entry_drift: drift +1.17pt vs budget 0.50pt (ltp 4289.64),
S100 M3 Combo Scalper,2026-08-06 02:12:01.509222+00:00,2026-08-06 02:12:01.509246+00:00,BUY,4299.16,4290.08,4321.86,S100_FVG_LONG,PLACED,,3c23a6ce-5e50-44c0-aeef-c782b008062e
S100 M3 Combo Scalper,2026-08-06 04:23:06.086805+00:00,2026-08-06 04:23:06.086827+00:00,SELL,4263.38,4267.11,4254.03,S100_OB_SHORT,PLACED,,f98095a0-cb1a-4e0c-9bc9-d8d960a6d706
S100 M3 Combo Scalper,2026-08-06 04:36:04.011933+00:00,2026-08-06 04:36:04.011955+00:00,SELL,4259.22,4260.89,4255.06,S100_FVG_SHORT,PLACED,,ef1bc0e7-da4e-4675-9376-b330186ecd91
S100 M3 Combo Scalper,2026-08-06 06:16:05.558745+00:00,2026-08-06 06:16:05.558766+00:00,SELL,4261.09,4266.05,4248.67,S100_FVG_SHORT,REJECTED,entry_drift: drift +2.62pt vs budget 0.50pt (ltp 4258.47),
S100 M3 Combo Scalper,2026-08-06 06:46:03.484723+00:00,2026-08-06 06:46:03.484745+00:00,SELL,4257.36,4258.35,4254.9,S100_OB_SHORT,REJECTED,sl_too_tight: 0.99pt < 1.5pt,
S100 M3 Combo Scalper,2026-08-06 06:59:05.829531+00:00,2026-08-06 06:59:05.829560+00:00,SELL,4254.87,4256.65,4250.42,S100_FVG_SHORT,PLACED,,5ccd60a5-725b-4135-8366-81175fbdb968
S99 MSS FVG Reversal,2026-08-06 07:21:03.147172+00:00,2026-08-06 07:21:03.147192+00:00,BUY,4261.495,4259.35,4264.71,S99_MSS_FVG_LONG,PLACED,,c1c79f2a-f7a0-404e-b66f-1596aacbc1a2
S100 M3 Combo Scalper,2026-08-06 07:42:05.740756+00:00,2026-08-06 07:42:05.740777+00:00,SELL,4257.42,4260.24,4250.37,S100_RSI3_MOMO_SHORT,PLACED,,62dc6298-2fbd-4055-9aa3-28a23efda868
S99 MSS FVG Reversal,2026-08-06 07:55:02.853644+00:00,2026-08-06 07:55:02.853662+00:00,SELL,4258.37,4260.79,4254.74,S99_MSS_FVG_SHORT,REJECTED,no_add_to_loser,
S100 M3 Combo Scalper,2026-08-06 07:57:21.604439+00:00,2026-08-06 07:57:21.604462+00:00,SELL,4261.07,4263.43,4255.17,S100_OB_SHORT,REJECTED,entry_drift: drift +1.49pt vs budget 0.50pt (ltp 4259.57),
S99 MSS FVG Reversal,2026-08-06 08:21:05.389272+00:00,2026-08-06 08:21:05.389290+00:00,BUY,4267.725,4264.12,4273.13,S99_MSS_FVG_LONG,PLACED,,fb7d24cf-dfb3-4d9a-9b8e-5d12e1f4f5d6
S100 M3 Combo Scalper,2026-08-06 08:25:04.163804+00:00,2026-08-06 08:25:04.163826+00:00,SELL,4266.89,4269.77,4259.67,S100_OB_SHORT,PLACED,,dc93784c-e670-49e5-84de-22dc7d599767
S100 M3 Combo Scalper,2026-08-06 08:39:04.645174+00:00,2026-08-06 08:39:04.645193+00:00,BUY,4271.89,4268.68,4279.91,S100_FVG_LONG,PLACED,,ba6b97fe-f44d-4e98-a422-471b0f5d12a3
S99 MSS FVG Reversal,2026-08-06 08:42:03.333094+00:00,2026-08-06 08:42:03.333116+00:00,BUY,4270.945,4268.51,4274.6,S99_MSS_FVG_LONG,REJECTED,no_add_to_loser,
S99 MSS FVG Reversal,2026-08-06 11:32:05.338950+00:00,2026-08-06 11:32:05.338971+00:00,SELL,4266.525,4267.69,4264.78,S99_MSS_FVG_SHORT,REJECTED,sl_too_tight: 1.16pt < 1.5pt,
S99 MSS FVG Reversal,2026-08-06 13:17:02.553868+00:00,2026-08-06 13:17:02.553888+00:00,SELL,4239.765,4251.44,4222.25,S99_MSS_FVG_SHORT,REJECTED,entry_drift: drift +0.82pt vs budget 0.50pt (ltp 4238.95),
S100 M3 Combo Scalper,2026-08-06 13:20:22.222563+00:00,2026-08-06 13:20:22.222584+00:00,SELL,4242.2,4247.22,4229.64,S100_FVG_SHORT,PLACED,,0330e5e6-0ebf-4de3-b3ed-787d4fd293e2
S100 M3 Combo Scalper,2026-08-06 14:31:04.902256+00:00,2026-08-06 14:31:04.902276+00:00,SELL,4270.04,4274.99,4257.66,S100_OB_SHORT,REJECTED,entry_drift: drift +0.85pt vs budget 0.50pt (ltp 4269.19),
S100 M3 Combo Scalper,2026-08-06 14:51:03.525740+00:00,2026-08-06 14:51:03.525766+00:00,BUY,4263.8,4261.71,4269.02,S100_OB_LONG,REJECTED,entry_drift: drift +1.95pt vs budget 0.50pt (ltp 4265.76),
S100 M3 Combo Scalper,2026-08-06 15:03:02.576437+00:00,2026-08-06 15:03:02.576461+00:00,BUY,4269.88,4263.91,4284.81,S100_OB_LONG,REJECTED,entry_drift: drift +1.12pt vs budget 0.50pt (ltp 4271.00),
S99 MSS FVG Reversal,2026-08-06 15:27:21.522941+00:00,2026-08-06 15:27:21.522961+00:00,SELL,4258.33,4263.41,4250.71,S99_MSS_FVG_SHORT,PLACED,,be407e3d-d91d-41d9-8730-77d51047bcf4
S99 MSS FVG Reversal,2026-08-06 15:41:02.580392+00:00,2026-08-06 15:41:02.580410+00:00,SELL,4252.875,4254.96,4249.75,S99_MSS_FVG_SHORT,REJECTED,entry_drift: drift +1.16pt vs budget 0.50pt (ltp 4251.72),
S100 M3 Combo Scalper,2026-08-06 15:41:04.827009+00:00,2026-08-06 15:41:04.827029+00:00,SELL,4252.98,4259.67,4236.25,S100_OB_SHORT,REJECTED,entry_drift: drift +1.84pt vs budget 0.50pt (ltp 4251.14),
S100 M3 Combo Scalper,2026-08-07 01:50:03.826399+00:00,2026-08-07 01:50:03.826424+00:00,BUY,4252.94,4249.19,4262.31,S100_FVG_LONG,REJECTED,entry_drift: drift +0.67pt vs budget 0.50pt (ltp 4253.61),
S100 M3 Combo Scalper,2026-08-07 02:37:04.814268+00:00,2026-08-07 02:37:04.814289+00:00,BUY,4253.74,4251.78,4258.65,S100_OB_LONG,PLACED,,ab516d10-00ae-4160-b2f6-d4059d41134c
S100 M3 Combo Scalper,2026-08-07 03:11:06.162988+00:00,2026-08-07 03:11:06.163008+00:00,BUY,4256.22,4254.24,4261.17,S100_FVG_LONG,PLACED,,25130bbe-591a-479b-8221-15dd93192842
S100 M3 Combo Scalper,2026-08-07 04:04:05.858795+00:00,2026-08-07 04:04:05.858824+00:00,BUY,4262.81,4260.54,4268.5,S100_FVG_LONG,PLACED,,2e788e6e-b052-41d5-9402-1ca65cd8710d
S100 M3 Combo Scalper,2026-08-07 05:00:23.453127+00:00,2026-08-07 05:00:23.453148+00:00,BUY,4265.39,4263.44,4270.25,S100_FVG_LONG,REJECTED,open_position_cap,
S100 M3 Combo Scalper,2026-08-07 05:18:03.836255+00:00,2026-08-07 05:18:03.836280+00:00,BUY,4268.24,4265.18,4275.89,S100_FVG_LONG,PLACED,,a5e47456-5ca5-4a78-bae5-53061663bbfb
S100 M3 Combo Scalper,2026-08-07 05:41:05.890364+00:00,2026-08-07 05:41:05.890386+00:00,BUY,4273.06,4271.0,4278.23,S100_FVG_LONG,PLACED,,51194b0b-5e08-40a3-8217-48e003a82cd3
S100 M3 Combo Scalper,2026-08-07 06:16:05.726468+00:00,2026-08-07 06:16:05.726495+00:00,BUY,4285.98,4283.0,4293.41,S100_FVG_LONG,PLACED,,63091c92-7630-4dcc-88ec-9f84888a0b83
S100 M3 Combo Scalper,2026-08-07 06:24:05.191345+00:00,2026-08-07 06:24:05.191363+00:00,BUY,4289.99,4285.74,4300.63,S100_RSI3_MOMO_LONG,REJECTED,open_position_cap,
S99 MSS FVG Reversal,2026-08-07 06:31:01.256725+00:00,2026-08-07 06:31:01.256746+00:00,BUY,4281.41,4279.68,4284.0,S99_MSS_FVG_LONG,REJECTED,soft_daily_brake: daily P&L -123.00 USD <= -120 soft brake,
S99 MSS FVG Reversal,2026-08-07 06:50:04.648391+00:00,2026-08-07 06:50:04.648414+00:00,BUY,4291.58,4286.58,4299.08,S99_MSS_FVG_LONG,PLACED,,5f01957b-038e-4add-acaa-a6b4292ccbec
S100 M3 Combo Scalper,2026-08-07 06:50:05.713384+00:00,2026-08-07 06:50:05.713405+00:00,BUY,4291.23,4286.81,4302.31,S100_FVG_LONG,PLACED,,c72f4eb8-45b7-432f-af83-52cabb30c859
S100 M3 Combo Scalper,2026-08-10 01:01:02.655374+00:00,2026-08-10 01:01:02.655413+00:00,SELL,4332.92,4335.01,4327.7,S100_FVG_SHORT,REJECTED,entry_drift: drift +1.02pt vs budget 0.50pt (ltp 4331.90),
S100 M3 Combo Scalper,2026-08-10 01:34:05.815268+00:00,2026-08-10 01:34:05.815289+00:00,SELL,4317.72,4324.4,4301.0,S100_FVG_SHORT,PLACED,,70a293ee-bf2d-4c1f-99e8-24ce98395fb9
S100 M3 Combo Scalper,2026-08-10 03:20:01.766767+00:00,2026-08-10 03:20:01.766792+00:00,SELL,4323.35,4324.64,4320.12,S100_OB_SHORT,REJECTED,sl_too_tight: 1.29pt < 1.5pt,
S100 M3 Combo Scalper,2026-08-10 04:06:02.432346+00:00,2026-08-10 04:06:02.432369+00:00,SELL,4326.45,4327.24,4324.5,S100_OB_SHORT,REJECTED,sl_too_tight: 0.79pt < 1.5pt,
S100 M3 Combo Scalper,2026-08-10 04:46:21.796787+00:00,2026-08-10 04:46:21.796808+00:00,SELL,4332.52,4334.92,4326.54,S100_FVG_SHORT,PLACED,,bfad9212-66a2-43a6-9939-24d1e1510b48
S100 M3 Combo Scalper,2026-08-10 05:39:02.176200+00:00,2026-08-10 05:39:02.176227+00:00,BUY,4340.05,4336.95,4347.8,S100_RSI3_MOMO_LONG,PLACED,,43524066-11e3-4533-bf02-491c27a87db0
S100 M3 Combo Scalper,2026-08-10 05:56:02.073759+00:00,2026-08-10 05:56:02.073780+00:00,BUY,4347.7,4345.02,4354.39,S100_FVG_LONG,PLACED,,0106307c-06a6-4a5d-a7b2-7be2a67143e9
S100 M3 Combo Scalper,2026-08-10 06:16:04.357087+00:00,2026-08-10 06:16:04.357117+00:00,BUY,4347.27,4345.18,4352.52,S100_FVG_LONG,REJECTED,entry_drift: drift +1.74pt vs budget 0.50pt (ltp 4349.02),
S100 M3 Combo Scalper,2026-08-10 06:37:02.543529+00:00,2026-08-10 06:37:02.543549+00:00,BUY,4346.72,4344.99,4351.05,S100_FVG_LONG,REJECTED,entry_drift: drift +0.66pt vs budget 0.43pt (ltp 4347.38),
S100 M3 Combo Scalper,2026-08-10 06:57:02.823253+00:00,2026-08-10 06:57:02.823274+00:00,BUY,4358.39,4355.03,4366.79,S100_RSI3_MOMO_LONG,REJECTED,entry_drift: drift +0.52pt vs budget 0.50pt (ltp 4358.91),
S99 MSS FVG Reversal,2026-08-10 07:02:05.375472+00:00,2026-08-10 07:02:05.375502+00:00,BUY,4355.185,4348.96,4364.52,S99_MSS_FVG_LONG,PLACED,,9e8894e8-34ef-4b44-b61f-8a8da45fcf0b
S99 MSS FVG Reversal,2026-08-10 07:52:01.387981+00:00,2026-08-10 07:52:01.387999+00:00,BUY,4356.425,4354.21,4359.75,S99_MSS_FVG_LONG,REJECTED,open_position_cap,
S100 M3 Combo Scalper,2026-08-10 07:56:05.207314+00:00,2026-08-10 07:56:05.207335+00:00,BUY,4355.1,4352.89,4360.6,S100_OB_LONG,PLACED,,32e134c8-494b-4708-ba9f-2262b7bcb91f
S99 MSS FVG Reversal,2026-08-10 09:42:05.247178+00:00,2026-08-10 09:42:05.247201+00:00,SELL,4344.215,4345.58,4342.17,S99_MSS_FVG_SHORT,REJECTED,sl_too_tight: 1.36pt < 1.5pt,
S99 MSS FVG Reversal,2026-08-10 10:53:05.174317+00:00,2026-08-10 10:53:05.174341+00:00,SELL,4340.175,4340.98,4338.97,S99_MSS_FVG_SHORT,REJECTED,sl_too_tight: 0.80pt < 1.5pt,
S99 MSS FVG Reversal,2026-08-10 11:22:01.024817+00:00,2026-08-10 11:22:01.024834+00:00,SELL,4331.54,4333.87,4328.05,S99_MSS_FVG_SHORT,PLACED,,125fabf5-cd55-4058-937d-9ab0fd1e5db5
S100 M3 Combo Scalper,2026-08-10 13:06:02.079384+00:00,2026-08-10 13:06:02.079410+00:00,SELL,4331.3,4335.63,4320.49,S100_OB_SHORT,REJECTED,entry_drift: drift +0.63pt vs budget 0.50pt (ltp 4330.67),
S99 MSS FVG Reversal,2026-08-10 13:41:03.438981+00:00,2026-08-10 13:41:03.439001+00:00,BUY,4336.395,4334.38,4339.42,S99_MSS_FVG_LONG,PLACED,,3ed98dae-e27e-433a-ab93-5e7bce69d031
S99 MSS FVG Reversal,2026-08-10 14:02:02.056855+00:00,2026-08-10 14:02:02.056874+00:00,SELL,4324.935,4326.23,4322.99,S99_MSS_FVG_SHORT,REJECTED,sl_too_tight: 1.29pt < 1.5pt,
S100 M3 Combo Scalper,2026-08-10 14:23:03.300895+00:00,2026-08-10 14:23:03.300917+00:00,SELL,4337.59,4339.62,4332.49,S100_OB_SHORT,REJECTED,soft_daily_brake: daily P&L -126.00 USD <= -120 soft brake,
S100 M3 Combo Scalper,2026-08-10 15:09:04.084363+00:00,2026-08-10 15:09:04.084384+00:00,BUY,4345.6,4344.06,4349.44,S100_OB_LONG,REJECTED,soft_daily_brake: daily P&L -124.00 USD <= -120 soft brake,
S100 M3 Combo Scalper,2026-08-10 15:18:03.611698+00:00,2026-08-10 15:18:03.611718+00:00,BUY,4349.93,4346.28,4359.06,S100_RSI3_MOMO_LONG,REJECTED,soft_daily_brake: daily P&L -124.00 USD <= -120 soft brake,
S100 M3 Combo Scalper,2026-08-10 15:26:05.370349+00:00,2026-08-10 15:26:05.370367+00:00,BUY,4348.89,4346.62,4354.56,S100_FVG_LONG,REJECTED,soft_daily_brake: daily P&L -124.00 USD <= -120 soft brake,
S100 M3 Combo Scalper,2026-08-11 01:37:05.982853+00:00,2026-08-11 01:37:05.982874+00:00,BUY,4418.36,4415.05,4426.64,S100_FVG_LONG,PLACED,,9ac55a65-b3b1-4c21-96da-ea9fadc0a9e5
S100 M3 Combo Scalper,2026-08-11 02:00:02.045016+00:00,2026-08-11 02:00:02.045061+00:00,BUY,4429.63,4427.02,4436.15,S100_FVG_LONG,PLACED,,02c85f3f-de73-4e68-8e3f-080e340a8443
S100 M3 Combo Scalper,2026-08-11 02:20:04.512546+00:00,2026-08-11 02:20:04.512567+00:00,BUY,4432.11,4426.34,4446.54,S100_FVG_LONG,PLACED,,6528239f-a503-4c75-8ac2-f9a1238880d6
S100 M3 Combo Scalper,2026-08-11 03:44:04.218271+00:00,2026-08-11 03:44:04.218400+00:00,BUY,4417.45,4414.9,4423.83,S100_OB_LONG,PLACED,,9b1cb9f9-ea6c-491b-82ae-bc45319e3ce9
S100 M3 Combo Scalper,2026-08-11 04:05:04.785941+00:00,2026-08-11 04:05:04.785960+00:00,BUY,4417.9,4415.84,4423.04,S100_OB_LONG,PLACED,,62c6ed3c-e47d-4ba8-a6f9-cdedea5984c9
S100 M3 Combo Scalper,2026-08-11 05:37:04.256028+00:00,2026-08-11 05:37:04.256077+00:00,SELL,4385.19,4392.03,4368.08,S100_FVG_SHORT,REJECTED,soft_daily_brake: daily P&L -139.00 USD <= -120 soft brake,
S100 M3 Combo Scalper,2026-08-11 06:02:01.395275+00:00,2026-08-11 06:02:01.395301+00:00,SELL,4377.3,4379.56,4371.62,S100_OB_SHORT,REJECTED,soft_daily_brake: daily P&L -139.00 USD <= -120 soft brake,
S100 M3 Combo Scalper,2026-08-11 06:24:02.426873+00:00,2026-08-11 06:24:02.426933+00:00,SELL,4372.88,4376.46,4363.92,S100_OB_SHORT,REJECTED,soft_daily_brake: daily P&L -139.00 USD <= -120 soft brake,
S100 M3 Combo Scalper,2026-08-11 06:38:04.783570+00:00,2026-08-11 06:38:04.783590+00:00,SELL,4367.97,4371.46,4359.23,S100_FVG_SHORT,REJECTED,soft_daily_brake: daily P&L -139.00 USD <= -120 soft brake,
S100 M3 Combo Scalper,2026-08-11 07:19:05.085838+00:00,2026-08-11 07:19:05.085866+00:00,SELL,4361.83,4364.04,4356.3,S100_OB_SHORT,REJECTED,soft_daily_brake: daily P&L -139.00 USD <= -120 soft brake,
S100 M3 Combo Scalper,2026-08-11 07:46:02.320002+00:00,2026-08-11 07:46:02.320029+00:00,SELL,4358.81,4360.95,4353.45,S100_FVG_SHORT,REJECTED,soft_daily_brake: daily P&L -139.00 USD <= -120 soft brake,
S99 MSS FVG Reversal,2026-08-11 08:48:02.243517+00:00,2026-08-11 08:48:02.243550+00:00,BUY,4374.25,4371.73,4378.03,S99_MSS_FVG_LONG,PLACED,,f97fb5a2-da3d-450b-b992-2133a493cfad
S99 MSS FVG Reversal,2026-08-11 10:40:01.558960+00:00,2026-08-11 10:40:01.558981+00:00,BUY,4378.245,4377.37,4379.56,S99_MSS_FVG_LONG,REJECTED,sl_too_tight: 0.88pt < 1.5pt,
S99 MSS FVG Reversal,2026-08-11 11:13:03.846466+00:00,2026-08-11 11:13:03.846487+00:00,BUY,4388.905,4381.99,4399.28,S99_MSS_FVG_LONG,REJECTED,soft_daily_brake: daily P&L -137.00 USD <= -120 soft brake,
S99 MSS FVG Reversal,2026-08-11 12:24:04.373593+00:00,2026-08-11 12:24:04.373613+00:00,BUY,4391.735,4387.04,4398.78,S99_MSS_FVG_LONG,REJECTED,soft_daily_brake: daily P&L -121.00 USD <= -120 soft brake,
S100 M3 Combo Scalper,2026-08-11 13:15:01.369772+00:00,2026-08-11 13:15:01.369795+00:00,BUY,4397.83,4393.68,4408.2,S100_OB_LONG,REJECTED,soft_daily_brake: daily P&L -121.00 USD <= -120 soft brake,
S100 M3 Combo Scalper,2026-08-11 13:26:04.774359+00:00,2026-08-11 13:26:04.774396+00:00,BUY,4395.78,4392.9,4402.99,S100_FVG_LONG,REJECTED,soft_daily_brake: daily P&L -121.00 USD <= -120 soft brake,
S100 M3 Combo Scalper,2026-08-11 13:49:04.742863+00:00,2026-08-11 13:49:04.742884+00:00,BUY,4394.9,4389.2,4409.17,S100_OB_LONG,REJECTED,soft_daily_brake: daily P&L -121.00 USD <= -120 soft brake,
S100 M3 Combo Scalper,2026-08-11 14:42:05.797794+00:00,2026-08-11 14:42:05.797815+00:00,BUY,4393.34,4388.58,4405.24,S100_RSI3_MOMO_LONG,REJECTED,soft_daily_brake: daily P&L -121.00 USD <= -120 soft brake,
S100 M3 Combo Scalper,2026-08-11 15:09:01.695515+00:00,2026-08-11 15:09:01.695538+00:00,BUY,4390.19,4387.39,4397.18,S100_FVG_LONG,REJECTED,soft_daily_brake: daily P&L -121.00 USD <= -120 soft brake,
S99 MSS FVG Reversal,2026-08-11 15:11:02.087483+00:00,2026-08-11 15:11:02.087591+00:00,BUY,4389.375,4386.25,4394.06,S99_MSS_FVG_LONG,REJECTED,soft_daily_brake: daily P&L -121.00 USD <= -120 soft brake,
S99 MSS FVG Reversal,2026-08-11 15:46:04.653601+00:00,2026-08-11 15:46:04.653620+00:00,SELL,4376.31,4377.96,4373.84,S99_MSS_FVG_SHORT,REJECTED,soft_daily_brake: daily P&L -121.00 USD <= -120 soft brake,
S100 M3 Combo Scalper,2026-08-12 01:22:04.433574+00:00,2026-08-12 01:22:04.433595+00:00,BUY,4390.54,4389.51,4393.12,S100_OB_LONG,REJECTED,sl_too_tight: 1.03pt < 1.5pt,
S100 M3 Combo Scalper,2026-08-12 02:24:04.166750+00:00,2026-08-12 02:24:04.166770+00:00,BUY,4403.78,4400.51,4411.95,S100_RSI3_MOMO_LONG,PLACED,,2016cbab-fad2-4495-a471-e2c78930a4f2
S100 M3 Combo Scalper,2026-08-12 03:23:04.714000+00:00,2026-08-12 03:23:04.714020+00:00,BUY,4405.23,4402.76,4411.43,S100_FVG_LONG,PLACED,,8631016f-c8cc-47e2-86c5-a457ae6fc2a4
S100 M3 Combo Scalper,2026-08-12 04:32:22.572478+00:00,2026-08-12 04:32:22.572497+00:00,BUY,4397.53,4396.24,4400.75,S100_OB_LONG,REJECTED,sl_too_tight: 1.29pt < 1.5pt,
S100 M3 Combo Scalper,2026-08-12 04:57:01.808405+00:00,2026-08-12 04:57:01.808428+00:00,BUY,4399.51,4397.29,4405.07,S100_OB_LONG,REJECTED,entry_drift: drift +0.51pt vs budget 0.50pt (ltp 4400.02),
S100 M3 Combo Scalper,2026-08-12 05:08:03.659824+00:00,2026-08-12 05:08:03.659844+00:00,BUY,4401.12,4400.54,4402.62,S100_OB_LONG,REJECTED,sl_too_tight: 0.58pt < 1.5pt,
S100 M3 Combo Scalper,2026-08-12 05:09:05.475494+00:00,2026-08-12 05:09:05.475517+00:00,BUY,4403.39,4401.24,4408.77,S100_RSI3_MOMO_LONG,PLACED,,be06bb31-2c86-4c58-a43c-0dbaf5fabb76
S100 M3 Combo Scalper,2026-08-12 06:03:02.085275+00:00,2026-08-12 06:03:02.085303+00:00,BUY,4390.19,4386.26,4400.01,S100_FVG_LONG,PLACED,,502c1f9f-9a1c-48dd-be95-ec9d96f8daf6
S100 M3 Combo Scalper,2026-08-12 06:28:02.895785+00:00,2026-08-12 06:28:02.895806+00:00,BUY,4387.23,4385.24,4392.22,S100_OB_LONG,REJECTED,entry_drift: drift +1.40pt vs budget 0.50pt (ltp 4388.63),
S99 MSS FVG Reversal,2026-08-12 07:05:05.421860+00:00,2026-08-12 07:05:05.421879+00:00,BUY,4401.25,4400.02,4403.09,S99_MSS_FVG_LONG,REJECTED,sl_too_tight: 1.23pt < 1.5pt,
S100 M3 Combo Scalper,2026-08-12 07:36:04.029945+00:00,2026-08-12 07:36:04.029966+00:00,BUY,4404.73,4401.78,4412.12,S100_RSI3_MOMO_LONG,PLACED,,ec3b0696-4b72-4662-b0bf-562f8a23c152
S100 M3 Combo Scalper,2026-08-12 07:54:04.043146+00:00,2026-08-12 07:54:04.043165+00:00,BUY,4408.73,4406.41,4414.55,S100_RSI3_MOMO_LONG,REJECTED,open_position_cap,
S99 MSS FVG Reversal,2026-08-12 07:57:04.057084+00:00,2026-08-12 07:57:04.057107+00:00,BUY,4405.91,4404.91,4407.41,S99_MSS_FVG_LONG,REJECTED,sl_too_tight: 1.00pt < 1.5pt,
S100 M3 Combo Scalper,2026-08-12 08:09:04.750562+00:00,2026-08-12 08:09:04.750582+00:00,BUY,4408.33,4405.99,4414.19,S100_FVG_LONG,REJECTED,open_position_cap,
S100 M3 Combo Scalper,2026-08-14 01:07:22.262560+00:00,2026-08-14 01:07:22.262582+00:00,SELL,4332.39,4340.07,4313.18,S100_FVG_SHORT,PLACED,,b721a2ac-c1e1-42d8-9e5b-fc49479e9846
S100 M3 Combo Scalper,2026-08-14 01:24:04.984768+00:00,2026-08-14 01:24:04.984789+00:00,SELL,4319.59,4325.36,4305.15,S100_RSI3_MOMO_SHORT,REJECTED,open_position_cap,
S100 M3 Combo Scalper,2026-08-14 01:37:05.769295+00:00,2026-08-14 01:37:05.769315+00:00,SELL,4315.24,4319.03,4305.77,S100_FVG_SHORT,REJECTED,open_position_cap,
S100 M3 Combo Scalper,2026-08-14 01:54:04.828622+00:00,2026-08-14 01:54:04.828645+00:00,SELL,4317.19,4319.88,4310.49,S100_FVG_SHORT,PLACED,,be73ab9a-eb2a-4d19-b415-f5cb095d5ee6
S100 M3 Combo Scalper,2026-08-14 02:16:01.461384+00:00,2026-08-14 02:16:01.461403+00:00,SELL,4314.24,4317.9,4305.09,S100_FVG_SHORT,PLACED,,abee6410-d0bf-46c6-8e4e-8470eb0c3b8e
S100 M3 Combo Scalper,2026-08-14 02:59:05.750906+00:00,2026-08-14 02:59:05.750926+00:00,SELL,4315.51,4319.12,4306.46,S100_OB_SHORT,REJECTED,entry_drift: drift +0.99pt vs budget 0.50pt (ltp 4314.52),
S100 M3 Combo Scalper,2026-08-14 04:42:03.380122+00:00,2026-08-14 04:42:03.380142+00:00,SELL,4325.89,4326.99,4323.11,S100_FVG_SHORT,REJECTED,sl_too_tight: 1.10pt < 1.5pt,
S100 M3 Combo Scalper,2026-08-14 05:13:05.477585+00:00,2026-08-14 05:13:05.477605+00:00,SELL,4322.06,4323.33,4318.86,S100_FVG_SHORT,REJECTED,sl_too_tight: 1.27pt < 1.5pt,
S100 M3 Combo Scalper,2026-08-14 05:35:04.471165+00:00,2026-08-14 05:35:04.471185+00:00,SELL,4318.25,4318.96,4316.47,S100_OB_SHORT,REJECTED,sl_too_tight: 0.71pt < 1.5pt,
S100 M3 Combo Scalper,2026-08-14 06:13:03.872872+00:00,2026-08-14 06:13:03.872982+00:00,SELL,4332.21,4334.56,4326.34,S100_FVG_SHORT,REJECTED,"metaapi_rejection: no broker ack after 1 attempt(s) (network error: HTTPSConnectionPool(host='mt-client-api-v1.new-york.agiliumtrade.ai', port=443): Read timed out. (read timeout=15))",
S100 M3 Combo Scalper,2026-08-14 06:45:04.791552+00:00,2026-08-14 06:45:04.791572+00:00,SELL,4332.55,4334.17,4328.49,S100_OB_SHORT,PLACED,,1e2aeb3b-b6ee-4526-9ad9-40df7ff9fb0b
S100 M3 Combo Scalper,2026-08-14 07:23:05.577519+00:00,2026-08-14 07:23:05.577539+00:00,SELL,4333.84,4335.24,4330.34,S100_OB_SHORT,REJECTED,sl_too_tight: 1.40pt < 1.5pt,
S100 M3 Combo Scalper,2026-08-14 08:00:06.218280+00:00,2026-08-14 08:00:06.218307+00:00,BUY,4343.83,4340.93,4351.08,S100_RSI3_MOMO_LONG,REJECTED,entry_drift: drift +0.61pt vs budget 0.50pt (ltp 4344.44),
S100 M3 Combo Scalper,2026-08-14 08:23:02.365218+00:00,2026-08-14 08:23:02.365942+00:00,BUY,4343.86,4342.19,4348.03,S100_OB_LONG,PLACED,,4d718571-74a2-4337-aa4b-91ab913f837c
S100 M3 Combo Scalper,2026-08-14 08:43:02.350264+00:00,2026-08-14 08:43:02.350340+00:00,BUY,4347.44,4344.78,4354.08,S100_FVG_LONG,PLACED,,24781703-1839-4bdd-8e63-c604866f881c
S99 MSS FVG Reversal,2026-08-14 10:10:03.663755+00:00,2026-08-14 10:10:03.663785+00:00,BUY,4355.905,4354.93,4357.37,S99_MSS_FVG_LONG,REJECTED,sl_too_tight: 0.97pt < 1.5pt,
S99 MSS FVG Reversal,2026-08-14 11:26:03.295122+00:00,2026-08-14 11:26:03.295143+00:00,BUY,4353.5,4351.17,4356.99,S99_MSS_FVG_LONG,PLACED,,9c572331-5ea1-42cc-9b4a-e7fba0d65425
S99 MSS FVG Reversal,2026-08-14 12:11:04.732701+00:00,2026-08-14 12:11:04.732720+00:00,BUY,4371.865,4368.7,4376.61,S99_MSS_FVG_LONG,REJECTED,no_add_to_loser,
S99 MSS FVG Reversal,2026-08-14 12:31:05.653075+00:00,2026-08-14 12:31:05.653093+00:00,BUY,4377.39,4371.65,4386.0,S99_MSS_FVG_LONG,REJECTED,news_blackout,
S99 MSS FVG Reversal,2026-08-14 13:42:03.014784+00:00,2026-08-14 13:42:03.015292+00:00,BUY,4391.105,4385.48,4399.54,S99_MSS_FVG_LONG,REJECTED,entry_drift: drift +0.62pt vs budget 0.50pt (ltp 4391.73),
S100 M3 Combo Scalper,2026-08-14 13:52:02.182029+00:00,2026-08-14 13:52:02.182050+00:00,BUY,4386.05,4383.75,4391.81,S100_OB_LONG,REJECTED,entry_drift: drift +1.62pt vs budget 0.50pt (ltp 4387.67),
S100 M3 Combo Scalper,2026-08-14 14:11:05.805546+00:00,2026-08-14 14:11:05.805565+00:00,BUY,4387.86,4384.86,4395.37,S100_FVG_LONG,PLACED,,0fba8a60-3093-43cf-9c4f-d74d5f33737c
S100 M3 Combo Scalper,2026-08-14 15:10:16.513903+00:00,2026-08-14 15:10:16.513931+00:00,BUY,4386.19,4381.83,4397.1,S100_FVG_LONG,PLACED,,ac67b14b-ffa4-4e68-b1e3-f5ec74791a84
S100 M3 Combo Scalper,2026-08-14 15:20:01.219905+00:00,2026-08-14 15:20:01.219924+00:00,BUY,4387.1,4386.05,4389.75,S100_OB_LONG,REJECTED,open_position_cap,
S100 M3 Combo Scalper,2026-08-14 15:52:04.630830+00:00,2026-08-14 15:52:04.630850+00:00,BUY,4391.77,4389.01,4398.66,S100_FVG_LONG,REJECTED,entry_drift: drift +0.92pt vs budget 0.50pt (ltp 4392.69),
S100 M3 Combo Scalper,2026-08-17 02:34:03.496211+00:00,2026-08-17 02:34:03.496235+00:00,BUY,4394.18,4392.28,4398.91,S100_OB_LONG,REJECTED,metaapi_rejection: no broker ack after 1 attempt(s) (HTTP 504),
S100 M3 Combo Scalper,2026-08-17 03:31:03.784464+00:00,2026-08-17 03:31:03.784494+00:00,BUY,4391.16,4388.42,4398.0,S100_OB_LONG,REJECTED,metaapi_rejection: no broker ack after 1 attempt(s) (HTTP 504),
S100 M3 Combo Scalper,2026-08-17 04:07:05.929684+00:00,2026-08-17 04:07:05.929704+00:00,BUY,4396.56,4395.09,4400.23,S100_FVG_LONG,REJECTED,sl_too_tight: 1.47pt < 1.5pt,
S100 M3 Combo Scalper,2026-08-17 04:12:04.519630+00:00,2026-08-17 04:12:04.519647+00:00,BUY,4398.12,4395.69,4404.21,S100_RSI3_MOMO_LONG,REJECTED,entry_drift: drift +0.60pt vs budget 0.50pt (ltp 4398.72),
S100 M3 Combo Scalper,2026-08-17 05:00:03.347864+00:00,2026-08-17 05:00:03.347885+00:00,BUY,4391.06,4389.62,4394.65,S100_OB_LONG,REJECTED,sl_too_tight: 1.44pt < 1.5pt,
S100 M3 Combo Scalper,2026-08-17 06:10:03.238957+00:00,2026-08-17 06:10:03.238978+00:00,BUY,4394.19,4393.19,4396.72,S100_OB_LONG,REJECTED,sl_too_tight: 1.00pt < 1.5pt,
S100 M3 Combo Scalper,2026-08-17 06:31:01.043255+00:00,2026-08-17 06:31:01.043273+00:00,BUY,4396.98,4393.78,4405.01,S100_OB_LONG,REJECTED,metaapi_rejection: no broker ack after 1 attempt(s) (HTTP 504),
S99 MSS FVG Reversal,2026-08-17 07:06:02.502892+00:00,2026-08-17 07:06:02.502918+00:00,BUY,4401.195,4400.31,4402.52,S99_MSS_FVG_LONG,REJECTED,sl_too_tight: 0.88pt < 1.5pt,
S99 MSS FVG Reversal,2026-08-17 07:52:01.251614+00:00,2026-08-17 07:52:01.251638+00:00,BUY,4406.69,4404.54,4409.91,S99_MSS_FVG_LONG,REJECTED,metaapi_rejection: no broker ack after 1 attempt(s) (HTTP 504),
S100 M3 Combo Scalper,2026-08-17 08:34:03.273300+00:00,2026-08-17 08:34:03.273328+00:00,BUY,4399.73,4398.72,4402.25,S100_OB_LONG,REJECTED,sl_too_tight: 1.01pt < 1.5pt,
S99 MSS FVG Reversal,2026-08-17 09:07:05.889585+00:00,2026-08-17 09:07:05.889605+00:00,SELL,4397.065,4399.78,4392.99,S99_MSS_FVG_SHORT,REJECTED,metaapi_rejection: no broker ack after 1 attempt(s) (HTTP 504),
S99 MSS FVG Reversal,2026-08-17 12:16:08.028046+00:00,2026-08-17 12:16:08.028067+00:00,SELL,4395.25,4396.48,4393.41,S99_MSS_FVG_SHORT,REJECTED,sl_too_tight: 1.23pt < 1.5pt,
S99 MSS FVG Reversal,2026-08-17 12:51:03.809403+00:00,2026-08-17 12:51:03.809423+00:00,SELL,4380.56,4382.26,4378.01,S99_MSS_FVG_SHORT,REJECTED,metaapi_rejection: no broker ack after 1 attempt(s) (HTTP 504),
S99 MSS FVG Reversal,2026-08-17 14:29:06.073855+00:00,2026-08-17 14:29:06.073875+00:00,BUY,4417.445,4411.37,4426.56,S99_MSS_FVG_LONG,REJECTED,metaapi_rejection: no broker ack after 1 attempt(s) (HTTP 504),
S100 M3 Combo Scalper,2026-08-17 15:24:03.499140+00:00,2026-08-17 15:24:03.499159+00:00,BUY,4423.68,4420.11,4432.59,S100_RSI3_MOMO_LONG,REJECTED,metaapi_rejection: no broker ack after 1 attempt(s) (HTTP 504),
S100 M3 Combo Scalper,2026-08-17 15:32:05.746019+00:00,2026-08-17 15:32:05.746036+00:00,BUY,4423.66,4421.92,4428.04,S100_OB_LONG,REJECTED,metaapi_rejection: no broker ack after 1 attempt(s) (HTTP 504),
S100 M3 Combo Scalper,2026-08-18 01:01:03.200654+00:00,2026-08-18 01:01:03.200677+00:00,BUY,4429.45,4428.61,4431.56,S100_OB_LONG,REJECTED,sl_too_tight: 0.84pt < 1.5pt,
S100 M3 Combo Scalper,2026-08-18 01:06:02.813402+00:00,2026-08-18 01:06:02.813432+00:00,BUY,4434.82,4431.17,4443.94,S100_RSI3_MOMO_LONG,REJECTED,metaapi_rejection: no broker ack after 1 attempt(s) (HTTP 504),
S100 M3 Combo Scalper,2026-08-18 02:18:21.465090+00:00,2026-08-18 02:18:21.465114+00:00,SELL,4404.16,4408.24,4393.98,S100_FVG_SHORT,REJECTED,entry_drift: drift +0.93pt vs budget 0.50pt (ltp 4403.23),
S100 M3 Combo Scalper,2026-08-18 02:47:05.599910+00:00,2026-08-18 02:47:05.599930+00:00,SELL,4395.07,4397.42,4389.21,S100_FVG_SHORT,REJECTED,metaapi_rejection: no broker ack after 1 attempt(s) (HTTP 504),
S100 M3 Combo Scalper,2026-08-18 03:28:02.579122+00:00,2026-08-18 03:28:02.579142+00:00,SELL,4396.77,4397.76,4394.32,S100_OB_SHORT,REJECTED,sl_too_tight: 0.99pt < 1.5pt,
S100 M3 Combo Scalper,2026-08-18 04:09:05.311586+00:00,2026-08-18 04:09:05.311608+00:00,SELL,4390.27,4392.07,4385.79,S100_RSI3_MOMO_SHORT,REJECTED,metaapi_rejection: no broker ack after 1 attempt(s) (HTTP 504),
S100 M3 Combo Scalper,2026-08-18 04:16:02.899867+00:00,2026-08-18 04:16:02.899886+00:00,SELL,4393.03,4393.98,4390.67,S100_OB_SHORT,REJECTED,sl_too_tight: 0.95pt < 1.5pt,
S100 M3 Combo Scalper,2026-08-18 04:42:05.051950+00:00,2026-08-18 04:42:05.051970+00:00,SELL,4392.25,4393.21,4389.86,S100_OB_SHORT,REJECTED,sl_too_tight: 0.96pt < 1.5pt,
S100 M3 Combo Scalper,2026-08-18 05:21:05.706719+00:00,2026-08-18 05:21:05.706739+00:00,SELL,4394.82,4395.81,4392.36,S100_OB_SHORT,REJECTED,sl_too_tight: 0.99pt < 1.5pt,
S100 M3 Combo Scalper,2026-08-18 05:45:05.931629+00:00,2026-08-18 05:45:05.931707+00:00,SELL,4391.65,4395.07,4383.13,S100_FVG_SHORT,PLACED,,778f19db-7532-4f90-8d8b-f185f72df6a1
S100 M3 Combo Scalper,2026-08-18 06:10:05.391882+00:00,2026-08-18 06:10:05.391907+00:00,SELL,4392.77,4394.62,4388.16,S100_FVG_SHORT,PLACED,,5f0ed0fa-3f94-4b80-b33b-b339ec9df385
S100 M3 Combo Scalper,2026-08-18 06:44:04.568303+00:00,2026-08-18 06:44:04.568330+00:00,SELL,4398.23,4400.21,4393.29,S100_OB_SHORT,PLACED,,0059e673-bf0b-4e21-8e51-dbce03e536fa
S99 MSS FVG Reversal,2026-08-18 07:33:02.463591+00:00,2026-08-18 07:33:02.463614+00:00,BUY,4401.205,4400.2,4402.71,S99_MSS_FVG_LONG,REJECTED,sl_too_tight: 1.01pt < 1.5pt,
S100 M3 Combo Scalper,2026-08-18 07:39:02.292818+00:00,2026-08-18 07:39:02.292843+00:00,SELL,4402.43,4403.75,4399.13,S100_OB_SHORT,REJECTED,sl_too_tight: 1.32pt < 1.5pt,
S100 M3 Combo Scalper,2026-08-18 08:28:21.578098+00:00,2026-08-18 08:28:21.578117+00:00,SELL,4388.98,4392.06,4381.25,S100_FVG_SHORT,REJECTED,soft_daily_brake: daily P&L -137.00 USD <= -120 soft brake,
S100 M3 Combo Scalper,2026-08-18 08:55:06.190734+00:00,2026-08-18 08:55:06.190754+00:00,SELL,4393.55,4396.03,4387.32,S100_FVG_SHORT,REJECTED,soft_daily_brake: daily P&L -137.00 USD <= -120 soft brake,
S100 M3 Combo Scalper,2026-08-19 02:39:01.701990+00:00,2026-08-19 02:39:01.702016+00:00,BUY,4355.09,4352.93,4360.48,S100_OB_LONG,REJECTED,entry_drift: drift +0.67pt vs budget 0.50pt (ltp 4355.76),
S100 M3 Combo Scalper,2026-08-19 03:33:05.080931+00:00,2026-08-19 03:33:05.080951+00:00,BUY,4356.32,4354.37,4361.2,S100_FVG_LONG,REJECTED,entry_drift: drift +0.77pt vs budget 0.49pt (ltp 4357.09),
S100 M3 Combo Scalper,2026-08-19 03:36:21.749408+00:00,2026-08-19 03:36:21.749431+00:00,BUY,4357.69,4355.13,4364.07,S100_RSI3_MOMO_LONG,PLACED,,8bd66a06-9374-4909-af31-e2bf46b63360
S100 M3 Combo Scalper,2026-08-19 03:43:03.892069+00:00,2026-08-19 03:43:03.892094+00:00,BUY,4357.18,4356.55,4358.73,S100_OB_LONG,REJECTED,open_position_cap,
S100 M3 Combo Scalper,2026-08-19 05:30:06.672962+00:00,2026-08-19 05:30:06.672983+00:00,SELL,4345.07,4349.06,4335.11,S100_OB_SHORT,REJECTED,entry_drift: drift +1.97pt vs budget 0.50pt (ltp 4343.10),
S100 M3 Combo Scalper,2026-08-19 05:58:01.996529+00:00,2026-08-19 05:58:01.996548+00:00,SELL,4338.61,4340.89,4332.92,S100_FVG_SHORT,PLACED,,f01d8133-9f3a-4fb2-ba4d-3c34eb60b051
S100 M3 Combo Scalper,2026-08-19 06:38:02.174858+00:00,2026-08-19 06:38:02.174877+00:00,SELL,4343.68,4347.95,4333.0,S100_OB_SHORT,PLACED,,ec442f6c-72e5-441f-98b8-09e1f70a8400
S100 M3 Combo Scalper,2026-08-19 07:39:05.695585+00:00,2026-08-19 07:39:05.695605+00:00,BUY,4358.62,4356.52,4363.87,S100_FVG_LONG,PLACED,,72d63c74-4ab5-4d99-b0d7-fafcb6fce3b9
S99 MSS FVG Reversal,2026-08-19 07:41:05.684616+00:00,2026-08-19 07:41:05.684636+00:00,BUY,4357.245,4356.26,4358.72,S99_MSS_FVG_LONG,REJECTED,no_add_to_loser,
S100 M3 Combo Scalper,2026-08-19 08:52:02.271478+00:00,2026-08-19 08:52:02.271499+00:00,BUY,4359.06,4357.17,4363.8,S100_FVG_LONG,REJECTED,entry_drift: drift +1.09pt vs budget 0.47pt (ltp 4360.15),
S99 MSS FVG Reversal,2026-08-19 09:05:03.649205+00:00,2026-08-19 09:05:03.649226+00:00,SELL,4358.54,4361.46,4354.16,S99_MSS_FVG_SHORT,PLACED,,07e83cd8-11fb-4255-996c-345f8bbb67aa
S99 MSS FVG Reversal,2026-08-19 09:54:21.623503+00:00,2026-08-19 09:54:21.623523+00:00,BUY,4358.325,4356.73,4360.72,S99_MSS_FVG_LONG,REJECTED,entry_drift: drift +0.82pt vs budget 0.40pt (ltp 4359.14),
S99 MSS FVG Reversal,2026-08-19 10:28:03.991588+00:00,2026-08-19 10:28:03.991609+00:00,BUY,4366.82,4363.6,4371.65,S99_MSS_FVG_LONG,REJECTED,entry_drift: drift +0.74pt vs budget 0.50pt (ltp 4367.56),
S99 MSS FVG Reversal,2026-08-19 11:18:04.406145+00:00,2026-08-19 11:18:04.406170+00:00,BUY,4370.625,4367.46,4375.37,S99_MSS_FVG_LONG,PLACED,,b13fa11c-b514-4abc-b217-7d69c3c385e7
S100 M3 Combo Scalper,2026-08-19 13:01:03.178109+00:00,2026-08-19 13:01:03.178131+00:00,BUY,4435.38,4423.31,4465.53,S100_FVG_LONG,REJECTED,entry_drift: drift +3.22pt vs budget 0.50pt (ltp 4438.60),
S99 MSS FVG Reversal,2026-08-19 13:07:05.836452+00:00,2026-08-19 13:07:05.836471+00:00,BUY,4426.395,4419.32,4437.01,S99_MSS_FVG_LONG,REJECTED,entry_drift: drift +1.74pt vs budget 0.50pt (ltp 4428.14),
S99 MSS FVG Reversal,2026-08-19 13:23:01.844454+00:00,2026-08-19 13:23:01.844474+00:00,BUY,4455.84,4438.98,4481.13,S99_MSS_FVG_LONG,REJECTED,entry_drift: drift +1.60pt vs budget 0.50pt (ltp 4457.44),
S100 M3 Combo Scalper,2026-08-19 13:23:04.080512+00:00,2026-08-19 13:23:04.080532+00:00,BUY,4455.84,4443.11,4487.66,S100_FVG_LONG,REJECTED,entry_drift: drift +2.28pt vs budget 0.50pt (ltp 4458.12),
S100 M3 Combo Scalper,2026-08-19 13:35:03.936540+00:00,2026-08-19 13:35:03.936567+00:00,BUY,4459.79,4456.21,4468.75,S100_OB_LONG,REJECTED,entry_drift: drift +0.80pt vs budget 0.50pt (ltp 4460.59),
S100 M3 Combo Scalper,2026-08-19 14:12:02.623359+00:00,2026-08-19 14:12:02.623390+00:00,BUY,4470.39,4460.85,4494.24,S100_RSI3_MOMO_LONG,PLACED,,0bc91132-5111-4bee-8044-ace3dcf09705
S100 M3 Combo Scalper,2026-08-19 14:35:05.364891+00:00,2026-08-19 14:35:05.364912+00:00,BUY,4484.41,4476.78,4503.48,S100_FVG_LONG,REJECTED,open_position_cap,
S99 MSS FVG Reversal,2026-08-19 14:47:04.680464+00:00,2026-08-19 14:47:04.680484+00:00,BUY,4483.92,4478.42,4492.17,S99_MSS_FVG_LONG,PLACED,,016ce118-1ffd-49db-80c5-53b727dab729
S99 MSS FVG Reversal,2026-08-19 15:51:05.174826+00:00,2026-08-19 15:51:05.174849+00:00,BUY,4489.895,4487.12,4494.06,S99_MSS_FVG_LONG,PLACED,,37066f2e-5579-40c9-ab27-7a00daa8ff47
S100 M3 Combo Scalper,2026-08-19 15:51:06.746078+00:00,2026-08-19 15:51:06.746098+00:00,BUY,4489.9,4487.14,4496.77,S100_FVG_LONG,REJECTED,no_add_to_loser,
S100 M3 Combo Scalper,2026-08-20 01:31:02.530036+00:00,2026-08-20 01:31:02.530057+00:00,BUY,4497.32,4491.92,4510.83,S100_OB_LONG,REJECTED,entry_drift: drift +2.55pt vs budget 0.50pt (ltp 4499.87),
S100 M3 Combo Scalper,2026-08-20 02:00:04.760350+00:00,2026-08-20 02:00:04.760371+00:00,SELL,4490.37,4493.4,4482.79,S100_FVG_SHORT,REJECTED,entry_drift: drift +0.99pt vs budget 0.50pt (ltp 4489.38),
S100 M3 Combo Scalper,2026-08-20 02:25:03.618855+00:00,2026-08-20 02:25:03.618876+00:00,SELL,4493.33,4496.12,4486.36,S100_FVG_SHORT,PLACED,,0fa65d57-8d2d-4a10-9ae1-ac90ff6d69b4
S100 M3 Combo Scalper,2026-08-20 03:18:03.717578+00:00,2026-08-20 03:18:03.717599+00:00,SELL,4492.84,4494.84,4487.85,S100_FVG_SHORT,REJECTED,entry_drift: drift +1.49pt vs budget 0.50pt (ltp 4491.35),
S100 M3 Combo Scalper,2026-08-20 04:24:05.882888+00:00,2026-08-20 04:24:05.882913+00:00,SELL,4495.05,4497.2,4489.66,S100_RSI3_MOMO_SHORT,PLACED,,cab2f2b2-55d2-4a0a-9148-d443a740f655
S100 M3 Combo Scalper,2026-08-20 04:53:01.657481+00:00,2026-08-20 04:53:01.657501+00:00,SELL,4490.97,4494.86,4481.24,S100_FVG_SHORT,PLACED,,b160875a-6c07-4ebd-bbd8-38862dc2dcac
S100 M3 Combo Scalper,2026-08-20 05:03:02.055758+00:00,2026-08-20 05:03:02.055779+00:00,SELL,4490.22,4491.23,4487.69,S100_OB_SHORT,REJECTED,open_position_cap,
S100 M3 Combo Scalper,2026-08-20 05:25:05.532294+00:00,2026-08-20 05:25:05.532400+00:00,SELL,4487.08,4490.68,4478.08,S100_FVG_SHORT,REJECTED,open_position_cap,
S100 M3 Combo Scalper,2026-08-20 05:31:02.942557+00:00,2026-08-20 05:31:02.942576+00:00,SELL,4484.62,4487.21,4478.16,S100_OB_SHORT,REJECTED,open_position_cap,
S100 M3 Combo Scalper,2026-08-20 05:58:03.772771+00:00,2026-08-20 05:58:03.772791+00:00,SELL,4480.77,4481.83,4478.14,S100_OB_SHORT,REJECTED,sl_too_tight: 1.06pt < 1.5pt,
S100 M3 Combo Scalper,2026-08-20 07:07:02.774403+00:00,2026-08-20 07:07:02.774424+00:00,SELL,4489.19,4492.32,4481.35,S100_FVG_SHORT,REJECTED,entry_drift: drift +0.72pt vs budget 0.50pt (ltp 4488.47),
S100 M3 Combo Scalper,2026-08-20 08:54:05.946513+00:00,2026-08-20 08:54:05.946541+00:00,SELL,4490.56,4491.41,4488.43,S100_OB_SHORT,REJECTED,sl_too_tight: 0.85pt < 1.5pt,
S99 MSS FVG Reversal,2026-08-20 10:04:04.116756+00:00,2026-08-20 10:04:04.116776+00:00,SELL,4484.855,4485.94,4483.23,S99_MSS_FVG_SHORT,REJECTED,sl_too_tight: 1.09pt < 1.5pt,
S99 MSS FVG Reversal,2026-08-20 11:25:03.096013+00:00,2026-08-20 11:25:03.096036+00:00,SELL,4487.635,4488.36,4486.55,S99_MSS_FVG_SHORT,REJECTED,sl_too_tight: 0.72pt < 1.5pt,
S99 MSS FVG Reversal,2026-08-20 12:11:03.580151+00:00,2026-08-20 12:11:03.580172+00:00,SELL,4459.45,4466.82,4448.4,S99_MSS_FVG_SHORT,PLACED,,2e711ca6-fd94-4ffb-89d9-5b0c8556900a
S99 MSS FVG Reversal,2026-08-20 13:16:03.989050+00:00,2026-08-20 13:16:03.989071+00:00,BUY,4471.745,4470.17,4474.11,S99_MSS_FVG_LONG,REJECTED,entry_drift: drift +0.85pt vs budget 0.39pt (ltp 4472.59),
S100 M3 Combo Scalper,2026-08-20 14:29:06.692047+00:00,2026-08-20 14:29:06.692065+00:00,BUY,4487.59,4486.26,4490.92,S100_OB_LONG,REJECTED,sl_too_tight: 1.33pt < 1.5pt,
S100 M3 Combo Scalper,2026-08-20 15:10:04.295300+00:00,2026-08-20 15:10:04.295321+00:00,BUY,4523.8,4514.92,4546.0,S100_FVG_LONG,REJECTED,entry_drift: drift +1.19pt vs budget 0.50pt (ltp 4524.99),
S99 MSS FVG Reversal,2026-08-20 15:12:02.500503+00:00,2026-08-20 15:12:02.500524+00:00,BUY,4522.39,4514.52,4534.19,S99_MSS_FVG_LONG,REJECTED,entry_drift: drift +3.30pt vs budget 0.50pt (ltp 4525.69),
S100 M3 Combo Scalper,2026-08-20 15:22:03.244776+00:00,2026-08-20 15:22:03.244793+00:00,BUY,4529.92,4523.52,4545.91,S100_OB_LONG,PLACED,,befe0024-90e4-484c-bd5c-04138217f3c2
S100 M3 Combo Scalper,2026-08-21 01:37:03.413958+00:00,2026-08-21 01:37:03.413981+00:00,BUY,4534.92,4529.75,4547.85,S100_FVG_LONG,REJECTED,entry_drift: drift +0.56pt vs budget 0.50pt (ltp 4535.48),
S100 M3 Combo Scalper,2026-08-21 02:29:04.705262+00:00,2026-08-21 02:29:04.705293+00:00,BUY,4526.78,4522.61,4537.2,S100_FVG_LONG,PLACED,,27b444a5-34ca-4f9e-ae51-09cb09c424e8
S100 M3 Combo Scalper,2026-08-21 02:57:04.419163+00:00,2026-08-21 02:57:04.419181+00:00,BUY,4538.29,4535.71,4544.75,S100_OB_LONG,PLACED,,b488cc54-f3fe-4ad8-9875-880ec27858be
S100 M3 Combo Scalper,2026-08-21 03:37:04.647343+00:00,2026-08-21 03:37:04.647366+00:00,BUY,4532.65,4528.92,4541.98,S100_OB_LONG,PLACED,,4846dc85-5a6e-4e8d-80bb-f557ba5eefe4
S100 M3 Combo Scalper,2026-08-21 04:07:21.974278+00:00,2026-08-21 04:07:21.974299+00:00,BUY,4537.45,4535.2,4543.08,S100_FVG_LONG,PLACED,,2c0eb9db-4877-4812-a9d8-05fbbb480834
S100 M3 Combo Scalper,2026-08-21 04:16:05.539082+00:00,2026-08-21 04:16:05.539101+00:00,BUY,4538.99,4536.51,4545.21,S100_OB_LONG,REJECTED,open_position_cap,
S100 M3 Combo Scalper,2026-08-21 04:27:03.556160+00:00,2026-08-21 04:27:03.556361+00:00,BUY,4545.68,4542.38,4553.91,S100_RSI3_MOMO_LONG,PLACED,,df6ba05e-7a6d-415e-a5f2-33db102ebe98
S100 M3 Combo Scalper,2026-08-21 06:02:07.157917+00:00,2026-08-21 06:02:07.157944+00:00,BUY,4552.15,4548.48,4561.33,S100_FVG_LONG,PLACED,,89665629-076f-4d33-a829-16fa2c4e8d5a
S99 MSS FVG Reversal,2026-08-21 06:04:03.580800+00:00,2026-08-21 06:04:03.580827+00:00,BUY,4547.895,4545.7,4551.19,S99_MSS_FVG_LONG,REJECTED,entry_drift: drift +0.55pt vs budget 0.50pt (ltp 4548.45),
S100 M3 Combo Scalper,2026-08-21 06:22:03.053813+00:00,2026-08-21 06:22:03.053834+00:00,BUY,4553.65,4549.29,4564.58,S100_FVG_LONG,PLACED,,5edd11d8-bdbc-4a18-9123-088a4174849e
S100 M3 Combo Scalper,2026-08-21 06:41:02.362874+00:00,2026-08-21 06:41:02.362908+00:00,BUY,4563.88,4558.47,4577.39,S100_FVG_LONG,PLACED,,ff27a271-3a0a-4d4b-b12e-98cc716e6b41
S99 MSS FVG Reversal,2026-08-21 06:41:21.594435+00:00,2026-08-21 06:41:21.594454+00:00,BUY,4561.355,4556.97,4567.93,S99_MSS_FVG_LONG,REJECTED,duplicate_entry,
S100 M3 Combo Scalper,2026-08-21 06:55:04.160459+00:00,2026-08-21 06:55:04.160483+00:00,BUY,4564.64,4560.39,4575.25,S100_OB_LONG,REJECTED,open_position_cap,
S100 M3 Combo Scalper,2026-08-21 07:22:03.296935+00:00,2026-08-21 07:22:03.296955+00:00,BUY,4564.7,4561.07,4573.78,S100_FVG_LONG,REJECTED,open_position_cap,
S100 M3 Combo Scalper,2026-08-21 07:49:06.580021+00:00,2026-08-21 07:49:06.580039+00:00,BUY,4564.61,4563.67,4566.98,S100_OB_LONG,REJECTED,open_position_cap,
S100 M3 Combo Scalper,2026-08-21 08:16:03.635500+00:00,2026-08-21 08:16:03.635520+00:00,BUY,4564.02,4561.28,4570.85,S100_FVG_LONG,REJECTED,entry_drift: drift +0.91pt vs budget 0.50pt (ltp 4564.93),
S100 M3 Combo Scalper,2026-08-21 08:31:04.621866+00:00,2026-08-21 08:31:04.621884+00:00,BUY,4579.1,4577.05,4584.24,S100_FVG_LONG,PLACED,,577c93ea-7a62-484b-8ad9-f5ba2787d939
S99 MSS FVG Reversal,2026-08-21 08:40:02.517821+00:00,2026-08-21 08:40:02.517849+00:00,BUY,4577.59,4572.56,4585.14,S99_MSS_FVG_LONG,REJECTED,entry_drift: drift +2.22pt vs budget 0.50pt (ltp 4579.81),
S99 MSS FVG Reversal,2026-08-21 09:20:06.544206+00:00,2026-08-21 09:20:06.544227+00:00,BUY,4595.575,4585.05,4611.36,S99_MSS_FVG_LONG,PLACED,,189e32f9-a9a0-4dc8-a896-80af1bd12a6d
S99 MSS FVG Reversal,2026-08-21 10:47:05.886222+00:00,2026-08-21 10:47:05.886270+00:00,BUY,4591.31,4590.01,4593.26,S99_MSS_FVG_LONG,REJECTED,sl_too_tight: 1.30pt < 1.5pt,
S99 MSS FVG Reversal,2026-08-21 11:28:05.737611+00:00,2026-08-21 11:28:05.737634+00:00,BUY,4596.0,4592.34,4601.49,S99_MSS_FVG_LONG,REJECTED,entry_drift: drift +0.58pt vs budget 0.50pt (ltp 4596.58),
S99 MSS FVG Reversal,2026-08-21 12:46:02.365029+00:00,2026-08-21 12:46:02.365049+00:00,SELL,4575.905,4578.28,4572.34,S99_MSS_FVG_SHORT,PLACED,,33cac9c3-0118-43d8-ac93-b21cbd7ccf31
S100 M3 Combo Scalper,2026-08-21 13:46:05.507000+00:00,2026-08-21 13:46:05.507019+00:00,BUY,4584.68,4579.78,4596.94,S100_OB_LONG,REJECTED,entry_drift: drift +2.87pt vs budget 0.50pt (ltp 4587.55),
S99 MSS FVG Reversal,2026-08-21 14:33:05.050862+00:00,2026-08-21 14:33:05.050882+00:00,BUY,4597.84,4589.61,4610.19,S99_MSS_FVG_LONG,REJECTED,no_add_to_loser,
S100 M3 Combo Scalper,2026-08-21 14:35:04.807655+00:00,2026-08-21 14:35:04.807680+00:00,BUY,4590.14,4585.4,4601.99,S100_OB_LONG,PLACED,,c9f8a0ef-6c11-4604-8a2c-0491e677d57c
S100 M3 Combo Scalper,2026-08-21 14:56:07.908230+00:00,2026-08-21 14:56:07.908265+00:00,BUY,4587.06,4581.46,4601.05,S100_OB_LONG,PLACED,,871b8120-03e6-4e19-acc5-7869c24c585d
S99 MSS FVG Reversal,2026-08-21 15:31:02.335713+00:00,2026-08-21 15:31:02.335733+00:00,BUY,4600.07,4597.65,4603.7,S99_MSS_FVG_LONG,REJECTED,entry_drift: drift +0.66pt vs budget 0.50pt (ltp 4600.73),
S100 M3 Combo Scalper,2026-08-21 15:36:22.258942+00:00,2026-08-21 15:36:22.258963+00:00,BUY,4607.29,4602.31,4619.74,S100_RSI3_MOMO_LONG,REJECTED,entry_drift: drift +0.66pt vs budget 0.50pt (ltp 4607.95),
S100 M3 Combo Scalper,2026-08-21 15:42:02.708030+00:00,2026-08-21 15:42:02.708057+00:00,BUY,4608.55,4603.94,4620.08,S100_RSI3_MOMO_LONG,PLACED,,a5aa6189-ccef-4295-88e7-ac8c11728077
S100 M3 Combo Scalper,2026-08-21 15:58:05.666894+00:00,2026-08-21 15:58:05.666913+00:00,BUY,4612.52,4608.84,4621.73,S100_FVG_LONG,REJECTED,open_position_cap,
S100 M3 Combo Scalper,2026-08-24 01:06:03.615259+00:00,2026-08-24 01:06:03.615288+00:00,BUY,4625.27,4616.87,4646.29,S100_RSI3_MOMO_LONG,PLACED,,af9470f0-937a-4b63-9ad4-e73f36d07139
S100 M3 Combo Scalper,2026-08-24 02:06:04.929157+00:00,2026-08-24 02:06:04.929177+00:00,BUY,4636.36,4629.56,4653.36,S100_RSI3_MOMO_LONG,REJECTED,entry_drift: drift +0.66pt vs budget 0.50pt (ltp 4637.02),
S100 M3 Combo Scalper,2026-08-24 02:21:02.913035+00:00,2026-08-24 02:21:02.913054+00:00,BUY,4651.6,4649.01,4658.07,S100_OB_LONG,REJECTED,entry_drift: drift +0.65pt vs budget 0.50pt (ltp 4652.25),
S100 M3 Combo Scalper,2026-08-24 02:31:04.149300+00:00,2026-08-24 02:31:04.149320+00:00,BUY,4653.85,4650.73,4661.64,S100_OB_LONG,PLACED,,ad584d4f-876a-49f0-b1ab-4c7a6a070949
S100 M3 Combo Scalper,2026-08-24 03:03:02.551013+00:00,2026-08-24 03:03:02.551038+00:00,BUY,4640.32,4635.98,4651.18,S100_FVG_LONG,PLACED,,1a2dd3df-5b3a-4305-99a1-c0aa15a1a9c7
S100 M3 Combo Scalper,2026-08-24 03:21:03.368682+00:00,2026-08-24 03:21:03.368703+00:00,BUY,4636.68,4633.04,4645.78,S100_OB_LONG,PLACED,,dc202455-e106-4054-b7eb-7f58e3cf8f35
S100 M3 Combo Scalper,2026-08-24 03:57:02.504512+00:00,2026-08-24 03:57:02.504534+00:00,BUY,4641.04,4634.91,4656.35,S100_OB_LONG,PLACED,,764a635b-937c-42e0-8ca1-a85bd1b35db0
S100 M3 Combo Scalper,2026-08-24 04:47:04.436745+00:00,2026-08-24 04:47:04.436766+00:00,BUY,4637.09,4635.47,4641.13,S100_OB_LONG,REJECTED,entry_drift: drift +1.12pt vs budget 0.40pt (ltp 4638.21),
S100 M3 Combo Scalper,2026-08-24 05:09:03.445762+00:00,2026-08-24 05:09:03.445782+00:00,BUY,4641.53,4638.43,4649.28,S100_RSI3_MOMO_LONG,PLACED,,ee383551-3f1b-47e2-bbc4-b39049803900
S100 M3 Combo Scalper,2026-08-24 06:22:02.049308+00:00,2026-08-24 06:22:02.049331+00:00,BUY,4654.93,4651.68,4663.05,S100_FVG_LONG,PLACED,,9fc9691d-e194-4619-aab0-073b16105b9a
S100 M3 Combo Scalper,2026-08-24 06:40:03.309924+00:00,2026-08-24 06:40:03.309942+00:00,BUY,4651.17,4647.87,4659.42,S100_FVG_LONG,REJECTED,entry_drift: drift +0.59pt vs budget 0.50pt (ltp 4651.76),
S100 M3 Combo Scalper,2026-08-24 07:02:04.190073+00:00,2026-08-24 07:02:04.190093+00:00,BUY,4648.69,4642.03,4665.35,S100_OB_LONG,PLACED,,157e0aff-ed13-43b2-b635-b99b66622bbc
S100 M3 Combo Scalper,2026-08-24 07:39:01.940370+00:00,2026-08-24 07:39:01.940392+00:00,BUY,4644.43,4641.98,4650.54,S100_OB_LONG,PLACED,,97be0228-ee41-4b7a-930f-09f25c796e5f
S99 MSS FVG Reversal,2026-08-24 07:52:01.491069+00:00,2026-08-24 07:52:01.492216+00:00,SELL,4635.68,4644.58,4622.33,S99_MSS_FVG_SHORT,PLACED,,7063c556-ef65-4113-aef1-685e6be6790c
S100 M3 Combo Scalper,2026-08-24 08:02:01.808938+00:00,2026-08-24 08:02:01.808957+00:00,BUY,4639.94,4636.25,4649.19,S100_FVG_LONG,PLACED,,ab7b8713-976d-4f1d-b3ee-7200da9acb76
S100 M3 Combo Scalper,2026-08-24 08:50:02.571478+00:00,2026-08-24 08:50:02.571500+00:00,BUY,4643.34,4639.03,4654.1,S100_FVG_LONG,PLACED,,7a713505-8117-4427-8d6b-d1b3f99c9d9e
S99 MSS FVG Reversal,2026-08-24 08:58:02.520306+00:00,2026-08-24 08:58:02.520336+00:00,BUY,4636.355,4633.28,4640.97,S99_MSS_FVG_LONG,REJECTED,entry_drift: drift +0.69pt vs budget 0.50pt (ltp 4637.04),
S99 MSS FVG Reversal,2026-08-24 10:12:04.483672+00:00,2026-08-24 10:12:04.483763+00:00,BUY,4645.705,4644.32,4647.78,S99_MSS_FVG_LONG,REJECTED,sl_too_tight: 1.39pt < 1.5pt,
S99 MSS FVG Reversal,2026-08-24 11:47:02.107209+00:00,2026-08-24 11:47:02.107232+00:00,BUY,4654.08,4650.79,4659.01,S99_MSS_FVG_LONG,PLACED,,14946cd6-4667-4317-958b-2b8d4afa4965
S99 MSS FVG Reversal,2026-08-24 13:18:01.899970+00:00,2026-08-24 13:18:01.899991+00:00,BUY,4673.3,4669.84,4678.49,S99_MSS_FVG_LONG,PLACED,,e806383a-c1e0-48be-aa3c-d29ed79d3448
S100 M3 Combo Scalper,2026-08-24 13:38:02.051231+00:00,2026-08-24 13:38:02.051282+00:00,BUY,4672.32,4669.95,4678.27,S100_OB_LONG,PLACED,,ebd986f9-7f71-480b-9fe8-c162fc752e55
S99 MSS FVG Reversal,2026-08-24 14:43:04.384486+00:00,2026-08-24 14:43:04.384507+00:00,BUY,4670.695,4667.84,4674.98,S99_MSS_FVG_LONG,PLACED,,4d9649ee-fef7-4c29-8849-1133438d3c32
S100 M3 Combo Scalper,2026-08-24 14:49:01.919061+00:00,2026-08-24 14:49:01.919088+00:00,BUY,4668.88,4665.71,4676.8,S100_OB_LONG,REJECTED,no_add_to_loser,
S100 M3 Combo Scalper,2026-08-24 15:01:03.449807+00:00,2026-08-24 15:01:03.449825+00:00,BUY,4669.97,4665.25,4681.75,S100_FVG_LONG,PLACED,,3b52247a-0a2e-4076-b8b7-2b148124780c
S100 M3 Combo Scalper,2026-08-24 15:11:02.999388+00:00,2026-08-24 15:11:02.999407+00:00,BUY,4673.22,4669.51,4682.48,S100_FVG_LONG,REJECTED,open_position_cap,
S100 M3 Combo Scalper,2026-08-24 15:31:04.819225+00:00,2026-08-24 15:31:04.819269+00:00,BUY,4672.75,4668.43,4683.54,S100_OB_LONG,REJECTED,open_position_cap,
S100 M3 Combo Scalper,2026-08-25 02:11:05.873925+00:00,2026-08-25 02:11:05.873946+00:00,SELL,4645.43,4656.81,4616.98,S100_FVG_SHORT,REJECTED,entry_drift: drift +1.05pt vs budget 0.50pt (ltp 4644.38),
S100 M3 Combo Scalper,2026-08-25 02:15:03.239786+00:00,2026-08-25 02:15:03.239809+00:00,SELL,4642.02,4648.77,4625.15,S100_RSI3_MOMO_SHORT,PLACED,,13a27a99-781c-4c9c-8d4b-e88fb77d0bdf
S100 M3 Combo Scalper,2026-08-25 02:49:05.032606+00:00,2026-08-25 02:49:05.032628+00:00,SELL,4637.3,4641.27,4627.38,S100_FVG_SHORT,REJECTED,entry_drift: drift +2.16pt vs budget 0.50pt (ltp 4635.14),
S100 M3 Combo Scalper,2026-08-25 03:51:02.415349+00:00,2026-08-25 03:51:02.415375+00:00,SELL,4633.16,4636.81,4624.03,S100_RSI3_MOMO_SHORT,PLACED,,17a40c4a-ecf4-4681-b4eb-f5dd0dcc4e28
S100 M3 Combo Scalper,2026-08-25 04:13:03.856739+00:00,2026-08-25 04:13:03.856759+00:00,SELL,4637.31,4639.9,4630.81,S100_FVG_SHORT,REJECTED,"metaapi_rejection: HTTP 429: {""id"":1683125,""error"":""TooManyRequestsError"",""message"":""It seems like you are trying to access too many unexisting or undeployed trading accounts. Please check your application log",
S100 M3 Combo Scalper,2026-08-25 04:39:02.277439+00:00,2026-08-25 04:39:02.277464+00:00,SELL,4627.44,4630.64,4619.46,S100_RSI3_MOMO_SHORT,PLACED,,9cd90a00-fbd5-45c2-ae2a-0237c83f73cd
S100 M3 Combo Scalper,2026-08-25 05:36:02.986091+00:00,2026-08-25 05:36:02.986110+00:00,SELL,4645.14,4647.34,4639.64,S100_OB_SHORT,REJECTED,soft_daily_brake: daily P&L -149.00 USD <= -120 soft brake,
S100 M3 Combo Scalper,2026-08-25 05:47:00.977382+00:00,2026-08-25 05:47:00.977405+00:00,SELL,4641.35,4643.75,4635.36,S100_FVG_SHORT,REJECTED,soft_daily_brake: daily P&L -149.00 USD <= -120 soft brake,
S100 M3 Combo Scalper,2026-08-25 05:53:05.569323+00:00,2026-08-25 05:53:05.569344+00:00,SELL,4639.11,4642.88,4629.7,S100_OB_SHORT,REJECTED,soft_daily_brake: daily P&L -149.00 USD <= -120 soft brake,
S99 MSS FVG Reversal,2026-08-25 06:16:04.153171+00:00,2026-08-25 06:16:04.153192+00:00,BUY,4647.805,4645.27,4651.61,S99_MSS_FVG_LONG,REJECTED,soft_daily_brake: daily P&L -149.00 USD <= -120 soft brake,
S99 MSS FVG Reversal,2026-08-25 06:31:03.830915+00:00,2026-08-25 06:31:03.830934+00:00,BUY,4649.835,4648.61,4651.67,S99_MSS_FVG_LONG,REJECTED,sl_too_tight: 1.23pt < 1.5pt,
S100 M3 Combo Scalper,2026-08-25 07:03:02.028693+00:00,2026-08-25 07:03:02.028718+00:00,SELL,4640.78,4643.66,4633.58,S100_FVG_SHORT,REJECTED,soft_daily_brake: daily P&L -149.00 USD <= -120 soft brake,
S100 M3 Combo Scalper,2026-08-25 08:07:21.288527+00:00,2026-08-25 08:07:21.288547+00:00,SELL,4628.64,4630.61,4623.7,S100_FVG_SHORT,REJECTED,soft_daily_brake: daily P&L -149.00 USD <= -120 soft brake,
S100 M3 Combo Scalper,2026-08-25 08:16:05.283659+00:00,2026-08-25 08:16:05.283678+00:00,SELL,4627.36,4628.7,4624.03,S100_OB_SHORT,REJECTED,sl_too_tight: 1.34pt < 1.5pt,
S99 MSS FVG Reversal,2026-08-25 08:18:01.420867+00:00,2026-08-25 08:18:01.420887+00:00,SELL,4629.13,4630.88,4626.51,S99_MSS_FVG_SHORT,REJECTED,soft_daily_brake: daily P&L -149.00 USD <= -120 soft brake,
S100 M3 Combo Scalper,2026-08-25 08:46:02.443633+00:00,2026-08-25 08:46:02.443652+00:00,SELL,4633.12,4634.75,4629.04,S100_OB_SHORT,REJECTED,soft_daily_brake: daily P&L -149.00 USD <= -120 soft brake,
S100 M3 Combo Scalper,2026-08-25 08:56:05.284823+00:00,2026-08-25 08:56:05.284881+00:00,SELL,4628.3,4633.02,4616.49,S100_FVG_SHORT,REJECTED,soft_daily_brake: daily P&L -149.00 USD <= -120 soft brake,
S100 M3 Combo Scalper,2026-08-25 13:10:07.131172+00:00,2026-08-25 13:10:07.133506+00:00,SELL,4632.4,4633.55,4629.53,S100_OB_SHORT,REJECTED,sl_too_tight: 1.15pt < 1.5pt,
S100 M3 Combo Scalper,2026-08-26 02:38:04.579110+00:00,2026-08-26 02:38:04.579130+00:00,BUY,4660.94,4658.34,4667.42,S100_FVG_LONG,PLACED,,af0a183d-886c-4254-ab0a-e987e6a566a4
S100 M3 Combo Scalper,2026-08-26 02:49:02.477996+00:00,2026-08-26 02:49:02.478057+00:00,BUY,4666.81,4664.57,4672.41,S100_FVG_LONG,PLACED,,804624a6-f0b2-4938-9c38-fb455613b39d
S100 M3 Combo Scalper,2026-08-26 04:42:22.506969+00:00,2026-08-26 04:42:22.506988+00:00,SELL,4641.1,4642.63,4637.28,S100_RSI3_MOMO_SHORT,PLACED,,e729d568-fc10-49f7-8cea-7b30ebc1ef78
S100 M3 Combo Scalper,2026-08-26 04:54:05.633299+00:00,2026-08-26 04:54:05.633324+00:00,SELL,4641.83,4642.72,4639.62,S100_OB_SHORT,REJECTED,open_position_cap,
S100 M3 Combo Scalper,2026-08-26 05:41:04.970900+00:00,2026-08-26 05:41:04.970920+00:00,SELL,4643.55,4647.64,4633.32,S100_OB_SHORT,PLACED,,04614e4f-74e2-403c-8bdc-d7b81a6df4a8
S100 M3 Combo Scalper,2026-08-26 05:49:05.626875+00:00,2026-08-26 05:49:05.626893+00:00,SELL,4639.85,4645.36,4626.08,S100_OB_SHORT,REJECTED,open_position_cap,
S100 M3 Combo Scalper,2026-08-26 06:04:01.058478+00:00,2026-08-26 06:04:01.058495+00:00,SELL,4638.07,4640.71,4631.49,S100_OB_SHORT,REJECTED,open_position_cap,
S99 MSS FVG Reversal,2026-08-26 06:32:03.342508+00:00,2026-08-26 06:32:03.345724+00:00,SELL,4629.03,4632.45,4623.9,S99_MSS_FVG_SHORT,PLACED,,8b89f2d4-61f9-40bf-a308-d1a81084d0c0
S100 M3 Combo Scalper,2026-08-26 06:32:06.681691+00:00,2026-08-26 06:32:06.684649+00:00,SELL,4629.03,4632.15,4621.22,S100_FVG_SHORT,REJECTED,no_add_to_loser,
S100 M3 Combo Scalper,2026-08-26 07:33:03.585667+00:00,2026-08-26 07:33:03.585687+00:00,SELL,4633.51,4635.09,4629.54,S100_OB_SHORT,PLACED,,7258c04f-1f2c-49d8-93df-e4ed9c030810
S100 M3 Combo Scalper,2026-08-26 07:49:05.814697+00:00,2026-08-26 07:49:05.814716+00:00,SELL,4633.87,4634.86,4631.39,S100_OB_SHORT,REJECTED,sl_too_tight: 0.99pt < 1.5pt,
S100 M3 Combo Scalper,2026-08-26 07:58:05.080529+00:00,2026-08-26 07:58:05.080548+00:00,SELL,4628.72,4630.97,4623.1,S100_FVG_SHORT,PLACED,,a89611a0-dfce-40ef-b269-568749290905
S99 MSS FVG Reversal,2026-08-26 08:04:03.014875+00:00,2026-08-26 08:04:03.015004+00:00,SELL,4630.12,4631.75,4627.67,S99_MSS_FVG_SHORT,REJECTED,no_add_to_loser,
S100 M3 Combo Scalper,2026-08-26 08:12:04.219121+00:00,2026-08-26 08:12:04.219146+00:00,SELL,4626.44,4629.54,4618.67,S100_RSI3_MOMO_SHORT,REJECTED,open_position_cap,
S100 M3 Combo Scalper,2026-08-26 08:50:05.915168+00:00,2026-08-26 08:50:05.915189+00:00,SELL,4628.91,4630.22,4625.66,S100_OB_SHORT,REJECTED,sl_too_tight: 1.31pt < 1.5pt,
S99 MSS FVG Reversal,2026-08-26 09:32:05.570957+00:00,2026-08-26 09:32:05.570978+00:00,SELL,4619.73,4621.72,4616.74,S99_MSS_FVG_SHORT,REJECTED,"metaapi_rejection: unexpected response: {'numericCode': 10016, 'stringCode': 'TRADE_RETCODE_INVALID_STOPS', 'message': 'Invalid stops in the request'}",
S99 MSS FVG Reversal,2026-08-26 12:11:02.741106+00:00,2026-08-26 12:11:02.741130+00:00,BUY,4626.98,4624.53,4630.65,S99_MSS_FVG_LONG,PLACED,,0f6b9019-30ee-470b-93f7-64f20da8be4c
S99 MSS FVG Reversal,2026-08-26 15:11:01.981188+00:00,2026-08-26 15:11:01.981213+00:00,SELL,4598.85,4604.55,4590.3,S99_MSS_FVG_SHORT,PLACED,,2f73e711-b026-41e6-86fa-c1b02a6598ce
S100 M3 Combo Scalper,2026-08-26 15:19:05.776104+00:00,2026-08-26 15:19:05.776125+00:00,SELL,4589.97,4595.79,4575.42,S100_FVG_SHORT,PLACED,,a5848f62-fdf7-4eb1-a561-b2e323f803f3
S100 M3 Combo Scalper,2026-08-26 15:58:02.910625+00:00,2026-08-26 15:58:02.910744+00:00,SELL,4603.71,4606.91,4595.72,S100_FVG_SHORT,REJECTED,entry_drift: drift +3.42pt vs budget 0.50pt (ltp 4600.29),
S100 M3 Combo Scalper,2026-08-27 01:09:01.730888+00:00,2026-08-27 01:09:01.730908+00:00,BUY,4615.4,4610.19,4628.44,S100_RSI3_MOMO_LONG,PLACED,,e801171e-fcf2-482c-a168-3548faa62d64
S100 M3 Combo Scalper,2026-08-27 01:43:03.430656+00:00,2026-08-27 01:43:03.430675+00:00,BUY,4627.65,4621.44,4643.17,S100_FVG_LONG,PLACED,,6591b014-fb1d-4655-95f8-1268ed5c0cd2
S100 M3 Combo Scalper,2026-08-27 02:19:05.986672+00:00,2026-08-27 02:19:05.986693+00:00,BUY,4637.74,4632.78,4650.13,S100_FVG_LONG,REJECTED,open_position_cap,
S100 M3 Combo Scalper,2026-08-27 03:11:21.518487+00:00,2026-08-27 03:11:21.518507+00:00,BUY,4629.85,4628.54,4633.12,S100_OB_LONG,REJECTED,sl_too_tight: 1.31pt < 1.5pt,
S100 M3 Combo Scalper,2026-08-27 03:19:01.684101+00:00,2026-08-27 03:19:01.684123+00:00,BUY,4633.64,4630.8,4640.75,S100_FVG_LONG,PLACED,,36eab484-0ef8-464d-af30-50194f316c44
S100 M3 Combo Scalper,2026-08-27 03:31:05.896476+00:00,2026-08-27 03:31:05.896601+00:00,BUY,4634.4,4632.99,4637.92,S100_OB_LONG,REJECTED,open_position_cap,
S100 M3 Combo Scalper,2026-08-27 05:59:05.422329+00:00,2026-08-27 05:59:05.422352+00:00,SELL,4605.44,4609.69,4594.84,S100_OB_SHORT,PLACED,,df637b28-1561-4c10-8f05-293c6b83ab48
S99 MSS FVG Reversal,2026-08-27 07:30:01.534113+00:00,2026-08-27 07:30:01.534143+00:00,SELL,4599.06,4602.16,4594.41,S99_MSS_FVG_SHORT,REJECTED,"metaapi_rejection: no broker ack after 1 attempt(s) (network error: HTTPSConnectionPool(host='mt-client-api-v1.new-york.agiliumtrade.ai', port=443): Read timed out. (read timeout=15))",
S100 M3 Combo Scalper,2026-08-27 07:57:03.636591+00:00,2026-08-27 07:57:03.636616+00:00,SELL,4602.34,4604.71,4596.41,S100_OB_SHORT,REJECTED,entry_drift: drift +0.82pt vs budget 0.50pt (ltp 4601.52),
S100 M3 Combo Scalper,2026-08-27 08:25:03.194637+00:00,2026-08-27 08:25:03.194655+00:00,SELL,4603.41,4606.69,4595.22,S100_OB_SHORT,REJECTED,"metaapi_rejection: no broker ack after 1 attempt(s) (network error: HTTPSConnectionPool(host='mt-client-api-v1.new-york.agiliumtrade.ai', port=443): Read timed out. (read timeout=15))",
S99 MSS FVG Reversal,2026-08-27 09:53:02.640933+00:00,2026-08-27 09:53:02.640960+00:00,SELL,4584.63,4594.04,4570.52,S99_MSS_FVG_SHORT,REJECTED,"metaapi_rejection: no broker ack after 1 attempt(s) (network error: HTTPSConnectionPool(host='mt-client-api-v1.new-york.agiliumtrade.ai', port=443): Read timed out. (read timeout=15))",
S99 MSS FVG Reversal,2026-08-27 11:01:05.732805+00:00,2026-08-27 11:01:05.732825+00:00,BUY,4588.325,4587.03,4590.27,S99_MSS_FVG_LONG,REJECTED,sl_too_tight: 1.30pt < 1.5pt,
S99 MSS FVG Reversal,2026-08-27 12:17:04.779837+00:00,2026-08-27 12:17:04.779931+00:00,SELL,4595.615,4598.58,4591.17,S99_MSS_FVG_SHORT,REJECTED,entry_drift: drift +1.70pt vs budget 0.50pt (ltp 4593.91),
S99 MSS FVG Reversal,2026-08-27 12:56:02.707192+00:00,2026-08-27 12:56:02.707213+00:00,SELL,4585.125,4588.05,4580.74,S99_MSS_FVG_SHORT,REJECTED,entry_drift: drift +0.69pt vs budget 0.50pt (ltp 4584.44),
S100 M3 Combo Scalper,2026-08-27 13:17:04.413424+00:00,2026-08-27 13:17:04.413445+00:00,SELL,4587.15,4590.21,4579.52,S100_OB_SHORT,REJECTED,entry_drift: drift +1.47pt vs budget 0.50pt (ltp 4585.68),
S99 MSS FVG Reversal,2026-08-27 13:43:03.561397+00:00,2026-08-27 13:43:03.561417+00:00,SELL,4581.52,4588.57,4570.95,S99_MSS_FVG_SHORT,PLACED,,f282050f-43b8-424e-be69-3103e568cbd7
S100 M3 Combo Scalper,2026-08-27 15:28:03.644666+00:00,2026-08-27 15:28:03.644687+00:00,SELL,4592.2,4594.63,4586.14,S100_FVG_SHORT,PLACED,,edb79f3c-ec33-4fde-ad5e-03548914a89c
S100 M3 Combo Scalper,2026-08-27 15:54:05.210396+00:00,2026-08-27 15:54:05.210420+00:00,BUY,4607.91,4603.36,4619.3,S100_RSI3_MOMO_LONG,REJECTED,entry_drift: drift +0.82pt vs budget 0.50pt (ltp 4608.73),
S100 M3 Combo Scalper,2026-08-28 01:49:02.412435+00:00,2026-08-28 01:49:02.412461+00:00,SELL,4579.36,4583.27,4569.58,S100_OB_SHORT,PLACED,,6b7156e1-fe3c-40b9-9961-c4732f47fcca
S100 M3 Combo Scalper,2026-08-28 01:56:03.812433+00:00,2026-08-28 01:56:03.812453+00:00,SELL,4578.23,4584.03,4563.74,S100_OB_SHORT,PLACED,,7a8fd91c-20bb-465a-9526-dae2a3e9b4ff
S100 M3 Combo Scalper,2026-08-28 03:16:05.708436+00:00,2026-08-28 03:16:05.708457+00:00,SELL,4585.44,4587.83,4579.49,S100_OB_SHORT,PLACED,,dc3253bc-e8ad-4984-832d-ef0e74b6bb3d
S100 M3 Combo Scalper,2026-08-28 03:42:06.606081+00:00,2026-08-28 03:42:06.606100+00:00,SELL,4581.81,4584.82,4574.27,S100_RSI3_MOMO_SHORT,PLACED,,a93ec402-d569-4cbb-8134-8b671fd7b62b
S100 M3 Combo Scalper,2026-08-28 04:19:04.545961+00:00,2026-08-28 04:19:04.545979+00:00,SELL,4581.85,4582.71,4579.7,S100_OB_SHORT,REJECTED,open_position_cap,
S100 M3 Combo Scalper,2026-08-28 04:43:02.614888+00:00,2026-08-28 04:43:02.614907+00:00,SELL,4579.69,4581.49,4575.21,S100_FVG_SHORT,PLACED,,3e229982-1581-4c3c-bb96-4f39f5ca7b1e
S100 M3 Combo Scalper,2026-08-28 05:14:03.812426+00:00,2026-08-28 05:14:03.812446+00:00,SELL,4580.77,4581.89,4577.96,S100_FVG_SHORT,REJECTED,sl_too_tight: 1.12pt < 1.5pt,
S100 M3 Combo Scalper,2026-08-28 05:43:04.387646+00:00,2026-08-28 05:43:04.387665+00:00,SELL,4576.31,4578.21,4571.58,S100_FVG_SHORT,REJECTED,soft_daily_brake: daily P&L -134.00 USD <= -120 soft brake,
S100 M3 Combo Scalper,2026-08-28 06:18:05.748486+00:00,2026-08-28 06:18:05.748508+00:00,SELL,4583.89,4585.96,4578.7,S100_OB_SHORT,REJECTED,soft_daily_brake: daily P&L -134.00 USD <= -120 soft brake,
S100 M3 Combo Scalper,2026-08-28 07:01:06.762307+00:00,2026-08-28 07:01:06.762328+00:00,BUY,4608.44,4605.74,4615.18,S100_FVG_LONG,REJECTED,soft_daily_brake: daily P&L -134.00 USD <= -120 soft brake,
S99 MSS FVG Reversal,2026-08-28 07:08:04.808209+00:00,2026-08-28 07:08:04.808263+00:00,BUY,4603.86,4599.0,4611.15,S99_MSS_FVG_LONG,REJECTED,soft_daily_brake: daily P&L -134.00 USD <= -120 soft brake,
S100 M3 Combo Scalper,2026-08-28 07:25:06.225390+00:00,2026-08-28 07:25:06.225409+00:00,BUY,4607.29,4603.83,4615.93,S100_FVG_LONG,REJECTED,soft_daily_brake: daily P&L -134.00 USD <= -120 soft brake,
S100 M3 Combo Scalper,2026-08-28 07:42:05.493189+00:00,2026-08-28 07:42:05.493218+00:00,BUY,4608.59,4606.63,4613.48,S100_OB_LONG,REJECTED,soft_daily_brake: daily P&L -134.00 USD <= -120 soft brake,
S100 M3 Combo Scalper,2026-08-28 08:05:05.859529+00:00,2026-08-28 08:05:05.859553+00:00,BUY,4612.29,4611.22,4614.96,S100_OB_LONG,REJECTED,sl_too_tight: 1.07pt < 1.5pt,
S99 MSS FVG Reversal,2026-08-28 08:52:01.721644+00:00,2026-08-28 08:52:01.721735+00:00,SELL,4603.59,4607.2,4598.18,S99_MSS_FVG_SHORT,REJECTED,soft_daily_brake: daily P&L -134.00 USD <= -120 soft brake,
S100 M3 Combo Scalper,2026-08-28 08:57:02.710193+00:00,2026-08-28 08:57:02.710219+00:00,BUY,4603.48,4601.82,4607.62,S100_OB_LONG,REJECTED,soft_daily_brake: daily P&L -134.00 USD <= -120 soft brake,
S99 MSS FVG Reversal,2026-08-28 11:01:02.899719+00:00,2026-08-28 11:01:02.899746+00:00,SELL,4601.32,4602.58,4599.43,S99_MSS_FVG_SHORT,REJECTED,sl_too_tight: 1.26pt < 1.5pt,
S99 MSS FVG Reversal,2026-08-28 11:46:03.422787+00:00,2026-08-28 11:46:03.422807+00:00,SELL,4595.15,4598.62,4589.94,S99_MSS_FVG_SHORT,REJECTED,soft_daily_brake: daily P&L -230.00 USD <= -120 soft brake,
S100 M3 Combo Scalper,2026-08-31 01:04:05.560851+00:00,2026-08-31 01:04:05.560874+00:00,SELL,4456.76,4464.63,4437.07,S100_FVG_SHORT,PLACED,,a36fa8bc-f240-4800-ada9-6be0aecff914
S100 M3 Combo Scalper,2026-08-31 01:15:04.273351+00:00,2026-08-31 01:15:04.273388+00:00,SELL,4443.69,4454.05,4417.8,S100_FVG_SHORT,PLACED,,6ec14a64-00e9-425d-9737-9c935a9d86d2
S100 M3 Combo Scalper,2026-08-31 01:56:03.692654+00:00,2026-08-31 01:56:03.692684+00:00,SELL,4445.02,4451.19,4429.59,S100_FVG_SHORT,PLACED,,68bcfe3b-a069-4d5d-a886-7f38f56b8a14
S100 M3 Combo Scalper,2026-08-31 02:09:04.727363+00:00,2026-08-31 02:09:04.727381+00:00,SELL,4430.6,4441.2,4404.09,S100_FVG_SHORT,PLACED,,ec8bfae2-b335-4ab8-b3c6-6bcd33eecbe3
S100 M3 Combo Scalper,2026-08-31 02:19:02.732657+00:00,2026-08-31 02:19:02.732676+00:00,SELL,4424.77,4429.56,4412.77,S100_FVG_SHORT,REJECTED,open_position_cap,
S100 M3 Combo Scalper,2026-08-31 02:21:05.701567+00:00,2026-08-31 02:21:05.701586+00:00,SELL,4422.52,4429.7,4404.57,S100_RSI3_MOMO_SHORT,REJECTED,open_position_cap,
S100 M3 Combo Scalper,2026-08-31 02:44:03.093749+00:00,2026-08-31 02:44:03.093771+00:00,SELL,4407.09,4412.07,4394.64,S100_OB_SHORT,REJECTED,entry_drift: drift +1.61pt vs budget 0.50pt (ltp 4405.48),
S100 M3 Combo Scalper,2026-08-31 03:38:04.796864+00:00,2026-08-31 03:38:04.796897+00:00,SELL,4425.18,4427.23,4420.03,S100_FVG_SHORT,REJECTED,entry_drift: drift +1.63pt vs budget 0.50pt (ltp 4423.55),
S100 M3 Combo Scalper,2026-08-31 04:01:01.754936+00:00,2026-08-31 04:01:01.754964+00:00,SELL,4422.93,4424.71,4418.46,S100_FVG_SHORT,REJECTED,entry_drift: drift +2.24pt vs budget 0.44pt (ltp 4420.69),
S100 M3 Combo Scalper,2026-08-31 04:36:05.703464+00:00,2026-08-31 04:36:05.703483+00:00,SELL,4417.65,4420.1,4411.51,S100_OB_SHORT,PLACED,,62bca73e-d38e-4c95-a064-d28b0b670671
S100 M3 Combo Scalper,2026-08-31 06:19:21.486630+00:00,2026-08-31 06:19:21.486651+00:00,SELL,4435.53,4439.02,4426.8,S100_FVG_SHORT,PLACED,,2613490a-4529-4d87-adb8-f159573a2176
S100 M3 Combo Scalper,2026-08-31 06:34:01.230800+00:00,2026-08-31 06:34:01.230820+00:00,SELL,4433.35,4438.67,4420.07,S100_OB_SHORT,REJECTED,open_position_cap,
S99 MSS FVG Reversal,2026-08-31 06:52:02.058396+00:00,2026-08-31 06:52:02.058417+00:00,BUY,4438.86,4435.91,4443.28,S99_MSS_FVG_LONG,PLACED,,fc8c6174-febe-4d08-bf5f-26da1237c9a4
S100 M3 Combo Scalper,2026-08-31 07:19:03.912063+00:00,2026-08-31 07:19:03.912084+00:00,SELL,4437.82,4439.68,4433.17,S100_OB_SHORT,REJECTED,"metaapi_rejection: unexpected response: {'numericCode': 10016, 'stringCode': 'TRADE_RETCODE_INVALID_STOPS', 'message': 'Invalid stops in the request'}",
S99 MSS FVG Reversal,2026-08-31 07:31:02.295138+00:00,2026-08-31 07:31:02.295158+00:00,BUY,4443.625,4440.29,4448.63,S99_MSS_FVG_LONG,REJECTED,entry_drift: drift +0.82pt vs budget 0.50pt (ltp 4444.45),
S100 M3 Combo Scalper,2026-08-31 07:31:03.859265+00:00,2026-08-31 07:31:03.859287+00:00,BUY,4443.62,4440.55,4451.31,S100_FVG_LONG,PLACED,,3c151154-a3ee-4ae3-bd40-3114dda40335
S100 M3 Combo Scalper,2026-08-31 07:49:05.184685+00:00,2026-08-31 07:49:05.184707+00:00,BUY,4446.21,4444.4,4450.74,S100_FVG_LONG,REJECTED,open_position_cap,
S100 M3 Combo Scalper,2026-08-31 08:07:04.868676+00:00,2026-08-31 08:07:04.868695+00:00,BUY,4446.77,4443.21,4455.66,S100_FVG_LONG,REJECTED,open_position_cap,
S99 MSS FVG Reversal,2026-08-31 10:12:03.914890+00:00,2026-08-31 10:12:03.914911+00:00,BUY,4447.155,4444.78,4450.72,S99_MSS_FVG_LONG,PLACED,,9c30f5a5-6d07-4000-bcbf-9a4ef0ec053d
S99 MSS FVG Reversal,2026-08-31 11:01:07.031414+00:00,2026-08-31 11:01:07.031433+00:00,BUY,4453.585,4450.64,4458.0,S99_MSS_FVG_LONG,REJECTED,entry_drift: drift +1.76pt vs budget 0.50pt (ltp 4455.34),
S99 MSS FVG Reversal,2026-08-31 12:52:05.409379+00:00,2026-08-31 12:52:05.409401+00:00,SELL,4440.53,4442.77,4437.17,S99_MSS_FVG_SHORT,REJECTED,entry_drift: drift +0.54pt vs budget 0.50pt (ltp 4439.99),
S100 M3 Combo Scalper,2026-08-31 13:17:04.700770+00:00,2026-08-31 13:17:04.700791+00:00,BUY,4442.93,4438.8,4453.24,S100_FVG_LONG,PLACED,,2e0c70e3-a099-4ed8-be2f-da332bb7f1b7
S99 MSS FVG Reversal,2026-08-31 14:18:06.465311+00:00,2026-08-31 14:18:06.465334+00:00,SELL,4429.34,4433.53,4423.06,S99_MSS_FVG_SHORT,PLACED,,5752864f-86c0-4ac6-9ce5-85c8091695d3
S99 MSS FVG Reversal,2026-08-31 14:50:05.796379+00:00,2026-08-31 14:50:05.796399+00:00,BUY,4431.425,4427.03,4438.02,S99_MSS_FVG_LONG,REJECTED,no_add_to_loser,
S100 M3 Combo Scalper,2026-08-31 14:55:03.686305+00:00,2026-08-31 14:55:03.686324+00:00,SELL,4432.92,4436.16,4424.82,S100_OB_SHORT,PLACED,,a299d1f1-229b-4db3-8300-059a90bac93b
S100 M3 Combo Scalper,2026-09-01 01:50:04.719015+00:00,2026-09-01 01:50:04.719036+00:00,BUY,4441.84,4440.73,4444.6,S100_OB_LONG,REJECTED,sl_too_tight: 1.11pt < 1.5pt,
S100 M3 Combo Scalper,2026-09-01 02:49:03.082748+00:00,2026-09-01 02:49:03.082768+00:00,SELL,4434.72,4437.16,4428.6,S100_OB_SHORT,PLACED,,19bea29e-db96-4efa-a99e-c27d861b077c
S100 M3 Combo Scalper,2026-09-01 03:28:02.764978+00:00,2026-09-01 03:28:02.764998+00:00,SELL,4435.02,4438.32,4426.78,S100_FVG_SHORT,PLACED,,edb04876-c75a-4cd4-ac1a-d2c1314d1c60
S100 M3 Combo Scalper,2026-09-01 04:18:02.074469+00:00,2026-09-01 04:18:02.074579+00:00,SELL,4433.21,4436.21,4425.71,S100_FVG_SHORT,PLACED,,da3ec626-d1e1-4eda-a928-9e556fcf1368
S100 M3 Combo Scalper,2026-09-01 04:37:04.114526+00:00,2026-09-01 04:37:04.114582+00:00,SELL,4430.49,4432.41,4425.71,S100_FVG_SHORT,REJECTED,open_position_cap,
S100 M3 Combo Scalper,2026-09-01 04:45:03.772947+00:00,2026-09-01 04:45:03.772968+00:00,SELL,4429.36,4430.82,4425.72,S100_OB_SHORT,REJECTED,open_position_cap,
S100 M3 Combo Scalper,2026-09-01 05:24:02.716363+00:00,2026-09-01 05:24:02.716388+00:00,SELL,4426.49,4429.3,4419.46,S100_RSI3_MOMO_SHORT,REJECTED,"metaapi_rejection: no broker ack after 1 attempt(s) (network error: HTTPSConnectionPool(host='mt-client-api-v1.new-york.agiliumtrade.ai', port=443): Read timed out. (read timeout=15))",
S100 M3 Combo Scalper,2026-09-01 06:07:02.720598+00:00,2026-09-01 06:07:02.720627+00:00,SELL,4438.15,4440.9,4431.29,S100_FVG_SHORT,REJECTED,entry_drift: drift +1.52pt vs budget 0.50pt (ltp 4436.63),
S100 M3 Combo Scalper,2026-09-01 06:12:02.095320+00:00,2026-09-01 06:12:02.095344+00:00,SELL,4434.74,4439.16,4423.71,S100_RSI3_MOMO_SHORT,PLACED,,0fdf1ad9-102c-4770-bd7c-1f0f3166d53d
S100 M3 Combo Scalper,2026-09-01 06:37:01.607305+00:00,2026-09-01 06:37:01.607333+00:00,SELL,4431.84,4433.13,4428.6,S100_OB_SHORT,REJECTED,open_position_cap,
S100 M3 Combo Scalper,2026-09-01 06:56:01.623843+00:00,2026-09-01 06:56:01.623866+00:00,SELL,4430.9,4433.6,4424.15,S100_FVG_SHORT,REJECTED,open_position_cap,
S100 M3 Combo Scalper,2026-09-01 07:22:05.335351+00:00,2026-09-01 07:22:05.335369+00:00,SELL,4431.23,4433.9,4424.58,S100_OB_SHORT,REJECTED,open_position_cap,
S100 M3 Combo Scalper,2026-09-01 07:39:05.746060+00:00,2026-09-01 07:39:05.746080+00:00,SELL,4420.39,4424.18,4410.92,S100_RSI3_MOMO_SHORT,PLACED,,47c90d3f-5834-4f39-a4ba-85d4f046b0f0
S100 M3 Combo Scalper,2026-09-01 07:44:04.487801+00:00,2026-09-01 07:44:04.487820+00:00,SELL,4421.6,4424.95,4413.2,S100_FVG_SHORT,REJECTED,open_position_cap,
S100 M3 Combo Scalper,2026-09-01 08:14:03.524915+00:00,2026-09-01 08:14:03.524935+00:00,SELL,4405.93,4411.89,4391.0,S100_FVG_SHORT,PLACED,,eaf13efd-4774-4827-abd7-08ebc9b0593e
S100 M3 Combo Scalper,2026-09-01 08:30:05.032736+00:00,2026-09-01 08:30:05.032763+00:00,SELL,4383.19,4390.73,4364.32,S100_RSI3_MOMO_SHORT,REJECTED,entry_drift: drift +1.54pt vs budget 0.50pt (ltp 4381.65),
S99 MSS FVG Reversal,2026-09-01 08:41:01.136958+00:00,2026-09-01 08:41:01.136979+00:00,SELL,4377.26,4383.97,4367.19,S99_MSS_FVG_SHORT,PLACED,,1181d9df-12c0-445e-a00e-2dae2effa7bd
S100 M3 Combo Scalper,2026-09-01 08:41:03.572531+00:00,2026-09-01 08:41:03.572548+00:00,SELL,4378.12,4383.47,4364.76,S100_FVG_SHORT,REJECTED,no_add_to_loser,
S99 MSS FVG Reversal,2026-09-01 11:53:03.671821+00:00,2026-09-01 11:53:03.671844+00:00,BUY,4382.78,4381.51,4384.68,S99_MSS_FVG_LONG,REJECTED,sl_too_tight: 1.27pt < 1.5pt,
S99 MSS FVG Reversal,2026-09-01 12:20:02.112428+00:00,2026-09-01 12:20:02.112448+00:00,SELL,4374.77,4379.99,4366.94,S99_MSS_FVG_SHORT,REJECTED,entry_drift: drift +3.84pt vs budget 0.50pt (ltp 4370.93),
S99 MSS FVG Reversal,2026-09-01 13:23:04.275903+00:00,2026-09-01 13:23:04.275924+00:00,SELL,4335.505,4338.72,4330.68,S99_MSS_FVG_SHORT,PLACED,,a8199dcd-5f23-46a0-80ad-78d759e1a3f0
S100 M3 Combo Scalper,2026-09-01 13:25:02.817020+00:00,2026-09-01 13:25:02.817047+00:00,SELL,4337.2,4342.0,4325.21,S100_OB_SHORT,REJECTED,no_add_to_loser,
S100 M3 Combo Scalper,2026-09-01 14:52:04.187833+00:00,2026-09-01 14:52:04.187853+00:00,SELL,4367.09,4369.97,4359.87,S100_OB_SHORT,REJECTED,entry_drift: drift +1.15pt vs budget 0.50pt (ltp 4365.94),
S100 M3 Combo Scalper,2026-09-02 01:16:05.531018+00:00,2026-09-02 01:16:05.531039+00:00,SELL,4325.08,4331.56,4308.87,S100_OB_SHORT,PLACED,,85d805fe-f743-4429-ba71-4cb1025a0826
S100 M3 Combo Scalper,2026-09-02 01:40:03.018207+00:00,2026-09-02 01:40:03.018229+00:00,SELL,4309.78,4314.37,4298.3,S100_FVG_SHORT,REJECTED,entry_drift: drift +2.19pt vs budget 0.50pt (ltp 4307.59),
S100 M3 Combo Scalper,2026-09-02 01:49:04.986415+00:00,2026-09-02 01:49:04.986435+00:00,SELL,4305.48,4310.76,4292.29,S100_OB_SHORT,PLACED,,0ab9861e-f386-43e0-ad3b-be0149cc829e
S100 M3 Combo Scalper,2026-09-02 02:07:05.654500+00:00,2026-09-02 02:07:05.654528+00:00,SELL,4299.98,4305.88,4285.22,S100_FVG_SHORT,PLACED,,63b9a46a-bf37-45c8-8579-c7e2f8cae59f
S100 M3 Combo Scalper,2026-09-02 03:02:05.166142+00:00,2026-09-02 03:02:05.166162+00:00,SELL,4303.95,4307.5,4295.1,S100_FVG_SHORT,PLACED,,ccd42ffc-8145-4037-bac5-197d3c5592ae
S100 M3 Combo Scalper,2026-09-02 03:26:03.062317+00:00,2026-09-02 03:26:03.062338+00:00,SELL,4295.58,4298.24,4288.93,S100_FVG_SHORT,REJECTED,"metaapi_rejection: unexpected response: {'numericCode': 10016, 'stringCode': 'TRADE_RETCODE_INVALID_STOPS', 'message': 'Invalid stops in the request'}",
S100 M3 Combo Scalper,2026-09-02 03:40:04.251284+00:00,2026-09-02 03:40:04.251306+00:00,SELL,4291.18,4294.82,4282.06,S100_FVG_SHORT,PLACED,,5b5cce77-a854-4b53-b81b-7268ab308647
S100 M3 Combo Scalper,2026-09-02 06:18:02.148361+00:00,2026-09-02 06:18:02.148382+00:00,BUY,4321.98,4316.99,4334.46,S100_OB_LONG,REJECTED,entry_drift: drift +0.87pt vs budget 0.50pt (ltp 4322.85),
S100 M3 Combo Scalper,2026-09-02 06:47:05.475945+00:00,2026-09-02 06:47:05.475965+00:00,BUY,4323.75,4320.19,4332.66,S100_FVG_LONG,PLACED,,e024b6aa-9c59-4789-9061-886d378d50b0
S99 MSS FVG Reversal,2026-09-02 07:16:03.311971+00:00,2026-09-02 07:16:03.313684+00:00,BUY,4326.235,4323.23,4330.74,S99_MSS_FVG_LONG,REJECTED,entry_drift: drift +1.11pt vs budget 0.50pt (ltp 4327.35),
S100 M3 Combo Scalper,2026-09-02 07:16:05.831860+00:00,2026-09-02 07:16:05.831881+00:00,BUY,4325.66,4321.76,4335.42,S100_FVG_LONG,REJECTED,entry_drift: drift +2.19pt vs budget 0.50pt (ltp 4327.85),
S100 M3 Combo Scalper,2026-09-02 07:35:04.421981+00:00,2026-09-02 07:35:04.422001+00:00,BUY,4327.14,4326.04,4329.88,S100_OB_LONG,REJECTED,sl_too_tight: 1.10pt < 1.5pt,
S99 MSS FVG Reversal,2026-09-02 08:03:04.672753+00:00,2026-09-02 08:03:04.672773+00:00,SELL,4325.125,4327.29,4321.88,S99_MSS_FVG_SHORT,REJECTED,entry_drift: drift +1.35pt vs budget 0.50pt (ltp 4323.78),
S100 M3 Combo Scalper,2026-09-02 08:22:04.705225+00:00,2026-09-02 08:22:04.705268+00:00,BUY,4324.62,4320.42,4335.13,S100_OB_LONG,REJECTED,entry_drift: drift +0.51pt vs budget 0.50pt (ltp 4325.13),
S100 M3 Combo Scalper,2026-09-02 08:43:02.512008+00:00,2026-09-02 08:43:02.512031+00:00,BUY,4324.66,4321.96,4331.41,S100_FVG_LONG,PLACED,,b8c4b4e2-dc31-4246-9578-9979e06af217
S99 MSS FVG Reversal,2026-09-02 09:06:03.205815+00:00,2026-09-02 09:06:03.205835+00:00,SELL,4317.435,4320.79,4312.4,S99_MSS_FVG_SHORT,REJECTED,"metaapi_rejection: unexpected response: {'numericCode': 10016, 'stringCode': 'TRADE_RETCODE_INVALID_STOPS', 'message': 'Invalid stops in the request'}",
S99 MSS FVG Reversal,2026-09-02 09:31:01.198758+00:00,2026-09-02 09:31:01.198783+00:00,SELL,4309.185,4314.25,4301.59,S99_MSS_FVG_SHORT,PLACED,,c82fb066-6eb4-4aa2-b1b6-d54d804c42e0
S99 MSS FVG Reversal,2026-09-02 10:14:02.232460+00:00,2026-09-02 10:14:02.232486+00:00,SELL,4305.81,4308.85,4301.25,S99_MSS_FVG_SHORT,REJECTED,open_position_cap,
S99 MSS FVG Reversal,2026-09-02 11:42:01.947483+00:00,2026-09-02 11:42:01.947512+00:00,BUY,4329.0,4322.18,4339.23,S99_MSS_FVG_LONG,REJECTED,"metaapi_rejection: HTTP 429: {""id"":72524,""error"":""TooManyRequestsError"",""message"":""It seems like you are trying to access too many unexisting or undeployed trading accounts. Please check your application logs ",
S99 MSS FVG Reversal,2026-09-02 14:16:02.139200+00:00,2026-09-02 14:16:02.139221+00:00,BUY,4387.09,4383.88,4391.91,S99_MSS_FVG_LONG,REJECTED,"metaapi_rejection: no broker ack after 1 attempt(s) (network error: HTTPSConnectionPool(host='mt-client-api-v1.new-york.agiliumtrade.ai', port=443): Read timed out. (read timeout=15))",
S100 M3 Combo Scalper,2026-09-02 14:19:01.020697+00:00,2026-09-02 14:19:01.020717+00:00,BUY,4385.1,4382.66,4391.21,S100_OB_LONG,REJECTED,entry_drift: drift +3.85pt vs budget 0.50pt (ltp 4388.95),
S100 M3 Combo Scalper,2026-09-02 15:37:03.923787+00:00,2026-09-02 15:37:03.923808+00:00,BUY,4369.77,4368.75,4372.33,S100_OB_LONG,REJECTED,sl_too_tight: 1.02pt < 1.5pt,
S100 M3 Combo Scalper,2026-09-03 01:16:03.407004+00:00,2026-09-03 01:16:03.407669+00:00,BUY,4400.52,4395.56,4412.92,S100_FVG_LONG,REJECTED,entry_drift: drift +2.99pt vs budget 0.50pt (ltp 4403.51),
S100 M3 Combo Scalper,2026-09-03 01:42:02.974809+00:00,2026-09-03 01:42:02.974828+00:00,BUY,4404.44,4400.93,4413.21,S100_FVG_LONG,PLACED,,7b42c291-e988-488f-a657-bd233f0a8e20
S100 M3 Combo Scalper,2026-09-03 02:00:02.246618+00:00,2026-09-03 02:00:02.246639+00:00,BUY,4410.57,4405.44,4423.41,S100_RSI3_MOMO_LONG,PLACED,,5a88df53-6adb-479e-a470-156f513eb603
S100 M3 Combo Scalper,2026-09-03 02:37:03.843812+00:00,2026-09-03 02:37:03.843837+00:00,BUY,4414.26,4410.91,4422.63,S100_FVG_LONG,REJECTED,open_position_cap,
S100 M3 Combo Scalper,2026-09-03 02:39:02.163296+00:00,2026-09-03 02:39:02.163400+00:00,BUY,4417.49,4413.11,4428.44,S100_RSI3_MOMO_LONG,REJECTED,open_position_cap,
S100 M3 Combo Scalper,2026-09-03 03:10:02.673129+00:00,2026-09-03 03:10:02.673150+00:00,BUY,4424.26,4421.22,4431.86,S100_FVG_LONG,REJECTED,entry_drift: drift +0.91pt vs budget 0.50pt (ltp 4425.17),
S100 M3 Combo Scalper,2026-09-03 03:21:01.469690+00:00,2026-09-03 03:21:01.469709+00:00,BUY,4425.34,4424.48,4427.47,S100_OB_LONG,REJECTED,sl_too_tight: 0.86pt < 1.5pt,
S100 M3 Combo Scalper,2026-09-03 03:37:02.526845+00:00,2026-09-03 03:37:02.526865+00:00,BUY,4429.48,4427.18,4435.21,S100_FVG_LONG,PLACED,,3268a60c-8aaa-4c96-b106-b2ebaa3c5578
S100 M3 Combo Scalper,2026-09-03 04:06:22.537196+00:00,2026-09-03 04:06:22.537214+00:00,BUY,4426.65,4424.98,4430.84,S100_OB_LONG,REJECTED,entry_drift: drift +0.50pt vs budget 0.42pt (ltp 4427.15),
S100 M3 Combo Scalper,2026-09-03 04:14:04.605672+00:00,2026-09-03 04:14:04.605690+00:00,BUY,4432.24,4428.17,4442.42,S100_FVG_LONG,PLACED,,0d0c2bf5-bb13-407e-87b9-e8d4b9820490
S100 M3 Combo Scalper,2026-09-03 04:39:04.552876+00:00,2026-09-03 04:39:04.552895+00:00,BUY,4437.91,4435.15,4444.81,S100_RSI3_MOMO_LONG,REJECTED,open_position_cap,
S100 M3 Combo Scalper,2026-09-03 04:56:03.893156+00:00,2026-09-03 04:56:03.893177+00:00,BUY,4434.65,4432.39,4440.3,S100_FVG_LONG,REJECTED,open_position_cap,
S100 M3 Combo Scalper,2026-09-03 05:37:03.391075+00:00,2026-09-03 05:37:03.391097+00:00,BUY,4426.81,4422.84,4436.73,S100_OB_LONG,PLACED,,e54b1bb7-1df6-46d6-aa62-49fbca8807ce
S100 M3 Combo Scalper,2026-09-03 06:12:02.028623+00:00,2026-09-03 06:12:02.028649+00:00,BUY,4428.56,4426.08,4434.79,S100_OB_LONG,REJECTED,"metaapi_rejection: unexpected response: {'numericCode': 10016, 'stringCode': 'TRADE_RETCODE_INVALID_STOPS', 'message': 'Invalid stops in the request'}",
S99 MSS FVG Reversal,2026-09-03 06:36:05.796772+00:00,2026-09-03 06:36:05.796802+00:00,SELL,4424.01,4426.47,4420.32,S99_MSS_FVG_SHORT,PLACED,,cf4d4034-126f-41d3-b388-307a675f32c0
S100 M3 Combo Scalper,2026-09-03 06:48:21.827871+00:00,2026-09-03 06:48:21.827893+00:00,BUY,4427.36,4423.24,4437.66,S100_RSI3_MOMO_LONG,PLACED,,305a0db2-8039-425f-88d6-dbfbbce6add1
S100 M3 Combo Scalper,2026-09-03 07:09:01.315978+00:00,2026-09-03 07:09:01.316005+00:00,BUY,4425.31,4422.79,4431.6,S100_FVG_LONG,PLACED,,0d21efda-3421-4aa3-964e-c3ef6801e4a4
S100 M3 Combo Scalper,2026-09-03 07:36:01.873477+00:00,2026-09-03 07:36:01.873496+00:00,BUY,4424.86,4421.36,4433.63,S100_OB_LONG,REJECTED,entry_drift: drift +1.35pt vs budget 0.50pt (ltp 4426.20),
S99 MSS FVG Reversal,2026-09-03 08:11:05.836528+00:00,2026-09-03 08:11:05.836548+00:00,BUY,4435.125,4429.26,4443.92,S99_MSS_FVG_LONG,PLACED,,533ee503-8efd-4cb3-be3d-86b88bf0e594
S100 M3 Combo Scalper,2026-09-03 08:52:04.614785+00:00,2026-09-03 08:52:04.614805+00:00,BUY,4437.37,4433.93,4445.96,S100_FVG_LONG,PLACED,,fd64e241-ae25-4036-a1cd-bdaa4639a73a
S99 MSS FVG Reversal,2026-09-03 09:29:21.431616+00:00,2026-09-03 09:29:21.431635+00:00,SELL,4435.365,4438.7,4430.36,S99_MSS_FVG_SHORT,REJECTED,open_position_cap,
S99 MSS FVG Reversal,2026-09-03 09:51:03.746051+00:00,2026-09-03 09:51:03.746070+00:00,SELL,4430.085,4431.59,4427.83,S99_MSS_FVG_SHORT,PLACED,,9cd8c192-714d-40c6-b972-310dd053f101
S99 MSS FVG Reversal,2026-09-03 10:27:04.451566+00:00,2026-09-03 10:27:04.451586+00:00,SELL,4423.0,4423.91,4421.64,S99_MSS_FVG_SHORT,REJECTED,sl_too_tight: 0.91pt < 1.5pt,
S99 MSS FVG Reversal,2026-09-03 13:01:07.649030+00:00,2026-09-03 13:01:07.649052+00:00,BUY,4490.0,4478.42,4507.37,S99_MSS_FVG_LONG,REJECTED,soft_daily_brake: daily P&L -173.00 USD <= -120 soft brake,
S100 M3 Combo Scalper,2026-09-03 13:01:08.280114+00:00,2026-09-03 13:01:08.280141+00:00,BUY,4490.87,4486.31,4502.27,S100_FVG_LONG,REJECTED,soft_daily_brake: daily P&L -173.00 USD <= -120 soft brake,
S100 M3 Combo Scalper,2026-09-03 14:01:06.289600+00:00,2026-09-03 14:01:06.289622+00:00,BUY,4460.3,4458.3,4465.28,S100_OB_LONG,REJECTED,soft_daily_brake: daily P&L -173.00 USD <= -120 soft brake,
S100 M3 Combo Scalper,2026-09-03 14:23:05.927002+00:00,2026-09-03 14:23:05.927023+00:00,BUY,4473.89,4468.51,4487.33,S100_FVG_LONG,REJECTED,soft_daily_brake: daily P&L -173.00 USD <= -120 soft brake,
S100 M3 Combo Scalper,2026-09-03 14:50:03.311442+00:00,2026-09-03 14:50:03.311462+00:00,BUY,4473.77,4468.12,4487.91,S100_OB_LONG,REJECTED,soft_daily_brake: daily P&L -173.00 USD <= -120 soft brake,
S100 M3 Combo Scalper,2026-09-03 15:11:01.638914+00:00,2026-09-03 15:11:01.638934+00:00,BUY,4496.71,4492.16,4508.1,S100_FVG_LONG,REJECTED,soft_daily_brake: daily P&L -173.00 USD <= -120 soft brake,
S99 MSS FVG Reversal,2026-09-03 15:11:02.920171+00:00,2026-09-03 15:11:02.920191+00:00,BUY,4496.71,4483.56,4516.43,S99_MSS_FVG_LONG,REJECTED,soft_daily_brake: daily P&L -173.00 USD <= -120 soft brake,
S100 M3 Combo Scalper,2026-09-03 15:33:06.143777+00:00,2026-09-03 15:33:06.143797+00:00,BUY,4501.63,4495.87,4516.03,S100_OB_LONG,REJECTED,soft_daily_brake: daily P&L -173.00 USD <= -120 soft brake,
S100 M3 Combo Scalper,2026-09-04 01:31:05.128209+00:00,2026-09-04 01:31:05.128230+00:00,SELL,4471.9,4476.76,4459.72,S100_FVG_SHORT,PLACED,,a2d1e9e7-9302-4f96-8c15-d5636235c142
S100 M3 Combo Scalper,2026-09-04 01:55:05.912570+00:00,2026-09-04 01:55:05.912637+00:00,SELL,4473.69,4475.04,4470.34,S100_OB_SHORT,REJECTED,sl_too_tight: 1.35pt < 1.5pt,
S100 M3 Combo Scalper,2026-09-04 02:25:03.613577+00:00,2026-09-04 02:25:03.613598+00:00,SELL,4477.07,4478.91,4472.46,S100_FVG_SHORT,PLACED,,1038838e-9e85-4f7d-8d36-08d1625831b0
S100 M3 Combo Scalper,2026-09-04 02:28:04.289584+00:00,2026-09-04 02:28:04.289603+00:00,SELL,4474.04,4477.75,4464.76,S100_RSI3_MOMO_SHORT,REJECTED,open_position_cap,
S100 M3 Combo Scalper,2026-09-04 02:33:04.030450+00:00,2026-09-04 02:33:04.030470+00:00,SELL,4472.82,4476.46,4463.74,S100_RSI3_MOMO_SHORT,PLACED,,86b62d6b-e6af-4559-bcd2-d809d82f0933
S100 M3 Combo Scalper,2026-09-04 03:15:05.296153+00:00,2026-09-04 03:15:05.296177+00:00,SELL,4473.7,4474.84,4470.86,S100_OB_SHORT,REJECTED,sl_too_tight: 1.14pt < 1.5pt,
S100 M3 Combo Scalper,2026-09-04 03:51:03.608797+00:00,2026-09-04 03:51:03.608818+00:00,SELL,4470.2,4472.93,4463.38,S100_FVG_SHORT,REJECTED,entry_drift: drift +0.52pt vs budget 0.50pt (ltp 4469.68),
S100 M3 Combo Scalper,2026-09-04 04:06:05.845361+00:00,2026-09-04 04:06:05.845388+00:00,SELL,4469.64,4470.31,4467.96,S100_OB_SHORT,REJECTED,sl_too_tight: 0.67pt < 1.5pt,
S100 M3 Combo Scalper,2026-09-04 04:51:23.000168+00:00,2026-09-04 04:51:23.000189+00:00,SELL,4474.12,4475.15,4471.55,S100_OB_SHORT,REJECTED,sl_too_tight: 1.03pt < 1.5pt,
S100 M3 Combo Scalper,2026-09-04 05:13:01.527785+00:00,2026-09-04 05:13:01.527805+00:00,SELL,4469.06,4472.28,4460.99,S100_OB_SHORT,REJECTED,entry_drift: drift +0.87pt vs budget 0.50pt (ltp 4468.19),
S100 M3 Combo Scalper,2026-09-04 05:59:02.033154+00:00,2026-09-04 05:59:02.033181+00:00,SELL,4471.11,4473.29,4465.68,S100_OB_SHORT,PLACED,,ba84777d-51f9-42e3-9b83-0c0dee3ef1ac
S99 MSS FVG Reversal,2026-09-04 06:42:04.272475+00:00,2026-09-04 06:42:04.272502+00:00,SELL,4466.665,4468.87,4463.36,S99_MSS_FVG_SHORT,PLACED,,4110f3ac-dfa9-4792-a834-6b151133902d
S100 M3 Combo Scalper,2026-09-04 07:01:02.854186+00:00,2026-09-04 07:01:02.854209+00:00,SELL,4463.5,4464.71,4460.49,S100_OB_SHORT,REJECTED,sl_too_tight: 1.21pt < 1.5pt,
S99 MSS FVG Reversal,2026-09-04 08:56:06.637878+00:00,2026-09-04 08:56:06.637904+00:00,SELL,4477.515,4478.31,4476.32,S99_MSS_FVG_SHORT,REJECTED,sl_too_tight: 0.80pt < 1.5pt,
S99 MSS FVG Reversal,2026-09-04 10:22:23.283840+00:00,2026-09-04 10:22:23.283861+00:00,BUY,4471.165,4470.26,4472.52,S99_MSS_FVG_LONG,REJECTED,sl_too_tight: 0.90pt < 1.5pt,
S99 MSS FVG Reversal,2026-09-04 12:42:03.574830+00:00,2026-09-04 12:42:03.574860+00:00,SELL,4398.8,4469.88,4292.18,S99_MSS_FVG_SHORT,REJECTED,news_blackout,
S99 MSS FVG Reversal,2026-09-04 13:16:04.494518+00:00,2026-09-04 13:16:04.494537+00:00,SELL,4394.925,4399.05,4388.74,S99_MSS_FVG_SHORT,PLACED,,318a9132-5338-4297-9a54-e73a9a322123
S100 M3 Combo Scalper,2026-09-04 13:16:06.272302+00:00,2026-09-04 13:16:06.272328+00:00,SELL,4394.93,4407.32,4363.93,S100_FVG_SHORT,PLACED,,5d15a0b7-4ce0-475a-b9d7-1d8c98fe6913
S100 M3 Combo Scalper,2026-09-04 14:06:05.205862+00:00,2026-09-04 14:06:05.205883+00:00,SELL,4421.9,4426.75,4409.76,S100_OB_SHORT,PLACED,,784a47cf-4e50-4219-a073-811f49232db9
S100 M3 Combo Scalper,2026-09-04 14:58:03.540474+00:00,2026-09-04 14:58:03.540494+00:00,SELL,4425.43,4429.61,4414.96,S100_OB_SHORT,REJECTED,soft_daily_brake: daily P&L -130.00 USD <= -120 soft brake,
S99 MSS FVG Reversal,2026-09-04 15:24:04.792979+00:00,2026-09-04 15:24:04.792998+00:00,BUY,4441.21,4437.47,4446.82,S99_MSS_FVG_LONG,REJECTED,soft_daily_brake: daily P&L -130.00 USD <= -120 soft brake,
S100 M3 Combo Scalper,2026-09-07 01:06:01.288492+00:00,2026-09-07 01:06:01.288513+00:00,SELL,4410.27,4414.84,4398.86,S100_RSI3_MOMO_SHORT,PLACED,,c6a048c4-9518-4591-b855-36fa59c6a62b
S100 M3 Combo Scalper,2026-09-07 01:40:02.594656+00:00,2026-09-07 01:40:02.594677+00:00,SELL,4412.78,4415.24,4406.64,S100_OB_SHORT,PLACED,,1d8ba733-24b6-4916-b946-9058c775f8cc
S100 M3 Combo Scalper,2026-09-07 03:05:00.981726+00:00,2026-09-07 03:05:00.981749+00:00,SELL,4409.43,4411.51,4404.23,S100_FVG_SHORT,PLACED,,237d8b96-dc27-4d01-93d6-d45da5cb2135
S100 M3 Combo Scalper,2026-09-07 03:14:01.597981+00:00,2026-09-07 03:14:01.598013+00:00,SELL,4407.94,4409.68,4403.58,S100_OB_SHORT,REJECTED,open_position_cap,
S100 M3 Combo Scalper,2026-09-07 04:28:03.112870+00:00,2026-09-07 04:28:03.112897+00:00,SELL,4402.2,4403.89,4397.98,S100_FVG_SHORT,PLACED,,8fb0ab17-1fb7-45a4-8815-7f57f0586d79
S100 M3 Combo Scalper,2026-09-07 04:44:04.193175+00:00,2026-09-07 04:44:04.193532+00:00,SELL,4397.35,4400.12,4390.43,S100_FVG_SHORT,PLACED,,573d126a-31c4-4088-b812-4116022f418a
S99 MSS FVG Reversal,2026-09-07 06:12:00.949373+00:00,2026-09-07 06:12:00.949394+00:00,SELL,4390.465,4394.33,4384.67,S99_MSS_FVG_SHORT,PLACED,,5c1f7a36-3008-4ea9-ad14-e852137d840c
S100 M3 Combo Scalper,2026-09-07 07:01:01.889609+00:00,2026-09-07 07:01:01.889630+00:00,SELL,4394.02,4396.71,4387.28,S100_FVG_SHORT,PLACED,,f77fa32a-c11d-4779-80d0-4e7bc65a2af4
S100 M3 Combo Scalper,2026-09-07 07:36:02.797910+00:00,2026-09-07 07:36:02.797931+00:00,SELL,4397.48,4399.95,4391.28,S100_OB_SHORT,PLACED,,927359e1-56d0-4133-9a9c-45c2e5758bac
S100 M3 Combo Scalper,2026-09-07 07:46:05.703357+00:00,2026-09-07 07:46:05.703375+00:00,SELL,4396.9,4398.64,4392.54,S100_OB_SHORT,REJECTED,open_position_cap,
S100 M3 Combo Scalper,2026-09-07 08:37:03.708903+00:00,2026-09-07 08:37:03.708926+00:00,BUY,4419.03,4416.29,4425.88,S100_OB_LONG,REJECTED,entry_drift: drift +0.68pt vs budget 0.50pt (ltp 4419.70),
S99 MSS FVG Reversal,2026-09-07 10:42:05.559148+00:00,2026-09-07 10:42:05.559170+00:00,SELL,4394.54,4396.56,4391.51,S99_MSS_FVG_SHORT,REJECTED,"metaapi_rejection: unexpected response: {'numericCode': 10016, 'stringCode': 'TRADE_RETCODE_INVALID_STOPS', 'message': 'Invalid stops in the request'}",
S99 MSS FVG Reversal,2026-09-07 11:06:02.615189+00:00,2026-09-07 11:06:02.615208+00:00,SELL,4392.935,4395.0,4389.84,S99_MSS_FVG_SHORT,PLACED,,ebd9afb4-a07c-439f-8778-8c6158282ffe
S99 MSS FVG Reversal,2026-09-07 12:36:04.097566+00:00,2026-09-07 12:36:04.097587+00:00,BUY,4394.3,4393.19,4395.97,S99_MSS_FVG_LONG,REJECTED,news_blackout,
S100 M3 Combo Scalper,2026-09-07 13:49:02.834855+00:00,2026-09-07 13:49:02.834874+00:00,BUY,4405.61,4402.3,4413.88,S100_OB_LONG,PLACED,,7d9cf4d5-436f-42be-bfb3-85dedfa05a01
S100 M3 Combo Scalper,2026-09-07 14:11:02.889832+00:00,2026-09-07 14:11:02.889850+00:00,BUY,4407.02,4405.75,4410.18,S100_OB_LONG,REJECTED,sl_too_tight: 1.27pt < 1.5pt,
S99 MSS FVG Reversal,2026-09-07 14:25:05.142546+00:00,2026-09-07 14:25:05.142567+00:00,BUY,4405.655,4404.02,4408.11,S99_MSS_FVG_LONG,PLACED,,b72e184e-b0e9-4219-8376-de34b3593a97
S100 M3 Combo Scalper,2026-09-07 14:52:03.343229+00:00,2026-09-07 14:52:03.343275+00:00,BUY,4413.45,4411.58,4418.15,S100_FVG_LONG,REJECTED,entry_drift: drift +1.09pt vs budget 0.47pt (ltp 4414.54),
S99 MSS FVG Reversal,2026-09-07 15:05:03.650085+00:00,2026-09-07 15:05:03.650105+00:00,BUY,4412.3,4411.35,4413.73,S99_MSS_FVG_LONG,REJECTED,sl_too_tight: 0.95pt < 1.5pt,
S100 M3 Combo Scalper,2026-09-07 15:27:02.869528+00:00,2026-09-07 15:27:02.869549+00:00,BUY,4412.41,4410.32,4417.65,S100_FVG_LONG,PLACED,,eab3c243-5286-44e8-99d8-0d873ce89d31
S100 M3 Combo Scalper,2026-09-08 01:01:13.497167+00:00,2026-09-08 01:01:13.497188+00:00,BUY,4422.72,4419.51,4430.74,S100_FVG_LONG,REJECTED,entry_drift: drift +3.51pt vs budget 0.50pt (ltp 4426.23),
S100 M3 Combo Scalper,2026-09-08 01:52:04.515471+00:00,2026-09-08 01:52:04.515491+00:00,BUY,4437.78,4434.74,4445.39,S100_FVG_LONG,PLACED,,06f4eff7-26dc-418f-966d-4ab7796523e0
S100 M3 Combo Scalper,2026-09-08 02:47:05.172156+00:00,2026-09-08 02:47:05.172177+00:00,BUY,4423.31,4422.36,4425.68,S100_OB_LONG,REJECTED,sl_too_tight: 0.95pt < 1.5pt,
S100 M3 Combo Scalper,2026-09-08 03:26:05.450571+00:00,2026-09-08 03:26:05.450591+00:00,BUY,4434.65,4430.42,4445.2,S100_FVG_LONG,PLACED,,972d450a-d83a-4314-8965-e175badedb0a
S100 M3 Combo Scalper,2026-09-08 04:03:05.128267+00:00,2026-09-08 04:03:05.128292+00:00,BUY,4439.22,4436.25,4446.65,S100_RSI3_MOMO_LONG,REJECTED,open_position_cap,
S100 M3 Combo Scalper,2026-09-08 04:21:06.086451+00:00,2026-09-08 04:21:06.086471+00:00,BUY,4437.36,4435.47,4442.08,S100_OB_LONG,REJECTED,open_position_cap,
S100 M3 Combo Scalper,2026-09-08 05:03:05.829406+00:00,2026-09-08 05:03:05.829426+00:00,BUY,4437.26,4435.11,4442.62,S100_RSI3_MOMO_LONG,PLACED,,f92b9560-89aa-4827-97d2-f96c0d6ef96a
S100 M3 Combo Scalper,2026-09-08 05:06:21.705805+00:00,2026-09-08 05:06:21.705831+00:00,BUY,4433.73,4432.71,4436.25,S100_OB_LONG,REJECTED,sl_too_tight: 1.02pt < 1.5pt,
S100 M3 Combo Scalper,2026-09-08 05:44:01.257174+00:00,2026-09-08 05:44:01.257194+00:00,BUY,4425.3,4422.97,4431.12,S100_FVG_LONG,PLACED,,7b6f78f3-6d18-489e-8fbc-9d156c9d8a0b
S100 M3 Combo Scalper,2026-09-08 06:07:03.533466+00:00,2026-09-08 06:07:03.533485+00:00,SELL,4415.6,4419.57,4405.65,S100_FVG_SHORT,REJECTED,entry_drift: drift +1.28pt vs budget 0.50pt (ltp 4414.32),
S99 MSS FVG Reversal,2026-09-08 06:41:04.133640+00:00,2026-09-08 06:41:04.133661+00:00,SELL,4406.175,4409.76,4400.8,S99_MSS_FVG_SHORT,PLACED,,3100972a-8bed-4a46-aa8c-7078c1714b89
S100 M3 Combo Scalper,2026-09-08 07:05:04.194741+00:00,2026-09-08 07:05:04.194767+00:00,SELL,4406.76,4409.97,4398.73,S100_OB_SHORT,REJECTED,no_add_to_loser,
S100 M3 Combo Scalper,2026-09-08 07:20:03.331212+00:00,2026-09-08 07:20:03.331233+00:00,SELL,4403.12,4406.93,4393.61,S100_FVG_SHORT,PLACED,,a65517ff-3d55-40e5-9aa8-de61c14778c2
S99 MSS FVG Reversal,2026-09-08 07:47:04.871692+00:00,2026-09-08 07:47:04.871713+00:00,SELL,4397.46,4399.04,4395.09,S99_MSS_FVG_SHORT,REJECTED,entry_drift: drift +0.89pt vs budget 0.39pt (ltp 4396.57),
S100 M3 Combo Scalper,2026-09-08 07:55:04.298043+00:00,2026-09-08 07:55:04.298064+00:00,SELL,4393.12,4395.49,4387.21,S100_FVG_SHORT,REJECTED,entry_drift: drift +1.56pt vs budget 0.50pt (ltp 4391.56),
S100 M3 Combo Scalper,2026-09-08 08:06:03.117631+00:00,2026-09-08 08:06:03.117655+00:00,SELL,4392.61,4393.89,4389.44,S100_OB_SHORT,REJECTED,sl_too_tight: 1.28pt < 1.5pt,
S99 MSS FVG Reversal,2026-09-08 10:03:04.751287+00:00,2026-09-08 10:03:04.751315+00:00,BUY,4401.12,4396.72,4407.72,S99_MSS_FVG_LONG,PLACED,,9f24d757-2086-4f3c-a496-cfd1ba0fc355
S99 MSS FVG Reversal,2026-09-08 11:45:05.083164+00:00,2026-09-08 11:45:05.083187+00:00,BUY,4404.235,4402.2,4407.29,S99_MSS_FVG_LONG,PLACED,,2af06a8d-52e7-496a-8fc5-7315213a872e
S99 MSS FVG Reversal,2026-09-08 12:21:07.663107+00:00,2026-09-08 12:21:07.663127+00:00,SELL,4392.045,4402.86,4375.82,S99_MSS_FVG_SHORT,PLACED,,8077c7cc-7a02-44a9-ba0d-28e5e4cdd8cc
S99 MSS FVG Reversal,2026-09-08 13:03:16.636992+00:00,2026-09-08 13:03:16.637011+00:00,BUY,4403.125,4401.15,4406.09,S99_MSS_FVG_LONG,PLACED,,1def2776-9153-469c-ba81-bc9aad15f76a
S100 M3 Combo Scalper,2026-09-08 13:36:05.927211+00:00,2026-09-08 13:36:05.927260+00:00,SELL,4397.82,4403.46,4383.74,S100_RSI3_MOMO_SHORT,PLACED,,0e1caf9a-1c51-4674-8b9f-c00781f347d9
S100 M3 Combo Scalper,2026-09-08 13:45:01.679037+00:00,2026-09-08 13:45:01.679058+00:00,SELL,4397.88,4401.93,4387.74,S100_OB_SHORT,REJECTED,open_position_cap,
S100 M3 Combo Scalper,2026-09-08 14:01:07.783429+00:00,2026-09-08 14:01:07.783447+00:00,SELL,4398.65,4406.38,4379.33,S100_OB_SHORT,PLACED,,88edd50c-2fc1-4411-843c-784d4738db3e
S100 M3 Combo Scalper,2026-09-08 14:47:04.593222+00:00,2026-09-08 14:47:04.593266+00:00,SELL,4398.97,4401.17,4393.47,S100_OB_SHORT,REJECTED,open_position_cap,
S99 MSS FVG Reversal,2026-09-08 15:21:04.768571+00:00,2026-09-08 15:21:04.768592+00:00,BUY,4404.795,4402.85,4407.71,S99_MSS_FVG_LONG,REJECTED,"metaapi_rejection: unexpected response: {'numericCode': 10016, 'stringCode': 'TRADE_RETCODE_INVALID_STOPS', 'message': 'Invalid stops in the request'}",
S100 M3 Combo Scalper,2026-09-08 15:49:04.670852+00:00,2026-09-08 15:49:04.670873+00:00,SELL,4398.48,4401.2,4391.69,S100_OB_SHORT,REJECTED,entry_drift: drift +1.70pt vs budget 0.50pt (ltp 4396.78),
S100 M3 Combo Scalper,2026-09-09 03:03:02.631906+00:00,2026-09-09 03:03:02.631926+00:00,BUY,4379.78,4378.02,4384.17,S100_FVG_LONG,PLACED,,2d53f20a-ae30-42b4-85bf-2d03f8143a4c
S100 M3 Combo Scalper,2026-09-09 03:43:05.184681+00:00,2026-09-09 03:43:05.184710+00:00,BUY,4378.12,4376.32,4382.61,S100_OB_LONG,REJECTED,entry_drift: drift +0.78pt vs budget 0.45pt (ltp 4378.90),
S100 M3 Combo Scalper,2026-09-09 04:41:03.932559+00:00,2026-09-09 04:41:03.932579+00:00,BUY,4377.52,4375.83,4381.73,S100_FVG_LONG,PLACED,,2aeeed4e-94f5-488b-8c97-b581bfdfd144
S100 M3 Combo Scalper,2026-09-09 05:04:08.553386+00:00,2026-09-09 05:04:08.553405+00:00,BUY,4382.02,4381.16,4384.18,S100_OB_LONG,REJECTED,sl_too_tight: 0.86pt < 1.5pt,
S99 MSS FVG Reversal,2026-09-09 06:01:03.673652+00:00,2026-09-09 06:01:03.673673+00:00,BUY,4398.75,4396.59,4401.99,S99_MSS_FVG_LONG,REJECTED,entry_drift: drift +0.74pt vs budget 0.50pt (ltp 4399.49),
S100 M3 Combo Scalper,2026-09-09 06:09:05.819996+00:00,2026-09-09 06:09:05.820100+00:00,BUY,4400.13,4398.15,4405.08,S100_OB_LONG,PLACED,,ded11c0a-4886-4e37-9b52-55c4f9e6a616
S100 M3 Combo Scalper,2026-09-09 06:41:03.744801+00:00,2026-09-09 06:41:03.744823+00:00,BUY,4402.45,4400.59,4407.1,S100_FVG_LONG,PLACED,,040e1742-acf8-4a46-8694-df8219406e8c
S100 M3 Combo Scalper,2026-09-09 07:20:03.517571+00:00,2026-09-09 07:20:03.517592+00:00,BUY,4403.51,4402.83,4405.2,S100_OB_LONG,REJECTED,sl_too_tight: 0.68pt < 1.5pt,
S99 MSS FVG Reversal,2026-09-09 07:20:04.710899+00:00,2026-09-09 07:20:04.710920+00:00,BUY,4403.265,4401.8,4405.46,S99_MSS_FVG_LONG,REJECTED,sl_too_tight: 1.47pt < 1.5pt,
S100 M3 Combo Scalper,2026-09-09 07:30:06.691982+00:00,2026-09-09 07:30:06.692431+00:00,BUY,4407.81,4405.48,4413.62,S100_RSI3_MOMO_LONG,REJECTED,"metaapi_rejection: HTTP 429: {""id"":7664516,""error"":""TooManyRequestsError"",""message"":""It seems like you are trying to access too many unexisting or undeployed trading accounts. Please check your application log",
S100 M3 Combo Scalper,2026-09-09 07:42:05.713820+00:00,2026-09-09 07:42:05.713841+00:00,BUY,4409.53,4407.16,4415.45,S100_RSI3_MOMO_LONG,PLACED,,8b69b149-5939-439f-b0ab-062f06db81e5
S100 M3 Combo Scalper,2026-09-09 08:04:04.593686+00:00,2026-09-09 08:04:04.593712+00:00,BUY,4407.8,4406.99,4409.82,S100_OB_LONG,REJECTED,sl_too_tight: 0.81pt < 1.5pt,
S100 M3 Combo Scalper,2026-09-09 08:58:01.948201+00:00,2026-09-09 08:58:01.948223+00:00,BUY,4401.77,4399.82,4406.62,S100_OB_LONG,PLACED,,ca33491e-1f74-4656-8025-b94d2d6796ec
S99 MSS FVG Reversal,2026-09-09 10:01:01.708164+00:00,2026-09-09 10:01:01.708190+00:00,SELL,4391.24,4394.61,4386.18,S99_MSS_FVG_SHORT,PLACED,,a8265361-e571-49bc-93b2-ad29aed4c39a
S99 MSS FVG Reversal,2026-09-09 11:31:04.378899+00:00,2026-09-09 11:31:04.378919+00:00,BUY,4406.16,4404.04,4409.34,S99_MSS_FVG_LONG,REJECTED,soft_daily_brake: daily P&L -219.00 USD <= -120 soft brake,
S100 M3 Combo Scalper,2026-09-10 01:58:01.531773+00:00,2026-09-10 01:58:01.531792+00:00,BUY,4408.25,4406.75,4412.0,S100_OB_LONG,REJECTED,entry_drift: drift +1.68pt vs budget 0.38pt (ltp 4409.93),
S100 M3 Combo Scalper,2026-09-10 02:12:05.781364+00:00,2026-09-10 02:12:05.781384+00:00,BUY,4414.44,4411.79,4421.07,S100_FVG_LONG,PLACED,,7acf680a-5115-41c2-8662-495ce9c31ded
S100 M3 Combo Scalper,2026-09-10 02:31:05.550278+00:00,2026-09-10 02:31:05.550299+00:00,BUY,4413.72,4412.04,4417.91,S100_OB_LONG,REJECTED,entry_drift: drift +0.52pt vs budget 0.42pt (ltp 4414.24),
S100 M3 Combo Scalper,2026-09-10 02:54:01.977598+00:00,2026-09-10 02:54:01.977618+00:00,BUY,4420.4,4416.49,4430.17,S100_RSI3_MOMO_LONG,PLACED,,1db1425c-8004-4f42-93f2-6dd333318bae
S100 M3 Combo Scalper,2026-09-10 04:10:04.378895+00:00,2026-09-10 04:10:04.378925+00:00,BUY,4412.69,4410.55,4418.02,S100_FVG_LONG,REJECTED,"metaapi_rejection: HTTP 429: {""id"":553336,""error"":""TooManyRequestsError"",""message"":""It seems like you are trying to access too many unexisting or undeployed trading accounts. Please check your application logs",
S100 M3 Combo Scalper,2026-09-10 04:28:04.097872+00:00,2026-09-10 04:28:04.097892+00:00,BUY,4413.29,4412.51,4415.23,S100_OB_LONG,REJECTED,sl_too_tight: 0.78pt < 1.5pt,
S100 M3 Combo Scalper,2026-09-10 04:54:03.996077+00:00,2026-09-10 04:54:03.996100+00:00,BUY,4408.9,4406.66,4414.48,S100_FVG_LONG,REJECTED,"metaapi_rejection: HTTP 429: {""id"":7833710,""error"":""TooManyRequestsError"",""message"":""It seems like you are trying to access too many unexisting or undeployed trading accounts. Please check your application log",
S100 M3 Combo Scalper,2026-09-10 05:31:03.047800+00:00,2026-09-10 05:31:03.047825+00:00,BUY,4419.11,4417.92,4422.08,S100_OB_LONG,REJECTED,sl_too_tight: 1.19pt < 1.5pt,
S100 M3 Combo Scalper,2026-09-10 05:39:04.362899+00:00,2026-09-10 05:39:04.362917+00:00,BUY,4424.3,4420.11,4434.75,S100_FVG_LONG,PLACED,,b1ef0e5a-9b21-41b5-92c6-994d3a9bff72
S100 M3 Combo Scalper,2026-09-10 05:49:01.014278+00:00,2026-09-10 05:49:01.014306+00:00,BUY,4427.74,4424.06,4436.93,S100_FVG_LONG,REJECTED,open_position_cap,
S100 M3 Combo Scalper,2026-09-10 06:03:04.963628+00:00,2026-09-10 06:03:04.963652+00:00,BUY,4427.15,4425.03,4432.46,S100_OB_LONG,REJECTED,open_position_cap,
S100 M3 Combo Scalper,2026-09-10 06:37:01.925003+00:00,2026-09-10 06:37:01.925031+00:00,BUY,4413.43,4411.7,4417.76,S100_OB_LONG,REJECTED,entry_drift: drift +0.59pt vs budget 0.43pt (ltp 4414.02),
S100 M3 Combo Scalper,2026-09-10 06:49:03.849013+00:00,2026-09-10 06:49:03.849033+00:00,BUY,4424.27,4421.12,4432.15,S100_FVG_LONG,PLACED,,62802c42-a005-4d0f-b4b0-e810f07920cc
S99 MSS FVG Reversal,2026-09-10 07:44:01.656357+00:00,2026-09-10 07:44:01.656378+00:00,SELL,4407.86,4409.14,4405.94,S99_MSS_FVG_SHORT,REJECTED,sl_too_tight: 1.28pt < 1.5pt,
S100 M3 Combo Scalper,2026-09-10 07:57:04.264588+00:00,2026-09-10 07:57:04.264612+00:00,BUY,4412.31,4411.55,4414.22,S100_OB_LONG,REJECTED,sl_too_tight: 0.76pt < 1.5pt,
S100 M3 Combo Scalper,2026-09-10 08:52:04.814302+00:00,2026-09-10 08:52:04.814326+00:00,SELL,4396.74,4398.95,4391.23,S100_FVG_SHORT,PLACED,,20224af3-f37f-4d22-b029-68150c79cb09
S99 MSS FVG Reversal,2026-09-10 08:52:05.875898+00:00,2026-09-10 08:52:05.875919+00:00,SELL,4396.745,4399.57,4392.51,S99_MSS_FVG_SHORT,PLACED,,a69344fd-9e01-444a-99cf-9a2bb3e0cb9c
S99 MSS FVG Reversal,2026-09-10 10:43:02.078888+00:00,2026-09-10 10:43:02.078915+00:00,SELL,4385.725,4394.8,4372.11,S99_MSS_FVG_SHORT,PLACED,,50e26fdb-1f05-4717-9a35-fe2e517c4fb7
S99 MSS FVG Reversal,2026-09-10 12:46:11.330780+00:00,2026-09-10 12:46:11.330800+00:00,SELL,4343.32,4363.98,4312.33,S99_MSS_FVG_SHORT,REJECTED,entry_drift: drift +1.73pt vs budget 0.50pt (ltp 4341.59),
S100 M3 Combo Scalper,2026-09-10 14:12:04.357538+00:00,2026-09-10 14:12:04.357565+00:00,SELL,4365.94,4374.38,4344.84,S100_OB_SHORT,PLACED,,8520bd3d-5041-4241-94fc-fcbf18b941a6
S99 MSS FVG Reversal,2026-09-10 14:15:02.645732+00:00,2026-09-10 14:15:02.645754+00:00,BUY,4359.57,4355.28,4366.0,S99_MSS_FVG_LONG,PLACED,,5046b8db-4d16-482b-8579-e69f91a65d0c
S100 M3 Combo Scalper,2026-09-10 14:20:05.264480+00:00,2026-09-10 14:20:05.264498+00:00,SELL,4361.93,4367.66,4347.59,S100_OB_SHORT,REJECTED,open_position_cap,
S100 M3 Combo Scalper,2026-09-10 14:50:05.237014+00:00,2026-09-10 14:50:05.237035+00:00,SELL,4358.78,4364.38,4344.78,S100_FVG_SHORT,PLACED,,8af8523e-cacd-432d-a326-c85a18618e1f
S100 M3 Combo Scalper,2026-09-10 15:06:03.086441+00:00,2026-09-10 15:06:03.086459+00:00,SELL,4357.36,4362.45,4344.63,S100_OB_SHORT,REJECTED,open_position_cap,
S100 M3 Combo Scalper,2026-09-10 15:49:02.850299+00:00,2026-09-10 15:49:02.850319+00:00,SELL,4363.31,4371.05,4343.98,S100_OB_SHORT,PLACED,,d409e758-10cd-4dfb-bbd3-6988c78ee42b
S100 M3 Combo Scalper,2026-09-11 01:16:05.702220+00:00,2026-09-11 01:16:05.702263+00:00,SELL,4333.79,4339.34,4319.91,S100_OB_SHORT,PLACED,,a91cae21-4785-412e-b6f2-c8a8d7e03ce8
S100 M3 Combo Scalper,2026-09-11 01:34:03.825514+00:00,2026-09-11 01:34:03.825536+00:00,SELL,4333.19,4337.09,4323.45,S100_OB_SHORT,REJECTED,open_position_cap,
S100 M3 Combo Scalper,2026-09-11 01:46:03.074463+00:00,2026-09-11 01:46:03.074484+00:00,SELL,4326.98,4332.6,4312.93,S100_FVG_SHORT,REJECTED,open_position_cap,
S100 M3 Combo Scalper,2026-09-11 02:39:06.616905+00:00,2026-09-11 02:39:06.616926+00:00,SELL,4320.94,4324.4,4312.32,S100_FVG_SHORT,PLACED,,50294669-6f18-47c2-ab47-57a0997a87bf
S100 M3 Combo Scalper,2026-09-11 03:28:06.878711+00:00,2026-09-11 03:28:06.878730+00:00,SELL,4309.44,4315.38,4294.59,S100_FVG_SHORT,PLACED,,9eb152db-6efb-40d5-b666-f1e1c8a81868
S100 M3 Combo Scalper,2026-09-11 03:56:03.169535+00:00,2026-09-11 03:56:03.169555+00:00,SELL,4304.43,4307.97,4295.56,S100_FVG_SHORT,REJECTED,open_position_cap,
S100 M3 Combo Scalper,2026-09-11 05:08:05.918683+00:00,2026-09-11 05:08:05.918703+00:00,SELL,4333.4,4334.57,4330.45,S100_OB_SHORT,REJECTED,sl_too_tight: 1.17pt < 1.5pt,
S100 M3 Combo Scalper,2026-09-11 05:59:04.835381+00:00,2026-09-11 05:59:04.835403+00:00,BUY,4346.16,4343.64,4352.48,S100_OB_LONG,PLACED,,ff195fab-4339-4524-a194-c20fdf83d52c
S100 M3 Combo Scalper,2026-09-11 06:07:05.941108+00:00,2026-09-11 06:07:05.941128+00:00,BUY,4351.88,4348.52,4360.28,S100_FVG_LONG,REJECTED,entry_drift: drift +3.56pt vs budget 0.50pt (ltp 4355.44),
S100 M3 Combo Scalper,2026-09-11 06:18:03.479825+00:00,2026-09-11 06:18:03.479850+00:00,BUY,4357.81,4354.77,4365.44,S100_OB_LONG,PLACED,,529659c1-1712-4b8a-bebd-3f5fee9d0b11
S100 M3 Combo Scalper,2026-09-11 06:43:07.177576+00:00,2026-09-11 06:43:07.177597+00:00,BUY,4350.68,4348.17,4356.93,S100_OB_LONG,PLACED,,71a738b6-ba84-409b-9d89-07c7ef4fd2e3
S99 MSS FVG Reversal,2026-09-11 08:18:23.376561+00:00,2026-09-11 08:18:23.376583+00:00,SELL,4349.915,4351.09,4348.15,S99_MSS_FVG_SHORT,REJECTED,sl_too_tight: 1.18pt < 1.5pt,
S100 M3 Combo Scalper,2026-09-11 08:56:06.686324+00:00,2026-09-11 08:56:06.686349+00:00,BUY,4348.96,4344.08,4361.15,S100_OB_LONG,PLACED,,37d35662-d646-42cf-af81-d7a59727e428
S99 MSS FVG Reversal,2026-09-11 11:45:03.437854+00:00,2026-09-11 11:45:03.437876+00:00,SELL,4334.225,4337.06,4329.97,S99_MSS_FVG_SHORT,PLACED,,c17f61ac-6901-4827-9d54-0a57907590d1
S99 MSS FVG Reversal,2026-09-11 12:12:03.175869+00:00,2026-09-11 12:12:03.175888+00:00,SELL,4330.22,4331.77,4327.9,S99_MSS_FVG_SHORT,PLACED,,bbc24703-e020-42ea-a9bc-a909e9e64740
S100 M3 Combo Scalper,2026-09-11 13:49:04.636432+00:00,2026-09-11 13:49:04.636453+00:00,BUY,4396.31,4383.83,4427.52,S100_OB_LONG,PLACED,,bbce419d-8ea8-4282-b1b0-3ab1acfc6e05
S100 M3 Combo Scalper,2026-09-11 15:00:07.284086+00:00,2026-09-11 15:00:07.284109+00:00,BUY,4371.15,4364.8,4387.05,S100_OB_LONG,PLACED,,4ce2a44e-7532-46ff-951f-7639427655c5
S99 MSS FVG Reversal,2026-09-11 15:16:04.454101+00:00,2026-09-11 15:16:04.454128+00:00,SELL,4363.91,4368.1,4357.62,S99_MSS_FVG_SHORT,PLACED,,476161ad-7a25-4afe-8cf3-997ebf9b8464
S100 M3 Combo Scalper,2026-09-11 15:59:01.680634+00:00,2026-09-11 15:59:01.680740+00:00,BUY,4365.2,4362.35,4372.34,S100_OB_LONG,REJECTED,entry_drift: drift +0.76pt vs budget 0.50pt (ltp 4365.96),
S100 M3 Combo Scalper,2026-09-14 02:51:06.268715+00:00,2026-09-14 02:51:06.268736+00:00,SELL,4344.09,4347.56,4335.41,S100_RSI3_MOMO_SHORT,PLACED,,e14b4eca-c6fb-4ea3-b327-9183909e4971
S100 M3 Combo Scalper,2026-09-14 03:04:02.847352+00:00,2026-09-14 03:04:02.847371+00:00,SELL,4332.43,4335.77,4324.06,S100_FVG_SHORT,PLACED,,20db8b33-8962-4ae9-8043-62a6e4ca718b
S100 M3 Combo Scalper,2026-09-14 03:44:04.414415+00:00,2026-09-14 03:44:04.414436+00:00,SELL,4329.48,4332.64,4321.55,S100_OB_SHORT,PLACED,,c9b2aa7f-3375-48bb-9d39-3d9938eb3faa
S100 M3 Combo Scalper,2026-09-14 05:51:05.436959+00:00,2026-09-14 05:51:05.436981+00:00,SELL,4327.34,4331.83,4316.12,S100_RSI3_MOMO_SHORT,PLACED,,e49c8dba-7d2d-4925-a43f-8a698ebde00e
S100 M3 Combo Scalper,2026-09-14 06:18:03.296404+00:00,2026-09-14 06:18:03.296431+00:00,SELL,4329.27,4333.89,4317.74,S100_RSI3_MOMO_SHORT,PLACED,,0c3646af-39f1-4661-9d54-df2eef4cdc5c
S100 M3 Combo Scalper,2026-09-14 07:05:05.904672+00:00,2026-09-14 07:05:05.904692+00:00,SELL,4321.45,4322.93,4317.76,S100_OB_SHORT,REJECTED,open_position_cap,
S99 MSS FVG Reversal,2026-09-14 07:07:04.048632+00:00,2026-09-14 07:07:04.048655+00:00,SELL,4323.42,4324.78,4321.38,S99_MSS_FVG_SHORT,REJECTED,sl_too_tight: 1.36pt < 1.5pt,
S100 M3 Combo Scalper,2026-09-14 07:46:02.893542+00:00,2026-09-14 07:46:02.893564+00:00,SELL,4320.73,4322.61,4316.04,S100_OB_SHORT,PLACED,,25921b27-41ef-4608-86ac-9472548ac70a
S100 M3 Combo Scalper,2026-09-14 08:02:04.289839+00:00,2026-09-14 08:02:04.289864+00:00,SELL,4312.73,4316.66,4302.88,S100_FVG_SHORT,PLACED,,39cbae4c-9198-42f4-bdff-489bed00b311
S99 MSS FVG Reversal,2026-09-14 08:02:05.558064+00:00,2026-09-14 08:02:05.558090+00:00,SELL,4312.725,4316.85,4306.54,S99_MSS_FVG_SHORT,PLACED,,09a06bc8-4ece-4309-b7fa-c016604b9719
S100 M3 Combo Scalper,2026-09-14 08:23:03.826829+00:00,2026-09-14 08:23:03.826851+00:00,SELL,4313.44,4315.31,4308.74,S100_FVG_SHORT,REJECTED,entry_drift: drift +0.50pt vs budget 0.47pt (ltp 4312.94),
S99 MSS FVG Reversal,2026-09-14 09:01:01.080651+00:00,2026-09-14 09:01:01.080671+00:00,SELL,4309.34,4310.71,4307.28,S99_MSS_FVG_SHORT,REJECTED,sl_too_tight: 1.37pt < 1.5pt,
S99 MSS FVG Reversal,2026-09-14 10:40:03.263968+00:00,2026-09-14 10:40:03.263994+00:00,SELL,4293.51,4306.28,4274.36,S99_MSS_FVG_SHORT,PLACED,,d972f857-96d9-40a5-a4cd-9c5ef39da39f
S99 MSS FVG Reversal,2026-09-14 12:01:05.157774+00:00,2026-09-14 12:01:05.157797+00:00,SELL,4288.34,4292.54,4282.04,S99_MSS_FVG_SHORT,REJECTED,open_position_cap,
S99 MSS FVG Reversal,2026-09-14 13:01:03.549974+00:00,2026-09-14 13:01:03.550000+00:00,SELL,4272.25,4278.0,4263.62,S99_MSS_FVG_SHORT,REJECTED,entry_drift: drift +1.47pt vs budget 0.50pt (ltp 4270.78),
S100 M3 Combo Scalper,2026-09-14 13:14:04.653127+00:00,2026-09-14 13:14:04.653148+00:00,SELL,4266.57,4272.67,4251.34,S100_OB_SHORT,PLACED,,ba606396-3547-4579-b7e2-d30cf5295445
S100 M3 Combo Scalper,2026-09-14 14:01:03.938211+00:00,2026-09-14 14:01:03.938230+00:00,SELL,4274.98,4281.89,4257.71,S100_OB_SHORT,REJECTED,entry_drift: drift +3.72pt vs budget 0.50pt (ltp 4271.26),
S100 M3 Combo Scalper,2026-09-14 14:09:04.364376+00:00,2026-09-14 14:09:04.364394+00:00,SELL,4271.35,4273.92,4264.91,S100_OB_SHORT,REJECTED,entry_drift: drift +1.99pt vs budget 0.50pt (ltp 4269.36),
S100 M3 Combo Scalper,2026-09-14 14:29:05.601934+00:00,2026-09-14 14:29:05.601959+00:00,SELL,4268.59,4273.84,4255.45,S100_FVG_SHORT,PLACED,,7d6fae4d-34e3-4b7d-9bde-f47536ab0452
S99 MSS FVG Reversal,2026-09-14 15:50:02.968754+00:00,2026-09-14 15:50:02.968779+00:00,BUY,4289.765,4283.5,4299.16,S99_MSS_FVG_LONG,PLACED,,f3357948-7744-4311-86ac-d239b00a7a50
S100 M3 Combo Scalper,2026-09-15 01:18:04.600998+00:00,2026-09-15 01:18:04.601017+00:00,BUY,4301.7,4297.58,4312.0,S100_RSI3_MOMO_LONG,REJECTED,entry_drift: drift +0.57pt vs budget 0.50pt (ltp 4302.27),
S100 M3 Combo Scalper,2026-09-15 01:35:10.182135+00:00,2026-09-15 01:35:10.182155+00:00,BUY,4302.52,4300.63,4307.25,S100_OB_LONG,PLACED,,f5bf1cc2-a18c-4fde-98db-4b7270113ac8
S100 M3 Combo Scalper,2026-09-15 02:43:05.821126+00:00,2026-09-15 02:43:05.821146+00:00,BUY,4313.85,4311.98,4318.54,S100_FVG_LONG,PLACED,,fb667d2e-814a-4f07-b40d-007fb880b502
S100 M3 Combo Scalper,2026-09-15 04:18:05.362116+00:00,2026-09-15 04:18:05.362136+00:00,BUY,4306.01,4304.41,4309.98,S100_OB_LONG,PLACED,,4221881a-ea64-4417-83fa-08c34993ebb5
S100 M3 Combo Scalper,2026-09-15 04:46:03.776214+00:00,2026-09-15 04:46:03.776257+00:00,BUY,4304.84,4302.64,4310.32,S100_FVG_LONG,PLACED,,7941d6cc-d1b4-4f77-9715-1ec723f50213
S100 M3 Combo Scalper,2026-09-15 05:41:03.047009+00:00,2026-09-15 05:41:03.047031+00:00,SELL,4295.05,4297.3,4289.41,S100_FVG_SHORT,PLACED,,2c535984-b82e-4150-a284-28ef0149f466
S100 M3 Combo Scalper,2026-09-15 06:01:03.603693+00:00,2026-09-15 06:01:03.603713+00:00,SELL,4293.46,4296.44,4286.02,S100_FVG_SHORT,REJECTED,entry_drift: drift +0.91pt vs budget 0.50pt (ltp 4292.55),
S100 M3 Combo Scalper,2026-09-15 06:10:06.290010+00:00,2026-09-15 06:10:06.290029+00:00,SELL,4289.62,4291.71,4284.4,S100_FVG_SHORT,PLACED,,4859d8bf-3378-4988-9e7a-2976d3b50164
S100 M3 Combo Scalper,2026-09-15 06:14:03.788837+00:00,2026-09-15 06:14:03.788856+00:00,SELL,4286.4,4290.53,4276.06,S100_RSI3_MOMO_SHORT,REJECTED,open_position_cap,
S100 M3 Combo Scalper,2026-09-15 06:36:04.748426+00:00,2026-09-15 06:36:04.748446+00:00,SELL,4288.4,4290.31,4283.63,S100_OB_SHORT,PLACED,,0ea53a36-d802-4054-aaf4-290448d2b6f3
S99 MSS FVG Reversal,2026-09-15 07:01:03.582332+00:00,2026-09-15 07:01:03.582357+00:00,BUY,4292.165,4290.5,4294.66,S99_MSS_FVG_LONG,REJECTED,soft_daily_brake: daily P&L -124.00 USD <= -120 soft brake,
S99 MSS FVG Reversal,2026-09-15 07:46:05.830377+00:00,2026-09-15 07:46:05.830398+00:00,SELL,4286.825,4290.93,4280.67,S99_MSS_FVG_SHORT,REJECTED,soft_daily_brake: daily P&L -124.00 USD <= -120 soft brake,
S100 M3 Combo Scalper,2026-09-15 07:48:04.704332+00:00,2026-09-15 07:48:04.704355+00:00,SELL,4288.42,4292.81,4277.45,S100_OB_SHORT,REJECTED,soft_daily_brake: daily P&L -124.00 USD <= -120 soft brake,
S100 M3 Combo Scalper,2026-09-15 07:59:01.568098+00:00,2026-09-15 07:59:01.568118+00:00,SELL,4278.97,4282.68,4269.69,S100_FVG_SHORT,REJECTED,soft_daily_brake: daily P&L -124.00 USD <= -120 soft brake,
S99 MSS FVG Reversal,2026-09-15 08:01:02.253643+00:00,2026-09-15 08:01:02.253663+00:00,SELL,4280.96,4284.61,4275.49,S99_MSS_FVG_SHORT,REJECTED,soft_daily_brake: daily P&L -124.00 USD <= -120 soft brake,
S100 M3 Combo Scalper,2026-09-15 08:16:03.682082+00:00,2026-09-15 08:16:03.682106+00:00,SELL,4268.53,4272.09,4259.65,S100_FVG_SHORT,REJECTED,soft_daily_brake: daily P&L -124.00 USD <= -120 soft brake,
S99 MSS FVG Reversal,2026-09-15 08:16:05.898649+00:00,2026-09-15 08:16:05.898669+00:00,SELL,4268.915,4277.5,4256.04,S99_MSS_FVG_SHORT,REJECTED,soft_daily_brake: daily P&L -124.00 USD <= -120 soft brake,
S100 M3 Combo Scalper,2026-09-15 08:53:02.766778+00:00,2026-09-15 08:53:02.766798+00:00,SELL,4267.76,4269.25,4264.01,S100_OB_SHORT,REJECTED,sl_too_tight: 1.49pt < 1.5pt,
S99 MSS FVG Reversal,2026-09-15 09:59:02.874844+00:00,2026-09-15 09:59:02.874866+00:00,BUY,4268.11,4267.14,4269.56,S99_MSS_FVG_LONG,REJECTED,sl_too_tight: 0.97pt < 1.5pt,
S99 MSS FVG Reversal,2026-09-15 10:17:03.594515+00:00,2026-09-15 10:17:03.594534+00:00,BUY,4271.42,4270.23,4273.21,S99_MSS_FVG_LONG,REJECTED,sl_too_tight: 1.19pt < 1.5pt,
S99 MSS FVG Reversal,2026-09-15 11:01:05.498263+00:00,2026-09-15 11:01:05.498285+00:00,BUY,4281.09,4277.05,4287.15,S99_MSS_FVG_LONG,REJECTED,soft_daily_brake: daily P&L -199.00 USD <= -120 soft brake,
S99 MSS FVG Reversal,2026-09-15 12:58:06.465364+00:00,2026-09-15 12:58:06.465385+00:00,BUY,4287.585,4280.52,4298.18,S99_MSS_FVG_LONG,REJECTED,soft_daily_brake: daily P&L -217.00 USD <= -120 soft brake,
S100 M3 Combo Scalper,2026-09-15 13:19:02.034786+00:00,2026-09-15 13:19:02.034807+00:00,BUY,4287.44,4285.82,4291.47,S100_OB_LONG,REJECTED,soft_daily_brake: daily P&L -217.00 USD <= -120 soft brake,
S100 M3 Combo Scalper,2026-09-15 13:28:03.588215+00:00,2026-09-15 13:28:03.588235+00:00,BUY,4289.49,4287.32,4294.92,S100_OB_LONG,REJECTED,soft_daily_brake: daily P&L -217.00 USD <= -120 soft brake,
S100 M3 Combo Scalper,2026-09-15 13:54:01.362971+00:00,2026-09-15 13:54:01.362991+00:00,BUY,4295.99,4290.86,4308.82,S100_RSI3_MOMO_LONG,REJECTED,soft_daily_brake: daily P&L -217.00 USD <= -120 soft brake,
S100 M3 Combo Scalper,2026-09-15 14:11:06.187284+00:00,2026-09-15 14:11:06.187303+00:00,BUY,4297.56,4294.95,4304.09,S100_OB_LONG,REJECTED,soft_daily_brake: daily P&L -217.00 USD <= -120 soft brake,
S99 MSS FVG Reversal,2026-09-15 15:46:04.653391+00:00,2026-09-15 15:46:04.653412+00:00,BUY,4287.385,4284.85,4291.19,S99_MSS_FVG_LONG,REJECTED,soft_daily_brake: daily P&L -217.00 USD <= -120 soft brake,
S100 M3 Combo Scalper,2026-09-16 02:03:04.199537+00:00,2026-09-16 02:03:04.199565+00:00,SELL,4285.72,4288.22,4279.46,S100_OB_SHORT,PLACED,,d7345dfb-1a7b-4f4a-bb17-8f11451c93f6
S100 M3 Combo Scalper,2026-09-16 03:10:02.768753+00:00,2026-09-16 03:10:02.768781+00:00,BUY,4325.86,4322.53,4334.18,S100_FVG_LONG,REJECTED,entry_drift: drift +2.72pt vs budget 0.50pt (ltp 4328.58),
S100 M3 Combo Scalper,2026-09-16 03:20:03.019097+00:00,2026-09-16 03:20:03.019152+00:00,BUY,4336.52,4330.39,4351.86,S100_FVG_LONG,PLACED,,5c5de662-9736-41a4-af0b-5dda251be5ab
S100 M3 Combo Scalper,2026-09-16 05:11:03.402709+00:00,2026-09-16 05:11:03.402732+00:00,BUY,4321.77,4321.02,4323.62,S100_OB_LONG,REJECTED,sl_too_tight: 0.75pt < 1.5pt,
S100 M3 Combo Scalper,2026-09-16 05:49:05.934111+00:00,2026-09-16 05:49:05.934133+00:00,BUY,4330.03,4328.64,4333.5,S100_OB_LONG,REJECTED,sl_too_tight: 1.39pt < 1.5pt,
S100 M3 Combo Scalper,2026-09-16 06:47:02.392935+00:00,2026-09-16 06:47:02.397937+00:00,BUY,4326.57,4325.47,4329.34,S100_OB_LONG,REJECTED,sl_too_tight: 1.10pt < 1.5pt,
S100 M3 Combo Scalper,2026-09-16 07:43:04.393445+00:00,2026-09-16 07:43:04.393465+00:00,BUY,4335.73,4333.44,4341.48,S100_OB_LONG,PLACED,,2290d8e7-8261-4586-9de2-3f4b021b2d23
S100 M3 Combo Scalper,2026-09-16 08:32:05.465606+00:00,2026-09-16 08:32:05.465634+00:00,BUY,4329.73,4327.44,4335.46,S100_FVG_LONG,PLACED,,c0ccda41-012f-46da-89ee-c5c180cfc0f0
S100 M3 Combo Scalper,2026-09-16 08:49:03.183082+00:00,2026-09-16 08:49:03.183104+00:00,BUY,4327.13,4324.76,4333.04,S100_FVG_LONG,REJECTED,entry_drift: drift +1.21pt vs budget 0.50pt (ltp 4328.34),
S99 MSS FVG Reversal,2026-09-16 10:07:05.029077+00:00,2026-09-16 10:07:05.029100+00:00,BUY,4338.075,4335.16,4342.45,S99_MSS_FVG_LONG,REJECTED,entry_drift: drift +1.06pt vs budget 0.50pt (ltp 4339.13),
S100 M3 Combo Scalper,2026-09-16 13:19:04.438768+00:00,2026-09-16 13:19:04.438793+00:00,BUY,4354.35,4350.55,4363.82,S100_FVG_LONG,REJECTED,entry_drift: drift +0.93pt vs budget 0.50pt (ltp 4355.28),
S100 M3 Combo Scalper,2026-09-16 14:18:05.147422+00:00,2026-09-16 14:18:05.147450+00:00,BUY,4335.28,4328.72,4351.69,S100_FVG_LONG,REJECTED,entry_drift: drift +0.69pt vs budget 0.50pt (ltp 4335.97),
S100 M3 Combo Scalper,2026-09-16 14:32:06.151834+00:00,2026-09-16 14:32:06.151853+00:00,BUY,4335.8,4332.13,4344.96,S100_OB_LONG,PLACED,,1470447c-32d1-40e5-9545-651e7b5459f3
S100 M3 Combo Scalper,2026-09-16 14:55:05.714616+00:00,2026-09-16 14:55:05.714639+00:00,BUY,4351.15,4347.82,4359.46,S100_FVG_LONG,REJECTED,"metaapi_rejection: unexpected response: {'numericCode': 10016, 'stringCode': 'TRADE_RETCODE_INVALID_STOPS', 'message': 'Invalid stops in the request'}",
S100 M3 Combo Scalper,2026-09-16 15:05:04.759324+00:00,2026-09-16 15:05:04.759342+00:00,BUY,4351.12,4348.28,4358.24,S100_OB_LONG,PLACED,,b246c9a9-6177-4bf0-b263-d17fc3dfd2ec
S100 M3 Combo Scalper,2026-09-16 15:50:03.481006+00:00,2026-09-16 15:50:03.481027+00:00,BUY,4351.79,4349.72,4356.97,S100_OB_LONG,REJECTED,entry_drift: drift +1.72pt vs budget 0.50pt (ltp 4353.51),
S100 M3 Combo Scalper,2026-09-17 01:58:05.075100+00:00,2026-09-17 01:58:05.075122+00:00,BUY,4300.15,4297.64,4306.45,S100_OB_LONG,PLACED,,4a1a785a-79db-414e-a76e-417736296488
S100 M3 Combo Scalper,2026-09-17 02:36:02.320553+00:00,2026-09-17 02:36:02.321188+00:00,SELL,4286.03,4290.61,4274.6,S100_RSI3_MOMO_SHORT,PLACED,,87993731-d973-433f-acb7-45e90b0073b5
S100 M3 Combo Scalper,2026-09-17 02:58:03.664139+00:00,2026-09-17 02:58:03.664158+00:00,SELL,4278.8,4282.96,4268.38,S100_FVG_SHORT,PLACED,,0588e8b4-b6ed-4d3b-8de4-0ce8db494772
S100 M3 Combo Scalper,2026-09-17 04:32:21.880045+00:00,2026-09-17 04:32:21.880065+00:00,SELL,4292.59,4294.53,4287.73,S100_FVG_SHORT,REJECTED,entry_drift: drift +0.84pt vs budget 0.48pt (ltp 4291.75),
S100 M3 Combo Scalper,2026-09-17 05:30:04.142328+00:00,2026-09-17 05:30:04.142354+00:00,SELL,4286.56,4289.11,4280.2,S100_RSI3_MOMO_SHORT,PLACED,,70f325da-4bae-4384-98c3-132f8b7d0cc1
S99 MSS FVG Reversal,2026-09-17 06:17:05.151306+00:00,2026-09-17 06:17:05.151330+00:00,BUY,4305.875,4304.83,4307.44,S99_MSS_FVG_LONG,REJECTED,sl_too_tight: 1.05pt < 1.5pt,
S99 MSS FVG Reversal,2026-09-17 06:36:04.772015+00:00,2026-09-17 06:36:04.772033+00:00,BUY,4311.28,4307.83,4316.45,S99_MSS_FVG_LONG,REJECTED,soft_daily_brake: daily P&L -123.00 USD <= -120 soft brake,
S100 M3 Combo Scalper,2026-09-17 06:39:06.022158+00:00,2026-09-17 06:39:06.022667+00:00,BUY,4307.35,4305.44,4312.13,S100_OB_LONG,REJECTED,soft_daily_brake: daily P&L -123.00 USD <= -120 soft brake,
S99 MSS FVG Reversal,2026-09-17 07:21:02.609917+00:00,2026-09-17 07:21:02.609945+00:00,BUY,4323.02,4314.82,4335.32,S99_MSS_FVG_LONG,REJECTED,soft_daily_brake: daily P&L -123.00 USD <= -120 soft brake,
S100 M3 Combo Scalper,2026-09-17 07:21:05.668172+00:00,2026-09-17 07:21:05.668192+00:00,BUY,4323.02,4321.05,4327.93,S100_FVG_LONG,REJECTED,soft_daily_brake: daily P&L -123.00 USD <= -120 soft brake,
S99 MSS FVG Reversal,2026-09-17 07:43:00.946644+00:00,2026-09-17 07:43:00.946672+00:00,BUY,4329.36,4324.51,4336.63,S99_MSS_FVG_LONG,REJECTED,soft_daily_brake: daily P&L -123.00 USD <= -120 soft brake,
S100 M3 Combo Scalper,2026-09-17 07:43:06.068367+00:00,2026-09-17 07:43:06.068387+00:00,BUY,4329.36,4325.65,4338.63,S100_FVG_LONG,REJECTED,soft_daily_brake: daily P&L -123.00 USD <= -120 soft brake,
S100 M3 Combo Scalper,2026-09-17 08:43:03.656741+00:00,2026-09-17 08:43:03.656766+00:00,BUY,4315.94,4312.17,4325.35,S100_OB_LONG,REJECTED,soft_daily_brake: daily P&L -123.00 USD <= -120 soft brake,
S99 MSS FVG Reversal,2026-09-17 09:38:02.899790+00:00,2026-09-17 09:38:02.899834+00:00,SELL,4309.025,4311.37,4305.51,S99_MSS_FVG_SHORT,REJECTED,soft_daily_brake: daily P&L -123.00 USD <= -120 soft brake,
S99 MSS FVG Reversal,2026-09-17 11:19:05.953212+00:00,2026-09-17 11:19:05.953233+00:00,BUY,4328.92,4324.25,4335.93,S99_MSS_FVG_LONG,PLACED,,5e4e2a3a-403a-4f74-a958-010afd58c1d0
S99 MSS FVG Reversal,2026-09-17 12:36:03.572336+00:00,2026-09-17 12:36:03.572358+00:00,BUY,4367.46,4364.83,4371.41,S99_MSS_FVG_LONG,REJECTED,news_blackout,
S100 M3 Combo Scalper,2026-09-17 13:24:02.850920+00:00,2026-09-17 13:24:02.850940+00:00,BUY,4371.38,4365.47,4386.17,S100_FVG_LONG,REJECTED,soft_daily_brake: daily P&L -163.00 USD <= -120 soft brake,
S100 M3 Combo Scalper,2026-09-17 13:37:02.278856+00:00,2026-09-17 13:37:02.278877+00:00,BUY,4367.05,4365.61,4370.63,S100_OB_LONG,REJECTED,sl_too_tight: 1.44pt < 1.5pt,
S99 MSS FVG Reversal,2026-09-17 13:47:05.719540+00:00,2026-09-17 13:47:05.719561+00:00,SELL,4363.015,4364.87,4360.23,S99_MSS_FVG_SHORT,REJECTED,soft_daily_brake: daily P&L -163.00 USD <= -120 soft brake,
S99 MSS FVG Reversal,2026-09-17 15:04:02.884291+00:00,2026-09-17 15:04:02.884317+00:00,SELL,4357.605,4359.57,4354.66,S99_MSS_FVG_SHORT,REJECTED,soft_daily_brake: daily P&L -163.00 USD <= -120 soft brake,
S100 M3 Combo Scalper,2026-09-17 15:25:03.099945+00:00,2026-09-17 15:25:03.099968+00:00,BUY,4360.2,4356.79,4368.73,S100_FVG_LONG,REJECTED,soft_daily_brake: daily P&L -163.00 USD <= -120 soft brake,
S100 M3 Combo Scalper,2026-09-18 01:11:04.335220+00:00,2026-09-18 01:11:04.335264+00:00,BUY,4360.54,4356.98,4369.43,S100_FVG_LONG,PLACED,,1380afa7-a62e-41a9-b8f7-ce000a4a4af8
S100 M3 Combo Scalper,2026-09-18 01:27:01.547931+00:00,2026-09-18 01:27:01.548559+00:00,BUY,4361.18,4357.73,4369.8,S100_FVG_LONG,REJECTED,"metaapi_rejection: HTTP 429: {""id"":7077460,""error"":""TooManyRequestsError"",""message"":""It seems like you are trying to access too many unexisting or undeployed trading accounts. Please check your application log",
S100 M3 Combo Scalper,2026-09-18 02:42:21.811792+00:00,2026-09-18 02:42:21.811813+00:00,SELL,4353.15,4355.94,4346.2,S100_OB_SHORT,PLACED,,7a6a1b8b-8101-4cd8-8d88-5e1b445db3c9
S100 M3 Combo Scalper,2026-09-18 03:02:04.644294+00:00,2026-09-18 03:02:04.644316+00:00,SELL,4347.88,4352.75,4335.68,S100_FVG_SHORT,REJECTED,entry_drift: drift +0.69pt vs budget 0.50pt (ltp 4347.19),
S100 M3 Combo Scalper,2026-09-18 03:28:03.731656+00:00,2026-09-18 03:28:03.731730+00:00,SELL,4338.8,4341.2,4332.79,S100_OB_SHORT,PLACED,,4c29e3db-787c-46da-abbf-17eb9532cecf
S100 M3 Combo Scalper,2026-09-18 04:53:06.114759+00:00,2026-09-18 04:53:06.114781+00:00,BUY,4363.98,4360.22,4373.4,S100_FVG_LONG,PLACED,,7f3b45c1-06ec-4970-8cc2-8f59804f0f08
S100 M3 Combo Scalper,2026-09-18 05:11:23.175929+00:00,2026-09-18 05:11:23.175948+00:00,BUY,4366.98,4364.91,4372.15,S100_OB_LONG,REJECTED,open_position_cap,
S100 M3 Combo Scalper,2026-09-18 05:50:02.021866+00:00,2026-09-18 05:50:02.021888+00:00,BUY,4372.67,4370.82,4377.29,S100_FVG_LONG,REJECTED,"metaapi_rejection: unexpected response: {'numericCode': 10016, 'stringCode': 'TRADE_RETCODE_INVALID_STOPS', 'message': 'Invalid stops in the request'}",
S100 M3 Combo Scalper,2026-09-18 06:15:04.795880+00:00,2026-09-18 06:15:04.795900+00:00,BUY,4389.02,4384.18,4401.14,S100_RSI3_MOMO_LONG,PLACED,,27d4e34f-db7f-4973-a91a-b2a7b696447a
S99 MSS FVG Reversal,2026-09-18 06:31:06.961419+00:00,2026-09-18 06:31:06.962102+00:00,BUY,4391.1,4387.96,4395.81,S99_MSS_FVG_LONG,REJECTED,entry_drift: drift +1.42pt vs budget 0.50pt (ltp 4392.52),
S100 M3 Combo Scalper,2026-09-18 06:51:04.855380+00:00,2026-09-18 06:51:04.855402+00:00,BUY,4393.4,4392.09,4396.67,S100_OB_LONG,REJECTED,sl_too_tight: 1.31pt < 1.5pt,
S100 M3 Combo Scalper,2026-09-18 07:32:05.140014+00:00,2026-09-18 07:32:05.140034+00:00,BUY,4393.61,4392.8,4395.65,S100_OB_LONG,REJECTED,sl_too_tight: 0.81pt < 1.5pt,
S99 MSS FVG Reversal,2026-09-18 08:39:02.833594+00:00,2026-09-18 08:39:02.833620+00:00,SELL,4388.995,4390.38,4386.92,S99_MSS_FVG_SHORT,REJECTED,sl_too_tight: 1.39pt < 1.5pt,
S99 MSS FVG Reversal,2026-09-18 09:55:05.734919+00:00,2026-09-18 09:55:05.734946+00:00,SELL,4377.16,4381.68,4370.38,S99_MSS_FVG_SHORT,PLACED,,31196bb1-1d63-4938-b5f2-243e1a50fc82
