start,end,dur_s,n_bars,max_spread,mean_spread,hour_median,abs_move,ny_time,ny_wd,utc_hour,cls,ny_date,presser
2024-09-05 12:14:55,2024-09-05 12:14:55,5,1,2.010,2.010,0.600,0.895,08:14,3,12,unscheduled,2024-09-05,False
2024-09-06 12:30:00,2024-09-06 12:30:15,20,2,3.570,3.275,0.600,3.545,08:30,4,12,scheduled,2024-09-06,False
2024-09-11 12:29:55,2024-09-11 12:29:55,5,1,2.580,2.580,0.600,0.440,08:29,2,12,scheduled,2024-09-11,False
2024-09-13 20:56:40,2024-09-13 20:56:40,5,1,2.810,2.810,0.640,0.205,16:56,4,20,break,2024-09-13,False
2024-10-04 12:29:55,2024-10-04 12:30:00,10,2,4.090,3.040,0.600,11.165,08:29,4,12,scheduled,2024-10-04,False
2024-10-10 12:29:55,2024-10-10 12:30:00,10,2,3.830,3.235,0.600,7.330,08:29,3,12,scheduled,2024-10-10,False
2024-11-01 12:29:55,2024-11-01 12:29:55,5,1,3.280,3.280,0.600,0.575,08:29,4,12,scheduled,2024-11-01,False
2024-11-03 23:05:10,2024-11-03 23:05:10,5,1,2.820,2.820,0.730,0.390,18:05,6,23,unscheduled,2024-11-03,False
2024-11-15 13:30:10,2024-11-15 13:30:10,5,1,2.160,2.160,0.610,3.235,08:30,4,13,scheduled,2024-11-15,False
2024-12-11 03:43:55,2024-12-11 03:45:30,100,14,5.000,3.269,0.640,0.340,22:43,1,3,unscheduled,2024-12-10,False
2024-12-11 04:22:50,2024-12-11 04:22:50,5,1,2.120,2.120,0.640,0.290,23:22,1,4,unscheduled,2024-12-10,False
2024-12-11 04:32:25,2024-12-11 04:41:45,565,91,4.720,2.969,0.640,7.390,23:32,1,4,unscheduled,2024-12-10,False
2024-12-11 04:45:50,2024-12-11 04:47:25,100,7,2.210,2.031,0.640,0.560,23:45,1,4,unscheduled,2024-12-10,False
2024-12-11 04:51:20,2024-12-11 04:57:45,390,54,3.910,2.325,0.640,0.255,23:51,1,4,unscheduled,2024-12-10,False
2024-12-11 05:00:50,2024-12-11 05:00:50,5,1,2.210,2.210,0.640,0.200,00:00,2,5,unscheduled,2024-12-11,False
2024-12-11 05:03:25,2024-12-11 05:07:20,240,47,3.740,2.827,0.640,2.315,00:03,2,5,unscheduled,2024-12-11,False
2024-12-11 05:14:25,2024-12-11 05:26:25,725,127,5.000,3.049,0.640,1.300,00:14,2,5,unscheduled,2024-12-11,False
2024-12-11 05:31:30,2024-12-11 05:31:30,5,1,2.080,2.080,0.640,0.410,00:31,2,5,unscheduled,2024-12-11,False
2024-12-11 05:33:25,2024-12-11 05:35:10,110,6,2.330,2.075,0.640,1.645,00:33,2,5,unscheduled,2024-12-11,False
2024-12-11 05:40:10,2024-12-11 05:40:10,5,1,2.040,2.040,0.640,0.490,00:40,2,5,unscheduled,2024-12-11,False
2024-12-11 05:41:20,2024-12-11 05:49:30,495,93,5.000,3.825,0.640,7.805,00:41,2,5,unscheduled,2024-12-11,False
2024-12-11 05:51:25,2024-12-11 05:52:10,50,5,2.510,2.264,0.640,1.690,00:51,2,5,unscheduled,2024-12-11,False
2024-12-11 05:53:20,2024-12-11 06:15:20,1325,168,4.500,2.516,0.640,3.850,00:53,2,5,unscheduled,2024-12-11,False
2024-12-11 06:16:50,2024-12-11 06:17:40,55,5,2.200,1.948,0.610,0.360,01:16,2,6,unscheduled,2024-12-11,False
2024-12-11 06:18:55,2024-12-11 06:18:55,5,1,1.840,1.840,0.610,0.245,01:18,2,6,unscheduled,2024-12-11,False
2024-12-11 06:25:15,2024-12-11 06:28:15,185,16,2.590,2.097,0.610,0.565,01:25,2,6,unscheduled,2024-12-11,False
2024-12-11 06:30:55,2024-12-11 06:32:10,80,4,1.920,1.875,0.610,0.945,01:30,2,6,unscheduled,2024-12-11,False
2024-12-11 06:38:10,2024-12-11 06:38:50,45,2,1.900,1.880,0.610,0.580,01:38,2,6,unscheduled,2024-12-11,False
2024-12-11 07:08:35,2024-12-11 07:08:40,10,2,1.900,1.895,0.590,0.585,02:08,2,7,unscheduled,2024-12-11,False
2024-12-11 07:10:05,2024-12-11 07:10:20,20,2,2.180,2.155,0.590,0.825,02:10,2,7,unscheduled,2024-12-11,False
2024-12-11 07:12:50,2024-12-11 07:14:20,95,3,2.530,2.270,0.590,0.510,02:12,2,7,unscheduled,2024-12-11,False
2024-12-11 07:15:45,2024-12-11 07:16:10,30,2,2.340,2.065,0.590,1.165,02:15,2,7,unscheduled,2024-12-11,False
2024-12-11 07:19:40,2024-12-11 07:21:45,130,17,2.260,1.958,0.590,1.195,02:19,2,7,unscheduled,2024-12-11,False
2024-12-11 09:17:30,2024-12-11 09:17:30,5,1,1.740,1.740,0.580,0.020,04:17,2,9,unscheduled,2024-12-11,False
2024-12-11 13:29:50,2024-12-11 13:30:20,35,6,3.250,2.458,0.610,1.775,08:29,2,13,scheduled,2024-12-11,False
2024-12-12 01:30:30,2024-12-12 01:31:35,70,11,5.000,3.436,0.660,3.540,20:30,2,1,unscheduled,2024-12-11,False
2024-12-12 13:30:00,2024-12-12 13:30:00,5,1,4.110,4.110,0.610,2.550,08:30,3,13,scheduled,2024-12-12,False
2024-12-18 19:00:05,2024-12-18 19:00:05,5,1,2.240,2.240,0.580,2.705,14:00,2,19,fomc,2024-12-18,False
2024-12-20 21:57:25,2024-12-20 21:59:00,100,18,2.480,2.318,0.730,0.410,16:57,4,21,break,2024-12-20,False
2024-12-25 23:04:55,2024-12-25 23:06:35,105,12,3.550,2.907,0.730,0.435,18:04,2,23,unscheduled,2024-12-25,False
2024-12-26 23:04:55,2024-12-26 23:06:25,95,19,3.880,3.659,0.730,0.910,18:04,3,23,unscheduled,2024-12-26,False
2024-12-26 23:07:50,2024-12-26 23:07:50,5,1,2.240,2.240,0.730,0.230,18:07,3,23,unscheduled,2024-12-26,False
2024-12-26 23:11:40,2024-12-26 23:11:40,5,1,2.260,2.260,0.730,0.320,18:11,3,23,unscheduled,2024-12-26,False
2025-01-03 21:58:15,2025-01-03 21:58:15,5,1,2.200,2.200,0.730,0.130,16:58,4,21,break,2025-01-03,False
2025-01-10 13:29:30,2025-01-10 13:32:30,185,16,3.730,2.249,0.610,10.015,08:29,4,13,scheduled,2025-01-10,False
2025-01-10 15:00:00,2025-01-10 15:00:10,15,3,4.290,3.247,0.590,2.990,10:00,4,15,scheduled,2025-01-10,False
2025-01-10 21:48:35,2025-01-10 21:48:50,20,4,2.280,2.257,0.730,0.090,16:48,4,21,break,2025-01-10,False
2025-01-10 21:58:50,2025-01-10 21:59:00,15,3,3.430,3.303,0.730,0.250,16:58,4,21,break,2025-01-10,False
2025-01-15 13:29:55,2025-01-15 13:30:05,15,3,3.860,2.820,0.610,1.800,08:29,2,13,scheduled,2025-01-15,False
2025-01-15 23:04:55,2025-01-15 23:07:05,135,11,5.000,3.794,0.730,0.520,18:04,2,23,unscheduled,2025-01-15,False
2025-01-16 13:30:05,2025-01-16 13:30:15,15,3,2.330,2.153,0.610,1.340,08:30,3,13,scheduled,2025-01-16,False
2025-01-19 23:04:55,2025-01-19 23:12:15,445,88,5.000,3.220,0.730,0.410,18:04,6,23,unscheduled,2025-01-19,False
2025-01-20 17:20:00,2025-01-20 17:20:00,5,1,2.290,2.290,0.590,0.260,12:20,0,17,unscheduled,2025-01-20,True
2025-01-20 17:25:25,2025-01-20 17:26:55,95,5,3.520,3.106,0.590,0.215,12:25,0,17,unscheduled,2025-01-20,True
2025-01-20 17:33:25,2025-01-20 17:33:35,15,3,1.910,1.873,0.590,0.225,12:33,0,17,unscheduled,2025-01-20,True
2025-01-20 17:39:40,2025-01-20 17:42:15,160,16,2.290,2.116,0.590,1.520,12:39,0,17,unscheduled,2025-01-20,True
2025-01-20 17:48:40,2025-01-20 17:48:40,5,1,1.930,1.930,0.590,0.190,12:48,0,17,unscheduled,2025-01-20,True
2025-01-20 17:55:40,2025-01-20 17:55:40,5,1,1.810,1.810,0.590,0.205,12:55,0,17,unscheduled,2025-01-20,True
2025-01-20 18:00:40,2025-01-20 18:00:40,5,1,1.990,1.990,0.590,0.600,13:00,0,18,unscheduled,2025-01-20,True
2025-01-20 18:08:50,2025-01-20 18:13:30,285,34,2.570,2.036,0.590,0.330,13:08,0,18,unscheduled,2025-01-20,True
2025-01-20 18:22:25,2025-01-20 18:25:55,215,17,2.390,2.005,0.590,1.060,13:22,0,18,unscheduled,2025-01-20,True
2025-01-20 18:31:10,2025-01-20 18:31:20,15,2,1.770,1.770,0.590,0.550,13:31,0,18,unscheduled,2025-01-20,True
2025-01-20 18:39:10,2025-01-20 18:40:10,65,10,2.160,1.980,0.590,0.170,13:39,0,18,unscheduled,2025-01-20,True
2025-01-20 18:44:50,2025-01-20 18:45:45,60,6,2.980,2.393,0.590,0.725,13:44,0,18,unscheduled,2025-01-20,True
2025-01-20 18:52:10,2025-01-20 18:57:30,325,41,2.580,2.042,0.590,0.855,13:52,0,18,unscheduled,2025-01-20,True
2025-01-20 19:00:10,2025-01-20 19:13:45,820,103,3.480,2.231,0.580,2.440,14:00,0,19,scheduled,2025-01-20,True
2025-01-20 19:17:50,2025-01-20 19:21:35,230,41,2.610,2.034,0.580,0.450,14:17,0,19,unscheduled,2025-01-20,True
2025-01-20 19:22:40,2025-01-20 19:26:10,215,18,2.190,1.921,0.580,2.030,14:22,0,19,unscheduled,2025-01-20,True
2025-01-20 19:28:55,2025-01-20 19:29:00,10,2,2.590,2.265,0.580,0.435,14:28,0,19,unscheduled,2025-01-20,True
2025-01-26 23:08:15,2025-01-26 23:14:55,405,56,4.360,2.765,0.730,0.890,18:08,6,23,unscheduled,2025-01-26,False
2025-01-29 18:59:50,2025-01-29 19:00:05,20,4,3.020,2.520,0.590,0.830,13:59,2,18,fomc,2025-01-29,False
2025-01-30 21:16:30,2025-01-30 21:30:40,855,131,5.000,4.306,0.730,3.405,16:16,3,21,break,2025-01-30,False
2025-01-30 23:04:55,2025-01-30 23:14:25,575,105,5.000,3.757,0.730,0.540,18:04,3,23,unscheduled,2025-01-30,False
2025-01-31 21:56:20,2025-01-31 21:59:00,165,28,4.820,4.077,0.730,1.510,16:56,4,21,break,2025-01-31,False
2025-02-02 23:04:55,2025-02-02 23:05:35,45,9,4.630,3.788,0.730,1.550,18:04,6,23,unscheduled,2025-02-02,False
2025-02-02 23:07:10,2025-02-02 23:19:20,735,114,5.000,3.796,0.730,0.285,18:07,6,23,unscheduled,2025-02-02,False
2025-02-02 23:21:20,2025-02-02 23:24:00,165,14,3.270,2.594,0.730,4.060,18:21,6,23,unscheduled,2025-02-02,False
2025-02-02 23:25:05,2025-02-02 23:36:05,665,93,4.260,2.767,0.730,1.650,18:25,6,23,unscheduled,2025-02-02,False
2025-02-02 23:37:15,2025-02-02 23:40:55,225,33,3.730,2.771,0.730,3.430,18:37,6,23,unscheduled,2025-02-02,False
2025-02-02 23:42:10,2025-02-02 23:43:00,55,4,2.630,2.442,0.730,1.045,18:42,6,23,unscheduled,2025-02-02,False
2025-02-02 23:44:10,2025-02-02 23:44:40,35,7,2.570,2.323,0.730,0.480,18:44,6,23,unscheduled,2025-02-02,False
2025-02-02 23:46:45,2025-02-02 23:46:55,15,3,2.350,2.317,0.730,0.100,18:46,6,23,unscheduled,2025-02-02,False
2025-02-02 23:48:10,2025-02-02 23:48:25,20,4,2.480,2.378,0.730,0.810,18:48,6,23,unscheduled,2025-02-02,False
2025-02-02 23:54:00,2025-02-02 23:54:10,15,2,2.230,2.215,0.730,0.455,18:54,6,23,unscheduled,2025-02-02,False
2025-02-02 23:55:45,2025-02-02 23:56:35,55,4,2.420,2.303,0.730,1.955,18:55,6,23,unscheduled,2025-02-02,False
2025-02-02 23:58:15,2025-02-03 00:00:05,115,8,2.420,2.321,0.730,1.035,18:58,6,23,unscheduled,2025-02-02,False
2025-02-03 00:02:45,2025-02-03 00:06:05,205,33,3.450,2.774,0.670,1.510,19:02,6,0,unscheduled,2025-02-02,False
2025-02-03 00:07:50,2025-02-03 00:12:00,255,15,2.650,2.165,0.670,1.940,19:07,6,0,unscheduled,2025-02-02,False
2025-02-03 23:05:25,2025-02-03 23:06:30,70,7,2.270,2.244,0.730,0.595,18:05,0,23,unscheduled,2025-02-03,False
2025-02-04 14:59:50,2025-02-04 15:00:00,15,3,2.420,2.177,0.600,1.980,09:59,1,14,scheduled,2025-02-04,False
2025-02-05 13:15:00,2025-02-05 13:15:00,5,1,2.070,2.070,0.610,1.155,08:15,2,13,unscheduled,2025-02-05,False
2025-02-07 13:30:00,2025-02-07 13:30:00,5,1,2.470,2.470,0.610,5.125,08:30,4,13,scheduled,2025-02-07,False
2025-02-07 21:55:40,2025-02-07 21:55:40,5,1,2.430,2.430,0.730,0.320,16:55,4,21,break,2025-02-07,False
2025-02-07 21:58:30,2025-02-07 21:59:05,40,3,3.940,3.800,0.730,0.365,16:58,4,21,break,2025-02-07,False
2025-02-13 13:29:55,2025-02-13 13:30:05,15,2,2.260,2.130,0.610,2.015,08:29,3,13,scheduled,2025-02-13,False
2025-02-16 23:05:00,2025-02-16 23:10:00,305,52,3.820,2.973,0.730,0.395,18:05,6,23,unscheduled,2025-02-16,False
2025-02-16 23:27:55,2025-02-16 23:27:55,5,1,2.200,2.200,0.730,1.025,18:27,6,23,unscheduled,2025-02-16,False
2025-02-21 21:59:05,2025-02-21 21:59:05,5,1,2.340,2.340,0.730,0.080,16:59,4,21,break,2025-02-21,False
2025-02-24 21:59:00,2025-02-24 21:59:00,5,1,2.450,2.450,0.730,0.555,16:59,0,21,break,2025-02-24,False
2025-03-02 23:05:00,2025-03-02 23:06:00,65,3,3.430,2.930,0.730,1.085,18:05,6,23,unscheduled,2025-03-02,False
2025-03-07 13:29:55,2025-03-07 13:29:55,5,1,1.890,1.890,0.610,0.275,08:29,4,13,scheduled,2025-03-07,False
2025-03-07 21:58:30,2025-03-07 21:59:05,40,3,3.270,2.723,0.730,0.280,16:58,4,21,break,2025-03-07,False
2025-03-12 20:58:25,2025-03-12 20:58:25,5,1,3.440,3.440,0.640,0.870,16:58,2,20,break,2025-03-12,False
2025-03-14 20:54:25,2025-03-14 20:54:25,5,1,2.680,2.680,0.640,0.080,16:54,4,20,unscheduled,2025-03-14,False
2025-03-14 20:56:10,2025-03-14 20:56:10,5,1,2.750,2.750,0.640,0.205,16:56,4,20,break,2025-03-14,False
2025-03-14 20:57:40,2025-03-14 20:57:40,5,1,1.950,1.950,0.640,0.100,16:57,4,20,break,2025-03-14,False
2025-03-14 20:59:00,2025-03-14 20:59:00,5,1,2.220,2.220,0.640,0.090,16:59,4,20,break,2025-03-14,False
2025-03-19 17:59:55,2025-03-19 17:59:55,5,1,2.170,2.170,0.590,0.495,13:59,2,17,fomc,2025-03-19,False
2025-03-27 12:29:55,2025-03-27 12:30:05,15,3,2.840,2.430,0.600,0.345,08:29,3,12,scheduled,2025-03-27,False
2025-04-02 20:26:30,2025-04-02 20:46:15,1190,182,5.000,3.708,0.640,11.210,16:26,2,20,unscheduled,2025-04-02,False
2025-04-02 20:47:40,2025-04-02 20:51:35,240,32,5.000,3.791,0.640,4.580,16:47,2,20,unscheduled,2025-04-02,False
2025-04-02 20:52:55,2025-04-02 20:59:00,370,63,5.000,3.895,0.640,4.890,16:52,2,20,unscheduled,2025-04-02,False
2025-04-02 22:05:05,2025-04-02 22:10:05,305,23,5.000,3.980,0.770,11.855,18:05,2,22,break,2025-04-02,False
2025-04-02 22:21:05,2025-04-02 22:21:05,5,1,2.740,2.740,0.770,1.510,18:21,2,22,unscheduled,2025-04-02,False
2025-04-03 12:30:05,2025-04-03 12:30:05,5,1,1.840,1.840,0.600,1.060,08:30,3,12,scheduled,2025-04-03,False
2025-04-03 13:59:55,2025-04-03 13:59:55,5,1,1.830,1.830,0.610,0.090,09:59,3,13,scheduled,2025-04-03,False
2025-04-04 12:29:55,2025-04-04 12:30:05,15,3,3.020,2.300,0.600,4.840,08:29,4,12,scheduled,2025-04-04,False
2025-04-04 15:28:30,2025-04-04 15:28:30,5,1,1.800,1.800,0.590,3.140,11:28,4,15,unscheduled,2025-04-04,False
2025-04-04 20:56:05,2025-04-04 20:59:00,180,24,3.830,2.882,0.640,0.700,16:56,4,20,break,2025-04-04,False
2025-04-06 22:04:55,2025-04-06 22:07:25,155,23,5.000,4.286,0.770,11.505,18:04,6,22,break,2025-04-06,False
2025-04-06 22:09:05,2025-04-06 22:12:55,235,36,5.000,4.108,0.770,0.115,18:09,6,22,break,2025-04-06,False
2025-04-06 22:14:30,2025-04-06 22:14:30,5,1,2.500,2.500,0.770,0.115,18:14,6,22,break,2025-04-06,False
2025-04-06 22:15:35,2025-04-06 22:15:40,10,2,2.750,2.615,0.770,0.430,18:15,6,22,break,2025-04-06,False
2025-04-06 22:21:05,2025-04-06 22:21:05,5,1,3.060,3.060,0.770,0.810,18:21,6,22,break,2025-04-06,False
2025-04-06 22:22:20,2025-04-06 22:27:15,300,22,5.000,3.441,0.770,3.880,18:22,6,22,break,2025-04-06,False
2025-04-06 22:29:20,2025-04-06 22:29:20,5,1,3.710,3.710,0.770,0.120,18:29,6,22,break,2025-04-06,False
2025-04-06 22:30:30,2025-04-06 22:36:20,355,44,3.450,2.750,0.770,7.910,18:30,6,22,break,2025-04-06,False
2025-04-06 22:43:05,2025-04-06 22:43:05,5,1,2.350,2.350,0.770,0.420,18:43,6,22,break,2025-04-06,False
2025-04-06 22:48:30,2025-04-06 22:48:30,5,1,2.590,2.590,0.770,0.355,18:48,6,22,break,2025-04-06,False
2025-04-06 22:51:50,2025-04-06 22:53:15,90,8,3.840,3.013,0.770,3.485,18:51,6,22,break,2025-04-06,False
2025-04-06 22:54:40,2025-04-06 22:56:10,95,5,2.910,2.552,0.770,2.010,18:54,6,22,break,2025-04-06,False
2025-04-06 22:58:15,2025-04-06 22:58:15,5,1,2.750,2.750,0.770,0.520,18:58,6,22,break,2025-04-06,False
2025-04-06 23:01:10,2025-04-06 23:01:10,5,1,2.250,2.250,0.730,1.000,19:01,6,23,unscheduled,2025-04-06,False
2025-04-06 23:04:35,2025-04-06 23:04:35,5,1,2.910,2.910,0.730,1.750,19:04,6,23,unscheduled,2025-04-06,False
2025-04-06 23:06:30,2025-04-06 23:07:15,50,3,2.390,2.300,0.730,1.030,19:06,6,23,unscheduled,2025-04-06,False
2025-04-06 23:08:35,2025-04-06 23:08:35,5,1,2.200,2.200,0.730,0.975,19:08,6,23,unscheduled,2025-04-06,False
2025-04-06 23:23:15,2025-04-06 23:23:15,5,1,2.540,2.540,0.730,0.850,19:23,6,23,unscheduled,2025-04-06,False
2025-04-06 23:28:40,2025-04-06 23:31:00,145,5,4.230,2.906,0.730,3.625,19:28,6,23,unscheduled,2025-04-06,False
2025-04-06 23:32:30,2025-04-06 23:32:40,15,3,2.600,2.370,0.730,0.320,19:32,6,23,unscheduled,2025-04-06,False
2025-04-06 23:34:00,2025-04-06 23:34:00,5,1,2.300,2.300,0.730,2.370,19:34,6,23,unscheduled,2025-04-06,False
2025-04-07 00:10:55,2025-04-07 00:11:55,65,7,2.350,2.143,0.670,7.355,20:10,6,0,unscheduled,2025-04-06,False
2025-04-07 01:39:40,2025-04-07 01:39:40,5,1,4.020,4.020,0.660,8.660,21:39,6,1,unscheduled,2025-04-06,False
2025-04-07 01:41:15,2025-04-07 01:41:30,20,2,2.140,2.105,0.660,2.085,21:41,6,1,unscheduled,2025-04-06,False
2025-04-07 01:44:15,2025-04-07 01:45:55,105,6,3.510,2.323,0.660,3.410,21:44,6,1,unscheduled,2025-04-06,False
2025-04-07 01:51:25,2025-04-07 01:51:25,5,1,2.050,2.050,0.660,1.770,21:51,6,1,unscheduled,2025-04-06,False
2025-04-07 16:27:10,2025-04-07 16:27:10,5,1,2.200,2.200,0.580,1.016,12:27,0,16,unscheduled,2025-04-07,False
2025-04-07 22:05:10,2025-04-07 22:05:35,30,4,4.460,3.165,0.770,1.000,18:05,0,22,break,2025-04-07,False
2025-04-09 17:25:00,2025-04-09 17:25:00,5,1,1.960,1.960,0.590,2.735,13:25,2,17,unscheduled,2025-04-09,False
2025-04-09 17:59:50,2025-04-09 18:00:00,15,3,1.970,1.860,0.590,2.990,13:59,2,17,fomc,2025-04-09,False
2025-04-10 02:09:40,2025-04-10 02:09:50,15,3,5.000,3.747,0.650,6.380,22:09,2,2,unscheduled,2025-04-09,False
2025-04-10 12:29:45,2025-04-10 12:30:10,30,3,2.210,2.033,0.600,4.220,08:29,3,12,scheduled,2025-04-10,False
2025-04-13 22:09:55,2025-04-13 22:09:55,5,1,2.420,2.420,0.770,1.525,18:09,6,22,break,2025-04-13,False
2025-04-22 22:05:00,2025-04-22 22:05:05,10,2,2.430,2.430,0.770,8.325,18:05,1,22,break,2025-04-22,False
2025-04-23 13:44:50,2025-04-23 13:44:50,5,1,1.860,1.860,0.610,0.700,09:44,2,13,unscheduled,2025-04-23,False
2025-04-23 13:59:55,2025-04-23 13:59:55,5,1,1.880,1.880,0.610,0.905,09:59,2,13,scheduled,2025-04-23,False
2025-04-24 22:13:55,2025-04-24 22:14:50,60,11,5.000,5.000,0.770,2.385,18:13,3,22,unscheduled,2025-04-24,False
2025-04-24 22:18:20,2025-04-24 22:26:40,505,90,5.000,4.364,0.770,4.785,18:18,3,22,unscheduled,2025-04-24,False
2025-04-29 22:04:55,2025-04-29 22:05:25,35,6,2.820,2.625,0.770,0.615,18:04,1,22,break,2025-04-29,False
2025-04-30 12:14:55,2025-04-30 12:14:55,5,1,2.310,2.310,0.600,0.245,08:14,2,12,unscheduled,2025-04-30,False
2025-04-30 14:00:00,2025-04-30 14:00:00,5,1,1.900,1.900,0.600,0.415,10:00,2,14,scheduled,2025-04-30,False
2025-05-01 00:24:30,2025-05-01 00:24:45,20,4,4.830,3.067,0.670,1.195,20:24,2,0,unscheduled,2025-04-30,False
2025-05-01 00:31:10,2025-05-01 00:31:10,5,1,2.080,2.080,0.670,1.070,20:31,2,0,unscheduled,2025-04-30,False
2025-05-01 12:29:55,2025-05-01 12:29:55,5,1,1.960,1.960,0.600,0.330,08:29,3,12,scheduled,2025-05-01,False
2025-05-02 12:29:35,2025-05-02 12:30:05,35,4,2.690,2.240,0.600,2.765,08:29,4,12,scheduled,2025-05-02,False
2025-05-02 20:58:00,2025-05-02 20:58:50,55,4,2.820,2.197,0.640,0.005,16:58,4,20,break,2025-05-02,False
2025-05-06 22:08:15,2025-05-06 22:08:15,5,1,2.330,2.330,0.770,0.635,18:08,1,22,break,2025-05-06,False
2025-05-06 22:31:20,2025-05-06 22:31:20,5,1,2.530,2.530,0.770,0.600,18:31,1,22,unscheduled,2025-05-06,False
2025-05-07 17:59:55,2025-05-07 18:00:00,10,2,3.340,2.890,0.590,0.630,13:59,2,17,fomc,2025-05-07,False
2025-05-09 20:56:45,2025-05-09 20:56:45,5,1,2.030,2.030,0.640,0.630,16:56,4,20,break,2025-05-09,False
2025-05-09 20:58:00,2025-05-09 20:59:05,70,8,2.350,2.105,0.640,1.045,16:58,4,20,break,2025-05-09,False
2025-05-11 22:05:05,2025-05-11 22:05:40,40,2,5.000,5.000,0.770,42.668,18:05,6,22,break,2025-05-11,False
2025-05-11 22:07:40,2025-05-11 22:20:45,790,112,5.000,3.733,0.770,8.632,18:07,6,22,break,2025-05-11,False
2025-05-11 22:30:50,2025-05-11 22:31:55,70,4,2.650,2.525,0.770,0.475,18:30,6,22,break,2025-05-11,False
2025-05-13 12:29:50,2025-05-13 12:29:55,10,2,2.570,2.365,0.600,0.275,08:29,1,12,scheduled,2025-05-13,False
2025-05-20 22:05:00,2025-05-20 22:05:00,5,1,2.360,2.360,0.770,0.135,18:05,1,22,break,2025-05-20,False
2025-05-21 22:04:55,2025-05-21 22:05:10,20,2,2.530,2.430,0.770,3.940,18:04,2,22,break,2025-05-21,False
2025-05-25 22:05:25,2025-05-25 22:05:25,5,1,2.490,2.490,0.770,1.425,18:05,6,22,break,2025-05-25,False
2025-05-25 22:07:10,2025-05-25 22:07:30,25,3,2.380,2.353,0.770,1.545,18:07,6,22,break,2025-05-25,False
2025-05-25 22:08:45,2025-05-25 22:08:45,5,1,2.330,2.330,0.770,1.585,18:08,6,22,break,2025-05-25,False
2025-05-28 20:51:25,2025-05-28 20:51:50,30,2,2.770,2.405,0.640,9.055,16:51,2,20,unscheduled,2025-05-28,False
2025-05-28 22:07:05,2025-05-28 22:10:25,205,20,3.560,2.760,0.770,0.575,18:07,2,22,break,2025-05-28,False
2025-06-02 14:00:00,2025-06-02 14:00:00,5,1,1.930,1.930,0.600,0.840,10:00,0,14,scheduled,2025-06-02,False
2025-06-05 12:29:55,2025-06-05 12:29:55,5,1,1.910,1.910,0.600,0.330,08:29,3,12,scheduled,2025-06-05,False
2025-06-06 12:29:50,2025-06-06 12:30:05,20,4,4.190,3.010,0.600,6.945,08:29,4,12,scheduled,2025-06-06,False
2025-06-11 12:29:55,2025-06-11 12:30:00,10,2,2.460,2.320,0.600,6.775,08:29,2,12,scheduled,2025-06-11,False
2025-06-13 00:08:50,2025-06-13 00:09:05,20,2,2.090,2.050,0.670,0.480,20:08,3,0,unscheduled,2025-06-12,False
2025-06-18 17:59:50,2025-06-18 17:59:50,5,1,1.870,1.870,0.590,0.240,13:59,2,17,fomc,2025-06-18,False
2025-06-22 22:05:30,2025-06-22 22:05:30,5,1,2.410,2.410,0.770,0.490,18:05,6,22,break,2025-06-22,False
2025-06-22 22:07:35,2025-06-22 22:07:35,5,1,2.390,2.390,0.770,0.425,18:07,6,22,break,2025-06-22,False
2025-06-25 22:04:55,2025-06-25 22:05:15,25,2,2.620,2.580,0.770,2.460,18:04,2,22,break,2025-06-25,False
2025-06-25 22:06:20,2025-06-25 22:06:20,5,1,2.510,2.510,0.770,0.445,18:06,2,22,break,2025-06-25,False
2025-06-29 22:27:50,2025-06-29 22:29:55,130,24,5.000,4.676,0.770,2.510,18:27,6,22,break,2025-06-29,False
2025-06-29 22:31:00,2025-06-29 22:31:00,5,1,2.690,2.690,0.770,2.115,18:31,6,22,break,2025-06-29,False
2025-07-03 12:30:00,2025-07-03 12:30:00,5,1,2.460,2.460,0.600,9.815,08:30,3,12,scheduled,2025-07-03,False
2025-07-13 22:04:55,2025-07-13 22:07:20,150,16,3.260,2.531,0.770,4.765,18:04,6,22,break,2025-07-13,False
2025-07-13 22:16:50,2025-07-13 22:18:05,80,5,2.480,2.364,0.770,0.930,18:16,6,22,break,2025-07-13,False
2025-07-16 15:17:05,2025-07-16 15:19:30,150,5,2.120,1.950,0.590,1.995,11:17,2,15,unscheduled,2025-07-16,False
2025-07-16 15:30:40,2025-07-16 15:31:15,40,2,1.910,1.845,0.590,0.235,11:30,2,15,unscheduled,2025-07-16,False
2025-07-16 15:55:50,2025-07-16 15:57:00,75,5,2.030,1.920,0.590,0.900,11:55,2,15,unscheduled,2025-07-16,False
2025-07-17 12:29:55,2025-07-17 12:29:55,5,1,1.950,1.950,0.600,1.155,08:29,3,12,scheduled,2025-07-17,False
2025-07-30 17:59:55,2025-07-30 17:59:55,5,1,2.970,2.970,0.590,0.705,13:59,2,17,fomc,2025-07-30,False
2025-08-01 20:55:45,2025-08-01 20:55:45,5,1,5.000,5.000,0.640,0.445,16:55,4,20,break,2025-08-01,False
2025-08-07 12:29:55,2025-08-07 12:29:55,5,1,3.690,3.690,0.600,1.320,08:29,3,12,scheduled,2025-08-07,False
2025-08-07 14:08:30,2025-08-07 14:08:30,5,1,2.050,2.050,0.600,2.060,10:08,3,14,unscheduled,2025-08-07,False
2025-08-07 14:09:50,2025-08-07 14:09:50,5,1,1.810,1.810,0.600,0.600,10:09,3,14,unscheduled,2025-08-07,False
2025-08-07 20:48:55,2025-08-07 20:48:55,5,1,1.950,1.950,0.640,0.190,16:48,3,20,unscheduled,2025-08-07,False
2025-08-07 20:50:40,2025-08-07 20:52:20,105,5,2.390,2.166,0.640,0.320,16:50,3,20,unscheduled,2025-08-07,False
2025-08-07 20:54:00,2025-08-07 20:59:05,310,38,4.020,2.753,0.640,2.610,16:54,3,20,unscheduled,2025-08-07,False
2025-08-07 22:04:55,2025-08-07 23:56:00,6670,1156,5.000,3.984,0.770,3.465,18:04,3,22,break,2025-08-07,False
2025-08-08 00:02:00,2025-08-08 00:05:50,235,14,2.360,2.138,0.670,1.035,20:02,3,0,unscheduled,2025-08-07,False
2025-08-08 00:08:00,2025-08-08 00:09:20,85,10,2.880,2.436,0.670,0.565,20:08,3,0,unscheduled,2025-08-07,False
2025-08-08 00:16:15,2025-08-08 00:17:30,80,13,3.050,2.711,0.670,1.140,20:16,3,0,unscheduled,2025-08-07,False
2025-08-08 00:19:05,2025-08-08 00:23:40,280,28,2.950,2.433,0.670,2.915,20:19,3,0,unscheduled,2025-08-07,False
2025-08-08 00:27:55,2025-08-08 00:30:30,160,18,3.150,2.538,0.670,0.030,20:27,3,0,unscheduled,2025-08-07,False
2025-08-08 00:36:05,2025-08-08 00:36:25,25,3,2.150,2.077,0.670,0.965,20:36,3,0,unscheduled,2025-08-07,False
2025-08-08 00:38:30,2025-08-08 00:38:30,5,1,2.060,2.060,0.670,0.025,20:38,3,0,unscheduled,2025-08-07,False
2025-08-08 00:44:35,2025-08-08 00:45:00,30,2,2.330,2.170,0.670,0.185,20:44,3,0,unscheduled,2025-08-07,False
2025-08-08 00:55:55,2025-08-08 00:58:20,150,12,2.580,2.179,0.670,2.935,20:55,3,0,unscheduled,2025-08-07,False
2025-08-08 00:59:25,2025-08-08 01:00:10,50,2,2.230,2.185,0.670,0.505,20:59,3,0,unscheduled,2025-08-07,False
2025-08-08 01:02:40,2025-08-08 01:02:40,5,1,1.980,1.980,0.660,0.230,21:02,3,1,unscheduled,2025-08-07,False
2025-08-08 01:06:40,2025-08-08 01:06:55,20,2,2.100,2.045,0.660,0.070,21:06,3,1,unscheduled,2025-08-07,False
2025-08-08 01:08:10,2025-08-08 01:09:00,55,5,2.270,2.170,0.660,1.475,21:08,3,1,unscheduled,2025-08-07,False
2025-08-08 01:10:05,2025-08-08 01:11:30,90,8,2.660,2.369,0.660,0.005,21:10,3,1,unscheduled,2025-08-07,False
2025-08-08 01:12:40,2025-08-08 01:12:50,15,3,2.240,2.193,0.660,0.175,21:12,3,1,unscheduled,2025-08-07,False
2025-08-08 01:16:20,2025-08-08 01:16:20,5,1,2.110,2.110,0.660,0.190,21:16,3,1,unscheduled,2025-08-07,False
2025-08-08 01:34:10,2025-08-08 01:34:10,5,1,2.110,2.110,0.660,0.425,21:34,3,1,unscheduled,2025-08-07,False
2025-08-08 01:35:35,2025-08-08 01:36:00,30,2,3.100,2.560,0.660,0.800,21:35,3,1,unscheduled,2025-08-07,False
2025-08-08 01:37:10,2025-08-08 01:37:10,5,1,2.120,2.120,0.660,0.400,21:37,3,1,unscheduled,2025-08-07,False
2025-08-08 01:40:45,2025-08-08 01:40:55,15,2,5.000,3.710,0.660,0.440,21:40,3,1,unscheduled,2025-08-07,False
2025-08-08 01:45:25,2025-08-08 01:45:25,5,1,4.060,4.060,0.660,0.395,21:45,3,1,unscheduled,2025-08-07,False
2025-08-08 01:55:00,2025-08-08 01:55:00,5,1,2.350,2.350,0.660,0.760,21:55,3,1,unscheduled,2025-08-07,False
2025-08-08 01:56:05,2025-08-08 01:56:05,5,1,2.410,2.410,0.660,0.350,21:56,3,1,unscheduled,2025-08-07,False
2025-08-08 02:37:00,2025-08-08 02:37:00,5,1,1.990,1.990,0.650,0.550,22:37,3,2,unscheduled,2025-08-07,False
2025-08-08 02:49:45,2025-08-08 02:49:45,5,1,2.010,2.010,0.650,0.030,22:49,3,2,unscheduled,2025-08-07,False
2025-08-08 02:51:15,2025-08-08 02:51:15,5,1,1.970,1.970,0.650,0.200,22:51,3,2,unscheduled,2025-08-07,False
2025-08-08 02:56:35,2025-08-08 02:56:35,5,1,1.950,1.950,0.650,0.475,22:56,3,2,unscheduled,2025-08-07,False
2025-08-08 03:01:40,2025-08-08 03:01:55,20,2,2.010,1.970,0.640,0.620,23:01,3,3,unscheduled,2025-08-07,False
2025-08-08 03:04:45,2025-08-08 03:04:45,5,1,2.080,2.080,0.640,0.075,23:04,3,3,unscheduled,2025-08-07,False
2025-08-08 03:33:15,2025-08-08 03:33:15,5,1,2.110,2.110,0.640,0.470,23:33,3,3,unscheduled,2025-08-07,False
2025-08-08 03:35:35,2025-08-08 03:37:10,100,8,2.240,2.094,0.640,0.845,23:35,3,3,unscheduled,2025-08-07,False
2025-08-08 03:40:05,2025-08-08 03:40:55,55,7,2.490,2.250,0.640,0.085,23:40,3,3,unscheduled,2025-08-07,False
2025-08-08 03:46:00,2025-08-08 03:46:40,45,4,2.250,2.110,0.640,0.645,23:46,3,3,unscheduled,2025-08-07,False
2025-08-08 03:48:05,2025-08-08 03:48:05,5,1,2.180,2.180,0.640,0.350,23:48,3,3,unscheduled,2025-08-07,False
2025-08-08 05:40:30,2025-08-08 05:40:30,5,1,2.530,2.530,0.640,0.840,01:40,4,5,unscheduled,2025-08-08,False
2025-08-08 05:49:35,2025-08-08 05:49:35,5,1,1.950,1.950,0.640,0.185,01:49,4,5,unscheduled,2025-08-08,False
2025-08-08 06:00:35,2025-08-08 06:00:45,15,3,2.110,2.057,0.610,0.080,02:00,4,6,unscheduled,2025-08-08,False
2025-08-08 06:06:50,2025-08-08 06:06:50,5,1,2.210,2.210,0.610,0.340,02:06,4,6,unscheduled,2025-08-08,False
2025-08-08 06:21:00,2025-08-08 06:21:10,15,2,2.020,1.980,0.610,0.915,02:21,4,6,unscheduled,2025-08-08,False
2025-08-08 06:33:50,2025-08-08 06:33:50,5,1,1.850,1.850,0.610,0.105,02:33,4,6,unscheduled,2025-08-08,False
2025-08-08 07:15:45,2025-08-08 07:16:00,20,4,2.140,1.985,0.590,0.170,03:15,4,7,unscheduled,2025-08-08,False
2025-08-08 07:19:30,2025-08-08 07:20:30,65,5,2.010,1.922,0.590,0.950,03:19,4,7,unscheduled,2025-08-08,False
2025-08-08 07:25:40,2025-08-08 07:25:45,10,2,2.050,1.940,0.590,0.285,03:25,4,7,unscheduled,2025-08-08,False
2025-08-08 07:30:35,2025-08-08 07:31:25,55,2,2.050,1.930,0.590,1.670,03:30,4,7,unscheduled,2025-08-08,False
2025-08-08 07:33:45,2025-08-08 07:33:45,5,1,1.910,1.910,0.590,0.090,03:33,4,7,unscheduled,2025-08-08,False
2025-08-08 07:40:10,2025-08-08 07:45:25,320,33,2.500,2.099,0.590,7.575,03:40,4,7,unscheduled,2025-08-08,False
2025-08-08 12:27:35,2025-08-08 12:27:50,20,2,1.850,1.840,0.600,2.010,08:27,4,12,unscheduled,2025-08-08,False
2025-08-08 12:29:10,2025-08-08 12:29:15,10,2,1.990,1.965,0.600,0.650,08:29,4,12,scheduled,2025-08-08,False
2025-08-08 12:30:35,2025-08-08 12:30:35,5,1,1.830,1.830,0.600,0.075,08:30,4,12,scheduled,2025-08-08,False
2025-08-08 12:35:15,2025-08-08 12:39:30,260,10,2.140,1.946,0.600,0.225,08:35,4,12,unscheduled,2025-08-08,False
2025-08-08 12:40:45,2025-08-08 12:40:45,5,1,1.820,1.820,0.600,0.315,08:40,4,12,unscheduled,2025-08-08,False
2025-08-08 12:48:15,2025-08-08 12:50:55,165,15,2.780,2.257,0.600,0.130,08:48,4,12,unscheduled,2025-08-08,False
2025-08-08 12:52:40,2025-08-08 12:53:05,30,4,2.240,2.067,0.600,1.020,08:52,4,12,unscheduled,2025-08-08,False
2025-08-08 13:04:25,2025-08-08 13:04:25,5,1,1.950,1.950,0.610,0.440,09:04,4,13,unscheduled,2025-08-08,False
2025-08-08 13:05:55,2025-08-08 13:06:40,50,3,1.970,1.910,0.610,1.240,09:05,4,13,unscheduled,2025-08-08,False
2025-08-08 13:11:20,2025-08-08 13:12:00,45,5,2.160,1.954,0.610,0.305,09:11,4,13,unscheduled,2025-08-08,False
2025-08-08 13:19:35,2025-08-08 13:20:05,35,3,1.970,1.923,0.610,0.185,09:19,4,13,unscheduled,2025-08-08,False
2025-08-08 13:25:50,2025-08-08 13:25:50,5,1,1.850,1.850,0.610,0.170,09:25,4,13,unscheduled,2025-08-08,False
2025-08-08 17:59:50,2025-08-08 18:05:50,365,62,5.000,3.599,0.590,8.480,13:59,4,17,scheduled,2025-08-08,False
2025-08-08 18:07:20,2025-08-08 18:14:30,435,50,3.780,2.308,0.590,1.485,14:07,4,18,unscheduled,2025-08-08,False
2025-08-08 18:15:40,2025-08-08 18:15:40,5,1,2.250,2.250,0.590,0.275,14:15,4,18,unscheduled,2025-08-08,False
2025-08-08 18:21:05,2025-08-08 18:21:05,5,1,1.870,1.870,0.590,1.480,14:21,4,18,unscheduled,2025-08-08,False
2025-08-08 20:36:55,2025-08-08 20:36:55,5,1,1.980,1.980,0.640,0.105,16:36,4,20,unscheduled,2025-08-08,False
2025-08-08 20:44:45,2025-08-08 20:55:55,675,87,5.000,2.177,0.640,0.175,16:44,4,20,unscheduled,2025-08-08,False
2025-08-08 20:57:35,2025-08-08 20:58:55,85,17,2.560,2.368,0.640,0.295,16:57,4,20,break,2025-08-08,False
2025-08-10 22:04:55,2025-08-10 22:10:45,355,44,5.000,3.303,0.770,2.280,18:04,6,22,break,2025-08-10,False
2025-08-10 22:11:55,2025-08-10 22:12:20,30,5,3.360,2.774,0.770,1.710,18:11,6,22,break,2025-08-10,False
2025-08-10 22:13:50,2025-08-10 22:19:25,340,54,4.240,3.589,0.770,0.875,18:13,6,22,break,2025-08-10,False
2025-08-11 13:49:25,2025-08-11 13:49:25,5,1,5.000,5.000,0.610,4.280,09:49,0,13,unscheduled,2025-08-11,False
2025-08-11 13:53:25,2025-08-11 13:53:25,5,1,5.000,5.000,0.610,4.035,09:53,0,13,unscheduled,2025-08-11,False
2025-08-11 13:54:40,2025-08-11 13:54:45,10,2,5.000,5.000,0.610,3.500,09:54,0,13,unscheduled,2025-08-11,False
2025-08-11 17:36:30,2025-08-11 17:37:05,40,2,1.980,1.930,0.590,2.825,13:36,0,17,unscheduled,2025-08-11,False
2025-08-12 12:29:45,2025-08-12 12:31:15,95,8,5.000,2.469,0.600,13.675,08:29,1,12,scheduled,2025-08-12,False
2025-08-14 12:30:00,2025-08-14 12:30:00,5,1,4.450,4.450,0.600,2.255,08:30,3,12,scheduled,2025-08-14,False
2025-08-15 12:29:55,2025-08-15 12:29:55,5,1,2.110,2.110,0.600,0.110,08:29,4,12,scheduled,2025-08-15,False
2025-08-22 14:00:00,2025-08-22 14:00:00,5,1,3.870,3.870,0.600,8.190,10:00,4,14,scheduled,2025-08-22,False
2025-08-28 12:29:55,2025-08-28 12:29:55,5,1,2.700,2.700,0.600,0.210,08:29,3,12,scheduled,2025-08-28,False
2025-08-28 22:05:00,2025-08-28 22:07:35,160,21,3.050,2.537,0.770,0.095,18:05,3,22,break,2025-08-28,False
2025-08-28 22:08:55,2025-08-28 22:11:35,165,14,2.700,2.436,0.770,0.080,18:08,3,22,break,2025-08-28,False
2025-08-29 12:30:00,2025-08-29 12:30:00,5,1,2.150,2.150,0.600,1.150,08:30,4,12,scheduled,2025-08-29,False
2025-08-29 20:58:55,2025-08-29 20:59:05,15,2,1.970,1.955,0.640,0.075,16:58,4,20,break,2025-08-29,False
2025-09-01 02:28:15,2025-09-01 02:28:15,5,1,2.130,2.130,0.650,1.015,22:28,6,2,unscheduled,2025-08-31,False
2025-09-01 22:06:45,2025-09-01 22:07:00,20,2,2.610,2.495,0.770,0.890,18:06,0,22,break,2025-09-01,False
2025-09-01 22:09:00,2025-09-01 22:09:05,10,2,2.920,2.770,0.770,0.165,18:09,0,22,break,2025-09-01,False
2025-09-02 13:59:55,2025-09-02 14:00:00,10,2,2.320,2.155,0.610,1.250,09:59,1,13,scheduled,2025-09-02,False
2025-09-04 12:15:05,2025-09-04 12:15:05,5,1,2.010,2.010,0.600,0.375,08:15,3,12,unscheduled,2025-09-04,False
2025-09-04 12:29:55,2025-09-04 12:30:00,10,2,1.880,1.860,0.600,1.445,08:29,3,12,scheduled,2025-09-04,False
2025-09-04 14:00:00,2025-09-04 14:00:00,5,1,2.200,2.200,0.600,2.920,10:00,3,14,scheduled,2025-09-04,False
2025-09-05 12:29:55,2025-09-05 12:33:20,210,18,5.000,2.786,0.600,26.370,08:29,4,12,scheduled,2025-09-05,False
2025-09-07 22:05:05,2025-09-07 22:05:10,10,2,2.330,2.330,0.770,0.115,18:05,6,22,break,2025-09-07,False
2025-09-07 22:06:40,2025-09-07 22:06:50,15,2,2.410,2.405,0.770,1.590,18:06,6,22,break,2025-09-07,False
2025-09-09 14:00:10,2025-09-09 14:00:25,20,4,3.190,2.433,0.600,0.755,10:00,1,14,scheduled,2025-09-09,False
2025-09-10 12:30:00,2025-09-10 12:30:00,5,1,4.180,4.180,0.600,7.905,08:30,2,12,scheduled,2025-09-10,False
2025-09-11 12:30:00,2025-09-11 12:31:10,75,6,2.700,2.182,0.600,6.410,08:30,3,12,scheduled,2025-09-11,False
2025-09-16 12:30:00,2025-09-16 12:30:00,5,1,2.390,2.390,0.600,1.755,08:30,1,12,scheduled,2025-09-16,False
2025-09-17 17:59:45,2025-09-17 18:01:30,110,16,5.000,3.295,0.590,12.630,13:59,2,17,fomc,2025-09-17,False
2025-09-17 18:03:00,2025-09-17 18:04:30,95,11,2.730,2.237,0.590,3.825,14:03,2,18,scheduled,2025-09-17,False
2025-09-17 18:14:15,2025-09-17 18:14:15,5,1,1.780,1.780,0.590,0.730,14:14,2,18,unscheduled,2025-09-17,False
2025-09-17 22:06:50,2025-09-17 22:07:00,15,2,5.000,4.290,0.770,2.710,18:06,2,22,break,2025-09-17,False
2025-09-18 12:30:00,2025-09-18 12:30:00,5,1,2.960,2.960,0.600,1.795,08:30,3,12,scheduled,2025-09-18,False
2025-09-19 20:58:15,2025-09-19 20:58:15,5,1,2.570,2.570,0.640,0.605,16:58,4,20,break,2025-09-19,False
2025-09-23 13:44:55,2025-09-23 13:44:55,5,1,2.270,2.270,0.610,0.990,09:44,1,13,unscheduled,2025-09-23,False
2025-09-25 12:29:55,2025-09-25 12:30:05,15,3,3.610,2.670,0.600,3.445,08:29,3,12,scheduled,2025-09-25,False
2025-09-26 20:55:40,2025-09-26 20:57:05,90,5,2.030,1.962,0.640,0.175,16:55,4,20,break,2025-09-26,False
2025-09-26 20:58:35,2025-09-26 20:58:55,25,2,2.200,2.175,0.640,0.420,16:58,4,20,break,2025-09-26,False
2025-10-01 12:14:55,2025-10-01 12:14:55,5,1,1.820,1.820,0.600,0.095,08:14,2,12,unscheduled,2025-10-01,False
2025-10-03 20:59:00,2025-10-03 20:59:00,5,1,3.070,3.070,0.640,0.065,16:59,4,20,break,2025-10-03,False
2025-10-05 22:04:55,2025-10-05 22:06:50,120,22,3.070,2.660,0.770,0.905,18:04,6,22,break,2025-10-05,False
2025-10-05 22:59:50,2025-10-05 23:00:20,35,4,4.320,3.335,0.770,3.160,18:59,6,22,break,2025-10-05,False
2025-10-05 23:01:55,2025-10-05 23:02:10,20,2,2.460,2.380,0.730,2.265,19:01,6,23,unscheduled,2025-10-05,False
2025-10-06 22:12:35,2025-10-06 22:12:35,5,1,2.430,2.430,0.770,0.655,18:12,0,22,unscheduled,2025-10-06,False
2025-10-08 18:00:00,2025-10-08 18:00:00,5,1,1.820,1.820,0.590,0.495,14:00,2,18,fomc,2025-10-08,False
2025-10-08 22:09:20,2025-10-08 22:09:25,10,2,5.000,3.735,0.770,6.665,18:09,2,22,break,2025-10-08,False
2025-10-09 14:00:25,2025-10-09 14:01:35,75,3,2.420,2.043,0.600,1.375,10:00,3,14,scheduled,2025-10-09,False
2025-10-09 14:02:40,2025-10-09 14:02:40,5,1,1.980,1.980,0.600,0.940,10:02,3,14,scheduled,2025-10-09,False
2025-10-10 13:59:55,2025-10-10 13:59:55,5,1,1.860,1.860,0.610,0.255,09:59,4,13,scheduled,2025-10-10,False
2025-10-10 20:54:15,2025-10-10 20:59:05,295,42,5.000,3.228,0.640,0.000,16:54,4,20,unscheduled,2025-10-10,False
2025-10-12 22:05:25,2025-10-12 22:25:30,1210,157,5.000,3.185,0.770,26.210,18:05,6,22,break,2025-10-12,False
2025-10-14 05:09:00,2025-10-14 05:09:50,55,10,3.300,2.554,0.640,0.745,01:09,1,5,unscheduled,2025-10-14,False
2025-10-14 05:15:50,2025-10-14 05:15:50,5,1,2.540,2.540,0.640,0.440,01:15,1,5,unscheduled,2025-10-14,False
2025-10-14 05:38:30,2025-10-14 05:38:30,5,1,2.040,2.040,0.640,0.305,01:38,1,5,unscheduled,2025-10-14,False
2025-10-14 05:45:10,2025-10-14 05:45:10,5,1,1.970,1.970,0.640,2.650,01:45,1,5,unscheduled,2025-10-14,False
2025-10-14 05:56:50,2025-10-14 05:57:40,55,6,2.090,2.028,0.640,3.505,01:56,1,5,unscheduled,2025-10-14,False
2025-10-14 06:22:20,2025-10-14 06:22:45,30,6,2.580,2.160,0.610,4.015,02:22,1,6,unscheduled,2025-10-14,False
2025-10-14 19:38:40,2025-10-14 19:38:40,5,1,2.630,2.630,0.580,1.730,15:38,1,19,unscheduled,2025-10-14,False
2025-10-16 12:30:00,2025-10-16 12:30:00,5,1,1.910,1.910,0.600,0.235,08:30,3,12,scheduled,2025-10-16,False
2025-10-16 22:05:00,2025-10-16 22:05:00,5,1,2.360,2.360,0.770,0.475,18:05,3,22,break,2025-10-16,False
2025-10-16 22:06:20,2025-10-16 22:06:20,5,1,2.990,2.990,0.770,1.070,18:06,3,22,break,2025-10-16,False
2025-10-16 22:07:25,2025-10-16 22:10:30,190,11,2.980,2.662,0.770,16.255,18:07,3,22,break,2025-10-16,False
2025-10-16 22:12:15,2025-10-16 22:12:35,25,2,2.380,2.355,0.770,2.730,18:12,3,22,unscheduled,2025-10-16,False
2025-10-16 22:14:35,2025-10-16 22:14:40,10,2,5.000,3.820,0.770,2.475,18:14,3,22,unscheduled,2025-10-16,False
2025-10-16 22:18:25,2025-10-16 22:19:15,55,4,2.910,2.525,0.770,15.940,18:18,3,22,unscheduled,2025-10-16,False
2025-10-16 22:22:40,2025-10-16 22:24:50,135,8,3.600,2.901,0.770,1.440,18:22,3,22,unscheduled,2025-10-16,False
2025-10-16 22:26:10,2025-10-16 22:26:45,40,6,2.430,2.378,0.770,1.610,18:26,3,22,unscheduled,2025-10-16,False
2025-10-17 01:44:05,2025-10-17 01:44:05,5,1,3.390,3.390,0.660,6.700,21:44,3,1,unscheduled,2025-10-16,False
2025-10-17 01:45:20,2025-10-17 01:45:20,5,1,2.070,2.070,0.660,6.445,21:45,3,1,unscheduled,2025-10-16,False
2025-10-17 07:20:15,2025-10-17 07:21:35,85,6,5.000,3.402,0.590,1.070,03:20,4,7,unscheduled,2025-10-17,False
2025-10-17 07:22:50,2025-10-17 07:23:30,45,2,2.280,2.070,0.590,12.870,03:22,4,7,unscheduled,2025-10-17,False
2025-10-17 07:31:20,2025-10-17 07:31:20,5,1,1.810,1.810,0.590,1.055,03:31,4,7,unscheduled,2025-10-17,False
2025-10-17 13:35:30,2025-10-17 13:37:15,110,16,5.000,2.749,0.610,16.720,09:35,4,13,unscheduled,2025-10-17,False
2025-10-17 14:03:25,2025-10-17 14:03:25,5,1,2.760,2.760,0.600,4.460,10:03,4,14,scheduled,2025-10-17,False
2025-10-17 14:05:30,2025-10-17 14:05:50,25,4,2.120,1.942,0.600,8.125,10:05,4,14,unscheduled,2025-10-17,False
2025-10-17 14:14:40,2025-10-17 14:15:15,40,2,2.090,1.975,0.600,3.960,10:14,4,14,unscheduled,2025-10-17,False
2025-10-17 17:05:00,2025-10-17 17:05:00,5,1,1.920,1.920,0.590,3.825,13:05,4,17,unscheduled,2025-10-17,False
2025-10-17 17:06:20,2025-10-17 17:07:35,80,3,2.040,1.913,0.590,8.295,13:06,4,17,unscheduled,2025-10-17,False
2025-10-17 17:08:40,2025-10-17 17:08:45,10,2,1.860,1.820,0.590,0.035,13:08,4,17,unscheduled,2025-10-17,False
2025-10-17 20:00:15,2025-10-17 20:00:15,5,1,1.940,1.940,0.640,1.080,16:00,4,20,unscheduled,2025-10-17,False
2025-10-17 20:02:20,2025-10-17 20:02:20,5,1,1.970,1.970,0.640,0.975,16:02,4,20,unscheduled,2025-10-17,False
2025-10-17 20:04:05,2025-10-17 20:04:10,10,2,1.960,1.945,0.640,0.170,16:04,4,20,unscheduled,2025-10-17,False
2025-10-17 20:11:30,2025-10-17 20:11:30,5,1,1.990,1.990,0.640,0.430,16:11,4,20,unscheduled,2025-10-17,False
2025-10-17 20:13:05,2025-10-17 20:13:05,5,1,1.960,1.960,0.640,0.185,16:13,4,20,unscheduled,2025-10-17,False
2025-10-17 20:14:10,2025-10-17 20:14:10,5,1,1.940,1.940,0.640,0.075,16:14,4,20,unscheduled,2025-10-17,False
2025-10-17 20:16:10,2025-10-17 20:16:10,5,1,2.060,2.060,0.640,3.240,16:16,4,20,unscheduled,2025-10-17,False
2025-10-17 20:18:15,2025-10-17 20:26:15,485,43,2.810,2.155,0.640,6.670,16:18,4,20,unscheduled,2025-10-17,False
2025-10-17 20:27:55,2025-10-17 20:29:00,70,3,2.220,2.177,0.640,4.875,16:27,4,20,unscheduled,2025-10-17,False
2025-10-17 20:32:00,2025-10-17 20:59:05,1630,294,5.000,2.859,0.640,10.445,16:32,4,20,unscheduled,2025-10-17,False
2025-10-19 22:04:55,2025-10-19 22:07:10,140,28,5.000,4.010,0.770,8.835,18:04,6,22,break,2025-10-19,False
2025-10-19 22:08:55,2025-10-19 22:13:55,305,16,5.000,3.189,0.770,0.785,18:08,6,22,break,2025-10-19,False
2025-10-19 22:15:20,2025-10-19 22:15:25,10,2,3.610,3.155,0.770,2.255,18:15,6,22,break,2025-10-19,False
2025-10-20 01:01:45,2025-10-20 01:01:45,5,1,2.170,2.170,0.660,1.375,21:01,6,1,unscheduled,2025-10-19,False
2025-10-20 22:04:55,2025-10-20 22:04:55,5,1,4.030,4.030,0.770,10.180,18:04,0,22,break,2025-10-20,False
2025-10-21 08:04:10,2025-10-21 08:04:10,5,1,1.790,1.790,0.590,4.760,04:04,1,8,unscheduled,2025-10-21,False
2025-10-21 08:14:55,2025-10-21 08:16:35,105,10,2.530,2.107,0.590,10.205,04:14,1,8,unscheduled,2025-10-21,False
2025-10-21 08:18:05,2025-10-21 08:18:55,55,2,1.920,1.915,0.590,10.635,04:18,1,8,unscheduled,2025-10-21,False
2025-10-21 12:12:35,2025-10-21 12:14:35,125,9,2.660,2.058,0.600,2.170,08:12,1,12,unscheduled,2025-10-21,False
2025-10-21 13:48:05,2025-10-21 13:48:05,5,1,1.880,1.880,0.610,4.895,09:48,1,13,unscheduled,2025-10-21,False
2025-10-21 13:49:15,2025-10-21 13:49:15,5,1,1.900,1.900,0.610,0.035,09:49,1,13,unscheduled,2025-10-21,False
2025-10-21 14:30:10,2025-10-21 14:31:00,55,4,1.850,1.832,0.600,3.120,10:30,1,14,unscheduled,2025-10-21,False
2025-10-21 14:32:05,2025-10-21 14:33:05,65,5,2.060,1.950,0.600,3.255,10:32,1,14,unscheduled,2025-10-21,False
2025-10-21 14:39:05,2025-10-21 14:42:05,185,12,2.020,1.907,0.600,5.235,10:39,1,14,unscheduled,2025-10-21,False
2025-10-21 14:45:00,2025-10-21 14:52:25,450,42,2.700,2.134,0.600,12.560,10:45,1,14,unscheduled,2025-10-21,False
2025-10-21 14:59:30,2025-10-21 15:00:00,35,2,1.890,1.875,0.600,1.115,10:59,1,14,unscheduled,2025-10-21,False
2025-10-21 15:03:20,2025-10-21 15:03:35,20,2,1.890,1.865,0.590,1.720,11:03,1,15,unscheduled,2025-10-21,False
2025-10-21 22:05:05,2025-10-21 22:07:25,145,9,3.750,2.983,0.770,0.820,18:05,1,22,break,2025-10-21,False
2025-10-22 00:02:05,2025-10-22 00:26:05,1445,198,5.000,2.691,0.670,33.060,20:02,1,0,unscheduled,2025-10-21,False
2025-10-22 00:34:20,2025-10-22 00:36:30,135,10,2.490,2.162,0.670,13.040,20:34,1,0,unscheduled,2025-10-21,False
2025-10-22 00:37:35,2025-10-22 00:40:30,180,28,2.660,2.273,0.670,0.475,20:37,1,0,unscheduled,2025-10-21,False
2025-10-22 00:47:35,2025-10-22 00:47:35,5,1,2.080,2.080,0.670,0.950,20:47,1,0,unscheduled,2025-10-21,False
2025-10-22 01:03:20,2025-10-22 01:09:25,370,35,2.420,2.145,0.660,21.270,21:03,1,1,unscheduled,2025-10-21,False
2025-10-22 01:11:50,2025-10-22 01:11:50,5,1,2.120,2.120,0.660,1.550,21:11,1,1,unscheduled,2025-10-21,False
2025-10-22 08:12:15,2025-10-22 08:12:15,5,1,2.060,2.060,0.590,7.565,04:12,2,8,unscheduled,2025-10-22,False
2025-10-22 08:15:15,2025-10-22 08:16:45,95,10,5.000,3.198,0.590,12.800,04:15,2,8,unscheduled,2025-10-22,False
2025-10-22 08:21:05,2025-10-22 08:21:35,35,5,2.060,1.892,0.590,6.345,04:21,2,8,unscheduled,2025-10-22,False
2025-10-22 09:01:50,2025-10-22 09:01:50,5,1,1.760,1.760,0.580,1.525,05:01,2,9,unscheduled,2025-10-22,False
2025-10-22 10:52:30,2025-10-22 10:52:30,5,1,1.890,1.890,0.580,1.215,06:52,2,10,unscheduled,2025-10-22,False
2025-10-22 11:04:50,2025-10-22 11:04:50,5,1,1.750,1.750,0.580,1.120,07:04,2,11,unscheduled,2025-10-22,False
2025-10-22 11:05:55,2025-10-22 11:07:00,70,8,1.880,1.813,0.580,0.045,07:05,2,11,unscheduled,2025-10-22,False
2025-10-22 11:16:20,2025-10-22 11:16:20,5,1,1.790,1.790,0.580,0.470,07:16,2,11,unscheduled,2025-10-22,False
2025-10-22 11:17:40,2025-10-22 11:17:40,5,1,1.820,1.820,0.580,0.555,07:17,2,11,unscheduled,2025-10-22,False
2025-10-22 22:05:10,2025-10-22 22:06:10,65,7,3.510,2.931,0.770,0.360,18:05,2,22,break,2025-10-22,False
2025-10-22 22:07:35,2025-10-22 22:07:35,5,1,2.410,2.410,0.770,0.165,18:07,2,22,break,2025-10-22,False
2025-10-22 22:08:50,2025-10-22 22:11:00,135,6,2.840,2.567,0.770,5.780,18:08,2,22,break,2025-10-22,False
2025-10-22 22:12:45,2025-10-22 22:13:20,40,4,3.770,3.100,0.770,0.960,18:12,2,22,unscheduled,2025-10-22,False
2025-10-22 22:14:55,2025-10-22 22:14:55,5,1,2.930,2.930,0.770,3.715,18:14,2,22,unscheduled,2025-10-22,False
2025-10-22 22:16:10,2025-10-22 22:16:25,20,3,3.040,2.807,0.770,1.760,18:16,2,22,unscheduled,2025-10-22,False
2025-10-22 22:20:10,2025-10-22 22:21:25,80,5,3.200,2.770,0.770,2.925,18:20,2,22,unscheduled,2025-10-22,False
2025-10-22 22:22:45,2025-10-22 22:22:45,5,1,2.520,2.520,0.770,0.170,18:22,2,22,unscheduled,2025-10-22,False
2025-10-22 22:30:30,2025-10-22 22:32:25,120,4,3.940,2.970,0.770,8.290,18:30,2,22,unscheduled,2025-10-22,False
2025-10-22 22:33:45,2025-10-22 22:33:45,5,1,2.550,2.550,0.770,1.300,18:33,2,22,unscheduled,2025-10-22,False
2025-10-22 22:34:50,2025-10-22 22:34:50,5,1,2.500,2.500,0.770,0.945,18:34,2,22,unscheduled,2025-10-22,False
2025-10-23 00:21:05,2025-10-23 00:22:10,70,5,4.100,2.708,0.670,6.920,20:21,2,0,unscheduled,2025-10-22,False
2025-10-24 12:30:00,2025-10-24 12:31:45,110,11,3.050,2.296,0.600,29.830,08:30,4,12,scheduled,2025-10-24,False
2025-10-24 13:44:55,2025-10-24 13:45:00,10,2,2.480,2.155,0.610,2.495,09:44,4,13,unscheduled,2025-10-24,False
2025-10-24 13:59:55,2025-10-24 14:00:10,20,3,3.480,2.427,0.610,0.765,09:59,4,13,scheduled,2025-10-24,False
2025-10-24 20:54:35,2025-10-24 20:59:05,275,55,2.940,2.424,0.640,0.950,16:54,4,20,unscheduled,2025-10-24,False
2025-10-26 22:04:55,2025-10-26 22:07:25,155,17,5.000,3.409,0.770,33.180,18:04,6,22,break,2025-10-26,False
2025-10-27 08:53:05,2025-10-27 08:53:05,5,1,3.060,3.060,0.590,4.940,04:53,0,8,unscheduled,2025-10-27,False
2025-10-27 08:55:15,2025-10-27 08:56:50,100,6,1.990,1.893,0.590,6.130,04:55,0,8,unscheduled,2025-10-27,False
2025-10-27 22:05:20,2025-10-27 22:05:20,5,1,2.310,2.310,0.770,2.370,18:05,0,22,break,2025-10-27,False
2025-10-27 22:07:40,2025-10-27 22:07:40,5,1,2.410,2.410,0.770,1.365,18:07,0,22,break,2025-10-27,False
2025-10-28 22:07:30,2025-10-28 22:10:00,155,20,5.000,4.420,0.770,9.095,18:07,1,22,break,2025-10-28,False
2025-10-29 17:59:50,2025-10-29 18:00:00,15,3,2.760,2.183,0.590,0.550,13:59,2,17,fomc,2025-10-29,True
2025-10-29 18:35:50,2025-10-29 18:38:30,165,16,2.150,1.934,0.590,11.780,14:35,2,18,unscheduled,2025-10-29,True
2025-10-29 18:40:25,2025-10-29 18:40:25,5,1,1.810,1.810,0.590,3.140,14:40,2,18,unscheduled,2025-10-29,True
2025-10-29 18:49:30,2025-10-29 18:49:30,5,1,1.800,1.800,0.590,0.660,14:49,2,18,unscheduled,2025-10-29,True
2025-10-29 22:05:00,2025-10-29 22:08:35,220,24,5.000,3.560,0.770,11.625,18:05,2,22,break,2025-10-29,True
2025-10-29 22:13:05,2025-10-29 22:13:05,5,1,2.400,2.400,0.770,0.020,18:13,2,22,unscheduled,2025-10-29,True
2025-10-30 12:30:10,2025-10-30 12:30:10,5,1,1.930,1.930,0.600,0.500,08:30,3,12,scheduled,2025-10-30,False
2025-10-31 20:54:00,2025-10-31 20:59:00,305,61,3.480,2.222,0.640,1.685,16:54,4,20,unscheduled,2025-10-31,False
2025-11-02 23:05:20,2025-11-02 23:05:20,5,1,2.410,2.410,0.730,1.545,18:05,6,23,unscheduled,2025-11-02,False
2025-11-02 23:06:40,2025-11-02 23:06:55,20,3,2.280,2.240,0.730,0.390,18:06,6,23,unscheduled,2025-11-02,False
2025-11-03 14:59:55,2025-11-03 14:59:55,5,1,1.970,1.970,0.600,0.105,09:59,0,14,scheduled,2025-11-03,False
2025-11-03 23:06:20,2025-11-03 23:06:25,10,2,2.700,2.500,0.730,2.540,18:06,0,23,unscheduled,2025-11-03,False
2025-11-03 23:13:50,2025-11-03 23:19:30,345,27,5.000,2.525,0.730,1.925,18:13,0,23,unscheduled,2025-11-03,False
2025-11-05 13:14:55,2025-11-05 13:14:55,5,1,3.870,3.870,0.610,0.310,08:14,2,13,unscheduled,2025-11-05,False
2025-11-05 15:00:30,2025-11-05 15:00:30,5,1,1.790,1.790,0.590,0.945,10:00,2,15,scheduled,2025-11-05,False
2025-11-07 21:54:00,2025-11-07 21:59:00,305,61,3.080,2.741,0.730,0.515,16:54,4,21,break,2025-11-07,False
2025-11-09 23:04:55,2025-11-09 23:05:20,30,5,2.540,2.372,0.730,4.450,18:04,6,23,unscheduled,2025-11-09,False
2025-11-12 23:08:25,2025-11-12 23:08:25,5,1,2.250,2.250,0.730,0.040,18:08,2,23,unscheduled,2025-11-12,False
2025-11-14 21:55:25,2025-11-14 21:56:25,65,3,2.750,2.423,0.730,0.375,16:55,4,21,break,2025-11-14,False
2025-11-14 21:58:00,2025-11-14 21:58:00,5,1,2.200,2.200,0.730,0.235,16:58,4,21,break,2025-11-14,False
2025-11-16 23:04:55,2025-11-16 23:06:00,70,14,5.000,4.395,0.730,2.275,18:04,6,23,unscheduled,2025-11-16,False
2025-11-16 23:08:00,2025-11-16 23:10:25,150,13,3.310,2.557,0.730,2.725,18:08,6,23,unscheduled,2025-11-16,False
2025-11-17 23:05:40,2025-11-17 23:05:40,5,1,2.270,2.270,0.730,0.225,18:05,0,23,unscheduled,2025-11-17,False
2025-11-19 23:05:10,2025-11-19 23:09:45,280,21,5.000,3.395,0.730,0.775,18:05,2,23,unscheduled,2025-11-19,False
2025-11-19 23:11:20,2025-11-19 23:11:20,5,1,2.870,2.870,0.730,1.195,18:11,2,23,unscheduled,2025-11-19,False
2025-11-19 23:15:55,2025-11-19 23:15:55,5,1,2.440,2.440,0.730,0.160,18:15,2,23,unscheduled,2025-11-19,False
2025-11-20 02:18:50,2025-11-20 02:20:05,80,13,4.960,2.623,0.650,3.740,21:18,2,2,unscheduled,2025-11-19,False
2025-11-20 13:29:50,2025-11-20 13:31:20,95,10,3.500,2.333,0.610,1.600,08:29,3,13,scheduled,2025-11-20,False
2025-11-20 23:05:55,2025-11-20 23:05:55,5,1,2.260,2.260,0.730,1.890,18:05,3,23,unscheduled,2025-11-20,False
2025-11-20 23:07:00,2025-11-20 23:08:05,70,6,2.340,2.257,0.730,0.540,18:07,3,23,unscheduled,2025-11-20,False
2025-11-21 05:56:50,2025-11-21 05:56:50,5,1,1.940,1.940,0.640,1.055,00:56,4,5,unscheduled,2025-11-21,False
2025-11-21 14:44:55,2025-11-21 14:44:55,5,1,3.260,3.260,0.600,0.005,09:44,4,14,unscheduled,2025-11-21,False
2025-11-21 21:54:55,2025-11-21 21:59:05,255,46,3.930,2.732,0.730,0.750,16:54,4,21,break,2025-11-21,False
2025-11-23 23:05:45,2025-11-23 23:05:45,5,1,2.250,2.250,0.730,0.200,18:05,6,23,unscheduled,2025-11-23,False
2025-11-23 23:08:30,2025-11-23 23:08:40,15,2,2.340,2.315,0.730,0.710,18:08,6,23,unscheduled,2025-11-23,False
2025-11-23 23:10:00,2025-11-23 23:10:00,5,1,2.220,2.220,0.730,0.630,18:10,6,23,unscheduled,2025-11-23,False
2025-11-24 23:04:55,2025-11-24 23:05:55,65,12,5.000,3.442,0.730,2.845,18:04,0,23,unscheduled,2025-11-24,False
2025-11-24 23:07:10,2025-11-24 23:07:10,5,1,2.650,2.650,0.730,0.965,18:07,0,23,unscheduled,2025-11-24,False
2025-11-25 12:45:05,2025-11-25 12:45:05,5,1,2.590,2.590,0.600,4.810,07:45,1,12,unscheduled,2025-11-25,False
2025-11-25 13:30:00,2025-11-25 13:30:00,5,1,4.020,4.020,0.610,2.755,08:30,1,13,scheduled,2025-11-25,False
2025-11-26 13:29:55,2025-11-26 13:30:00,10,2,2.560,2.365,0.610,2.290,08:29,2,13,scheduled,2025-11-26,False
2025-11-26 21:59:00,2025-11-26 21:59:00,5,1,2.330,2.330,0.730,0.360,16:59,2,21,break,2025-11-26,False
2025-11-27 19:29:00,2025-11-27 19:29:55,60,6,5.000,5.000,0.580,0.455,14:29,3,19,unscheduled,2025-11-27,True
2025-11-27 19:36:30,2025-11-27 19:36:30,5,1,5.000,5.000,0.580,0.450,14:36,3,19,unscheduled,2025-11-27,True
2025-11-27 19:38:10,2025-11-27 19:38:10,5,1,5.000,5.000,0.580,0.425,14:38,3,19,unscheduled,2025-11-27,True
2025-11-27 19:40:45,2025-11-27 19:41:20,40,2,5.000,5.000,0.580,0.280,14:40,3,19,unscheduled,2025-11-27,True
2025-11-27 19:42:30,2025-11-27 19:42:35,10,2,5.000,4.720,0.580,0.065,14:42,3,19,unscheduled,2025-11-27,True
2025-11-27 19:43:45,2025-11-27 19:44:35,55,2,5.000,4.910,0.580,0.005,14:43,3,19,unscheduled,2025-11-27,True
2025-11-27 19:48:45,2025-11-27 19:50:45,125,3,5.000,4.907,0.580,0.055,14:48,3,19,unscheduled,2025-11-27,True
2025-11-27 19:53:45,2025-11-27 19:55:05,85,4,5.000,4.900,0.580,0.060,14:53,3,19,unscheduled,2025-11-27,True
2025-11-27 19:56:45,2025-11-27 19:57:05,25,2,5.000,4.930,0.580,0.095,14:56,3,19,unscheduled,2025-11-27,True
2025-11-27 19:58:10,2025-11-27 20:02:40,275,9,5.000,4.687,0.580,0.060,14:58,3,19,unscheduled,2025-11-27,True
2025-11-27 20:05:45,2025-11-27 20:06:55,75,6,5.000,5.000,0.640,0.580,15:05,3,20,unscheduled,2025-11-27,True
2025-11-27 20:08:05,2025-11-27 20:30:35,1355,129,5.000,4.988,0.640,0.125,15:08,3,20,unscheduled,2025-11-27,True
2025-11-27 20:34:40,2025-11-27 20:34:40,5,1,5.000,5.000,0.640,0.105,15:34,3,20,unscheduled,2025-11-27,True
2025-11-27 20:38:20,2025-11-27 20:45:35,440,26,5.000,4.866,0.640,0.045,15:38,3,20,unscheduled,2025-11-27,True
2025-11-27 20:46:55,2025-11-27 20:47:00,10,2,5.000,5.000,0.640,0.050,15:46,3,20,unscheduled,2025-11-27,True
2025-11-27 20:48:10,2025-11-27 20:50:35,150,10,5.000,4.751,0.640,0.040,15:48,3,20,unscheduled,2025-11-27,True
2025-11-27 21:05:00,2025-11-27 21:05:30,35,2,5.000,4.990,0.730,0.025,16:05,3,21,break,2025-11-27,True
2025-11-27 21:10:05,2025-11-27 21:10:10,10,2,5.000,4.990,0.730,0.015,16:10,3,21,break,2025-11-27,True
2025-11-27 21:22:45,2025-11-27 21:22:50,10,2,5.000,4.525,0.730,0.035,16:22,3,21,break,2025-11-27,True
2025-11-27 21:56:15,2025-11-27 21:56:20,10,2,5.000,4.925,0.730,0.075,16:56,3,21,break,2025-11-27,True
2025-11-27 21:59:00,2025-11-27 21:59:00,5,1,5.000,5.000,0.730,1.810,16:59,3,21,break,2025-11-27,True
2025-11-28 03:08:30,2025-11-28 03:08:30,5,1,5.000,5.000,0.640,0.335,22:08,3,3,unscheduled,2025-11-27,True
2025-11-28 03:10:55,2025-11-28 03:12:45,115,9,5.000,4.697,0.640,2.505,22:10,3,3,unscheduled,2025-11-27,True
2025-11-28 03:21:10,2025-11-28 03:22:25,80,3,3.110,2.390,0.640,0.130,22:21,3,3,unscheduled,2025-11-27,True
2025-11-28 03:37:50,2025-11-28 03:37:50,5,1,1.960,1.960,0.640,0.035,22:37,3,3,unscheduled,2025-11-27,True
2025-11-28 03:40:15,2025-11-28 03:40:15,5,1,2.690,2.690,0.640,0.345,22:40,3,3,unscheduled,2025-11-27,True
2025-11-28 03:48:00,2025-11-28 03:48:00,5,1,2.140,2.140,0.640,0.400,22:48,3,3,unscheduled,2025-11-27,True
2025-11-28 03:55:15,2025-11-28 04:00:55,345,44,5.000,2.468,0.640,0.200,22:55,3,3,unscheduled,2025-11-27,True
2025-11-28 04:03:45,2025-11-28 04:05:05,85,7,2.490,2.253,0.640,1.840,23:03,3,4,unscheduled,2025-11-27,True
2025-11-28 04:06:20,2025-11-28 04:19:55,820,114,3.090,2.284,0.640,1.450,23:06,3,4,unscheduled,2025-11-27,True
2025-11-28 04:27:40,2025-11-28 04:30:55,200,36,5.000,3.120,0.640,3.995,23:27,3,4,unscheduled,2025-11-27,True
2025-11-28 04:34:05,2025-11-28 04:43:40,580,73,5.000,2.794,0.640,3.700,23:34,3,4,unscheduled,2025-11-27,True
2025-11-28 04:46:00,2025-11-28 04:46:40,45,8,2.070,2.007,0.640,0.350,23:46,3,4,unscheduled,2025-11-27,True
2025-11-28 04:48:15,2025-11-28 04:50:45,155,13,2.460,2.168,0.640,1.240,23:48,3,4,unscheduled,2025-11-27,True
2025-11-28 05:04:25,2025-11-28 05:06:05,105,6,3.460,2.682,0.640,2.500,00:04,4,5,unscheduled,2025-11-28,False
2025-11-28 05:08:20,2025-11-28 05:13:00,285,46,5.000,2.713,0.640,0.400,00:08,4,5,unscheduled,2025-11-28,False
2025-11-28 05:23:40,2025-11-28 05:29:05,330,51,5.000,3.452,0.640,0.690,00:23,4,5,unscheduled,2025-11-28,False
2025-11-28 05:30:15,2025-11-28 05:30:15,5,1,1.920,1.920,0.640,0.480,00:30,4,5,unscheduled,2025-11-28,False
2025-11-28 05:32:40,2025-11-28 05:32:40,5,1,3.080,3.080,0.640,0.590,00:32,4,5,unscheduled,2025-11-28,False
2025-11-28 05:59:40,2025-11-28 05:59:40,5,1,2.020,2.020,0.640,0.060,00:59,4,5,unscheduled,2025-11-28,False
2025-11-28 06:01:15,2025-11-28 06:02:25,75,11,2.000,1.914,0.610,0.300,01:01,4,6,unscheduled,2025-11-28,False
2025-11-28 06:04:50,2025-11-28 06:04:50,5,1,2.040,2.040,0.610,0.035,01:04,4,6,unscheduled,2025-11-28,False
2025-11-28 06:08:00,2025-11-28 06:08:00,5,1,1.930,1.930,0.610,0.070,01:08,4,6,unscheduled,2025-11-28,False
2025-11-28 06:20:10,2025-11-28 06:25:50,345,37,5.000,2.518,0.610,1.780,01:20,4,6,unscheduled,2025-11-28,False
2025-11-28 06:27:15,2025-11-28 06:28:10,60,8,5.000,3.173,0.610,0.435,01:27,4,6,unscheduled,2025-11-28,False
2025-11-28 06:29:45,2025-11-28 06:29:55,15,2,1.880,1.875,0.610,0.200,01:29,4,6,unscheduled,2025-11-28,False
2025-11-28 06:32:45,2025-11-28 06:32:45,5,1,1.890,1.890,0.610,0.020,01:32,4,6,unscheduled,2025-11-28,False
2025-11-28 06:39:55,2025-11-28 06:42:40,170,19,5.000,3.669,0.610,1.320,01:39,4,6,unscheduled,2025-11-28,False
2025-11-28 06:48:35,2025-11-28 06:50:20,110,10,5.000,3.496,0.610,0.045,01:48,4,6,unscheduled,2025-11-28,False
2025-11-28 06:51:25,2025-11-28 06:51:25,5,1,5.000,5.000,0.610,2.585,01:51,4,6,unscheduled,2025-11-28,False
2025-11-28 06:53:25,2025-11-28 06:53:35,15,3,5.000,4.340,0.610,1.055,01:53,4,6,unscheduled,2025-11-28,False
2025-11-28 07:00:45,2025-11-28 07:01:05,25,4,2.100,2.003,0.590,0.055,02:00,4,7,unscheduled,2025-11-28,False
2025-11-28 07:06:05,2025-11-28 07:07:55,115,12,2.020,1.868,0.590,2.180,02:06,4,7,unscheduled,2025-11-28,False
2025-11-28 07:09:15,2025-11-28 07:09:20,10,2,2.390,2.110,0.590,0.010,02:09,4,7,unscheduled,2025-11-28,False
2025-11-28 07:13:50,2025-11-28 07:14:45,60,7,5.000,3.119,0.590,1.735,02:13,4,7,unscheduled,2025-11-28,False
2025-11-28 07:16:10,2025-11-28 07:16:10,5,1,4.200,4.200,0.590,0.610,02:16,4,7,unscheduled,2025-11-28,False
2025-11-28 07:22:10,2025-11-28 07:22:15,10,2,1.900,1.870,0.590,0.155,02:22,4,7,unscheduled,2025-11-28,False
2025-11-28 07:25:10,2025-11-28 07:25:10,5,1,2.690,2.690,0.590,0.410,02:25,4,7,unscheduled,2025-11-28,False
2025-11-28 07:44:40,2025-11-28 07:46:45,130,19,2.260,1.984,0.590,1.140,02:44,4,7,unscheduled,2025-11-28,False
2025-11-28 07:52:35,2025-11-28 07:52:50,20,3,2.810,2.610,0.590,0.930,02:52,4,7,unscheduled,2025-11-28,False
2025-11-28 07:58:10,2025-11-28 08:03:50,345,45,5.000,3.512,0.590,13.255,02:58,4,7,unscheduled,2025-11-28,False
2025-11-28 08:06:50,2025-11-28 08:06:50,5,1,5.000,5.000,0.590,14.670,03:06,4,8,unscheduled,2025-11-28,False
2025-11-28 08:10:40,2025-11-28 08:10:40,5,1,5.000,5.000,0.590,8.800,03:10,4,8,unscheduled,2025-11-28,False
2025-11-28 08:27:55,2025-11-28 08:28:15,25,2,5.000,5.000,0.590,11.520,03:27,4,8,unscheduled,2025-11-28,False
2025-11-28 08:37:40,2025-11-28 08:37:50,15,3,5.000,5.000,0.590,5.220,03:37,4,8,unscheduled,2025-11-28,False
2025-11-28 08:40:15,2025-11-28 08:40:15,5,1,5.000,5.000,0.590,6.310,03:40,4,8,unscheduled,2025-11-28,False
2025-11-28 08:41:20,2025-11-28 08:41:20,5,1,5.000,5.000,0.590,6.545,03:41,4,8,unscheduled,2025-11-28,False
2025-11-28 08:42:35,2025-11-28 08:43:25,55,2,5.000,5.000,0.590,4.055,03:42,4,8,unscheduled,2025-11-28,False
2025-11-28 08:44:45,2025-11-28 08:44:45,5,1,5.000,5.000,0.590,1.060,03:44,4,8,unscheduled,2025-11-28,False
2025-11-28 08:46:15,2025-11-28 08:46:20,10,2,5.000,5.000,0.590,0.680,03:46,4,8,unscheduled,2025-11-28,False
2025-11-28 08:47:40,2025-11-28 08:48:35,60,3,5.000,5.000,0.590,11.705,03:47,4,8,unscheduled,2025-11-28,False
2025-11-28 08:50:35,2025-11-28 08:51:00,30,2,5.000,4.550,0.590,6.480,03:50,4,8,unscheduled,2025-11-28,False
2025-11-28 08:52:10,2025-11-28 08:53:20,75,4,5.000,5.000,0.590,2.560,03:52,4,8,unscheduled,2025-11-28,False
2025-11-28 09:01:05,2025-11-28 09:31:10,1810,265,5.000,4.971,0.580,1.375,04:01,4,9,unscheduled,2025-11-28,False
2025-11-28 09:32:50,2025-11-28 09:34:20,95,10,5.000,5.000,0.580,1.850,04:32,4,9,unscheduled,2025-11-28,False
2025-11-28 09:43:30,2025-11-28 13:17:45,12860,1959,5.000,3.640,0.580,5.235,04:43,4,9,unscheduled,2025-11-28,False
2025-11-28 13:19:30,2025-11-28 13:49:10,1785,290,5.000,3.411,0.610,3.565,08:19,4,13,unscheduled,2025-11-28,False
2025-11-28 13:56:50,2025-11-28 13:56:50,5,1,2.150,2.150,0.610,1.145,08:56,4,13,unscheduled,2025-11-28,False
2025-11-28 19:46:10,2025-11-28 19:46:40,35,5,1.940,1.856,0.580,1.565,14:46,4,19,unscheduled,2025-11-28,False
2025-11-30 23:06:10,2025-11-30 23:06:10,5,1,2.460,2.460,0.730,0.645,18:06,6,23,unscheduled,2025-11-30,False
2025-11-30 23:08:50,2025-11-30 23:08:50,5,1,2.200,2.200,0.730,3.490,18:08,6,23,unscheduled,2025-11-30,False
2025-12-01 14:59:55,2025-12-01 14:59:55,5,1,2.060,2.060,0.600,0.825,09:59,0,14,scheduled,2025-12-01,False
2025-12-01 23:05:40,2025-12-01 23:05:45,10,2,2.250,2.240,0.730,0.360,18:05,0,23,unscheduled,2025-12-01,False
2025-12-02 01:09:40,2025-12-02 01:10:15,40,5,5.000,3.426,0.660,5.540,20:09,0,1,unscheduled,2025-12-01,False
2025-12-03 13:14:55,2025-12-03 13:14:55,5,1,1.990,1.990,0.610,0.280,08:14,2,13,unscheduled,2025-12-03,False
2025-12-05 15:00:00,2025-12-05 15:00:00,5,1,2.840,2.840,0.590,1.075,10:00,4,15,scheduled,2025-12-05,False
2025-12-05 21:59:00,2025-12-05 21:59:05,10,2,2.380,2.325,0.730,0.310,16:59,4,21,break,2025-12-05,False
2025-12-07 23:04:55,2025-12-07 23:04:55,5,1,2.270,2.270,0.730,0.000,18:04,6,23,unscheduled,2025-12-07,False
2025-12-07 23:35:50,2025-12-07 23:36:05,20,4,5.000,5.000,0.730,3.240,18:35,6,23,unscheduled,2025-12-07,False
2025-12-07 23:41:35,2025-12-07 23:47:40,370,59,5.000,4.520,0.730,0.385,18:41,6,23,unscheduled,2025-12-07,False
2025-12-07 23:49:10,2025-12-07 23:49:10,5,1,2.320,2.320,0.730,0.750,18:49,6,23,unscheduled,2025-12-07,False
2025-12-07 23:50:35,2025-12-07 23:50:35,5,1,2.370,2.370,0.730,0.690,18:50,6,23,unscheduled,2025-12-07,False
2025-12-07 23:55:05,2025-12-07 23:55:05,5,1,2.190,2.190,0.730,0.760,18:55,6,23,unscheduled,2025-12-07,False
2025-12-10 18:59:55,2025-12-10 19:02:00,130,11,3.600,2.564,0.590,11.660,13:59,2,18,fomc,2025-12-10,True
2025-12-10 19:40:05,2025-12-10 19:40:05,5,1,1.960,1.960,0.580,5.345,14:40,2,19,unscheduled,2025-12-10,True
2025-12-10 19:41:20,2025-12-10 19:41:25,10,2,1.860,1.830,0.580,0.370,14:41,2,19,unscheduled,2025-12-10,True
2025-12-10 23:05:50,2025-12-10 23:05:50,5,1,2.640,2.640,0.730,0.865,18:05,2,23,unscheduled,2025-12-10,True
2025-12-10 23:07:35,2025-12-10 23:07:35,5,1,3.380,3.380,0.730,0.765,18:07,2,23,unscheduled,2025-12-10,True
2025-12-12 21:54:50,2025-12-12 21:59:05,260,49,5.000,2.612,0.730,0.890,16:54,4,21,break,2025-12-12,False
2025-12-14 23:04:55,2025-12-14 23:07:10,140,28,3.130,2.835,0.730,5.045,18:04,6,23,unscheduled,2025-12-14,False
2025-12-16 13:29:55,2025-12-16 13:29:55,5,1,2.730,2.730,0.610,0.015,08:29,1,13,scheduled,2025-12-16,False
2025-12-18 13:29:50,2025-12-18 13:30:50,65,7,5.000,2.517,0.610,9.920,08:29,3,13,scheduled,2025-12-18,False
2025-12-19 14:59:55,2025-12-19 14:59:55,5,1,2.310,2.310,0.600,0.445,09:59,4,14,scheduled,2025-12-19,False
2025-12-19 21:54:00,2025-12-19 21:59:00,305,59,3.870,2.889,0.730,0.115,16:54,4,21,break,2025-12-19,False
2025-12-22 00:00:00,2025-12-22 00:00:00,5,1,2.180,2.180,0.670,2.820,19:00,6,0,unscheduled,2025-12-21,False
2025-12-23 13:29:55,2025-12-23 13:29:55,5,1,1.880,1.880,0.610,0.125,08:29,1,13,scheduled,2025-12-23,False
2025-12-23 14:59:55,2025-12-23 14:59:55,5,1,2.950,2.950,0.600,0.365,09:59,1,14,scheduled,2025-12-23,False
2025-12-24 02:59:20,2025-12-24 02:59:40,25,4,2.460,2.170,0.650,1.210,21:59,1,2,unscheduled,2025-12-23,False
2025-12-24 13:29:55,2025-12-24 13:29:55,5,1,3.210,3.210,0.610,0.395,08:29,2,13,scheduled,2025-12-24,False
2025-12-24 18:44:00,2025-12-24 18:44:00,5,1,2.470,2.470,0.590,0.130,13:44,2,18,unscheduled,2025-12-24,False
2025-12-25 23:15:00,2025-12-25 23:19:50,295,52,5.000,3.152,0.730,14.170,18:15,3,23,unscheduled,2025-12-25,False
2025-12-25 23:23:15,2025-12-25 23:24:00,50,2,2.640,2.585,0.730,1.680,18:23,3,23,unscheduled,2025-12-25,False
2025-12-25 23:25:20,2025-12-25 23:25:20,5,1,2.510,2.510,0.730,0.675,18:25,3,23,unscheduled,2025-12-25,False
2025-12-25 23:29:50,2025-12-25 23:29:55,10,2,2.440,2.435,0.730,0.015,18:29,3,23,unscheduled,2025-12-25,False
2025-12-25 23:34:05,2025-12-25 23:38:05,245,31,5.000,2.645,0.730,1.030,18:34,3,23,unscheduled,2025-12-25,False
2025-12-25 23:40:10,2025-12-25 23:40:15,10,2,2.790,2.745,0.730,1.250,18:40,3,23,unscheduled,2025-12-25,False
2025-12-26 21:54:15,2025-12-26 21:59:00,290,58,5.000,4.463,0.730,1.130,16:54,4,21,break,2025-12-26,False
2025-12-28 23:04:55,2025-12-28 23:19:50,900,116,5.000,3.066,0.730,5.155,18:04,6,23,unscheduled,2025-12-28,False
2025-12-28 23:21:05,2025-12-28 23:22:50,110,7,2.470,2.290,0.730,2.845,18:21,6,23,unscheduled,2025-12-28,False
2025-12-28 23:25:15,2025-12-28 23:26:00,50,6,2.360,2.267,0.730,0.730,18:25,6,23,unscheduled,2025-12-28,False
2025-12-28 23:27:05,2025-12-28 23:28:35,95,3,2.220,2.207,0.730,1.710,18:27,6,23,unscheduled,2025-12-28,False
2025-12-28 23:33:35,2025-12-28 23:35:25,115,6,2.250,2.220,0.730,3.565,18:33,6,23,unscheduled,2025-12-28,False
2025-12-29 00:00:50,2025-12-29 00:03:30,165,14,2.690,2.211,0.670,5.225,19:00,6,0,unscheduled,2025-12-28,False
2025-12-29 00:19:15,2025-12-29 00:19:15,5,1,2.010,2.010,0.670,0.295,19:19,6,0,unscheduled,2025-12-28,False
2025-12-29 00:20:30,2025-12-29 00:46:50,1585,231,5.000,3.023,0.670,13.055,19:20,6,0,unscheduled,2025-12-28,False
2025-12-29 00:47:55,2025-12-29 00:49:15,85,9,2.560,2.237,0.670,8.380,19:47,6,0,unscheduled,2025-12-28,False
2025-12-29 00:54:00,2025-12-29 00:54:10,15,2,2.120,2.090,0.670,0.055,19:54,6,0,unscheduled,2025-12-28,False
2025-12-29 00:59:10,2025-12-29 01:01:45,160,11,2.660,2.356,0.670,0.030,19:59,6,0,unscheduled,2025-12-28,False
2025-12-29 01:04:10,2025-12-29 01:07:35,210,22,2.410,2.150,0.660,1.060,20:04,6,1,unscheduled,2025-12-28,False
2025-12-29 01:26:25,2025-12-29 01:26:25,5,1,2.180,2.180,0.660,1.135,20:26,6,1,unscheduled,2025-12-28,False
2025-12-29 01:34:00,2025-12-29 01:34:00,5,1,2.030,2.030,0.660,0.090,20:34,6,1,unscheduled,2025-12-28,False
2025-12-29 01:36:55,2025-12-29 01:37:10,20,2,2.100,2.040,0.660,2.190,20:36,6,1,unscheduled,2025-12-28,False
2025-12-29 01:43:15,2025-12-29 01:43:15,5,1,2.060,2.060,0.660,0.480,20:43,6,1,unscheduled,2025-12-28,False
2025-12-29 01:44:25,2025-12-29 01:44:25,5,1,2.020,2.020,0.660,0.190,20:44,6,1,unscheduled,2025-12-28,False
2025-12-29 07:00:05,2025-12-29 07:04:50,290,21,2.710,2.043,0.590,17.430,02:00,0,7,unscheduled,2025-12-29,False
2025-12-29 07:05:55,2025-12-29 07:05:55,5,1,1.820,1.820,0.590,1.825,02:05,0,7,unscheduled,2025-12-29,False
2025-12-29 07:07:25,2025-12-29 07:07:25,5,1,2.000,2.000,0.590,1.260,02:07,0,7,unscheduled,2025-12-29,False
2025-12-29 07:09:05,2025-12-29 07:09:25,25,2,1.790,1.785,0.590,4.170,02:09,0,7,unscheduled,2025-12-29,False
2025-12-29 08:54:40,2025-12-29 08:54:40,5,1,1.890,1.890,0.590,1.225,03:54,0,8,unscheduled,2025-12-29,False
2025-12-29 11:42:20,2025-12-29 11:42:30,15,3,1.780,1.773,0.580,0.630,06:42,0,11,unscheduled,2025-12-29,False
2025-12-29 15:00:00,2025-12-29 15:00:00,5,1,1.890,1.890,0.590,6.830,10:00,0,15,scheduled,2025-12-29,False
2025-12-29 23:04:55,2025-12-29 23:06:15,85,9,2.670,2.457,0.730,10.435,18:04,0,23,unscheduled,2025-12-29,False
2025-12-29 23:07:25,2025-12-29 23:07:25,5,1,2.300,2.300,0.730,0.200,18:07,0,23,unscheduled,2025-12-29,False
2025-12-30 23:05:05,2025-12-30 23:05:55,55,3,2.410,2.303,0.730,0.000,18:05,1,23,unscheduled,2025-12-30,False
2025-12-31 05:53:00,2025-12-31 05:56:55,240,31,5.000,2.658,0.640,11.100,00:53,2,5,unscheduled,2025-12-31,False
2025-12-31 13:29:55,2025-12-31 13:30:05,15,3,2.030,1.987,0.610,0.475,08:29,2,13,scheduled,2025-12-31,False
2025-12-31 21:58:25,2025-12-31 21:59:00,40,2,5.000,3.595,0.730,3.720,16:58,2,21,break,2025-12-31,False
2026-01-01 23:04:55,2026-01-01 23:04:55,5,1,2.220,2.220,0.730,5.380,18:04,3,23,unscheduled,2026-01-01,False
2026-01-01 23:29:25,2026-01-01 23:34:55,335,59,5.000,3.745,0.730,0.905,18:29,3,23,unscheduled,2026-01-01,False
2026-01-01 23:36:00,2026-01-01 23:37:25,90,18,4.400,3.451,0.730,2.820,18:36,3,23,unscheduled,2026-01-01,False
2026-01-01 23:38:35,2026-01-01 23:39:40,70,5,3.370,2.954,0.730,0.580,18:38,3,23,unscheduled,2026-01-01,False
2026-01-02 00:30:00,2026-01-02 00:30:00,5,1,2.290,2.290,0.670,0.630,19:30,3,0,unscheduled,2026-01-01,False
2026-01-02 21:55:00,2026-01-02 21:55:45,50,4,2.410,2.288,0.730,0.215,16:55,4,21,break,2026-01-02,False
2026-01-04 23:05:00,2026-01-04 23:05:10,15,3,2.370,2.290,0.730,0.845,18:05,6,23,unscheduled,2026-01-04,False
2026-01-04 23:08:40,2026-01-04 23:09:45,70,3,2.230,2.207,0.730,7.595,18:08,6,23,unscheduled,2026-01-04,False
2026-01-05 14:59:55,2026-01-05 14:59:55,5,1,2.240,2.240,0.600,0.320,09:59,0,14,scheduled,2026-01-05,False
2026-01-07 13:14:55,2026-01-07 13:14:55,5,1,2.570,2.570,0.610,0.030,08:14,2,13,unscheduled,2026-01-07,False
2026-01-07 14:59:55,2026-01-07 14:59:55,5,1,2.260,2.260,0.600,0.275,09:59,2,14,scheduled,2026-01-07,False
2026-01-08 13:29:55,2026-01-08 13:29:55,5,1,2.050,2.050,0.610,0.145,08:29,3,13,scheduled,2026-01-08,False
2026-01-09 13:29:45,2026-01-09 13:31:25,105,11,3.770,2.325,0.610,4.290,08:29,4,13,scheduled,2026-01-09,False
2026-01-09 14:59:55,2026-01-09 14:59:55,5,1,2.520,2.520,0.600,0.440,09:59,4,14,scheduled,2026-01-09,False
2026-01-09 21:56:05,2026-01-09 21:59:00,180,19,3.890,2.626,0.730,0.265,16:56,4,21,break,2026-01-09,False
2026-01-11 23:04:55,2026-01-11 23:13:40,530,87,5.000,2.852,0.730,19.910,18:04,6,23,unscheduled,2026-01-11,False
2026-01-11 23:21:10,2026-01-11 23:21:50,45,2,2.490,2.395,0.730,0.620,18:21,6,23,unscheduled,2026-01-11,False
2026-01-11 23:23:30,2026-01-11 23:24:05,40,3,2.440,2.333,0.730,2.045,18:23,6,23,unscheduled,2026-01-11,False
2026-01-12 00:32:25,2026-01-12 00:33:40,80,4,2.410,2.217,0.670,5.215,19:32,6,0,unscheduled,2026-01-11,False
2026-01-12 00:46:15,2026-01-12 00:46:15,5,1,2.150,2.150,0.670,0.505,19:46,6,0,unscheduled,2026-01-11,False
2026-01-12 00:47:55,2026-01-12 00:47:55,5,1,2.050,2.050,0.670,0.180,19:47,6,0,unscheduled,2026-01-11,False
2026-01-12 23:05:10,2026-01-12 23:07:05,120,9,2.440,2.249,0.730,3.675,18:05,0,23,unscheduled,2026-01-12,False
2026-01-13 13:29:45,2026-01-13 13:30:10,30,4,4.650,2.718,0.610,8.150,08:29,1,13,scheduled,2026-01-13,False
2026-01-14 13:29:45,2026-01-14 13:30:25,45,5,2.970,2.448,0.610,0.325,08:29,2,13,scheduled,2026-01-14,False
2026-01-14 15:03:20,2026-01-14 15:03:20,5,1,1.780,1.780,0.590,0.665,10:03,2,15,scheduled,2026-01-14,False
2026-01-14 23:05:00,2026-01-14 23:07:50,175,20,2.980,2.505,0.730,3.700,18:05,2,23,unscheduled,2026-01-14,False
2026-01-14 23:10:10,2026-01-14 23:10:10,5,1,2.280,2.280,0.730,1.215,18:10,2,23,unscheduled,2026-01-14,False
2026-01-15 13:29:50,2026-01-15 13:30:35,50,9,3.050,2.417,0.610,1.075,08:29,3,13,scheduled,2026-01-15,False
2026-01-15 23:05:55,2026-01-15 23:05:55,5,1,2.290,2.290,0.730,0.060,18:05,3,23,unscheduled,2026-01-15,False
2026-01-15 23:07:35,2026-01-15 23:07:35,5,1,2.450,2.450,0.730,0.570,18:07,3,23,unscheduled,2026-01-15,False
2026-01-16 15:31:50,2026-01-16 15:31:50,5,1,1.840,1.840,0.590,2.890,10:31,4,15,unscheduled,2026-01-16,False
2026-01-16 21:54:00,2026-01-16 21:59:00,305,56,3.050,2.637,0.730,0.770,16:54,4,21,break,2026-01-16,False
2026-01-18 23:04:55,2026-01-18 23:50:20,2730,513,5.000,2.709,0.730,71.510,18:04,6,23,unscheduled,2026-01-18,False
2026-01-18 23:59:55,2026-01-18 23:59:55,5,1,2.190,2.190,0.730,0.120,18:59,6,23,unscheduled,2026-01-18,False
2026-01-19 00:01:40,2026-01-19 00:03:10,95,10,2.150,2.071,0.670,1.135,19:01,6,0,unscheduled,2026-01-18,False
2026-01-20 13:34:25,2026-01-20 13:34:25,5,1,1.880,1.880,0.610,0.625,08:34,1,13,scheduled,2026-01-20,False
2026-01-20 23:05:15,2026-01-20 23:07:05,115,14,2.610,2.426,0.730,0.115,18:05,1,23,unscheduled,2026-01-20,False
2026-01-21 07:01:10,2026-01-21 07:01:10,5,1,1.800,1.800,0.590,1.380,02:01,2,7,unscheduled,2026-01-21,True
2026-01-21 07:05:40,2026-01-21 07:05:40,5,1,1.870,1.870,0.590,0.140,02:05,2,7,unscheduled,2026-01-21,True
2026-01-21 07:31:45,2026-01-21 07:31:45,5,1,1.830,1.830,0.590,0.845,02:31,2,7,unscheduled,2026-01-21,True
2026-01-21 14:04:40,2026-01-21 14:04:40,5,1,2.320,2.320,0.600,7.010,09:04,2,14,unscheduled,2026-01-21,True
2026-01-21 14:13:20,2026-01-21 14:13:20,5,1,1.940,1.940,0.600,0.845,09:13,2,14,unscheduled,2026-01-21,True
2026-01-21 14:20:25,2026-01-21 14:20:25,5,1,1.850,1.850,0.600,0.150,09:20,2,14,unscheduled,2026-01-21,True
2026-01-21 14:22:25,2026-01-21 14:22:30,10,2,1.810,1.805,0.600,1.750,09:22,2,14,unscheduled,2026-01-21,True
2026-01-21 19:28:00,2026-01-21 19:30:50,175,15,5.000,2.539,0.580,12.930,14:28,2,19,unscheduled,2026-01-21,True
2026-01-21 19:33:05,2026-01-21 19:42:05,545,44,2.430,1.893,0.580,34.545,14:33,2,19,unscheduled,2026-01-21,True
2026-01-21 19:44:00,2026-01-21 19:44:00,5,1,1.900,1.900,0.580,3.100,14:44,2,19,unscheduled,2026-01-21,True
2026-01-21 19:45:40,2026-01-21 19:45:45,10,2,1.870,1.850,0.580,4.050,14:45,2,19,unscheduled,2026-01-21,True
2026-01-21 19:46:55,2026-01-21 19:50:30,220,12,1.960,1.828,0.580,7.240,14:46,2,19,unscheduled,2026-01-21,True
2026-01-21 19:51:35,2026-01-21 19:56:35,305,16,1.940,1.847,0.580,14.555,14:51,2,19,unscheduled,2026-01-21,True
2026-01-21 19:58:05,2026-01-21 19:59:45,105,5,1.800,1.766,0.580,1.200,14:58,2,19,unscheduled,2026-01-21,True
2026-01-21 23:04:55,2026-01-21 23:08:35,225,36,5.000,2.733,0.730,21.145,18:04,2,23,unscheduled,2026-01-21,True
2026-01-21 23:12:20,2026-01-21 23:13:20,65,9,2.410,2.287,0.730,3.865,18:12,2,23,unscheduled,2026-01-21,True
2026-01-21 23:16:15,2026-01-21 23:16:15,5,1,2.200,2.200,0.730,1.675,18:16,2,23,unscheduled,2026-01-21,True
2026-01-21 23:18:30,2026-01-21 23:20:30,125,9,2.340,2.267,0.730,2.045,18:18,2,23,unscheduled,2026-01-21,True
2026-01-21 23:28:00,2026-01-21 23:29:15,80,6,2.300,2.227,0.730,1.265,18:28,2,23,unscheduled,2026-01-21,True
2026-01-22 06:00:55,2026-01-22 06:01:00,10,2,2.020,1.930,0.610,0.880,01:00,3,6,unscheduled,2026-01-22,False
2026-01-22 13:29:40,2026-01-22 13:29:55,20,3,3.970,2.787,0.610,0.295,08:29,3,13,scheduled,2026-01-22,False
2026-01-22 14:59:55,2026-01-22 15:00:05,15,3,2.550,2.243,0.600,6.225,09:59,3,14,scheduled,2026-01-22,False
2026-01-23 08:56:55,2026-01-23 08:57:35,45,3,1.790,1.787,0.590,2.310,03:56,4,8,unscheduled,2026-01-23,False
2026-01-23 09:10:55,2026-01-23 09:14:20,210,8,1.790,1.776,0.580,0.425,04:10,4,9,unscheduled,2026-01-23,False
2026-01-23 09:22:35,2026-01-23 09:22:35,5,1,1.780,1.780,0.580,1.800,04:22,4,9,unscheduled,2026-01-23,False
2026-01-23 09:24:40,2026-01-23 09:25:15,40,2,1.940,1.905,0.580,2.230,04:24,4,9,unscheduled,2026-01-23,False
2026-01-23 14:44:45,2026-01-23 14:45:00,20,4,2.840,2.182,0.600,0.505,09:44,4,14,unscheduled,2026-01-23,False
2026-01-23 14:59:55,2026-01-23 14:59:55,5,1,1.980,1.980,0.600,0.780,09:59,4,14,scheduled,2026-01-23,False
2026-01-23 21:54:55,2026-01-23 21:59:05,255,50,5.000,4.419,0.730,1.075,16:54,4,21,break,2026-01-23,False
2026-01-25 23:04:55,2026-01-25 23:22:50,1080,160,5.000,2.969,0.730,37.120,18:04,6,23,unscheduled,2026-01-25,False
2026-01-25 23:27:55,2026-01-25 23:34:45,415,59,2.660,2.434,0.730,3.410,18:27,6,23,unscheduled,2026-01-25,False
2026-01-25 23:36:35,2026-01-25 23:40:55,265,18,2.380,2.283,0.730,5.435,18:36,6,23,unscheduled,2026-01-25,False
2026-01-25 23:42:40,2026-01-25 23:47:30,295,28,2.380,2.278,0.730,7.950,18:42,6,23,unscheduled,2026-01-25,False
2026-01-25 23:50:55,2026-01-25 23:53:40,170,19,2.330,2.249,0.730,2.160,18:50,6,23,unscheduled,2026-01-25,False
2026-01-25 23:54:50,2026-01-25 23:58:15,210,18,2.270,2.211,0.730,1.085,18:54,6,23,unscheduled,2026-01-25,False
2026-01-26 00:00:25,2026-01-26 00:02:10,110,9,2.150,2.072,0.670,3.350,19:00,6,0,unscheduled,2026-01-25,False
2026-01-26 00:04:30,2026-01-26 00:05:05,40,3,2.050,2.027,0.670,1.200,19:04,6,0,unscheduled,2026-01-25,False
2026-01-26 00:09:20,2026-01-26 00:09:20,5,1,2.090,2.090,0.670,0.205,19:09,6,0,unscheduled,2026-01-25,False
2026-01-26 01:04:25,2026-01-26 01:04:25,5,1,2.120,2.120,0.660,0.660,20:04,6,1,unscheduled,2026-01-25,False
2026-01-26 01:05:45,2026-01-26 01:05:50,10,2,2.110,2.070,0.660,1.310,20:05,6,1,unscheduled,2026-01-25,False
2026-01-26 01:46:20,2026-01-26 01:46:30,15,2,2.330,2.255,0.660,2.665,20:46,6,1,unscheduled,2026-01-25,False
2026-01-26 06:47:20,2026-01-26 06:48:00,45,4,2.170,1.970,0.610,9.725,01:47,0,6,unscheduled,2026-01-26,False
2026-01-26 06:49:10,2026-01-26 06:49:20,15,3,1.890,1.877,0.610,0.855,01:49,0,6,unscheduled,2026-01-26,False
2026-01-26 06:50:35,2026-01-26 06:53:25,175,14,2.410,2.018,0.610,7.505,01:50,0,6,unscheduled,2026-01-26,False
2026-01-26 06:58:50,2026-01-26 07:03:10,265,9,1.980,1.852,0.610,1.430,01:58,0,6,unscheduled,2026-01-26,False
2026-01-26 07:04:40,2026-01-26 07:04:40,5,1,1.800,1.800,0.590,0.540,02:04,0,7,unscheduled,2026-01-26,False
2026-01-26 07:06:30,2026-01-26 07:06:35,10,2,1.880,1.845,0.590,0.365,02:06,0,7,unscheduled,2026-01-26,False
2026-01-26 13:29:55,2026-01-26 13:29:55,5,1,2.410,2.410,0.610,0.210,08:29,0,13,scheduled,2026-01-26,False
2026-01-26 19:03:20,2026-01-26 19:03:20,5,1,2.190,2.190,0.580,8.125,14:03,0,19,scheduled,2026-01-26,False
2026-01-26 21:57:40,2026-01-26 21:58:50,75,6,2.780,2.350,0.730,1.835,16:57,0,21,break,2026-01-26,False
2026-01-26 23:05:05,2026-01-26 23:05:05,5,1,2.640,2.640,0.730,0.765,18:05,0,23,unscheduled,2026-01-26,False
2026-01-27 01:18:35,2026-01-27 01:18:35,5,1,1.990,1.990,0.660,0.465,20:18,0,1,unscheduled,2026-01-26,False
2026-01-27 14:59:55,2026-01-27 14:59:55,5,1,4.860,4.860,0.600,2.200,09:59,1,14,scheduled,2026-01-27,False
2026-01-27 20:05:35,2026-01-27 20:05:45,15,3,2.510,2.230,0.640,2.370,15:05,1,20,unscheduled,2026-01-27,False
2026-01-27 20:48:45,2026-01-27 20:48:45,5,1,2.950,2.950,0.640,4.935,15:48,1,20,unscheduled,2026-01-27,False
2026-01-27 21:51:45,2026-01-27 21:51:45,5,1,2.220,2.220,0.730,0.115,16:51,1,21,break,2026-01-27,False
2026-01-27 21:58:00,2026-01-27 21:58:55,60,3,2.710,2.467,0.730,0.955,16:58,1,21,break,2026-01-27,False
2026-01-27 23:05:00,2026-01-27 23:11:05,370,41,5.000,3.092,0.730,7.195,18:05,1,23,unscheduled,2026-01-27,False
2026-01-27 23:25:10,2026-01-27 23:26:15,70,3,2.390,2.307,0.730,2.480,18:25,1,23,unscheduled,2026-01-27,False
2026-01-28 08:52:00,2026-01-28 08:52:00,5,1,2.120,2.120,0.590,0.365,03:52,2,8,unscheduled,2026-01-28,True
2026-01-28 11:04:55,2026-01-28 11:04:55,5,1,1.770,1.770,0.580,7.370,06:04,2,11,unscheduled,2026-01-28,True
2026-01-28 15:07:45,2026-01-28 15:09:35,115,14,3.170,2.376,0.590,26.300,10:07,2,15,unscheduled,2026-01-28,True
2026-01-28 15:11:45,2026-01-28 15:11:45,5,1,2.130,2.130,0.590,1.870,10:11,2,15,unscheduled,2026-01-28,True
2026-01-28 15:13:40,2026-01-28 15:14:05,30,3,1.840,1.803,0.590,0.930,10:13,2,15,unscheduled,2026-01-28,True
2026-01-28 15:16:10,2026-01-28 15:16:10,5,1,1.820,1.820,0.590,0.940,10:16,2,15,unscheduled,2026-01-28,True
2026-01-28 15:17:55,2026-01-28 15:19:00,70,6,1.880,1.838,0.590,8.780,10:17,2,15,unscheduled,2026-01-28,True
2026-01-28 15:20:10,2026-01-28 15:20:10,5,1,2.110,2.110,0.590,2.510,10:20,2,15,unscheduled,2026-01-28,True
2026-01-28 15:27:00,2026-01-28 15:27:00,5,1,1.990,1.990,0.590,3.075,10:27,2,15,unscheduled,2026-01-28,True
2026-01-28 15:29:10,2026-01-28 15:29:10,5,1,2.230,2.230,0.590,0.410,10:29,2,15,unscheduled,2026-01-28,True
2026-01-28 15:30:25,2026-01-28 15:30:25,5,1,1.770,1.770,0.590,0.290,10:30,2,15,unscheduled,2026-01-28,True
2026-01-28 15:33:35,2026-01-28 15:33:35,5,1,1.770,1.770,0.590,2.540,10:33,2,15,unscheduled,2026-01-28,True
2026-01-28 18:59:30,2026-01-28 19:00:15,50,8,5.000,2.966,0.590,0.055,13:59,2,18,fomc,2026-01-28,True
2026-01-28 19:01:30,2026-01-28 19:01:30,5,1,1.810,1.810,0.580,3.290,14:01,2,19,scheduled,2026-01-28,True
2026-01-28 19:03:25,2026-01-28 19:03:25,5,1,1.750,1.750,0.580,0.850,14:03,2,19,scheduled,2026-01-28,True
2026-01-28 19:05:05,2026-01-28 19:05:05,5,1,1.790,1.790,0.580,2.550,14:05,2,19,unscheduled,2026-01-28,True
2026-01-28 19:32:30,2026-01-28 19:32:30,5,1,1.790,1.790,0.580,2.885,14:32,2,19,unscheduled,2026-01-28,True
2026-01-28 19:41:35,2026-01-28 19:41:40,10,2,1.900,1.825,0.580,1.895,14:41,2,19,unscheduled,2026-01-28,True
2026-01-28 23:05:00,2026-01-28 23:05:40,45,3,2.430,2.353,0.730,2.205,18:05,2,23,unscheduled,2026-01-28,True
2026-01-28 23:17:05,2026-01-28 23:17:35,35,7,2.610,2.467,0.730,10.245,18:17,2,23,unscheduled,2026-01-28,True
2026-01-28 23:20:10,2026-01-28 23:20:35,30,6,3.780,3.345,0.730,1.165,18:20,2,23,unscheduled,2026-01-28,True
2026-01-28 23:36:20,2026-01-29 00:27:45,3090,510,5.000,2.718,0.730,19.185,18:36,2,23,unscheduled,2026-01-28,True
2026-01-29 00:28:50,2026-01-29 00:30:50,125,13,2.300,2.131,0.670,3.520,19:28,2,0,unscheduled,2026-01-28,True
2026-01-29 00:34:00,2026-01-29 00:34:00,5,1,2.150,2.150,0.670,1.900,19:34,2,0,unscheduled,2026-01-28,True
2026-01-29 00:37:30,2026-01-29 00:37:40,15,2,2.060,2.060,0.670,3.155,19:37,2,0,unscheduled,2026-01-28,True
2026-01-29 00:42:55,2026-01-29 00:42:55,5,1,2.180,2.180,0.670,1.175,19:42,2,0,unscheduled,2026-01-28,True
2026-01-29 00:44:45,2026-01-29 00:44:45,5,1,2.030,2.030,0.670,1.490,19:44,2,0,unscheduled,2026-01-28,True
2026-01-29 00:47:30,2026-01-29 00:47:30,5,1,2.110,2.110,0.670,1.015,19:47,2,0,unscheduled,2026-01-28,True
2026-01-29 00:50:05,2026-01-29 00:50:05,5,1,2.060,2.060,0.670,1.150,19:50,2,0,unscheduled,2026-01-28,True
2026-01-29 01:00:25,2026-01-29 01:17:40,1040,165,3.500,2.464,0.660,19.455,20:00,2,1,unscheduled,2026-01-28,True
2026-01-29 01:20:05,2026-01-29 01:21:55,115,16,2.490,2.193,0.660,8.315,20:20,2,1,unscheduled,2026-01-28,True
2026-01-29 01:24:10,2026-01-29 01:25:35,90,9,2.440,2.117,0.660,1.095,20:24,2,1,unscheduled,2026-01-28,True
2026-01-29 01:28:10,2026-01-29 01:28:55,50,2,2.070,2.035,0.660,5.135,20:28,2,1,unscheduled,2026-01-28,True
2026-01-29 01:50:10,2026-01-29 01:50:40,35,2,2.040,2.025,0.660,2.615,20:50,2,1,unscheduled,2026-01-28,True
2026-01-29 02:02:05,2026-01-29 02:07:15,315,34,2.420,2.116,0.650,6.130,21:02,2,2,unscheduled,2026-01-28,True
2026-01-29 02:09:15,2026-01-29 02:09:15,5,1,1.990,1.990,0.650,6.030,21:09,2,2,unscheduled,2026-01-28,True
2026-01-29 02:12:40,2026-01-29 02:12:45,10,2,2.020,1.990,0.650,1.925,21:12,2,2,unscheduled,2026-01-28,True
2026-01-29 02:14:30,2026-01-29 02:15:40,75,5,2.110,2.020,0.650,0.950,21:14,2,2,unscheduled,2026-01-28,True
2026-01-29 02:22:30,2026-01-29 02:22:30,5,1,2.010,2.010,0.650,1.720,21:22,2,2,unscheduled,2026-01-28,True
2026-01-29 03:04:00,2026-01-29 03:04:00,5,1,2.190,2.190,0.640,1.785,22:04,2,3,unscheduled,2026-01-28,True
2026-01-29 05:21:40,2026-01-29 05:21:40,5,1,2.100,2.100,0.640,3.530,00:21,3,5,unscheduled,2026-01-29,True
2026-01-29 05:26:05,2026-01-29 05:26:50,50,2,1.970,1.970,0.640,1.505,00:26,3,5,unscheduled,2026-01-29,True
2026-01-29 08:08:15,2026-01-29 08:08:15,5,1,2.230,2.230,0.590,2.780,03:08,3,8,unscheduled,2026-01-29,True
2026-01-29 08:43:45,2026-01-29 08:44:50,70,5,3.900,2.326,0.590,26.560,03:43,3,8,unscheduled,2026-01-29,True
2026-01-29 08:45:55,2026-01-29 08:46:00,10,2,1.970,1.935,0.590,2.020,03:45,3,8,unscheduled,2026-01-29,True
2026-01-29 08:47:45,2026-01-29 08:48:40,60,2,1.850,1.835,0.590,5.820,03:47,3,8,unscheduled,2026-01-29,True
2026-01-29 10:15:15,2026-01-29 10:15:40,30,3,1.980,1.867,0.580,1.555,05:15,3,10,unscheduled,2026-01-29,True
2026-01-29 13:29:45,2026-01-29 13:29:55,15,2,2.370,2.185,0.610,0.095,08:29,3,13,scheduled,2026-01-29,True
2026-01-29 14:17:50,2026-01-29 14:17:50,5,1,1.850,1.850,0.600,0.525,09:17,3,14,unscheduled,2026-01-29,True
2026-01-29 14:28:40,2026-01-29 14:28:40,5,1,2.200,2.200,0.600,0.220,09:28,3,14,unscheduled,2026-01-29,True
2026-01-29 14:37:35,2026-01-29 14:37:35,5,1,1.830,1.830,0.600,2.315,09:37,3,14,unscheduled,2026-01-29,True
2026-01-29 14:48:05,2026-01-29 14:49:10,70,3,2.500,2.050,0.600,19.180,09:48,3,14,unscheduled,2026-01-29,True
2026-01-29 14:59:25,2026-01-29 15:00:20,60,7,2.620,2.103,0.600,19.340,09:59,3,14,scheduled,2026-01-29,True
2026-01-29 15:01:35,2026-01-29 17:04:50,7400,1232,5.000,2.781,0.590,190.140,10:01,3,15,scheduled,2026-01-29,True
2026-01-29 17:05:55,2026-01-29 17:10:30,280,20,2.840,2.132,0.590,5.245,12:05,3,17,unscheduled,2026-01-29,True
2026-01-29 17:11:40,2026-01-29 18:15:40,3845,525,3.090,2.190,0.590,73.910,12:11,3,17,unscheduled,2026-01-29,True
2026-01-29 18:17:20,2026-01-29 18:17:20,5,1,1.860,1.860,0.590,1.195,13:17,3,18,unscheduled,2026-01-29,True
2026-01-29 18:20:25,2026-01-29 18:20:30,10,2,2.090,1.965,0.590,0.455,13:20,3,18,unscheduled,2026-01-29,True
2026-01-29 18:21:35,2026-01-29 18:45:50,1460,168,3.150,2.095,0.590,2.500,13:21,3,18,unscheduled,2026-01-29,True
2026-01-29 18:47:00,2026-01-29 19:23:25,2190,245,2.850,2.022,0.590,31.270,13:47,3,18,unscheduled,2026-01-29,True
2026-01-29 19:24:30,2026-01-29 19:28:00,215,13,2.250,1.995,0.580,4.455,14:24,3,19,unscheduled,2026-01-29,True
2026-01-29 19:29:10,2026-01-29 19:43:05,840,63,2.390,1.984,0.580,8.195,14:29,3,19,unscheduled,2026-01-29,True
2026-01-29 19:45:20,2026-01-29 19:45:20,5,1,2.300,2.300,0.580,0.465,14:45,3,19,unscheduled,2026-01-29,True
2026-01-29 19:47:10,2026-01-29 19:50:15,190,7,2.070,1.896,0.580,4.095,14:47,3,19,unscheduled,2026-01-29,True
2026-01-29 19:54:15,2026-01-29 19:58:15,245,24,2.380,1.948,0.580,8.730,14:54,3,19,unscheduled,2026-01-29,True
2026-01-29 20:02:00,2026-01-29 20:03:15,80,4,2.130,2.027,0.640,3.710,15:02,3,20,unscheduled,2026-01-29,True
2026-01-29 20:06:55,2026-01-29 20:06:55,5,1,2.030,2.030,0.640,0.120,15:06,3,20,unscheduled,2026-01-29,True
2026-01-29 20:08:20,2026-01-29 20:08:30,15,2,2.120,2.060,0.640,1.120,15:08,3,20,unscheduled,2026-01-29,True
2026-01-29 20:09:55,2026-01-29 20:10:00,10,2,2.130,2.055,0.640,1.685,15:09,3,20,unscheduled,2026-01-29,True
2026-01-29 20:11:25,2026-01-29 20:11:25,5,1,2.200,2.200,0.640,0.650,15:11,3,20,unscheduled,2026-01-29,True
2026-01-29 20:12:30,2026-01-29 20:12:30,5,1,2.010,2.010,0.640,0.410,15:12,3,20,unscheduled,2026-01-29,True
2026-01-29 20:13:40,2026-01-29 20:13:55,20,2,2.110,2.020,0.640,0.250,15:13,3,20,unscheduled,2026-01-29,True
2026-01-29 20:15:35,2026-01-29 20:15:35,5,1,2.010,2.010,0.640,0.520,15:15,3,20,unscheduled,2026-01-29,True
2026-01-29 20:18:30,2026-01-29 20:18:45,20,2,2.000,1.985,0.640,1.485,15:18,3,20,unscheduled,2026-01-29,True
2026-01-29 20:22:05,2026-01-29 20:22:05,5,1,2.040,2.040,0.640,1.450,15:22,3,20,unscheduled,2026-01-29,True
2026-01-29 20:23:10,2026-01-29 20:23:10,5,1,2.000,2.000,0.640,0.010,15:23,3,20,unscheduled,2026-01-29,True
2026-01-29 20:33:00,2026-01-29 20:33:00,5,1,1.950,1.950,0.640,1.425,15:33,3,20,unscheduled,2026-01-29,True
2026-01-29 20:35:00,2026-01-29 20:35:00,5,1,2.100,2.100,0.640,1.695,15:35,3,20,unscheduled,2026-01-29,True
2026-01-29 20:39:10,2026-01-29 20:39:25,20,2,2.100,2.055,0.640,1.825,15:39,3,20,unscheduled,2026-01-29,True
2026-01-29 20:41:05,2026-01-29 20:41:30,30,3,2.060,2.007,0.640,1.905,15:41,3,20,unscheduled,2026-01-29,True
2026-01-29 20:48:00,2026-01-29 20:48:00,5,1,2.050,2.050,0.640,2.010,15:48,3,20,unscheduled,2026-01-29,True
2026-01-29 20:52:30,2026-01-29 20:54:35,130,13,2.230,2.028,0.640,8.375,15:52,3,20,unscheduled,2026-01-29,True
2026-01-29 20:57:00,2026-01-29 20:57:00,5,1,1.960,1.960,0.640,6.815,15:57,3,20,break,2026-01-29,True
2026-01-29 20:59:55,2026-01-29 20:59:55,5,1,2.120,2.120,0.640,0.335,15:59,3,20,break,2026-01-29,True
2026-01-29 21:02:00,2026-01-29 21:02:05,10,2,2.360,2.275,0.730,1.415,16:02,3,21,break,2026-01-29,True
2026-01-29 21:03:10,2026-01-29 21:03:40,35,2,2.400,2.370,0.730,2.135,16:03,3,21,break,2026-01-29,True
2026-01-29 21:05:15,2026-01-29 21:06:55,105,5,2.300,2.240,0.730,15.485,16:05,3,21,break,2026-01-29,True
2026-01-29 21:08:50,2026-01-29 21:13:20,275,17,2.510,2.312,0.730,10.400,16:08,3,21,break,2026-01-29,True
2026-01-29 21:18:10,2026-01-29 21:18:10,5,1,2.450,2.450,0.730,1.330,16:18,3,21,break,2026-01-29,True
2026-01-29 21:19:15,2026-01-29 21:19:20,10,2,2.260,2.230,0.730,1.125,16:19,3,21,break,2026-01-29,True
2026-01-29 21:29:25,2026-01-29 21:30:45,85,9,2.400,2.299,0.730,10.095,16:29,3,21,break,2026-01-29,True
2026-01-29 21:31:55,2026-01-29 21:35:20,210,14,2.430,2.297,0.730,2.585,16:31,3,21,break,2026-01-29,True
2026-01-29 21:39:30,2026-01-29 21:40:25,60,5,2.510,2.294,0.730,0.125,16:39,3,21,break,2026-01-29,True
2026-01-29 21:41:35,2026-01-29 21:42:35,65,2,2.270,2.270,0.730,2.470,16:41,3,21,break,2026-01-29,True
2026-01-29 21:43:50,2026-01-29 21:59:05,920,138,3.600,2.497,0.730,27.455,16:43,3,21,break,2026-01-29,True
2026-01-29 23:04:55,2026-01-29 23:25:55,1265,172,5.000,2.572,0.730,36.405,18:04,3,23,unscheduled,2026-01-29,True
2026-01-29 23:34:00,2026-01-29 23:34:55,60,2,2.300,2.290,0.730,5.190,18:34,3,23,unscheduled,2026-01-29,True
2026-01-29 23:36:10,2026-01-29 23:36:10,5,1,2.350,2.350,0.730,2.820,18:36,3,23,unscheduled,2026-01-29,True
2026-01-30 00:16:15,2026-01-30 00:16:15,5,1,2.020,2.020,0.670,0.225,19:16,3,0,unscheduled,2026-01-29,True
2026-01-30 00:22:55,2026-01-30 00:23:05,15,2,2.140,2.120,0.670,3.480,19:22,3,0,unscheduled,2026-01-29,True
2026-01-30 00:28:15,2026-01-30 00:28:40,30,2,2.100,2.080,0.670,4.050,19:28,3,0,unscheduled,2026-01-29,True
2026-01-30 00:33:35,2026-01-30 00:33:35,5,1,2.020,2.020,0.670,0.060,19:33,3,0,unscheduled,2026-01-29,True
2026-01-30 00:44:25,2026-01-30 00:52:15,475,40,2.520,2.170,0.670,5.110,19:44,3,0,unscheduled,2026-01-29,True
2026-01-30 00:55:25,2026-01-30 00:56:00,40,3,2.130,2.073,0.670,3.165,19:55,3,0,unscheduled,2026-01-29,True
2026-01-30 00:57:35,2026-01-30 00:57:35,5,1,2.150,2.150,0.670,1.510,19:57,3,0,unscheduled,2026-01-29,True
2026-01-30 01:00:15,2026-01-30 01:04:45,275,30,2.670,2.210,0.660,7.435,20:00,3,1,unscheduled,2026-01-29,True
2026-01-30 01:06:00,2026-01-30 01:17:50,715,82,4.810,2.620,0.660,49.120,20:06,3,1,unscheduled,2026-01-29,True
2026-01-30 01:19:20,2026-01-30 01:29:10,595,78,2.880,2.280,0.660,31.050,20:19,3,1,unscheduled,2026-01-29,True
2026-01-30 01:30:20,2026-01-30 01:30:35,20,2,2.440,2.355,0.660,1.595,20:30,3,1,unscheduled,2026-01-29,True
2026-01-30 01:31:40,2026-01-30 01:37:25,350,40,2.520,2.133,0.660,2.325,20:31,3,1,unscheduled,2026-01-29,True
2026-01-30 01:38:35,2026-01-30 01:39:40,70,7,2.090,2.033,0.660,4.355,20:38,3,1,unscheduled,2026-01-29,True
2026-01-30 01:42:00,2026-01-30 04:27:35,9940,1490,5.000,2.685,0.660,159.315,20:42,3,1,unscheduled,2026-01-29,True
2026-01-30 04:28:50,2026-01-30 04:43:55,910,143,3.000,2.328,0.640,2.375,23:28,3,4,unscheduled,2026-01-29,True
2026-01-30 04:45:35,2026-01-30 04:46:35,65,2,2.370,2.175,0.640,1.370,23:45,3,4,unscheduled,2026-01-29,True
2026-01-30 04:48:10,2026-01-30 04:48:10,5,1,1.920,1.920,0.640,0.200,23:48,3,4,unscheduled,2026-01-29,True
2026-01-30 04:49:35,2026-01-30 04:50:00,30,3,2.250,2.083,0.640,1.245,23:49,3,4,unscheduled,2026-01-29,True
2026-01-30 04:54:30,2026-01-30 04:54:45,20,3,1.950,1.933,0.640,2.680,23:54,3,4,unscheduled,2026-01-29,True
2026-01-30 04:56:30,2026-01-30 04:56:30,5,1,2.230,2.230,0.640,1.520,23:56,3,4,unscheduled,2026-01-29,True
2026-01-30 04:57:40,2026-01-30 04:57:40,5,1,2.050,2.050,0.640,0.950,23:57,3,4,unscheduled,2026-01-29,True
2026-01-30 05:00:55,2026-01-30 05:23:45,1375,160,2.650,2.168,0.640,24.375,00:00,4,5,unscheduled,2026-01-30,False
2026-01-30 05:25:35,2026-01-30 05:25:35,5,1,2.040,2.040,0.640,1.920,00:25,4,5,unscheduled,2026-01-30,False
2026-01-30 05:26:50,2026-01-30 05:26:50,5,1,2.240,2.240,0.640,2.095,00:26,4,5,unscheduled,2026-01-30,False
2026-01-30 05:28:35,2026-01-30 07:26:45,7095,1218,3.900,2.427,0.640,51.885,00:28,4,5,unscheduled,2026-01-30,False
2026-01-30 07:28:50,2026-01-30 07:30:50,125,20,2.300,2.018,0.590,8.360,02:28,4,7,unscheduled,2026-01-30,False
2026-01-30 07:32:10,2026-01-30 07:32:10,5,1,1.870,1.870,0.590,0.355,02:32,4,7,unscheduled,2026-01-30,False
2026-01-30 07:33:30,2026-01-30 07:33:30,5,1,1.830,1.830,0.590,1.775,02:33,4,7,unscheduled,2026-01-30,False
2026-01-30 07:34:55,2026-01-30 11:03:35,12525,2035,5.000,2.493,0.590,57.810,02:34,4,7,unscheduled,2026-01-30,False
2026-01-30 11:04:50,2026-01-30 11:14:15,570,55,2.480,1.997,0.580,28.240,06:04,4,11,unscheduled,2026-01-30,False
2026-01-30 11:17:05,2026-01-30 11:32:25,925,137,3.030,2.015,0.580,1.810,06:17,4,11,unscheduled,2026-01-30,False
2026-01-30 11:34:05,2026-01-30 11:37:20,200,17,2.050,1.849,0.580,3.220,06:34,4,11,unscheduled,2026-01-30,False
2026-01-30 11:38:25,2026-01-30 11:38:25,5,1,2.210,2.210,0.580,0.245,06:38,4,11,unscheduled,2026-01-30,False
2026-01-30 11:41:00,2026-01-30 11:43:15,140,8,2.120,1.913,0.580,9.445,06:41,4,11,unscheduled,2026-01-30,False
2026-01-30 11:44:55,2026-01-30 11:45:40,50,7,2.040,1.844,0.580,7.120,06:44,4,11,unscheduled,2026-01-30,False
2026-01-30 11:46:50,2026-01-30 11:55:20,515,61,3.520,2.086,0.580,8.245,06:46,4,11,unscheduled,2026-01-30,False
2026-01-30 11:56:25,2026-01-30 11:57:20,60,2,1.810,1.780,0.580,10.035,06:56,4,11,unscheduled,2026-01-30,False
2026-01-30 12:04:40,2026-01-30 12:05:00,25,3,1.950,1.880,0.600,2.840,07:04,4,12,unscheduled,2026-01-30,False
2026-01-30 12:08:25,2026-01-30 12:15:35,435,45,2.340,1.915,0.600,4.805,07:08,4,12,unscheduled,2026-01-30,False
2026-01-30 12:17:20,2026-01-30 12:17:55,40,3,1.930,1.890,0.600,0.990,07:17,4,12,unscheduled,2026-01-30,False
2026-01-30 12:19:10,2026-01-30 12:30:50,705,72,2.390,1.980,0.600,10.160,07:19,4,12,unscheduled,2026-01-30,False
2026-01-30 12:32:50,2026-01-30 12:33:40,55,4,2.380,1.960,0.600,5.305,07:32,4,12,unscheduled,2026-01-30,False
2026-01-30 12:34:45,2026-01-30 12:35:20,40,2,1.920,1.900,0.600,4.780,07:34,4,12,unscheduled,2026-01-30,False
2026-01-30 12:36:45,2026-01-30 13:43:45,4025,617,5.000,2.502,0.600,69.180,07:36,4,12,unscheduled,2026-01-30,False
2026-01-30 13:45:05,2026-01-30 13:56:35,695,78,2.810,2.190,0.610,31.015,08:45,4,13,unscheduled,2026-01-30,False
2026-01-30 13:57:50,2026-01-30 14:17:05,1160,193,3.010,2.256,0.610,49.105,08:57,4,13,unscheduled,2026-01-30,False
2026-01-30 14:18:55,2026-01-30 15:45:50,5220,768,5.000,2.313,0.600,13.990,09:18,4,14,unscheduled,2026-01-30,False
2026-01-30 15:52:25,2026-01-30 15:53:30,70,5,1.910,1.850,0.590,3.865,10:52,4,15,unscheduled,2026-01-30,False
2026-01-30 15:54:40,2026-01-30 15:54:40,5,1,1.920,1.920,0.590,0.730,10:54,4,15,unscheduled,2026-01-30,False
2026-01-30 15:56:15,2026-01-30 15:57:00,50,3,1.810,1.800,0.590,2.485,10:56,4,15,unscheduled,2026-01-30,False
2026-01-30 15:59:05,2026-01-30 16:00:20,80,4,1.990,1.897,0.590,6.105,10:59,4,15,unscheduled,2026-01-30,False
2026-01-30 16:02:20,2026-01-30 16:02:50,35,3,2.050,1.873,0.580,3.575,11:02,4,16,unscheduled,2026-01-30,False
2026-01-30 16:04:05,2026-01-30 16:28:15,1455,118,2.460,1.909,0.580,20.405,11:04,4,16,unscheduled,2026-01-30,False
2026-01-30 16:29:40,2026-01-30 16:30:30,55,4,2.090,2.005,0.580,0.390,11:29,4,16,unscheduled,2026-01-30,False
2026-01-30 16:32:10,2026-01-30 16:32:55,50,2,1.940,1.845,0.580,10.105,11:32,4,16,unscheduled,2026-01-30,False
2026-01-30 16:34:00,2026-01-30 21:08:30,16475,2713,10.000,2.833,0.580,167.740,11:34,4,16,unscheduled,2026-01-30,False
2026-01-30 21:09:55,2026-01-30 21:38:05,1695,272,3.700,2.598,0.730,24.010,16:09,4,21,break,2026-01-30,False
2026-01-30 21:39:10,2026-01-30 21:47:25,500,53,2.860,2.447,0.730,6.310,16:39,4,21,break,2026-01-30,False
2026-01-30 21:48:30,2026-01-30 21:59:00,635,96,10.000,5.905,0.730,34.515,16:48,4,21,break,2026-01-30,False
2026-02-01 23:04:55,2026-02-01 23:53:05,2895,559,10.000,6.576,0.730,145.495,18:04,6,23,unscheduled,2026-02-01,False
2026-02-01 23:54:10,2026-02-01 23:54:40,35,4,2.590,2.417,0.730,6.500,18:54,6,23,unscheduled,2026-02-01,False
2026-02-01 23:55:45,2026-02-01 23:55:45,5,1,2.280,2.280,0.730,3.025,18:55,6,23,unscheduled,2026-02-01,False
2026-02-01 23:57:00,2026-02-02 00:02:30,335,46,3.600,2.628,0.730,13.110,18:57,6,23,unscheduled,2026-02-01,False
2026-02-02 00:04:50,2026-02-02 00:05:25,40,8,2.660,2.328,0.670,7.315,19:04,6,0,unscheduled,2026-02-01,False
2026-02-02 00:06:40,2026-02-02 00:41:00,2065,256,5.070,2.868,0.670,50.145,19:06,6,0,unscheduled,2026-02-01,False
2026-02-02 00:42:35,2026-02-02 00:45:35,185,18,3.310,2.482,0.670,31.765,19:42,6,0,unscheduled,2026-02-01,False
2026-02-02 00:46:50,2026-02-02 00:53:20,395,40,3.800,2.487,0.670,11.275,19:46,6,0,unscheduled,2026-02-01,False
2026-02-02 00:56:20,2026-02-02 01:55:30,3555,490,10.000,3.277,0.670,39.935,19:56,6,0,unscheduled,2026-02-01,False
2026-02-02 01:56:40,2026-02-02 01:58:20,105,4,2.700,2.282,0.660,12.910,20:56,6,1,unscheduled,2026-02-01,False
2026-02-02 01:59:40,2026-02-02 02:01:40,125,6,2.510,2.205,0.660,10.640,20:59,6,1,unscheduled,2026-02-01,False
2026-02-02 02:02:50,2026-02-02 02:07:50,305,33,3.250,2.503,0.650,9.335,21:02,6,2,unscheduled,2026-02-01,False
2026-02-02 02:10:10,2026-02-02 02:14:50,285,40,4.030,2.506,0.650,22.140,21:10,6,2,unscheduled,2026-02-01,False
2026-02-02 02:16:40,2026-02-02 02:16:40,5,1,1.990,1.990,0.650,0.150,21:16,6,2,unscheduled,2026-02-01,False
2026-02-02 02:17:50,2026-02-02 02:19:05,80,8,3.270,2.650,0.650,4.360,21:17,6,2,unscheduled,2026-02-01,False
2026-02-02 02:21:30,2026-02-02 02:21:35,10,2,2.550,2.520,0.650,6.110,21:21,6,2,unscheduled,2026-02-01,False
2026-02-02 02:23:30,2026-02-02 02:23:30,5,1,2.340,2.340,0.650,4.025,21:23,6,2,unscheduled,2026-02-01,False
2026-02-02 02:27:20,2026-02-02 02:27:20,5,1,1.950,1.950,0.650,0.665,21:27,6,2,unscheduled,2026-02-01,False
2026-02-02 02:30:45,2026-02-02 02:31:55,75,3,2.780,2.290,0.650,2.285,21:30,6,2,unscheduled,2026-02-01,False
2026-02-02 02:34:00,2026-02-02 02:36:05,130,7,2.400,2.180,0.650,4.590,21:34,6,2,unscheduled,2026-02-01,False
2026-02-02 02:39:55,2026-02-02 02:40:05,15,2,2.440,2.315,0.650,3.480,21:39,6,2,unscheduled,2026-02-01,False
2026-02-02 02:41:35,2026-02-02 02:53:55,745,74,2.730,2.191,0.650,24.925,21:41,6,2,unscheduled,2026-02-01,False
2026-02-02 02:55:05,2026-02-02 02:55:05,5,1,2.020,2.020,0.650,0.555,21:55,6,2,unscheduled,2026-02-01,False
2026-02-02 02:56:10,2026-02-02 03:03:25,440,34,3.720,2.332,0.650,15.960,21:56,6,2,unscheduled,2026-02-01,False
2026-02-02 03:05:35,2026-02-02 03:08:30,180,8,2.910,2.315,0.640,1.230,22:05,6,3,unscheduled,2026-02-01,False
2026-02-02 03:09:45,2026-02-02 03:10:40,60,5,2.460,2.280,0.640,7.225,22:09,6,3,unscheduled,2026-02-01,False
2026-02-02 03:12:00,2026-02-02 03:23:50,715,72,10.000,2.909,0.640,8.140,22:12,6,3,unscheduled,2026-02-01,False
2026-02-02 03:29:45,2026-02-02 03:31:25,105,4,2.120,2.025,0.640,11.515,22:29,6,3,unscheduled,2026-02-01,False
2026-02-02 03:33:15,2026-02-02 03:33:30,20,2,2.090,2.045,0.640,10.750,22:33,6,3,unscheduled,2026-02-01,False
2026-02-02 03:34:45,2026-02-02 03:34:45,5,1,2.120,2.120,0.640,2.245,22:34,6,3,unscheduled,2026-02-01,False
2026-02-02 03:35:50,2026-02-02 03:51:45,960,111,4.450,2.453,0.640,9.455,22:35,6,3,unscheduled,2026-02-01,False
2026-02-02 03:53:50,2026-02-02 03:53:50,5,1,1.990,1.990,0.640,3.790,22:53,6,3,unscheduled,2026-02-01,False
2026-02-02 03:55:40,2026-02-02 03:56:55,80,5,2.260,2.072,0.640,2.790,22:55,6,3,unscheduled,2026-02-01,False
2026-02-02 03:58:05,2026-02-02 04:04:10,370,30,3.300,2.241,0.640,32.570,22:58,6,3,unscheduled,2026-02-01,False
2026-02-02 04:05:20,2026-02-02 04:16:30,675,60,3.860,2.273,0.640,71.020,23:05,6,4,unscheduled,2026-02-01,False
2026-02-02 04:18:05,2026-02-02 05:28:35,4235,596,4.430,2.439,0.640,13.240,23:18,6,4,unscheduled,2026-02-01,False
2026-02-02 05:30:30,2026-02-02 09:02:15,12710,2100,10.000,2.579,0.640,16.400,00:30,0,5,unscheduled,2026-02-02,False
2026-02-02 09:03:25,2026-02-02 10:34:55,5495,875,3.090,2.123,0.580,80.230,04:03,0,9,unscheduled,2026-02-02,False
2026-02-02 10:36:50,2026-02-02 10:38:45,120,9,2.170,1.937,0.580,2.650,05:36,0,10,unscheduled,2026-02-02,False
2026-02-02 10:40:10,2026-02-02 10:43:50,225,34,2.290,2.007,0.580,7.805,05:40,0,10,unscheduled,2026-02-02,False
2026-02-02 10:44:55,2026-02-02 10:57:35,765,67,2.370,1.923,0.580,30.970,05:44,0,10,unscheduled,2026-02-02,False
2026-02-02 10:58:40,2026-02-02 10:59:10,35,5,1.910,1.834,0.580,3.480,05:58,0,10,unscheduled,2026-02-02,False
2026-02-02 11:01:30,2026-02-02 11:32:20,1855,211,3.360,2.070,0.580,48.160,06:01,0,11,unscheduled,2026-02-02,False
2026-02-02 11:35:20,2026-02-02 11:35:45,30,6,2.220,1.995,0.580,5.485,06:35,0,11,unscheduled,2026-02-02,False
2026-02-02 11:36:50,2026-02-02 11:36:50,5,1,2.040,2.040,0.580,4.580,06:36,0,11,unscheduled,2026-02-02,False
2026-02-02 11:38:50,2026-02-02 11:39:00,15,2,1.900,1.860,0.580,3.435,06:38,0,11,unscheduled,2026-02-02,False
2026-02-02 11:40:40,2026-02-02 11:41:30,55,4,2.230,1.995,0.580,1.905,06:40,0,11,unscheduled,2026-02-02,False
2026-02-02 11:44:05,2026-02-02 11:46:55,175,11,2.260,1.912,0.580,4.365,06:44,0,11,unscheduled,2026-02-02,False
2026-02-02 11:52:05,2026-02-02 11:53:10,70,5,1.970,1.858,0.580,8.455,06:52,0,11,unscheduled,2026-02-02,False
2026-02-02 11:58:45,2026-02-02 11:58:45,5,1,1.760,1.760,0.580,0.400,06:58,0,11,unscheduled,2026-02-02,False
2026-02-02 12:00:05,2026-02-02 12:17:25,1045,97,3.120,1.993,0.600,4.080,07:00,0,12,unscheduled,2026-02-02,False
2026-02-02 12:23:55,2026-02-02 12:25:10,80,6,2.120,1.998,0.600,6.200,07:23,0,12,unscheduled,2026-02-02,False
2026-02-02 12:27:05,2026-02-02 12:27:35,35,4,1.990,1.962,0.600,1.865,07:27,0,12,unscheduled,2026-02-02,False
2026-02-02 12:29:35,2026-02-02 12:31:10,100,7,2.110,1.943,0.600,1.895,07:29,0,12,unscheduled,2026-02-02,False
2026-02-02 12:32:15,2026-02-02 12:34:05,115,10,2.150,1.921,0.600,6.255,07:32,0,12,unscheduled,2026-02-02,False
2026-02-02 12:35:10,2026-02-02 12:39:30,265,16,2.140,1.968,0.600,5.640,07:35,0,12,unscheduled,2026-02-02,False
2026-02-02 12:41:00,2026-02-02 12:41:00,5,1,1.830,1.830,0.600,2.115,07:41,0,12,unscheduled,2026-02-02,False
2026-02-02 12:42:30,2026-02-02 12:42:30,5,1,1.880,1.880,0.600,2.435,07:42,0,12,unscheduled,2026-02-02,False
2026-02-02 12:43:50,2026-02-02 12:43:50,5,1,1.880,1.880,0.600,0.220,07:43,0,12,unscheduled,2026-02-02,False
2026-02-02 12:45:45,2026-02-02 12:46:00,20,2,2.540,2.250,0.600,0.315,07:45,0,12,unscheduled,2026-02-02,False
2026-02-02 12:48:25,2026-02-02 12:49:05,45,2,2.010,1.905,0.600,9.755,07:48,0,12,unscheduled,2026-02-02,False
2026-02-02 12:51:25,2026-02-02 12:52:10,50,3,2.640,2.313,0.600,2.890,07:51,0,12,unscheduled,2026-02-02,False
2026-02-02 12:56:00,2026-02-02 12:57:05,70,5,2.850,2.106,0.600,0.995,07:56,0,12,unscheduled,2026-02-02,False
2026-02-02 12:59:05,2026-02-02 13:51:45,3165,424,3.610,2.274,0.600,88.055,07:59,0,12,unscheduled,2026-02-02,False
2026-02-02 13:52:55,2026-02-02 13:55:20,150,19,2.390,1.990,0.610,11.855,08:52,0,13,unscheduled,2026-02-02,False
2026-02-02 13:59:45,2026-02-02 14:00:15,35,2,1.830,1.815,0.610,6.305,08:59,0,13,unscheduled,2026-02-02,False
2026-02-02 14:08:15,2026-02-02 14:08:15,5,1,2.000,2.000,0.600,1.640,09:08,0,14,unscheduled,2026-02-02,False
2026-02-02 14:09:30,2026-02-02 14:10:45,80,4,1.930,1.858,0.600,0.780,09:09,0,14,unscheduled,2026-02-02,False
2026-02-02 14:19:50,2026-02-02 14:19:55,10,2,1.950,1.895,0.600,4.380,09:19,0,14,unscheduled,2026-02-02,False
2026-02-02 14:30:30,2026-02-02 14:30:30,5,1,1.840,1.840,0.600,0.035,09:30,0,14,unscheduled,2026-02-02,False
2026-02-02 14:35:00,2026-02-02 14:35:00,5,1,1.810,1.810,0.600,2.280,09:35,0,14,unscheduled,2026-02-02,False
2026-02-02 14:36:35,2026-02-02 14:38:25,115,6,2.050,1.940,0.600,31.660,09:36,0,14,unscheduled,2026-02-02,False
2026-02-02 14:39:30,2026-02-02 14:40:40,75,7,1.940,1.844,0.600,9.670,09:39,0,14,unscheduled,2026-02-02,False
2026-02-02 14:42:25,2026-02-02 15:38:15,3355,466,7.680,2.297,0.600,91.075,09:42,0,14,unscheduled,2026-02-02,False
2026-02-02 15:39:40,2026-02-02 15:40:40,65,6,2.100,1.958,0.590,0.625,10:39,0,15,unscheduled,2026-02-02,False
2026-02-02 15:43:40,2026-02-02 15:50:15,400,31,2.610,2.081,0.590,19.185,10:43,0,15,unscheduled,2026-02-02,False
2026-02-02 15:51:45,2026-02-02 16:00:35,535,48,3.310,2.037,0.590,44.945,10:51,0,15,unscheduled,2026-02-02,False
2026-02-02 16:02:05,2026-02-02 16:24:20,1340,127,2.600,2.042,0.580,100.500,11:02,0,16,unscheduled,2026-02-02,False
2026-02-02 16:25:25,2026-02-02 16:29:15,235,27,2.470,2.053,0.580,24.750,11:25,0,16,unscheduled,2026-02-02,False
2026-02-02 16:30:30,2026-02-02 16:36:05,340,29,2.240,1.924,0.580,3.390,11:30,0,16,unscheduled,2026-02-02,False
2026-02-02 16:37:15,2026-02-02 16:44:15,425,24,2.070,1.839,0.580,21.245,11:37,0,16,unscheduled,2026-02-02,False
2026-02-02 16:45:30,2026-02-02 16:45:50,25,3,1.870,1.823,0.580,0.710,11:45,0,16,unscheduled,2026-02-02,False
2026-02-02 16:50:55,2026-02-02 16:51:15,25,2,1.780,1.765,0.580,1.590,11:50,0,16,unscheduled,2026-02-02,False
2026-02-02 16:53:10,2026-02-02 16:53:10,5,1,1.780,1.780,0.580,2.300,11:53,0,16,unscheduled,2026-02-02,False
2026-02-02 16:56:40,2026-02-02 16:56:40,5,1,1.780,1.780,0.580,2.170,11:56,0,16,unscheduled,2026-02-02,False
2026-02-02 16:59:25,2026-02-02 16:59:25,5,1,1.740,1.740,0.580,0.430,11:59,0,16,unscheduled,2026-02-02,False
2026-02-02 17:06:25,2026-02-02 17:09:25,185,6,2.130,1.950,0.590,17.540,12:06,0,17,unscheduled,2026-02-02,False
2026-02-02 17:11:40,2026-02-02 17:13:20,105,4,2.160,1.953,0.590,4.910,12:11,0,17,unscheduled,2026-02-02,False
2026-02-02 17:16:35,2026-02-02 17:16:55,25,2,1.840,1.810,0.590,3.200,12:16,0,17,unscheduled,2026-02-02,False
2026-02-02 17:19:20,2026-02-02 17:20:50,95,5,2.020,1.860,0.590,2.355,12:19,0,17,unscheduled,2026-02-02,False
2026-02-02 17:22:55,2026-02-02 17:24:20,90,5,1.860,1.806,0.590,2.520,12:22,0,17,unscheduled,2026-02-02,False
2026-02-02 17:25:40,2026-02-02 17:25:40,5,1,1.820,1.820,0.590,0.320,12:25,0,17,unscheduled,2026-02-02,False
2026-02-02 17:30:40,2026-02-02 17:30:40,5,1,1.970,1.970,0.590,2.065,12:30,0,17,unscheduled,2026-02-02,False
2026-02-02 18:13:10,2026-02-02 18:13:10,5,1,1.770,1.770,0.590,0.650,13:13,0,18,unscheduled,2026-02-02,False
2026-02-02 18:19:40,2026-02-02 18:20:05,30,4,1.830,1.815,0.590,5.045,13:19,0,18,unscheduled,2026-02-02,False
2026-02-02 18:31:45,2026-02-02 18:31:45,5,1,1.820,1.820,0.590,0.320,13:31,0,18,unscheduled,2026-02-02,False
2026-02-02 18:39:25,2026-02-02 18:39:25,5,1,1.770,1.770,0.590,0.665,13:39,0,18,unscheduled,2026-02-02,False
2026-02-02 18:54:05,2026-02-02 18:54:05,5,1,1.780,1.780,0.590,3.045,13:54,0,18,unscheduled,2026-02-02,False
2026-02-02 19:00:45,2026-02-02 19:00:45,5,1,1.800,1.800,0.580,0.245,14:00,0,19,scheduled,2026-02-02,False
2026-02-02 19:03:15,2026-02-02 19:03:15,5,1,1.760,1.760,0.580,3.630,14:03,0,19,scheduled,2026-02-02,False
2026-02-02 19:06:55,2026-02-02 19:06:55,5,1,1.830,1.830,0.580,4.855,14:06,0,19,unscheduled,2026-02-02,False
2026-02-02 19:09:45,2026-02-02 19:10:10,30,2,1.990,1.955,0.580,5.910,14:09,0,19,unscheduled,2026-02-02,False
2026-02-02 19:13:05,2026-02-02 19:13:25,25,3,1.900,1.863,0.580,2.585,14:13,0,19,unscheduled,2026-02-02,False
2026-02-02 19:16:15,2026-02-02 19:16:15,5,1,1.770,1.770,0.580,2.300,14:16,0,19,unscheduled,2026-02-02,False
2026-02-02 20:00:05,2026-02-02 20:01:00,60,3,2.130,2.023,0.640,1.655,15:00,0,20,unscheduled,2026-02-02,False
2026-02-02 20:21:10,2026-02-02 20:21:45,40,3,2.960,2.553,0.640,13.905,15:21,0,20,unscheduled,2026-02-02,False
2026-02-02 20:41:50,2026-02-02 20:41:50,5,1,1.970,1.970,0.640,0.275,15:41,0,20,unscheduled,2026-02-02,False
2026-02-02 20:43:55,2026-02-02 20:43:55,5,1,1.940,1.940,0.640,0.455,15:43,0,20,unscheduled,2026-02-02,False
2026-02-02 21:05:10,2026-02-02 21:05:10,5,1,2.290,2.290,0.730,0.425,16:05,0,21,break,2026-02-02,False
2026-02-02 21:28:20,2026-02-02 21:28:20,5,1,2.220,2.220,0.730,2.670,16:28,0,21,break,2026-02-02,False
2026-02-02 21:30:00,2026-02-02 21:30:30,35,3,2.290,2.277,0.730,0.365,16:30,0,21,break,2026-02-02,False
2026-02-02 21:32:05,2026-02-02 21:33:20,80,4,2.330,2.277,0.730,2.875,16:32,0,21,break,2026-02-02,False
2026-02-02 21:34:25,2026-02-02 21:34:25,5,1,2.190,2.190,0.730,1.290,16:34,0,21,break,2026-02-02,False
2026-02-02 21:35:50,2026-02-02 21:35:55,10,2,2.300,2.250,0.730,0.990,16:35,0,21,break,2026-02-02,False
2026-02-02 21:37:25,2026-02-02 21:39:00,100,6,2.350,2.255,0.730,0.375,16:37,0,21,break,2026-02-02,False
2026-02-02 21:40:35,2026-02-02 21:40:35,5,1,2.190,2.190,0.730,0.150,16:40,0,21,break,2026-02-02,False
2026-02-02 21:41:50,2026-02-02 21:42:05,20,2,3.030,2.670,0.730,2.900,16:41,0,21,break,2026-02-02,False
2026-02-02 21:43:10,2026-02-02 21:59:05,960,106,5.980,2.601,0.730,12.370,16:43,0,21,break,2026-02-02,False
2026-02-02 23:05:00,2026-02-02 23:13:45,530,95,5.280,2.901,0.730,14.350,18:05,0,23,unscheduled,2026-02-02,False
2026-02-02 23:15:10,2026-02-02 23:17:20,135,17,2.910,2.505,0.730,4.635,18:15,0,23,unscheduled,2026-02-02,False
2026-02-02 23:19:30,2026-02-02 23:19:30,5,1,2.330,2.330,0.730,2.570,18:19,0,23,unscheduled,2026-02-02,False
2026-02-02 23:21:05,2026-02-02 23:23:05,125,5,2.330,2.270,0.730,12.880,18:21,0,23,unscheduled,2026-02-02,False
2026-02-02 23:24:20,2026-02-02 23:25:05,50,3,2.360,2.273,0.730,1.965,18:24,0,23,unscheduled,2026-02-02,False
2026-02-02 23:27:50,2026-02-02 23:27:55,10,2,2.240,2.220,0.730,0.635,18:27,0,23,unscheduled,2026-02-02,False
2026-02-02 23:30:15,2026-02-02 23:31:25,75,4,2.560,2.345,0.730,9.545,18:30,0,23,unscheduled,2026-02-02,False
2026-02-02 23:33:15,2026-02-02 23:34:15,65,9,2.450,2.319,0.730,14.675,18:33,0,23,unscheduled,2026-02-02,False
2026-02-02 23:36:10,2026-02-02 23:37:50,105,10,2.450,2.302,0.730,8.325,18:36,0,23,unscheduled,2026-02-02,False
2026-02-02 23:45:35,2026-02-02 23:45:45,15,2,2.210,2.200,0.730,0.590,18:45,0,23,unscheduled,2026-02-02,False
2026-02-02 23:53:00,2026-02-02 23:53:40,45,3,2.290,2.243,0.730,2.410,18:53,0,23,unscheduled,2026-02-02,False
2026-02-02 23:57:45,2026-02-02 23:57:45,5,1,2.200,2.200,0.730,4.905,18:57,0,23,unscheduled,2026-02-02,False
2026-02-03 00:03:10,2026-02-03 00:03:30,25,2,2.170,2.125,0.670,0.160,19:03,0,0,unscheduled,2026-02-02,False
2026-02-03 00:07:25,2026-02-03 00:12:05,285,16,2.290,2.128,0.670,3.260,19:07,0,0,unscheduled,2026-02-02,False
2026-02-03 00:13:20,2026-02-03 00:13:50,35,5,2.170,2.118,0.670,8.490,19:13,0,0,unscheduled,2026-02-02,False
2026-02-03 00:16:10,2026-02-03 00:16:45,40,5,2.160,2.100,0.670,3.815,19:16,0,0,unscheduled,2026-02-02,False
2026-02-03 00:21:40,2026-02-03 00:21:40,5,1,2.070,2.070,0.670,2.910,19:21,0,0,unscheduled,2026-02-02,False
2026-02-03 00:24:00,2026-02-03 00:24:00,5,1,2.090,2.090,0.670,3.350,19:24,0,0,unscheduled,2026-02-02,False
2026-02-03 00:32:10,2026-02-03 00:32:10,5,1,2.080,2.080,0.670,3.330,19:32,0,0,unscheduled,2026-02-02,False
2026-02-03 00:34:10,2026-02-03 00:34:10,5,1,2.120,2.120,0.670,3.520,19:34,0,0,unscheduled,2026-02-02,False
2026-02-03 00:48:00,2026-02-03 00:48:00,5,1,2.160,2.160,0.670,4.890,19:48,0,0,unscheduled,2026-02-02,False
2026-02-03 00:49:30,2026-02-03 00:49:30,5,1,2.030,2.030,0.670,1.870,19:49,0,0,unscheduled,2026-02-02,False
2026-02-03 00:51:00,2026-02-03 00:51:00,5,1,2.110,2.110,0.670,2.070,19:51,0,0,unscheduled,2026-02-02,False
2026-02-03 00:52:50,2026-02-03 00:53:40,55,3,2.160,2.090,0.670,7.360,19:52,0,0,unscheduled,2026-02-02,False
2026-02-03 00:55:15,2026-02-03 00:57:40,150,16,2.270,2.107,0.670,1.195,19:55,0,0,unscheduled,2026-02-02,False
2026-02-03 01:00:10,2026-02-03 01:08:40,515,65,2.800,2.208,0.660,14.490,20:00,0,1,unscheduled,2026-02-02,False
2026-02-03 01:09:50,2026-02-03 01:11:15,90,7,2.120,2.083,0.660,12.160,20:09,0,1,unscheduled,2026-02-02,False
2026-02-03 01:13:30,2026-02-03 01:31:05,1060,161,2.770,2.271,0.660,26.435,20:13,0,1,unscheduled,2026-02-02,False
2026-02-03 01:32:20,2026-02-03 01:35:30,195,23,2.580,2.203,0.660,0.105,20:32,0,1,unscheduled,2026-02-02,False
2026-02-03 01:38:15,2026-02-03 01:39:25,75,4,2.170,2.100,0.660,1.220,20:38,0,1,unscheduled,2026-02-02,False
2026-02-03 02:19:55,2026-02-03 02:19:55,5,1,2.040,2.040,0.650,0.065,21:19,0,2,unscheduled,2026-02-02,False
2026-02-03 02:23:10,2026-02-03 02:23:15,10,2,2.240,2.130,0.650,4.385,21:23,0,2,unscheduled,2026-02-02,False
2026-02-03 02:25:15,2026-02-03 02:26:25,75,3,2.200,2.153,0.650,14.830,21:25,0,2,unscheduled,2026-02-02,False
2026-02-03 02:30:05,2026-02-03 02:34:05,245,19,2.390,2.106,0.650,5.720,21:30,0,2,unscheduled,2026-02-02,False
2026-02-03 02:35:25,2026-02-03 02:35:25,5,1,2.200,2.200,0.650,1.120,21:35,0,2,unscheduled,2026-02-02,False
2026-02-03 02:36:35,2026-02-03 02:38:35,125,8,2.520,2.131,0.650,6.330,21:36,0,2,unscheduled,2026-02-02,False
2026-02-03 02:43:40,2026-02-03 02:46:25,170,13,2.250,2.088,0.650,14.420,21:43,0,2,unscheduled,2026-02-02,False
2026-02-03 03:03:50,2026-02-03 03:03:50,5,1,1.940,1.940,0.640,1.215,22:03,0,3,unscheduled,2026-02-02,False
2026-02-03 03:06:25,2026-02-03 03:06:25,5,1,2.130,2.130,0.640,1.535,22:06,0,3,unscheduled,2026-02-02,False
2026-02-03 03:09:50,2026-02-03 03:10:35,50,4,2.040,1.998,0.640,0.515,22:09,0,3,unscheduled,2026-02-02,False
2026-02-03 03:26:35,2026-02-03 03:29:40,190,13,2.280,2.015,0.640,15.900,22:26,0,3,unscheduled,2026-02-02,False
2026-02-03 03:32:35,2026-02-03 03:32:35,5,1,1.940,1.940,0.640,0.150,22:32,0,3,unscheduled,2026-02-02,False
2026-02-03 04:00:00,2026-02-03 04:00:05,10,2,2.000,1.980,0.640,0.995,23:00,0,4,unscheduled,2026-02-02,False
2026-02-03 04:06:45,2026-02-03 04:06:45,5,1,1.960,1.960,0.640,0.560,23:06,0,4,unscheduled,2026-02-02,False
2026-02-03 04:15:40,2026-02-03 04:16:20,45,3,1.990,1.943,0.640,6.360,23:15,0,4,unscheduled,2026-02-02,False
2026-02-03 04:24:40,2026-02-03 04:26:10,95,6,2.040,1.978,0.640,7.365,23:24,0,4,unscheduled,2026-02-02,False
2026-02-03 04:35:00,2026-02-03 04:36:30,95,7,2.320,2.120,0.640,2.885,23:35,0,4,unscheduled,2026-02-02,False
2026-02-03 04:43:10,2026-02-03 04:44:00,55,2,1.980,1.975,0.640,2.685,23:43,0,4,unscheduled,2026-02-02,False
2026-02-03 04:46:05,2026-02-03 04:46:05,5,1,1.970,1.970,0.640,1.860,23:46,0,4,unscheduled,2026-02-02,False
2026-02-03 05:30:50,2026-02-03 05:30:50,5,1,2.010,2.010,0.640,0.290,00:30,1,5,unscheduled,2026-02-03,False
2026-02-03 05:36:20,2026-02-03 05:37:00,45,4,2.060,2.025,0.640,3.910,00:36,1,5,unscheduled,2026-02-03,False
2026-02-03 05:38:45,2026-02-03 05:38:45,5,1,1.970,1.970,0.640,1.150,00:38,1,5,unscheduled,2026-02-03,False
2026-02-03 05:40:50,2026-02-03 05:40:50,5,1,2.170,2.170,0.640,0.690,00:40,1,5,unscheduled,2026-02-03,False
2026-02-03 05:54:40,2026-02-03 05:54:40,5,1,1.970,1.970,0.640,1.555,00:54,1,5,unscheduled,2026-02-03,False
2026-02-03 06:11:35,2026-02-03 06:11:35,5,1,1.970,1.970,0.610,1.855,01:11,1,6,unscheduled,2026-02-03,False
2026-02-03 06:50:40,2026-02-03 06:50:40,5,1,1.880,1.880,0.610,2.135,01:50,1,6,unscheduled,2026-02-03,False
2026-02-03 06:54:25,2026-02-03 06:54:25,5,1,1.880,1.880,0.610,0.370,01:54,1,6,unscheduled,2026-02-03,False
2026-02-03 07:00:40,2026-02-03 07:00:40,5,1,1.840,1.840,0.590,0.800,02:00,1,7,unscheduled,2026-02-03,False
2026-02-03 07:03:45,2026-02-03 07:03:45,5,1,1.880,1.880,0.590,1.000,02:03,1,7,unscheduled,2026-02-03,False
2026-02-03 07:06:30,2026-02-03 07:06:50,25,2,1.990,1.910,0.590,2.985,02:06,1,7,unscheduled,2026-02-03,False
2026-02-03 12:53:45,2026-02-03 12:53:45,5,1,1.910,1.910,0.600,1.055,07:53,1,12,unscheduled,2026-02-03,False
2026-02-03 13:03:10,2026-02-03 13:03:30,25,2,1.960,1.910,0.610,2.820,08:03,1,13,unscheduled,2026-02-03,False
2026-02-03 13:07:15,2026-02-03 13:07:15,5,1,1.850,1.850,0.610,0.750,08:07,1,13,unscheduled,2026-02-03,False
2026-02-03 13:08:45,2026-02-03 13:08:45,5,1,1.880,1.880,0.610,3.680,08:08,1,13,unscheduled,2026-02-03,False
2026-02-03 15:00:05,2026-02-03 15:01:00,60,7,2.020,1.867,0.590,0.840,10:00,1,15,scheduled,2026-02-03,False
2026-02-03 15:03:10,2026-02-03 15:03:15,10,2,1.900,1.860,0.590,2.430,10:03,1,15,scheduled,2026-02-03,False
2026-02-03 15:25:30,2026-02-03 15:25:30,5,1,1.780,1.780,0.590,5.370,10:25,1,15,unscheduled,2026-02-03,False
2026-02-03 16:38:30,2026-02-03 16:38:30,5,1,1.890,1.890,0.580,2.975,11:38,1,16,unscheduled,2026-02-03,False
2026-02-03 17:14:20,2026-02-03 17:14:20,5,1,1.870,1.870,0.590,0.840,12:14,1,17,unscheduled,2026-02-03,False
2026-02-03 18:33:05,2026-02-03 18:33:05,5,1,1.970,1.970,0.590,1.670,13:33,1,18,unscheduled,2026-02-03,False
2026-02-03 21:59:00,2026-02-03 21:59:00,5,1,2.530,2.530,0.730,0.540,16:59,1,21,break,2026-02-03,False
2026-02-03 23:04:55,2026-02-03 23:18:00,790,113,10.000,3.315,0.730,7.845,18:04,1,23,unscheduled,2026-02-03,False
2026-02-03 23:22:35,2026-02-03 23:22:35,5,1,2.320,2.320,0.730,1.335,18:22,1,23,unscheduled,2026-02-03,False
2026-02-03 23:23:50,2026-02-03 23:24:20,35,2,2.400,2.355,0.730,7.770,18:23,1,23,unscheduled,2026-02-03,False
2026-02-03 23:28:10,2026-02-03 23:28:10,5,1,2.190,2.190,0.730,0.835,18:28,1,23,unscheduled,2026-02-03,False
2026-02-03 23:30:25,2026-02-03 23:33:30,190,21,2.750,2.367,0.730,4.935,18:30,1,23,unscheduled,2026-02-03,False
2026-02-03 23:36:50,2026-02-03 23:36:55,10,2,2.370,2.290,0.730,1.895,18:36,1,23,unscheduled,2026-02-03,False
2026-02-03 23:38:55,2026-02-03 23:38:55,5,1,2.670,2.670,0.730,0.390,18:38,1,23,unscheduled,2026-02-03,False
2026-02-03 23:40:20,2026-02-03 23:40:35,20,3,2.230,2.210,0.730,1.525,18:40,1,23,unscheduled,2026-02-03,False
2026-02-03 23:52:50,2026-02-03 23:52:50,5,1,2.200,2.200,0.730,4.180,18:52,1,23,unscheduled,2026-02-03,False
2026-02-03 23:54:15,2026-02-03 23:55:25,75,4,2.490,2.332,0.730,0.130,18:54,1,23,unscheduled,2026-02-03,False
2026-02-04 00:00:10,2026-02-04 00:00:20,15,2,2.090,2.070,0.670,2.250,19:00,1,0,unscheduled,2026-02-03,False
2026-02-04 00:02:30,2026-02-04 00:03:30,65,4,2.150,2.060,0.670,4.245,19:02,1,0,unscheduled,2026-02-03,False
2026-02-04 00:05:15,2026-02-04 00:05:15,5,1,2.020,2.020,0.670,0.170,19:05,1,0,unscheduled,2026-02-03,False
2026-02-04 00:09:55,2026-02-04 00:09:55,5,1,2.080,2.080,0.670,2.775,19:09,1,0,unscheduled,2026-02-03,False
2026-02-04 00:16:50,2026-02-04 00:16:50,5,1,2.210,2.210,0.670,1.425,19:16,1,0,unscheduled,2026-02-03,False
2026-02-04 01:10:40,2026-02-04 01:10:40,5,1,2.010,2.010,0.660,0.190,20:10,1,1,unscheduled,2026-02-03,False
2026-02-04 01:13:55,2026-02-04 01:15:00,70,3,2.110,2.040,0.660,8.340,20:13,1,1,unscheduled,2026-02-03,False
2026-02-04 01:26:25,2026-02-04 01:26:25,5,1,2.080,2.080,0.660,0.625,20:26,1,1,unscheduled,2026-02-03,False
2026-02-04 01:33:50,2026-02-04 01:33:50,5,1,2.000,2.000,0.660,3.285,20:33,1,1,unscheduled,2026-02-03,False
2026-02-04 01:35:25,2026-02-04 01:35:25,5,1,2.010,2.010,0.660,2.840,20:35,1,1,unscheduled,2026-02-03,False
2026-02-04 01:37:50,2026-02-04 01:39:05,80,12,2.460,2.170,0.660,7.995,20:37,1,1,unscheduled,2026-02-03,False
2026-02-04 01:59:00,2026-02-04 01:59:00,5,1,2.100,2.100,0.660,2.880,20:59,1,1,unscheduled,2026-02-03,False
2026-02-04 02:00:30,2026-02-04 02:00:40,15,3,2.420,2.140,0.650,0.400,21:00,1,2,unscheduled,2026-02-03,False
2026-02-04 02:02:00,2026-02-04 02:03:00,65,6,2.880,2.177,0.650,11.700,21:02,1,2,unscheduled,2026-02-03,False
2026-02-04 02:49:50,2026-02-04 02:50:15,30,4,2.390,2.172,0.650,3.310,21:49,1,2,unscheduled,2026-02-03,False
2026-02-04 02:52:20,2026-02-04 02:54:30,135,13,2.550,2.154,0.650,2.680,21:52,1,2,unscheduled,2026-02-03,False
2026-02-04 03:08:35,2026-02-04 03:08:35,5,1,2.000,2.000,0.640,2.495,22:08,1,3,unscheduled,2026-02-03,False
2026-02-04 03:10:50,2026-02-04 03:10:50,5,1,1.980,1.980,0.640,0.160,22:10,1,3,unscheduled,2026-02-03,False
2026-02-04 03:18:25,2026-02-04 03:22:35,255,17,2.140,2.008,0.640,3.415,22:18,1,3,unscheduled,2026-02-03,False
2026-02-04 03:35:50,2026-02-04 03:35:55,10,2,2.000,1.975,0.640,0.260,22:35,1,3,unscheduled,2026-02-03,False
2026-02-04 03:37:15,2026-02-04 03:37:15,5,1,1.970,1.970,0.640,0.240,22:37,1,3,unscheduled,2026-02-03,False
2026-02-04 06:33:55,2026-02-04 06:33:55,5,1,1.850,1.850,0.610,3.190,01:33,2,6,unscheduled,2026-02-04,False
2026-02-04 13:14:50,2026-02-04 13:16:10,85,7,5.140,2.480,0.610,6.910,08:14,2,13,unscheduled,2026-02-04,False
2026-02-04 13:30:15,2026-02-04 13:30:15,5,1,1.950,1.950,0.610,3.035,08:30,2,13,scheduled,2026-02-04,False
2026-02-04 14:19:25,2026-02-04 14:19:25,5,1,2.290,2.290,0.600,2.335,09:19,2,14,unscheduled,2026-02-04,False
2026-02-04 14:38:30,2026-02-04 14:40:25,120,7,2.720,2.287,0.600,5.375,09:38,2,14,unscheduled,2026-02-04,False
2026-02-04 14:43:15,2026-02-04 14:45:55,165,13,3.790,2.084,0.600,17.725,09:43,2,14,unscheduled,2026-02-04,False
2026-02-04 14:48:35,2026-02-04 14:48:35,5,1,1.840,1.840,0.600,2.790,09:48,2,14,unscheduled,2026-02-04,False
2026-02-04 14:59:20,2026-02-04 15:01:35,140,20,4.510,2.240,0.600,1.835,09:59,2,14,scheduled,2026-02-04,False
2026-02-04 15:03:35,2026-02-04 15:04:00,30,2,1.910,1.885,0.590,5.810,10:03,2,15,scheduled,2026-02-04,False
2026-02-04 15:05:30,2026-02-04 15:05:30,5,1,1.790,1.790,0.590,0.075,10:05,2,15,unscheduled,2026-02-04,False
2026-02-04 15:32:10,2026-02-04 15:32:50,45,6,2.270,2.012,0.590,1.020,10:32,2,15,unscheduled,2026-02-04,False
2026-02-04 15:34:05,2026-02-04 15:36:45,165,14,2.430,2.064,0.590,17.100,10:34,2,15,unscheduled,2026-02-04,False
2026-02-04 15:37:50,2026-02-04 15:41:20,215,16,2.960,2.066,0.590,13.525,10:37,2,15,unscheduled,2026-02-04,False
2026-02-04 15:42:35,2026-02-04 15:44:00,90,3,1.970,1.863,0.590,10.740,10:42,2,15,unscheduled,2026-02-04,False
2026-02-04 15:45:50,2026-02-04 15:45:55,10,2,1.810,1.795,0.590,2.255,10:45,2,15,unscheduled,2026-02-04,False
2026-02-04 15:51:15,2026-02-04 15:51:20,10,2,1.870,1.840,0.590,3.740,10:51,2,15,unscheduled,2026-02-04,False
2026-02-04 15:54:45,2026-02-04 15:54:45,5,1,1.770,1.770,0.590,0.915,10:54,2,15,unscheduled,2026-02-04,False
2026-02-04 15:57:25,2026-02-04 15:57:35,15,2,1.870,1.825,0.590,4.510,10:57,2,15,unscheduled,2026-02-04,False
2026-02-04 15:59:50,2026-02-04 15:59:50,5,1,1.770,1.770,0.590,2.030,10:59,2,15,unscheduled,2026-02-04,False
2026-02-04 16:02:00,2026-02-04 16:05:15,200,12,2.130,1.868,0.580,4.660,11:02,2,16,unscheduled,2026-02-04,False
2026-02-04 16:09:35,2026-02-04 16:10:00,30,3,1.900,1.840,0.580,3.140,11:09,2,16,unscheduled,2026-02-04,False
2026-02-04 16:14:05,2026-02-04 16:15:40,100,7,1.880,1.820,0.580,1.460,11:14,2,16,unscheduled,2026-02-04,False
2026-02-04 16:17:40,2026-02-04 16:18:05,30,4,2.140,1.925,0.580,1.195,11:17,2,16,unscheduled,2026-02-04,False
2026-02-04 16:19:40,2026-02-04 16:21:00,85,6,1.820,1.787,0.580,3.835,11:19,2,16,unscheduled,2026-02-04,False
2026-02-04 16:28:55,2026-02-04 16:28:55,5,1,1.930,1.930,0.580,0.450,11:28,2,16,unscheduled,2026-02-04,False
2026-02-04 16:38:20,2026-02-04 16:38:20,5,1,1.970,1.970,0.580,6.995,11:38,2,16,unscheduled,2026-02-04,False
2026-02-04 16:46:20,2026-02-04 16:47:15,60,5,2.480,2.002,0.580,11.955,11:46,2,16,unscheduled,2026-02-04,False
2026-02-04 16:48:35,2026-02-04 16:50:45,135,12,3.910,2.295,0.580,11.775,11:48,2,16,unscheduled,2026-02-04,False
2026-02-04 16:57:35,2026-02-04 16:57:35,5,1,1.740,1.740,0.580,1.280,11:57,2,16,unscheduled,2026-02-04,False
2026-02-04 16:58:40,2026-02-04 16:58:40,5,1,1.930,1.930,0.580,0.140,11:58,2,16,unscheduled,2026-02-04,False
2026-02-04 17:05:45,2026-02-04 17:05:45,5,1,1.900,1.900,0.590,0.995,12:05,2,17,unscheduled,2026-02-04,False
2026-02-04 17:30:25,2026-02-04 17:35:40,320,22,2.190,1.880,0.590,6.910,12:30,2,17,unscheduled,2026-02-04,False
2026-02-04 17:38:10,2026-02-04 17:39:40,95,7,2.080,1.897,0.590,2.940,12:38,2,17,unscheduled,2026-02-04,False
2026-02-04 18:01:35,2026-02-04 18:01:35,5,1,1.950,1.950,0.590,2.550,13:01,2,18,unscheduled,2026-02-04,False
2026-02-04 19:48:10,2026-02-04 19:48:10,5,1,2.170,2.170,0.580,13.495,14:48,2,19,unscheduled,2026-02-04,False
2026-02-04 21:37:50,2026-02-04 21:37:50,5,1,2.230,2.230,0.730,1.285,16:37,2,21,break,2026-02-04,False
2026-02-04 21:44:20,2026-02-04 21:45:20,65,3,2.440,2.303,0.730,0.405,16:44,2,21,break,2026-02-04,False
2026-02-04 23:05:00,2026-02-04 23:11:00,365,34,3.450,2.473,0.730,1.505,18:05,2,23,unscheduled,2026-02-04,False
2026-02-04 23:12:05,2026-02-04 23:12:05,5,1,2.240,2.240,0.730,0.410,18:12,2,23,unscheduled,2026-02-04,False
2026-02-04 23:31:40,2026-02-04 23:31:40,5,1,2.280,2.280,0.730,1.940,18:31,2,23,unscheduled,2026-02-04,False
2026-02-05 00:08:05,2026-02-05 00:08:05,5,1,2.010,2.010,0.670,2.115,19:08,2,0,unscheduled,2026-02-04,False
2026-02-05 00:09:15,2026-02-05 00:09:15,5,1,2.040,2.040,0.670,0.315,19:09,2,0,unscheduled,2026-02-04,False
2026-02-05 00:16:40,2026-02-05 00:16:40,5,1,2.010,2.010,0.670,1.215,19:16,2,0,unscheduled,2026-02-04,False
2026-02-05 01:12:30,2026-02-05 01:12:30,5,1,2.020,2.020,0.660,2.915,20:12,2,1,unscheduled,2026-02-04,False
2026-02-05 01:16:10,2026-02-05 01:16:10,5,1,2.050,2.050,0.660,2.460,20:16,2,1,unscheduled,2026-02-04,False
2026-02-05 01:20:20,2026-02-05 01:20:20,5,1,2.070,2.070,0.660,1.850,20:20,2,1,unscheduled,2026-02-04,False
2026-02-05 01:21:55,2026-02-05 01:25:40,230,14,2.270,2.062,0.660,6.710,20:21,2,1,unscheduled,2026-02-04,False
2026-02-05 01:26:55,2026-02-05 01:29:45,175,12,2.300,2.088,0.660,0.575,20:26,2,1,unscheduled,2026-02-04,False
2026-02-05 01:31:00,2026-02-05 01:31:00,5,1,2.050,2.050,0.660,1.060,20:31,2,1,unscheduled,2026-02-04,False
2026-02-05 01:32:30,2026-02-05 01:33:40,75,5,2.060,2.020,0.660,2.905,20:32,2,1,unscheduled,2026-02-04,False
2026-02-05 01:49:50,2026-02-05 01:49:50,5,1,1.980,1.980,0.660,0.405,20:49,2,1,unscheduled,2026-02-04,False
2026-02-05 02:01:45,2026-02-05 02:01:45,5,1,2.010,2.010,0.650,1.375,21:01,2,2,unscheduled,2026-02-04,False
2026-02-05 02:06:15,2026-02-05 02:06:15,5,1,2.020,2.020,0.650,4.175,21:06,2,2,unscheduled,2026-02-04,False
2026-02-05 02:08:10,2026-02-05 02:12:30,265,21,2.750,2.097,0.650,10.720,21:08,2,2,unscheduled,2026-02-04,False
2026-02-05 02:14:35,2026-02-05 02:24:40,610,80,3.630,2.260,0.650,8.855,21:14,2,2,unscheduled,2026-02-04,False
2026-02-05 02:25:50,2026-02-05 02:25:50,5,1,1.990,1.990,0.650,0.295,21:25,2,2,unscheduled,2026-02-04,False
2026-02-05 02:27:15,2026-02-05 02:30:50,220,33,2.660,2.301,0.650,5.910,21:27,2,2,unscheduled,2026-02-04,False
2026-02-05 02:32:00,2026-02-05 02:32:35,40,6,2.260,2.130,0.650,11.260,21:32,2,2,unscheduled,2026-02-04,False
2026-02-05 02:34:25,2026-02-05 02:37:20,180,23,2.890,2.157,0.650,6.400,21:34,2,2,unscheduled,2026-02-04,False
2026-02-05 02:39:10,2026-02-05 02:39:25,20,2,2.160,2.100,0.650,4.395,21:39,2,2,unscheduled,2026-02-04,False
2026-02-05 02:40:30,2026-02-05 02:43:00,155,18,2.680,2.164,0.650,5.745,21:40,2,2,unscheduled,2026-02-04,False
2026-02-05 02:44:15,2026-02-05 03:18:45,2075,359,7.590,2.632,0.650,43.130,21:44,2,2,unscheduled,2026-02-04,False
2026-02-05 03:20:00,2026-02-05 04:07:20,2845,401,4.520,2.231,0.640,13.760,22:20,2,3,unscheduled,2026-02-04,False
2026-02-05 04:11:40,2026-02-05 04:20:20,525,60,2.540,2.084,0.640,15.120,23:11,2,4,unscheduled,2026-02-04,False
2026-02-05 04:24:30,2026-02-05 04:25:15,50,5,2.110,2.036,0.640,0.500,23:24,2,4,unscheduled,2026-02-04,False
2026-02-05 05:22:05,2026-02-05 05:22:15,15,3,2.110,2.053,0.640,5.005,00:22,3,5,unscheduled,2026-02-05,False
2026-02-05 05:23:25,2026-02-05 05:23:25,5,1,2.040,2.040,0.640,0.140,00:23,3,5,unscheduled,2026-02-05,False
2026-02-05 05:25:30,2026-02-05 05:56:35,1870,258,10.000,2.333,0.640,37.520,00:25,3,5,unscheduled,2026-02-05,False
2026-02-05 05:58:45,2026-02-05 06:11:25,765,88,2.760,2.142,0.640,20.645,00:58,3,5,unscheduled,2026-02-05,False
2026-02-05 06:12:30,2026-02-05 06:21:30,545,80,2.860,2.284,0.610,2.495,01:12,3,6,unscheduled,2026-02-05,False
2026-02-05 06:22:50,2026-02-05 06:42:05,1160,150,2.660,2.131,0.610,7.810,01:22,3,6,unscheduled,2026-02-05,False
2026-02-05 06:47:00,2026-02-05 07:01:05,850,84,2.400,2.028,0.610,5.120,01:47,3,6,unscheduled,2026-02-05,False
2026-02-05 07:02:15,2026-02-05 07:02:20,10,2,1.890,1.880,0.590,0.870,02:02,3,7,unscheduled,2026-02-05,False
2026-02-05 07:04:55,2026-02-05 07:05:55,65,6,1.930,1.873,0.590,0.505,02:04,3,7,unscheduled,2026-02-05,False
2026-02-05 07:07:50,2026-02-05 07:07:50,5,1,1.800,1.800,0.590,0.235,02:07,3,7,unscheduled,2026-02-05,False
2026-02-05 07:21:10,2026-02-05 07:22:55,110,6,2.090,1.905,0.590,7.765,02:21,3,7,unscheduled,2026-02-05,False
2026-02-05 07:24:15,2026-02-05 07:25:15,65,4,1.980,1.867,0.590,7.340,02:24,3,7,unscheduled,2026-02-05,False
2026-02-05 07:29:20,2026-02-05 07:29:35,20,2,1.820,1.810,0.590,1.515,02:29,3,7,unscheduled,2026-02-05,False
2026-02-05 07:31:05,2026-02-05 07:31:05,5,1,1.880,1.880,0.590,3.755,02:31,3,7,unscheduled,2026-02-05,False
2026-02-05 07:39:40,2026-02-05 07:40:25,50,5,2.110,1.946,0.590,1.410,02:39,3,7,unscheduled,2026-02-05,False
2026-02-05 07:43:15,2026-02-05 07:43:15,5,1,1.820,1.820,0.590,1.035,02:43,3,7,unscheduled,2026-02-05,False
2026-02-05 07:47:40,2026-02-05 07:47:55,20,2,1.820,1.800,0.590,1.320,02:47,3,7,unscheduled,2026-02-05,False
2026-02-05 08:24:30,2026-02-05 08:24:30,5,1,1.830,1.830,0.590,2.740,03:24,3,8,unscheduled,2026-02-05,False
2026-02-05 08:30:50,2026-02-05 08:30:50,5,1,1.820,1.820,0.590,0.645,03:30,3,8,unscheduled,2026-02-05,False
2026-02-05 08:40:05,2026-02-05 08:40:05,5,1,1.990,1.990,0.590,0.515,03:40,3,8,unscheduled,2026-02-05,False
2026-02-05 08:52:50,2026-02-05 08:53:35,50,4,1.930,1.903,0.590,2.590,03:52,3,8,unscheduled,2026-02-05,False
2026-02-05 08:55:00,2026-02-05 08:55:45,50,2,2.170,2.075,0.590,6.315,03:55,3,8,unscheduled,2026-02-05,False
2026-02-05 08:59:00,2026-02-05 09:00:15,80,7,2.220,1.990,0.590,6.480,03:59,3,8,unscheduled,2026-02-05,False
2026-02-05 09:01:30,2026-02-05 09:08:50,445,39,2.560,2.066,0.580,22.665,04:01,3,9,unscheduled,2026-02-05,False
2026-02-05 09:10:15,2026-02-05 09:12:30,140,17,2.440,2.028,0.580,7.510,04:10,3,9,unscheduled,2026-02-05,False
2026-02-05 09:13:35,2026-02-05 09:14:20,50,3,2.570,2.133,0.580,8.600,04:13,3,9,unscheduled,2026-02-05,False
2026-02-05 09:16:00,2026-02-05 09:21:35,340,14,2.560,2.012,0.580,11.725,04:16,3,9,unscheduled,2026-02-05,False
2026-02-05 09:23:40,2026-02-05 09:31:35,480,35,2.350,1.929,0.580,4.740,04:23,3,9,unscheduled,2026-02-05,False
2026-02-05 09:33:35,2026-02-05 09:33:35,5,1,1.800,1.800,0.580,0.205,04:33,3,9,unscheduled,2026-02-05,False
2026-02-05 09:37:05,2026-02-05 09:37:05,5,1,1.740,1.740,0.580,1.560,04:37,3,9,unscheduled,2026-02-05,False
2026-02-05 09:41:15,2026-02-05 09:41:15,5,1,1.860,1.860,0.580,2.060,04:41,3,9,unscheduled,2026-02-05,False
2026-02-05 09:47:10,2026-02-05 09:47:10,5,1,1.780,1.780,0.580,0.230,04:47,3,9,unscheduled,2026-02-05,False
2026-02-05 09:48:15,2026-02-05 09:50:40,150,19,2.300,1.919,0.580,6.205,04:48,3,9,unscheduled,2026-02-05,False
2026-02-05 09:51:45,2026-02-05 09:52:55,75,5,2.040,1.850,0.580,3.315,04:51,3,9,unscheduled,2026-02-05,False
2026-02-05 09:54:05,2026-02-05 09:57:15,195,10,1.900,1.820,0.580,11.145,04:54,3,9,unscheduled,2026-02-05,False
2026-02-05 09:59:15,2026-02-05 10:08:05,535,60,2.440,1.999,0.580,1.925,04:59,3,9,unscheduled,2026-02-05,False
2026-02-05 10:10:55,2026-02-05 10:14:05,195,13,2.110,1.912,0.580,1.270,05:10,3,10,unscheduled,2026-02-05,False
2026-02-05 10:15:15,2026-02-05 10:17:05,115,6,2.050,1.905,0.580,6.600,05:15,3,10,unscheduled,2026-02-05,False
2026-02-05 10:22:45,2026-02-05 10:22:45,5,1,2.050,2.050,0.580,1.170,05:22,3,10,unscheduled,2026-02-05,False
2026-02-05 10:24:10,2026-02-05 10:24:40,35,3,1.950,1.857,0.580,2.595,05:24,3,10,unscheduled,2026-02-05,False
2026-02-05 10:26:00,2026-02-05 10:33:50,475,37,2.160,1.875,0.580,2.380,05:26,3,10,unscheduled,2026-02-05,False
2026-02-05 10:35:20,2026-02-05 10:38:20,185,17,2.100,1.899,0.580,7.090,05:35,3,10,unscheduled,2026-02-05,False
2026-02-05 10:39:45,2026-02-05 10:43:20,220,17,2.030,1.848,0.580,12.020,05:39,3,10,unscheduled,2026-02-05,False
2026-02-05 11:45:10,2026-02-05 11:45:10,5,1,1.960,1.960,0.580,3.010,06:45,3,11,unscheduled,2026-02-05,False
2026-02-05 11:46:40,2026-02-05 11:46:40,5,1,1.770,1.770,0.580,2.125,06:46,3,11,unscheduled,2026-02-05,False
2026-02-05 12:03:55,2026-02-05 12:04:30,40,2,1.990,1.920,0.600,8.000,07:03,3,12,unscheduled,2026-02-05,False
2026-02-05 12:06:10,2026-02-05 12:08:30,145,15,2.120,1.924,0.600,6.240,07:06,3,12,unscheduled,2026-02-05,False
2026-02-05 12:17:55,2026-02-05 12:21:00,190,15,2.110,1.927,0.600,8.530,07:17,3,12,unscheduled,2026-02-05,False
2026-02-05 12:22:25,2026-02-05 12:22:45,25,2,1.830,1.815,0.600,1.315,07:22,3,12,unscheduled,2026-02-05,False
2026-02-05 12:24:25,2026-02-05 12:24:25,5,1,1.820,1.820,0.600,2.170,07:24,3,12,unscheduled,2026-02-05,False
2026-02-05 12:25:50,2026-02-05 12:25:50,5,1,1.820,1.820,0.600,0.455,07:25,3,12,unscheduled,2026-02-05,False
2026-02-05 12:28:25,2026-02-05 12:28:25,5,1,1.850,1.850,0.600,1.285,07:28,3,12,unscheduled,2026-02-05,False
2026-02-05 12:31:10,2026-02-05 12:31:50,45,4,1.910,1.870,0.600,2.970,07:31,3,12,unscheduled,2026-02-05,False
2026-02-05 12:34:45,2026-02-05 12:35:25,45,3,1.890,1.840,0.600,10.755,07:34,3,12,unscheduled,2026-02-05,False
2026-02-05 12:36:30,2026-02-05 12:37:40,75,4,2.170,1.985,0.600,13.345,07:36,3,12,unscheduled,2026-02-05,False
2026-02-05 12:43:55,2026-02-05 12:46:15,145,10,2.090,1.962,0.600,9.675,07:43,3,12,unscheduled,2026-02-05,False
2026-02-05 12:53:00,2026-02-05 12:53:30,35,2,1.860,1.835,0.600,5.995,07:53,3,12,unscheduled,2026-02-05,False
2026-02-05 12:55:40,2026-02-05 12:55:40,5,1,1.800,1.800,0.600,0.525,07:55,3,12,unscheduled,2026-02-05,False
2026-02-05 12:56:50,2026-02-05 13:25:50,1745,224,2.880,2.171,0.600,2.710,07:56,3,12,unscheduled,2026-02-05,False
2026-02-05 13:27:55,2026-02-05 13:34:35,405,39,5.820,2.306,0.610,4.825,08:27,3,13,unscheduled,2026-02-05,False
2026-02-05 13:35:40,2026-02-05 13:41:45,370,34,2.280,1.959,0.610,19.355,08:35,3,13,unscheduled,2026-02-05,False
2026-02-05 13:45:30,2026-02-05 13:46:00,35,4,1.890,1.877,0.610,3.485,08:45,3,13,unscheduled,2026-02-05,False
2026-02-05 14:02:35,2026-02-05 14:03:05,35,2,1.920,1.870,0.600,8.570,09:02,3,14,unscheduled,2026-02-05,False
2026-02-05 14:59:55,2026-02-05 15:01:15,85,8,2.840,2.067,0.600,2.225,09:59,3,14,scheduled,2026-02-05,False
2026-02-05 15:02:30,2026-02-05 15:04:00,95,6,2.010,1.858,0.590,0.590,10:02,3,15,scheduled,2026-02-05,False
2026-02-05 15:06:50,2026-02-05 15:06:50,5,1,1.930,1.930,0.590,2.800,10:06,3,15,unscheduled,2026-02-05,False
2026-02-05 15:08:25,2026-02-05 15:08:30,10,2,1.810,1.795,0.590,5.205,10:08,3,15,unscheduled,2026-02-05,False
2026-02-05 15:10:05,2026-02-05 15:10:05,5,1,1.940,1.940,0.590,3.540,10:10,3,15,unscheduled,2026-02-05,False
2026-02-05 15:13:30,2026-02-05 15:13:30,5,1,1.790,1.790,0.590,0.695,10:13,3,15,unscheduled,2026-02-05,False
2026-02-05 15:30:35,2026-02-05 15:30:35,5,1,1.830,1.830,0.590,0.200,10:30,3,15,unscheduled,2026-02-05,False
2026-02-05 15:34:00,2026-02-05 15:34:00,5,1,1.920,1.920,0.590,1.470,10:34,3,15,unscheduled,2026-02-05,False
2026-02-05 16:33:45,2026-02-05 16:34:45,65,4,1.980,1.915,0.580,1.250,11:33,3,16,unscheduled,2026-02-05,False
2026-02-05 16:52:55,2026-02-05 16:53:05,15,2,1.870,1.810,0.580,4.265,11:52,3,16,unscheduled,2026-02-05,False
2026-02-05 21:34:20,2026-02-05 21:34:20,5,1,8.020,8.020,0.730,2.235,16:34,3,21,break,2026-02-05,False
2026-02-05 21:54:40,2026-02-05 21:59:00,265,37,3.430,2.575,0.730,2.500,16:54,3,21,break,2026-02-05,False
2026-02-05 23:04:55,2026-02-05 23:10:55,365,38,2.880,2.431,0.730,2.105,18:04,3,23,unscheduled,2026-02-05,False
2026-02-05 23:18:40,2026-02-05 23:21:00,145,20,2.640,2.386,0.730,2.050,18:18,3,23,unscheduled,2026-02-05,False
2026-02-06 00:09:50,2026-02-06 00:09:50,5,1,2.010,2.010,0.670,0.270,19:09,3,0,unscheduled,2026-02-05,False
2026-02-06 00:13:10,2026-02-06 00:14:00,55,2,2.140,2.090,0.670,4.055,19:13,3,0,unscheduled,2026-02-05,False
2026-02-06 00:16:05,2026-02-06 00:16:05,5,1,2.180,2.180,0.670,2.440,19:16,3,0,unscheduled,2026-02-05,False
2026-02-06 00:17:40,2026-02-06 00:17:40,5,1,2.390,2.390,0.670,1.510,19:17,3,0,unscheduled,2026-02-05,False
2026-02-06 00:18:50,2026-02-06 00:19:50,65,2,2.100,2.065,0.670,7.060,19:18,3,0,unscheduled,2026-02-05,False
2026-02-06 00:21:05,2026-02-06 00:21:05,5,1,2.150,2.150,0.670,1.930,19:21,3,0,unscheduled,2026-02-05,False
2026-02-06 00:22:40,2026-02-06 00:26:15,220,18,10.000,3.096,0.670,32.500,19:22,3,0,unscheduled,2026-02-05,False
2026-02-06 00:28:10,2026-02-06 00:29:30,85,8,2.300,2.170,0.670,4.035,19:28,3,0,unscheduled,2026-02-05,False
2026-02-06 00:31:40,2026-02-06 00:32:40,65,4,2.160,2.120,0.670,7.980,19:31,3,0,unscheduled,2026-02-05,False
2026-02-06 00:34:15,2026-02-06 00:34:15,5,1,2.130,2.130,0.670,1.505,19:34,3,0,unscheduled,2026-02-05,False
2026-02-06 00:35:45,2026-02-06 00:35:45,5,1,2.070,2.070,0.670,1.640,19:35,3,0,unscheduled,2026-02-05,False
2026-02-06 00:38:45,2026-02-06 00:50:15,695,81,2.880,2.219,0.670,22.495,19:38,3,0,unscheduled,2026-02-05,False
2026-02-06 00:54:15,2026-02-06 00:58:20,250,13,2.210,2.122,0.670,16.935,19:54,3,0,unscheduled,2026-02-05,False
2026-02-06 00:59:55,2026-02-06 01:44:30,2680,406,3.270,2.428,0.670,21.740,19:59,3,0,unscheduled,2026-02-05,False
2026-02-06 01:45:50,2026-02-06 01:45:50,5,1,2.260,2.260,0.660,3.775,20:45,3,1,unscheduled,2026-02-05,False
2026-02-06 01:47:50,2026-02-06 01:51:00,195,15,2.790,2.210,0.660,4.090,20:47,3,1,unscheduled,2026-02-05,False
2026-02-06 01:53:25,2026-02-06 01:54:40,80,11,2.630,2.132,0.660,11.300,20:53,3,1,unscheduled,2026-02-05,False
2026-02-06 01:55:55,2026-02-06 01:55:55,5,1,2.050,2.050,0.660,4.405,20:55,3,1,unscheduled,2026-02-05,False
2026-02-06 01:58:05,2026-02-06 02:07:00,540,68,2.690,2.205,0.660,8.285,20:58,3,1,unscheduled,2026-02-05,False
2026-02-06 02:08:50,2026-02-06 02:08:50,5,1,1.950,1.950,0.650,1.895,21:08,3,2,unscheduled,2026-02-05,False
2026-02-06 02:10:25,2026-02-06 02:10:25,5,1,2.050,2.050,0.650,0.050,21:10,3,2,unscheduled,2026-02-05,False
2026-02-06 02:19:25,2026-02-06 02:19:30,10,2,2.060,2.050,0.650,2.445,21:19,3,2,unscheduled,2026-02-05,False
2026-02-06 02:30:05,2026-02-06 02:31:40,100,10,2.260,2.089,0.650,8.640,21:30,3,2,unscheduled,2026-02-05,False
2026-02-06 02:33:00,2026-02-06 02:35:15,140,8,2.350,2.112,0.650,11.385,21:33,3,2,unscheduled,2026-02-05,False
2026-02-06 02:36:20,2026-02-06 02:36:30,15,3,2.260,2.173,0.650,0.830,21:36,3,2,unscheduled,2026-02-05,False
2026-02-06 02:38:05,2026-02-06 02:38:40,40,5,2.280,2.158,0.650,11.000,21:38,3,2,unscheduled,2026-02-05,False
2026-02-06 02:40:25,2026-02-06 02:44:05,225,15,2.260,2.054,0.650,1.595,21:40,3,2,unscheduled,2026-02-05,False
2026-02-06 02:48:15,2026-02-06 02:48:50,40,5,2.170,2.052,0.650,1.190,21:48,3,2,unscheduled,2026-02-05,False
2026-02-06 02:50:10,2026-02-06 02:52:00,115,16,2.470,2.167,0.650,4.520,21:50,3,2,unscheduled,2026-02-05,False
2026-02-06 02:53:25,2026-02-06 02:53:25,5,1,2.000,2.000,0.650,2.565,21:53,3,2,unscheduled,2026-02-05,False
2026-02-06 02:55:20,2026-02-06 02:56:15,60,10,2.380,2.100,0.650,0.245,21:55,3,2,unscheduled,2026-02-05,False
2026-02-06 02:58:00,2026-02-06 02:59:25,90,12,2.190,2.064,0.650,11.040,21:58,3,2,unscheduled,2026-02-05,False
2026-02-06 03:01:35,2026-02-06 03:01:35,5,1,1.960,1.960,0.640,3.395,22:01,3,3,unscheduled,2026-02-05,False
2026-02-06 03:03:00,2026-02-06 03:06:45,230,22,2.290,2.047,0.640,17.085,22:03,3,3,unscheduled,2026-02-05,False
2026-02-06 03:07:55,2026-02-06 03:09:45,115,6,2.300,2.132,0.640,4.880,22:07,3,3,unscheduled,2026-02-05,False
2026-02-06 03:24:00,2026-02-06 03:24:25,30,3,2.080,2.020,0.640,3.765,22:24,3,3,unscheduled,2026-02-05,False
2026-02-06 03:26:20,2026-02-06 03:26:20,5,1,2.110,2.110,0.640,0.545,22:26,3,3,unscheduled,2026-02-05,False
2026-02-06 03:29:05,2026-02-06 03:29:05,5,1,1.930,1.930,0.640,0.450,22:29,3,3,unscheduled,2026-02-05,False
2026-02-06 03:30:25,2026-02-06 03:30:50,30,3,1.990,1.967,0.640,2.845,22:30,3,3,unscheduled,2026-02-05,False
2026-02-06 03:32:55,2026-02-06 03:32:55,5,1,2.040,2.040,0.640,2.995,22:32,3,3,unscheduled,2026-02-05,False
2026-02-06 03:35:20,2026-02-06 03:35:40,25,2,2.200,2.085,0.640,1.410,22:35,3,3,unscheduled,2026-02-05,False
2026-02-06 03:36:50,2026-02-06 03:39:25,160,16,2.310,2.079,0.640,5.295,22:36,3,3,unscheduled,2026-02-05,False
2026-02-06 03:46:35,2026-02-06 03:46:35,5,1,1.990,1.990,0.640,1.615,22:46,3,3,unscheduled,2026-02-05,False
2026-02-06 03:51:20,2026-02-06 03:51:20,5,1,1.940,1.940,0.640,0.105,22:51,3,3,unscheduled,2026-02-05,False
2026-02-06 04:05:55,2026-02-06 04:06:05,15,2,2.100,2.015,0.640,3.425,23:05,3,4,unscheduled,2026-02-05,False
2026-02-06 04:10:30,2026-02-06 04:11:35,70,7,2.040,1.999,0.640,4.075,23:10,3,4,unscheduled,2026-02-05,False
2026-02-06 04:12:55,2026-02-06 04:13:40,50,5,2.040,1.990,0.640,0.945,23:12,3,4,unscheduled,2026-02-05,False
2026-02-06 04:15:15,2026-02-06 04:15:15,5,1,1.950,1.950,0.640,2.220,23:15,3,4,unscheduled,2026-02-05,False
2026-02-06 04:22:40,2026-02-06 04:22:55,20,3,2.020,1.957,0.640,0.795,23:22,3,4,unscheduled,2026-02-05,False
2026-02-06 04:24:15,2026-02-06 04:24:15,5,1,2.100,2.100,0.640,4.320,23:24,3,4,unscheduled,2026-02-05,False
2026-02-06 04:36:50,2026-02-06 04:36:50,5,1,1.930,1.930,0.640,1.315,23:36,3,4,unscheduled,2026-02-05,False
2026-02-06 04:38:00,2026-02-06 04:38:00,5,1,1.970,1.970,0.640,0.840,23:38,3,4,unscheduled,2026-02-05,False
2026-02-06 04:56:15,2026-02-06 04:57:50,100,8,2.170,2.027,0.640,6.140,23:56,3,4,unscheduled,2026-02-05,False
2026-02-06 05:00:10,2026-02-06 05:08:25,500,28,2.240,1.985,0.640,8.225,00:00,4,5,unscheduled,2026-02-06,False
2026-02-06 05:16:20,2026-02-06 05:16:20,5,1,1.940,1.940,0.640,2.390,00:16,4,5,unscheduled,2026-02-06,False
2026-02-06 05:17:50,2026-02-06 05:19:10,85,9,2.050,1.999,0.640,4.380,00:17,4,5,unscheduled,2026-02-06,False
2026-02-06 05:20:40,2026-02-06 05:21:40,65,5,2.070,1.990,0.640,2.420,00:20,4,5,unscheduled,2026-02-06,False
2026-02-06 05:26:00,2026-02-06 05:26:00,5,1,1.920,1.920,0.640,1.695,00:26,4,5,unscheduled,2026-02-06,False
2026-02-06 05:47:40,2026-02-06 05:47:40,5,1,2.050,2.050,0.640,0.795,00:47,4,5,unscheduled,2026-02-06,False
2026-02-06 05:57:55,2026-02-06 05:57:55,5,1,1.950,1.950,0.640,0.455,00:57,4,5,unscheduled,2026-02-06,False
2026-02-06 06:05:25,2026-02-06 06:05:50,30,2,1.890,1.875,0.610,6.630,01:05,4,6,unscheduled,2026-02-06,False
2026-02-06 06:07:30,2026-02-06 06:07:50,25,4,1.920,1.898,0.610,3.045,01:07,4,6,unscheduled,2026-02-06,False
2026-02-06 06:09:00,2026-02-06 06:09:25,30,3,1.980,1.940,0.610,0.815,01:09,4,6,unscheduled,2026-02-06,False
2026-02-06 06:11:15,2026-02-06 06:11:15,5,1,1.850,1.850,0.610,1.945,01:11,4,6,unscheduled,2026-02-06,False
2026-02-06 06:15:05,2026-02-06 06:15:05,5,1,1.840,1.840,0.610,0.070,01:15,4,6,unscheduled,2026-02-06,False
2026-02-06 06:18:45,2026-02-06 06:18:45,5,1,1.890,1.890,0.610,0.110,01:18,4,6,unscheduled,2026-02-06,False
2026-02-06 06:25:20,2026-02-06 06:26:55,100,6,2.030,1.970,0.610,8.735,01:25,4,6,unscheduled,2026-02-06,False
2026-02-06 06:29:25,2026-02-06 06:29:25,5,1,1.880,1.880,0.610,0.525,01:29,4,6,unscheduled,2026-02-06,False
2026-02-06 06:31:20,2026-02-06 06:33:20,125,11,2.300,1.985,0.610,7.715,01:31,4,6,unscheduled,2026-02-06,False
2026-02-06 06:34:45,2026-02-06 06:41:20,400,46,2.510,2.025,0.610,5.605,01:34,4,6,unscheduled,2026-02-06,False
2026-02-06 06:42:25,2026-02-06 06:42:25,5,1,1.870,1.870,0.610,0.515,01:42,4,6,unscheduled,2026-02-06,False
2026-02-06 06:44:50,2026-02-06 06:47:15,150,11,2.000,1.913,0.610,3.545,01:44,4,6,unscheduled,2026-02-06,False
2026-02-06 06:55:20,2026-02-06 06:58:45,210,11,2.080,1.973,0.610,3.105,01:55,4,6,unscheduled,2026-02-06,False
2026-02-06 06:59:50,2026-02-06 07:01:15,90,9,2.030,1.923,0.610,5.990,01:59,4,6,unscheduled,2026-02-06,False
2026-02-06 07:03:05,2026-02-06 07:06:35,215,15,2.160,1.913,0.590,7.680,02:03,4,7,unscheduled,2026-02-06,False
2026-02-06 07:08:20,2026-02-06 07:08:20,5,1,1.850,1.850,0.590,0.925,02:08,4,7,unscheduled,2026-02-06,False
2026-02-06 07:11:40,2026-02-06 07:11:50,15,2,1.940,1.915,0.590,5.710,02:11,4,7,unscheduled,2026-02-06,False
2026-02-06 07:19:00,2026-02-06 07:19:50,55,3,1.920,1.833,0.590,1.465,02:19,4,7,unscheduled,2026-02-06,False
2026-02-06 07:52:15,2026-02-06 07:52:15,5,1,1.870,1.870,0.590,0.600,02:52,4,7,unscheduled,2026-02-06,False
2026-02-06 07:54:20,2026-02-06 07:54:20,5,1,1.890,1.890,0.590,0.165,02:54,4,7,unscheduled,2026-02-06,False
2026-02-06 07:55:30,2026-02-06 07:55:30,5,1,2.190,2.190,0.590,0.745,02:55,4,7,unscheduled,2026-02-06,False
2026-02-06 07:59:00,2026-02-06 07:59:00,5,1,1.940,1.940,0.590,2.980,02:59,4,7,unscheduled,2026-02-06,False
2026-02-06 08:07:55,2026-02-06 08:08:05,15,3,1.970,1.887,0.590,1.355,03:07,4,8,unscheduled,2026-02-06,False
2026-02-06 08:17:05,2026-02-06 08:17:05,5,1,1.800,1.800,0.590,0.075,03:17,4,8,unscheduled,2026-02-06,False
2026-02-06 08:31:00,2026-02-06 08:31:00,5,1,1.780,1.780,0.590,0.845,03:31,4,8,unscheduled,2026-02-06,False
2026-02-06 08:35:10,2026-02-06 08:35:10,5,1,1.870,1.870,0.590,1.825,03:35,4,8,unscheduled,2026-02-06,False
2026-02-06 08:37:45,2026-02-06 08:37:45,5,1,1.840,1.840,0.590,1.220,03:37,4,8,unscheduled,2026-02-06,False
2026-02-06 08:45:40,2026-02-06 08:45:40,5,1,1.910,1.910,0.590,1.080,03:45,4,8,unscheduled,2026-02-06,False
2026-02-06 08:52:35,2026-02-06 08:52:35,5,1,1.780,1.780,0.590,0.245,03:52,4,8,unscheduled,2026-02-06,False
2026-02-06 08:57:10,2026-02-06 08:57:10,5,1,1.780,1.780,0.590,0.470,03:57,4,8,unscheduled,2026-02-06,False
2026-02-06 09:00:45,2026-02-06 09:01:45,65,4,1.970,1.870,0.580,10.690,04:00,4,9,unscheduled,2026-02-06,False
2026-02-06 09:04:05,2026-02-06 09:04:05,5,1,1.850,1.850,0.580,2.980,04:04,4,9,unscheduled,2026-02-06,False
2026-02-06 09:05:50,2026-02-06 09:05:50,5,1,1.780,1.780,0.580,3.530,04:05,4,9,unscheduled,2026-02-06,False
2026-02-06 09:07:30,2026-02-06 09:08:20,55,9,1.950,1.846,0.580,5.985,04:07,4,9,unscheduled,2026-02-06,False
2026-02-06 09:12:10,2026-02-06 09:14:50,165,11,2.070,1.873,0.580,4.715,04:12,4,9,unscheduled,2026-02-06,False
2026-02-06 09:21:20,2026-02-06 09:22:05,50,4,2.140,1.940,0.580,5.055,04:21,4,9,unscheduled,2026-02-06,False
2026-02-06 09:24:10,2026-02-06 09:24:10,5,1,2.010,2.010,0.580,0.125,04:24,4,9,unscheduled,2026-02-06,False
2026-02-06 09:26:20,2026-02-06 09:26:50,35,2,1.860,1.820,0.580,1.285,04:26,4,9,unscheduled,2026-02-06,False
2026-02-06 09:27:55,2026-02-06 09:28:20,30,3,2.000,1.843,0.580,4.100,04:27,4,9,unscheduled,2026-02-06,False
2026-02-06 09:34:20,2026-02-06 09:35:30,75,5,2.310,2.024,0.580,7.340,04:34,4,9,unscheduled,2026-02-06,False
2026-02-06 09:38:55,2026-02-06 09:38:55,5,1,1.820,1.820,0.580,1.095,04:38,4,9,unscheduled,2026-02-06,False
2026-02-06 10:31:20,2026-02-06 10:31:25,10,2,1.820,1.795,0.580,1.450,05:31,4,10,unscheduled,2026-02-06,False
2026-02-06 10:46:10,2026-02-06 10:46:10,5,1,1.770,1.770,0.580,0.550,05:46,4,10,unscheduled,2026-02-06,False
2026-02-06 11:26:05,2026-02-06 11:26:10,10,2,1.830,1.790,0.580,3.105,06:26,4,11,unscheduled,2026-02-06,False
2026-02-06 15:00:05,2026-02-06 15:00:25,25,5,3.510,2.584,0.590,0.250,10:00,4,15,scheduled,2026-02-06,False
2026-02-06 15:20:25,2026-02-06 15:21:25,65,2,2.080,1.940,0.590,1.245,10:20,4,15,unscheduled,2026-02-06,False
2026-02-06 21:54:15,2026-02-06 21:59:05,295,37,4.580,3.335,0.730,0.525,16:54,4,21,break,2026-02-06,False
2026-02-08 23:04:55,2026-02-08 23:04:55,5,1,2.200,2.200,0.730,23.650,18:04,6,23,unscheduled,2026-02-08,False
2026-02-08 23:08:25,2026-02-08 23:09:15,55,6,2.630,2.480,0.730,7.510,18:08,6,23,unscheduled,2026-02-08,False
2026-02-08 23:12:55,2026-02-08 23:12:55,5,1,2.260,2.260,0.730,1.270,18:12,6,23,unscheduled,2026-02-08,False
2026-02-08 23:26:40,2026-02-08 23:27:30,55,6,4.770,2.747,0.730,1.750,18:26,6,23,unscheduled,2026-02-08,False
2026-02-08 23:33:10,2026-02-08 23:33:10,5,1,2.220,2.220,0.730,4.150,18:33,6,23,unscheduled,2026-02-08,False
2026-02-09 00:00:15,2026-02-09 00:00:30,20,2,2.090,2.085,0.670,3.105,19:00,6,0,unscheduled,2026-02-08,False
2026-02-09 00:02:10,2026-02-09 00:04:05,120,10,2.320,2.139,0.670,1.710,19:02,6,0,unscheduled,2026-02-08,False
2026-02-09 00:05:35,2026-02-09 00:08:25,175,22,2.470,2.217,0.670,17.180,19:05,6,0,unscheduled,2026-02-08,False
2026-02-09 00:09:45,2026-02-09 00:11:55,135,7,2.270,2.146,0.670,8.840,19:09,6,0,unscheduled,2026-02-08,False
2026-02-09 00:18:15,2026-02-09 00:18:15,5,1,2.080,2.080,0.670,1.680,19:18,6,0,unscheduled,2026-02-08,False
2026-02-09 00:19:40,2026-02-09 00:20:35,60,4,2.180,2.095,0.670,0.225,19:19,6,0,unscheduled,2026-02-08,False
2026-02-09 00:43:50,2026-02-09 00:43:50,5,1,2.010,2.010,0.670,0.235,19:43,6,0,unscheduled,2026-02-08,False
2026-02-09 00:59:25,2026-02-09 01:00:00,40,2,2.070,2.050,0.670,0.845,19:59,6,0,unscheduled,2026-02-08,False
2026-02-09 01:01:05,2026-02-09 01:01:05,5,1,2.000,2.000,0.660,2.340,20:01,6,1,unscheduled,2026-02-08,False
2026-02-09 01:03:25,2026-02-09 01:05:20,120,6,2.360,2.083,0.660,14.255,20:03,6,1,unscheduled,2026-02-08,False
2026-02-09 01:06:50,2026-02-09 01:09:15,150,14,2.410,2.132,0.660,0.615,20:06,6,1,unscheduled,2026-02-08,False
2026-02-09 01:10:25,2026-02-09 01:11:20,60,4,2.250,2.098,0.660,2.035,20:10,6,1,unscheduled,2026-02-08,False
2026-02-09 01:12:35,2026-02-09 01:13:00,30,3,2.140,2.047,0.660,1.240,20:12,6,1,unscheduled,2026-02-08,False
2026-02-09 01:17:00,2026-02-09 01:17:10,15,2,2.170,2.130,0.660,5.240,20:17,6,1,unscheduled,2026-02-08,False
2026-02-09 01:19:20,2026-02-09 01:19:55,40,3,2.040,2.017,0.660,1.730,20:19,6,1,unscheduled,2026-02-08,False
2026-02-09 01:22:55,2026-02-09 01:24:00,70,5,2.200,2.140,0.660,2.540,20:22,6,1,unscheduled,2026-02-08,False
2026-02-09 01:25:20,2026-02-09 01:25:30,15,3,2.120,2.080,0.660,0.795,20:25,6,1,unscheduled,2026-02-08,False
2026-02-09 01:26:40,2026-02-09 01:30:00,205,13,2.260,2.099,0.660,1.680,20:26,6,1,unscheduled,2026-02-08,False
2026-02-09 01:33:10,2026-02-09 01:33:10,5,1,2.010,2.010,0.660,1.365,20:33,6,1,unscheduled,2026-02-08,False
2026-02-09 01:40:45,2026-02-09 01:41:30,50,3,2.140,2.033,0.660,5.830,20:40,6,1,unscheduled,2026-02-08,False
2026-02-09 01:43:10,2026-02-09 01:43:10,5,1,1.990,1.990,0.660,0.015,20:43,6,1,unscheduled,2026-02-08,False
2026-02-09 01:55:35,2026-02-09 01:55:35,5,1,2.060,2.060,0.660,0.390,20:55,6,1,unscheduled,2026-02-08,False
2026-02-09 01:59:20,2026-02-09 01:59:20,5,1,2.000,2.000,0.660,1.530,20:59,6,1,unscheduled,2026-02-08,False
2026-02-09 02:00:50,2026-02-09 02:04:50,245,16,2.180,2.060,0.650,3.530,21:00,6,2,unscheduled,2026-02-08,False
2026-02-09 02:07:50,2026-02-09 02:07:50,5,1,1.950,1.950,0.650,1.410,21:07,6,2,unscheduled,2026-02-08,False
2026-02-09 04:14:40,2026-02-09 04:14:40,5,1,2.020,2.020,0.640,0.875,23:14,6,4,unscheduled,2026-02-08,False
2026-02-09 07:22:25,2026-02-09 07:22:30,10,2,5.290,4.335,0.590,0.510,02:22,0,7,unscheduled,2026-02-09,False
2026-02-09 07:28:25,2026-02-09 07:28:25,5,1,2.010,2.010,0.590,2.555,02:28,0,7,unscheduled,2026-02-09,False
2026-02-09 07:30:50,2026-02-09 07:32:20,95,8,2.150,1.906,0.590,1.075,02:30,0,7,unscheduled,2026-02-09,False
2026-02-09 07:33:45,2026-02-09 07:36:35,175,13,2.060,1.895,0.590,1.635,02:33,0,7,unscheduled,2026-02-09,False
2026-02-09 21:59:00,2026-02-09 21:59:00,5,1,2.510,2.510,0.730,0.680,16:59,0,21,break,2026-02-09,False
2026-02-09 23:05:15,2026-02-09 23:06:05,55,8,2.780,2.481,0.730,1.515,18:05,0,23,unscheduled,2026-02-09,False
2026-02-09 23:08:35,2026-02-09 23:17:50,560,68,10.000,3.294,0.730,32.290,18:08,0,23,unscheduled,2026-02-09,False
2026-02-09 23:19:25,2026-02-09 23:23:30,250,14,4.000,2.761,0.730,4.145,18:19,0,23,unscheduled,2026-02-09,False
2026-02-09 23:25:10,2026-02-09 23:31:45,400,53,3.780,2.703,0.730,1.625,18:25,0,23,unscheduled,2026-02-09,False
2026-02-09 23:32:50,2026-02-09 23:36:15,210,10,2.640,2.394,0.730,6.425,18:32,0,23,unscheduled,2026-02-09,False
2026-02-09 23:42:25,2026-02-09 23:42:25,5,1,2.290,2.290,0.730,0.850,18:42,0,23,unscheduled,2026-02-09,False
2026-02-09 23:44:15,2026-02-09 23:45:20,70,6,4.070,2.957,0.730,5.405,18:44,0,23,unscheduled,2026-02-09,False
2026-02-09 23:56:25,2026-02-09 23:56:25,5,1,2.430,2.430,0.730,0.105,18:56,0,23,unscheduled,2026-02-09,False
2026-02-09 23:59:05,2026-02-09 23:59:05,5,1,2.350,2.350,0.730,0.990,18:59,0,23,unscheduled,2026-02-09,False
2026-02-10 00:01:10,2026-02-10 00:01:35,30,3,2.350,2.283,0.670,5.660,19:01,0,0,unscheduled,2026-02-09,False
2026-02-10 00:04:00,2026-02-10 00:05:10,75,7,2.440,2.200,0.670,1.365,19:04,0,0,unscheduled,2026-02-09,False
2026-02-10 00:11:10,2026-02-10 00:11:10,5,1,2.020,2.020,0.670,2.565,19:11,0,0,unscheduled,2026-02-09,False
2026-02-10 00:15:55,2026-02-10 00:15:55,5,1,2.260,2.260,0.670,1.275,19:15,0,0,unscheduled,2026-02-09,False
2026-02-10 00:26:30,2026-02-10 00:27:15,50,3,2.200,2.130,0.670,1.070,19:26,0,0,unscheduled,2026-02-09,False
2026-02-10 00:30:45,2026-02-10 00:30:50,10,2,2.200,2.125,0.670,0.790,19:30,0,0,unscheduled,2026-02-09,False
2026-02-10 00:36:15,2026-02-10 00:37:05,55,2,2.240,2.230,0.670,1.180,19:36,0,0,unscheduled,2026-02-09,False
2026-02-10 00:40:40,2026-02-10 00:40:40,5,1,2.210,2.210,0.670,0.700,19:40,0,0,unscheduled,2026-02-09,False
2026-02-10 01:00:15,2026-02-10 01:00:15,5,1,2.220,2.220,0.660,0.240,20:00,0,1,unscheduled,2026-02-09,False
2026-02-10 01:01:50,2026-02-10 01:01:50,5,1,2.120,2.120,0.660,4.260,20:01,0,1,unscheduled,2026-02-09,False
2026-02-10 01:03:55,2026-02-10 01:03:55,5,1,2.420,2.420,0.660,0.025,20:03,0,1,unscheduled,2026-02-09,False
2026-02-10 01:06:50,2026-02-10 01:06:50,5,1,2.070,2.070,0.660,2.090,20:06,0,1,unscheduled,2026-02-09,False
2026-02-10 01:21:20,2026-02-10 01:21:20,5,1,2.110,2.110,0.660,1.865,20:21,0,1,unscheduled,2026-02-09,False
2026-02-10 01:22:55,2026-02-10 01:22:55,5,1,1.990,1.990,0.660,3.390,20:22,0,1,unscheduled,2026-02-09,False
2026-02-10 01:29:40,2026-02-10 01:29:40,5,1,2.320,2.320,0.660,0.210,20:29,0,1,unscheduled,2026-02-09,False
2026-02-10 01:38:50,2026-02-10 01:38:50,5,1,2.080,2.080,0.660,0.580,20:38,0,1,unscheduled,2026-02-09,False
2026-02-10 07:01:00,2026-02-10 07:01:00,5,1,1.840,1.840,0.590,1.040,02:01,1,7,unscheduled,2026-02-10,False
2026-02-10 13:30:00,2026-02-10 13:30:00,5,1,1.950,1.950,0.610,4.105,08:30,1,13,scheduled,2026-02-10,False
2026-02-10 23:07:25,2026-02-10 23:07:30,10,2,2.310,2.260,0.730,0.135,18:07,1,23,unscheduled,2026-02-10,False
2026-02-11 10:40:50,2026-02-11 10:40:55,10,2,4.390,3.920,0.580,8.805,05:40,2,10,unscheduled,2026-02-11,False
2026-02-11 10:44:05,2026-02-11 10:45:15,75,9,4.100,2.470,0.580,13.340,05:44,2,10,unscheduled,2026-02-11,False
2026-02-11 12:41:05,2026-02-11 12:41:15,15,3,6.180,5.210,0.600,22.275,07:41,2,12,unscheduled,2026-02-11,False
2026-02-11 13:29:40,2026-02-11 13:33:00,205,26,7.400,3.255,0.610,31.405,08:29,2,13,scheduled,2026-02-11,False
2026-02-11 13:34:05,2026-02-11 13:36:30,150,6,2.100,1.908,0.610,4.090,08:34,2,13,scheduled,2026-02-11,False
2026-02-11 13:39:15,2026-02-11 13:40:00,50,3,1.930,1.893,0.610,13.240,08:39,2,13,unscheduled,2026-02-11,False
2026-02-11 13:44:05,2026-02-11 13:44:05,5,1,1.950,1.950,0.610,0.855,08:44,2,13,unscheduled,2026-02-11,False
2026-02-11 13:47:20,2026-02-11 13:47:20,5,1,1.850,1.850,0.610,0.060,08:47,2,13,unscheduled,2026-02-11,False
2026-02-11 23:05:55,2026-02-11 23:07:25,95,4,2.620,2.338,0.730,8.665,18:05,2,23,unscheduled,2026-02-11,False
2026-02-11 23:08:40,2026-02-11 23:08:45,10,2,2.260,2.240,0.730,0.440,18:08,2,23,unscheduled,2026-02-11,False
2026-02-11 23:11:50,2026-02-11 23:12:20,35,3,2.450,2.407,0.730,12.800,18:11,2,23,unscheduled,2026-02-11,False
2026-02-12 01:17:55,2026-02-12 01:18:00,10,2,2.070,2.025,0.660,1.105,20:17,2,1,unscheduled,2026-02-11,False
2026-02-12 13:30:00,2026-02-12 13:30:00,5,1,2.080,2.080,0.610,0.640,08:30,3,13,scheduled,2026-02-12,False
2026-02-12 16:10:50,2026-02-12 16:33:50,1385,117,7.600,2.170,0.580,105.320,11:10,3,16,unscheduled,2026-02-12,False
2026-02-12 16:35:00,2026-02-12 16:36:40,105,4,2.770,2.085,0.580,9.825,11:35,3,16,unscheduled,2026-02-12,False
2026-02-12 16:38:20,2026-02-12 16:38:20,5,1,1.790,1.790,0.580,1.020,11:38,3,16,unscheduled,2026-02-12,False
2026-02-12 16:39:25,2026-02-12 16:39:25,5,1,1.980,1.980,0.580,3.015,11:39,3,16,unscheduled,2026-02-12,False
2026-02-12 16:41:35,2026-02-12 16:41:35,5,1,1.750,1.750,0.580,3.800,11:41,3,16,unscheduled,2026-02-12,False
2026-02-12 16:43:10,2026-02-12 16:43:25,20,2,1.980,1.885,0.580,1.710,11:43,3,16,unscheduled,2026-02-12,False
2026-02-12 16:44:30,2026-02-12 16:45:00,35,4,1.870,1.810,0.580,2.465,11:44,3,16,unscheduled,2026-02-12,False
2026-02-12 16:47:35,2026-02-12 16:56:20,530,59,2.020,1.854,0.580,13.465,11:47,3,16,unscheduled,2026-02-12,False
2026-02-12 23:04:55,2026-02-12 23:14:50,600,88,10.000,4.088,0.730,10.735,18:04,3,23,unscheduled,2026-02-12,False
2026-02-12 23:16:35,2026-02-12 23:16:35,5,1,2.200,2.200,0.730,1.110,18:16,3,23,unscheduled,2026-02-12,False
2026-02-13 00:11:15,2026-02-13 00:11:15,5,1,2.060,2.060,0.670,0.715,19:11,3,0,unscheduled,2026-02-12,False
2026-02-13 00:19:25,2026-02-13 00:19:40,20,4,2.230,2.085,0.670,1.645,19:19,3,0,unscheduled,2026-02-12,False
2026-02-13 00:41:05,2026-02-13 00:41:05,5,1,2.150,2.150,0.670,1.565,19:41,3,0,unscheduled,2026-02-12,False
2026-02-13 13:30:00,2026-02-13 13:31:30,95,12,6.430,2.777,0.610,28.945,08:30,4,13,scheduled,2026-02-13,False
2026-02-13 21:55:45,2026-02-13 21:59:00,200,23,4.030,2.668,0.730,1.250,16:55,4,21,break,2026-02-13,False
2026-02-15 23:04:55,2026-02-15 23:12:40,470,58,10.000,3.710,0.730,23.360,18:04,6,23,unscheduled,2026-02-15,False
2026-02-15 23:18:10,2026-02-15 23:18:30,25,3,2.410,2.333,0.730,3.030,18:18,6,23,unscheduled,2026-02-15,False
2026-02-15 23:30:45,2026-02-15 23:30:55,15,3,2.260,2.220,0.730,0.775,18:30,6,23,unscheduled,2026-02-15,False
2026-02-16 00:03:55,2026-02-16 00:04:45,55,3,2.090,2.047,0.670,2.210,19:03,6,0,unscheduled,2026-02-15,False
2026-02-16 03:49:10,2026-02-16 03:49:15,10,2,5.020,4.210,0.640,8.890,22:49,6,3,unscheduled,2026-02-15,False
2026-02-16 23:04:55,2026-02-16 23:11:00,370,63,2.780,2.439,0.730,3.680,18:04,0,23,unscheduled,2026-02-16,False
2026-02-17 05:31:50,2026-02-17 05:41:25,580,42,5.320,2.189,0.640,7.140,00:31,1,5,unscheduled,2026-02-17,False
2026-02-17 05:45:20,2026-02-17 05:46:05,50,3,2.020,1.967,0.640,0.025,00:45,1,5,unscheduled,2026-02-17,False
2026-02-17 05:47:10,2026-02-17 05:47:10,5,1,1.930,1.930,0.640,0.050,00:47,1,5,unscheduled,2026-02-17,False
2026-02-17 05:48:35,2026-02-17 05:48:35,5,1,2.040,2.040,0.640,0.875,00:48,1,5,unscheduled,2026-02-17,False
2026-02-17 14:01:35,2026-02-17 14:01:35,5,1,6.240,6.240,0.600,8.635,09:01,1,14,unscheduled,2026-02-17,False
2026-02-17 23:04:55,2026-02-17 23:05:35,45,4,2.500,2.443,0.730,8.185,18:04,1,23,unscheduled,2026-02-17,False
2026-02-17 23:07:20,2026-02-17 23:08:40,85,6,2.330,2.253,0.730,1.005,18:07,1,23,unscheduled,2026-02-17,False
2026-02-17 23:10:00,2026-02-17 23:11:55,120,7,2.600,2.319,0.730,2.545,18:10,1,23,unscheduled,2026-02-17,False
2026-02-18 23:04:55,2026-02-18 23:05:50,60,9,3.660,2.831,0.730,6.890,18:04,2,23,unscheduled,2026-02-18,False
2026-02-18 23:06:55,2026-02-18 23:09:05,135,14,2.740,2.484,0.730,1.560,18:06,2,23,unscheduled,2026-02-18,False
2026-02-18 23:10:15,2026-02-18 23:10:40,30,5,2.600,2.458,0.730,1.630,18:10,2,23,unscheduled,2026-02-18,False
2026-02-19 13:29:55,2026-02-19 13:30:00,10,2,2.980,2.500,0.610,3.305,08:29,3,13,scheduled,2026-02-19,False
2026-02-19 23:05:10,2026-02-19 23:05:10,5,1,2.190,2.190,0.730,1.485,18:05,3,23,unscheduled,2026-02-19,False
2026-02-20 13:30:00,2026-02-20 13:30:00,5,1,2.180,2.180,0.610,2.875,08:30,4,13,scheduled,2026-02-20,False
2026-02-20 14:44:55,2026-02-20 14:44:55,5,1,1.800,1.800,0.600,0.120,09:44,4,14,unscheduled,2026-02-20,False
2026-02-20 15:08:35,2026-02-20 15:08:35,5,1,1.820,1.820,0.590,1.005,10:08,4,15,unscheduled,2026-02-20,False
2026-02-20 21:54:00,2026-02-20 21:59:00,305,41,6.660,2.949,0.730,2.810,16:54,4,21,break,2026-02-20,False
2026-02-23 23:04:55,2026-02-23 23:05:05,15,2,2.450,2.360,0.730,17.745,18:04,0,23,unscheduled,2026-02-23,False
2026-02-23 23:06:25,2026-02-23 23:07:05,45,6,2.420,2.297,0.730,7.240,18:06,0,23,unscheduled,2026-02-23,False
2026-02-24 01:18:25,2026-02-24 01:18:40,20,3,2.040,2.033,0.660,1.995,20:18,0,1,unscheduled,2026-02-23,False
2026-02-24 14:59:55,2026-02-24 14:59:55,5,1,2.730,2.730,0.600,0.940,09:59,1,14,scheduled,2026-02-24,False
2026-02-24 23:06:55,2026-02-24 23:07:15,25,2,2.230,2.225,0.730,1.580,18:06,1,23,unscheduled,2026-02-24,False
2026-02-25 19:30:15,2026-02-25 19:30:20,10,2,1.990,1.880,0.580,0.085,14:30,2,19,unscheduled,2026-02-25,True
2026-02-25 19:36:00,2026-02-25 19:42:55,420,35,2.200,1.906,0.580,2.080,14:36,2,19,unscheduled,2026-02-25,True
2026-02-25 19:44:35,2026-02-25 19:45:35,65,7,2.650,2.123,0.580,0.570,14:44,2,19,unscheduled,2026-02-25,True
2026-02-25 23:04:55,2026-02-25 23:05:00,10,2,2.680,2.550,0.730,11.340,18:04,2,23,unscheduled,2026-02-25,True
2026-02-26 23:06:40,2026-02-26 23:06:40,5,1,2.450,2.450,0.730,1.330,18:06,3,23,unscheduled,2026-02-26,False
2026-02-27 13:29:50,2026-02-27 13:30:40,55,4,3.280,2.450,0.610,8.545,08:29,4,13,scheduled,2026-02-27,False
2026-02-27 14:41:55,2026-02-27 14:41:55,5,1,1.900,1.900,0.600,0.255,09:41,4,14,unscheduled,2026-02-27,False
2026-02-27 21:54:05,2026-02-27 21:58:30,270,48,3.600,2.615,0.730,1.385,16:54,4,21,break,2026-02-27,False
2026-03-01 23:04:55,2026-03-01 23:14:20,570,99,10.000,3.972,0.730,66.560,18:04,6,23,unscheduled,2026-03-01,False
2026-03-01 23:16:40,2026-03-01 23:16:50,15,3,2.500,2.380,0.730,5.245,18:16,6,23,unscheduled,2026-03-01,False
2026-03-01 23:20:25,2026-03-01 23:20:30,10,2,2.570,2.540,0.730,1.740,18:20,6,23,unscheduled,2026-03-01,False
2026-03-01 23:47:20,2026-03-01 23:47:20,5,1,2.240,2.240,0.730,3.270,18:47,6,23,unscheduled,2026-03-01,False
2026-03-02 00:53:10,2026-03-02 00:53:15,10,2,2.070,2.060,0.670,2.355,19:53,6,0,unscheduled,2026-03-01,False
2026-03-02 01:00:10,2026-03-02 01:00:10,5,1,2.040,2.040,0.660,0.705,20:00,6,1,unscheduled,2026-03-01,False
2026-03-02 01:01:35,2026-03-02 01:02:30,60,2,2.150,2.100,0.660,7.470,20:01,6,1,unscheduled,2026-03-01,False
2026-03-02 01:04:00,2026-03-02 01:04:00,5,1,1.980,1.980,0.660,3.335,20:04,6,1,unscheduled,2026-03-01,False
2026-03-02 01:05:20,2026-03-02 01:06:10,55,4,2.180,2.065,0.660,1.680,20:05,6,1,unscheduled,2026-03-01,False
2026-03-02 01:10:25,2026-03-02 01:10:25,5,1,2.090,2.090,0.660,0.985,20:10,6,1,unscheduled,2026-03-01,False
2026-03-02 01:30:10,2026-03-02 01:30:10,5,1,2.190,2.190,0.660,1.705,20:30,6,1,unscheduled,2026-03-01,False
2026-03-02 14:26:50,2026-03-02 14:28:45,120,8,2.640,2.174,0.600,18.985,09:26,0,14,unscheduled,2026-03-02,False
2026-03-02 14:35:00,2026-03-02 14:36:10,75,5,2.040,1.902,0.600,8.790,09:35,0,14,unscheduled,2026-03-02,False
2026-03-02 14:44:50,2026-03-02 14:47:15,150,10,2.230,1.927,0.600,10.545,09:44,0,14,unscheduled,2026-03-02,False
2026-03-02 14:59:35,2026-03-02 15:00:05,35,7,5.190,2.864,0.600,1.805,09:59,0,14,scheduled,2026-03-02,False
2026-03-02 15:03:40,2026-03-02 15:03:40,5,1,1.790,1.790,0.590,0.400,10:03,0,15,scheduled,2026-03-02,False
2026-03-02 16:01:20,2026-03-02 16:04:40,205,7,2.600,1.986,0.580,10.630,11:01,0,16,unscheduled,2026-03-02,False
2026-03-03 09:25:25,2026-03-03 09:26:05,45,3,2.440,2.157,0.580,18.330,04:25,1,9,unscheduled,2026-03-03,False
2026-03-03 09:27:20,2026-03-03 09:30:15,180,18,2.470,1.994,0.580,7.050,04:27,1,9,unscheduled,2026-03-03,False
2026-03-03 11:07:40,2026-03-03 11:23:15,940,119,5.240,2.403,0.580,18.550,06:07,1,11,unscheduled,2026-03-03,False
2026-03-03 11:24:30,2026-03-03 11:44:25,1200,158,10.000,2.661,0.580,84.655,06:24,1,11,unscheduled,2026-03-03,False
2026-03-03 11:46:05,2026-03-03 11:46:05,5,1,1.840,1.840,0.580,2.325,06:46,1,11,unscheduled,2026-03-03,False
2026-03-03 11:47:20,2026-03-03 11:47:45,30,3,2.280,2.003,0.580,2.955,06:47,1,11,unscheduled,2026-03-03,False
2026-03-03 11:50:05,2026-03-03 11:51:00,60,2,2.080,1.920,0.580,2.090,06:50,1,11,unscheduled,2026-03-03,False
2026-03-03 11:55:00,2026-03-03 11:55:50,55,4,1.900,1.818,0.580,1.845,06:55,1,11,unscheduled,2026-03-03,False
2026-03-03 11:57:40,2026-03-03 11:59:00,85,11,2.230,1.879,0.580,6.175,06:57,1,11,unscheduled,2026-03-03,False
2026-03-03 12:02:25,2026-03-03 12:02:25,5,1,1.830,1.830,0.600,3.390,07:02,1,12,unscheduled,2026-03-03,False
2026-03-03 12:03:40,2026-03-03 12:04:10,35,2,1.950,1.925,0.600,1.875,07:03,1,12,unscheduled,2026-03-03,False
2026-03-03 12:06:45,2026-03-03 12:07:45,65,2,2.020,1.915,0.600,2.045,07:06,1,12,unscheduled,2026-03-03,False
2026-03-03 13:00:55,2026-03-03 13:00:55,5,1,1.830,1.830,0.610,1.185,08:00,1,13,unscheduled,2026-03-03,False
2026-03-03 13:08:50,2026-03-03 13:10:00,75,5,2.100,1.930,0.610,1.735,08:08,1,13,unscheduled,2026-03-03,False
2026-03-03 13:17:55,2026-03-03 13:17:55,5,1,2.130,2.130,0.610,0.710,08:17,1,13,unscheduled,2026-03-03,False
2026-03-03 13:51:40,2026-03-03 13:51:40,5,1,2.080,2.080,0.610,2.375,08:51,1,13,unscheduled,2026-03-03,False
2026-03-03 14:22:55,2026-03-03 14:22:55,5,1,1.880,1.880,0.600,1.550,09:22,1,14,unscheduled,2026-03-03,False
2026-03-03 14:30:00,2026-03-03 14:34:00,245,23,2.320,1.993,0.600,24.060,09:30,1,14,unscheduled,2026-03-03,False
2026-03-03 14:42:00,2026-03-03 14:42:50,55,5,2.030,1.950,0.600,3.415,09:42,1,14,unscheduled,2026-03-03,False
2026-03-03 14:44:20,2026-03-03 14:48:35,260,16,2.590,1.985,0.600,7.480,09:44,1,14,unscheduled,2026-03-03,False
2026-03-03 14:50:35,2026-03-03 14:55:05,275,21,2.540,2.055,0.600,18.020,09:50,1,14,unscheduled,2026-03-03,False
2026-03-03 14:56:15,2026-03-03 15:07:30,680,56,3.930,2.104,0.600,8.780,09:56,1,14,unscheduled,2026-03-03,False
2026-03-03 15:08:50,2026-03-03 15:09:55,70,5,2.030,1.876,0.590,3.120,10:08,1,15,unscheduled,2026-03-03,False
2026-03-03 15:11:35,2026-03-03 15:11:35,5,1,1.910,1.910,0.590,1.695,10:11,1,15,unscheduled,2026-03-03,False
2026-03-03 15:12:55,2026-03-03 15:13:50,60,2,1.880,1.855,0.590,8.510,10:12,1,15,unscheduled,2026-03-03,False
2026-03-03 15:16:15,2026-03-03 15:17:10,60,7,2.570,1.999,0.590,22.395,10:16,1,15,unscheduled,2026-03-03,False
2026-03-03 15:19:35,2026-03-03 15:19:55,25,3,1.950,1.853,0.590,0.755,10:19,1,15,unscheduled,2026-03-03,False
2026-03-03 15:24:55,2026-03-03 15:24:55,5,1,1.780,1.780,0.590,1.520,10:24,1,15,unscheduled,2026-03-03,False
2026-03-03 15:30:55,2026-03-03 15:30:55,5,1,1.800,1.800,0.590,0.025,10:30,1,15,unscheduled,2026-03-03,False
2026-03-03 15:32:15,2026-03-03 15:32:15,5,1,2.000,2.000,0.590,3.015,10:32,1,15,unscheduled,2026-03-03,False
2026-03-03 15:33:50,2026-03-03 15:33:50,5,1,1.800,1.800,0.590,0.685,10:33,1,15,unscheduled,2026-03-03,False
2026-03-03 20:51:35,2026-03-03 20:51:35,5,1,1.980,1.980,0.640,1.960,15:51,1,20,unscheduled,2026-03-03,False
2026-03-03 21:59:00,2026-03-03 21:59:00,5,1,2.630,2.630,0.730,0.330,16:59,1,21,break,2026-03-03,False
2026-03-03 23:04:55,2026-03-03 23:06:25,95,5,3.120,2.498,0.730,23.200,18:04,1,23,unscheduled,2026-03-03,False
2026-03-03 23:09:35,2026-03-03 23:10:05,35,3,2.830,2.453,0.730,2.235,18:09,1,23,unscheduled,2026-03-03,False
2026-03-04 01:34:35,2026-03-04 01:34:35,5,1,1.990,1.990,0.660,2.185,20:34,1,1,unscheduled,2026-03-03,False
2026-03-04 06:06:20,2026-03-04 06:06:25,10,2,8.130,5.625,0.610,15.550,01:06,2,6,unscheduled,2026-03-04,False
2026-03-04 13:14:50,2026-03-04 13:14:55,10,2,4.010,3.110,0.610,0.440,08:14,2,13,unscheduled,2026-03-04,False
2026-03-04 14:44:55,2026-03-04 14:44:55,5,1,2.080,2.080,0.600,0.065,09:44,2,14,unscheduled,2026-03-04,False
2026-03-04 14:48:25,2026-03-04 14:48:25,5,1,4.070,4.070,0.600,9.105,09:48,2,14,unscheduled,2026-03-04,False
2026-03-04 14:59:45,2026-03-04 14:59:55,15,3,3.770,2.863,0.600,1.740,09:59,2,14,scheduled,2026-03-04,False
2026-03-05 13:23:10,2026-03-05 13:23:50,45,4,2.720,2.360,0.610,6.015,08:23,3,13,unscheduled,2026-03-05,False
2026-03-05 13:27:20,2026-03-05 13:27:25,10,2,2.070,2.050,0.610,2.055,08:27,3,13,unscheduled,2026-03-05,False
2026-03-05 13:29:55,2026-03-05 13:30:00,10,2,2.930,2.380,0.610,2.390,08:29,3,13,scheduled,2026-03-05,False
2026-03-05 15:08:35,2026-03-05 15:08:50,20,3,2.250,2.020,0.590,21.060,10:08,3,15,unscheduled,2026-03-05,False
2026-03-05 23:05:55,2026-03-05 23:05:55,5,1,2.640,2.640,0.730,2.120,18:05,3,23,unscheduled,2026-03-05,False
2026-03-06 09:36:15,2026-03-06 09:36:15,5,1,2.170,2.170,0.580,5.065,04:36,4,9,unscheduled,2026-03-06,False
2026-03-06 13:29:30,2026-03-06 13:31:50,145,20,4.350,2.361,0.610,23.645,08:29,4,13,scheduled,2026-03-06,False
2026-03-06 15:13:50,2026-03-06 15:13:50,5,1,2.770,2.770,0.590,9.720,10:13,4,15,unscheduled,2026-03-06,False
2026-03-06 21:54:50,2026-03-06 21:59:00,255,21,5.690,4.116,0.730,0.320,16:54,4,21,break,2026-03-06,False
2026-03-08 22:04:55,2026-03-08 22:54:10,2960,460,10.000,3.462,0.770,50.080,18:04,6,22,break,2026-03-08,False
2026-03-08 23:04:30,2026-03-08 23:05:30,65,4,2.560,2.390,0.730,3.915,19:04,6,23,unscheduled,2026-03-08,False
2026-03-08 23:10:40,2026-03-08 23:11:10,35,2,10.000,6.150,0.730,6.890,19:10,6,23,unscheduled,2026-03-08,False
2026-03-08 23:40:05,2026-03-08 23:40:45,45,8,5.030,3.189,0.730,5.415,19:40,6,23,unscheduled,2026-03-08,False
2026-03-08 23:53:20,2026-03-08 23:53:20,5,1,2.190,2.190,0.730,1.530,19:53,6,23,unscheduled,2026-03-08,False
2026-03-09 00:03:45,2026-03-09 00:04:45,65,3,2.080,2.050,0.670,2.375,20:03,6,0,unscheduled,2026-03-08,False
2026-03-09 00:13:30,2026-03-09 00:14:50,85,7,2.170,2.089,0.670,2.085,20:13,6,0,unscheduled,2026-03-08,False
2026-03-09 00:16:05,2026-03-09 00:18:05,125,7,2.190,2.110,0.670,3.345,20:16,6,0,unscheduled,2026-03-08,False
2026-03-09 00:20:25,2026-03-09 00:20:25,5,1,2.030,2.030,0.670,0.095,20:20,6,0,unscheduled,2026-03-08,False
2026-03-09 00:28:05,2026-03-09 00:28:05,5,1,2.300,2.300,0.670,2.740,20:28,6,0,unscheduled,2026-03-08,False
2026-03-09 01:03:20,2026-03-09 01:06:45,210,16,2.370,2.083,0.660,12.940,21:03,6,1,unscheduled,2026-03-08,False
2026-03-09 01:08:55,2026-03-09 01:08:55,5,1,1.990,1.990,0.660,0.420,21:08,6,1,unscheduled,2026-03-08,False
2026-03-09 01:12:00,2026-03-09 01:12:00,5,1,2.010,2.010,0.660,0.115,21:12,6,1,unscheduled,2026-03-08,False
2026-03-09 01:18:15,2026-03-09 01:18:15,5,1,2.160,2.160,0.660,0.675,21:18,6,1,unscheduled,2026-03-08,False
2026-03-09 22:05:00,2026-03-09 22:08:05,190,18,3.420,2.722,0.770,3.740,18:05,0,22,break,2026-03-09,False
2026-03-09 22:09:10,2026-03-09 22:09:10,5,1,2.560,2.560,0.770,0.400,18:09,0,22,break,2026-03-09,False
2026-03-09 22:16:30,2026-03-09 22:16:30,5,1,2.350,2.350,0.770,0.270,18:16,0,22,unscheduled,2026-03-09,False
2026-03-10 22:04:55,2026-03-10 22:14:25,575,99,5.380,3.755,0.770,2.630,18:04,1,22,break,2026-03-10,False
2026-03-10 22:15:35,2026-03-10 22:16:00,30,4,2.700,2.540,0.770,0.140,18:15,1,22,unscheduled,2026-03-10,False
2026-03-11 12:29:55,2026-03-11 12:30:10,20,4,3.440,2.940,0.600,1.865,08:29,2,12,scheduled,2026-03-11,False
2026-03-11 17:41:25,2026-03-11 17:41:25,5,1,2.780,2.780,0.590,3.575,13:41,2,17,unscheduled,2026-03-11,False
2026-03-12 12:29:55,2026-03-12 12:29:55,5,1,2.190,2.190,0.600,0.215,08:29,3,12,scheduled,2026-03-12,False
2026-03-12 22:47:30,2026-03-12 22:47:35,10,2,3.280,2.895,0.770,1.260,18:47,3,22,unscheduled,2026-03-12,False
2026-03-13 20:54:00,2026-03-13 20:59:05,310,60,4.180,3.432,0.640,1.360,16:54,4,20,unscheduled,2026-03-13,False
2026-03-15 22:05:25,2026-03-15 22:08:50,210,15,2.970,2.479,0.770,3.325,18:05,6,22,break,2026-03-15,False
2026-03-15 22:24:15,2026-03-15 22:24:15,5,1,2.700,2.700,0.770,0.410,18:24,6,22,break,2026-03-15,False
2026-03-15 23:20:10,2026-03-15 23:20:20,15,3,3.260,2.743,0.730,17.895,19:20,6,23,unscheduled,2026-03-15,False
2026-03-18 12:29:50,2026-03-18 12:29:55,10,2,2.350,2.305,0.600,1.855,08:29,2,12,scheduled,2026-03-18,False
2026-03-18 22:06:05,2026-03-18 22:07:05,65,2,2.640,2.525,0.770,5.845,18:06,2,22,break,2026-03-18,False
2026-03-19 12:29:55,2026-03-19 12:30:00,10,2,2.390,2.175,0.600,0.665,08:29,3,12,scheduled,2026-03-19,False
2026-03-19 12:50:00,2026-03-19 12:50:00,5,1,1.940,1.940,0.600,2.230,08:50,3,12,unscheduled,2026-03-19,False
2026-03-19 13:08:05,2026-03-19 13:08:05,5,1,1.940,1.940,0.610,5.440,09:08,3,13,unscheduled,2026-03-19,False
2026-03-19 13:09:10,2026-03-19 13:09:10,5,1,1.890,1.890,0.610,0.295,09:09,3,13,unscheduled,2026-03-19,False
2026-03-19 13:11:00,2026-03-19 13:11:25,30,4,1.930,1.890,0.610,0.705,09:11,3,13,unscheduled,2026-03-19,False
2026-03-19 13:12:30,2026-03-19 13:12:30,5,1,1.900,1.900,0.610,0.920,09:12,3,13,unscheduled,2026-03-19,False
2026-03-19 13:13:45,2026-03-19 13:13:45,5,1,1.850,1.850,0.610,1.875,09:13,3,13,unscheduled,2026-03-19,False
2026-03-19 13:15:30,2026-03-19 13:16:40,75,3,2.040,1.953,0.610,17.155,09:15,3,13,unscheduled,2026-03-19,False
2026-03-19 13:18:35,2026-03-19 13:18:35,5,1,1.840,1.840,0.610,2.590,09:18,3,13,unscheduled,2026-03-19,False
2026-03-19 13:19:40,2026-03-19 13:20:15,40,2,1.990,1.915,0.610,0.970,09:19,3,13,unscheduled,2026-03-19,False
2026-03-19 13:25:05,2026-03-19 13:25:05,5,1,1.950,1.950,0.610,4.360,09:25,3,13,unscheduled,2026-03-19,False
2026-03-19 13:44:30,2026-03-19 13:44:30,5,1,1.830,1.830,0.610,1.745,09:44,3,13,unscheduled,2026-03-19,False
2026-03-19 13:59:55,2026-03-19 14:00:05,15,2,1.900,1.880,0.610,14.600,09:59,3,13,scheduled,2026-03-19,False
2026-03-20 15:23:25,2026-03-20 15:23:25,5,1,2.460,2.460,0.590,5.230,11:23,4,15,unscheduled,2026-03-20,False
2026-03-20 20:54:30,2026-03-20 20:59:00,275,46,10.000,3.468,0.640,2.580,16:54,4,20,unscheduled,2026-03-20,False
2026-03-22 22:05:20,2026-03-22 22:10:05,290,22,10.000,3.148,0.770,41.935,18:05,6,22,break,2026-03-22,False
2026-03-22 22:13:05,2026-03-22 22:13:35,35,6,2.830,2.497,0.770,1.965,18:13,6,22,break,2026-03-22,False
2026-03-23 00:35:55,2026-03-23 00:44:35,525,55,3.760,2.341,0.670,5.965,20:35,6,0,unscheduled,2026-03-22,False
2026-03-23 00:47:10,2026-03-23 00:47:10,5,1,2.020,2.020,0.670,4.405,20:47,6,0,unscheduled,2026-03-22,False
2026-03-23 00:48:20,2026-03-23 00:48:30,15,2,2.250,2.140,0.670,0.470,20:48,6,0,unscheduled,2026-03-22,False
2026-03-23 00:53:15,2026-03-23 00:54:50,100,7,2.150,2.109,0.670,5.655,20:53,6,0,unscheduled,2026-03-22,False
2026-03-23 00:59:00,2026-03-23 01:05:10,375,32,3.100,2.208,0.670,20.095,20:59,6,0,unscheduled,2026-03-22,False
2026-03-23 01:06:55,2026-03-23 01:06:55,5,1,2.200,2.200,0.660,1.475,21:06,6,1,unscheduled,2026-03-22,False
2026-03-23 01:12:25,2026-03-23 01:12:25,5,1,2.060,2.060,0.660,1.030,21:12,6,1,unscheduled,2026-03-22,False
2026-03-23 01:14:20,2026-03-23 01:14:55,40,5,2.320,2.218,0.660,0.990,21:14,6,1,unscheduled,2026-03-22,False
2026-03-23 01:19:55,2026-03-23 01:19:55,5,1,2.070,2.070,0.660,0.970,21:19,6,1,unscheduled,2026-03-22,False
2026-03-23 06:08:40,2026-03-23 06:08:45,10,2,2.280,2.120,0.610,2.335,02:08,0,6,unscheduled,2026-03-23,False
2026-03-23 06:33:40,2026-03-23 06:33:40,5,1,1.900,1.900,0.610,0.895,02:33,0,6,unscheduled,2026-03-23,False
2026-03-23 06:43:55,2026-03-23 06:44:55,65,2,2.320,2.120,0.610,12.865,02:43,0,6,unscheduled,2026-03-23,False
2026-03-23 06:46:30,2026-03-23 06:49:10,165,8,2.490,2.151,0.610,6.250,02:46,0,6,unscheduled,2026-03-23,False
2026-03-23 06:50:15,2026-03-23 06:52:35,145,6,2.070,1.950,0.610,17.965,02:50,0,6,unscheduled,2026-03-23,False
2026-03-23 06:54:45,2026-03-23 06:55:20,40,6,2.070,1.950,0.610,4.300,02:54,0,6,unscheduled,2026-03-23,False
2026-03-23 07:00:35,2026-03-23 07:20:45,1215,113,3.060,2.192,0.590,98.795,03:00,0,7,unscheduled,2026-03-23,False
2026-03-23 07:22:40,2026-03-23 07:32:25,590,42,3.400,2.228,0.590,24.145,03:22,0,7,unscheduled,2026-03-23,False
2026-03-23 07:34:25,2026-03-23 07:34:40,20,3,2.050,2.003,0.590,5.835,03:34,0,7,unscheduled,2026-03-23,False
2026-03-23 07:36:45,2026-03-23 07:37:45,65,4,2.130,1.977,0.590,2.755,03:36,0,7,unscheduled,2026-03-23,False
2026-03-23 07:38:50,2026-03-23 07:38:50,5,1,2.020,2.020,0.590,0.075,03:38,0,7,unscheduled,2026-03-23,False
2026-03-23 07:41:25,2026-03-23 07:42:40,80,7,2.280,2.004,0.590,8.915,03:41,0,7,unscheduled,2026-03-23,False
2026-03-23 07:44:15,2026-03-23 07:44:15,5,1,1.910,1.910,0.590,0.285,03:44,0,7,unscheduled,2026-03-23,False
2026-03-23 07:46:50,2026-03-23 07:46:50,5,1,2.250,2.250,0.590,1.105,03:46,0,7,unscheduled,2026-03-23,False
2026-03-23 07:48:10,2026-03-23 07:48:15,10,2,2.080,2.030,0.590,2.750,03:48,0,7,unscheduled,2026-03-23,False
2026-03-23 07:49:25,2026-03-23 07:49:25,5,1,1.850,1.850,0.590,2.190,03:49,0,7,unscheduled,2026-03-23,False
2026-03-23 07:50:50,2026-03-23 07:50:50,5,1,1.990,1.990,0.590,3.765,03:50,0,7,unscheduled,2026-03-23,False
2026-03-23 07:52:25,2026-03-23 07:52:25,5,1,1.800,1.800,0.590,4.290,03:52,0,7,unscheduled,2026-03-23,False
2026-03-23 07:53:55,2026-03-23 07:54:40,50,2,2.010,1.920,0.590,6.460,03:53,0,7,unscheduled,2026-03-23,False
2026-03-23 08:02:05,2026-03-23 08:04:25,145,4,2.060,1.922,0.590,0.060,04:02,0,8,unscheduled,2026-03-23,False
2026-03-23 08:23:20,2026-03-23 08:23:20,5,1,1.860,1.860,0.590,0.580,04:23,0,8,unscheduled,2026-03-23,False
2026-03-23 08:43:15,2026-03-23 08:43:15,5,1,1.840,1.840,0.590,4.065,04:43,0,8,unscheduled,2026-03-23,False
2026-03-23 08:48:25,2026-03-23 08:48:25,5,1,1.800,1.800,0.590,0.035,04:48,0,8,unscheduled,2026-03-23,False
2026-03-23 09:11:10,2026-03-23 09:11:10,5,1,1.950,1.950,0.580,3.400,05:11,0,9,unscheduled,2026-03-23,False
2026-03-23 09:39:40,2026-03-23 09:40:20,45,5,2.150,1.926,0.580,1.240,05:39,0,9,unscheduled,2026-03-23,False
2026-03-23 09:43:00,2026-03-23 09:44:20,85,9,2.210,1.961,0.580,2.895,05:43,0,9,unscheduled,2026-03-23,False
2026-03-23 09:46:50,2026-03-23 09:47:10,25,2,1.850,1.805,0.580,4.130,05:46,0,9,unscheduled,2026-03-23,False
2026-03-23 09:54:40,2026-03-23 09:54:40,5,1,1.860,1.860,0.580,1.620,05:54,0,9,unscheduled,2026-03-23,False
2026-03-23 10:21:55,2026-03-23 10:21:55,5,1,1.970,1.970,0.580,0.705,06:21,0,10,unscheduled,2026-03-23,False
2026-03-23 11:05:20,2026-03-23 11:39:30,2055,289,7.110,2.713,0.580,109.835,07:05,0,11,unscheduled,2026-03-23,False
2026-03-23 11:40:55,2026-03-23 11:43:05,135,8,2.520,2.276,0.580,22.360,07:40,0,11,unscheduled,2026-03-23,False
2026-03-23 11:44:30,2026-03-23 11:46:10,105,5,2.170,2.012,0.580,3.090,07:44,0,11,unscheduled,2026-03-23,False
2026-03-23 11:47:25,2026-03-23 11:57:10,590,48,2.540,2.058,0.580,20.275,07:47,0,11,unscheduled,2026-03-23,False
2026-03-23 11:58:30,2026-03-23 11:58:55,30,3,1.950,1.920,0.580,1.495,07:58,0,11,unscheduled,2026-03-23,False
2026-03-23 12:00:25,2026-03-23 12:01:30,70,5,2.380,2.014,0.600,7.185,08:00,0,12,unscheduled,2026-03-23,False
2026-03-23 12:03:25,2026-03-23 12:07:45,265,19,2.480,2.030,0.600,19.430,08:03,0,12,unscheduled,2026-03-23,False
2026-03-23 12:09:05,2026-03-23 12:17:45,525,47,2.960,2.091,0.600,30.900,08:09,0,12,unscheduled,2026-03-23,False
2026-03-23 12:19:10,2026-03-23 12:19:10,5,1,1.970,1.970,0.600,2.340,08:19,0,12,unscheduled,2026-03-23,False
2026-03-23 12:22:15,2026-03-23 12:22:15,5,1,1.920,1.920,0.600,4.815,08:22,0,12,unscheduled,2026-03-23,False
2026-03-23 12:29:20,2026-03-23 12:31:30,135,11,2.370,2.076,0.600,8.705,08:29,0,12,scheduled,2026-03-23,False
2026-03-23 12:33:25,2026-03-23 12:34:15,55,4,2.020,1.925,0.600,0.140,08:33,0,12,scheduled,2026-03-23,False
2026-03-23 12:38:20,2026-03-23 12:39:10,55,3,2.140,2.003,0.600,9.750,08:38,0,12,unscheduled,2026-03-23,False
2026-03-23 12:41:10,2026-03-23 12:42:20,75,8,2.150,1.965,0.600,24.460,08:41,0,12,unscheduled,2026-03-23,False
2026-03-23 12:46:35,2026-03-23 12:46:35,5,1,1.960,1.960,0.600,1.610,08:46,0,12,unscheduled,2026-03-23,False
2026-03-23 12:51:25,2026-03-23 12:52:45,85,3,2.230,2.050,0.600,14.885,08:51,0,12,unscheduled,2026-03-23,False
2026-03-23 12:53:50,2026-03-23 12:53:50,5,1,1.890,1.890,0.600,1.840,08:53,0,12,unscheduled,2026-03-23,False
2026-03-23 12:55:00,2026-03-23 12:57:20,145,5,1.940,1.886,0.600,12.035,08:55,0,12,unscheduled,2026-03-23,False
2026-03-23 12:59:00,2026-03-23 12:59:15,20,2,1.880,1.875,0.600,5.200,08:59,0,12,unscheduled,2026-03-23,False
2026-03-23 13:00:55,2026-03-23 13:10:35,585,74,3.170,2.229,0.610,24.325,09:00,0,13,unscheduled,2026-03-23,False
2026-03-23 13:11:50,2026-03-23 13:18:45,420,47,2.520,2.057,0.610,1.890,09:11,0,13,unscheduled,2026-03-23,False
2026-03-23 13:20:05,2026-03-23 13:20:10,10,2,2.380,2.345,0.610,1.005,09:20,0,13,unscheduled,2026-03-23,False
2026-03-23 13:21:20,2026-03-23 13:21:45,30,3,1.940,1.897,0.610,6.185,09:21,0,13,unscheduled,2026-03-23,False
2026-03-23 13:24:50,2026-03-23 13:25:00,15,2,2.190,2.015,0.610,3.390,09:24,0,13,unscheduled,2026-03-23,False
2026-03-23 13:30:05,2026-03-23 13:30:05,5,1,1.930,1.930,0.610,6.055,09:30,0,13,unscheduled,2026-03-23,False
2026-03-23 13:35:40,2026-03-23 13:36:30,55,2,1.940,1.885,0.610,4.500,09:35,0,13,unscheduled,2026-03-23,False
2026-03-23 14:28:20,2026-03-23 14:28:20,5,1,2.020,2.020,0.600,3.880,10:28,0,14,unscheduled,2026-03-23,False
2026-03-23 15:04:10,2026-03-23 15:04:10,5,1,2.260,2.260,0.590,2.195,11:04,0,15,unscheduled,2026-03-23,False
2026-03-23 16:00:00,2026-03-23 16:00:00,5,1,1.750,1.750,0.580,0.405,12:00,0,16,unscheduled,2026-03-23,False
2026-03-23 16:02:10,2026-03-23 16:02:10,5,1,1.790,1.790,0.580,0.850,12:02,0,16,unscheduled,2026-03-23,False
2026-03-23 16:03:45,2026-03-23 16:03:50,10,2,2.060,1.945,0.580,3.370,12:03,0,16,unscheduled,2026-03-23,False
2026-03-23 16:07:45,2026-03-23 16:08:10,30,2,1.880,1.830,0.580,0.440,12:07,0,16,unscheduled,2026-03-23,False
2026-03-23 22:04:55,2026-03-23 22:10:15,325,39,8.970,3.078,0.770,23.695,18:04,0,22,break,2026-03-23,False
2026-03-23 22:12:55,2026-03-23 22:12:55,5,1,2.470,2.470,0.770,1.940,18:12,0,22,unscheduled,2026-03-23,False
2026-03-24 00:39:20,2026-03-24 00:45:05,350,28,4.170,2.286,0.670,4.405,20:39,0,0,unscheduled,2026-03-23,False
2026-03-24 00:46:50,2026-03-24 00:46:55,10,2,2.140,2.130,0.670,0.485,20:46,0,0,unscheduled,2026-03-23,False
2026-03-24 01:03:45,2026-03-24 01:03:45,5,1,1.980,1.980,0.660,3.060,21:03,0,1,unscheduled,2026-03-23,False
2026-03-24 01:09:20,2026-03-24 01:09:20,5,1,2.050,2.050,0.660,1.835,21:09,0,1,unscheduled,2026-03-23,False
2026-03-24 02:03:15,2026-03-24 02:04:20,70,4,2.160,2.015,0.650,4.190,22:03,0,2,unscheduled,2026-03-23,False
2026-03-24 02:22:25,2026-03-24 02:22:25,5,1,2.390,2.390,0.650,2.940,22:22,0,2,unscheduled,2026-03-23,False
2026-03-24 06:18:35,2026-03-24 06:18:35,5,1,1.840,1.840,0.610,3.055,02:18,1,6,unscheduled,2026-03-24,False
2026-03-24 06:33:40,2026-03-24 06:33:40,5,1,1.850,1.850,0.610,0.005,02:33,1,6,unscheduled,2026-03-24,False
2026-03-24 06:34:50,2026-03-24 06:37:55,190,10,1.950,1.908,0.610,4.220,02:34,1,6,unscheduled,2026-03-24,False
2026-03-24 06:39:40,2026-03-24 06:41:25,110,5,1.960,1.872,0.610,0.865,02:39,1,6,unscheduled,2026-03-24,False
2026-03-24 08:00:00,2026-03-24 08:00:00,5,1,1.850,1.850,0.590,5.160,04:00,1,8,unscheduled,2026-03-24,False
2026-03-24 08:05:10,2026-03-24 08:05:10,5,1,1.840,1.840,0.590,2.070,04:05,1,8,unscheduled,2026-03-24,False
2026-03-24 11:01:35,2026-03-24 11:02:35,65,5,1.980,1.850,0.580,11.945,07:01,1,11,unscheduled,2026-03-24,False
2026-03-24 11:04:35,2026-03-24 11:06:20,110,10,2.150,1.892,0.580,7.905,07:04,1,11,unscheduled,2026-03-24,False
2026-03-24 11:08:20,2026-03-24 11:08:20,5,1,1.930,1.930,0.580,1.930,07:08,1,11,unscheduled,2026-03-24,False
2026-03-24 11:11:40,2026-03-24 11:11:40,5,1,1.930,1.930,0.580,1.360,07:11,1,11,unscheduled,2026-03-24,False
2026-03-24 11:13:20,2026-03-24 11:13:20,5,1,1.840,1.840,0.580,0.810,07:13,1,11,unscheduled,2026-03-24,False
2026-03-24 12:40:05,2026-03-24 12:40:05,5,1,1.840,1.840,0.600,2.205,08:40,1,12,unscheduled,2026-03-24,False
2026-03-24 13:44:55,2026-03-24 13:44:55,5,1,2.060,2.060,0.610,0.410,09:44,1,13,unscheduled,2026-03-24,False
2026-03-24 13:55:35,2026-03-24 13:55:35,5,1,1.900,1.900,0.610,1.590,09:55,1,13,unscheduled,2026-03-24,False
2026-03-24 14:52:05,2026-03-24 14:52:30,30,3,2.210,1.967,0.600,11.365,10:52,1,14,unscheduled,2026-03-24,False
2026-03-24 14:59:30,2026-03-24 14:59:30,5,1,2.490,2.490,0.600,1.735,10:59,1,14,unscheduled,2026-03-24,False
2026-03-24 17:05:40,2026-03-24 17:06:05,30,2,2.190,2.150,0.590,5.005,13:05,1,17,unscheduled,2026-03-24,False
2026-03-24 20:58:40,2026-03-24 20:58:40,5,1,2.030,2.030,0.640,1.005,16:58,1,20,break,2026-03-24,False
2026-03-25 22:05:25,2026-03-25 22:05:25,5,1,2.410,2.410,0.770,3.880,18:05,2,22,break,2026-03-25,False
2026-03-25 22:21:30,2026-03-25 22:21:30,5,1,3.160,3.160,0.770,2.470,18:21,2,22,unscheduled,2026-03-25,False
2026-03-25 22:23:10,2026-03-25 22:23:10,5,1,3.920,3.920,0.770,1.670,18:23,2,22,unscheduled,2026-03-25,False
2026-03-26 11:27:05,2026-03-26 11:27:05,5,1,1.790,1.790,0.580,0.410,07:27,3,11,unscheduled,2026-03-26,False
2026-03-26 12:29:55,2026-03-26 12:30:00,10,2,3.360,3.350,0.600,1.050,08:29,3,12,scheduled,2026-03-26,False
2026-03-26 13:58:30,2026-03-26 13:58:30,5,1,2.000,2.000,0.610,3.395,09:58,3,13,unscheduled,2026-03-26,False
2026-03-26 16:41:55,2026-03-26 16:41:55,5,1,1.780,1.780,0.580,2.945,12:41,3,16,unscheduled,2026-03-26,False
2026-03-26 20:11:40,2026-03-26 20:13:20,105,10,2.980,2.469,0.640,45.480,16:11,3,20,unscheduled,2026-03-26,False
2026-03-26 20:14:30,2026-03-26 20:15:15,50,3,2.120,2.070,0.640,4.330,16:14,3,20,unscheduled,2026-03-26,False
2026-03-26 20:17:25,2026-03-26 20:17:25,5,1,1.950,1.950,0.640,2.205,16:17,3,20,unscheduled,2026-03-26,False
2026-03-26 20:22:25,2026-03-26 20:25:00,160,10,2.470,2.039,0.640,9.190,16:22,3,20,unscheduled,2026-03-26,False
2026-03-26 20:27:50,2026-03-26 20:27:50,5,1,1.950,1.950,0.640,0.460,16:27,3,20,unscheduled,2026-03-26,False
2026-03-26 20:29:00,2026-03-26 20:29:00,5,1,1.930,1.930,0.640,1.390,16:29,3,20,unscheduled,2026-03-26,False
2026-03-26 22:06:15,2026-03-26 22:07:25,75,5,4.790,3.592,0.770,4.625,18:06,3,22,break,2026-03-26,False
2026-03-26 22:09:15,2026-03-26 22:09:20,10,2,3.120,2.790,0.770,0.170,18:09,3,22,break,2026-03-26,False
2026-03-26 22:10:55,2026-03-26 22:10:55,5,1,2.610,2.610,0.770,0.885,18:10,3,22,break,2026-03-26,False
2026-03-26 22:12:50,2026-03-26 22:14:05,80,4,3.670,2.805,0.770,0.545,18:12,3,22,unscheduled,2026-03-26,False
2026-03-26 22:16:00,2026-03-26 22:16:00,5,1,3.600,3.600,0.770,2.950,18:16,3,22,unscheduled,2026-03-26,False
2026-03-26 22:18:15,2026-03-26 22:18:15,5,1,3.100,3.100,0.770,4.615,18:18,3,22,unscheduled,2026-03-26,False
2026-03-26 22:20:05,2026-03-26 22:20:05,5,1,2.550,2.550,0.770,0.980,18:20,3,22,unscheduled,2026-03-26,False
2026-03-26 22:35:45,2026-03-26 22:35:45,5,1,3.480,3.480,0.770,1.415,18:35,3,22,unscheduled,2026-03-26,False
2026-03-26 22:39:00,2026-03-26 22:39:20,25,4,2.550,2.477,0.770,2.735,18:39,3,22,unscheduled,2026-03-26,False
2026-03-26 22:46:45,2026-03-26 22:47:05,25,2,3.650,3.275,0.770,6.095,18:46,3,22,unscheduled,2026-03-26,False
2026-03-26 22:48:45,2026-03-26 22:48:45,5,1,2.420,2.420,0.770,0.865,18:48,3,22,unscheduled,2026-03-26,False
2026-03-27 15:23:50,2026-03-27 15:23:50,5,1,1.780,1.780,0.590,0.995,11:23,4,15,unscheduled,2026-03-27,False
2026-03-29 22:05:10,2026-03-29 22:07:25,140,17,10.000,5.339,0.770,6.775,18:05,6,22,break,2026-03-29,False
2026-03-29 22:08:30,2026-03-29 22:16:00,455,54,6.420,2.842,0.770,5.525,18:08,6,22,break,2026-03-29,False
2026-03-29 22:17:05,2026-03-29 22:19:30,150,11,2.870,2.527,0.770,0.060,18:17,6,22,break,2026-03-29,False
2026-03-29 22:22:50,2026-03-29 22:22:50,5,1,2.560,2.560,0.770,0.095,18:22,6,22,break,2026-03-29,False
2026-03-29 22:26:15,2026-03-29 22:26:15,5,1,3.120,3.120,0.770,0.880,18:26,6,22,break,2026-03-29,False
2026-03-29 23:02:45,2026-03-29 23:02:45,5,1,2.260,2.260,0.730,1.235,19:02,6,23,unscheduled,2026-03-29,False
2026-03-29 23:06:10,2026-03-29 23:06:50,45,3,2.500,2.447,0.730,6.545,19:06,6,23,unscheduled,2026-03-29,False
2026-03-31 14:00:00,2026-03-31 14:00:00,5,1,1.910,1.910,0.600,2.205,10:00,1,14,scheduled,2026-03-31,False
2026-04-01 12:14:50,2026-04-01 12:15:00,15,3,2.350,2.270,0.600,0.030,08:14,2,12,unscheduled,2026-04-01,False
2026-04-01 13:59:55,2026-04-01 13:59:55,5,1,2.110,2.110,0.610,0.090,09:59,2,13,scheduled,2026-04-01,False
2026-04-01 22:04:55,2026-04-01 22:29:05,1455,261,10.000,4.789,0.770,15.690,18:04,2,22,break,2026-04-01,False
2026-04-02 01:03:45,2026-04-02 01:04:30,50,2,2.500,2.315,0.660,15.285,21:03,2,1,unscheduled,2026-04-01,False
2026-04-02 01:11:40,2026-04-02 01:11:40,5,1,2.190,2.190,0.660,1.890,21:11,2,1,unscheduled,2026-04-01,False
2026-04-02 01:13:00,2026-04-02 01:13:00,5,1,2.040,2.040,0.660,2.920,21:13,2,1,unscheduled,2026-04-01,False
2026-04-02 01:14:35,2026-04-02 01:14:35,5,1,2.010,2.010,0.660,0.975,21:14,2,1,unscheduled,2026-04-01,False
2026-04-02 01:15:45,2026-04-02 01:15:45,5,1,2.010,2.010,0.660,0.540,21:15,2,1,unscheduled,2026-04-01,False
2026-04-02 01:18:35,2026-04-02 01:18:55,25,2,2.410,2.230,0.660,0.135,21:18,2,1,unscheduled,2026-04-01,False
2026-04-02 01:20:25,2026-04-02 01:20:25,5,1,2.020,2.020,0.660,2.470,21:20,2,1,unscheduled,2026-04-01,False
2026-04-02 01:23:30,2026-04-02 01:23:30,5,1,2.180,2.180,0.660,2.490,21:23,2,1,unscheduled,2026-04-01,False
2026-04-02 01:24:40,2026-04-02 01:26:15,100,4,2.380,2.197,0.660,26.805,21:24,2,1,unscheduled,2026-04-01,False
2026-04-02 01:30:10,2026-04-02 01:30:10,5,1,2.010,2.010,0.660,3.875,21:30,2,1,unscheduled,2026-04-01,False
2026-04-02 01:31:20,2026-04-02 01:33:30,135,7,2.240,2.149,0.660,6.475,21:31,2,1,unscheduled,2026-04-01,False
2026-04-02 12:29:55,2026-04-02 12:29:55,5,1,1.980,1.980,0.600,0.020,08:29,3,12,scheduled,2026-04-02,False
2026-04-02 16:50:15,2026-04-02 16:50:15,5,1,1.940,1.940,0.580,5.505,12:50,3,16,unscheduled,2026-04-02,False
2026-04-05 22:04:55,2026-04-05 22:23:15,1105,181,10.000,2.811,0.770,36.600,18:04,6,22,break,2026-04-05,False
2026-04-05 22:47:05,2026-04-05 22:50:25,205,13,10.000,3.630,0.770,24.890,18:47,6,22,break,2026-04-05,False
2026-04-05 22:54:20,2026-04-05 22:56:35,140,19,2.780,2.500,0.770,8.895,18:54,6,22,break,2026-04-05,False
2026-04-05 22:58:20,2026-04-05 22:58:20,5,1,2.440,2.440,0.770,0.945,18:58,6,22,break,2026-04-05,False
2026-04-05 23:06:10,2026-04-05 23:06:25,20,2,2.290,2.255,0.730,1.935,19:06,6,23,unscheduled,2026-04-05,False
2026-04-05 23:17:00,2026-04-05 23:17:00,5,1,2.240,2.240,0.730,0.185,19:17,6,23,unscheduled,2026-04-05,False
2026-04-05 23:18:05,2026-04-05 23:18:10,10,2,2.250,2.225,0.730,1.360,19:18,6,23,unscheduled,2026-04-05,False
2026-04-05 23:38:35,2026-04-05 23:38:35,5,1,2.190,2.190,0.730,1.140,19:38,6,23,unscheduled,2026-04-05,False
2026-04-06 00:05:05,2026-04-06 00:05:20,20,2,2.180,2.135,0.670,3.335,20:05,6,0,unscheduled,2026-04-05,False
2026-04-06 01:35:35,2026-04-06 01:35:35,5,1,2.210,2.210,0.660,4.290,21:35,6,1,unscheduled,2026-04-05,False
2026-04-06 10:46:15,2026-04-06 10:46:15,5,1,2.170,2.170,0.580,8.820,06:46,0,10,unscheduled,2026-04-06,False
2026-04-06 13:59:40,2026-04-06 14:00:05,30,6,2.280,2.195,0.610,1.825,09:59,0,13,scheduled,2026-04-06,False
2026-04-06 14:38:40,2026-04-06 14:38:40,5,1,1.860,1.860,0.600,1.780,10:38,0,14,unscheduled,2026-04-06,False
2026-04-07 01:00:00,2026-04-07 01:00:45,50,2,2.860,2.480,0.660,9.190,21:00,0,1,unscheduled,2026-04-06,False
2026-04-07 19:45:50,2026-04-07 19:45:55,10,2,1.790,1.790,0.580,10.500,15:45,1,19,unscheduled,2026-04-07,False
2026-04-07 22:07:05,2026-04-07 22:07:05,5,1,2.380,2.380,0.770,2.550,18:07,1,22,break,2026-04-07,False
2026-04-07 22:33:55,2026-04-07 22:34:30,40,5,2.570,2.450,0.770,11.635,18:33,1,22,unscheduled,2026-04-07,False
2026-04-07 22:35:45,2026-04-07 22:35:45,5,1,2.550,2.550,0.770,2.300,18:35,1,22,unscheduled,2026-04-07,False
2026-04-08 00:03:50,2026-04-08 00:03:50,5,1,2.080,2.080,0.670,1.120,20:03,1,0,unscheduled,2026-04-07,False
2026-04-08 07:02:00,2026-04-08 07:02:00,5,1,1.950,1.950,0.590,6.470,03:02,2,7,unscheduled,2026-04-08,False
2026-04-08 14:31:15,2026-04-08 14:31:15,5,1,1.800,1.800,0.600,2.670,10:31,2,14,unscheduled,2026-04-08,False
2026-04-08 14:52:10,2026-04-08 14:52:10,5,1,1.800,1.800,0.600,5.105,10:52,2,14,unscheduled,2026-04-08,False
2026-04-09 12:29:55,2026-04-09 12:29:55,5,1,2.080,2.080,0.600,0.140,08:29,3,12,scheduled,2026-04-09,False
2026-04-10 12:30:00,2026-04-10 12:30:00,5,1,3.880,3.880,0.600,7.860,08:30,4,12,scheduled,2026-04-10,False
2026-04-10 20:54:05,2026-04-10 20:59:00,300,57,6.010,2.539,0.640,0.365,16:54,4,20,unscheduled,2026-04-10,False
2026-04-12 22:05:00,2026-04-12 22:20:15,920,154,4.230,3.070,0.770,0.955,18:05,6,22,break,2026-04-12,False
2026-04-12 22:26:00,2026-04-12 22:26:50,55,6,2.380,2.355,0.770,1.825,18:26,6,22,break,2026-04-12,False
2026-04-12 22:30:10,2026-04-12 22:30:15,10,2,3.230,2.910,0.770,0.815,18:30,6,22,break,2026-04-12,False
2026-04-12 22:35:30,2026-04-12 22:35:30,5,1,2.480,2.480,0.770,0.345,18:35,6,22,break,2026-04-12,False
2026-04-14 12:29:55,2026-04-14 12:29:55,5,1,2.470,2.470,0.600,0.550,08:29,1,12,scheduled,2026-04-14,False
2026-04-17 20:55:50,2026-04-17 20:55:55,10,2,2.360,2.225,0.640,1.240,16:55,4,20,break,2026-04-17,False
2026-04-17 20:57:00,2026-04-17 20:59:00,125,24,3.010,2.232,0.640,0.955,16:57,4,20,break,2026-04-17,False
2026-04-19 22:04:55,2026-04-19 22:10:35,345,53,4.250,3.163,0.770,47.960,18:04,6,22,break,2026-04-19,False
2026-04-19 23:43:10,2026-04-19 23:43:15,10,2,10.000,7.650,0.730,6.525,19:43,6,23,unscheduled,2026-04-19,False
2026-04-21 12:30:30,2026-04-21 12:30:30,5,1,2.110,2.110,0.600,8.120,08:30,1,12,scheduled,2026-04-21,False
2026-04-24 20:54:00,2026-04-24 20:59:05,310,50,3.060,2.307,0.640,1.245,16:54,4,20,unscheduled,2026-04-24,False
2026-04-29 17:59:55,2026-04-29 18:00:15,25,2,2.340,2.090,0.590,7.650,13:59,2,17,fomc,2026-04-29,False
2026-05-01 20:56:05,2026-05-01 20:59:05,185,19,3.070,2.470,0.640,1.925,16:56,4,20,break,2026-05-01,False
2026-05-04 15:51:25,2026-05-04 15:51:25,5,1,1.830,1.830,0.590,5.620,11:51,0,15,unscheduled,2026-05-04,False
2026-05-04 16:08:05,2026-05-04 16:08:40,40,3,4.120,3.223,0.580,0.505,12:08,0,16,unscheduled,2026-05-04,False
2026-05-06 12:14:55,2026-05-06 12:14:55,5,1,3.060,3.060,0.600,0.820,08:14,2,12,unscheduled,2026-05-06,False
2026-05-08 12:29:55,2026-05-08 12:30:00,10,2,2.250,2.045,0.600,2.570,08:29,4,12,scheduled,2026-05-08,False
2026-05-08 20:58:25,2026-05-08 20:59:05,45,7,2.400,2.156,0.640,0.470,16:58,4,20,break,2026-05-08,False
2026-05-12 22:09:15,2026-05-12 22:09:15,5,1,3.370,3.370,0.770,0.585,18:09,1,22,break,2026-05-12,False
2026-05-12 22:10:40,2026-05-12 22:10:40,5,1,2.620,2.620,0.770,0.855,18:10,1,22,break,2026-05-12,False
2026-05-12 22:17:25,2026-05-12 22:17:25,5,1,2.570,2.570,0.770,0.465,18:17,1,22,unscheduled,2026-05-12,False
2026-05-12 22:18:35,2026-05-12 22:18:50,20,3,4.020,3.097,0.770,0.205,18:18,1,22,unscheduled,2026-05-12,False
2026-05-12 22:32:00,2026-05-12 22:35:10,195,14,3.080,2.636,0.770,0.235,18:32,1,22,unscheduled,2026-05-12,False
2026-05-12 22:36:55,2026-05-12 22:36:55,5,1,2.970,2.970,0.770,0.450,18:36,1,22,unscheduled,2026-05-12,False
2026-05-12 22:38:10,2026-05-12 22:39:25,80,5,2.670,2.454,0.770,0.500,18:38,1,22,unscheduled,2026-05-12,False
2026-05-13 12:30:00,2026-05-13 12:30:00,5,1,2.370,2.370,0.600,5.990,08:30,2,12,scheduled,2026-05-13,False
2026-05-15 20:55:40,2026-05-15 20:59:05,210,32,2.480,2.243,0.640,2.430,16:55,4,20,break,2026-05-15,False
2026-05-17 22:06:45,2026-05-17 22:06:45,5,1,2.370,2.370,0.770,0.905,18:06,6,22,break,2026-05-17,False
2026-05-21 12:29:55,2026-05-21 12:29:55,5,1,2.020,2.020,0.600,0.775,08:29,3,12,scheduled,2026-05-21,False
2026-05-22 20:58:30,2026-05-22 20:59:00,35,2,2.500,2.330,0.640,0.350,16:58,4,20,break,2026-05-22,False
2026-05-26 22:04:55,2026-05-26 22:15:05,615,112,10.000,6.220,0.770,2.305,18:04,1,22,break,2026-05-26,False
2026-05-27 10:46:10,2026-05-27 10:46:10,5,1,2.360,2.360,0.580,3.995,06:46,2,10,unscheduled,2026-05-27,False
2026-06-03 13:59:55,2026-06-03 13:59:55,5,1,2.730,2.730,0.610,2.055,09:59,2,13,scheduled,2026-06-03,False
2026-06-05 12:29:55,2026-06-05 12:29:55,5,1,2.180,2.180,0.600,0.645,08:29,4,12,scheduled,2026-06-05,False
2026-06-10 12:29:55,2026-06-10 12:30:30,40,4,3.550,2.492,0.600,29.750,08:29,2,12,scheduled,2026-06-10,False
2026-06-12 20:55:30,2026-06-12 20:55:30,5,1,2.360,2.360,0.640,0.635,16:55,4,20,break,2026-06-12,False
2026-06-12 20:56:55,2026-06-12 20:57:00,10,2,2.420,2.200,0.640,0.495,16:56,4,20,break,2026-06-12,False
2026-06-14 22:04:55,2026-06-14 22:06:15,85,8,5.570,2.920,0.770,82.210,18:04,6,22,break,2026-06-14,False
2026-06-14 22:07:55,2026-06-14 22:08:35,45,2,2.390,2.370,0.770,0.095,18:07,6,22,break,2026-06-14,False
2026-06-17 18:00:00,2026-06-17 18:00:05,10,2,3.530,3.025,0.590,21.000,14:00,2,18,fomc,2026-06-17,True
2026-06-17 18:31:25,2026-06-17 18:31:25,5,1,1.840,1.840,0.590,6.080,14:31,2,18,unscheduled,2026-06-17,True
2026-06-17 18:35:05,2026-06-17 18:35:05,5,1,1.800,1.800,0.590,2.180,14:35,2,18,unscheduled,2026-06-17,True
2026-06-17 18:39:15,2026-06-17 18:39:15,5,1,1.800,1.800,0.590,0.295,14:39,2,18,unscheduled,2026-06-17,True
2026-06-25 12:29:55,2026-06-25 12:29:55,5,1,2.430,2.430,0.600,0.715,08:29,3,12,scheduled,2026-06-25,False
2026-06-26 20:54:50,2026-06-26 20:59:00,255,41,5.130,2.712,0.640,6.920,16:54,4,20,unscheduled,2026-06-26,False
2026-06-28 22:14:35,2026-06-28 22:14:35,5,1,2.390,2.390,0.770,2.835,18:14,6,22,break,2026-06-28,False
2026-06-30 01:07:35,2026-06-30 01:07:35,5,1,1.980,1.980,0.660,3.000,21:07,0,1,unscheduled,2026-06-29,False
2026-07-02 12:30:00,2026-07-02 12:31:35,100,13,10.000,4.915,0.600,45.735,08:30,3,12,scheduled,2026-07-02,False
2026-07-14 12:29:55,2026-07-14 12:34:20,270,49,10.000,4.655,0.600,67.630,08:29,1,12,scheduled,2026-07-14,False
2026-07-15 12:29:55,2026-07-15 12:29:55,5,1,2.330,2.330,0.600,0.305,08:29,2,12,scheduled,2026-07-15,False
2026-07-17 20:54:45,2026-07-17 20:54:50,10,2,2.150,2.140,0.640,0.230,16:54,4,20,unscheduled,2026-07-17,False
2026-07-17 20:56:50,2026-07-17 20:58:45,120,9,3.060,2.199,0.640,1.610,16:56,4,20,break,2026-07-17,False
2026-07-24 20:59:00,2026-07-24 20:59:05,10,2,2.950,2.525,0.640,0.145,16:59,4,20,break,2026-07-24,False
2026-07-29 18:00:00,2026-07-29 18:02:35,160,11,7.050,2.503,0.590,32.740,14:00,2,18,fomc,2026-07-29,False
2026-07-30 12:29:55,2026-07-30 12:29:55,5,1,1.940,1.940,0.600,0.125,08:29,3,12,scheduled,2026-07-30,False
2026-07-31 20:57:15,2026-07-31 20:59:00,110,13,3.060,2.334,0.640,1.305,16:57,4,20,break,2026-07-31,False
2026-08-07 12:29:45,2026-08-07 12:32:00,140,22,4.100,2.515,0.600,46.660,08:29,4,12,scheduled,2026-08-07,False
2026-08-12 12:29:55,2026-08-12 12:29:55,5,1,3.240,3.240,0.600,4.335,08:29,2,12,scheduled,2026-08-12,False
2026-08-13 12:29:50,2026-08-13 12:29:50,5,1,1.840,1.840,0.600,0.950,08:29,3,12,scheduled,2026-08-13,False
2026-08-14 20:58:55,2026-08-14 20:58:55,5,1,2.100,2.100,0.640,0.010,16:58,4,20,break,2026-08-14,False
2026-08-18 22:04:55,2026-08-18 22:08:50,240,30,3.440,2.588,0.770,8.325,18:04,1,22,break,2026-08-18,False
2026-08-18 22:12:10,2026-08-18 22:12:10,5,1,2.320,2.320,0.770,0.155,18:12,1,22,unscheduled,2026-08-18,False
2026-08-18 22:13:30,2026-08-18 22:17:00,215,18,3.090,2.589,0.770,2.115,18:13,1,22,unscheduled,2026-08-18,False
2026-08-21 20:56:00,2026-08-21 20:56:05,10,2,2.100,2.015,0.640,1.025,16:56,4,20,break,2026-08-21,False
2026-08-21 20:57:50,2026-08-21 20:58:40,55,3,2.050,1.980,0.640,0.525,16:57,4,20,break,2026-08-21,False
2026-08-27 12:29:55,2026-08-27 12:29:55,5,1,1.910,1.910,0.600,0.105,08:29,3,12,scheduled,2026-08-27,False
2026-08-28 13:59:55,2026-08-28 14:00:25,35,6,7.130,3.220,0.610,6.520,09:59,4,13,scheduled,2026-08-28,False
2026-09-01 13:59:55,2026-09-01 13:59:55,5,1,1.960,1.960,0.610,0.340,09:59,1,13,scheduled,2026-09-01,False
2026-09-03 12:30:00,2026-09-03 12:30:35,40,8,4.910,3.042,0.600,8.580,08:30,3,12,scheduled,2026-09-03,False
2026-09-04 12:29:50,2026-09-04 12:30:55,70,14,10.000,5.744,0.600,70.515,08:29,4,12,scheduled,2026-09-04,False
2026-09-04 12:32:40,2026-09-04 12:33:25,50,3,10.000,6.440,0.600,11.170,08:32,4,12,scheduled,2026-09-04,False
2026-09-11 12:29:55,2026-09-11 12:30:15,25,5,10.000,7.862,0.600,41.040,08:29,4,12,scheduled,2026-09-11,False
2026-09-11 20:57:20,2026-09-11 20:58:55,100,4,2.460,2.227,0.640,0.945,16:57,4,20,break,2026-09-11,False
2026-09-16 17:59:40,2026-09-16 18:01:05,90,12,7.170,2.606,0.590,24.630,13:59,2,17,fomc,2026-09-16,False
2026-09-17 12:30:00,2026-09-17 12:30:00,5,1,2.300,2.300,0.600,5.585,08:30,3,12,scheduled,2026-09-17,False
