key,reason,signal_at,side,stop,adverse_fill,outcome,pts,pts_slip,lots,usd,r
s93_fvg_scalp,no_add_to_loser,2026-07-07 08:22:17.167124+00:00,BUY,4.414999999999964,0.3850000000002183,SL,-4.800000000000182,-5.060000000000182,0.08607021517553864,-43.55152887882412,-1.1460928652322138
s99_mss_fvg,no_add_to_loser,2026-07-08 08:47:12.505997+00:00,SELL,12.269999999999982,-3.2200000000002547,TP,21.620000000000346,21.620000000000346,0.03096984515077429,66.9568052159751,1.7620211898940814
s93_fvg_scalp,open_position_cap,2026-07-08 09:16:13.885761+00:00,SELL,6.085000000000036,-0.4450000000001637,TP,9.570000000000164,9.570000000000164,0.06244864420706618,59.76335250616336,1.5727198027937725
s93_fvg_scalp,no_add_to_loser,2026-07-09 12:16:03.754035+00:00,BUY,3.1549999999997453,-0.7649999999994179,SL,-2.3900000000003274,-2.650000000000327,0.1,-26.500000000003272,-0.8399366085580162
s99_mss_fvg,no_add_to_loser,2026-07-10 07:51:20.318427+00:00,SELL,3.7349999999996726,0.1750000000001819,TP,5.430000000000291,5.430000000000291,0.1,54.30000000000291,1.453815261044382
s99_mss_fvg,no_add_to_loser,2026-07-10 09:01:05.885727+00:00,SELL,1.855000000000473,0.8449999999993452,TP,1.9400000000005093,1.9400000000005093,0.1,19.400000000005093,1.045822102425884
s94_sweep_reversal,entry_drift,2026-07-13 06:13:13.011247+00:00,BUY,7.045000000000073,0.8350000000000364,TP,17.359999999999673,17.359999999999673,0.053938963804115836,93.63804116394331,2.4641589779985087
s99_mss_fvg,no_add_to_loser,2026-07-13 08:31:19.566373+00:00,BUY,2.9149999999999636,0.5650000000000546,TP,3.8099999999999454,3.8099999999999454,0.1,38.099999999999454,1.3070325900514557
s93_fvg_scalp,duplicate_entry,2026-07-13 12:01:19.507757+00:00,SELL,3.6900000000000546,0.4499999999998181,SL,-4.139999999999873,-4.3999999999998725,0.1,-43.99999999999873,-1.192411924119189
s99_mss_fvg,sl_too_tight,2026-07-13 12:58:18.187451+00:00,BUY,1.1700000000000728,1.0,TP,0.7599999999997635,0.7599999999997635,0.1,7.599999999997636,0.649572649572407
s99_mss_fvg,no_add_to_loser,2026-07-13 14:26:15.459194+00:00,SELL,13.579999999999927,-5.360000000000127,TP,25.730000000000018,25.730000000000018,0.027982326951399267,71.99852724595036,1.8946980854197464
s93_fvg_scalp,entry_drift,2026-07-13 14:55:03.532278+00:00,SELL,6.385000000000218,1.9549999999999272,SL,-8.340000000000146,-8.600000000000145,0.05951448707908959,-51.18245888801791,-1.3469068128425765
s94_sweep_reversal,metaapi_rejection,2026-07-13 16:47:03.653437+00:00,BUY,10.25,0.5300000000002001,SL,-10.7800000000002,-11.0400000000002,0.037073170731707315,-40.92878048780562,-1.077073170731727
s94_sweep_reversal,sl_too_tight,2026-07-13 22:19:13.224691+00:00,SELL,1.1349999999997635,-0.26499999999987267,TP,8.0300000000002,8.0300000000002,0.1,80.300000000002,7.07488986784306
s94_sweep_reversal,sl_too_tight,2026-07-14 00:05:13.480913+00:00,BUY,0.8399999999996908,1.1199999999998909,SL,-1.9599999999995816,-2.2199999999995814,0.1,-22.199999999995814,-2.6428571428576175
s94_sweep_reversal,entry_drift,2026-07-14 00:21:17.390612+00:00,BUY,3.7100000000000364,3.0799999999999272,TP,16.519999999999982,16.519999999999982,0.1,165.19999999999985,4.452830188679196
s94_sweep_reversal,sl_too_tight,2026-07-14 00:46:15.556694+00:00,SELL,1.3449999999998,0.9050000000002001,SL,-2.25,-2.51,0.1,-25.1,-1.8661710037177497
s99_mss_fvg,sl_too_tight,2026-07-14 07:14:13.066286+00:00,BUY,1.3049999999998363,-0.22499999999990905,TP,2.1799999999998363,2.1799999999998363,0.1,21.799999999998366,1.6704980842912718
s94_sweep_reversal,sl_too_tight,2026-07-14 09:34:18.873215+00:00,BUY,0.6449999999999818,0.36500000000023647,SL,-1.0100000000002183,-1.2700000000002183,0.1,-12.700000000002184,-1.9689922480624094
s99_mss_fvg,sl_too_tight,2026-07-14 11:31:17.620574+00:00,BUY,1.3649999999997817,1.0850000000000364,TP,0.9600000000000364,0.9600000000000364,0.1,9.600000000000364,0.7032967032968425
s94_sweep_reversal,news_blackout,2026-07-14 12:41:05.285886+00:00,SELL,15.554999999999836,3.8850000000002183,TIME,58.38499999999976,58.38499999999976,0.024429443908711282,142.63130826101025,3.7534554805529012
s93_fvg_scalp,open_position_cap,2026-07-14 13:01:13.415863+00:00,SELL,7.815000000000055,-1.1449999999999818,SL,-6.670000000000073,-6.9300000000000725,0.04862444017914234,-33.69673704414599,-0.8867562380038418
s94_sweep_reversal,no_add_to_loser,2026-07-14 15:51:01.314876+00:00,BUY,4.25,-0.4800000000000182,SL,-3.769999999999982,-4.029999999999982,0.08941176470588236,-36.03294117647042,-0.9482352941176427
s94_sweep_reversal,sl_too_tight,2026-07-15 03:41:09.998750+00:00,BUY,1.4100000000003092,0.4099999999998545,SL,-1.8200000000001637,-2.0800000000001635,0.1,-20.800000000001635,-1.4751773049643315
s94_sweep_reversal,sl_too_tight,2026-07-15 06:22:05.420736+00:00,BUY,1.1900000000000546,0.47000000000025466,SL,-1.6600000000003092,-1.9200000000003092,0.1,-19.200000000003094,-1.6134453781514464
s94_sweep_reversal,sl_too_tight,2026-07-15 07:38:09.115927+00:00,BUY,1.4349999999999454,-1.1150000000002365,SL,-0.31999999999970896,-0.579999999999709,0.1,-5.79999999999709,-0.4041811846688021
s94_sweep_reversal,entry_drift,2026-07-15 12:17:12.439459+00:00,SELL,2.7199999999998,0.6199999999998909,SL,-3.3399999999996908,-3.5999999999996906,0.1,-35.99999999999691,-1.3235294117646894
s94_sweep_reversal,sl_too_tight,2026-07-15 12:49:13.002627+00:00,SELL,1.2399999999997817,1.4200000000000728,SL,-2.6599999999998545,-2.9199999999998543,0.1,-29.199999999998543,-2.354838709677716
s94_sweep_reversal,sl_too_tight,2026-07-16 02:53:19.103842+00:00,BUY,1.4650000000001455,2.6950000000001637,TP,4.4099999999998545,4.4099999999998545,0.1,44.099999999998545,3.010238907849431
s99_mss_fvg,entry_drift,2026-07-16 06:13:03.074780+00:00,BUY,2.674999999999727,1.055000000000291,SL,-3.730000000000018,-3.990000000000018,0.1,-39.900000000000176,-1.4915887850468879
s94_sweep_reversal,sl_too_tight,2026-07-16 07:17:13.322128+00:00,BUY,1.1700000000000728,0.8200000000001637,SL,-1.9900000000002365,-2.2500000000002363,0.1,-22.500000000002363,-1.9230769230770055
s93_fvg_scalp,entry_drift,2026-07-16 09:28:05.192812+00:00,BUY,2.5900000000001455,1.9400000000000546,TP,1.949999999999818,1.949999999999818,0.1,19.49999999999818,0.7528957528956404
s93_fvg_scalp,entry_drift,2026-07-16 09:31:10.625308+00:00,SELL,2.525000000000091,1.3150000000000546,TP,2.4699999999998,2.4699999999998,0.1,24.699999999998003,0.9782178217820637
s99_mss_fvg,sl_too_tight,2026-07-16 11:35:12.566880+00:00,SELL,0.6399999999998727,0.9800000000000182,SL,-1.6199999999998909,-1.8799999999998909,0.1,-18.79999999999891,-2.937500000000414
s94_sweep_reversal,news_blackout,2026-07-16 12:26:12.714753+00:00,BUY,5.014999999999873,2.5950000000002547,SL,-7.610000000000127,-7.870000000000127,0.07577268195413951,-59.63310069790876,-1.569292123629178
s94_sweep_reversal,news_blackout,2026-07-16 12:31:20.935643+00:00,BUY,9.304999999999836,7.414999999999964,SL,-16.7199999999998,-16.9799999999998,0.040838259000538064,-69.34336378291283,-1.8248253627082323
s93_fvg_scalp,entry_drift,2026-07-16 13:11:04.546726+00:00,SELL,6.305000000000291,0.6349999999997635,SL,-6.940000000000055,-7.200000000000054,0.06026962727993378,-43.39413164155265,-1.1419508326724381
s94_sweep_reversal,entry_drift,2026-07-16 13:11:07.781119+00:00,BUY,10.715000000000146,2.994999999999891,SL,-13.710000000000036,-13.970000000000036,0.03546430237984086,-49.54363042463781,-1.3037797480167845
s99_mss_fvg,entry_drift,2026-07-16 13:11:13.122683+00:00,SELL,6.305000000000291,1.2550000000001091,SL,-7.5600000000004,-7.8200000000004,0.06026962727993378,-47.130848532910626,-1.2402854877081744
s93_fvg_scalp,entry_drift,2026-07-16 13:22:03.830414+00:00,BUY,7.1899999999996,1.0300000000002,TP,9.75,9.75,0.052851182197499465,51.52990264256198,1.3560500695411046
s94_sweep_reversal,soft_daily_brake,2026-07-16 19:49:17.532427+00:00,BUY,4.900000000000091,0.6899999999995998,TP,7.220000000000255,7.220000000000255,0.07755102040816182,55.991836734694814,1.4734693877551266
s94_sweep_reversal,sl_too_tight,2026-07-17 00:59:03.882383+00:00,SELL,0.5199999999999818,0.7800000000002001,SL,-1.300000000000182,-1.560000000000182,0.1,-15.60000000000182,-3.0000000000004547
s99_mss_fvg,entry_drift,2026-07-17 06:26:11.788748+00:00,BUY,2.1299999999996544,1.8099999999999454,TP,1.3800000000001091,1.3800000000001091,0.1,13.800000000001091,0.6478873239438183
s93_fvg_scalp,duplicate_entry,2026-07-17 08:26:20.679312+00:00,SELL,2.4850000000001273,0.15499999999974534,TP,3.5700000000001637,3.5700000000001637,0.1,35.700000000001644,1.4366197183098515
s99_mss_fvg,entry_drift,2026-07-17 09:00:18.569438+00:00,BUY,1.5549999999998363,1.3150000000000546,TP,1.0199999999999818,1.0199999999999818,0.1,10.199999999999818,0.6559485530547198
s93_fvg_scalp,no_add_to_loser,2026-07-17 12:11:20.518396+00:00,SELL,2.649999999999636,-0.8099999999999454,TP,4.7800000000002,4.7800000000002,0.1,47.800000000002,1.8037735849059835
s99_mss_fvg,news_blackout,2026-07-17 12:31:19.460948+00:00,SELL,1.9600000000000364,3.1099999999996726,TP,-0.169999999999618,-0.169999999999618,0.1,-1.6999999999961803,-0.08673469387735452
s99_mss_fvg,duplicate_entry,2026-07-17 13:05:09.767321+00:00,SELL,5.429999999999836,-0.5199999999999818,TP,8.66000000000031,8.66000000000031,0.0699815837937406,60.604051565381525,1.5948434622468821
s93_fvg_scalp,entry_drift,2026-07-17 13:46:05.636497+00:00,BUY,12.054999999999836,1.6350000000002183,TP,16.449999999999818,16.449999999999818,0.03152218996267152,51.85400248859408,1.3645790128577389
s94_sweep_reversal,entry_drift,2026-07-17 14:01:06.449252+00:00,SELL,5.434999999999945,3.6549999999997453,SL,-9.08999999999969,-9.34999999999969,0.06991720331186822,-65.37258509659463,-1.7203311867524902
s94_sweep_reversal,sl_too_tight,2026-07-17 20:47:15.942259+00:00,SELL,0.3799999999996544,-0.27999999999974534,SL,-0.09999999999990905,-0.35999999999990906,0.1,-3.5999999999990906,-0.9473684210532539
s94_sweep_reversal,entry_drift,2026-07-20 02:56:05.514334+00:00,SELL,5.614999999999782,2.724999999999909,SL,-8.33999999999969,-8.59999999999969,0.067675868210154,-58.201246660730355,-1.5316117542297463
s93_fvg_scalp,entry_drift,2026-07-20 07:52:01.898686+00:00,BUY,3.3299999999999272,2.1400000000003274,TP,2.849999999999909,2.849999999999909,0.1,28.499999999999094,0.8558558558558472
s99_mss_fvg,entry_drift,2026-07-20 07:52:21.000313+00:00,BUY,3.3299999999999272,2.6200000000003456,TP,2.369999999999891,2.369999999999891,0.1,23.699999999998912,0.7117117117116945
s99_mss_fvg,entry_drift,2026-07-20 11:43:01.563294+00:00,BUY,6.660000000000309,1.2399999999997817,SL,-7.900000000000091,-8.16000000000009,0.05705705705705441,-46.55855855855692,-1.225225225225182
s94_sweep_reversal,entry_drift,2026-07-20 12:11:20.562855+00:00,BUY,2.8149999999996,0.625,SL,-3.4399999999996,-3.6999999999995996,0.1,-36.999999999996,-1.3143872113677177
s93_fvg_scalp,entry_drift,2026-07-20 14:58:09.736102+00:00,BUY,4.1349999999997635,0.8049999999998363,TP,5.400000000000091,5.400000000000091,0.09189842805320961,49.62515114873403,1.3059250302298429
s94_sweep_reversal,entry_drift,2026-07-21 01:01:05.041615+00:00,SELL,2.0850000000000364,3.324999999999818,SL,-5.4099999999998545,-5.669999999999854,0.1,-56.69999999999854,-2.7194244604315374
s94_sweep_reversal,entry_drift,2026-07-21 02:46:16.299618+00:00,SELL,10.13000000000011,0.8899999999998727,SL,-11.019999999999982,-11.279999999999982,0.03751233958538953,-42.313919052319314,-1.1135241855873506
s93_fvg_scalp,entry_drift,2026-07-21 07:37:07.811422+00:00,SELL,2.625,1.5950000000002547,TP,2.3399999999996908,2.3399999999996908,0.1,23.399999999996908,0.8914285714284537
s93_fvg_scalp,entry_drift,2026-07-21 07:42:15.650253+00:00,BUY,2.0349999999998545,1.0949999999998,SL,-3.1299999999996544,-3.389999999999654,0.1,-33.899999999996545,-1.6658476658476151
s93_fvg_scalp,duplicate_entry,2026-07-21 08:33:11.271554+00:00,SELL,2.0300000000002,0.8899999999998727,TP,2.150000000000091,2.150000000000091,0.1,21.50000000000091,1.0591133004925513
s99_mss_fvg,entry_drift,2026-07-21 12:46:03.953298+00:00,SELL,3.7899999999999636,0.7599999999997635,SL,-4.549999999999727,-4.809999999999727,0.1,-48.09999999999727,-1.2691292875988847
s99_mss_fvg,soft_daily_brake,2026-07-21 13:51:05.288963+00:00,SELL,1.824999999999818,1.3350000000000364,TP,1.400000000000091,1.400000000000091,0.1,14.00000000000091,0.7671232876713592
s94_sweep_reversal,soft_daily_brake,2026-07-21 14:49:02.409948+00:00,SELL,4.224999999999909,1.3150000000000546,SL,-5.539999999999964,-5.799999999999963,0.0899408284023688,-52.16568047337358,-1.3727810650887784
s99_mss_fvg,sl_too_tight,2026-07-21 15:41:18.402632+00:00,BUY,1.3650000000002365,0.8249999999998181,SL,-2.1900000000000546,-2.4500000000000544,0.1,-24.500000000000544,-1.7948717948715238
s99_mss_fvg,entry_drift,2026-07-22 06:36:07.484100+00:00,SELL,5.720000000000255,0.5900000000001455,TP,7.989999999999782,7.989999999999782,0.06643356643356348,53.08041958041577,1.3968531468530465
s93_fvg_scalp,entry_drift,2026-07-22 07:26:02.167341+00:00,BUY,2.285000000000764,1.5949999999993452,TP,1.8299999999999272,1.8299999999999272,0.1,18.299999999999272,0.8008752735226763
s93_fvg_scalp,metaapi_rejection,2026-07-22 07:55:09.702451+00:00,SELL,2.105000000000473,-0.2849999999998545,TP,3.4399999999996,3.4399999999996,0.1,34.399999999996,1.6342042755338846
s93_fvg_scalp,entry_drift,2026-07-22 09:31:09.690763+00:00,BUY,1.9600000000000364,0.7600000000002183,SL,-2.7200000000002547,-2.9800000000002544,0.1,-29.800000000002548,-1.5204081632654076
s94_sweep_reversal,sl_too_tight,2026-07-22 11:58:05.040974+00:00,SELL,1.3299999999999272,-0.569999999999709,SL,-0.7600000000002183,-1.0200000000002183,0.1,-10.200000000002184,-0.7669172932332888
s93_fvg_scalp,entry_drift,2026-07-22 13:02:20.424701+00:00,SELL,6.575000000000728,2.2249999999994543,SL,-8.800000000000182,-9.060000000000182,0.05779467680607726,-52.361977186307044,-1.3779467680607116
s93_fvg_scalp,metaapi_rejection,2026-07-22 14:16:18.021566+00:00,BUY,6.4650000000001455,-0.8450000000002547,SL,-5.619999999999891,-5.879999999999891,0.058778035576178105,-34.56148491879208,-0.9095127610208443
s93_fvg_scalp,entry_drift,2026-07-22 14:41:18.343295+00:00,SELL,3.9650000000001455,2.494999999999891,TP,3.4500000000007276,3.4500000000007276,0.09583858764186282,33.064312736449644,0.8701134930644643
s99_mss_fvg,metaapi_rejection,2026-07-22 15:18:19.430243+00:00,BUY,4.799999999999272,0.7400000000006912,TP,6.460000000000036,6.460000000000036,0.07916666666667867,51.14166666667471,1.3458333333335448
s99_mss_fvg,metaapi_rejection,2026-07-22 15:56:19.400576+00:00,BUY,2.380000000000109,-0.6900000000005093,SL,-1.6899999999995998,-1.9499999999995998,0.1,-19.499999999996,-0.8193277310922312
s94_sweep_reversal,sl_too_tight,2026-07-22 17:17:02.513521+00:00,BUY,1.0249999999996362,0.8149999999995998,SL,-1.839999999999236,-2.099999999999236,0.1,-20.999999999992358,-2.0487804878048594
s94_sweep_reversal,entry_drift,2026-07-22 23:21:07.095808+00:00,BUY,3.1500000000005457,1.6899999999995998,TP,8.579999999999927,8.579999999999927,0.1,85.79999999999927,2.7238095238090287
s94_sweep_reversal,entry_drift,2026-07-23 06:56:17.947217+00:00,BUY,2.8450000000002547,0.8649999999997817,SL,-3.7100000000000364,-3.970000000000036,0.1,-39.700000000000365,-1.3954305799647384
s99_mss_fvg,duplicate_entry,2026-07-23 07:17:19.876204+00:00,SELL,4.399999999999636,0.05999999999949068,TP,6.540000000000873,6.540000000000873,0.0863636363636435,56.48181818183039,1.4863636363639576
s99_mss_fvg,entry_drift,2026-07-23 08:01:19.618259+00:00,SELL,3.6900000000005093,6.419999999999618,TP,-0.8799999999996544,-0.8799999999996544,0.1,-8.799999999996544,-0.23848238482372167
s93_fvg_scalp,entry_drift,2026-07-23 08:01:20.982753+00:00,SELL,3.6900000000005093,6.419999999999618,TP,-0.8799999999996544,-0.8799999999996544,0.1,-8.799999999996544,-0.23848238482372167
s94_sweep_reversal,sl_too_tight,2026-07-23 10:35:15.805793+00:00,BUY,1.0199999999999818,0.11999999999989086,TP,5.0300000000002,5.0300000000002,0.1,50.300000000002,4.931372549019892
s94_sweep_reversal,entry_drift,2026-07-23 12:17:17.832877+00:00,BUY,3.9149999999999636,1.4349999999999454,SL,-5.349999999999909,-5.609999999999909,0.09706257982120141,-54.45210727969311,-1.4329501915708713
s93_fvg_scalp,no_add_to_loser,2026-07-23 13:20:10.186274+00:00,SELL,8.570000000000164,-1.4800000000000182,SL,-7.0900000000001455,-7.350000000000145,0.04434072345390814,-32.590431738623124,-0.8576429404900823
s100_m3_combo,duplicate_entry,2026-07-23 13:20:19.954067+00:00,SELL,4.050000000000182,-0.32999999999992724,SL,-3.7200000000002547,-3.9800000000002544,0.09382716049382295,-37.34320987654392,-0.9827160493827347
s93_fvg_scalp,metaapi_rejection,2026-07-23 13:39:01.293114+00:00,BUY,5.704999999999927,-0.20499999999992724,SL,-5.5,-5.76,0.06660823838738034,-38.36634531113107,-1.0096406660823967
s100_m3_combo,entry_drift,2026-07-23 14:10:23.096796+00:00,SELL,1.699999999999818,0.4800000000000182,SL,-2.1799999999998363,-2.439999999999836,0.1,-24.39999999999836,-1.435294117647116
s94_sweep_reversal,sl_too_tight,2026-07-23 17:54:12.895423+00:00,BUY,0.4099999999998545,1.2000000000002728,SL,-1.6100000000001273,-1.8700000000001273,0.1,-18.700000000001275,-4.560975609758027
s100_m3_combo,entry_drift,2026-07-24 01:12:18.013544+00:00,SELL,2.8900000000003274,0.75,SL,-3.6400000000003274,-3.900000000000327,0.1,-39.000000000003276,-1.3494809688580918
s94_sweep_reversal,sl_too_tight,2026-07-24 01:13:01.685272+00:00,BUY,0.8550000000000182,1.0950000000002547,SL,-1.9500000000002728,-2.2100000000002726,0.1,-22.10000000000273,-2.584795321637691
s100_m3_combo,sl_too_tight,2026-07-24 04:06:02.487334+00:00,SELL,0.8400000000001455,1.5099999999997635,TP,0.6100000000001273,0.6100000000001273,0.1,6.100000000001274,0.7261904761905019
s100_m3_combo,sl_too_tight,2026-07-24 04:14:17.827563+00:00,SELL,0.5099999999997635,0.44000000000005457,SL,-0.9499999999998181,-1.209999999999818,0.1,-12.099999999998182,-2.3725490196085866
s100_m3_combo,sl_too_tight,2026-07-24 04:58:20.765081+00:00,SELL,1.1100000000001273,0.1999999999998181,SL,-1.3099999999999454,-1.5699999999999454,0.1,-15.699999999999456,-1.414414414414203
s94_sweep_reversal,sl_too_tight,2026-07-24 05:55:09.564560+00:00,BUY,0.599999999999909,0.22000000000025466,SL,-0.8200000000001637,-1.0800000000001637,0.1,-10.800000000001637,-1.8000000000005456
s100_m3_combo,entry_drift,2026-07-24 06:03:18.192503+00:00,SELL,2.4600000000000364,2.0299999999997453,SL,-4.489999999999782,-4.7499999999997815,0.1,-47.49999999999782,-1.930894308942972
s93_fvg_scalp,no_add_to_loser,2026-07-24 07:16:20.654600+00:00,BUY,5.175000000000182,0.6449999999999818,TP,7.119999999999891,7.119999999999891,0.07342995169081867,52.2821256038621,1.3758454106279498
s93_fvg_scalp,duplicate_entry,2026-07-24 08:36:05.106846+00:00,BUY,2.444999999999709,1.0150000000003274,TP,2.650000000000091,2.650000000000091,0.1,26.500000000000913,1.0838445807772623
s99_mss_fvg,duplicate_entry,2026-07-24 08:36:21.093925+00:00,BUY,2.444999999999709,1.7950000000000728,TP,1.8700000000003456,1.8700000000003456,0.1,18.70000000000346,0.7648261758693531
s100_m3_combo,sl_too_tight,2026-07-24 08:47:12.717705+00:00,BUY,1.199999999999818,0.3000000000001819,SL,-1.5,-1.76,0.1,-17.6,-1.466666666666889
s99_mss_fvg,no_add_to_loser,2026-07-24 09:05:14.580355+00:00,BUY,1.75,0.36999999999989086,SL,-2.119999999999891,-2.3799999999998906,0.1,-23.799999999998906,-1.3599999999999375
s94_sweep_reversal,sl_too_tight,2026-07-24 10:18:20.200697+00:00,SELL,0.9500000000002728,-0.8100000000004002,SL,-0.13999999999987267,-0.3999999999998727,0.1,-3.999999999998727,-0.42105263157869244
s99_mss_fvg,sl_too_tight,2026-07-24 10:36:21.284384+00:00,BUY,0.7400000000002365,-0.1000000000003638,SL,-0.6399999999998727,-0.8999999999998727,0.1,-8.999999999998726,-1.2162162162156556
s99_mss_fvg,sl_too_tight,2026-07-24 11:59:16.066487+00:00,SELL,0.6099999999996726,-0.009999999999763531,SL,-0.599999999999909,-0.8599999999999091,0.1,-8.599999999999092,-1.4098360655743782
s94_sweep_reversal,sl_too_tight,2026-07-24 12:48:01.170552+00:00,BUY,0.3900000000003274,0.9800000000000182,SL,-1.3700000000003456,-1.6300000000003456,0.1,-16.300000000003458,-4.179487179484557
s94_sweep_reversal,sl_too_tight,2026-07-24 13:31:11.621441+00:00,BUY,0.5199999999999818,2.0799999999999272,TP,7.569999999999709,7.569999999999709,0.1,75.69999999999709,14.557692307692257
s99_mss_fvg,duplicate_entry,2026-07-24 13:32:16.344286+00:00,SELL,2.6100000000001273,1.6799999999998363,SL,-4.289999999999964,-4.549999999999963,0.1,-45.49999999999964,-1.7432950191569891
s99_mss_fvg,metaapi_rejection,2026-07-24 14:07:10.419304+00:00,BUY,2.869999999999891,-2.949999999999818,SL,0.07999999999992724,-0.18000000000007277,0.1,-1.8000000000007277,-0.06271777003487095
s100_m3_combo,no_add_to_loser,2026-07-24 14:38:18.914922+00:00,BUY,4.690000000000055,0.5599999999999454,TP,11.180000000000291,11.180000000000291,0.08102345415778157,90.58422174840216,2.3837953091684776
s100_m3_combo,entry_drift,2026-07-24 15:42:07.561481+00:00,BUY,2.1700000000000728,0.9599999999995816,SL,-3.1299999999996544,-3.389999999999654,0.1,-33.899999999996545,-1.5622119815666085
s99_mss_fvg,entry_drift,2026-07-24 15:44:04.428473+00:00,BUY,8.38000000000011,1.9699999999998,SL,-10.349999999999909,-10.609999999999909,0.045346062052505375,-48.11217183770779,-1.2661097852028367
s100_m3_combo,sl_too_tight,2026-07-27 01:52:06.984918+00:00,BUY,1.069999999999709,3.3700000000008004,TP,-0.680000000000291,-0.680000000000291,0.1,-6.80000000000291,-0.6355140186920336
s100_m3_combo,entry_drift,2026-07-27 02:04:08.908981+00:00,BUY,2.9799999999995634,1.050000000000182,SL,-4.029999999999745,-4.289999999999745,0.1,-42.89999999999745,-1.439597315436367
s100_m3_combo,sl_too_tight,2026-07-27 04:07:21.352405+00:00,BUY,1.1900000000000546,0.45000000000027285,SL,-1.6400000000003274,-1.9000000000003274,0.1,-19.000000000003276,-1.5966386554623868
s100_m3_combo,sl_too_tight,2026-07-27 04:47:04.425872+00:00,BUY,1.4600000000000364,0.569999999999709,SL,-2.0299999999997453,-2.289999999999745,0.1,-22.89999999999745,-1.568493150684718
s100_m3_combo,entry_drift,2026-07-27 06:06:06.301631+00:00,BUY,3.2100000000000364,2.6100000000001273,TP,5.400000000000091,5.400000000000091,0.1,54.00000000000092,1.682242990654215
s100_m3_combo,sl_too_tight,2026-07-27 06:14:20.036381+00:00,BUY,0.599999999999909,0.6999999999998181,TP,0.8000000000001819,0.8000000000001819,0.1,8.000000000001819,1.3333333333338386
s100_m3_combo,open_position_cap,2026-07-27 06:51:19.572665+00:00,BUY,1.819999999999709,-0.599999999999909,TP,5.160000000000309,5.160000000000309,0.1,51.6000000000031,2.8351648351654584
s100_m3_combo,open_position_cap,2026-07-27 07:16:02.329476+00:00,BUY,2.6900000000005093,1.050000000000182,SL,-3.740000000000691,-4.000000000000691,0.1,-40.000000000006914,-1.4869888475836184
s93_fvg_scalp,duplicate_entry,2026-07-27 07:28:09.435475+00:00,BUY,1.7100000000000364,1.1000000000003638,SL,-2.8100000000004,-3.0700000000004,0.1,-30.700000000004003,-1.7953216374270964
s100_m3_combo,no_add_to_loser,2026-07-27 07:31:05.023026+00:00,BUY,0.75,0.6500000000005457,SL,-1.4000000000005457,-1.6600000000005457,0.1,-16.60000000000546,-2.213333333334061
s100_m3_combo,sl_too_tight,2026-07-27 08:52:19.981561+00:00,BUY,1.2399999999997817,-0.25999999999976353,TP,3.3599999999996726,3.3599999999996726,0.1,33.599999999996726,2.7096774193550517
s99_mss_fvg,sl_too_tight,2026-07-27 09:11:12.445349+00:00,BUY,1.1449999999999818,0.8449999999997999,SL,-1.9899999999997817,-2.2499999999997815,0.1,-22.499999999997815,-1.9650655021832466
s93_fvg_scalp,news_blackout,2026-07-27 12:26:02.513952+00:00,SELL,1.9100000000003092,-0.36000000000012733,SL,-1.550000000000182,-1.810000000000182,0.1,-18.10000000000182,-0.9476439790575334
s99_mss_fvg,news_blackout,2026-07-27 12:26:07.146615+00:00,SELL,1.9100000000003092,-0.6300000000001091,SL,-1.2800000000002,-1.5400000000002,0.1,-15.400000000002,-0.8062827225130632
s94_sweep_reversal,news_blackout,2026-07-27 12:32:02.826846+00:00,BUY,5.2599999999997635,-1.8599999999996726,SL,-3.400000000000091,-3.6600000000000907,0.07224334600760782,-26.441064638785118,-0.6958174904943452
s100_m3_combo,entry_drift,2026-07-27 13:36:04.475460+00:00,SELL,2.2599999999997635,1.7300000000000182,SL,-3.9899999999997817,-4.2499999999997815,0.1,-42.49999999999782,-1.8805309734514275
s100_m3_combo,entry_drift,2026-07-27 14:34:02.142578+00:00,SELL,2.819999999999709,2.7200000000002547,SL,-5.539999999999964,-5.799999999999963,0.1,-57.99999999999964,-2.0567375886526817
s99_mss_fvg,duplicate_entry,2026-07-27 14:36:09.193272+00:00,SELL,3.75,0.8200000000001637,SL,-4.570000000000164,-4.8300000000001635,0.1,-48.30000000000164,-1.2880000000000436
s100_m3_combo,soft_daily_brake,2026-07-27 15:43:18.813279+00:00,SELL,1.5099999999997635,0.45000000000027285,SL,-1.9600000000000364,-2.220000000000036,0.1,-22.200000000000365,-1.470198675496943
s94_sweep_reversal,sl_too_tight,2026-07-28 00:02:07.061868+00:00,BUY,1.2399999999997817,0.32999999999992724,SL,-1.569999999999709,-1.829999999999709,0.1,-18.29999999999709,-1.4758064516129283
s100_m3_combo,sl_too_tight,2026-07-28 01:04:08.658176+00:00,SELL,1.4700000000002547,0.5499999999997272,TP,3.150000000000091,3.150000000000091,0.1,31.50000000000091,2.1428571428568337
s100_m3_combo,entry_drift,2026-07-28 01:51:11.953776+00:00,SELL,3.2899999999999636,1.099999999999909,TIME,4.265000000000327,4.265000000000327,0.1,42.650000000003274,1.29635258358674
s94_sweep_reversal,sl_too_tight,2026-07-28 01:52:11.789985+00:00,BUY,1.4899999999997817,-1.2100000000000364,SL,-0.27999999999974534,-0.5399999999997454,0.1,-5.399999999997454,-0.3624161073824325
s100_m3_combo,sl_too_tight,2026-07-28 02:21:20.733242+00:00,SELL,1.2800000000002,0.2699999999999818,TP,2.9299999999998363,2.9299999999998363,0.1,29.299999999998366,2.289062499999514
s100_m3_combo,sl_too_tight,2026-07-28 02:32:19.082394+00:00,SELL,1.2800000000002,1.900000000000091,TP,1.3099999999999454,1.3099999999999454,0.1,13.099999999999454,1.0234374999997975
s100_m3_combo,sl_too_tight,2026-07-28 03:05:12.431537+00:00,SELL,1.2799999999997453,1.0300000000002,SL,-2.3099999999999454,-2.569999999999945,0.1,-25.699999999999452,-2.0078125000003566
s100_m3_combo,sl_too_tight,2026-07-28 04:36:16.751834+00:00,SELL,1.099999999999909,0.38000000000010914,SL,-1.4800000000000182,-1.7400000000000182,0.1,-17.400000000000183,-1.5818181818183292
s100_m3_combo,entry_drift,2026-07-28 04:55:06.236893+00:00,SELL,2.2599999999997635,0.8000000000001819,TP,4.8400000000001455,4.8400000000001455,0.1,48.400000000001455,2.1415929203542707
s94_sweep_reversal,sl_too_tight,2026-07-28 05:32:20.411306+00:00,BUY,0.45499999999992724,-0.3449999999997999,SL,-0.11000000000012733,-0.37000000000012734,0.1,-3.700000000001274,-0.8131868131872231
s94_sweep_reversal,no_add_to_loser,2026-07-28 06:55:16.198704+00:00,SELL,1.2800000000002,0.2199999999997999,SL,-1.5,-1.76,0.1,-17.6,-1.374999999999785
s100_m3_combo,sl_too_tight,2026-07-28 08:24:19.017133+00:00,SELL,0.650000000000091,0.6799999999998363,SL,-1.3299999999999272,-1.5899999999999272,0.1,-15.899999999999274,-2.446153846153392
s100_m3_combo,entry_drift,2026-07-28 08:38:20.288490+00:00,SELL,3.0399999999999636,0.8099999999999454,TP,6.800000000000182,6.800000000000182,0.1,68.00000000000182,2.2368421052632446
s100_m3_combo,open_position_cap,2026-07-28 08:50:20.440102+00:00,SELL,1.3800000000001091,1.0199999999999818,TP,2.4299999999998363,2.4299999999998363,0.1,24.299999999998363,1.7608695652171333
s93_fvg_scalp,entry_drift,2026-07-28 09:48:07.512927+00:00,SELL,2.4450000000001637,3.724999999999909,TP,-0.05999999999994543,-0.05999999999994543,0.1,-0.5999999999994543,-0.024539877300589534
s99_mss_fvg,entry_drift,2026-07-28 09:48:16.347139+00:00,SELL,2.4450000000001637,3.9149999999999636,TP,-0.25,-0.25,0.1,-2.5,-0.1022494887525494
s93_fvg_scalp,news_blackout,2026-07-28 12:32:05.920518+00:00,BUY,2.4900000000002365,-0.22000000000025466,SL,-2.269999999999982,-2.5299999999999816,0.1,-25.299999999999816,-1.0160642570280085
s100_m3_combo,entry_drift,2026-07-28 13:43:14.728603+00:00,SELL,5.319999999999709,1.8600000000001273,SL,-7.179999999999836,-7.439999999999836,0.07142857142857534,-53.14285714285888,-1.3984962406015495
s99_mss_fvg,entry_drift,2026-07-28 13:46:04.185570+00:00,SELL,2.6950000000001637,2.724999999999909,SL,-5.420000000000073,-5.6800000000000725,0.1,-56.80000000000073,-2.1076066790351495
s93_fvg_scalp,entry_drift,2026-07-28 13:46:10.262076+00:00,SELL,2.6950000000001637,2.174999999999727,SL,-4.869999999999891,-5.129999999999891,0.1,-51.29999999999891,-1.903525046382033
s100_m3_combo,entry_drift,2026-07-28 14:25:10.482591+00:00,SELL,4.460000000000036,1.0799999999999272,SL,-5.539999999999964,-5.799999999999963,0.0852017937219724,-49.41704035874368,-1.3004484304932546
s99_mss_fvg,no_add_to_loser,2026-07-28 14:30:18.301380+00:00,SELL,5.494999999999891,-0.775000000000091,SL,-4.7199999999998,-4.9799999999998,0.06915377616014697,-34.4385805277518,-0.9062784349408368
s93_fvg_scalp,metaapi_rejection,2026-07-28 14:58:11.656982+00:00,BUY,3.0900000000001455,-0.16000000000030923,SL,-2.9299999999998363,-3.189999999999836,0.1,-31.899999999998364,-1.032362459546824
s100_m3_combo,entry_drift,2026-07-28 15:07:07.825301+00:00,SELL,2.3400000000001455,1.9600000000000364,SL,-4.300000000000182,-4.560000000000182,0.1,-45.60000000000181,-1.9487179487179052
s100_m3_combo,entry_drift,2026-07-29 01:11:12.879863+00:00,SELL,4.789999999999964,1.599999999999909,SL,-6.389999999999873,-6.6499999999998725,0.07933194154488578,-52.75574112734803,-1.3883089770354746
s94_sweep_reversal,sl_too_tight,2026-07-29 02:16:14.013154+00:00,SELL,0.9450000000001637,0.5349999999998545,SL,-1.4800000000000182,-1.7400000000000182,0.1,-17.400000000000183,-1.8412698412695416
s100_m3_combo,open_position_cap,2026-07-29 02:46:06.295605+00:00,BUY,1.7200000000002547,-0.4800000000000182,SL,-1.2400000000002365,-1.5000000000002365,0.1,-15.000000000002366,-0.8720930232558223
s100_m3_combo,sl_too_tight,2026-07-29 04:34:22.016891+00:00,SELL,1.0099999999997635,-0.5799999999999272,SL,-0.4299999999998363,-0.6899999999998363,0.1,-6.8999999999983626,-0.683168316831681
s100_m3_combo,open_position_cap,2026-07-29 06:33:16.200737+00:00,BUY,2.769999999999982,0.3200000000001637,SL,-3.0900000000001455,-3.3500000000001453,0.1,-33.50000000000146,-1.2093862815885081
s99_mss_fvg,sl_too_tight,2026-07-29 06:43:01.885603+00:00,BUY,1.1149999999997817,0.7649999999998727,SL,-1.8799999999996544,-2.139999999999654,0.1,-21.399999999996545,-1.9192825112108278
s100_m3_combo,sl_too_tight,2026-07-29 06:50:05.795971+00:00,BUY,1.4700000000002547,1.3699999999998909,TP,2.3200000000001637,2.3200000000001637,0.1,23.200000000001637,1.5782312925168447
s99_mss_fvg,sl_too_tight,2026-07-29 07:17:18.054125+00:00,BUY,0.7849999999998545,0.5050000000001091,TP,0.6700000000000728,0.6700000000000728,0.1,6.700000000000728,0.8535031847136267
s94_sweep_reversal,sl_too_tight,2026-07-29 07:38:20.548122+00:00,SELL,0.7549999999996544,0.2450000000003456,TP,3.8899999999998727,3.8899999999998727,0.1,38.89999999999873,5.1523178807968915
s93_fvg_scalp,sl_too_tight,2026-07-29 08:39:05.455070+00:00,SELL,1.3949999999999818,-0.06500000000005457,SL,-1.3299999999999272,-1.5899999999999272,0.1,-15.899999999999274,-1.139784946236522
s99_mss_fvg,sl_too_tight,2026-07-29 08:39:20.964290+00:00,SELL,1.3949999999999818,0.6849999999999454,SL,-2.0799999999999272,-2.339999999999927,0.1,-23.39999999999927,-1.6774193548386793
s100_m3_combo,sl_too_tight,2026-07-29 08:40:11.088728+00:00,BUY,1.1300000000001091,0.8399999999996908,SL,-1.9699999999998,-2.2299999999997997,0.1,-22.299999999998,-1.9734513274332603
s99_mss_fvg,no_add_to_loser,2026-07-29 09:43:19.754544+00:00,SELL,1.550000000000182,0.25999999999976353,SL,-1.8099999999999454,-2.069999999999945,0.1,-20.699999999999452,-1.3354838709675498
s99_mss_fvg,sl_too_tight,2026-07-29 10:51:12.300023+00:00,SELL,1.4099999999998545,-0.42000000000007276,SL,-0.9899999999997817,-1.2499999999997817,0.1,-12.499999999997819,-0.8865248226949721
s99_mss_fvg,news_blackout,2026-07-29 12:35:12.076770+00:00,SELL,2.244999999999891,-0.26499999999987267,SL,-1.9800000000000182,-2.240000000000018,0.1,-22.40000000000018,-0.9977728285078517
s93_fvg_scalp,news_blackout,2026-07-29 12:35:18.747622+00:00,SELL,2.244999999999891,-0.36500000000023647,SL,-1.8799999999996544,-2.139999999999654,0.1,-21.399999999996545,-0.9532293986635894
s100_m3_combo,entry_drift,2026-07-29 13:12:05.256270+00:00,SELL,4.079999999999927,2.019999999999982,SL,-6.099999999999909,-6.359999999999909,0.09313725490196245,-59.23529411764727,-1.5588235294117703
s100_m3_combo,entry_drift,2026-07-29 13:15:11.411797+00:00,SELL,3.5899999999996908,1.6100000000001273,SL,-5.199999999999818,-5.459999999999818,0.1,-54.59999999999818,-1.5208913649025873
s100_m3_combo,entry_drift,2026-07-29 13:35:11.330335+00:00,SELL,4.619999999999891,-0.4099999999998545,TP,11.960000000000036,11.960000000000036,0.0822510822510842,98.37229437229699,2.5887445887446576
s100_m3_combo,entry_drift,2026-07-29 13:54:08.764458+00:00,SELL,4.510000000000218,1.0199999999999818,TP,10.259999999999764,10.259999999999764,0.08425720620842164,86.44789356983861,2.274944567627332
s93_fvg_scalp,no_add_to_loser,2026-07-29 14:23:11.249638+00:00,SELL,3.005000000000109,0.3949999999999818,TP,4.110000000000127,4.110000000000127,0.1,41.10000000000127,1.3677204658901758
s100_m3_combo,sl_too_tight,2026-07-29 14:55:08.833467+00:00,SELL,1.0,0.6599999999998545,TP,1.8500000000003638,1.8500000000003638,0.1,18.500000000003638,1.8500000000003638
s94_sweep_reversal,entry_drift,2026-07-29 17:21:18.557867+00:00,SELL,3.150000000000091,0.5599999999999454,SL,-3.7100000000000364,-3.970000000000036,0.1,-39.700000000000365,-1.2603174603174354
s100_m3_combo,entry_drift,2026-07-30 04:45:02.516977+00:00,SELL,1.699999999999818,1.9299999999998363,SL,-3.6299999999996544,-3.889999999999654,0.1,-38.899999999996545,-2.2882352941176887
s94_sweep_reversal,sl_too_tight,2026-07-30 05:18:04.988495+00:00,BUY,1.2350000000001273,-1.6749999999997272,SL,0.4399999999995998,0.1799999999995998,0.1,1.7999999999959981,0.14574898785391194
s100_m3_combo,metaapi_rejection,2026-07-30 05:29:10.503343+00:00,SELL,2.119999999999891,-0.01999999999998181,SL,-2.099999999999909,-2.359999999999909,0.1,-23.59999999999909,-1.1132075471698257
s100_m3_combo,entry_drift,2026-07-30 05:43:19.939707+00:00,SELL,6.889999999999873,1.430000000000291,TIME,-3.200000000000273,-3.200000000000273,0.055152394775037306,-17.648766328013444,-0.4644412191582485
s93_fvg_scalp,soft_daily_brake,2026-07-30 08:54:11.358752+00:00,BUY,4.154999999999745,0.1449999999999818,TP,6.0900000000001455,6.0900000000001455,0.09145607701564941,55.696750902531825,1.4657039711192583
s99_mss_fvg,soft_daily_brake,2026-07-30 08:54:14.951391+00:00,BUY,4.154999999999745,0.5850000000000364,TP,5.650000000000091,5.650000000000091,0.09145607701564941,51.67268351384274,1.3598074608905986
s93_fvg_scalp,soft_daily_brake,2026-07-30 09:11:01.067636+00:00,BUY,4.919999999999618,0.7000000000002728,SL,-5.619999999999891,-5.879999999999891,0.07723577235772958,-45.41463414634415,-1.1951219512195828
s100_m3_combo,soft_daily_brake,2026-07-30 13:11:14.966416+00:00,BUY,3.9900000000002365,0.4299999999998363,TP,9.539999999999964,9.539999999999964,0.0952380952380896,90.85714285713713,2.3909774436088718
s94_sweep_reversal,soft_daily_brake,2026-07-30 13:23:01.200284+00:00,SELL,3.9099999999998545,0.3400000000001455,SL,-4.25,-4.51,0.09718670076726704,-43.83120204603743,-1.1534526854220377
s100_m3_combo,soft_daily_brake,2026-07-30 14:05:15.901697+00:00,BUY,5.4399999999996,0.4500000000007276,SL,-5.890000000000327,-6.150000000000327,0.06985294117647572,-42.959558823534856,-1.1305147058824963
s99_mss_fvg,soft_daily_brake,2026-07-30 14:06:03.583857+00:00,BUY,5.515000000000327,-0.4350000000004002,SL,-5.079999999999927,-5.339999999999927,0.06890299184043108,-36.7941976427897,-0.9682683590207815
s93_fvg_scalp,soft_daily_brake,2026-07-30 14:06:09.954093+00:00,BUY,5.515000000000327,-1.675000000000182,SL,-3.8400000000001455,-4.100000000000145,0.06890299184043108,-28.25022665457774,-0.7434270172257301
s93_fvg_scalp,soft_daily_brake,2026-07-30 14:34:17.044543+00:00,SELL,6.175000000000182,2.3049999999993815,SL,-8.479999999999563,-8.739999999999563,0.061538461538459724,-53.784615384611115,-1.4153846153845029
s93_fvg_scalp,soft_daily_brake,2026-07-30 14:51:05.108811+00:00,BUY,6.0099999999997635,0.09000000000014552,SL,-6.099999999999909,-6.359999999999909,0.06322795341098418,-40.21297836938536,-1.0582362728785621
s100_m3_combo,soft_daily_brake,2026-07-30 14:56:09.961384+00:00,BUY,9.789999999999964,2.3900000000003274,SL,-12.180000000000291,-12.44000000000029,0.038815117466803,-48.28600612870406,-1.2706843718080016
s99_mss_fvg,soft_daily_brake,2026-07-30 15:16:08.955118+00:00,SELL,7.205000000000382,-0.4149999999999636,SL,-6.790000000000418,-7.050000000000418,0.052741151977790404,-37.18251214434444,-0.9784871616932748
s100_m3_combo,soft_daily_brake,2026-07-30 15:24:12.236834+00:00,BUY,6.289999999999964,0.9600000000000364,TP,14.760000000000218,14.760000000000218,0.06041335453100194,89.17011128776018,2.346581875993689
s100_m3_combo,soft_daily_brake,2026-07-30 15:39:04.759542+00:00,BUY,4.720000000000255,0.4399999999995998,TP,11.340000000000146,11.340000000000146,0.08050847457626684,91.29661016948776,2.402542372881257
s100_m3_combo,entry_drift,2026-07-31 01:19:02.946610+00:00,SELL,2.980000000000018,1.0499999999997272,SL,-4.029999999999745,-4.289999999999745,0.1,-42.89999999999745,-1.4395973154361472
s100_m3_combo,entry_drift,2026-07-31 01:54:11.907800+00:00,SELL,1.7399999999997817,1.6900000000000546,SL,-3.4299999999998363,-3.689999999999836,0.1,-36.899999999998364,-2.1206896551725856
s94_sweep_reversal,sl_too_tight,2026-07-31 02:02:02.467326+00:00,BUY,1.2300000000000182,-0.2800000000002001,SL,-0.9499999999998181,-1.209999999999818,0.1,-12.099999999998182,-0.9837398373982116
s100_m3_combo,entry_drift,2026-07-31 02:49:04.218282+00:00,SELL,2.5900000000001455,2.449999999999818,TIME,-0.2800000000002001,-0.2800000000002001,0.1,-2.800000000002001,-0.1081081081081793
s100_m3_combo,open_position_cap,2026-07-31 03:21:08.473533+00:00,SELL,2.5300000000002,-0.03000000000020009,SL,-2.5,-2.76,0.1,-27.599999999999998,-1.0909090909090045
s100_m3_combo,sl_too_tight,2026-07-31 04:55:17.622301+00:00,SELL,1.1700000000000728,-0.8500000000003638,SL,-0.31999999999970896,-0.579999999999709,0.1,-5.79999999999709,-0.49572649572621613
s100_m3_combo,sl_too_tight,2026-07-31 05:49:18.940601+00:00,SELL,1.3400000000001455,0.7899999999999636,SL,-2.130000000000109,-2.390000000000109,0.1,-23.90000000000109,-1.7835820895521264
s100_m3_combo,sl_too_tight,2026-07-31 06:04:18.279828+00:00,SELL,1.4699999999998,-1.800000000000182,SL,0.330000000000382,0.07000000000038198,0.1,0.7000000000038198,0.04761904761931395
s100_m3_combo,metaapi_rejection,2026-07-31 06:28:05.573024+00:00,SELL,2.069999999999709,-1.319999999999709,SL,-0.75,-1.01,0.1,-10.100000000000001,-0.4879227053140783
s100_m3_combo,open_position_cap,2026-07-31 07:27:05.200194+00:00,SELL,2.5,-0.01999999999998181,TP,6.269999999999982,6.269999999999982,0.1,62.699999999999825,2.507999999999993
s100_m3_combo,open_position_cap,2026-07-31 08:38:04.964204+00:00,SELL,2.019999999999982,0.3400000000001455,SL,-2.3600000000001273,-2.620000000000127,0.1,-26.20000000000127,-1.2970297029703717
s99_mss_fvg,sl_too_tight,2026-07-31 10:31:03.049900+00:00,SELL,1.1900000000000546,-0.6100000000001273,SL,-0.5799999999999272,-0.8399999999999272,0.1,-8.399999999999274,-0.7058823529410829
s94_sweep_reversal,sl_too_tight,2026-07-31 11:23:02.371601+00:00,SELL,1.1849999999999454,-0.20499999999992724,SL,-0.9800000000000182,-1.2400000000000182,0.1,-12.400000000000183,-1.0464135021097682
s94_sweep_reversal,sl_too_tight,2026-07-31 13:35:01.110344+00:00,BUY,0.6700000000000728,-1.3099999999999454,SL,0.6399999999998727,0.37999999999987266,0.1,3.7999999999987266,0.567164179104226
s100_m3_combo,open_position_cap,2026-07-31 13:39:03.909398+00:00,SELL,5.0,0.9600000000000364,SL,-5.960000000000036,-6.220000000000036,0.076,-47.272000000000276,-1.2440000000000073
s100_m3_combo,metaapi_rejection,2026-07-31 15:08:05.886380+00:00,SELL,3.5799999999999272,0.2199999999997999,SL,-3.799999999999727,-4.059999999999727,0.1,-40.59999999999727,-1.1340782122904496
s100_m3_combo,entry_drift,2026-07-31 15:33:05.097586+00:00,SELL,4.519999999999982,0.5,SL,-5.019999999999982,-5.279999999999982,0.08407079646017733,-44.389380530973476,-1.1681415929203547
s94_sweep_reversal,sl_too_tight,2026-07-31 17:46:01.131788+00:00,SELL,0.8649999999997817,1.3650000000002365,SL,-2.230000000000018,-2.490000000000018,0.1,-24.90000000000018,-2.878612716763753
s100_m3_combo,sl_too_tight,2026-08-03 03:08:02.491535+00:00,BUY,0.9099999999998545,0.38999999999987267,TP,1.8800000000001091,1.8800000000001091,0.1,18.800000000001095,2.0659340659345165
s100_m3_combo,open_position_cap,2026-08-03 04:29:05.693371+00:00,BUY,1.6299999999996544,0.5300000000002001,SL,-2.1599999999998545,-2.4199999999998543,0.1,-24.199999999998546,-1.484662576687342
s100_m3_combo,open_position_cap,2026-08-03 04:37:03.532557+00:00,BUY,1.9400000000000546,-0.6100000000001273,SL,-1.3299999999999272,-1.5899999999999272,0.1,-15.899999999999274,-0.8195876288659188
s99_mss_fvg,no_add_to_loser,2026-08-03 06:09:01.370393+00:00,BUY,2.9899999999997817,0.7699999999999818,SL,-3.7599999999997635,-4.019999999999763,0.1,-40.19999999999764,-1.3444816053511897
s93_fvg_scalp,entry_drift,2026-08-03 07:26:03.663656+00:00,SELL,6.045000000000073,0.9549999999999272,SL,-7.0,-7.26,0.06286186931348146,-45.63771712158754,-1.200992555831251
s100_m3_combo,sl_too_tight,2026-08-03 08:33:06.133776+00:00,SELL,1.1900000000000546,1.1600000000003092,SL,-2.350000000000364,-2.6100000000003636,0.1,-26.100000000003636,-2.1932773109245747
s99_mss_fvg,sl_too_tight,2026-08-03 11:04:02.357007+00:00,SELL,0.7699999999999818,0.38999999999987267,SL,-1.1599999999998545,-1.4199999999998545,0.1,-14.199999999998544,-1.8441558441556987
s99_mss_fvg,entry_drift,2026-08-03 14:36:02.283693+00:00,SELL,2.3799999999996544,2.9400000000000546,TP,0.6300000000001091,0.6300000000001091,0.1,6.300000000001092,0.26470588235302545
s100_m3_combo,open_position_cap,2026-08-03 15:37:03.716522+00:00,SELL,2.5,0.8400000000001455,SL,-3.3400000000001455,-3.6000000000001453,0.1,-36.00000000000145,-1.4400000000000581
s94_sweep_reversal,entry_drift,2026-08-04 02:40:03.918175+00:00,SELL,5.200000000000273,1.7399999999997817,SL,-6.940000000000055,-7.200000000000054,0.07307692307691924,-52.61538461538224,-1.3846153846153224
s100_m3_combo,sl_too_tight,2026-08-04 03:58:22.421531+00:00,BUY,1.2799999999997453,-0.9699999999997999,SL,-0.30999999999994543,-0.5699999999999454,0.1,-5.699999999999455,-0.44531250000004596
s94_sweep_reversal,sl_too_tight,2026-08-04 04:56:04.104109+00:00,SELL,1.3049999999998363,0.9850000000001273,TP,5.440000000000055,5.440000000000055,0.1,54.400000000000546,4.168582375479492
s100_m3_combo,sl_too_tight,2026-08-04 05:35:03.629413+00:00,BUY,1.0099999999997635,0.49000000000023647,SL,-1.5,-1.76,0.1,-17.6,-1.7425742574261505
s100_m3_combo,entry_drift,2026-08-04 06:20:01.020854+00:00,BUY,1.5199999999999818,0.5799999999999272,SL,-2.099999999999909,-2.359999999999909,0.1,-23.59999999999909,-1.552631578947327
s93_fvg_scalp,entry_drift,2026-08-04 08:11:03.213824+00:00,BUY,3.75,0.75,SL,-4.5,-4.76,0.1,-47.599999999999994,-1.2693333333333332
s99_mss_fvg,entry_drift,2026-08-04 08:11:04.579426+00:00,BUY,3.75,0.7599999999997635,SL,-4.5099999999997635,-4.769999999999763,0.1,-47.69999999999763,-1.271999999999937
s99_mss_fvg,entry_drift,2026-08-04 09:17:05.749244+00:00,SELL,2.230000000000018,0.9500000000002728,TP,2.399999999999636,2.399999999999636,0.1,23.999999999996362,1.0762331838563304
s99_mss_fvg,sl_too_tight,2026-08-04 11:42:21.841707+00:00,BUY,0.9899999999997817,-0.4099999999998545,SL,-0.5799999999999272,-0.8399999999999272,0.1,-8.399999999999274,-0.8484848484849621
s94_sweep_reversal,news_blackout,2026-08-04 12:36:03.081091+00:00,SELL,5.675000000000182,-3.6950000000001637,SL,-1.9800000000000182,-2.240000000000018,0.06696035242290534,-14.999118942730917,-0.3947136563876557
s93_fvg_scalp,entry_drift,2026-08-04 12:50:05.582111+00:00,BUY,6.869999999999891,0.9099999999998545,SL,-7.779999999999745,-8.039999999999745,0.05531295487627453,-44.47161572052331,-1.1703056768558766
s93_fvg_scalp,metaapi_rejection,2026-08-04 13:11:05.564358+00:00,SELL,4.75,0.6199999999998909,SL,-5.369999999999891,-5.629999999999891,0.08,-45.039999999999125,-1.185263157894714
s94_sweep_reversal,entry_drift,2026-08-04 13:37:01.583092+00:00,SELL,4.1550000000002,3.5549999999998363,SL,-7.710000000000036,-7.970000000000036,0.0914560770156394,-72.89049338146494,-1.9181708784596034
s94_sweep_reversal,sl_too_tight,2026-08-04 20:26:23.533696+00:00,BUY,0.6549999999997453,0.6649999999999636,TP,7.330000000000382,7.330000000000382,0.1,73.30000000000383,11.190839694661422
s99_mss_fvg,no_add_to_loser,2026-08-05 06:18:04.789944+00:00,BUY,4.020000000000437,-0.9899999999997817,SL,-3.030000000000655,-3.2900000000006546,0.09452736318406933,-31.099502487565,-0.8184079601990789
s100_m3_combo,entry_drift,2026-08-05 06:40:04.646379+00:00,BUY,4.630000000000109,1.730000000000473,SL,-6.360000000000582,-6.620000000000582,0.08207343412526805,-54.332613390932224,-1.4298056155508478
s99_mss_fvg,entry_drift,2026-08-05 06:45:01.399023+00:00,BUY,5.890000000000327,3.399999999999636,SL,-9.289999999999964,-9.549999999999963,0.06451612903225448,-61.612903225802796,-1.621392190152705
s99_mss_fvg,entry_drift,2026-08-05 08:01:02.460097+00:00,SELL,3.9350000000004,1.5649999999995998,TP,4.3400000000001455,4.3400000000001455,0.09656925031765219,41.911054637862456,1.1029224904700645
s93_fvg_scalp,entry_drift,2026-08-05 08:01:03.404703+00:00,SELL,3.9350000000004,1.5649999999995998,TP,4.3400000000001455,4.3400000000001455,0.09656925031765219,41.911054637862456,1.1029224904700645
s99_mss_fvg,entry_drift,2026-08-05 09:33:01.594873+00:00,SELL,1.6350000000002183,1.6049999999995634,TP,0.8500000000003638,0.8500000000003638,0.1,8.500000000003638,0.5198776758411316
s93_fvg_scalp,news_blackout,2026-08-05 12:30:04.705624+00:00,BUY,6.545000000000073,3.464999999999236,SL,-10.009999999999309,-10.269999999999309,0.05805958747135153,-59.627196333074004,-1.5691367456072107
s99_mss_fvg,news_blackout,2026-08-05 12:30:05.583812+00:00,BUY,6.545000000000073,3.464999999999236,SL,-10.009999999999309,-10.269999999999309,0.05805958747135153,-59.627196333074004,-1.5691367456072107
s93_fvg_scalp,entry_drift,2026-08-05 13:01:02.023424+00:00,SELL,3.625,1.1649999999999636,SL,-4.789999999999964,-5.049999999999963,0.1,-50.49999999999963,-1.393103448275852
s100_m3_combo,entry_drift,2026-08-05 14:23:01.474122+00:00,BUY,5.3200000000006185,0.4499999999998181,TP,12.840000000000146,12.840000000000146,0.07142857142856313,91.71428571427609,2.4135338345862127
s100_m3_combo,open_position_cap,2026-08-05 15:07:04.806711+00:00,BUY,10.890000000000327,-0.7600000000002183,SL,-10.13000000000011,-10.390000000000109,0.034894398530761116,-36.25528007346118,-0.9540863177226627
s100_m3_combo,open_position_cap,2026-08-05 15:16:03.782118+00:00,BUY,3.6899999999996,-3.25,SL,-0.4399999999995998,-0.6999999999995998,0.1,-6.999999999995998,-0.18970189701888232
s99_mss_fvg,entry_drift,2026-08-05 15:19:02.206184+00:00,BUY,8.015000000000327,2.3350000000000364,TP,9.6899999999996,9.6899999999996,0.0474111041796612,45.941359950089804,1.2089831565813105
s100_m3_combo,entry_drift,2026-08-05 15:29:03.953851+00:00,BUY,5.149999999999636,1.3400000000001455,SL,-6.489999999999782,-6.7499999999997815,0.07378640776699551,-49.80582524272035,-1.3106796116505357
s94_sweep_reversal,metaapi_rejection,2026-08-06 00:34:04.882249+00:00,SELL,2.9799999999995634,-4.369999999999891,SL,1.3900000000003274,1.1300000000003274,0.1,11.300000000003275,0.37919463087264865
s100_m3_combo,entry_drift,2026-08-06 01:43:01.642893+00:00,BUY,5.260000000000218,0.4499999999998181,SL,-5.710000000000036,-5.970000000000036,0.07224334600760156,-43.12927756653839,-1.1349809885931157
s100_m3_combo,entry_drift,2026-08-06 06:16:05.558745+00:00,SELL,4.960000000000036,2.4400000000005093,TIME,-3.6200000000008004,-3.6200000000008004,0.07661290322580588,-27.73387096774786,-0.7298387096775754
s100_m3_combo,sl_too_tight,2026-08-06 06:46:03.484723+00:00,SELL,0.9900000000006912,0.6999999999998181,TP,1.7600000000002183,1.7600000000002183,0.1,17.600000000002183,1.777777777776757
s99_mss_fvg,no_add_to_loser,2026-08-06 07:55:02.853644+00:00,SELL,2.4200000000000728,-1.1500000000005457,SL,-1.269999999999527,-1.529999999999527,0.1,-15.299999999995272,-0.6322314049584633
s93_fvg_scalp,no_add_to_loser,2026-08-06 07:55:04.236158+00:00,SELL,2.4200000000000728,-1.2700000000004366,SL,-1.1499999999996362,-1.4099999999996362,0.1,-14.099999999996363,-0.5826446280990057
s100_m3_combo,entry_drift,2026-08-06 07:57:21.604439+00:00,SELL,2.360000000000582,1.3999999999996362,SL,-3.7600000000002183,-4.020000000000218,0.1,-40.200000000002184,-1.7033898305081467
s99_mss_fvg,no_add_to_loser,2026-08-06 08:42:03.333094+00:00,BUY,2.4349999999994907,0.8150000000005093,TP,2.8400000000001455,2.8400000000001455,0.1,28.40000000000146,1.1663244353185789
s93_fvg_scalp,no_add_to_loser,2026-08-06 08:42:03.519512+00:00,BUY,2.4349999999994907,0.8150000000005093,TP,2.8400000000001455,2.8400000000001455,0.1,28.40000000000146,1.1663244353185789
s99_mss_fvg,sl_too_tight,2026-08-06 11:32:05.338950+00:00,SELL,1.1649999999999636,-0.10500000000047294,TP,1.8500000000003638,1.8500000000003638,0.1,18.500000000003638,1.5879828326183876
s93_fvg_scalp,news_blackout,2026-08-06 12:44:03.397650+00:00,BUY,6.710000000000036,0.21000000000003638,SL,-6.920000000000073,-7.1800000000000725,0.056631892697466164,-40.661698956781116,-1.0700447093889767
s94_sweep_reversal,entry_drift,2026-08-06 13:16:03.391146+00:00,BUY,7.1899999999996,2.380000000000109,SL,-9.569999999999709,-9.829999999999709,0.052851182197499465,-51.95271210014043,-1.367176634214222
s99_mss_fvg,entry_drift,2026-08-06 13:17:02.553868+00:00,SELL,11.674999999999272,1.3250000000007276,SL,-13.0,-13.26,0.03254817987152237,-43.15888650963867,-1.1357601713062806
s93_fvg_scalp,entry_drift,2026-08-06 13:17:04.139843+00:00,SELL,11.674999999999272,0.875,SL,-12.549999999999272,-12.809999999999272,0.03254817987152237,-41.69421841541779,-1.0972162740899418
s94_sweep_reversal,entry_drift,2026-08-06 14:01:04.508938+00:00,SELL,3.494999999999891,2.264999999999418,SL,-5.759999999999309,-6.019999999999309,0.1,-60.19999999999309,-1.7224606580828317
s100_m3_combo,entry_drift,2026-08-06 14:31:04.902256+00:00,SELL,4.949999999999818,1.4099999999998545,SL,-6.359999999999673,-6.619999999999672,0.0767676767676796,-50.82020202020138,-1.3373737373737202
s100_m3_combo,entry_drift,2026-08-06 14:51:03.525740+00:00,BUY,2.0900000000001455,2.0799999999999272,TP,3.1400000000003274,3.1400000000003274,0.1,31.400000000003274,1.5023923444976597
s100_m3_combo,entry_drift,2026-08-06 15:03:02.576437+00:00,BUY,5.970000000000255,1.1700000000000728,SL,-7.140000000000327,-7.400000000000327,0.06365159128977953,-47.10217755443893,-1.2395309882747088
s99_mss_fvg,entry_drift,2026-08-06 15:41:02.580392+00:00,SELL,2.0850000000000364,1.9849999999996726,TP,1.1400000000003274,1.1400000000003274,0.1,11.400000000003274,0.546762589928205
s100_m3_combo,entry_drift,2026-08-06 15:41:04.827009+00:00,SELL,6.690000000000509,1.8599999999996726,TP,14.86999999999989,14.86999999999989,0.056801195814644406,84.46337817637561,2.222720478325674
s100_m3_combo,entry_drift,2026-08-07 01:50:03.826399+00:00,BUY,3.75,0.7400000000006912,SL,-4.490000000000691,-4.750000000000691,0.1,-47.500000000006914,-1.266666666666851
s100_m3_combo,open_position_cap,2026-08-07 05:00:23.453127+00:00,BUY,1.9500000000007276,-0.030000000000654836,SL,-1.9200000000000728,-2.1800000000000725,0.1,-21.800000000000725,-1.117948717948338
s100_m3_combo,open_position_cap,2026-08-07 06:24:05.191345+00:00,BUY,4.25,-0.05999999999949068,SL,-4.190000000000509,-4.450000000000509,0.08941176470588236,-39.788235294122195,-1.0470588235295315
s99_mss_fvg,soft_daily_brake,2026-08-07 06:31:01.256725+00:00,BUY,1.7299999999995634,1.3900000000003274,TP,1.199999999999818,1.199999999999818,0.1,11.999999999998181,0.6936416184971798
s100_m3_combo,entry_drift,2026-08-10 01:01:02.655374+00:00,SELL,2.0900000000001455,2.1900000000005093,SL,-4.280000000000655,-4.540000000000655,0.1,-45.40000000000654,-2.1722488038279133
s100_m3_combo,sl_too_tight,2026-08-10 03:20:01.766767+00:00,SELL,1.2899999999999636,-0.37999999999919964,SL,-0.910000000000764,-1.170000000000764,0.1,-11.700000000007641,-0.9069767441866643
s100_m3_combo,sl_too_tight,2026-08-10 04:06:02.432346+00:00,SELL,0.7899999999999636,2.4200000000000728,TP,-0.47000000000025466,-0.47000000000025466,0.1,-4.700000000002547,-0.5949367088611093
s100_m3_combo,entry_drift,2026-08-10 06:16:04.357087+00:00,BUY,2.0900000000001455,1.9299999999993815,SL,-4.019999999999527,-4.279999999999527,0.1,-42.79999999999527,-2.047846889951784
s100_m3_combo,entry_drift,2026-08-10 06:37:02.543529+00:00,BUY,1.730000000000473,1.199999999999818,TP,3.130000000000109,3.130000000000109,0.1,31.300000000001095,1.8092485549128632
s100_m3_combo,entry_drift,2026-08-10 06:57:02.823253+00:00,BUY,3.360000000000582,0.5999999999994543,SL,-3.9600000000000364,-4.220000000000036,0.1,-42.200000000000365,-1.2559523809521742
s99_mss_fvg,open_position_cap,2026-08-10 07:52:01.387981+00:00,BUY,2.2150000000001455,-0.15499999999974534,SL,-2.0600000000004,-2.3200000000004,0.1,-23.200000000004,-1.0474040632055293
s99_mss_fvg,sl_too_tight,2026-08-10 09:42:05.247178+00:00,SELL,1.3649999999997817,1.0050000000001091,TP,1.0399999999999636,1.0399999999999636,0.1,10.399999999999638,0.7619047619048571
s99_mss_fvg,sl_too_tight,2026-08-10 10:53:05.174317+00:00,SELL,0.8049999999993815,0.5150000000003274,TP,0.6899999999995998,0.6899999999995998,0.1,6.899999999995998,0.8571428571430185
s100_m3_combo,entry_drift,2026-08-10 13:06:02.079384+00:00,SELL,4.329999999999927,0.8699999999998909,SL,-5.199999999999818,-5.459999999999818,0.0877598152424957,-47.91685912240105,-1.260969976905291
s99_mss_fvg,sl_too_tight,2026-08-10 14:02:02.056855+00:00,SELL,1.2949999999991633,-0.054999999999381544,TP,2.0,2.0,0.1,20.0,1.5444015444025423
s100_m3_combo,soft_daily_brake,2026-08-10 14:23:03.300895+00:00,SELL,2.0299999999997453,-0.5999999999994543,SL,-1.430000000000291,-1.690000000000291,0.1,-16.900000000002912,-0.8325123152711837
s93_fvg_scalp,soft_daily_brake,2026-08-10 14:37:04.474032+00:00,BUY,6.5349999999998545,0.7950000000000728,TP,9.010000000000218,9.010000000000218,0.05814843152257207,52.391736801838704,1.3787299158378605
s100_m3_combo,soft_daily_brake,2026-08-10 15:09:04.084363+00:00,BUY,1.5399999999999636,-1.430000000000291,SL,-0.10999999999967258,-0.3699999999996726,0.1,-3.699999999996726,-0.24025974025953334
s100_m3_combo,soft_daily_brake,2026-08-10 15:18:03.611698+00:00,BUY,3.6500000000005457,0.819999999999709,TP,8.3100000000004,8.3100000000004,0.1,83.100000000004,2.2767123287668927
s100_m3_combo,soft_daily_brake,2026-08-10 15:26:05.370349+00:00,BUY,2.2700000000004366,-0.03999999999996362,TP,5.710000000000036,5.710000000000036,0.1,57.100000000000364,2.5154185022021753
s94_sweep_reversal,soft_daily_brake,2026-08-10 16:17:05.400422+00:00,SELL,3.009999999999309,0.08000000000083674,SL,-3.0900000000001455,-3.3500000000001453,0.1,-33.50000000000146,-1.112956810631533
s94_sweep_reversal,sl_too_tight,2026-08-10 18:06:03.958831+00:00,SELL,0.569999999999709,0.11999999999989086,SL,-0.6899999999995998,-0.9499999999995998,0.1,-9.499999999996,-1.6666666666668155
s94_sweep_reversal,soft_daily_brake,2026-08-11 05:01:05.076543+00:00,BUY,5.0600000000004,0.10999999999967258,SL,-5.170000000000073,-5.4300000000000725,0.07509881422924307,-40.77865612647953,-1.0731225296441982
s100_m3_combo,soft_daily_brake,2026-08-11 05:37:04.256028+00:00,SELL,6.8400000000001455,0.23999999999978172,TP,16.86999999999989,16.86999999999989,0.05555555555555437,93.72222222221961,2.4663742690057795
s100_m3_combo,soft_daily_brake,2026-08-11 06:02:01.395275+00:00,SELL,2.2600000000002183,0.4000000000005457,SL,-2.660000000000764,-2.9200000000007638,0.1,-29.200000000007638,-1.2920353982303017
s100_m3_combo,soft_daily_brake,2026-08-11 06:24:02.426873+00:00,SELL,3.5799999999999272,0.5600000000004002,TP,8.399999999999636,8.399999999999636,0.1,83.99999999999636,2.346368715083745
s100_m3_combo,soft_daily_brake,2026-08-11 06:38:04.783570+00:00,SELL,3.4899999999997817,1.8699999999998909,TP,6.8700000000008,6.8700000000008,0.1,68.700000000008,1.9684813753585186
s100_m3_combo,soft_daily_brake,2026-08-11 07:19:05.085838+00:00,SELL,2.2100000000000364,1.3900000000003274,SL,-3.600000000000364,-3.8600000000003636,0.1,-38.60000000000364,-1.7466063348417646
s94_sweep_reversal,soft_daily_brake,2026-08-11 07:26:05.442905+00:00,BUY,2.3850000000002183,2.3049999999993815,SL,-4.6899999999996,-4.9499999999996,0.1,-49.499999999996,-2.0754716981128496
s100_m3_combo,soft_daily_brake,2026-08-11 07:46:02.320002+00:00,SELL,2.139999999999418,0.6000000000003638,SL,-2.7399999999997817,-2.9999999999997815,0.1,-29.99999999999782,-1.401869158878784
s93_fvg_scalp,soft_daily_brake,2026-08-11 08:17:01.865463+00:00,BUY,3.5349999999998545,0.7550000000001091,SL,-4.289999999999964,-4.549999999999963,0.1,-45.49999999999964,-1.2871287128713298
s99_mss_fvg,sl_too_tight,2026-08-11 10:40:01.558960+00:00,BUY,0.875,-0.10499999999956344,SL,-0.7700000000004366,-1.0300000000004366,0.1,-10.300000000004367,-1.177142857143356
s99_mss_fvg,soft_daily_brake,2026-08-11 11:13:03.846466+00:00,BUY,6.914999999999964,3.735000000000582,TP,6.639999999999418,6.639999999999418,0.05495300072306609,36.488792480112686,0.9602313810555969
s99_mss_fvg,soft_daily_brake,2026-08-11 12:24:04.373593+00:00,BUY,4.694999999999709,-2.134999999999309,TP,9.179999999999382,9.179999999999382,0.08093716719915305,74.3003194888175,1.955271565495197
s93_fvg_scalp,soft_daily_brake,2026-08-11 12:24:05.607128+00:00,BUY,4.694999999999709,-2.134999999999309,TP,9.179999999999382,9.179999999999382,0.08093716719915305,74.3003194888175,1.955271565495197
s93_fvg_scalp,soft_daily_brake,2026-08-11 12:53:02.971352+00:00,BUY,4.3200000000006185,-0.8100000000004002,SL,-3.5100000000002183,-3.770000000000218,0.08796296296295036,-33.1620370370342,-0.8726851851851107
s100_m3_combo,soft_daily_brake,2026-08-11 13:15:01.369772+00:00,BUY,4.149999999999636,-5.319999999999709,SL,1.1700000000000728,0.9100000000000728,0.091566265060249,8.332530120483325,0.21927710843377168
s100_m3_combo,soft_daily_brake,2026-08-11 13:26:04.774359+00:00,BUY,2.880000000000109,2.480000000000473,SL,-5.360000000000582,-5.620000000000582,0.1,-56.20000000000582,-1.951388888889017
s100_m3_combo,soft_daily_brake,2026-08-11 13:49:04.742863+00:00,BUY,5.699999999999818,-0.7899999999999636,SL,-4.9099999999998545,-5.169999999999854,0.06666666666666879,-34.46666666666679,-0.9070175438596525
s100_m3_combo,soft_daily_brake,2026-08-11 14:42:05.797794+00:00,BUY,4.760000000000218,0.819999999999709,SL,-5.579999999999927,-5.839999999999927,0.07983193277310559,-46.62184873949308,-1.2268907563024494
s100_m3_combo,soft_daily_brake,2026-08-11 15:09:01.695515+00:00,BUY,2.7999999999992724,0.3900000000003274,SL,-3.1899999999996,-3.4499999999995996,0.1,-34.499999999996,-1.2321428571430344
s99_mss_fvg,soft_daily_brake,2026-08-11 15:11:02.087483+00:00,BUY,3.125,2.244999999999891,TP,2.4400000000005093,2.4400000000005093,0.1,24.400000000005097,0.780800000000163
s99_mss_fvg,soft_daily_brake,2026-08-11 15:46:04.653601+00:00,SELL,1.6499999999996362,0.17000000000007276,SL,-1.819999999999709,-2.0799999999997087,0.1,-20.799999999997087,-1.260606060606162
s100_m3_combo,sl_too_tight,2026-08-12 01:22:04.433574+00:00,BUY,1.0299999999997453,1.1099999999996726,SL,-2.139999999999418,-2.3999999999994177,0.1,-23.999999999994177,-2.3300970873786517
s100_m3_combo,sl_too_tight,2026-08-12 04:32:22.572478+00:00,BUY,1.2899999999999636,1.1400000000003274,SL,-2.430000000000291,-2.690000000000291,0.1,-26.900000000002912,-2.0852713178297417
s100_m3_combo,entry_drift,2026-08-12 04:57:01.808405+00:00,BUY,2.2200000000002547,1.1300000000001091,SL,-3.350000000000364,-3.6100000000003636,0.1,-36.10000000000364,-1.6261261261261033
s100_m3_combo,sl_too_tight,2026-08-12 05:08:03.659824+00:00,BUY,0.5799999999999272,2.7600000000002183,TP,-1.2600000000002183,-1.2600000000002183,0.1,-12.600000000002185,-2.172413793104097
s100_m3_combo,entry_drift,2026-08-12 06:28:02.895785+00:00,BUY,1.9899999999997817,2.130000000000109,TP,2.860000000000582,2.860000000000582,0.1,28.60000000000582,1.4371859296486913
s99_mss_fvg,sl_too_tight,2026-08-12 07:05:05.421860+00:00,BUY,1.2299999999995634,0.5900000000001455,TP,1.25,1.25,0.1,12.5,1.0162601626019867
s100_m3_combo,open_position_cap,2026-08-12 07:54:04.043146+00:00,BUY,2.319999999999709,0.1000000000003638,SL,-2.4200000000000728,-2.6800000000000725,0.1,-26.80000000000073,-1.1551724137932797
s99_mss_fvg,sl_too_tight,2026-08-12 07:57:04.057084+00:00,BUY,1.0,-0.36999999999989086,SL,-0.6300000000001091,-0.8900000000001091,0.1,-8.900000000001091,-0.8900000000001091
s100_m3_combo,open_position_cap,2026-08-12 08:09:04.750562+00:00,BUY,2.3400000000001455,0.17000000000007276,SL,-2.5100000000002183,-2.770000000000218,0.1,-27.700000000002184,-1.1837606837607033
s100_m3_combo,open_position_cap,2026-08-14 01:24:04.984768+00:00,SELL,5.769999999999527,0.819999999999709,TIME,-2.639999999999418,-2.639999999999418,0.0658578856152567,-17.386481802423933,-0.4575389948006299
s100_m3_combo,open_position_cap,2026-08-14 01:37:05.769295+00:00,SELL,3.7899999999999636,-3.2200000000002547,SL,-0.569999999999709,-0.829999999999709,0.1,-8.299999999997091,-0.21899736147749788
s100_m3_combo,entry_drift,2026-08-14 02:59:05.750906+00:00,SELL,3.6099999999996726,1.050000000000182,SL,-4.6599999999998545,-4.919999999999854,0.1,-49.199999999998546,-1.362880886426676
s100_m3_combo,sl_too_tight,2026-08-14 04:42:03.380122+00:00,SELL,1.0999999999994543,0.16000000000076398,SL,-1.2600000000002183,-1.5200000000002183,0.1,-15.200000000002184,-1.3818181818190658
s100_m3_combo,sl_too_tight,2026-08-14 05:13:05.477585+00:00,SELL,1.269999999999527,0.48000000000047294,TP,2.7200000000002547,2.7200000000002547,0.1,27.20000000000255,2.141732283465565
s100_m3_combo,sl_too_tight,2026-08-14 05:35:04.471165+00:00,SELL,0.7100000000000364,1.2899999999999636,SL,-2.0,-2.26,0.1,-22.599999999999998,-3.1830985915491325
s100_m3_combo,metaapi_rejection,2026-08-14 06:13:03.872872+00:00,SELL,2.350000000000364,-0.31999999999970896,SL,-2.030000000000655,-2.2900000000006546,0.1,-22.90000000000655,-0.9744680851065107
s100_m3_combo,sl_too_tight,2026-08-14 07:23:05.577519+00:00,SELL,1.3999999999996362,-0.7799999999997453,SL,-0.6199999999998909,-0.8799999999998909,0.1,-8.799999999998908,-0.6285714285715139
s94_sweep_reversal,sl_too_tight,2026-08-14 07:41:03.232779+00:00,SELL,0.7600000000002183,-0.6900000000005093,SL,-0.06999999999970896,-0.32999999999970897,0.1,-3.29999999999709,-0.43421052631528184
s100_m3_combo,entry_drift,2026-08-14 08:00:06.218280+00:00,BUY,2.899999999999636,1.7600000000002183,TIME,3.699999999999818,3.699999999999818,0.1,36.99999999999818,1.2758620689656146
s99_mss_fvg,sl_too_tight,2026-08-14 10:10:03.663755+00:00,BUY,0.9749999999994543,0.9149999999999636,SL,-1.889999999999418,-2.1499999999994177,0.1,-21.49999999999418,-2.205128205128842
s99_mss_fvg,no_add_to_loser,2026-08-14 12:11:04.732701+00:00,BUY,3.1649999999999636,0.2750000000005457,SL,-3.4400000000005093,-3.700000000000509,0.1,-37.000000000005095,-1.1690363349132864
s93_fvg_scalp,news_blackout,2026-08-14 12:31:05.421308+00:00,BUY,5.740000000000691,4.069999999999709,TP,4.539999999999964,4.539999999999964,0.06620209059232653,30.055749128916005,0.7909407665504211
s99_mss_fvg,news_blackout,2026-08-14 12:31:05.653075+00:00,BUY,5.740000000000691,4.069999999999709,TP,4.539999999999964,4.539999999999964,0.06620209059232653,30.055749128916005,0.7909407665504211
s93_fvg_scalp,entry_drift,2026-08-14 13:31:05.245751+00:00,BUY,4.0600000000004,3.2399999999997817,TP,2.8499999999994543,2.8499999999994543,0.09359605911329126,26.674876847282903,0.70197044334955
s93_fvg_scalp,metaapi_rejection,2026-08-14 13:42:02.150376+00:00,BUY,5.625,0.8650000000006912,SL,-6.490000000000691,-6.750000000000691,0.06755555555555555,-45.60000000000466,-1.2000000000001227
s99_mss_fvg,entry_drift,2026-08-14 13:42:03.014784+00:00,BUY,5.625,0.8650000000006912,SL,-6.490000000000691,-6.750000000000691,0.06755555555555555,-45.60000000000466,-1.2000000000001227
s100_m3_combo,entry_drift,2026-08-14 13:52:02.182029+00:00,BUY,2.300000000000182,1.9399999999995998,SL,-4.239999999999782,-4.4999999999997815,0.1,-44.99999999999782,-1.956521739130185
s100_m3_combo,open_position_cap,2026-08-14 15:20:01.219905+00:00,BUY,1.050000000000182,-0.8000000000001819,SL,-0.25,-0.51,0.1,-5.1000000000000005,-0.48571428571420155
s100_m3_combo,entry_drift,2026-08-14 15:52:04.630830+00:00,BUY,2.7600000000002183,1.0799999999999272,SL,-3.8400000000001455,-4.100000000000145,0.1,-41.00000000000146,-1.4855072463767467
s94_sweep_reversal,sl_too_tight,2026-08-17 00:51:04.453211+00:00,SELL,1.0949999999993452,0.7449999999998909,SL,-1.839999999999236,-2.099999999999236,0.1,-20.999999999992358,-1.9178082191785313
s94_sweep_reversal,entry_drift,2026-08-17 01:12:01.911904+00:00,SELL,4.899999999999636,1.660000000000764,SL,-6.5600000000004,-6.8200000000004,0.07755102040816902,-52.889795918374375,-1.3918367346940625
s100_m3_combo,metaapi_rejection,2026-08-17 02:34:03.496211+00:00,BUY,1.9000000000005457,-0.020000000000436557,SL,-1.8800000000001091,-2.140000000000109,0.1,-21.40000000000109,-1.1263157894734181
s100_m3_combo,metaapi_rejection,2026-08-17 03:31:03.784464+00:00,BUY,2.7399999999997817,0.8400000000001455,TP,6.0,6.0,0.1,60.00000000000001,2.1897810218979847
s100_m3_combo,sl_too_tight,2026-08-17 04:07:05.929684+00:00,BUY,1.4700000000002547,2.0799999999999272,SL,-3.550000000000182,-3.8100000000001817,0.1,-38.10000000000182,-2.591836734693552
s100_m3_combo,entry_drift,2026-08-17 04:12:04.519630+00:00,BUY,2.430000000000291,1.2200000000002547,SL,-3.6500000000005457,-3.9100000000005455,0.1,-39.10000000000546,-1.6090534979424187
s100_m3_combo,sl_too_tight,2026-08-17 05:00:03.347864+00:00,BUY,1.4400000000005093,0.8299999999999272,SL,-2.2700000000004366,-2.5300000000004363,0.1,-25.300000000004363,-1.756944444444126
s100_m3_combo,sl_too_tight,2026-08-17 06:10:03.238957+00:00,BUY,1.0,1.8500000000003638,SL,-2.850000000000364,-3.1100000000003636,0.1,-31.100000000003636,-3.1100000000003636
s94_sweep_reversal,entry_drift,2026-08-17 06:28:02.586404+00:00,SELL,2.024999999999636,2.7650000000003274,SL,-4.789999999999964,-5.049999999999963,0.1,-50.49999999999963,-2.493827160494257
s100_m3_combo,metaapi_rejection,2026-08-17 06:31:01.043255+00:00,BUY,3.199999999999818,0.42000000000007276,SL,-3.619999999999891,-3.8799999999998906,0.1,-38.79999999999891,-1.2125000000000348
s99_mss_fvg,sl_too_tight,2026-08-17 07:06:02.502892+00:00,BUY,0.8849999999993088,0.06500000000050932,SL,-0.9499999999998181,-1.209999999999818,0.1,-12.099999999998182,-1.3672316384189414
s93_fvg_scalp,metaapi_rejection,2026-08-17 07:52:01.203121+00:00,BUY,2.149999999999636,-0.9499999999998181,SL,-1.199999999999818,-1.459999999999818,0.1,-14.59999999999818,-0.6790697674418907
s99_mss_fvg,metaapi_rejection,2026-08-17 07:52:01.251614+00:00,BUY,2.149999999999636,-0.9499999999998181,SL,-1.199999999999818,-1.459999999999818,0.1,-14.59999999999818,-0.6790697674418907
s93_fvg_scalp,metaapi_rejection,2026-08-17 08:13:01.334215+00:00,SELL,4.055000000000291,-1.2650000000003274,TP,7.350000000000364,7.350000000000364,0.09371146732428427,68.87792848335235,1.8125770653513775
s100_m3_combo,sl_too_tight,2026-08-17 08:34:03.273300+00:00,BUY,1.0099999999993088,0.5300000000006548,SL,-1.5399999999999636,-1.7999999999999636,0.1,-17.999999999999638,-1.782178217822966
s93_fvg_scalp,metaapi_rejection,2026-08-17 09:07:05.192733+00:00,SELL,2.7150000000001455,0.09499999999934516,SL,-2.8099999999994907,-3.0699999999994905,0.1,-30.69999999999491,-1.1307550644564737
s99_mss_fvg,metaapi_rejection,2026-08-17 09:07:05.889585+00:00,SELL,2.7150000000001455,0.09499999999934516,SL,-2.8099999999994907,-3.0699999999994905,0.1,-30.69999999999491,-1.1307550644564737
s93_fvg_scalp,metaapi_rejection,2026-08-17 09:16:01.642103+00:00,BUY,3.055000000000291,0.2650000000003274,SL,-3.3200000000006185,-3.5800000000006182,0.1,-35.80000000000618,-1.1718494271686668
s99_mss_fvg,sl_too_tight,2026-08-17 12:16:08.028046+00:00,SELL,1.2299999999995634,1.3800000000001091,SL,-2.6099999999996726,-2.8699999999996724,0.1,-28.699999999996724,-2.3333333333338953
s99_mss_fvg,metaapi_rejection,2026-08-17 12:51:03.809403+00:00,SELL,1.699999999999818,-0.21999999999934516,SL,-1.480000000000473,-1.740000000000473,0.1,-17.40000000000473,-1.0235294117650937
s94_sweep_reversal,entry_drift,2026-08-17 14:14:03.892994+00:00,SELL,5.490000000000691,2.0299999999997453,SL,-7.520000000000437,-7.780000000000436,0.06921675774133919,-53.85063752276491,-1.4171220400727609
s99_mss_fvg,metaapi_rejection,2026-08-17 14:29:06.073855+00:00,BUY,6.074999999999818,-0.7749999999996362,TP,9.890000000000327,9.890000000000327,0.06255144032921998,61.86337448560061,1.6279835390947528
s100_m3_combo,metaapi_rejection,2026-08-17 15:24:03.499140+00:00,BUY,3.5700000000006185,0.05999999999949068,SL,-3.630000000000109,-3.890000000000109,0.1,-38.900000000001086,-1.0896358543415785
s100_m3_combo,metaapi_rejection,2026-08-17 15:32:05.746019+00:00,BUY,1.7399999999997817,-0.819999999999709,SL,-0.9200000000000728,-1.1800000000000728,0.1,-11.800000000000727,-0.6781609195403567
s94_sweep_reversal,sl_too_tight,2026-08-17 23:41:03.361480+00:00,SELL,1.050000000000182,1.1900000000005093,SL,-2.240000000000691,-2.500000000000691,0.1,-25.00000000000691,-2.3809523809526265
s100_m3_combo,sl_too_tight,2026-08-18 01:01:03.200654+00:00,BUY,0.8400000000001455,3.949999999999818,TP,-1.839999999999236,-1.839999999999236,0.1,-18.39999999999236,-2.1904761904749015
s100_m3_combo,metaapi_rejection,2026-08-18 01:06:02.813402+00:00,BUY,3.649999999999636,0.11000000000058208,SL,-3.7600000000002183,-4.020000000000218,0.1,-40.200000000002184,-1.1013698630138682
s100_m3_combo,entry_drift,2026-08-18 02:18:21.465090+00:00,SELL,4.079999999999927,1.25,TIME,6.835000000000036,6.835000000000036,0.09313725490196245,63.65931372549167,1.6752450980392546
s100_m3_combo,metaapi_rejection,2026-08-18 02:47:05.599910+00:00,SELL,2.350000000000364,0.4099999999998545,SL,-2.7600000000002183,-3.020000000000218,0.1,-30.20000000000218,-1.2851063829786173
s100_m3_combo,sl_too_tight,2026-08-18 03:28:02.579122+00:00,SELL,0.9899999999997817,0.3600000000005821,SL,-1.3500000000003638,-1.6100000000003638,0.1,-16.10000000000364,-1.6262626262633524
s100_m3_combo,metaapi_rejection,2026-08-18 04:09:05.311586+00:00,SELL,1.7999999999992724,-0.0999999999994543,SL,-1.699999999999818,-1.959999999999818,0.1,-19.599999999998182,-1.088888888889228
s100_m3_combo,sl_too_tight,2026-08-18 04:16:02.899867+00:00,SELL,0.9499999999998181,0.18999999999959982,SL,-1.139999999999418,-1.399999999999418,0.1,-13.99999999999418,-1.4736842105259853
s100_m3_combo,sl_too_tight,2026-08-18 04:42:05.051950+00:00,SELL,0.9600000000000364,-0.9600000000000364,SL,0.0,-0.26,0.1,-2.6,-0.2708333333333231
s100_m3_combo,sl_too_tight,2026-08-18 05:21:05.706719+00:00,SELL,0.9900000000006912,-0.48000000000047294,SL,-0.5100000000002183,-0.7700000000002183,0.1,-7.700000000002182,-0.7777777777774553
s94_sweep_reversal,entry_drift,2026-08-18 05:42:05.829052+00:00,BUY,3.1200000000008004,1.5,TP,6.599999999999454,6.599999999999454,0.1,65.99999999999456,2.1153846153838978
s99_mss_fvg,sl_too_tight,2026-08-18 07:33:02.463591+00:00,BUY,1.0050000000001091,-0.125,SL,-0.8800000000001091,-1.1400000000001091,0.1,-11.400000000001093,-1.1343283582089407
s100_m3_combo,sl_too_tight,2026-08-18 07:39:02.292818+00:00,SELL,1.319999999999709,0.24000000000069122,SL,-1.5600000000004002,-1.8200000000004002,0.1,-18.200000000004003,-1.378787878788486
s100_m3_combo,soft_daily_brake,2026-08-18 08:28:21.578098+00:00,SELL,3.0800000000008367,0.9899999999997817,SL,-4.0700000000006185,-4.330000000000618,0.1,-43.300000000006186,-1.4058441558439747
s93_fvg_scalp,soft_daily_brake,2026-08-18 08:31:09.020531+00:00,SELL,2.7799999999997453,-0.23000000000047294,SL,-2.5499999999992724,-2.809999999999272,0.1,-28.099999999992725,-1.0107913669063056
s100_m3_combo,soft_daily_brake,2026-08-18 08:55:06.190734+00:00,SELL,2.4799999999995634,0.32000000000061846,TIME,-0.680000000000291,-0.680000000000291,0.1,-6.80000000000291,-0.2741935483872624
s93_fvg_scalp,soft_daily_brake,2026-08-18 08:56:03.146936+00:00,SELL,3.380000000000109,1.0399999999999636,TP,4.029999999999745,4.029999999999745,0.1,40.29999999999745,1.1923076923075784
s94_sweep_reversal,entry_drift,2026-08-19 00:21:04.489094+00:00,SELL,2.930000000000291,0.930000000000291,SL,-3.860000000000582,-4.120000000000582,0.1,-41.20000000000582,-1.4061433447099565
s94_sweep_reversal,entry_drift,2026-08-19 01:02:03.646139+00:00,BUY,2.1950000000006185,0.8049999999993815,SL,-3.0,-3.26,0.1,-32.6,-1.485193621867463
s100_m3_combo,entry_drift,2026-08-19 02:39:01.701990+00:00,BUY,2.1599999999998545,1.4200000000000728,SL,-3.5799999999999272,-3.839999999999927,0.1,-38.399999999999274,-1.7777777777778638
s100_m3_combo,entry_drift,2026-08-19 03:33:05.080931+00:00,BUY,1.949999999999818,1.0,SL,-2.949999999999818,-3.209999999999818,0.1,-32.09999999999818,-1.6461538461539063
s100_m3_combo,open_position_cap,2026-08-19 03:43:03.892069+00:00,BUY,0.6300000000001091,0.4499999999998181,SL,-1.0799999999999272,-1.3399999999999272,0.1,-13.399999999999274,-2.126984126983643
s94_sweep_reversal,sl_too_tight,2026-08-19 04:26:03.088401+00:00,BUY,1.4949999999998909,-0.3850000000002183,SL,-1.1099999999996726,-1.3699999999996726,0.1,-13.699999999996725,-0.9163879598660686
s100_m3_combo,entry_drift,2026-08-19 05:30:06.672962+00:00,SELL,3.990000000000691,3.4099999999998545,TIME,-2.199999999999818,-2.199999999999818,0.09523809523807875,-20.95238095237559,-0.5513784461151471
s99_mss_fvg,no_add_to_loser,2026-08-19 07:41:05.684616+00:00,BUY,0.9849999999996726,0.5450000000000728,SL,-1.5299999999997453,-1.7899999999997454,0.1,-17.899999999997455,-1.8172588832490766
s94_sweep_reversal,sl_too_tight,2026-08-19 08:16:03.411796+00:00,SELL,1.2950000000000728,1.055000000000291,SL,-2.350000000000364,-2.6100000000003636,0.1,-26.100000000003636,-2.015444015444183
s100_m3_combo,entry_drift,2026-08-19 08:52:02.271478+00:00,BUY,1.8900000000003274,1.3299999999999272,SL,-3.2200000000002547,-3.4800000000002544,0.1,-34.80000000000255,-1.8412698412696569
s93_fvg_scalp,no_add_to_loser,2026-08-19 09:05:06.504553+00:00,SELL,2.9200000000000728,-0.6099999999996726,TP,4.989999999999782,4.989999999999782,0.1,49.89999999999782,1.7089041095889237
s99_mss_fvg,entry_drift,2026-08-19 09:54:21.623503+00:00,BUY,1.5950000000002547,0.8550000000004729,TP,1.5399999999999636,1.5399999999999636,0.1,15.399999999999636,0.9655172413791334
s99_mss_fvg,entry_drift,2026-08-19 10:28:03.991588+00:00,BUY,3.219999999999345,0.9600000000000364,TP,3.869999999999891,3.869999999999891,0.1,38.699999999998916,1.2018633540374777
s100_m3_combo,entry_drift,2026-08-19 13:01:03.178109+00:00,BUY,12.069999999999709,2.7100000000000364,TP,27.4399999999996,27.4399999999996,0.03148301574150863,86.38939519469841,2.27340513670259
s99_mss_fvg,entry_drift,2026-08-19 13:07:05.836452+00:00,BUY,7.075000000000728,1.1049999999995634,TP,9.510000000000218,9.510000000000218,0.053710247349817795,51.0784452296779,1.3441696113073132
s93_fvg_scalp,entry_drift,2026-08-19 13:07:06.480563+00:00,BUY,7.075000000000728,1.1049999999995634,TP,9.510000000000218,9.510000000000218,0.053710247349817795,51.0784452296779,1.3441696113073132
s99_mss_fvg,entry_drift,2026-08-19 13:23:01.844454+00:00,BUY,16.860000000000582,3.180000000000291,TP,22.109999999999673,22.109999999999673,0.02253855278766233,49.83274021352068,1.311387900355807
s93_fvg_scalp,entry_drift,2026-08-19 13:23:01.848678+00:00,BUY,16.860000000000582,3.180000000000291,TP,22.109999999999673,22.109999999999673,0.02253855278766233,49.83274021352068,1.311387900355807
s100_m3_combo,entry_drift,2026-08-19 13:23:04.080512+00:00,BUY,12.730000000000473,3.8499999999994543,SL,-16.579999999999927,-16.83999999999993,0.02985074626865561,-50.26865671641584,-1.3228593872741008
s100_m3_combo,entry_drift,2026-08-19 13:35:03.936540+00:00,BUY,3.5799999999999272,1.3599999999996726,SL,-4.9399999999996,-5.1999999999996,0.1,-51.99999999999599,-1.4525139664803646
s100_m3_combo,open_position_cap,2026-08-19 14:35:05.364891+00:00,BUY,7.630000000000109,3.3400000000001455,TIME,5.225000000000364,5.225000000000364,0.04980340760157203,26.022280471823194,0.6847968545216631
s100_m3_combo,no_add_to_loser,2026-08-19 15:51:06.746078+00:00,BUY,2.759999999999309,-0.5199999999995271,TP,7.390000000000327,7.390000000000327,0.1,73.90000000000327,2.6775362318848472
s94_sweep_reversal,sl_too_tight,2026-08-19 17:02:03.088133+00:00,SELL,0.7600000000002183,1.0399999999999636,TP,3.6699999999991633,3.6699999999991633,0.1,36.69999999999163,4.828947368418564
s100_m3_combo,entry_drift,2026-08-20 01:31:02.530036+00:00,BUY,5.399999999999636,3.8200000000006185,SL,-9.220000000000255,-9.480000000000254,0.07037037037037511,-66.71111111111739,-1.755555555555721
s100_m3_combo,entry_drift,2026-08-20 02:00:04.760350+00:00,SELL,3.0299999999997453,0.9700000000002547,SL,-4.0,-4.26,0.1,-42.6,-1.405940594059524
s100_m3_combo,entry_drift,2026-08-20 03:18:03.717578+00:00,SELL,2.0,1.8500000000003638,SL,-3.850000000000364,-4.110000000000364,0.1,-41.10000000000364,-2.055000000000182
s100_m3_combo,open_position_cap,2026-08-20 05:03:02.055758+00:00,SELL,1.0099999999993088,0.14000000000032742,SL,-1.1499999999996362,-1.4099999999996362,0.1,-14.099999999996363,-1.3960396039609912
s94_sweep_reversal,sl_too_tight,2026-08-20 05:24:22.944206+00:00,BUY,0.31999999999970896,2.350000000000364,SL,-2.6700000000000728,-2.9300000000000725,0.1,-29.300000000000725,-9.156250000008555
s100_m3_combo,open_position_cap,2026-08-20 05:25:05.532294+00:00,SELL,3.600000000000364,1.25,SL,-4.850000000000364,-5.110000000000364,0.1,-51.10000000000364,-1.419444444444402
s100_m3_combo,open_position_cap,2026-08-20 05:31:02.942557+00:00,SELL,2.5900000000001455,1.1499999999996362,SL,-3.7399999999997817,-3.9999999999997815,0.1,-39.99999999999781,-1.5444015444013732
s100_m3_combo,sl_too_tight,2026-08-20 05:58:03.772771+00:00,SELL,1.0599999999994907,0.28000000000065484,SL,-1.3400000000001455,-1.6000000000001455,0.1,-16.000000000001457,-1.5094339622650135
s100_m3_combo,entry_drift,2026-08-20 07:07:02.774403+00:00,SELL,3.130000000000109,1.1299999999991996,SL,-4.259999999999309,-4.519999999999309,0.1,-45.19999999999309,-1.4440894568687384
s94_sweep_reversal,entry_drift,2026-08-20 08:26:02.858196+00:00,SELL,2.985000000000582,1.464999999999236,TP,5.039999999999964,5.039999999999964,0.1,50.399999999999636,1.6884422110549349
s100_m3_combo,sl_too_tight,2026-08-20 08:54:05.946513+00:00,SELL,0.8499999999994543,0.2899999999999636,SL,-1.139999999999418,-1.399999999999418,0.1,-13.99999999999418,-1.6470588235297843
s99_mss_fvg,sl_too_tight,2026-08-20 10:04:04.116756+00:00,SELL,1.0850000000000364,-0.7950000000000728,SL,-0.2899999999999636,-0.5499999999999636,0.1,-5.499999999999637,-0.5069124423962629
s99_mss_fvg,sl_too_tight,2026-08-20 11:25:03.096013+00:00,SELL,0.7249999999994543,-0.23499999999967258,SL,-0.4899999999997817,-0.7499999999997817,0.1,-7.499999999997818,-1.0344827586211673
s99_mss_fvg,entry_drift,2026-08-20 13:16:03.989050+00:00,BUY,1.574999999999818,1.1649999999999636,TP,1.199999999999818,1.199999999999818,0.1,11.999999999998181,0.7619047619047344
s100_m3_combo,sl_too_tight,2026-08-20 14:29:06.692047+00:00,BUY,1.3299999999999272,4.239999999999782,TP,-0.9099999999998545,-0.9099999999998545,0.1,-9.099999999998545,-0.6842105263157174
s100_m3_combo,entry_drift,2026-08-20 15:10:04.295300+00:00,BUY,8.88000000000011,4.300000000000182,SL,-13.180000000000291,-13.44000000000029,0.042792792792792265,-57.51351351351405,-1.5135135135135276
s99_mss_fvg,entry_drift,2026-08-20 15:12:02.500503+00:00,BUY,7.869999999999891,5.229999999999563,TP,6.569999999999709,6.569999999999709,0.048284625158831675,31.722998729351005,0.8348157560355527
s100_m3_combo,entry_drift,2026-08-21 01:37:03.413958+00:00,BUY,5.170000000000073,0.9700000000002547,SL,-6.140000000000327,-6.400000000000327,0.07350096711798736,-47.04061895551431,-1.2379110251451135
s94_sweep_reversal,entry_drift,2026-08-21 01:50:04.276079+00:00,SELL,12.05999999999949,1.0799999999999272,SL,-13.139999999999418,-13.399999999999418,0.031509121061361195,-42.222222222222165,-1.1111111111111098
s100_m3_combo,open_position_cap,2026-08-21 04:16:05.539082+00:00,BUY,2.4799999999995634,-0.03999999999996362,TP,6.260000000000218,6.260000000000218,0.1,62.60000000000219,2.524193548387629
s99_mss_fvg,entry_drift,2026-08-21 06:04:03.580800+00:00,BUY,2.1950000000006185,0.9849999999996726,SL,-3.180000000000291,-3.440000000000291,0.1,-34.40000000000291,-1.5671981776762285
s99_mss_fvg,duplicate_entry,2026-08-21 06:41:21.594435+00:00,BUY,4.384999999999309,0.13500000000021828,TP,6.440000000000509,6.440000000000509,0.0866590649943124,55.8084378563416,1.4686431014826737
s100_m3_combo,open_position_cap,2026-08-21 06:55:04.160459+00:00,BUY,4.25,0.10999999999967258,SL,-4.359999999999673,-4.619999999999672,0.08941176470588236,-41.30823529411472,-1.0870588235293346
s100_m3_combo,open_position_cap,2026-08-21 07:22:03.296935+00:00,BUY,3.630000000000109,1.7600000000002183,SL,-5.390000000000327,-5.650000000000327,0.1,-56.50000000000327,-1.5564738292011453
s100_m3_combo,open_position_cap,2026-08-21 07:49:06.580021+00:00,BUY,0.9399999999995998,0.6300000000001091,SL,-1.569999999999709,-1.829999999999709,0.1,-18.29999999999709,-1.946808510638817
s100_m3_combo,entry_drift,2026-08-21 08:16:03.635500+00:00,BUY,2.740000000000691,0.9699999999993452,TP,5.860000000000582,5.860000000000582,0.1,58.60000000000583,2.1386861313865344
s99_mss_fvg,entry_drift,2026-08-21 08:40:02.517821+00:00,BUY,5.029999999999745,2.25,TP,5.300000000000182,5.300000000000182,0.07554671968191237,40.03976143141493,1.0536779324056562
s93_fvg_scalp,entry_drift,2026-08-21 08:40:05.492052+00:00,BUY,5.029999999999745,2.1099999999996726,TP,5.440000000000509,5.440000000000509,0.07554671968191237,41.09741550696418,1.081510934393794
s99_mss_fvg,sl_too_tight,2026-08-21 10:47:05.886222+00:00,BUY,1.300000000000182,0.32999999999992724,SL,-1.6300000000001091,-1.8900000000001091,0.1,-18.900000000001093,-1.4538461538460343
s99_mss_fvg,entry_drift,2026-08-21 11:28:05.737611+00:00,BUY,3.6599999999998545,0.7700000000004366,TP,4.719999999999345,4.719999999999345,0.1,47.19999999999345,1.2896174863386702
s100_m3_combo,entry_drift,2026-08-21 13:46:05.507000+00:00,BUY,4.900000000000546,3.119999999999891,SL,-8.020000000000437,-8.280000000000436,0.07755102040815463,-64.21224489795542,-1.6897959183672477
s99_mss_fvg,no_add_to_loser,2026-08-21 14:33:05.050862+00:00,BUY,8.230000000000473,-2.069999999999709,SL,-6.160000000000764,-6.420000000000764,0.046172539489669276,-29.6427703523712,-0.7800729040097685
s99_mss_fvg,entry_drift,2026-08-21 15:31:02.335713+00:00,BUY,2.4200000000000728,0.6400000000003274,TP,2.9899999999997817,2.9899999999997817,0.1,29.899999999997817,1.2355371900825174
s100_m3_combo,entry_drift,2026-08-21 15:36:22.258942+00:00,BUY,4.979999999999563,0.9800000000004729,TP,11.469999999999345,11.469999999999345,0.07630522088354083,87.52208835341634,2.303212851405693
s100_m3_combo,open_position_cap,2026-08-21 15:58:05.666894+00:00,BUY,3.680000000000291,-0.5200000000004366,TP,9.729999999999563,9.729999999999563,0.1,97.29999999999563,2.644021739130107
s94_sweep_reversal,entry_drift,2026-08-24 00:36:02.864376+00:00,BUY,8.970000000000255,4.619999999999891,TP,23.730000000000473,23.730000000000473,0.04236343366778029,100.52842809364462,2.6454849498327535
s94_sweep_reversal,entry_drift,2026-08-24 00:46:04.913260+00:00,BUY,11.260000000000218,0.43000000000029104,TP,25.840000000000146,25.840000000000146,0.033747779751331496,87.20426287744107,2.2948490230905545
s100_m3_combo,entry_drift,2026-08-24 02:06:04.929157+00:00,BUY,6.799999999999272,1.0100000000002183,TP,15.989999999999782,15.989999999999782,0.05588235294118245,89.35588235294951,2.3514705882355136
s100_m3_combo,entry_drift,2026-08-24 02:21:02.913035+00:00,BUY,2.5900000000001455,1.4099999999998545,SL,-4.0,-4.26,0.1,-42.6,-1.6447876447875522
s100_m3_combo,entry_drift,2026-08-24 04:47:04.436745+00:00,BUY,1.6199999999998909,1.5299999999997453,TP,2.5100000000002183,2.5100000000002183,0.1,25.100000000002183,1.5493827160496219
s100_m3_combo,entry_drift,2026-08-24 06:40:03.309924+00:00,BUY,3.300000000000182,0.3900000000003274,SL,-3.6900000000005093,-3.950000000000509,0.1,-39.500000000005095,-1.1969696969697852
s93_fvg_scalp,duplicate_entry,2026-08-24 07:52:03.495642+00:00,SELL,8.899999999999636,-1.0999999999994543,SL,-7.800000000000182,-8.060000000000182,0.04269662921348489,-34.413483146069595,-0.9056179775281473
s93_fvg_scalp,no_add_to_loser,2026-08-24 08:53:05.430640+00:00,BUY,6.144999999999527,-0.8449999999993452,SL,-5.300000000000182,-5.560000000000182,0.061838893409280594,-34.38242473556114,-0.9048006509358193
s99_mss_fvg,entry_drift,2026-08-24 08:58:02.520306+00:00,BUY,3.074999999999818,0.8450000000002547,TP,3.7700000000004366,3.7700000000004366,0.1,37.700000000004366,1.2260162601628162
s99_mss_fvg,sl_too_tight,2026-08-24 10:12:04.483672+00:00,BUY,1.3850000000002183,2.4049999999997453,TP,-0.32999999999992724,-0.32999999999992724,0.1,-3.2999999999992724,-0.23826714801435034
s94_sweep_reversal,entry_drift,2026-08-24 11:46:01.877805+00:00,SELL,11.364999999999782,1.7849999999998545,SL,-13.149999999999636,-13.409999999999636,0.03343598768147887,-44.837659480861944,-1.1799384073911037
s100_m3_combo,no_add_to_loser,2026-08-24 14:49:01.919061+00:00,BUY,3.1700000000000728,0.680000000000291,SL,-3.850000000000364,-4.110000000000364,0.1,-41.10000000000364,-1.2965299684543437
s100_m3_combo,open_position_cap,2026-08-24 15:11:02.999388+00:00,BUY,3.7100000000000364,-0.8000000000001819,SL,-2.9099999999998545,-3.1699999999998543,0.1,-31.699999999998546,-0.8544474393530521
s100_m3_combo,open_position_cap,2026-08-24 15:31:04.819225+00:00,BUY,4.319999999999709,3.3100000000004,SL,-7.630000000000109,-7.890000000000109,0.08796296296296889,-69.40277777778341,-1.8263888888890372
s94_sweep_reversal,entry_drift,2026-08-24 17:51:03.157379+00:00,BUY,3.1450000000004366,5.264999999999418,SL,-8.409999999999854,-8.669999999999854,0.1,-86.69999999999854,-2.7567567567563276
s100_m3_combo,entry_drift,2026-08-25 02:11:05.873925+00:00,SELL,11.38000000000011,1.3500000000003638,SL,-12.730000000000473,-12.990000000000473,0.03339191564147596,-43.37609841827884,-1.1414762741652327
s100_m3_combo,entry_drift,2026-08-25 02:49:05.032606+00:00,SELL,3.9700000000002547,2.4400000000005093,TP,7.479999999999563,7.479999999999563,0.09571788413097623,71.59697732996604,1.8841309823675274
s100_m3_combo,metaapi_rejection,2026-08-25 04:13:03.856739+00:00,SELL,2.589999999999236,0.03999999999996362,TP,6.460000000000036,6.460000000000036,0.1,64.60000000000036,2.494208494209244
s100_m3_combo,soft_daily_brake,2026-08-25 05:36:02.986091+00:00,SELL,2.199999999999818,-0.8499999999994543,TP,6.349999999999454,6.349999999999454,0.1,63.49999999999455,2.886363636363627
s100_m3_combo,soft_daily_brake,2026-08-25 05:47:00.977382+00:00,SELL,2.399999999999636,0.17000000000007276,SL,-2.569999999999709,-2.8299999999997087,0.1,-28.299999999997087,-1.179166666666724
s100_m3_combo,soft_daily_brake,2026-08-25 05:53:05.569323+00:00,SELL,3.7700000000004366,-0.4000000000005457,SL,-3.369999999999891,-3.6299999999998906,0.1,-36.29999999999891,-0.9628647214852707
s99_mss_fvg,soft_daily_brake,2026-08-25 06:16:04.153171+00:00,BUY,2.5349999999998545,0.0749999999998181,TP,3.7299999999995634,3.7299999999995634,0.1,37.299999999995634,1.4714003944772298
s99_mss_fvg,sl_too_tight,2026-08-25 06:31:03.830915+00:00,BUY,1.2250000000003638,0.4149999999999636,TP,1.4200000000000728,1.4200000000000728,0.1,14.20000000000073,1.159183673469103
s100_m3_combo,soft_daily_brake,2026-08-25 07:03:02.028693+00:00,SELL,2.880000000000109,2.3599999999996726,TP,4.8400000000001455,4.8400000000001455,0.1,48.400000000001455,1.6805555555555425
s93_fvg_scalp,soft_daily_brake,2026-08-25 07:07:04.371561+00:00,SELL,5.604999999999563,2.305000000000291,TP,6.100000000000364,6.100000000000364,0.06779661016949681,41.355932203395525,1.0883140053525135
s100_m3_combo,soft_daily_brake,2026-08-25 08:07:21.288527+00:00,SELL,1.9699999999993452,2.5799999999999272,TP,2.360000000000582,2.360000000000582,0.1,23.60000000000582,1.1979695431479018
s100_m3_combo,sl_too_tight,2026-08-25 08:16:05.283659+00:00,SELL,1.3400000000001455,0.9299999999993815,SL,-2.269999999999527,-2.529999999999527,0.1,-25.299999999995272,-1.888059701491979
s99_mss_fvg,soft_daily_brake,2026-08-25 08:18:01.420867+00:00,SELL,1.75,0.47000000000025466,SL,-2.2200000000002547,-2.4800000000002544,0.1,-24.800000000002544,-1.4171428571430025
s100_m3_combo,soft_daily_brake,2026-08-25 08:46:02.443633+00:00,SELL,1.6300000000001091,0.3499999999994543,TP,3.730000000000473,3.730000000000473,0.1,37.30000000000473,2.2883435582823455
s100_m3_combo,soft_daily_brake,2026-08-25 08:56:05.284823+00:00,SELL,4.720000000000255,1.4600000000000364,SL,-6.180000000000291,-6.440000000000291,0.08050847457626684,-51.84745762711819,-1.3644067796610049
s93_fvg_scalp,soft_daily_brake,2026-08-25 12:12:04.763835+00:00,SELL,4.114999999999782,-2.9549999999999272,TP,9.13000000000011,9.13000000000011,0.09234507897934877,84.31105710814644,2.218712029161748
s100_m3_combo,sl_too_tight,2026-08-25 13:10:07.131172+00:00,SELL,1.1500000000005457,2.3599999999996726,SL,-3.5100000000002183,-3.770000000000218,0.1,-37.700000000002184,-3.2782608695638515
s100_m3_combo,open_position_cap,2026-08-26 04:54:05.633299+00:00,SELL,0.8900000000003274,0.4399999999995998,SL,-1.3299999999999272,-1.5899999999999272,0.1,-15.899999999999274,-1.7865168539318452
s100_m3_combo,open_position_cap,2026-08-26 05:49:05.626875+00:00,SELL,5.509999999999309,1.4700000000002547,TP,12.300000000000182,12.300000000000182,0.06896551724138796,84.82758620690844,2.232304900181801
s100_m3_combo,open_position_cap,2026-08-26 06:04:01.058478+00:00,SELL,2.6400000000003274,-1.2700000000004366,SL,-1.3699999999998909,-1.6299999999998909,0.1,-16.29999999999891,-0.6174242424241245
s100_m3_combo,no_add_to_loser,2026-08-26 06:32:06.681691+00:00,SELL,3.119999999999891,-0.9900000000006912,SL,-2.1299999999991996,-2.3899999999991994,0.1,-23.899999999991994,-0.7660256410254113
s100_m3_combo,sl_too_tight,2026-08-26 07:49:05.814697+00:00,SELL,0.9899999999997817,-0.6000000000003638,SL,-0.3899999999994179,-0.6499999999994179,0.1,-6.49999999999418,-0.6565656565652134
s99_mss_fvg,no_add_to_loser,2026-08-26 08:04:03.014875+00:00,SELL,1.6300000000001091,0.569999999999709,TP,1.8800000000001091,1.8800000000001091,0.1,18.800000000001095,1.1533742331288241
s100_m3_combo,open_position_cap,2026-08-26 08:12:04.219121+00:00,SELL,3.100000000000364,0.5799999999999272,SL,-3.680000000000291,-3.940000000000291,0.1,-39.40000000000291,-1.2709677419354286
s100_m3_combo,sl_too_tight,2026-08-26 08:50:05.915168+00:00,SELL,1.3100000000004002,0.75,SL,-2.0600000000004,-2.3200000000004,0.1,-23.200000000004,-1.770992366411978
s99_mss_fvg,metaapi_rejection,2026-08-26 09:32:05.570957+00:00,SELL,1.9900000000006912,-1.6300000000001091,SL,-0.3600000000005821,-0.6200000000005821,0.1,-6.200000000005821,-0.31155778894490793
s93_fvg_scalp,metaapi_rejection,2026-08-26 09:32:05.854554+00:00,SELL,1.9900000000006912,-1.6300000000001091,SL,-0.3600000000005821,-0.6200000000005821,0.1,-6.200000000005821,-0.31155778894490793
s94_sweep_reversal,metaapi_rejection,2026-08-26 14:00:03.871811+00:00,SELL,2.4650000000001455,-1.4949999999998909,SL,-0.9700000000002547,-1.2300000000002547,0.1,-12.300000000002548,-0.4989858012171124
s100_m3_combo,entry_drift,2026-08-26 15:58:02.910625+00:00,SELL,3.199999999999818,4.289999999999964,TP,3.699999999999818,3.699999999999818,0.1,36.99999999999818,1.1562500000000089
s94_sweep_reversal,sl_too_tight,2026-08-26 22:17:04.001156+00:00,SELL,0.6649999999999636,-0.2250000000003638,SL,-0.4399999999995998,-0.6999999999995998,0.1,-6.999999999995998,-1.0526315789468244
s100_m3_combo,open_position_cap,2026-08-27 02:19:05.986672+00:00,BUY,4.960000000000036,1.230000000000473,SL,-6.190000000000509,-6.450000000000509,0.07661290322580588,-49.4153225806487,-1.3004032258065448
s100_m3_combo,sl_too_tight,2026-08-27 03:11:21.518487+00:00,BUY,1.3100000000004002,1.8099999999994907,TP,1.4600000000000364,1.4600000000000364,0.1,14.600000000000366,1.1145038167935803
s100_m3_combo,open_position_cap,2026-08-27 03:31:05.896476+00:00,BUY,1.4099999999998545,1.160000000000764,SL,-2.5700000000006185,-2.8300000000006182,0.1,-28.300000000006182,-2.007092198582206
s94_sweep_reversal,sl_too_tight,2026-08-27 06:12:02.634277+00:00,BUY,1.0349999999998545,0.44500000000061846,SL,-1.480000000000473,-1.740000000000473,0.1,-17.40000000000473,-1.6811594202905484
s94_sweep_reversal,metaapi_rejection,2026-08-27 07:16:06.326354+00:00,BUY,2.0650000000005093,0.21500000000014552,SL,-2.280000000000655,-2.5400000000006546,0.1,-25.400000000006546,-1.2300242130750743
s99_mss_fvg,metaapi_rejection,2026-08-27 07:30:01.534113+00:00,SELL,3.0999999999994543,-0.26999999999952706,SL,-2.8299999999999272,-3.089999999999927,0.1,-30.899999999999274,-0.996774193548539
s93_fvg_scalp,metaapi_rejection,2026-08-27 07:30:04.138610+00:00,SELL,3.0999999999994543,-0.13999999999941792,SL,-2.9600000000000364,-3.220000000000036,0.1,-32.20000000000036,-1.0387096774195494
s94_sweep_reversal,metaapi_rejection,2026-08-27 07:33:03.117468+00:00,BUY,4.635000000000218,-0.6049999999995634,SL,-4.030000000000655,-4.290000000000655,0.08198489751887424,-35.17152103560242,-0.9255663430421689
s100_m3_combo,entry_drift,2026-08-27 07:57:03.636591+00:00,SELL,2.369999999999891,1.0600000000004002,SL,-3.430000000000291,-3.690000000000291,0.1,-36.900000000002905,-1.55696202531665
s100_m3_combo,metaapi_rejection,2026-08-27 08:25:03.194637+00:00,SELL,3.2799999999997453,0.3400000000001455,TP,7.849999999999454,7.849999999999454,0.1,78.49999999999456,2.3932926829268486
s93_fvg_scalp,metaapi_rejection,2026-08-27 08:51:21.612442+00:00,SELL,1.9099999999998545,0.4399999999995998,SL,-2.3499999999994543,-2.609999999999454,0.1,-26.099999999994544,-1.3664921465966768
s99_mss_fvg,metaapi_rejection,2026-08-27 09:53:02.640933+00:00,SELL,9.409999999999854,-0.6700000000000728,TP,14.779999999999745,14.779999999999745,0.04038257173220041,59.68544102019118,1.570669500531347
s99_mss_fvg,sl_too_tight,2026-08-27 11:01:05.732805+00:00,BUY,1.2950000000000728,0.7449999999998909,TP,1.2000000000007276,1.2000000000007276,0.1,12.000000000007278,0.9266409266414364
s93_fvg_scalp,entry_drift,2026-08-27 12:17:02.820036+00:00,SELL,2.9650000000001455,2.094999999999345,SL,-5.059999999999491,-5.3199999999994905,0.1,-53.19999999999491,-1.794266441820988
s99_mss_fvg,entry_drift,2026-08-27 12:17:04.779837+00:00,SELL,2.9650000000001455,1.7449999999998909,SL,-4.710000000000036,-4.970000000000036,0.1,-49.700000000000365,-1.6762225969645168
s99_mss_fvg,entry_drift,2026-08-27 12:56:02.707192+00:00,SELL,2.925000000000182,0.9849999999996726,SL,-3.9099999999998545,-4.169999999999854,0.1,-41.699999999998546,-1.4256410256408871
s93_fvg_scalp,entry_drift,2026-08-27 12:56:03.310957+00:00,SELL,2.925000000000182,0.9849999999996726,SL,-3.9099999999998545,-4.169999999999854,0.1,-41.699999999998546,-1.4256410256408871
s100_m3_combo,entry_drift,2026-08-27 13:17:04.413424+00:00,SELL,3.0600000000004,1.1599999999998545,SL,-4.220000000000255,-4.4800000000002544,0.1,-44.80000000000255,-1.4640522875815911
s94_sweep_reversal,entry_drift,2026-08-27 14:02:04.976667+00:00,BUY,5.519999999999527,3.3299999999999272,TP,22.699999999999818,22.699999999999818,0.06884057971015083,156.26811594204113,4.11231884058003
s100_m3_combo,entry_drift,2026-08-27 15:54:05.210396+00:00,BUY,4.550000000000182,1.1199999999998909,SL,-5.670000000000073,-5.9300000000000725,0.08351648351648018,-49.525274725273356,-1.3032967032966671
s94_sweep_reversal,sl_too_tight,2026-08-27 16:38:02.654754+00:00,SELL,1.1199999999998909,0.0500000000001819,SL,-1.1700000000000728,-1.4300000000000728,0.1,-14.300000000000729,-1.2767857142859036
s94_sweep_reversal,sl_too_tight,2026-08-27 23:21:02.084568+00:00,BUY,0.9400000000005093,1.1199999999998909,SL,-2.0600000000004,-2.3200000000004,0.1,-23.200000000004,-2.468085106382067
s100_m3_combo,open_position_cap,2026-08-28 04:19:04.545961+00:00,SELL,0.8599999999996726,-0.18999999999959982,SL,-0.6700000000000728,-0.9300000000000728,0.1,-9.300000000000729,-1.0813953488377057
s100_m3_combo,sl_too_tight,2026-08-28 05:14:03.812426+00:00,SELL,1.1199999999998909,0.5600000000004002,SL,-1.680000000000291,-1.940000000000291,0.1,-19.400000000002912,-1.7321428571432858
s100_m3_combo,soft_daily_brake,2026-08-28 05:43:04.387646+00:00,SELL,1.8999999999996362,3.0900000000001455,SL,-4.989999999999782,-5.2499999999997815,0.1,-52.49999999999781,-2.7631578947372564
s100_m3_combo,soft_daily_brake,2026-08-28 06:18:05.748486+00:00,SELL,2.069999999999709,-0.46999999999934516,SL,-1.6000000000003638,-1.8600000000003638,0.1,-18.60000000000364,-0.8985507246379832
s94_sweep_reversal,sl_too_tight,2026-08-28 06:24:05.098265+00:00,SELL,0.9699999999993452,0.930000000000291,SL,-1.8999999999996362,-2.159999999999636,0.1,-21.59999999999636,-2.2268041237124683
s94_sweep_reversal,soft_daily_brake,2026-08-28 06:43:03.444424+00:00,SELL,1.9549999999999272,1.394999999999527,SL,-3.3499999999994543,-3.609999999999454,0.1,-36.099999999994544,-1.8465473145777946
s100_m3_combo,soft_daily_brake,2026-08-28 07:01:06.762307+00:00,BUY,2.699999999999818,-1.319999999999709,SL,-1.3800000000001091,-1.6400000000001091,0.1,-16.400000000001093,-0.6074074074074888
s99_mss_fvg,soft_daily_brake,2026-08-28 07:08:04.808209+00:00,BUY,4.859999999999673,-0.9699999999993452,SL,-3.8900000000003274,-4.150000000000327,0.0781893004115279,-32.448559670786636,-0.853909465020701
s93_fvg_scalp,soft_daily_brake,2026-08-28 07:18:02.623363+00:00,SELL,3.259999999999309,0.17000000000007276,SL,-3.4299999999993815,-3.6899999999993813,0.1,-36.89999999999382,-1.1319018404908479
s100_m3_combo,soft_daily_brake,2026-08-28 07:25:06.225390+00:00,BUY,3.4600000000000364,1.2899999999999636,TIME,1.9400000000005093,1.9400000000005093,0.1,19.400000000005093,0.5606936416186384
s100_m3_combo,soft_daily_brake,2026-08-28 07:42:05.493189+00:00,BUY,1.9600000000000364,0.4099999999998545,TP,4.479999999999563,4.479999999999563,0.1,44.799999999995634,2.2857142857140205
s100_m3_combo,sl_too_tight,2026-08-28 08:05:05.859529+00:00,BUY,1.069999999999709,0.5,SL,-1.569999999999709,-1.829999999999709,0.1,-18.29999999999709,-1.710280373831969
s99_mss_fvg,soft_daily_brake,2026-08-28 08:52:01.721644+00:00,SELL,3.6099999999996726,-0.23999999999978172,SL,-3.369999999999891,-3.6299999999998906,0.1,-36.29999999999891,-1.0055401662050472
s93_fvg_scalp,soft_daily_brake,2026-08-28 08:52:03.168517+00:00,SELL,3.6099999999996726,-0.23999999999978172,SL,-3.369999999999891,-3.6299999999998906,0.1,-36.29999999999891,-1.0055401662050472
s100_m3_combo,soft_daily_brake,2026-08-28 08:57:02.710193+00:00,BUY,1.6599999999998545,-0.25,SL,-1.4099999999998545,-1.6699999999998545,0.1,-16.699999999998546,-1.0060240963855427
s99_mss_fvg,sl_too_tight,2026-08-28 11:01:02.899719+00:00,SELL,1.2600000000002183,1.519999999999527,TP,0.36999999999989086,0.36999999999989086,0.1,3.699999999998909,0.29365079365065616
s99_mss_fvg,soft_daily_brake,2026-08-28 11:46:03.422787+00:00,SELL,3.4700000000002547,0.9899999999997817,SL,-4.460000000000036,-4.720000000000036,0.1,-47.200000000000365,-1.360230547550343
s100_m3_combo,open_position_cap,2026-08-31 02:19:02.732657+00:00,SELL,4.789999999999964,6.050000000000182,TP,5.949999999999818,5.949999999999818,0.07933194154488578,47.20250521920559,1.2421711899790946
s100_m3_combo,open_position_cap,2026-08-31 02:21:05.701567+00:00,SELL,7.1799999999993815,-0.31999999999970896,TP,18.270000000000437,18.270000000000437,0.05292479108635553,96.69359331477388,2.544568245125628
s100_m3_combo,entry_drift,2026-08-31 02:44:03.093749+00:00,SELL,4.979999999999563,1.7899999999999636,SL,-6.769999999999527,-7.029999999999527,0.07630522088354083,-53.64257028112559,-1.4116465863454102
s100_m3_combo,entry_drift,2026-08-31 03:38:04.796864+00:00,SELL,2.0499999999992724,1.6700000000000728,TP,3.480000000000473,3.480000000000473,0.1,34.80000000000473,1.6975609756105894
s100_m3_combo,entry_drift,2026-08-31 04:01:01.754936+00:00,SELL,1.7799999999997453,3.119999999999891,TP,1.3500000000003638,1.3500000000003638,0.1,13.50000000000364,0.7584269662924478
s100_m3_combo,open_position_cap,2026-08-31 06:34:01.230800+00:00,SELL,5.319999999999709,-1.339999999999236,SL,-3.980000000000473,-4.240000000000473,0.07142857142857534,-30.28571428571932,-0.7969924812031399
s100_m3_combo,metaapi_rejection,2026-08-31 07:19:03.912063+00:00,SELL,1.860000000000582,-1.7899999999999636,SL,-0.07000000000061846,-0.33000000000061847,0.1,-3.3000000000061847,-0.17741935483898666
s99_mss_fvg,entry_drift,2026-08-31 07:31:02.295138+00:00,BUY,3.3350000000000364,0.8149999999995998,TP,4.190000000000509,4.190000000000509,0.1,41.90000000000509,1.2563718140930926
s93_fvg_scalp,entry_drift,2026-08-31 07:31:05.600952+00:00,BUY,3.3350000000000364,1.0349999999998545,TP,3.9700000000002547,3.9700000000002547,0.1,39.70000000000255,1.1904047976012628
s100_m3_combo,open_position_cap,2026-08-31 07:49:05.184685+00:00,BUY,1.8100000000004002,-0.1999999999998181,SL,-1.610000000000582,-1.870000000000582,0.1,-18.700000000005822,-1.0331491712708114
s100_m3_combo,open_position_cap,2026-08-31 08:07:04.868676+00:00,BUY,3.5600000000004,-3.180000000000291,SL,-0.38000000000010914,-0.6400000000001091,0.1,-6.400000000001092,-0.17977528089888686
s99_mss_fvg,entry_drift,2026-08-31 11:01:07.031414+00:00,BUY,2.944999999999709,1.9849999999996726,TP,2.430000000000291,2.430000000000291,0.1,24.30000000000291,0.8251273344653756
s99_mss_fvg,entry_drift,2026-08-31 12:52:05.409379+00:00,SELL,2.240000000000691,0.8400000000001455,TP,2.519999999999527,2.519999999999527,0.1,25.19999999999527,1.1249999999994418
s93_fvg_scalp,duplicate_entry,2026-08-31 13:17:08.125500+00:00,BUY,3.9549999999999272,0.4349999999994907,SL,-4.389999999999418,-4.649999999999418,0.09608091024020404,-44.677623261689284,-1.1757269279391918
s99_mss_fvg,no_add_to_loser,2026-08-31 14:50:05.796379+00:00,BUY,4.395000000000437,-2.7950000000000728,SL,-1.6000000000003638,-1.8600000000003638,0.0864618885096615,-16.081911262800183,-0.4232081911263206
s94_sweep_reversal,sl_too_tight,2026-08-31 23:01:04.377679+00:00,BUY,1.069999999999709,0.3500000000003638,SL,-1.4200000000000728,-1.6800000000000728,0.1,-16.80000000000073,-1.5700934579444203
s94_sweep_reversal,sl_too_tight,2026-09-01 00:31:02.371058+00:00,SELL,0.8449999999993452,1.2550000000001091,TP,6.0700000000006185,6.0700000000006185,0.1,60.70000000000619,7.183431952669021
s100_m3_combo,sl_too_tight,2026-09-01 01:50:04.719015+00:00,BUY,1.110000000000582,-0.5500000000001819,SL,-0.5600000000004002,-0.8200000000004002,0.1,-8.200000000004003,-0.7387387387387119
s100_m3_combo,open_position_cap,2026-09-01 04:37:04.114526+00:00,SELL,1.9200000000000728,0.3400000000001455,SL,-2.2600000000002183,-2.520000000000218,0.1,-25.20000000000218,-1.3125000000000637
s100_m3_combo,open_position_cap,2026-09-01 04:45:03.772947+00:00,SELL,1.4600000000000364,2.089999999999236,SL,-3.5499999999992724,-3.809999999999272,0.1,-38.099999999992725,-2.609589041095327
s100_m3_combo,metaapi_rejection,2026-09-01 05:24:02.716363+00:00,SELL,2.8100000000004,0.1499999999996362,SL,-2.9600000000000364,-3.220000000000036,0.1,-32.20000000000036,-1.1459074733094583
s100_m3_combo,entry_drift,2026-09-01 06:07:02.720598+00:00,SELL,2.75,1.75,TP,5.109999999999673,5.109999999999673,0.1,51.099999999996726,1.8581818181816991
s100_m3_combo,open_position_cap,2026-09-01 06:37:01.607305+00:00,SELL,1.2899999999999636,0.8699999999998909,SL,-2.1599999999998545,-2.4199999999998543,0.1,-24.199999999998546,-1.8759689922480018
s100_m3_combo,open_position_cap,2026-09-01 06:56:01.623843+00:00,SELL,2.7000000000007276,0.4899999999997817,SL,-3.1900000000005093,-3.450000000000509,0.1,-34.500000000005095,-1.277777777777622
s100_m3_combo,open_position_cap,2026-09-01 07:22:05.335351+00:00,SELL,2.6700000000000728,-0.8100000000004002,TP,7.460000000000036,7.460000000000036,0.1,74.60000000000036,2.7940074906366417
s100_m3_combo,open_position_cap,2026-09-01 07:44:04.487801+00:00,SELL,3.3499999999994543,2.6700000000000728,TP,5.730000000000473,5.730000000000473,0.1,57.30000000000474,1.7104477611944497
s94_sweep_reversal,no_add_to_loser,2026-09-01 08:04:01.588675+00:00,BUY,0.8699999999998909,-1.2200000000002547,SL,0.3500000000003638,0.09000000000036379,0.1,0.900000000003638,0.10344827586250009
s100_m3_combo,entry_drift,2026-09-01 08:30:05.032736+00:00,SELL,7.539999999999964,0.42999999999938154,TIME,13.574999999999818,13.574999999999818,0.05039787798408513,68.41511936339464,1.8003978779840695
s93_fvg_scalp,no_add_to_loser,2026-09-01 08:41:02.975899+00:00,SELL,6.710000000000036,-3.4399999999996,TP,13.510000000000218,13.510000000000218,0.056631892697466164,76.50968703427803,2.013412816691527
s100_m3_combo,no_add_to_loser,2026-09-01 08:41:03.572531+00:00,SELL,5.350000000000364,-2.5799999999999272,TIME,9.715000000000146,9.715000000000146,0.07102803738317275,69.00373831775336,1.8158878504671934
s99_mss_fvg,sl_too_tight,2026-09-01 11:53:03.671821+00:00,BUY,1.269999999999527,0.09000000000014552,SL,-1.3599999999996726,-1.6199999999996726,0.1,-16.199999999996727,-1.2755905511813195
s99_mss_fvg,entry_drift,2026-09-01 12:20:02.112428+00:00,SELL,5.219999999999345,3.0600000000004,TP,4.770000000000437,4.770000000000437,0.07279693486590952,34.72413793104202,0.9137931034484741
s93_fvg_scalp,entry_drift,2026-09-01 12:20:04.344341+00:00,SELL,5.219999999999345,4.160000000000764,TP,3.6700000000000728,3.6700000000000728,0.07279693486590952,26.71647509578932,0.703065134099719
s94_sweep_reversal,metaapi_rejection,2026-09-01 12:49:05.528616+00:00,BUY,13.63000000000011,-0.4399999999995998,SL,-13.19000000000051,-13.450000000000509,0.02787967718268503,-37.498165810712784,-0.9867938371240207
s100_m3_combo,no_add_to_loser,2026-09-01 13:25:02.817020+00:00,SELL,4.800000000000182,1.3599999999996726,SL,-6.1599999999998545,-6.419999999999854,0.07916666666666367,-50.82499999999692,-1.3374999999999189
s100_m3_combo,entry_drift,2026-09-01 14:52:04.187833+00:00,SELL,2.880000000000109,0.3400000000001455,TP,6.880000000000109,6.880000000000109,0.1,68.80000000000109,2.3888888888888364
s94_sweep_reversal,sl_too_tight,2026-09-01 23:31:06.792767+00:00,SELL,1.180000000000291,0.010000000000218279,SL,-1.1900000000005093,-1.4500000000005093,0.1,-14.500000000005095,-1.2288135593221625
s100_m3_combo,entry_drift,2026-09-02 01:40:03.018207+00:00,SELL,4.5900000000001455,2.5,TP,8.979999999999563,8.979999999999563,0.08278867102396252,74.34422657951473,1.9564270152503875
s100_m3_combo,metaapi_rejection,2026-09-02 03:26:03.062317+00:00,SELL,2.6599999999998545,-1.8299999999999272,SL,-0.8299999999999272,-1.0899999999999272,0.1,-10.899999999999272,-0.40977443609022063
s100_m3_combo,entry_drift,2026-09-02 06:18:02.148361+00:00,BUY,4.989999999999782,1.1200000000008004,SL,-6.110000000000582,-6.370000000000582,0.07615230460922177,-48.5090180360787,-1.2765531062125972
s99_mss_fvg,entry_drift,2026-09-02 07:16:03.311971+00:00,BUY,3.005000000000109,1.9450000000006185,TP,2.5599999999994907,2.5599999999994907,0.1,25.59999999999491,0.8519134775372371
s100_m3_combo,entry_drift,2026-09-02 07:16:05.831860+00:00,BUY,3.899999999999636,1.4400000000005093,SL,-5.3400000000001455,-5.600000000000145,0.09743589743590653,-54.56410256410907,-1.435897435897607
s94_sweep_reversal,entry_drift,2026-09-02 07:25:04.077388+00:00,SELL,2.005000000000109,2.5349999999998545,SL,-4.539999999999964,-4.799999999999963,0.1,-47.99999999999964,-2.3940149625933675
s100_m3_combo,sl_too_tight,2026-09-02 07:35:04.421981+00:00,BUY,1.1000000000003638,1.1799999999993815,TP,1.5600000000004002,1.5600000000004002,0.1,15.600000000004002,1.418181818181713
s99_mss_fvg,entry_drift,2026-09-02 08:03:04.672753+00:00,SELL,2.1649999999999636,1.6149999999997817,SL,-3.7799999999997453,-4.039999999999745,0.1,-40.399999999997455,-1.8660508083140015
s100_m3_combo,entry_drift,2026-09-02 08:22:04.705225+00:00,BUY,4.199999999999818,1.4400000000005093,SL,-5.640000000000327,-5.900000000000327,0.0904761904761944,-53.38095238095766,-1.4047619047620434
s99_mss_fvg,metaapi_rejection,2026-09-02 09:06:03.205815+00:00,SELL,3.3549999999995634,-3.0349999999998545,SL,-0.31999999999970896,-0.579999999999709,0.1,-5.79999999999709,-0.17287630402378076
s99_mss_fvg,open_position_cap,2026-09-02 10:14:02.232460+00:00,SELL,3.0399999999999636,-1.339999999999236,SL,-1.7000000000007276,-1.9600000000007276,0.1,-19.600000000007277,-0.6447368421055102
s99_mss_fvg,metaapi_rejection,2026-09-02 11:42:01.947483+00:00,BUY,6.819999999999709,-1.3999999999996362,TP,11.6299999999992,11.6299999999992,0.05571847507331616,64.80058651026224,1.705278592375322
s94_sweep_reversal,entry_drift,2026-09-02 12:11:01.928200+00:00,SELL,2.0599999999994907,1.7200000000002547,SL,-3.7799999999997453,-4.039999999999745,0.1,-40.399999999997455,-1.9611650485440504
s99_mss_fvg,metaapi_rejection,2026-09-02 14:16:02.139200+00:00,BUY,3.2100000000000364,0.8099999999994907,TP,4.010000000000218,4.010000000000218,0.1,40.10000000000218,1.2492211838006768
s100_m3_combo,entry_drift,2026-09-02 14:19:01.020697+00:00,BUY,2.4400000000005093,4.329999999999927,TP,1.7799999999997453,1.7799999999997453,0.1,17.799999999997453,0.7295081967210548
s100_m3_combo,sl_too_tight,2026-09-02 15:37:03.923787+00:00,BUY,1.0200000000004366,-0.43000000000029104,SL,-0.5900000000001455,-0.8500000000001455,0.1,-8.500000000001457,-0.8333333333331193
s94_sweep_reversal,sl_too_tight,2026-09-03 00:51:05.448456+00:00,SELL,1.0450000000000728,0.6350000000002183,SL,-1.680000000000291,-1.940000000000291,0.1,-19.400000000002912,-1.85645933014369
s100_m3_combo,entry_drift,2026-09-03 01:16:03.407004+00:00,BUY,4.960000000000036,3.119999999999891,SL,-8.079999999999927,-8.339999999999927,0.07661290322580588,-63.895161290321546,-1.6814516129031987
s100_m3_combo,open_position_cap,2026-09-03 02:37:03.843812+00:00,BUY,3.350000000000364,1.5900000000001455,TP,6.779999999999745,6.779999999999745,0.1,67.79999999999747,2.0238805970146294
s100_m3_combo,open_position_cap,2026-09-03 02:39:02.163296+00:00,BUY,4.380000000000109,0.38000000000010914,SL,-4.760000000000218,-5.020000000000218,0.08675799086757775,-43.55251141552593,-1.1461187214612085
s100_m3_combo,entry_drift,2026-09-03 03:10:02.673129+00:00,BUY,3.0399999999999636,1.0599999999994907,TP,6.539999999999964,6.539999999999964,0.1,65.39999999999964,2.151315789473698
s100_m3_combo,sl_too_tight,2026-09-03 03:21:01.469690+00:00,BUY,0.8600000000005821,0.02999999999974534,TP,2.100000000000364,2.100000000000364,0.1,21.000000000003638,2.4418604651150493
s100_m3_combo,entry_drift,2026-09-03 04:06:22.537196+00:00,BUY,1.6700000000000728,1.1200000000008004,TP,3.069999999999709,3.069999999999709,0.1,30.69999999999709,1.8383233532931589
s100_m3_combo,open_position_cap,2026-09-03 04:39:04.552876+00:00,BUY,2.7600000000002183,0.25,SL,-3.0100000000002183,-3.270000000000218,0.1,-32.700000000002184,-1.1847826086956375
s100_m3_combo,open_position_cap,2026-09-03 04:56:03.893156+00:00,BUY,2.259999999999309,1.2400000000006912,SL,-3.5,-3.76,0.1,-37.6,-1.6637168141598009
s100_m3_combo,metaapi_rejection,2026-09-03 06:12:02.028623+00:00,BUY,2.480000000000473,-1.8700000000008004,SL,-0.6099999999996726,-0.8699999999996726,0.1,-8.699999999996727,-0.3508064516127043
s100_m3_combo,entry_drift,2026-09-03 07:36:01.873477+00:00,BUY,3.5,1.7800000000006548,TP,6.989999999999782,6.989999999999782,0.1,69.89999999999782,1.9971428571427947
s94_sweep_reversal,metaapi_rejection,2026-09-03 08:16:01.598227+00:00,SELL,13.284999999999854,-0.49499999999989086,SL,-12.789999999999964,-13.049999999999963,0.028603688370342804,-37.327813323297256,-0.9823108769288752
s99_mss_fvg,open_position_cap,2026-09-03 09:29:21.431616+00:00,SELL,3.3350000000000364,0.054999999999381544,TP,4.950000000000728,4.950000000000728,0.1,49.500000000007276,1.4842578710646697
s99_mss_fvg,sl_too_tight,2026-09-03 10:27:04.451566+00:00,SELL,0.9099999999998545,0.9799999999995634,SL,-1.889999999999418,-2.1499999999994177,0.1,-21.49999999999418,-2.3626373626371007
s94_sweep_reversal,soft_daily_brake,2026-09-03 12:24:04.994443+00:00,SELL,4.9650000000001455,-1.2049999999999272,SL,-3.7600000000002183,-4.020000000000218,0.0765357502517601,-30.76737160120923,-0.8096676737160323
s94_sweep_reversal,soft_daily_brake,2026-09-03 12:47:01.383081+00:00,SELL,7.324999999999818,-3.0349999999998545,SL,-4.289999999999964,-4.549999999999963,0.05187713310580334,-23.60409556314033,-0.6211604095563245
s93_fvg_scalp,soft_daily_brake,2026-09-03 13:01:02.856751+00:00,BUY,11.579999999999927,0.3999999999996362,SL,-11.979999999999563,-12.239999999999563,0.03281519861830763,-40.16580310880711,-1.0569948186528186
s99_mss_fvg,soft_daily_brake,2026-09-03 13:01:07.649030+00:00,BUY,11.579999999999927,2.100000000000364,SL,-13.680000000000291,-13.94000000000029,0.03281519861830763,-45.7443868739218,-1.2037996545768894
s100_m3_combo,soft_daily_brake,2026-09-03 13:01:08.280114+00:00,BUY,4.559999999999491,1.230000000000473,SL,-5.789999999999964,-6.049999999999963,0.08333333333334264,-50.41666666667199,-1.3267543859650524
s93_fvg_scalp,soft_daily_brake,2026-09-03 13:56:04.951911+00:00,SELL,4.890000000000327,-0.9899999999997817,SL,-3.9000000000005457,-4.1600000000005455,0.07770961145193754,-32.32719836401026,-0.8507157464213225
s100_m3_combo,soft_daily_brake,2026-09-03 14:01:06.289600+00:00,BUY,2.0,3.3299999999999272,TP,1.6499999999996362,1.6499999999996362,0.1,16.499999999996362,0.8249999999998181
s100_m3_combo,soft_daily_brake,2026-09-03 14:23:05.927002+00:00,BUY,5.380000000000109,-0.18000000000029104,SL,-5.199999999999818,-5.459999999999818,0.07063197026022161,-38.565055762079716,-1.014869888475782
s100_m3_combo,soft_daily_brake,2026-09-03 14:50:03.311442+00:00,BUY,5.650000000000546,1.9299999999993815,TP,12.210000000000036,12.210000000000036,0.0672566371681351,82.12035398229321,2.1610619469024526
s100_m3_combo,soft_daily_brake,2026-09-03 15:11:01.638914+00:00,BUY,4.550000000000182,0.4499999999998181,TP,10.94000000000051,10.94000000000051,0.08351648351648018,91.36703296703357,2.4043956043956203
s99_mss_fvg,soft_daily_brake,2026-09-03 15:11:02.920171+00:00,BUY,13.149999999999636,0.4499999999998181,SL,-13.599999999999454,-13.859999999999454,0.028897338403042625,-40.0517110266155,-1.05399239543725
s100_m3_combo,soft_daily_brake,2026-09-03 15:33:06.143777+00:00,BUY,5.760000000000218,0.26999999999952706,SL,-6.029999999999745,-6.289999999999745,0.06597222222221973,-41.49652777777453,-1.0920138888888034
s100_m3_combo,sl_too_tight,2026-09-04 01:55:05.912570+00:00,SELL,1.3500000000003638,0.0,SL,-1.3500000000003638,-1.6100000000003638,0.1,-16.10000000000364,-1.1925925925925407
s100_m3_combo,open_position_cap,2026-09-04 02:28:04.289584+00:00,SELL,3.7100000000000364,0.9399999999995998,SL,-4.649999999999636,-4.909999999999636,0.1,-49.09999999999636,-1.3234501347707783
s100_m3_combo,sl_too_tight,2026-09-04 03:15:05.296153+00:00,SELL,1.1400000000003274,0.03999999999996362,SL,-1.180000000000291,-1.440000000000291,0.1,-14.40000000000291,-1.2631578947367346
s100_m3_combo,entry_drift,2026-09-04 03:51:03.608797+00:00,SELL,2.730000000000473,0.6399999999994179,SL,-3.369999999999891,-3.6299999999998906,0.1,-36.29999999999891,-1.3296703296700592
s100_m3_combo,sl_too_tight,2026-09-04 04:06:05.845361+00:00,SELL,0.6700000000000728,1.5600000000004002,TP,0.11999999999989086,0.11999999999989086,0.1,1.1999999999989086,0.17910447761175796
s100_m3_combo,sl_too_tight,2026-09-04 04:51:23.000168+00:00,SELL,1.0299999999997453,-0.06999999999970896,TP,2.639999999999418,2.639999999999418,0.1,26.39999999999418,2.5631067961165734
s100_m3_combo,entry_drift,2026-09-04 05:13:01.527785+00:00,SELL,3.219999999999345,0.9800000000004729,SL,-4.199999999999818,-4.459999999999818,0.1,-44.59999999999818,-1.3850931677020886
s94_sweep_reversal,entry_drift,2026-09-04 05:31:04.684636+00:00,BUY,1.7950000000000728,4.104999999999563,TP,2.2000000000007276,2.2000000000007276,0.1,22.000000000007276,1.2256267409474308
s94_sweep_reversal,entry_drift,2026-09-04 06:41:02.389904+00:00,BUY,2.550000000000182,1.25,SL,-3.800000000000182,-4.060000000000182,0.1,-40.60000000000182,-1.5921568627450557
s100_m3_combo,sl_too_tight,2026-09-04 07:01:02.854186+00:00,SELL,1.2100000000000364,1.3100000000004002,SL,-2.5200000000004366,-2.7800000000004363,0.1,-27.800000000004367,-2.2975206611573165
s99_mss_fvg,sl_too_tight,2026-09-04 08:56:06.637878+00:00,SELL,0.7950000000000728,-0.4149999999999636,SL,-0.38000000000010914,-0.6400000000001091,0.1,-6.400000000001092,-0.8050314465409442
s99_mss_fvg,sl_too_tight,2026-09-04 10:22:23.283840+00:00,BUY,0.9049999999997453,-0.6449999999995271,SL,-0.2600000000002183,-0.5200000000002183,0.1,-5.200000000002183,-0.5745856353595189
s99_mss_fvg,news_blackout,2026-09-04 12:42:03.574830+00:00,SELL,71.07999999999993,-2.3099999999994907,TIME,-28.31500000000051,-28.31500000000051,0.01,-28.315000000000513,-0.39835396736072787
s94_sweep_reversal,metaapi_rejection,2026-09-04 12:47:03.057802+00:00,BUY,6.954999999999927,0.5450000000000728,SL,-7.5,-7.76,0.054636951833214084,-42.39827462257413,-1.1157440690151086
s100_m3_combo,soft_daily_brake,2026-09-04 14:58:03.540474+00:00,SELL,4.1799999999993815,0.9600000000000364,SL,-5.139999999999418,-5.399999999999418,0.09090909090910436,-49.09090909091106,-1.2918660287081858
s99_mss_fvg,soft_daily_brake,2026-09-04 15:24:04.792979+00:00,BUY,3.7399999999997817,1.3299999999999272,SL,-5.069999999999709,-5.329999999999709,0.1,-53.29999999999709,-1.4251336898395774
s94_sweep_reversal,sl_too_tight,2026-09-07 00:06:03.323275+00:00,BUY,1.1049999999995634,2.4650000000001455,SL,-3.569999999999709,-3.8299999999997087,0.1,-38.29999999999709,-3.4660633484173955
s100_m3_combo,open_position_cap,2026-09-07 03:14:01.597981+00:00,SELL,1.7400000000006912,0.5,SL,-2.240000000000691,-2.500000000000691,0.1,-25.00000000000691,-1.4367816091952286
s100_m3_combo,open_position_cap,2026-09-07 07:46:05.703357+00:00,SELL,1.7400000000006912,1.069999999999709,SL,-2.8100000000004,-3.0700000000004,0.1,-30.700000000004003,-1.764367816091483
s100_m3_combo,entry_drift,2026-09-07 08:37:03.708903+00:00,BUY,2.7399999999997817,0.8900000000003274,SL,-3.630000000000109,-3.890000000000109,0.1,-38.900000000001086,-1.419708029197233
s99_mss_fvg,metaapi_rejection,2026-09-07 10:42:05.559148+00:00,SELL,2.0200000000004366,-0.9800000000004729,SL,-1.0399999999999636,-1.2999999999999636,0.1,-12.999999999999638,-0.6435643564354865
s94_sweep_reversal,entry_drift,2026-09-07 12:00:02.313418+00:00,BUY,4.5,0.8599999999996726,TP,12.88000000000011,12.88000000000011,0.08444444444444445,108.76444444444537,2.8622222222222464
s99_mss_fvg,news_blackout,2026-09-07 12:36:04.097566+00:00,BUY,1.110000000000582,-1.0900000000001455,SL,-0.020000000000436557,-0.28000000000043657,0.1,-2.8000000000043657,-0.2522522522525133
s100_m3_combo,sl_too_tight,2026-09-07 14:11:02.889832+00:00,BUY,1.2700000000004366,0.7599999999993088,SL,-2.0299999999997453,-2.289999999999745,0.1,-22.89999999999745,-1.803149606298392
s100_m3_combo,entry_drift,2026-09-07 14:52:03.343229+00:00,BUY,1.8699999999998909,1.5,TP,3.199999999999818,3.199999999999818,0.1,31.999999999998185,1.7112299465240668
s99_mss_fvg,sl_too_tight,2026-09-07 15:05:03.650085+00:00,BUY,0.9499999999998181,1.0900000000001455,SL,-2.0399999999999636,-2.2999999999999634,0.1,-22.999999999999634,-2.4210526315793723
s100_m3_combo,entry_drift,2026-09-08 01:01:13.497167+00:00,BUY,3.2100000000000364,3.969999999999345,SL,-7.1799999999993815,-7.439999999999381,0.1,-74.39999999999381,-2.3177570093455753
s94_sweep_reversal,entry_drift,2026-09-08 02:02:05.685455+00:00,SELL,2.4650000000001455,2.1049999999995634,TP,9.850000000000364,9.850000000000364,0.1,98.50000000000364,3.9959432048680656
s100_m3_combo,sl_too_tight,2026-09-08 02:47:05.172156+00:00,BUY,0.9500000000007276,2.4399999999996,TP,-0.06999999999970896,-0.06999999999970896,0.1,-0.6999999999970896,-0.073684210525953
s100_m3_combo,open_position_cap,2026-09-08 04:03:05.128267+00:00,BUY,2.9700000000002547,0.5500000000001819,SL,-3.5200000000004366,-3.7800000000004363,0.1,-37.80000000000436,-1.2727272727273105
s100_m3_combo,open_position_cap,2026-09-08 04:21:06.086451+00:00,BUY,1.889999999999418,1.0100000000002183,SL,-2.899999999999636,-3.159999999999636,0.1,-31.599999999996363,-1.6719576719579943
s100_m3_combo,sl_too_tight,2026-09-08 05:06:21.705805+00:00,BUY,1.019999999999527,0.3500000000003638,SL,-1.3699999999998909,-1.6299999999998909,0.1,-16.29999999999891,-1.5980392156869085
s100_m3_combo,entry_drift,2026-09-08 06:07:03.533466+00:00,SELL,3.969999999999345,1.3400000000001455,TP,8.610000000000582,8.610000000000582,0.09571788413099816,82.413098236795,2.168765743073552
s100_m3_combo,no_add_to_loser,2026-09-08 07:05:04.194741+00:00,SELL,3.2100000000000364,-1.8699999999998909,TP,9.900000000000546,9.900000000000546,0.1,99.00000000000546,3.0841121495328454
s99_mss_fvg,entry_drift,2026-09-08 07:47:04.871692+00:00,SELL,1.5799999999999272,1.0900000000001455,TP,1.2799999999997453,1.2799999999997453,0.1,12.799999999997455,0.8101265822783571
s100_m3_combo,entry_drift,2026-09-08 07:55:04.298043+00:00,SELL,2.369999999999891,1.5799999999999272,SL,-3.949999999999818,-4.209999999999818,0.1,-42.09999999999818,-1.7763713080168826
s100_m3_combo,sl_too_tight,2026-09-08 08:06:03.117631+00:00,SELL,1.2800000000006548,-0.09000000000014552,SL,-1.1900000000005093,-1.4500000000005093,0.1,-14.500000000005095,-1.1328124999998184
s94_sweep_reversal,entry_drift,2026-09-08 12:21:04.093350+00:00,BUY,6.255000000000109,3.975000000000364,SL,-10.230000000000473,-10.490000000000473,0.060751398880894224,-63.728217426060915,-1.6770583533173924
s94_sweep_reversal,news_blackout,2026-09-08 12:33:03.695934+00:00,SELL,1.0850000000000364,-0.04500000000007276,SL,-1.0399999999999636,-1.2999999999999636,0.1,-12.999999999999638,-1.198156682027576
s94_sweep_reversal,sl_too_tight,2026-09-08 12:59:02.963916+00:00,SELL,0.35499999999956344,-1.1049999999995634,SL,0.75,0.49,0.1,4.9,1.3802816901425425
s100_m3_combo,open_position_cap,2026-09-08 13:45:01.679037+00:00,SELL,4.050000000000182,1.480000000000473,SL,-5.530000000000655,-5.790000000000655,0.09382716049382295,-54.32592592592963,-1.429629629629727
s100_m3_combo,open_position_cap,2026-09-08 14:47:04.593222+00:00,SELL,2.199999999999818,0.9600000000000364,TP,4.539999999999964,4.539999999999964,0.1,45.39999999999964,2.0636363636365176
s99_mss_fvg,metaapi_rejection,2026-09-08 15:21:04.768571+00:00,BUY,1.944999999999709,-1.7449999999998909,SL,-0.1999999999998181,-0.4599999999998181,0.1,-4.5999999999981815,-0.236503856041073
s100_m3_combo,entry_drift,2026-09-08 15:49:04.670852+00:00,SELL,2.7200000000002547,2.089999999999236,TP,4.700000000000728,4.700000000000728,0.1,47.00000000000728,1.727941176470694
s94_sweep_reversal,sl_too_tight,2026-09-08 16:09:03.712532+00:00,BUY,1.3099999999994907,-0.6399999999994179,SL,-0.6700000000000728,-0.9300000000000728,0.1,-9.300000000000729,-0.709923664122469
s94_sweep_reversal,soft_daily_brake,2026-09-08 19:32:04.975789+00:00,BUY,7.949999999999818,0.07999999999992724,SL,-8.029999999999745,-8.289999999999745,0.04779874213836587,-39.62515723270409,-1.042767295597476
s94_sweep_reversal,soft_daily_brake,2026-09-08 20:27:02.135058+00:00,BUY,2.449999999999818,-0.2600000000002183,SL,-2.1899999999996,-2.4499999999995996,0.1,-24.499999999995996,-0.9999999999999108
s94_sweep_reversal,sl_too_tight,2026-09-09 00:18:01.682278+00:00,BUY,0.5399999999999636,1.2999999999992724,SL,-1.839999999999236,-2.099999999999236,0.1,-20.999999999992358,-3.8888888888877355
s100_m3_combo,entry_drift,2026-09-09 03:43:05.184681+00:00,BUY,1.800000000000182,0.9499999999998181,SL,-2.75,-3.01,0.1,-30.099999999999998,-1.672222222222053
s100_m3_combo,sl_too_tight,2026-09-09 05:04:08.553386+00:00,BUY,0.8600000000005821,0.8999999999996362,SL,-1.7600000000002183,-2.020000000000218,0.1,-20.200000000002184,-2.3488372093009895
s99_mss_fvg,entry_drift,2026-09-09 06:01:03.673652+00:00,BUY,2.1599999999998545,1.0900000000001455,TP,2.149999999999636,2.149999999999636,0.1,21.499999999996362,0.995370370370269
s100_m3_combo,sl_too_tight,2026-09-09 07:20:03.517571+00:00,BUY,0.680000000000291,0.6499999999996362,TP,1.0399999999999636,1.0399999999999636,0.1,10.399999999999638,1.5294117647051744
s99_mss_fvg,sl_too_tight,2026-09-09 07:20:04.710899+00:00,BUY,1.4650000000001455,1.264999999999418,TP,0.930000000000291,0.930000000000291,0.1,9.300000000002912,0.6348122866895554
s100_m3_combo,metaapi_rejection,2026-09-09 07:30:06.691982+00:00,BUY,2.3300000000008367,0.18999999999959982,SL,-2.5200000000004366,-2.7800000000004363,0.1,-27.800000000004367,-1.1931330472100592
s100_m3_combo,sl_too_tight,2026-09-09 08:04:04.593686+00:00,BUY,0.8100000000004002,0.0,SL,-0.8100000000004002,-1.0700000000004002,0.1,-10.700000000004001,-1.320987654320829
s99_mss_fvg,soft_daily_brake,2026-09-09 11:31:04.378899+00:00,BUY,2.119999999999891,0.36999999999989086,SL,-2.4899999999997817,-2.7499999999997815,0.1,-27.499999999997815,-1.2971698113207184
s100_m3_combo,entry_drift,2026-09-10 01:58:01.531773+00:00,BUY,1.5,1.1599999999998545,TP,2.5900000000001455,2.5900000000001455,0.1,25.900000000001455,1.7266666666667636
s100_m3_combo,entry_drift,2026-09-10 02:31:05.550278+00:00,BUY,1.680000000000291,0.8400000000001455,SL,-2.5200000000004366,-2.7800000000004363,0.1,-27.800000000004367,-1.6547619047618778
s94_sweep_reversal,entry_drift,2026-09-10 02:48:05.185838+00:00,SELL,1.800000000000182,1.0900000000001455,SL,-2.8900000000003274,-3.150000000000327,0.1,-31.500000000003276,-1.7500000000000049
s100_m3_combo,metaapi_rejection,2026-09-10 04:10:04.378895+00:00,BUY,2.139999999999418,1.1700000000000728,SL,-3.3099999999994907,-3.5699999999994905,0.1,-35.69999999999491,-1.6682242990656362
s100_m3_combo,sl_too_tight,2026-09-10 04:28:04.097872+00:00,BUY,0.7799999999997453,-0.10999999999967258,SL,-0.6700000000000728,-0.9300000000000728,0.1,-9.300000000000729,-1.1923076923081748
s100_m3_combo,metaapi_rejection,2026-09-10 04:54:03.996077+00:00,BUY,2.2399999999997817,-0.6999999999998181,TP,6.279999999999745,6.279999999999745,0.1,62.79999999999746,2.8035714285715883
s100_m3_combo,sl_too_tight,2026-09-10 05:31:03.047800+00:00,BUY,1.1899999999995998,-0.9200000000000728,SL,-0.26999999999952706,-0.5299999999995271,0.1,-5.299999999995271,-0.44537815126025654
s100_m3_combo,open_position_cap,2026-09-10 05:49:01.014278+00:00,BUY,3.6799999999993815,-0.6799999999993815,SL,-3.0,-3.26,0.1,-32.6,-0.8858695652175401
s100_m3_combo,open_position_cap,2026-09-10 06:03:04.963628+00:00,BUY,2.119999999999891,1.2600000000002183,SL,-3.380000000000109,-3.640000000000109,0.1,-36.40000000000109,-1.7169811320756114
s100_m3_combo,entry_drift,2026-09-10 06:37:01.925003+00:00,BUY,1.730000000000473,1.6300000000001091,TP,2.699999999999818,2.699999999999818,0.1,26.99999999999818,1.5606936416179653
s94_sweep_reversal,entry_drift,2026-09-10 07:41:05.287871+00:00,BUY,1.6599999999998545,1.7200000000002547,SL,-3.380000000000109,-3.640000000000109,0.1,-36.40000000000109,-2.192771084337607
s99_mss_fvg,sl_too_tight,2026-09-10 07:44:01.656357+00:00,SELL,1.2800000000006548,-0.7300000000004729,SL,-0.5500000000001819,-0.8100000000001819,0.1,-8.10000000000182,-0.6328124999998184
s100_m3_combo,sl_too_tight,2026-09-10 07:57:04.264588+00:00,BUY,0.7600000000002183,0.7899999999999636,SL,-1.550000000000182,-1.810000000000182,0.1,-18.10000000000182,-2.3815789473679763
s99_mss_fvg,entry_drift,2026-09-10 12:46:11.330780+00:00,SELL,20.659999999999854,1.0299999999997453,SL,-21.6899999999996,-21.9499999999996,0.01839303000968067,-40.37270087124834,-1.0624394966117985
s100_m3_combo,open_position_cap,2026-09-10 14:20:05.264480+00:00,SELL,5.729999999999563,-2.0399999999999636,SL,-3.6899999999996,-3.9499999999995996,0.06631762652705567,-26.195462478184332,-0.689354275741693
s93_fvg_scalp,no_add_to_loser,2026-09-10 14:52:04.725677+00:00,SELL,5.809999999999491,0.6300000000001091,SL,-6.4399999999996,-6.6999999999996,0.065404475043035,-43.82099827883083,-1.1531841652323902
s100_m3_combo,open_position_cap,2026-09-10 15:06:03.086441+00:00,SELL,5.0900000000001455,1.1700000000000728,SL,-6.260000000000218,-6.520000000000218,0.07465618860510592,-48.67583497053069,-1.2809430255402812
s94_sweep_reversal,entry_drift,2026-09-11 00:01:05.765366+00:00,BUY,2.6649999999999636,4.574999999999818,TP,3.5299999999997453,3.5299999999997453,0.1,35.29999999999745,1.3245778611631496
s100_m3_combo,open_position_cap,2026-09-11 01:34:03.825514+00:00,SELL,3.9000000000005457,2.139999999999418,TP,7.600000000000364,7.600000000000364,0.09743589743588381,74.05128205127524,1.9487179487177693
s100_m3_combo,open_position_cap,2026-09-11 01:46:03.074463+00:00,SELL,5.6200000000008,1.0299999999997453,SL,-6.650000000000546,-6.9100000000005455,0.0676156583629797,-46.72241992882266,-1.2295373665479647
s100_m3_combo,open_position_cap,2026-09-11 03:56:03.169535+00:00,SELL,3.5399999999999636,-0.7999999999992724,SL,-2.740000000000691,-3.000000000000691,0.1,-30.00000000000691,-0.847457627118848
s100_m3_combo,sl_too_tight,2026-09-11 05:08:05.918683+00:00,SELL,1.1700000000000728,2.7399999999997817,TP,0.21000000000003638,0.21000000000003638,0.1,2.1000000000003642,0.17948717948719942
s100_m3_combo,entry_drift,2026-09-11 06:07:05.941108+00:00,BUY,3.3599999999996726,3.9099999999998545,TP,4.489999999999782,4.489999999999782,0.1,44.89999999999782,1.336309523809589
s99_mss_fvg,sl_too_tight,2026-09-11 08:18:23.376561+00:00,SELL,1.175000000000182,0.5249999999996362,TP,1.2400000000006912,1.2400000000006912,0.1,12.400000000006912,1.0553191489365952
s94_sweep_reversal,entry_drift,2026-09-11 13:15:04.134315+00:00,SELL,3.8350000000000364,1.7449999999998909,SL,-5.579999999999927,-5.839999999999927,0.09908735332464053,-57.86701434158934,-1.52281616688393
s100_m3_combo,entry_drift,2026-09-11 15:59:01.680634+00:00,BUY,2.8499999999994543,0.9099999999998545,SL,-3.759999999999309,-4.019999999999309,0.1,-40.19999999999308,-1.4105263157895012
s100_m3_combo,open_position_cap,2026-09-14 07:05:05.904672+00:00,SELL,1.480000000000473,0.7100000000000364,SL,-2.1900000000005093,-2.450000000000509,0.1,-24.50000000000509,-1.6554054054052203
s99_mss_fvg,sl_too_tight,2026-09-14 07:07:04.048632+00:00,SELL,1.3599999999996726,1.8800000000001091,TP,0.15999999999985448,0.15999999999985448,0.1,1.599999999998545,0.11764705882345074
s100_m3_combo,entry_drift,2026-09-14 08:23:03.826829+00:00,SELL,1.8700000000008004,0.6299999999991996,SL,-2.5,-2.76,0.1,-27.599999999999998,-1.4759358288763735
s99_mss_fvg,sl_too_tight,2026-09-14 09:01:01.080651+00:00,SELL,1.3699999999998909,-0.2899999999999636,SL,-1.0799999999999272,-1.3399999999999272,0.1,-13.399999999999274,-0.9781021897810467
s99_mss_fvg,open_position_cap,2026-09-14 12:01:05.157774+00:00,SELL,4.199999999999818,-1.199999999999818,SL,-3.0,-3.26,0.0904761904761944,-29.495238095239372,-0.7761904761905097
s99_mss_fvg,entry_drift,2026-09-14 13:01:03.549974+00:00,SELL,5.75,1.8800000000001091,TP,6.75,6.75,0.06608695652173913,44.608695652173914,1.173913043478261
s93_fvg_scalp,entry_drift,2026-09-14 13:01:03.694393+00:00,SELL,5.75,1.8800000000001091,TP,6.75,6.75,0.06608695652173913,44.608695652173914,1.173913043478261
s93_fvg_scalp,metaapi_rejection,2026-09-14 13:28:05.190461+00:00,BUY,5.274999999999636,0.0749999999998181,SL,-5.349999999999454,-5.609999999999454,0.07203791469194809,-40.413270142178945,-1.0635071090047092
s100_m3_combo,entry_drift,2026-09-14 14:01:03.938211+00:00,SELL,6.910000000000764,4.059999999999491,SL,-10.970000000000255,-11.230000000000254,0.05499276410997945,-61.756874095508316,-1.6251808972502189
s100_m3_combo,entry_drift,2026-09-14 14:09:04.364376+00:00,SELL,2.569999999999709,2.5,SL,-5.069999999999709,-5.329999999999709,0.1,-53.29999999999709,-2.0739299610896156
s93_fvg_scalp,duplicate_entry,2026-09-14 14:31:01.649526+00:00,SELL,4.425000000000182,2.024999999999636,SL,-6.449999999999818,-6.709999999999818,0.08587570621468574,-57.62259887005256,-1.516384180790857
s93_fvg_scalp,entry_drift,2026-09-14 14:52:02.481140+00:00,BUY,5.670000000000073,2.3400000000001455,TP,6.170000000000073,6.170000000000073,0.06701940035273282,41.35097001763664,1.0881834215167536
s94_sweep_reversal,sl_too_tight,2026-09-14 16:11:02.917601+00:00,SELL,0.8450000000002547,1.694999999999709,SL,-2.5399999999999636,-2.7999999999999634,0.1,-27.999999999999638,-3.3136094674545795
s100_m3_combo,entry_drift,2026-09-15 01:18:04.600998+00:00,BUY,4.119999999999891,1.180000000000291,SL,-5.300000000000182,-5.560000000000182,0.09223300970874031,-51.281553398061284,-1.349514563106876
s100_m3_combo,entry_drift,2026-09-15 06:01:03.603693+00:00,SELL,2.9799999999995634,1.25,TIME,4.230000000000473,4.230000000000473,0.1,42.30000000000474,1.4194630872486889
s100_m3_combo,open_position_cap,2026-09-15 06:14:03.788837+00:00,SELL,4.130000000000109,-3.0399999999999636,SL,-1.0900000000001455,-1.3500000000001455,0.09200968523002179,-12.42130750605428,-0.3268765133172179
s99_mss_fvg,soft_daily_brake,2026-09-15 07:01:03.582332+00:00,BUY,1.6649999999999636,2.3649999999997817,SL,-4.029999999999745,-4.289999999999745,0.1,-42.89999999999745,-2.5765765765764796
s99_mss_fvg,soft_daily_brake,2026-09-15 07:46:05.830377+00:00,SELL,4.105000000000473,-0.6750000000001819,TP,6.829999999999927,6.829999999999927,0.09257003654079324,63.22533495736111,1.6638246041410818
s100_m3_combo,soft_daily_brake,2026-09-15 07:48:04.704332+00:00,SELL,4.390000000000327,3.050000000000182,TP,7.920000000000073,7.920000000000073,0.08656036446468603,68.55580865603196,1.8041002277903149
s94_sweep_reversal,soft_daily_brake,2026-09-15 07:51:05.710843+00:00,BUY,2.630000000000109,-1.7299999999995634,SL,-0.9000000000005457,-1.1600000000005457,0.1,-11.600000000005457,-0.44106463878345914
s100_m3_combo,soft_daily_brake,2026-09-15 07:59:01.568098+00:00,SELL,3.7100000000000364,-1.4799999999995634,TP,10.760000000000218,10.760000000000218,0.1,107.60000000000218,2.9002695417790063
s99_mss_fvg,soft_daily_brake,2026-09-15 08:01:02.253643+00:00,SELL,3.649999999999636,6.0600000000004,TP,-0.5900000000001455,-0.5900000000001455,0.1,-5.900000000001455,-0.16164383561649434
s100_m3_combo,soft_daily_brake,2026-09-15 08:16:03.682082+00:00,SELL,3.5600000000004,-1.2700000000004366,SL,-2.2899999999999636,-2.5499999999999634,0.1,-25.499999999999634,-0.7162921348313699
s99_mss_fvg,soft_daily_brake,2026-09-15 08:16:05.898649+00:00,SELL,8.585000000000036,-0.4750000000003638,SL,-8.109999999999673,-8.369999999999672,0.044263249854397016,-37.04834012812886,-0.9749563191612856
s100_m3_combo,sl_too_tight,2026-09-15 08:53:02.766778+00:00,SELL,1.4899999999997817,1.2100000000000364,TP,2.5399999999999636,2.5399999999999636,0.1,25.39999999999964,1.7046979865774066
s99_mss_fvg,sl_too_tight,2026-09-15 09:59:02.874844+00:00,BUY,0.9699999999993452,0.7300000000004729,TP,0.7200000000002547,0.7200000000002547,0.1,7.2000000000025475,0.742268041237877
s99_mss_fvg,sl_too_tight,2026-09-15 10:17:03.594515+00:00,BUY,1.1900000000005093,-0.02999999999974534,SL,-1.160000000000764,-1.420000000000764,0.1,-14.20000000000764,-1.193277310924501
s99_mss_fvg,soft_daily_brake,2026-09-15 11:01:05.498263+00:00,BUY,4.039999999999964,0.6499999999996362,SL,-4.6899999999996,-4.9499999999996,0.0940594059405949,-46.559405940590715,-1.225247524752387
s99_mss_fvg,soft_daily_brake,2026-09-15 12:58:06.465364+00:00,BUY,7.0649999999996,0.5050000000001091,TP,10.090000000000146,10.090000000000146,0.05378627034678295,54.27034677990478,1.42816702052381
s100_m3_combo,soft_daily_brake,2026-09-15 13:19:02.034786+00:00,BUY,1.6199999999998909,-0.9899999999997817,SL,-0.6300000000001091,-0.8900000000001091,0.1,-8.900000000001091,-0.5493827160494871
s100_m3_combo,soft_daily_brake,2026-09-15 13:28:03.588215+00:00,BUY,2.1700000000000728,-0.6799999999993815,SL,-1.4900000000006912,-1.7500000000006912,0.1,-17.500000000006914,-0.8064516129035173
s94_sweep_reversal,sl_too_tight,2026-09-15 13:50:03.106728+00:00,SELL,0.29500000000007276,0.9750000000003638,SL,-1.2700000000004366,-1.5300000000004366,0.1,-15.300000000004365,-5.186440677966303
s100_m3_combo,soft_daily_brake,2026-09-15 13:54:01.362971+00:00,BUY,5.130000000000109,0.9000000000005457,SL,-6.030000000000655,-6.290000000000655,0.0740740740740725,-46.59259259259645,-1.2261208576999065
s100_m3_combo,soft_daily_brake,2026-09-15 14:11:06.187284+00:00,BUY,2.610000000000582,0.5399999999999636,SL,-3.1500000000005457,-3.4100000000005455,0.1,-34.10000000000546,-1.3065134099616034
s99_mss_fvg,soft_daily_brake,2026-09-15 15:46:04.653391+00:00,BUY,2.5349999999998545,-1.105000000000473,TP,4.9099999999998545,4.9099999999998545,0.1,49.099999999998545,1.9368836291913754
s100_m3_combo,entry_drift,2026-09-16 03:10:02.768753+00:00,BUY,3.3299999999999272,2.880000000000109,TP,5.440000000000509,5.440000000000509,0.1,54.4000000000051,1.6336336336338222
s100_m3_combo,sl_too_tight,2026-09-16 05:11:03.402709+00:00,BUY,0.75,-0.010000000000218279,TP,1.8599999999996726,1.8599999999996726,0.1,18.599999999996726,2.4799999999995634
s100_m3_combo,sl_too_tight,2026-09-16 05:49:05.934111+00:00,BUY,1.389999999999418,-0.5,SL,-0.8899999999994179,-1.149999999999418,0.1,-11.49999999999418,-0.8273381294963306
s100_m3_combo,sl_too_tight,2026-09-16 06:47:02.392935+00:00,BUY,1.0999999999994543,1.2899999999999636,SL,-2.389999999999418,-2.6499999999994177,0.1,-26.499999999994177,-2.409090909091575
s94_sweep_reversal,metaapi_rejection,2026-09-16 07:15:03.040827+00:00,SELL,2.3149999999996,-1.644999999999527,SL,-0.6700000000000728,-0.9300000000000728,0.1,-9.300000000000729,-0.4017278617711592
s100_m3_combo,entry_drift,2026-09-16 08:49:03.183082+00:00,BUY,2.369999999999891,1.5,SL,-3.869999999999891,-4.129999999999891,0.1,-41.29999999999891,-1.7426160337553083
s94_sweep_reversal,entry_drift,2026-09-16 10:06:04.691878+00:00,SELL,3.0,0.8599999999996726,SL,-3.8599999999996726,-4.119999999999672,0.1,-41.19999999999673,-1.373333333333224
s99_mss_fvg,entry_drift,2026-09-16 10:07:05.029077+00:00,BUY,2.9149999999999636,1.355000000000473,TP,3.019999999999527,3.019999999999527,0.1,30.199999999995274,1.0360205831902451
s100_m3_combo,entry_drift,2026-09-16 13:19:04.438768+00:00,BUY,3.800000000000182,0.5799999999999272,SL,-4.380000000000109,-4.640000000000109,0.09999999999999522,-46.39999999999887,-1.2210526315789176
s100_m3_combo,entry_drift,2026-09-16 14:18:05.147422+00:00,BUY,6.559999999999491,0.18000000000029104,TP,16.229999999999563,16.229999999999563,0.05792682926829718,94.0152439024438,2.4740853658537842
s100_m3_combo,metaapi_rejection,2026-09-16 14:55:05.714616+00:00,BUY,3.3299999999999272,-1.569999999999709,SL,-1.7600000000002183,-2.020000000000218,0.1,-20.200000000002184,-0.6066066066066853
s93_fvg_scalp,metaapi_rejection,2026-09-16 14:56:05.434926+00:00,BUY,3.600000000000364,0.03999999999996362,TP,5.359999999999673,5.359999999999673,0.1,53.599999999996726,1.4888888888886476
s100_m3_combo,entry_drift,2026-09-16 15:50:03.481006+00:00,BUY,2.069999999999709,1.8400000000001455,SL,-3.9099999999998545,-4.169999999999854,0.1,-41.699999999998546,-2.014492753623401
s100_m3_combo,entry_drift,2026-09-17 04:32:21.880045+00:00,SELL,1.9399999999995998,1.4000000000005457,SL,-3.3400000000001455,-3.6000000000001453,0.1,-36.00000000000145,-1.8556701030932412
s99_mss_fvg,sl_too_tight,2026-09-17 06:17:05.151306+00:00,BUY,1.0450000000000728,-0.1750000000001819,SL,-0.8699999999998909,-1.1299999999998909,0.1,-11.29999999999891,-1.0813397129184805
s99_mss_fvg,soft_daily_brake,2026-09-17 06:36:04.772015+00:00,BUY,3.449999999999818,0.030000000000654836,SL,-3.480000000000473,-3.7400000000004727,0.1,-37.40000000000473,-1.084057971014687
s100_m3_combo,soft_daily_brake,2026-09-17 06:39:06.022158+00:00,BUY,1.910000000000764,0.819999999999709,TP,3.9600000000000364,3.9600000000000364,0.1,39.60000000000037,2.0732984293185615
s99_mss_fvg,soft_daily_brake,2026-09-17 07:21:02.609917+00:00,BUY,8.200000000000728,-0.5900000000001455,SL,-7.610000000000582,-7.870000000000582,0.04634146341463003,-36.47073170731653,-0.9597560975609614
s100_m3_combo,soft_daily_brake,2026-09-17 07:21:05.668172+00:00,BUY,1.9700000000002547,-0.3600000000005821,SL,-1.6099999999996726,-1.8699999999996726,0.1,-18.699999999996727,-0.9492385786799141
s99_mss_fvg,soft_daily_brake,2026-09-17 07:43:00.946644+00:00,BUY,4.849999999999454,1.2100000000000364,SL,-6.059999999999491,-6.3199999999994905,0.07835051546392634,-49.51752577319745,-1.3030927835051962
s100_m3_combo,soft_daily_brake,2026-09-17 07:43:06.068367+00:00,BUY,3.7100000000000364,1.550000000000182,SL,-5.260000000000218,-5.520000000000218,0.1,-55.20000000000218,-1.4878706199461358
s100_m3_combo,soft_daily_brake,2026-09-17 08:43:03.656741+00:00,BUY,3.769999999999527,0.7100000000000364,SL,-4.479999999999563,-4.739999999999563,0.1,-47.399999999995636,-1.2572944297082647
s99_mss_fvg,soft_daily_brake,2026-09-17 09:38:02.899790+00:00,SELL,2.3450000000002547,0.9549999999999272,TP,2.5599999999994907,2.5599999999994907,0.1,25.59999999999491,1.0916844349676813
s94_sweep_reversal,soft_daily_brake,2026-09-17 11:51:02.512851+00:00,SELL,5.0700000000006185,0.22000000000025466,SL,-5.290000000000873,-5.550000000000873,0.07495069033529658,-41.59763313609615,-1.0946745562130564
s99_mss_fvg,news_blackout,2026-09-17 12:36:03.572336+00:00,BUY,2.630000000000109,-0.21000000000003638,SL,-2.4200000000000728,-2.6800000000000725,0.1,-26.80000000000073,-1.0190114068440919
s93_fvg_scalp,soft_daily_brake,2026-09-17 13:01:02.298001+00:00,BUY,5.079999999999927,2.569999999999709,SL,-7.649999999999636,-7.909999999999636,0.07480314960630029,-59.16929133858081,-1.557086614173179
s100_m3_combo,soft_daily_brake,2026-09-17 13:24:02.850920+00:00,BUY,5.9099999999998545,-2.9700000000002547,SL,-2.9399999999996,-3.1999999999995996,0.06429780033841107,-20.575296108288967,-0.5414551607444464
s100_m3_combo,sl_too_tight,2026-09-17 13:37:02.278856+00:00,BUY,1.4400000000005093,1.569999999999709,SL,-3.0100000000002183,-3.270000000000218,0.1,-32.700000000002184,-2.2708333333326816
s99_mss_fvg,soft_daily_brake,2026-09-17 13:47:05.719540+00:00,SELL,1.8549999999995634,-2.3049999999993815,SL,0.4499999999998181,0.1899999999998181,0.1,1.899999999998181,0.10242587601070771
s93_fvg_scalp,soft_daily_brake,2026-09-17 13:58:04.053804+00:00,BUY,4.779999999999745,-0.839999999999236,TP,8.009999999999309,8.009999999999309,0.07949790794979503,63.67782426778032,1.6757322175731664
s99_mss_fvg,soft_daily_brake,2026-09-17 15:04:02.884291+00:00,SELL,1.9650000000001455,1.144999999999527,TP,1.800000000000182,1.800000000000182,0.1,18.00000000000182,0.9160305343511698
s100_m3_combo,soft_daily_brake,2026-09-17 15:25:03.099945+00:00,BUY,3.4099999999998545,-0.5199999999995271,SL,-2.8900000000003274,-3.150000000000327,0.1,-31.500000000003276,-0.923753665689285
s94_sweep_reversal,soft_daily_brake,2026-09-17 18:41:21.912359+00:00,BUY,3.1350000000002183,1.055000000000291,SL,-4.190000000000509,-4.450000000000509,0.1,-44.50000000000509,-1.4194577352472726
s100_m3_combo,metaapi_rejection,2026-09-18 01:27:01.547931+00:00,BUY,3.4500000000007276,-0.23000000000047294,SL,-3.2200000000002547,-3.4800000000002544,0.1,-34.80000000000255,-1.008695652173774
s100_m3_combo,entry_drift,2026-09-18 03:02:04.644294+00:00,SELL,4.869999999999891,0.18000000000029104,TP,12.019999999999527,12.019999999999527,0.07802874743326664,93.79055441478282,2.4681724845995476
s94_sweep_reversal,sl_too_tight,2026-09-18 03:16:03.470456+00:00,BUY,1.0249999999996362,-0.2249999999994543,SL,-0.8000000000001819,-1.060000000000182,0.1,-10.600000000001819,-1.0341463414639591
s100_m3_combo,open_position_cap,2026-09-18 05:11:23.175929+00:00,BUY,2.069999999999709,0.040000000000873115,SL,-2.110000000000582,-2.370000000000582,0.1,-23.70000000000582,-1.1449275362323261
s100_m3_combo,metaapi_rejection,2026-09-18 05:50:02.021866+00:00,BUY,1.8500000000003638,-1.3400000000001455,SL,-0.5100000000002183,-0.7700000000002183,0.1,-7.700000000002182,-0.4162162162162524
s99_mss_fvg,entry_drift,2026-09-18 06:31:06.961419+00:00,BUY,3.1400000000003274,1.7899999999999636,TP,2.9200000000000728,2.9200000000000728,0.1,29.20000000000073,0.9299363057324103
s100_m3_combo,sl_too_tight,2026-09-18 06:51:04.855380+00:00,BUY,1.3099999999994907,0.6900000000005093,SL,-2.0,-2.26,0.1,-22.599999999999998,-1.725190839695327
c03_fvg_fill,open_position_cap,2026-09-18 07:12:05.872024+00:00,BUY,3.3900000000003274,0.0999999999994543,TP,5.700000000000728,5.700000000000728,0.1,57.000000000007276,1.681415929203592
c03_fvg_fill,open_position_cap,2026-09-18 07:13:02.468256+00:00,BUY,2.2799999999997453,1.0300000000006548,TP,5.880000000000109,5.880000000000109,0.1,58.8000000000011,2.5789473684213884
c03_fvg_fill,open_position_cap,2026-09-18 07:14:04.112171+00:00,BUY,2.5399999999999636,-0.17000000000007276,TP,6.8200000000006185,6.8200000000006185,0.1,68.20000000000618,2.6850393700790223
c03_fvg_fill,open_position_cap,2026-09-18 07:28:03.945634+00:00,BUY,4.210000000000036,-0.03999999999996362,TP,4.960000000000036,4.960000000000036,0.09026128266033176,44.769596199524884,1.1781472684085494
s100_m3_combo,sl_too_tight,2026-09-18 07:32:05.140014+00:00,BUY,0.8099999999994907,0.3500000000003638,SL,-1.1599999999998545,-1.4199999999998545,0.1,-14.199999999998544,-1.753086419754009
s99_mss_fvg,sl_too_tight,2026-09-18 08:39:02.833594+00:00,SELL,1.3850000000002183,2.1049999999995634,TP,-0.02999999999974534,-0.02999999999974534,0.1,-0.2999999999974534,-0.021660649819307303
s14_ob_mit_bias,sl_too_tight,2026-09-18 09:26:02.176009+00:00,BUY,1.430000000000291,0.17000000000007276,SL,-1.6000000000003638,-1.8600000000003638,0.1,-18.60000000000364,-1.3006993006992904
s14_ob_mit_bias,sl_too_tight,2026-09-18 09:27:04.101412+00:00,BUY,0.9200000000000728,-0.569999999999709,SL,-0.3500000000003638,-0.6100000000003638,0.1,-6.1000000000036385,-0.6630434782612126
