strategy,side,entry_time,entry_px,sl,tp,exit_time,exit_px,outcome,pts0,risk,r,hour,be_armed,reason,q_outcome,q_pts0,arm,module,q_pts,m_pts,live_idx,live_status,live_signal_id,live_active,after_kill,g_adverse,g_outcome,g_pts,g_raw
s100_m3_combo,SELL,2026-07-23 13:19:00+00:00,4049.56,4053.61,4039.43,2026-07-23 13:23:00+00:00,4053.61,SL,-4.05,4.05,-1.0,13,False,S100_FVG_SHORT,SL,-4.050000000000182,s100,s100_m3_combo,-4.500000000000182,-4.8,0,duplicate_entry,22d14aa6-fb12-4a55-adf7-bdd27fbfaddf,True,False,-0.15000000000009095,SL,-4.160000000000091,-3.900000000000091
s100_m3_combo,SELL,2026-07-23 13:42:00+00:00,4059.28,4063.46,4048.85,2026-07-23 13:57:00+00:00,4048.85,TP,10.43,4.18,2.4952,13,False,S100_FVG_SHORT,TP,10.430000000000293,s100,s100_m3_combo,9.980000000000292,9.68,1,PLACED,95a985f8-3d7f-458e-ac3b-f872454aac15,True,False,-1.2599999999997635,TP,11.690000000000055,11.690000000000055
s100_m3_combo,SELL,2026-07-23 14:09:00+00:00,4045.36,4047.06,4041.11,2026-07-23 14:10:00+00:00,4047.06,SL,-1.7,1.7,-1.0,14,False,S100_OB_SHORT,SL,-1.699999999999818,s100,s100_m3_combo,-2.1499999999998183,-2.45,2,entry_drift,b424406f-bd2f-4f5b-91b0-20cc765f288f,True,False,-1.6599999999998545,SL,-0.29999999999996363,-0.03999999999996362
s100_m3_combo,SELL,2026-07-23 15:36:00+00:00,4048.8,4050.36,4044.91,2026-07-23 15:37:00+00:00,4050.36,SL,-1.56,1.56,-1.0,15,False,S100_OB_SHORT,SL,-1.5599999999999454,s100,s100_m3_combo,-2.0099999999999456,-2.31,3,PLACED,1f182d22-63a5-4c1a-a58b-5ac4361c8de4,True,False,-0.07999999999992724,SL,-1.7400000000000182,-1.4800000000000182
s100_m3_combo,SELL,2026-07-24 01:11:00+00:00,4041.49,4044.38,4034.28,2026-07-24 01:16:00+00:00,4044.38,SL,-2.89,2.89,-1.0,1,False,S100_RSI3_MOMO_SHORT,SL,-2.8900000000003274,s100,s100_m3_combo,-3.3400000000003276,-3.64,4,entry_drift,0c5efae4-73e4-499b-b311-4c31c75a20b1,True,False,0.6299999999996544,REJ,,
s100_m3_combo,SELL,2026-07-24 05:23:00+00:00,4028.16,4030.97,4021.11,2026-07-24 05:34:00+00:00,4030.97,SL,-2.81,2.81,-1.0,5,False,S100_OB_SHORT,SL,-2.8099999999999454,s100,s100_m3_combo,-3.2599999999999456,-3.56,8,PLACED,e1a3177a-27bf-4410-91e3-b2fad8b698d8,True,False,-1.0,SL,-2.069999999999945,-1.8099999999999454
s100_m3_combo,SELL,2026-07-24 06:02:00+00:00,4025.72,4028.18,4019.59,2026-07-24 06:10:00+00:00,4028.18,SL,-2.46,2.46,-1.0,6,False,S100_FVG_SHORT,SL,-2.4600000000000364,s100,s100_m3_combo,-2.910000000000037,-3.21,9,entry_drift,4be16fc0-13c8-41bd-a8e3-ad777771a2b6,True,False,1.5199999999999818,REJ,,
s100_m3_combo,BUY,2026-07-24 07:15:00+00:00,4044.82,4042.91,4049.59,2026-07-24 07:25:00+00:00,4049.59,TP,4.77,1.91,2.4974,7,False,S100_FVG_LONG,TP,4.769999999999982,s100,s100_m3_combo,4.319999999999982,4.02,10,PLACED,67b6ffd4-0d7c-4cfe-855c-793430a09f4d,True,False,0.25999999999976353,TP,4.510000000000218,4.510000000000218
s100_m3_combo,BUY,2026-07-24 07:35:00+00:00,4051.3,4047.78,4060.12,2026-07-24 07:39:00+00:00,4047.78,SL,-3.52,3.52,-1.0,7,False,S100_RSI3_MOMO_LONG,SL,-3.519999999999982,s100,s100_m3_combo,-3.969999999999982,-4.27,11,PLACED,b32955f9-fe4b-4887-81ba-98c73d7d06b5,True,False,0.4499999999998181,SL,-4.2299999999998,-3.9699999999998
s100_m3_combo,BUY,2026-07-24 08:34:00+00:00,4050.43,4048.6,4055.03,2026-07-24 08:43:00+00:00,4055.03,TP,4.6,1.83,2.5137,8,False,S100_FVG_LONG,TP,4.600000000000364,s100,s100_m3_combo,4.150000000000364,3.85,12,PLACED,ac838350-f17c-44e2-807d-8ba3b89b2a95,True,False,0.3000000000001819,TP,4.300000000000182,4.300000000000182
s100_m3_combo,BUY,2026-07-24 08:59:00+00:00,4057.65,4055.03,4064.2,2026-07-24 09:11:00+00:00,4055.03,SL,-2.62,2.62,-1.0,8,False,S100_RSI3_MOMO_LONG,SL,-2.619999999999891,s100,s100_m3_combo,-3.069999999999891,-3.37,-1,sim_only,,True,False,0.4299999999998363,SL,-3.309999999999727,-3.049999999999727
s100_m3_combo,BUY,2026-07-24 13:00:00+00:00,4055.25,4051.52,4064.57,2026-07-24 13:05:00+00:00,4051.52,SL,-3.73,3.73,-1.0,13,False,S100_OB_LONG,SL,-3.730000000000018,s100,s100_m3_combo,-4.180000000000018,-4.48,14,PLACED,f1a8e8c2-729b-43d1-b7c4-112139bdad17,True,False,0.7100000000000364,REJ,,
s100_m3_combo,BUY,2026-07-24 14:04:00+00:00,4064.0,4060.15,4073.61,2026-07-24 14:07:00+00:00,4060.15,SL,-3.85,3.85,-1.0,14,False,S100_FVG_LONG,SL,-3.849999999999909,s100,s100_m3_combo,-4.299999999999909,-4.6,15,PLACED,dea4b421-3cf0-4f24-a0df-c425d85d8dcb,True,False,-0.03999999999996362,SL,-4.069999999999945,-3.8099999999999454
s100_m3_combo,BUY,2026-07-24 14:37:00+00:00,4062.66,4057.97,4074.4,2026-07-24 15:11:00+00:00,4074.4,TP,11.74,4.69,2.5032,14,False,S100_FVG_LONG,TP,11.740000000000236,s100,s100_m3_combo,11.290000000000235,10.99,16,no_add_to_loser,a128cef5-ce9a-4d5d-b7d0-33c54e3b6b36,True,False,0.9600000000000364,REJ,,
s100_m3_combo,BUY,2026-07-24 15:41:00+00:00,4075.26,4073.09,4080.7,2026-07-24 15:43:00+00:00,4073.09,SL,-2.17,2.17,-1.0,15,False,S100_OB_LONG,SL,-2.1700000000000728,s100,s100_m3_combo,-2.620000000000073,-2.92,17,entry_drift,d948435a-47f9-4538-9844-4027806a69f5,True,False,0.9599999999995816,REJ,,
s100_m3_combo,BUY,2026-07-27 02:03:00+00:00,4105.79,4102.81,4113.24,2026-07-27 02:23:00+00:00,4102.81,SL,-2.98,2.98,-1.0,2,False,S100_OB_LONG,SL,-2.979999999999563,s100,s100_m3_combo,-3.4299999999995636,-3.73,19,entry_drift,3acc1011-ef10-4ca8-b889-f245d011e28b,True,False,1.050000000000182,REJ,,
s100_m3_combo,BUY,2026-07-27 06:05:00+00:00,4092.16,4088.95,4100.17,2026-07-27 07:01:00+00:00,4100.17,TP,8.01,3.21,2.4953,6,False,S100_FVG_LONG,TP,8.010000000000218,s100,s100_m3_combo,7.560000000000218,7.26,22,entry_drift,536d154f-7390-4a1c-bdf1-a6a7748bb277,True,False,2.6100000000001273,REJ,,
s100_m3_combo,BUY,2026-07-27 07:15:00+00:00,4100.01,4097.32,4106.72,2026-07-27 07:42:00+00:00,4097.32,SL,-2.69,2.69,-1.0,7,False,S100_OB_LONG,SL,-2.6900000000005093,s100,s100_m3_combo,-3.1400000000005095,-3.44,26,open_position_cap,e789b8fb-eb75-4574-a6a2-e300ab7cd71f,True,False,1.8499999999994543,REJ,,
s100_m3_combo,SELL,2026-07-27 13:35:00+00:00,4082.17,4084.43,4076.53,2026-07-27 13:38:00+00:00,4084.43,SL,-2.26,2.26,-1.0,13,False,S100_FVG_SHORT,SL,-2.2599999999997635,s100,s100_m3_combo,-2.7099999999997637,-3.01,29,entry_drift,1d8edfa4-c575-4406-bb50-48e33e2338ed,True,False,1.7300000000000182,REJ,,
s100_m3_combo,SELL,2026-07-27 14:33:00+00:00,4069.78,4072.6,4062.73,2026-07-27 14:46:00+00:00,4072.6,SL,-2.82,2.82,-1.0,14,False,S100_FVG_SHORT,SL,-2.819999999999709,s100,s100_m3_combo,-3.269999999999709,-3.57,30,entry_drift,f28ef529-7239-4407-bde1-f537c8f5207c,True,False,3.019999999999982,REJ,,
s100_m3_combo,SELL,2026-07-27 15:42:00+00:00,4075.8,4077.31,4072.05,2026-07-27 15:50:00+00:00,4077.31,SL,-1.51,1.51,-1.0,15,False,S100_OB_SHORT,SL,-1.5099999999997635,s100,s100_m3_combo,-1.9599999999997637,-2.26,31,soft_daily_brake,ac584499-32c2-44de-88b3-9a36f1f7bde9,True,False,0.4600000000000364,REJ,,
s100_m3_combo,SELL,2026-07-28 01:50:00+00:00,4046.48,4049.77,4038.26,2026-07-28 03:02:00+00:00,4041.65,TIME,4.83,3.29,1.4681,1,False,S100_RSI3_MOMO_SHORT,TIME,5.525000000000091,s100,s100_m3_combo,5.075000000000091,4.08,33,entry_drift,14f066ef-6ab6-410c-8ac2-e7427a1a4514,True,False,0.9600000000000364,REJ,,
s100_m3_combo,SELL,2026-07-28 04:54:00+00:00,4044.55,4046.81,4038.91,2026-07-28 05:32:00+00:00,4038.91,TP,5.64,2.26,2.4956,4,False,S100_FVG_SHORT,TP,5.640000000000327,s100,s100_m3_combo,5.190000000000327,4.89,38,entry_drift,2a46ff84-6a83-428b-a276-30f911d31c01,True,False,0.8000000000001819,REJ,,
s100_m3_combo,SELL,2026-07-28 05:42:00+00:00,4039.84,4041.85,4034.81,2026-07-28 05:43:00+00:00,4041.85,SL,-2.01,2.01,-1.0,5,False,S100_FVG_SHORT,SL,-2.0099999999997635,s100,s100_m3_combo,-2.4599999999997637,-2.76,39,PLACED,3ac183bd-6452-4413-bf46-6f5a3da8b89b,True,False,-1.5499999999997272,SL,-0.7200000000000364,-0.4600000000000364
s100_m3_combo,SELL,2026-07-28 06:48:00+00:00,4049.18,4051.54,4043.3,2026-07-28 06:55:00+00:00,4051.54,SL,-2.36,2.36,-1.0,6,False,S100_OB_SHORT,SL,-2.3600000000001273,s100,s100_m3_combo,-2.8100000000001275,-3.11,40,PLACED,0be7e8bd-7563-4da6-b7c7-d8dc9c39eb58,True,False,-0.16000000000030923,SL,-2.459999999999818,-2.199999999999818
s100_m3_combo,SELL,2026-07-28 08:37:00+00:00,4046.27,4049.31,4038.66,2026-07-28 09:30:00+00:00,4038.66,TP,7.61,3.04,2.5033,8,False,S100_FVG_SHORT,TP,7.610000000000127,s100,s100_m3_combo,7.160000000000127,6.86,42,entry_drift,83d2a9ab-c4cd-45bb-aaa8-110e87406902,True,False,0.4299999999998363,TP,7.180000000000291,7.180000000000291
s100_m3_combo,SELL,2026-07-28 13:20:00+00:00,4031.67,4034.23,4025.28,2026-07-28 13:21:00+00:00,4034.23,SL,-2.56,2.56,-1.0,13,False,S100_OB_SHORT,SL,-2.5599999999999454,s100,s100_m3_combo,-3.0099999999999456,-3.31,45,PLACED,29648b15-22c6-4d66-9e19-263927afd1bf,True,False,-1.4899999999997817,SL,-1.3300000000001637,-1.0700000000001637
s100_m3_combo,SELL,2026-07-28 13:42:00+00:00,4023.76,4029.08,4010.46,2026-07-28 13:52:00+00:00,4029.08,SL,-5.32,5.32,-1.0,13,False,S100_FVG_SHORT,SL,-5.319999999999709,s100,s100_m3_combo,-5.769999999999709,-6.07,46,entry_drift,c6cd72ae-65ad-4b3e-98a6-2424a74341e1,True,False,1.8800000000001091,REJ,,
s100_m3_combo,SELL,2026-07-28 14:24:00+00:00,4019.15,4023.61,4007.99,2026-07-28 14:31:00+00:00,4023.61,SL,-4.46,4.46,-1.0,14,False,S100_FVG_SHORT,SL,-4.460000000000036,s100,s100_m3_combo,-4.910000000000037,-5.21,47,entry_drift,94da370a-bfcb-400a-a505-becfb5f69d6f,True,False,2.1900000000000546,REJ,,
s100_m3_combo,SELL,2026-07-28 15:06:00+00:00,4024.43,4026.77,4018.59,2026-07-28 15:09:00+00:00,4026.77,SL,-2.34,2.34,-1.0,15,False,S100_OB_SHORT,SL,-2.3400000000001455,s100,s100_m3_combo,-2.7900000000001457,-3.09,48,entry_drift,246c0a51-af2f-4d13-bad2-ef1cdbbf40ed,True,False,1.9600000000000364,REJ,,
s100_m3_combo,SELL,2026-07-29 01:10:00+00:00,4016.46,4021.25,4004.48,2026-07-29 01:31:00+00:00,4021.25,SL,-4.79,4.79,-1.0,1,False,S100_FVG_SHORT,SL,-4.789999999999964,s100,s100_m3_combo,-5.239999999999964,-5.54,49,entry_drift,c748f83a-4762-41c1-bd5d-414e37342016,True,False,0.9400000000000546,REJ,,
s100_m3_combo,SELL,2026-07-29 02:01:00+00:00,4027.11,4029.08,4022.21,2026-07-29 02:02:00+00:00,4029.08,SL,-1.97,1.97,-1.0,2,False,S100_OB_SHORT,SL,-1.9699999999998,s100,s100_m3_combo,-2.4199999999998,-2.72,50,PLACED,c987ba8a-a16f-4852-816f-a668242efb4e,True,False,-0.7399999999997817,SL,-1.4900000000000182,-1.2300000000000182
s100_m3_combo,BUY,2026-07-29 02:27:00+00:00,4031.97,4027.35,4043.54,2026-07-29 03:15:00+00:00,4027.35,SL,-4.62,4.62,-1.0,2,False,S100_FVG_LONG,SL,-4.619999999999891,s100,s100_m3_combo,-5.069999999999891,-5.37,51,PLACED,c2134f31-fe30-418c-8c13-8f9d09e6fcfd,True,False,-0.4299999999998363,SL,-4.450000000000054,-4.190000000000055
s100_m3_combo,BUY,2026-07-29 05:27:00+00:00,4030.09,4028.28,4034.61,2026-07-29 05:30:00+00:00,4034.61,TP,4.52,1.81,2.4972,5,False,S100_FVG_LONG,TP,4.519999999999982,s100,s100_m3_combo,4.069999999999982,3.77,54,PLACED,1c81ebeb-8f3d-4a69-a724-2daedc394c2d,True,False,0.5199999999999818,REJ,,
s100_m3_combo,BUY,2026-07-29 05:48:00+00:00,4034.98,4033.1,4039.69,2026-07-29 05:56:00+00:00,4033.1,SL,-1.88,1.88,-1.0,5,False,S100_FVG_LONG,SL,-1.8800000000001091,s100,s100_m3_combo,-2.3300000000001093,-2.63,55,PLACED,cb66cb61-2300-441a-a977-adaae7f483c7,True,False,0.6999999999998181,REJ,,
s100_m3_combo,BUY,2026-07-29 06:20:00+00:00,4037.38,4034.71,4044.04,2026-07-29 06:35:00+00:00,4044.04,TP,6.66,2.67,2.4944,6,False,S100_OB_LONG,TP,6.6599999999998545,s100,s100_m3_combo,6.209999999999854,5.91,56,PLACED,77ecc973-fef2-4183-a1ff-939d63542e70,True,False,-0.36999999999989086,TP,7.029999999999745,7.029999999999745
s100_m3_combo,BUY,2026-07-29 07:23:00+00:00,4046.47,4044.55,4051.25,2026-07-29 07:49:00+00:00,4044.55,SL,-1.92,1.92,-1.0,7,False,S100_RSI3_MOMO_LONG,SL,-1.919999999999618,s100,s100_m3_combo,-2.369999999999618,-2.67,59,PLACED,7529a39f-53c5-4fc4-93d3-ff3bc632fa62,True,False,-0.04999999999972715,SL,-2.1299999999998906,-1.8699999999998909
s100_m3_combo,SELL,2026-07-29 13:11:00+00:00,4018.6,4022.68,4008.4,2026-07-29 13:23:00+00:00,4022.68,SL,-4.08,4.08,-1.0,13,False,S100_FVG_SHORT,SL,-4.079999999999927,s100,s100_m3_combo,-4.529999999999927,-4.83,61,entry_drift,ccfcd122-ccb5-4860-b44c-efff771a9cca,True,False,2.019999999999982,REJ,,
s100_m3_combo,SELL,2026-07-29 13:34:00+00:00,4016.09,4020.71,4004.54,2026-07-29 13:57:00+00:00,4004.54,TP,11.55,4.62,2.5,13,False,S100_FVG_SHORT,TP,11.550000000000182,s100,s100_m3_combo,11.100000000000184,10.8,63,entry_drift,4ebdfebe-dce1-46d1-86dc-631977e6ba29,True,False,0.8200000000001637,REJ,,
s100_m3_combo,SELL,2026-07-29 14:16:00+00:00,4003.17,4005.93,3996.26,2026-07-29 14:18:00+00:00,4005.93,SL,-2.76,2.76,-1.0,14,False,S100_OB_SHORT,SL,-2.7599999999997635,s100,s100_m3_combo,-3.2099999999997637,-3.51,65,PLACED,77b737a2-efd3-477f-b37d-8645d79eed9a,True,False,-0.40000000000009095,SL,-2.6199999999996724,-2.3599999999996726
s100_m3_combo,BUY,2026-07-30 01:09:00+00:00,4087.96,4083.1,4100.11,2026-07-30 01:12:00+00:00,4083.1,SL,-4.86,4.86,-1.0,1,False,S100_FVG_LONG,SL,-4.860000000000127,s100,s100_m3_combo,-5.3100000000001275,-5.61,67,PLACED,05545b18-d407-4c3c-9993-f81d867e3621,True,False,-0.9400000000000546,SL,-4.1800000000000725,-3.9200000000000728
s100_m3_combo,BUY,2026-07-30 01:41:00+00:00,4089.29,4083.08,4104.82,2026-07-30 02:14:00+00:00,4083.08,SL,-6.21,6.21,-1.0,1,False,S100_RSI3_MOMO_LONG,SL,-6.210000000000036,s100,s100_m3_combo,-6.660000000000037,-6.96,68,PLACED,18afb849-e389-4875-91de-06b63766d220,True,False,0.36000000000012733,SL,-6.8300000000001635,-6.570000000000164
s100_m3_combo,SELL,2026-07-30 04:44:00+00:00,4050.44,4052.14,4046.19,2026-07-30 04:50:00+00:00,4046.19,TP,4.25,1.7,2.5,4,False,S100_FVG_SHORT,SL,-1.699999999999818,s100,s100_m3_combo,-2.1499999999998183,3.5,69,entry_drift,95f5190b-76fd-4bbd-a61e-158a534dbc9c,True,False,1.7400000000002365,REJ,,
s100_m3_combo,SELL,2026-07-30 05:28:00+00:00,4046.42,4048.54,4041.12,2026-07-30 05:30:00+00:00,4048.54,SL,-2.12,2.12,-1.0,5,False,S100_OB_SHORT,SL,-2.119999999999891,s100,s100_m3_combo,-2.569999999999891,-2.87,70,metaapi_rejection,9986e223-afb1-4ece-9e7f-d9889c72310a,True,False,0.03000000000020009,SL,-2.4100000000000907,-2.150000000000091
s100_m3_combo,SELL,2026-07-30 05:42:00+00:00,4036.65,4043.54,4019.43,2026-07-30 06:54:00+00:00,4038.59,TIME,-1.94,6.89,-0.2816,5,False,S100_FVG_SHORT,TIME,-3.1700000000000728,s100,s100_m3_combo,-3.620000000000073,-2.69,71,entry_drift,7514b3e8-dc4a-4f06-8588-7cba6c36559a,True,False,0.16000000000030923,TIME,-3.330000000000382,-3.330000000000382
s100_m3_combo,SELL,2026-07-30 08:04:00+00:00,4042.41,4046.36,4032.55,2026-07-30 08:05:00+00:00,4046.36,SL,-3.95,3.95,-1.0,8,False,S100_OB_SHORT,SL,-3.950000000000273,s100,s100_m3_combo,-4.400000000000273,-4.7,72,PLACED,b7abf48c-f89c-4ebd-a104-0e55e1489096,True,False,-2.75,SL,-1.4600000000002729,-1.2000000000002728
s100_m3_combo,BUY,2026-07-30 13:10:00+00:00,4071.46,4067.47,4081.43,2026-07-30 13:22:00+00:00,4081.43,TP,9.97,3.99,2.4987,13,False,S100_OB_LONG,TP,9.9699999999998,s100,s100_m3_combo,9.5199999999998,9.22,73,soft_daily_brake,7381e78f-84ee-49c8-9c8e-c40a18ebad27,True,False,-0.34999999999990905,TP,10.319999999999709,10.319999999999709
s100_m3_combo,BUY,2026-07-30 14:04:00+00:00,4108.15,4102.71,4121.74,2026-07-30 14:07:00+00:00,4102.71,SL,-5.44,5.44,-1.0,14,False,S100_FVG_LONG,SL,-5.4399999999996,s100,s100_m3_combo,-5.8899999999996,-6.19,74,soft_daily_brake,9fa73337-4fb8-4210-a80a-092091b801f3,True,False,-0.339999999999236,SL,-5.360000000000364,-5.100000000000364
s100_m3_combo,BUY,2026-07-30 14:55:00+00:00,4097.66,4087.87,4122.16,2026-07-30 15:10:00+00:00,4087.87,SL,-9.79,9.79,-1.0,14,False,S100_OB_LONG,SL,-9.789999999999964,s100,s100_m3_combo,-10.239999999999965,-10.54,75,soft_daily_brake,727e6aba-db0f-4184-bf18-5aaed6f2d740,True,False,2.680000000000291,REJ,,
s100_m3_combo,BUY,2026-07-30 15:23:00+00:00,4093.2,4086.91,4108.92,2026-07-30 15:55:00+00:00,4108.92,TP,15.72,6.29,2.4992,15,False,S100_FVG_LONG,TP,15.720000000000256,s100,s100_m3_combo,15.270000000000255,14.97,76,soft_daily_brake,e632c6f4-c12d-4194-ac9e-55e9b3f17f1b,True,False,1.1100000000001273,REJ,,
s100_m3_combo,SELL,2026-07-31 01:18:00+00:00,4091.45,4094.43,4084.01,2026-07-31 01:20:00+00:00,4094.43,SL,-2.98,2.98,-1.0,1,False,S100_FVG_SHORT,SL,-2.980000000000018,s100,s100_m3_combo,-3.4300000000000184,-3.73,78,entry_drift,6cf2103a-4ad6-4747-8ab0-bd83d3e13ab6,True,False,0.7300000000000182,REJ,,
s100_m3_combo,SELL,2026-07-31 01:53:00+00:00,4085.65,4087.39,4081.3,2026-07-31 01:56:00+00:00,4087.39,SL,-1.74,1.74,-1.0,1,False,S100_OB_SHORT,SL,-1.7399999999997815,s100,s100_m3_combo,-2.189999999999782,-2.49,79,entry_drift,ba513f3b-9311-4613-b950-1abc79464e14,True,False,1.8699999999998909,REJ,,
s100_m3_combo,SELL,2026-07-31 02:03:00+00:00,4085.02,4087.76,4078.17,2026-07-31 02:06:00+00:00,4087.76,SL,-2.74,2.74,-1.0,2,False,S100_OB_SHORT,SL,-2.7400000000002365,s100,s100_m3_combo,-3.1900000000002366,-3.49,80,PLACED,f74b9fb3-4b92-4f04-a31a-64fa0baabe24,True,False,-0.2600000000002183,SL,-2.740000000000018,-2.480000000000018
s100_m3_combo,SELL,2026-07-31 02:48:00+00:00,4077.74,4080.33,4071.27,2026-07-31 04:00:00+00:00,4075.085,TIME,2.655,2.59,1.0251,2,False,S100_FVG_SHORT,TIME,2.7599999999997635,s100,s100_m3_combo,2.3099999999997634,1.905,81,entry_drift,0662949b-a87d-4815-83d2-d3c97793a292,True,False,2.449999999999818,REJ,,
s100_m3_combo,SELL,2026-07-31 05:17:00+00:00,4081.07,4083.05,4076.13,2026-07-31 05:44:00+00:00,4076.13,TP,4.94,1.98,2.4949,5,False,S100_OB_SHORT,TP,4.940000000000055,s100,s100_m3_combo,4.490000000000054,4.19,85,PLACED,565f3853-9f45-4758-9aae-9cdd2f5c9727,True,False,-0.669999999999618,TP,5.609999999999673,5.609999999999673
s100_m3_combo,SELL,2026-07-31 06:27:00+00:00,4084.34,4086.41,4079.14,2026-07-31 06:33:00+00:00,4079.14,TP,5.2,2.07,2.5121,6,False,S100_FVG_SHORT,SL,-2.069999999999709,s100,s100_m3_combo,-2.519999999999709,4.45,88,metaapi_rejection,7bb4815b-e55a-43f3-8afb-4d7d519ef7b7,True,False,-1.319999999999709,SL,-1.01,-0.75
s100_m3_combo,SELL,2026-07-31 06:46:00+00:00,4080.16,4082.72,4073.75,2026-07-31 07:29:00+00:00,4073.75,TP,6.41,2.56,2.5039,6,False,S100_FVG_SHORT,TP,6.4099999999998545,s100,s100_m3_combo,5.959999999999854,5.66,89,PLACED,c1713855-a4cd-4922-8711-7a7a7f001862,True,False,-0.5100000000002183,TP,6.920000000000073,6.920000000000073
s100_m3_combo,SELL,2026-07-31 07:40:00+00:00,4073.05,4074.82,4068.62,2026-07-31 07:59:00+00:00,4068.62,TP,4.43,1.77,2.5028,7,False,S100_FVG_SHORT,TP,4.430000000000291,s100,s100_m3_combo,3.980000000000291,3.68,91,PLACED,ce957a08-b4d4-428c-b7f4-3e0b9bf4a05f,True,False,0.6000000000003638,REJ,,
s100_m3_combo,SELL,2026-07-31 08:14:00+00:00,4062.26,4065.13,4055.07,2026-07-31 08:19:00+00:00,4065.13,SL,-2.87,2.87,-1.0,8,False,S100_RSI3_MOMO_SHORT,SL,-2.869999999999891,s100,s100_m3_combo,-3.319999999999891,-3.62,92,PLACED,d0a18393-c4d8-4b7a-8eb5-96d36539d0a4,True,False,0.25,SL,-3.3799999999998906,-3.119999999999891
s100_m3_combo,SELL,2026-07-31 08:32:00+00:00,4057.25,4060.35,4049.5,2026-07-31 08:40:00+00:00,4060.35,SL,-3.1,3.1,-1.0,8,False,S100_RSI3_MOMO_SHORT,SL,-3.099999999999909,s100,s100_m3_combo,-3.5499999999999092,-3.85,93,PLACED,8b5b42c5-22a5-4bfd-8329-d7418fcaa8a6,True,False,0.05999999999994543,SL,-3.4199999999998543,-3.1599999999998545
s100_m3_combo,SELL,2026-07-31 08:40:00+00:00,4059.8,4061.82,4054.73,2026-07-31 08:47:00+00:00,4061.82,SL,-2.02,2.02,-1.0,8,False,S100_FVG_SHORT,SL,-2.019999999999982,s100,s100_m3_combo,-2.469999999999982,-2.77,-1,sim_only,,True,False,-1.169999999999618,SL,-1.1100000000003638,-0.8500000000003638
s100_m3_combo,SELL,2026-07-31 13:02:00+00:00,4042.02,4047.14,4029.22,2026-07-31 13:39:00+00:00,4029.22,TP,12.8,5.12,2.5,13,False,S100_OB_SHORT,TP,12.800000000000182,s100,s100_m3_combo,12.350000000000184,12.05,95,PLACED,4b34f024-fe98-432e-8745-a1b369247289,True,False,0.5399999999999636,REJ,,
s100_m3_combo,SELL,2026-07-31 13:39:00+00:00,4032.34,4037.34,4019.82,2026-07-31 14:22:00+00:00,4037.34,SL,-5.0,5.0,-1.0,13,False,S100_RSI3_MOMO_SHORT,SL,-5.0,s100,s100_m3_combo,-5.45,-5.75,96,open_position_cap,1d1548b6-16ae-4e3a-b882-bb6be7bfb9a8,True,False,4.789999999999964,REJ,,
s100_m3_combo,SELL,2026-07-31 15:07:00+00:00,4046.52,4050.1,4037.58,2026-07-31 15:15:00+00:00,4050.1,SL,-3.58,3.58,-1.0,15,False,S100_OB_SHORT,SL,-3.5799999999999272,s100,s100_m3_combo,-4.029999999999927,-4.33,98,metaapi_rejection,d56dd76b-85d5-4279-a5e6-5c32a48b3858,True,False,0.2199999999997999,SL,-4.059999999999727,-3.799999999999727
s100_m3_combo,SELL,2026-07-31 15:32:00+00:00,4039.39,4043.91,4028.11,2026-07-31 15:51:00+00:00,4043.91,SL,-4.52,4.52,-1.0,15,False,S100_RSI3_MOMO_SHORT,SL,-4.519999999999982,s100,s100_m3_combo,-4.969999999999982,-5.27,100,entry_drift,26ca5863-ceaf-47f8-98ee-179c56992f31,True,False,0.5,SL,-5.279999999999982,-5.019999999999982
s100_m3_combo,BUY,2026-08-03 01:38:00+00:00,4052.88,4050.46,4058.9,2026-08-03 01:42:00+00:00,4050.46,SL,-2.42,2.42,-1.0,1,False,S100_OB_LONG,SL,-2.4200000000000728,s100,s100_m3_combo,-2.870000000000073,-3.17,101,PLACED,bdd9c8cd-6197-4646-b031-ce48bb006816,True,False,0.2899999999999636,SL,-2.970000000000036,-2.7100000000000364
s100_m3_combo,BUY,2026-08-03 01:53:00+00:00,4053.2,4050.98,4058.76,2026-08-03 01:54:00+00:00,4050.98,SL,-2.22,2.22,-1.0,1,False,S100_FVG_LONG,SL,-2.2199999999998,s100,s100_m3_combo,-2.6699999999998,-2.97,102,PLACED,f6bd1055-6d0c-4669-8194-560564f35c6c,True,False,-1.3899999999998727,SL,-1.0899999999999272,-0.8299999999999272
s100_m3_combo,BUY,2026-08-03 02:07:00+00:00,4058.75,4056.73,4063.8,2026-08-03 02:08:00+00:00,4056.73,SL,-2.02,2.02,-1.0,2,False,S100_FVG_LONG,SL,-2.019999999999982,s100,s100_m3_combo,-2.469999999999982,-2.77,103,PLACED,de96989f-aa7d-471b-9fb2-dd37125175cc,True,False,-0.03000000000020009,SL,-2.2499999999997815,-1.9899999999997817
s100_m3_combo,BUY,2026-08-03 03:59:00+00:00,4065.11,4062.53,4071.58,2026-08-03 04:49:00+00:00,4071.58,TP,6.47,2.58,2.5078,3,False,S100_RSI3_MOMO_LONG,TP,6.4699999999998,s100,s100_m3_combo,6.0199999999998,5.72,105,PLACED,8fe343a9-e7ec-4a8a-8154-1cd531380d2a,True,False,1.1099999999996726,REJ,,
s100_m3_combo,BUY,2026-08-03 05:30:00+00:00,4060.1,4057.72,4066.06,2026-08-03 05:34:00+00:00,4057.72,SL,-2.38,2.38,-1.0,5,False,S100_FVG_LONG,SL,-2.380000000000109,s100,s100_m3_combo,-2.8300000000001093,-3.13,108,PLACED,16f1c11d-b4b9-4edd-bea0-14c6d3115fbd,True,False,-0.75,SL,-1.8900000000001091,-1.6300000000001091
s100_m3_combo,BUY,2026-08-03 05:49:00+00:00,4059.59,4056.13,4068.23,2026-08-03 05:58:00+00:00,4068.23,TP,8.64,3.46,2.4971,5,False,S100_OB_LONG,TP,8.639999999999873,s100,s100_m3_combo,8.189999999999873,7.890000000000001,109,PLACED,f012f4de-fa1a-422f-bebf-7054af66f820,True,False,1.2300000000000182,REJ,,
s100_m3_combo,BUY,2026-08-03 06:04:00+00:00,4068.11,4065.49,4074.64,2026-08-03 06:33:00+00:00,4065.49,SL,-2.62,2.62,-1.0,6,False,S100_FVG_LONG,SL,-2.6200000000003456,s100,s100_m3_combo,-3.070000000000346,-3.37,110,PLACED,7b955e59-f381-497f-bef0-392304f82750,True,False,1.1900000000000546,REJ,,
s100_m3_combo,SELL,2026-08-03 13:17:00+00:00,4037.99,4042.23,4027.37,2026-08-03 13:36:00+00:00,4027.37,TP,10.62,4.24,2.5047,13,False,S100_RSI3_MOMO_SHORT,TP,10.61999999999989,s100,s100_m3_combo,10.169999999999892,9.87,112,PLACED,1a1a6dee-5445-4a67-b205-6c4fa3c69a81,True,False,0.2199999999997999,TP,10.400000000000091,10.400000000000091
s100_m3_combo,SELL,2026-08-03 15:08:00+00:00,4036.32,4038.71,4030.36,2026-08-03 15:44:00+00:00,4038.71,SL,-2.39,2.39,-1.0,15,False,S100_OB_SHORT,SL,-2.3899999999998727,s100,s100_m3_combo,-2.839999999999873,-3.14,113,PLACED,8a90a324-9b6a-4dba-aae0-0bffcececa28,True,False,0.5700000000001637,REJ,,
s100_m3_combo,BUY,2026-08-04 01:35:00+00:00,4051.84,4048.61,4059.91,2026-08-04 01:44:00+00:00,4059.91,TP,8.07,3.23,2.4985,1,False,S100_RSI3_MOMO_LONG,TP,8.069999999999709,s100,s100_m3_combo,7.619999999999709,7.32,115,PLACED,5b278a52-39ca-40bf-992d-5dc72a27f5dc,True,False,0.3799999999996544,TP,7.690000000000055,7.690000000000055
s100_m3_combo,BUY,2026-08-04 01:56:00+00:00,4058.99,4056.42,4065.43,2026-08-04 02:06:00+00:00,4056.42,SL,-2.57,2.57,-1.0,1,False,S100_OB_LONG,SL,-2.569999999999709,s100,s100_m3_combo,-3.019999999999709,-3.32,116,PLACED,01f39d73-f9a1-49ef-ae1b-d20ad6b8d215,True,False,0.42000000000007276,SL,-3.2499999999997815,-2.9899999999997817
s100_m3_combo,BUY,2026-08-04 02:42:00+00:00,4062.03,4059.97,4067.19,2026-08-04 02:54:00+00:00,4059.97,SL,-2.06,2.06,-1.0,2,False,S100_FVG_LONG,SL,-2.0600000000004,s100,s100_m3_combo,-2.5100000000004004,-2.81,117,PLACED,daae1774-f622-4b46-a7fa-31124199a127,True,False,-0.5400000000004184,SL,-1.7799999999999818,-1.5199999999999818
s100_m3_combo,BUY,2026-08-04 03:23:00+00:00,4059.39,4057.75,4063.49,2026-08-04 03:27:00+00:00,4057.75,SL,-1.64,1.64,-1.0,3,False,S100_OB_LONG,SL,-1.639999999999873,s100,s100_m3_combo,-2.089999999999873,-2.3899999999999997,118,PLACED,7c9c9fbc-d0a9-4eb3-8bca-a3013805881f,True,False,0.05999999999994543,SL,-1.959999999999818,-1.699999999999818
s100_m3_combo,BUY,2026-08-04 04:19:00+00:00,4057.0,4054.57,4063.08,2026-08-04 04:32:00+00:00,4063.08,TP,6.08,2.43,2.5021,4,False,S100_FVG_LONG,TP,6.079999999999927,s100,s100_m3_combo,5.629999999999927,5.33,120,PLACED,bde53a51-d875-4a75-a232-42c399961ed7,True,False,0.05999999999994543,TP,6.019999999999982,6.019999999999982
s100_m3_combo,BUY,2026-08-04 04:51:00+00:00,4064.39,4062.79,4068.4,2026-08-04 05:04:00+00:00,4062.79,SL,-1.6,1.6,-1.0,4,False,S100_FVG_LONG,SL,-1.599999999999909,s100,s100_m3_combo,-2.0499999999999092,-2.35,121,PLACED,280df677-55ba-4e48-bf87-b669f5dbfd15,True,False,0.3900000000003274,SL,-2.2500000000002363,-1.9900000000002365
s100_m3_combo,BUY,2026-08-04 06:19:00+00:00,4061.88,4060.36,4065.65,2026-08-04 06:29:00+00:00,4060.36,SL,-1.52,1.52,-1.0,6,False,S100_FVG_LONG,SL,-1.5199999999999818,s100,s100_m3_combo,-1.9699999999999815,-2.27,123,entry_drift,699ab953-9c48-44d5-bd28-10c96f3d3308,True,False,0.5499999999997272,REJ,,
s100_m3_combo,BUY,2026-08-04 06:54:00+00:00,4060.08,4057.92,4065.47,2026-08-04 07:01:00+00:00,4065.47,TP,5.39,2.16,2.4954,6,False,S100_FVG_LONG,TP,5.389999999999873,s100,s100_m3_combo,4.9399999999998725,4.64,124,PLACED,58bb68d4-e077-4267-b3d9-78a87aa1cf82,True,False,0.7800000000002001,REJ,,
s100_m3_combo,BUY,2026-08-04 07:13:00+00:00,4062.18,4059.34,4069.27,2026-08-04 08:03:00+00:00,4069.27,TP,7.09,2.84,2.4965,7,False,S100_OB_LONG,TP,7.0900000000001455,s100,s100_m3_combo,6.640000000000145,6.34,125,PLACED,67b8f637-7758-4a8c-803a-b3416875e786,True,False,-0.75,TP,7.8400000000001455,7.8400000000001455
s100_m3_combo,BUY,2026-08-04 08:15:00+00:00,4067.43,4065.22,4072.96,2026-08-04 08:22:00+00:00,4065.22,SL,-2.21,2.21,-1.0,8,False,S100_FVG_LONG,SL,-2.2100000000000364,s100,s100_m3_combo,-2.660000000000037,-2.96,126,PLACED,13a6da15-7f53-41dc-bd44-89ba5b954fd2,True,False,0.650000000000091,REJ,,
s100_m3_combo,BUY,2026-08-04 13:28:00+00:00,4078.8,4072.96,4093.38,2026-08-04 13:49:00+00:00,4093.38,TP,14.58,5.84,2.4966,13,False,S100_FVG_LONG,TIME,-0.0650000000000545,s100,s100_m3_combo,-0.5150000000000545,13.83,127,PLACED,21d8dc67-a6bb-424c-b65e-65d1ea575202,True,False,0.1499999999996362,TIME,-0.21499999999969077,-0.21499999999969077
s100_m3_combo,BUY,2026-08-04 15:47:00+00:00,4082.99,4078.54,4094.12,2026-08-04 16:59:00+00:00,4093.41,TIME,10.42,4.45,2.3416,15,False,S100_FVG_LONG,TIME,9.815000000000056,s100,s100_m3_combo,9.365000000000055,9.67,128,PLACED,b446d5ee-c75c-4311-a7e0-e68ece4d2686,True,False,0.8100000000004002,REJ,,
s100_m3_combo,BUY,2026-08-05 01:14:00+00:00,4085.89,4082.61,4094.11,2026-08-05 01:33:00+00:00,4082.61,SL,-3.28,3.28,-1.0,1,False,S100_RSI3_MOMO_LONG,SL,-3.2799999999997453,s100,s100_m3_combo,-3.7299999999997455,-4.029999999999999,129,PLACED,0405be1e-c714-4b54-bf49-e0594ac93627,True,False,0.6700000000000728,REJ,,
s100_m3_combo,BUY,2026-08-05 02:02:00+00:00,4099.36,4095.06,4110.1,2026-08-05 02:35:00+00:00,4110.1,TP,10.74,4.3,2.4977,2,False,S100_FVG_LONG,TP,10.740000000000691,s100,s100_m3_combo,10.290000000000692,9.99,130,PLACED,d2acb577-b83c-418a-9e9a-e49c01cd89e0,True,False,0.42000000000007276,TP,10.320000000000618,10.320000000000618
s100_m3_combo,BUY,2026-08-05 03:01:00+00:00,4128.91,4126.53,4134.87,2026-08-05 03:08:00+00:00,4134.87,TP,5.96,2.38,2.5042,3,False,S100_OB_LONG,TP,5.960000000000036,s100,s100_m3_combo,5.510000000000036,5.21,131,PLACED,be9d38e1-581c-48b4-81bf-9054495c44df,True,False,0.43000000000029104,TP,5.529999999999745,5.529999999999745
s100_m3_combo,BUY,2026-08-05 03:16:00+00:00,4132.43,4129.07,4140.84,2026-08-05 03:30:00+00:00,4129.07,SL,-3.36,3.36,-1.0,3,False,S100_FVG_LONG,SL,-3.360000000000582,s100,s100_m3_combo,-3.8100000000005823,-4.109999999999999,132,PLACED,e07e5f1d-3ee3-4bf0-bd21-90ac17eda378,True,False,0.4099999999998545,SL,-4.030000000000436,-3.7700000000004366
s100_m3_combo,BUY,2026-08-05 04:30:00+00:00,4137.83,4135.98,4142.46,2026-08-05 04:36:00+00:00,4135.98,SL,-1.85,1.85,-1.0,4,False,S100_FVG_LONG,SL,-1.850000000000364,s100,s100_m3_combo,-2.300000000000364,-2.6,133,PLACED,f5b66386-dbfb-4679-a7fd-082dc008a2da,True,False,0.47000000000025466,REJ,,
s100_m3_combo,BUY,2026-08-05 05:27:00+00:00,4138.83,4137.1,4143.15,2026-08-05 05:30:00+00:00,4143.15,TP,4.32,1.73,2.4971,5,False,S100_FVG_LONG,TP,4.319999999999709,s100,s100_m3_combo,3.869999999999709,3.5700000000000003,134,PLACED,672b2b2a-ed1f-45d3-9454-7138398187d2,True,False,0.19000000000050932,TP,4.1299999999992,4.1299999999992
s100_m3_combo,BUY,2026-08-05 06:16:00+00:00,4170.86,4165.72,4183.74,2026-08-05 06:21:00+00:00,4165.72,SL,-5.14,5.14,-1.0,6,False,S100_FVG_LONG,SL,-5.139999999999418,s100,s100_m3_combo,-5.589999999999418,-5.89,135,PLACED,39aed864-1fba-4dcb-9af3-84e7c71c0605,True,False,0.17000000000007276,SL,-5.5699999999994905,-5.309999999999491
s100_m3_combo,BUY,2026-08-05 06:39:00+00:00,4174.57,4169.94,4186.15,2026-08-05 07:05:00+00:00,4169.94,SL,-4.63,4.63,-1.0,6,False,S100_FVG_LONG,SL,-4.630000000000109,s100,s100_m3_combo,-5.080000000000109,-5.38,136,entry_drift,24571c0e-eea9-4a11-b85e-72cd8397f54a,True,False,1.730000000000473,REJ,,
s100_m3_combo,BUY,2026-08-05 08:01:00+00:00,4169.74,4167.31,4175.82,2026-08-05 08:14:00+00:00,4167.31,SL,-2.43,2.43,-1.0,8,False,S100_FVG_LONG,SL,-2.4299999999993815,s100,s100_m3_combo,-2.8799999999993817,-3.18,138,PLACED,c916c9db-5a4c-4904-8bf0-4256d8d3ce85,True,False,0.7899999999999636,REJ,,
s100_m3_combo,BUY,2026-08-05 08:45:00+00:00,4164.39,4162.49,4169.14,2026-08-05 08:46:00+00:00,4162.49,SL,-1.9,1.9,-1.0,8,False,S100_OB_LONG,SL,-1.9000000000005457,s100,s100_m3_combo,-2.350000000000546,-2.65,139,PLACED,2c95ae26-4114-4099-b2ec-6fbb81bbd95b,True,False,-0.030000000000654836,SL,-2.1299999999998906,-1.8699999999998909
s100_m3_combo,BUY,2026-08-05 13:12:00+00:00,4190.85,4185.61,4203.98,2026-08-05 13:39:00+00:00,4203.98,TP,13.13,5.24,2.5057,13,False,S100_FVG_LONG,SL,-5.240000000000691,s100,s100_m3_combo,-5.690000000000691,12.38,140,PLACED,861f8835-ef48-40ec-a223-d60b1a02b05f,True,False,-0.25,SL,-5.250000000000691,-4.990000000000691
s100_m3_combo,BUY,2026-08-05 14:02:00+00:00,4208.85,4202.82,4223.91,2026-08-05 14:08:00+00:00,4223.91,TP,15.06,6.03,2.4975,14,False,S100_RSI3_MOMO_LONG,TP,15.05999999999949,s100,s100_m3_combo,14.609999999999491,14.31,141,PLACED,45b690a1-a9a5-4d99-b0ca-2c9d229fc3cd,True,False,-2.2000000000007276,TP,17.26000000000022,17.26000000000022
s100_m3_combo,BUY,2026-08-05 14:22:00+00:00,4233.43,4228.11,4246.72,2026-08-05 14:49:00+00:00,4246.72,TP,13.29,5.32,2.4981,14,False,S100_OB_LONG,TP,13.289999999999964,s100,s100_m3_combo,12.839999999999964,12.54,142,entry_drift,d79b4f9b-ce00-4ddf-afdd-07a7dc4790a0,True,False,0.22999999999956344,TP,13.0600000000004,13.0600000000004
s100_m3_combo,BUY,2026-08-05 14:51:00+00:00,4241.3,4232.66,4262.88,2026-08-05 15:26:00+00:00,4262.88,TP,21.58,8.64,2.4977,14,False,S100_FVG_LONG,TP,21.579999999999927,s100,s100_m3_combo,21.129999999999928,20.83,143,PLACED,f4fe9cf7-a857-4076-9194-54b09c592c72,True,False,-0.7600000000002183,TP,22.340000000000146,22.340000000000146
s100_m3_combo,BUY,2026-08-05 15:28:00+00:00,4258.15,4253.0,4271.01,2026-08-05 15:44:00+00:00,4253.0,SL,-5.15,5.15,-1.0,15,False,S100_OB_LONG,SL,-5.149999999999636,s100,s100_m3_combo,-5.599999999999636,-5.9,146,entry_drift,f348a2a9-4b43-4c15-90eb-65385664ccb8,True,False,1.5300000000006548,REJ,,
s100_m3_combo,BUY,2026-08-06 01:02:00+00:00,4298.52,4291.47,4316.13,2026-08-06 01:03:00+00:00,4291.47,SL,-7.05,7.05,-1.0,1,False,S100_RSI3_MOMO_LONG,SL,-7.050000000000182,s100,s100_m3_combo,-7.500000000000182,-7.8,147,PLACED,5cc1f9cf-e7a7-43d7-a4dd-acd816e93d2c,True,False,-4.640000000000327,SL,-2.6699999999998543,-2.4099999999998545
s100_m3_combo,BUY,2026-08-06 01:42:00+00:00,4288.47,4283.21,4301.63,2026-08-06 01:46:00+00:00,4283.21,SL,-5.26,5.26,-1.0,1,False,S100_FVG_LONG,SL,-5.260000000000218,s100,s100_m3_combo,-5.7100000000002185,-6.01,148,entry_drift,6fa67220-0b8a-4a1f-aff8-d0b2ddaf4729,True,False,0.25,SL,-5.770000000000218,-5.510000000000218
s100_m3_combo,BUY,2026-08-06 02:11:00+00:00,4299.16,4290.08,4321.86,2026-08-06 02:30:00+00:00,4290.08,SL,-9.08,9.08,-1.0,2,False,S100_FVG_LONG,SL,-9.079999999999927,s100,s100_m3_combo,-9.529999999999928,-9.83,149,PLACED,52837e4b-b24c-42ab-82bd-90b5486ea585,True,False,-4.550000000000182,SL,-4.789999999999745,-4.529999999999745
s100_m3_combo,SELL,2026-08-06 04:22:00+00:00,4263.38,4267.11,4254.03,2026-08-06 04:29:00+00:00,4254.03,TP,9.35,3.73,2.5067,4,False,S100_OB_SHORT,TP,9.350000000000364,s100,s100_m3_combo,8.900000000000365,8.6,150,PLACED,5ac144f7-6bee-4a4f-a71f-82a1033c6f2c,True,False,0.8299999999999272,REJ,,
s100_m3_combo,SELL,2026-08-06 04:35:00+00:00,4259.22,4260.89,4255.06,2026-08-06 04:36:00+00:00,4260.89,SL,-1.67,1.67,-1.0,4,False,S100_FVG_SHORT,SL,-1.6700000000000728,s100,s100_m3_combo,-2.120000000000073,-2.42,151,PLACED,1bfedb88-1083-4180-8761-3fb8bbfeb1b0,True,False,-1.1499999999996362,SL,-0.7800000000004366,-0.5200000000004366
s100_m3_combo,SELL,2026-08-06 06:15:00+00:00,4261.09,4266.05,4248.67,2026-08-06 07:27:00+00:00,4262.11,TIME,-1.02,4.96,-0.2056,6,False,S100_FVG_SHORT,TIME,-1.7899999999999636,s100,s100_m3_combo,-2.239999999999964,-1.77,152,entry_drift,cd952c0e-409d-4753-b10a-62ffb69acf08,True,False,2.4400000000005093,REJ,,
s100_m3_combo,SELL,2026-08-06 07:41:00+00:00,4257.42,4260.24,4250.37,2026-08-06 07:55:00+00:00,4260.24,SL,-2.82,2.82,-1.0,7,False,S100_RSI3_MOMO_SHORT,SL,-2.819999999999709,s100,s100_m3_combo,-3.269999999999709,-3.57,155,PLACED,db13d08f-12ac-4407-abf5-ce6169895987,True,False,0.7799999999997453,REJ,,
s100_m3_combo,SELL,2026-08-06 07:56:00+00:00,4261.07,4263.46,4255.09,2026-08-06 08:00:00+00:00,4263.46,SL,-2.39,2.39,-1.0,7,False,S100_OB_SHORT,SL,-2.3900000000003274,s100,s100_m3_combo,-2.8400000000003276,-3.14,156,entry_drift,172f82cc-1d24-49bf-b3d7-a7a24d75fc5a,True,False,2.5799999999999272,REJ,,
s100_m3_combo,SELL,2026-08-06 08:24:00+00:00,4266.89,4269.77,4259.67,2026-08-06 08:30:00+00:00,4269.77,SL,-2.88,2.88,-1.0,8,False,S100_OB_SHORT,SL,-2.880000000000109,s100,s100_m3_combo,-3.3300000000001093,-3.63,157,PLACED,d89cce65-482a-490b-8727-421e9812f442,True,False,0.5200000000004366,REJ,,
s100_m3_combo,BUY,2026-08-06 08:38:00+00:00,4271.89,4268.68,4279.91,2026-08-06 09:00:00+00:00,4279.91,TP,8.02,3.21,2.4984,8,False,S100_FVG_LONG,TP,8.019999999999527,s100,s100_m3_combo,7.569999999999527,7.27,158,PLACED,fb598d5c-0d02-46f3-bbd4-4cbd994f0eee,True,False,0.02999999999974534,TP,7.989999999999782,7.989999999999782
s100_m3_combo,SELL,2026-08-06 13:19:00+00:00,4242.2,4247.22,4229.64,2026-08-06 13:20:00+00:00,4247.22,SL,-5.02,5.02,-1.0,13,False,S100_FVG_SHORT,SL,-5.020000000000437,s100,s100_m3_combo,-5.470000000000437,-5.77,159,PLACED,8fbdd789-8988-467b-993c-e9d5748c29b4,True,False,-2.0600000000004,SL,-3.220000000000036,-2.9600000000000364
s100_m3_combo,SELL,2026-08-06 14:30:00+00:00,4270.04,4274.99,4257.66,2026-08-06 14:46:00+00:00,4274.99,SL,-4.95,4.95,-1.0,14,False,S100_OB_SHORT,SL,-4.949999999999818,s100,s100_m3_combo,-5.399999999999818,-5.7,160,entry_drift,08c29e65-8967-46bf-965d-2ab97f03bcbf,True,False,1.4099999999998545,REJ,,
s100_m3_combo,BUY,2026-08-06 15:02:00+00:00,4269.88,4263.91,4284.81,2026-08-06 15:12:00+00:00,4263.91,SL,-5.97,5.97,-1.0,15,False,S100_OB_LONG,SL,-5.970000000000255,s100,s100_m3_combo,-6.420000000000255,-6.72,162,entry_drift,28ba4ea8-578d-4579-9b88-85baa477a3e1,True,False,1.3699999999998909,REJ,,
s100_m3_combo,SELL,2026-08-06 15:40:00+00:00,4252.98,4259.67,4236.25,2026-08-06 15:54:00+00:00,4236.25,TP,16.73,6.69,2.5007,15,False,S100_OB_SHORT,TP,16.729999999999563,s100,s100_m3_combo,16.279999999999564,15.98,163,entry_drift,52773345-ffc9-44eb-bf3f-20b20e30e111,True,False,1.8599999999996726,REJ,,
s100_m3_combo,BUY,2026-08-07 01:49:00+00:00,4252.94,4249.19,4262.31,2026-08-07 02:45:00+00:00,4249.19,SL,-3.75,3.75,-1.0,1,False,S100_FVG_LONG,SL,-3.75,s100,s100_m3_combo,-4.2,-4.5,164,entry_drift,7819fd77-5e49-4c88-8095-b784e9c4fc3f,True,False,1.0600000000004002,REJ,,
s100_m3_combo,BUY,2026-08-07 03:10:00+00:00,4256.22,4254.24,4261.17,2026-08-07 03:11:00+00:00,4254.24,SL,-1.98,1.98,-1.0,3,False,S100_FVG_LONG,SL,-1.980000000000473,s100,s100_m3_combo,-2.430000000000473,-2.73,166,PLACED,85b11f8f-8713-423d-b451-720581c256bd,True,False,-0.5399999999999636,SL,-1.7000000000005093,-1.4400000000005093
s100_m3_combo,BUY,2026-08-07 04:03:00+00:00,4262.81,4260.54,4268.5,2026-08-07 04:32:00+00:00,4268.5,TP,5.69,2.27,2.5066,4,False,S100_FVG_LONG,SL,-2.270000000000437,s100,s100_m3_combo,-2.7200000000004367,4.94,167,PLACED,c3ff3d35-cdd0-4981-8fd2-cce280e16f9f,True,False,0.7299999999995634,REJ,,
s100_m3_combo,BUY,2026-08-07 04:59:00+00:00,4265.39,4263.44,4270.25,2026-08-07 05:05:00+00:00,4263.44,SL,-1.95,1.95,-1.0,4,False,S100_FVG_LONG,SL,-1.9500000000007276,s100,s100_m3_combo,-2.400000000000728,-2.7,168,open_position_cap,a1a7c517-40c1-4bbb-9299-607e743498f4,True,False,-0.17000000000007276,SL,-2.0400000000006546,-1.7800000000006548
s100_m3_combo,BUY,2026-08-07 05:17:00+00:00,4268.24,4265.18,4275.89,2026-08-07 05:28:00+00:00,4265.18,SL,-3.06,3.06,-1.0,5,False,S100_FVG_LONG,SL,-3.0599999999994907,s100,s100_m3_combo,-3.509999999999491,-3.81,169,PLACED,7d19f29a-51c5-4178-ac28-9471a7ec3b00,True,False,0.6400000000003274,REJ,,
s100_m3_combo,BUY,2026-08-07 05:40:00+00:00,4273.06,4271.0,4278.23,2026-08-07 05:42:00+00:00,4271.0,SL,-2.06,2.06,-1.0,5,False,S100_FVG_LONG,SL,-2.0600000000004,s100,s100_m3_combo,-2.5100000000004004,-2.81,170,PLACED,c50019f1-61de-45ac-bce2-1afc0b62f0d3,True,False,-0.37000000000080036,SL,-1.9499999999995998,-1.6899999999995998
s100_m3_combo,BUY,2026-08-07 06:15:00+00:00,4285.98,4283.0,4293.41,2026-08-07 06:30:00+00:00,4283.0,SL,-2.98,2.98,-1.0,6,False,S100_FVG_LONG,SL,-2.979999999999563,s100,s100_m3_combo,-3.4299999999995636,-3.73,171,PLACED,586f99db-8b0d-4a17-847b-a9c13cdf49f4,True,False,1.230000000000473,REJ,,
s100_m3_combo,BUY,2026-08-07 06:49:00+00:00,4291.23,4286.81,4302.31,2026-08-07 07:26:00+00:00,4286.81,SL,-4.42,4.42,-1.0,6,False,S100_FVG_LONG,SL,-4.419999999999163,s100,s100_m3_combo,-4.869999999999163,-5.17,173,PLACED,09e18778-7d16-4539-938b-9a15b0744ac7,True,False,-0.9899999999997817,SL,-3.6899999999993813,-3.4299999999993815
s100_m3_combo,SELL,2026-08-10 01:00:00+00:00,4332.92,4335.01,4327.7,2026-08-10 01:01:00+00:00,4335.01,SL,-2.09,2.09,-1.0,1,False,S100_FVG_SHORT,SL,-2.0900000000001455,s100,s100_m3_combo,-2.5400000000001457,-2.84,174,entry_drift,77975552-5eb2-4415-ac13-efca0fdafd61,True,False,1.730000000000473,REJ,,
s100_m3_combo,SELL,2026-08-10 01:33:00+00:00,4317.72,4324.4,4301.0,2026-08-10 02:10:00+00:00,4324.4,SL,-6.68,6.68,-1.0,1,False,S100_FVG_SHORT,SL,-6.6799999999993815,s100,s100_m3_combo,-7.129999999999382,-7.43,175,PLACED,575c098d-24b0-47cd-b848-aadefb6b7663,True,False,-0.8099999999994907,SL,-6.129999999999891,-5.869999999999891
s100_m3_combo,SELL,2026-08-10 04:45:00+00:00,4332.52,4334.92,4326.54,2026-08-10 04:46:00+00:00,4334.92,SL,-2.4,2.4,-1.0,4,False,S100_FVG_SHORT,SL,-2.399999999999636,s100,s100_m3_combo,-2.8499999999996364,-3.15,178,PLACED,e2143309-ecf6-4623-8379-7510e268643f,True,False,0.040000000000873115,SL,-2.700000000000509,-2.4400000000005093
s100_m3_combo,BUY,2026-08-10 05:38:00+00:00,4340.05,4336.95,4347.8,2026-08-10 05:50:00+00:00,4347.8,TP,7.75,3.1,2.5,5,False,S100_RSI3_MOMO_LONG,TP,7.75,s100,s100_m3_combo,7.3,7.0,179,PLACED,0e363f2d-4e74-45dd-9309-3d56476b4eef,True,False,1.0100000000002183,REJ,,
s100_m3_combo,BUY,2026-08-10 05:55:00+00:00,4347.7,4345.02,4354.39,2026-08-10 06:01:00+00:00,4345.02,SL,-2.68,2.68,-1.0,5,False,S100_FVG_LONG,SL,-2.6799999999993815,s100,s100_m3_combo,-3.1299999999993817,-3.43,180,PLACED,c142df27-0c30-4c45-9794-875c4d9661a5,True,False,0.23999999999978172,SL,-3.179999999999163,-2.9199999999991633
s100_m3_combo,BUY,2026-08-10 06:15:00+00:00,4347.27,4345.18,4352.52,2026-08-10 06:18:00+00:00,4345.18,SL,-2.09,2.09,-1.0,6,False,S100_FVG_LONG,SL,-2.0900000000001455,s100,s100_m3_combo,-2.5400000000001457,-2.84,181,entry_drift,3b5cb1b7-4067-42a5-9087-d98ca0878a53,True,False,1.9299999999993815,REJ,,
s100_m3_combo,BUY,2026-08-10 06:36:00+00:00,4346.72,4344.99,4351.05,2026-08-10 06:43:00+00:00,4351.05,TP,4.33,1.73,2.5029,6,False,S100_FVG_LONG,TP,4.329999999999927,s100,s100_m3_combo,3.879999999999927,3.58,182,entry_drift,9a899193-9aa3-499d-add9-abee220b951a,True,False,1.2399999999997817,REJ,,
s100_m3_combo,BUY,2026-08-10 06:56:00+00:00,4358.39,4355.03,4366.79,2026-08-10 07:01:00+00:00,4355.03,SL,-3.36,3.36,-1.0,6,False,S100_RSI3_MOMO_LONG,SL,-3.360000000000582,s100,s100_m3_combo,-3.8100000000005823,-4.109999999999999,183,entry_drift,e06d90d8-3569-4d05-a394-02882fd31ec8,True,False,0.8599999999996726,REJ,,
s100_m3_combo,BUY,2026-08-10 07:55:00+00:00,4355.1,4352.89,4360.6,2026-08-10 08:09:00+00:00,4352.89,SL,-2.21,2.21,-1.0,7,False,S100_OB_LONG,SL,-2.2100000000000364,s100,s100_m3_combo,-2.660000000000037,-2.96,184,PLACED,c2a06c97-0b03-4c75-9c72-0a5410c72c1b,True,False,0.22999999999956344,SL,-2.6999999999995996,-2.4399999999996
s100_m3_combo,SELL,2026-08-10 13:05:00+00:00,4331.3,4335.63,4320.49,2026-08-10 13:11:00+00:00,4335.63,SL,-4.33,4.33,-1.0,13,False,S100_OB_SHORT,SL,-4.329999999999927,s100,s100_m3_combo,-4.779999999999927,-5.08,185,entry_drift,196c2f23-55ec-4ac5-b3e5-357d4f9adc8e,True,False,0.9000000000005457,REJ,,
s100_m3_combo,SELL,2026-08-10 14:22:00+00:00,4337.59,4339.62,4332.49,2026-08-10 14:23:00+00:00,4339.62,SL,-2.03,2.03,-1.0,14,False,S100_OB_SHORT,SL,-2.0299999999997453,s100,s100_m3_combo,-2.4799999999997455,-2.78,186,soft_daily_brake,1360a7c6-66ab-4920-83b5-cf6d8485708b,True,False,-0.6700000000000728,SL,-1.6199999999996726,-1.3599999999996726
s100_m3_combo,BUY,2026-08-10 15:08:00+00:00,4345.6,4344.06,4349.44,2026-08-10 15:09:00+00:00,4344.06,SL,-1.54,1.54,-1.0,15,False,S100_OB_LONG,SL,-1.5399999999999636,s100,s100_m3_combo,-1.9899999999999636,-2.29,187,soft_daily_brake,3693eb3f-92fd-4c41-ac41-ba2e3f08c8c7,True,False,-1.430000000000291,SL,-0.3699999999996726,-0.10999999999967258
s100_m3_combo,BUY,2026-08-10 15:17:00+00:00,4349.93,4346.28,4359.06,2026-08-10 15:59:00+00:00,4359.06,TP,9.13,3.65,2.5014,15,False,S100_RSI3_MOMO_LONG,TP,9.13000000000011,s100,s100_m3_combo,8.68000000000011,8.38,188,soft_daily_brake,2582e19c-aea7-4ddb-bc03-9db52c4a87a1,True,False,1.0,REJ,,
s100_m3_combo,BUY,2026-08-11 01:36:00+00:00,4418.36,4415.05,4426.64,2026-08-11 01:45:00+00:00,4415.05,SL,-3.31,3.31,-1.0,1,False,S100_FVG_LONG,SL,-3.3099999999994907,s100,s100_m3_combo,-3.759999999999491,-4.0600000000000005,190,PLACED,25c22f03-3cfb-4c87-8a65-6ced1e36eb30,True,False,-0.7399999999997817,SL,-2.8299999999997087,-2.569999999999709
s100_m3_combo,BUY,2026-08-11 01:59:00+00:00,4429.63,4427.02,4436.15,2026-08-11 02:00:00+00:00,4427.02,SL,-2.61,2.61,-1.0,1,False,S100_FVG_LONG,SL,-2.6099999999996726,s100,s100_m3_combo,-3.0599999999996728,-3.36,191,PLACED,7cc130f5-9539-4017-a71c-0c92cbbeb64b,True,False,-0.27999999999974534,SL,-2.589999999999927,-2.3299999999999272
s100_m3_combo,BUY,2026-08-11 02:19:00+00:00,4432.11,4426.34,4446.54,2026-08-11 02:24:00+00:00,4426.34,SL,-5.77,5.77,-1.0,2,False,S100_FVG_LONG,SL,-5.769999999999527,s100,s100_m3_combo,-6.219999999999527,-6.52,192,PLACED,45fb9cf9-75cc-4ded-af4d-c03b6432d71f,True,False,-0.03499999999985448,SL,-5.994999999999672,-5.734999999999673
s100_m3_combo,BUY,2026-08-11 03:43:00+00:00,4417.45,4414.9,4423.83,2026-08-11 03:49:00+00:00,4414.9,SL,-2.55,2.55,-1.0,3,False,S100_OB_LONG,SL,-2.550000000000182,s100,s100_m3_combo,-3.000000000000182,-3.3,193,PLACED,cd65ba64-38ab-492b-ba26-5432157c3c87,True,False,0.4400000000005093,SL,-3.250000000000691,-2.990000000000691
s100_m3_combo,BUY,2026-08-11 04:04:00+00:00,4417.9,4415.84,4423.04,2026-08-11 04:07:00+00:00,4415.84,SL,-2.06,2.06,-1.0,4,False,S100_OB_LONG,SL,-2.0599999999994907,s100,s100_m3_combo,-2.509999999999491,-2.81,194,PLACED,3a872af7-9f87-46c0-81d8-d1f75aac6dc0,True,False,0.4000000000005457,SL,-2.720000000000036,-2.4600000000000364
s100_m3_combo,SELL,2026-08-11 05:36:00+00:00,4385.19,4392.03,4368.08,2026-08-11 05:55:00+00:00,4368.08,TP,17.11,6.84,2.5015,5,False,S100_FVG_SHORT,TP,17.109999999999673,s100,s100_m3_combo,16.659999999999673,16.36,195,soft_daily_brake,2d7b823a-60e1-444d-a8e9-f8707d40b25b,True,False,0.23999999999978172,TP,16.86999999999989,16.86999999999989
s100_m3_combo,SELL,2026-08-11 06:23:00+00:00,4372.88,4376.46,4363.92,2026-08-11 06:29:00+00:00,4363.92,TP,8.96,3.58,2.5028,6,False,S100_OB_SHORT,TP,8.960000000000036,s100,s100_m3_combo,8.510000000000037,8.21,197,soft_daily_brake,bacf01da-01ee-48ad-99dc-9ec179a2f40e,True,False,1.4600000000000364,REJ,,
s100_m3_combo,SELL,2026-08-11 06:37:00+00:00,4367.97,4371.46,4359.23,2026-08-11 07:19:00+00:00,4359.23,TP,8.74,3.49,2.5043,6,False,S100_FVG_SHORT,TP,8.740000000000691,s100,s100_m3_combo,8.290000000000692,7.99,198,soft_daily_brake,d10d217a-13eb-46cb-b809-a608af485f1b,True,False,1.8699999999998909,REJ,,
s100_m3_combo,SELL,2026-08-11 07:20:00+00:00,4361.83,4364.04,4356.3,2026-08-11 07:26:00+00:00,4364.04,SL,-2.21,2.21,-1.0,7,False,S100_OB_SHORT,SL,-2.2100000000000364,s100,s100_m3_combo,-2.660000000000037,-2.96,199,soft_daily_brake,5e5facfa-f5de-4496-9733-6c0bb7407f7a,True,False,1.0,REJ,,
s100_m3_combo,SELL,2026-08-11 07:45:00+00:00,4358.81,4360.95,4353.45,2026-08-11 07:51:00+00:00,4360.95,SL,-2.14,2.14,-1.0,7,False,S100_FVG_SHORT,SL,-2.139999999999418,s100,s100_m3_combo,-2.589999999999418,-2.89,200,soft_daily_brake,6a3d7e64-ea8f-42e4-a646-4a3ad8abd545,True,False,0.6200000000008004,REJ,,
s100_m3_combo,BUY,2026-08-11 13:14:00+00:00,4397.83,4393.68,4408.2,2026-08-11 13:15:00+00:00,4393.68,SL,-4.15,4.15,-1.0,13,False,S100_OB_LONG,SL,-4.149999999999636,s100,s100_m3_combo,-4.599999999999636,-4.9,201,soft_daily_brake,a6fa9ec1-5e7f-41eb-800f-461e2ccfd9c6,True,False,-5.380000000000109,SL,0.9700000000004729,1.230000000000473
s100_m3_combo,BUY,2026-08-11 13:25:00+00:00,4395.78,4392.9,4402.99,2026-08-11 13:33:00+00:00,4392.9,SL,-2.88,2.88,-1.0,13,False,S100_FVG_LONG,SL,-2.880000000000109,s100,s100_m3_combo,-3.3300000000001093,-3.63,202,soft_daily_brake,5708bc51-f20f-44ac-85ff-b75d70bf97be,True,False,2.480000000000473,REJ,,
s100_m3_combo,BUY,2026-08-11 13:48:00+00:00,4394.9,4389.2,4409.17,2026-08-11 13:53:00+00:00,4389.2,SL,-5.7,5.7,-1.0,13,False,S100_OB_LONG,SL,-5.699999999999818,s100,s100_m3_combo,-6.149999999999818,-6.45,203,soft_daily_brake,f7040fb4-caf1-47bc-a9c9-7e07867c981c,True,False,-0.7899999999999636,SL,-5.169999999999854,-4.9099999999998545
s100_m3_combo,BUY,2026-08-11 14:41:00+00:00,4393.34,4388.58,4405.24,2026-08-11 15:16:00+00:00,4388.58,SL,-4.76,4.76,-1.0,14,False,S100_RSI3_MOMO_LONG,SL,-4.760000000000218,s100,s100_m3_combo,-5.2100000000002185,-5.51,204,soft_daily_brake,d0f9ebbf-ebcf-4f69-9f91-794007055268,True,False,0.819999999999709,REJ,,
s100_m3_combo,SELL,2026-08-11 15:59:00+00:00,4383.8,4387.86,4373.63,2026-08-11 17:11:00+00:00,4383.24,TIME,0.56,4.06,0.1379,15,False,S100_OB_SHORT,TIME,0.1450000000004365,s100,s100_m3_combo,-0.3049999999995634,-0.1899999999999999,-1,sim_only,,True,False,0.3500000000003638,TIME,-0.20499999999992724,-0.20499999999992724
s100_m3_combo,BUY,2026-08-12 02:23:00+00:00,4403.78,4400.51,4411.95,2026-08-12 02:30:00+00:00,4400.51,SL,-3.27,3.27,-1.0,2,False,S100_RSI3_MOMO_LONG,SL,-3.269999999999527,s100,s100_m3_combo,-3.7199999999995272,-4.02,207,PLACED,f58bbb8e-c25e-4d59-8d39-65807ce68987,True,False,-0.6799999999993815,SL,-2.8500000000001453,-2.5900000000001455
s100_m3_combo,BUY,2026-08-12 03:22:00+00:00,4405.23,4402.76,4411.43,2026-08-12 03:43:00+00:00,4402.76,SL,-2.47,2.47,-1.0,3,False,S100_FVG_LONG,SL,-2.469999999999345,s100,s100_m3_combo,-2.9199999999993453,-3.22,208,PLACED,140c6af3-ca41-47b9-9b36-4f1bff98cbf1,True,False,0.6700000000000728,REJ,,
s100_m3_combo,BUY,2026-08-12 04:56:00+00:00,4399.51,4397.29,4405.07,2026-08-12 05:18:00+00:00,4397.29,SL,-2.22,2.22,-1.0,4,False,S100_OB_LONG,SL,-2.2200000000002547,s100,s100_m3_combo,-2.670000000000255,-2.97,210,entry_drift,1c760812-5a68-479a-b404-ccb378267740,True,False,1.0999999999994543,REJ,,
s100_m3_combo,BUY,2026-08-12 06:02:00+00:00,4390.19,4386.26,4400.01,2026-08-12 06:07:00+00:00,4386.26,SL,-3.93,3.93,-1.0,6,False,S100_FVG_LONG,SL,-3.9299999999993815,s100,s100_m3_combo,-4.379999999999382,-4.68,213,PLACED,350e312a-71ed-4ab1-a549-411392d09776,True,False,-1.389999999999418,SL,-2.7999999999999634,-2.5399999999999636
s100_m3_combo,BUY,2026-08-12 06:27:00+00:00,4387.23,4385.24,4392.22,2026-08-12 06:37:00+00:00,4392.22,TP,4.99,1.99,2.5075,6,False,S100_OB_LONG,TP,4.990000000000691,s100,s100_m3_combo,4.540000000000691,4.24,214,entry_drift,97a0c756-650a-4e13-b6c4-e653d6e46817,True,False,1.6700000000000728,REJ,,
s100_m3_combo,BUY,2026-08-12 07:35:00+00:00,4404.73,4401.78,4412.12,2026-08-12 08:47:00+00:00,4403.2,TIME,-1.53,2.95,-0.5186,7,False,S100_RSI3_MOMO_LONG,TIME,0.3650000000006912,s100,s100_m3_combo,-0.0849999999993088,-2.28,215,PLACED,f3c5d0c0-7e46-4fbf-8564-2781378acb5f,True,False,0.4500000000007276,TIME,-0.08500000000003638,-0.08500000000003638
s100_m3_combo,SELL,2026-08-14 01:06:00+00:00,4332.39,4340.07,4313.18,2026-08-14 01:36:00+00:00,4313.18,TP,19.21,7.68,2.5013,1,False,S100_FVG_SHORT,TP,19.210000000000036,s100,s100_m3_combo,18.760000000000037,18.46,218,PLACED,7dae93d2-8aae-4085-be62-68cf0216df77,True,False,-0.31999999999970896,TP,19.529999999999745,19.529999999999745
s100_m3_combo,SELL,2026-08-14 01:36:00+00:00,4315.24,4319.03,4305.77,2026-08-14 01:37:00+00:00,4319.03,SL,-3.79,3.79,-1.0,1,False,S100_FVG_SHORT,SL,-3.789999999999963,s100,s100_m3_combo,-4.239999999999964,-4.54,220,open_position_cap,8fc6468b-2fb9-4a35-8984-9d7dded65316,True,False,-3.2200000000002547,SL,-0.829999999999709,-0.569999999999709
s100_m3_combo,SELL,2026-08-14 01:53:00+00:00,4317.19,4319.88,4310.49,2026-08-14 01:55:00+00:00,4319.88,SL,-2.69,2.69,-1.0,1,False,S100_FVG_SHORT,SL,-2.6900000000005093,s100,s100_m3_combo,-3.1400000000005095,-3.44,221,PLACED,b241ef17-4ca2-4499-9cc6-f0b58e5ec203,True,False,-1.2000000000007276,SL,-1.7499999999997817,-1.4899999999997817
s100_m3_combo,SELL,2026-08-14 02:15:00+00:00,4314.24,4317.9,4305.09,2026-08-14 02:27:00+00:00,4317.9,SL,-3.66,3.66,-1.0,2,False,S100_FVG_SHORT,SL,-3.6599999999998545,s100,s100_m3_combo,-4.109999999999855,-4.41,222,PLACED,be147b22-146a-43de-a274-d3aec9679cf1,True,False,1.0900000000001455,REJ,,
s100_m3_combo,SELL,2026-08-14 02:58:00+00:00,4315.51,4319.12,4306.46,2026-08-14 03:04:00+00:00,4319.12,SL,-3.61,3.61,-1.0,2,False,S100_OB_SHORT,SL,-3.6099999999996726,s100,s100_m3_combo,-4.059999999999673,-4.359999999999999,223,entry_drift,45a5d517-32f8-4c6b-a384-517390f50833,True,False,1.050000000000182,REJ,,
s100_m3_combo,SELL,2026-08-14 06:12:00+00:00,4332.21,4334.56,4326.34,2026-08-14 06:46:00+00:00,4334.56,SL,-2.35,2.35,-1.0,6,False,S100_FVG_SHORT,SL,-2.350000000000364,s100,s100_m3_combo,-2.800000000000364,-3.1,227,metaapi_rejection,49064996-6285-4079-b7f4-5aa066d5e9ae,True,False,0.06000000000040018,SL,-2.6700000000007638,-2.410000000000764
s100_m3_combo,BUY,2026-08-14 07:59:00+00:00,4343.83,4340.93,4351.08,2026-08-14 09:11:00+00:00,4349.315,TIME,5.485,2.9,1.8914,7,False,S100_RSI3_MOMO_LONG,TIME,5.1599999999998545,s100,s100_m3_combo,4.709999999999854,4.735,230,entry_drift,cc658991-c354-45bf-b5f8-f016653bc0f7,True,False,1.7600000000002183,REJ,,
s100_m3_combo,BUY,2026-08-14 13:51:00+00:00,4386.05,4383.75,4391.81,2026-08-14 13:53:00+00:00,4383.75,SL,-2.3,2.3,-1.0,13,False,S100_OB_LONG,SL,-2.300000000000182,s100,s100_m3_combo,-2.750000000000182,-3.05,233,entry_drift,45d295a1-0eab-4941-b7d1-7630ec6396a8,True,False,0.9499999999998181,REJ,,
s100_m3_combo,BUY,2026-08-14 14:10:00+00:00,4387.86,4384.86,4395.37,2026-08-14 14:34:00+00:00,4384.86,SL,-3.0,3.0,-1.0,14,False,S100_FVG_LONG,SL,-3.0,s100,s100_m3_combo,-3.45,-3.75,234,PLACED,3ac697b4-5d7c-4185-8f05-c0e6792825a3,True,False,0.7000000000007276,REJ,,
s100_m3_combo,BUY,2026-08-14 15:09:00+00:00,4386.19,4381.83,4397.1,2026-08-14 15:25:00+00:00,4381.83,SL,-4.36,4.36,-1.0,15,False,S100_FVG_LONG,SL,-4.359999999999673,s100,s100_m3_combo,-4.809999999999673,-5.11,235,PLACED,87df4a57-4c9c-46a8-8934-15290b9de7c5,True,False,0.680000000000291,REJ,,
s100_m3_combo,BUY,2026-08-14 15:51:00+00:00,4391.77,4389.01,4398.66,2026-08-14 16:10:00+00:00,4389.01,SL,-2.76,2.76,-1.0,15,False,S100_FVG_LONG,SL,-2.7600000000002183,s100,s100_m3_combo,-3.2100000000002185,-3.51,237,entry_drift,bd9af919-986d-4df0-a87e-1e2ac18f21bb,True,False,1.0799999999999272,REJ,,
s100_m3_combo,BUY,2026-08-17 02:33:00+00:00,4394.18,4392.28,4398.91,2026-08-17 02:34:00+00:00,4392.28,SL,-1.9,1.9,-1.0,2,False,S100_OB_LONG,SL,-1.9000000000005457,s100,s100_m3_combo,-2.350000000000546,-2.65,238,metaapi_rejection,b1a1179c-da34-48ef-9933-70a3d9790f22,True,False,0.019999999999527063,SL,-2.1800000000000725,-1.9200000000000728
s100_m3_combo,BUY,2026-08-17 03:30:00+00:00,4391.16,4388.42,4398.0,2026-08-17 04:01:00+00:00,4398.0,TP,6.84,2.74,2.4964,3,False,S100_OB_LONG,TP,6.8400000000001455,s100,s100_m3_combo,6.390000000000145,6.09,239,metaapi_rejection,06d493c9-60ef-419c-84b0-681d5b42034c,True,False,1.0799999999999272,REJ,,
s100_m3_combo,BUY,2026-08-17 04:11:00+00:00,4398.12,4395.69,4404.21,2026-08-17 04:20:00+00:00,4395.69,SL,-2.43,2.43,-1.0,4,False,S100_RSI3_MOMO_LONG,SL,-2.430000000000291,s100,s100_m3_combo,-2.880000000000291,-3.18,241,entry_drift,476e6b66-a9d7-4f9b-8b96-006519027003,True,False,1.2200000000002547,REJ,,
s100_m3_combo,BUY,2026-08-17 06:30:00+00:00,4396.98,4393.78,4405.01,2026-08-17 06:38:00+00:00,4393.78,SL,-3.2,3.2,-1.0,6,False,S100_OB_LONG,SL,-3.199999999999818,s100,s100_m3_combo,-3.6499999999998183,-3.95,244,metaapi_rejection,532ce905-e498-4339-a24c-f8e5e11b54ea,True,False,-0.3599999999996726,SL,-3.1000000000001453,-2.8400000000001455
s100_m3_combo,BUY,2026-08-17 15:23:00+00:00,4423.68,4420.11,4432.59,2026-08-17 15:44:00+00:00,4420.11,SL,-3.57,3.57,-1.0,15,False,S100_RSI3_MOMO_LONG,SL,-3.5700000000006185,s100,s100_m3_combo,-4.020000000000619,-4.32,246,metaapi_rejection,707526ab-9dde-4d7d-911a-89b33924d155,True,False,-0.1500000000005457,SL,-3.6800000000000725,-3.4200000000000728
s100_m3_combo,BUY,2026-08-17 15:45:00+00:00,4418.79,4417.06,4423.11,2026-08-17 15:48:00+00:00,4423.11,TP,4.32,1.73,2.4971,15,False,S100_OB_LONG,TP,4.319999999999709,s100,s100_m3_combo,3.869999999999709,3.5700000000000003,-1,sim_only,,True,False,0.1000000000003638,TP,4.219999999999345,4.219999999999345
s100_m3_combo,BUY,2026-08-18 01:05:00+00:00,4434.82,4431.17,4443.94,2026-08-18 01:08:00+00:00,4431.17,SL,-3.65,3.65,-1.0,1,False,S100_RSI3_MOMO_LONG,SL,-3.649999999999636,s100,s100_m3_combo,-4.099999999999636,-4.4,249,metaapi_rejection,1eb4e5e7-2bdf-44c1-8b74-eb681a68a320,True,False,0.5200000000004366,REJ,,
s100_m3_combo,SELL,2026-08-18 02:17:00+00:00,4404.16,4408.24,4393.98,2026-08-18 03:29:00+00:00,4397.27,TIME,6.89,4.08,1.6887,2,False,S100_FVG_SHORT,TIME,6.739999999999782,s100,s100_m3_combo,6.2899999999997815,6.14,250,entry_drift,e942b7ee-8dab-445d-a38d-8dada4230a21,True,False,1.8099999999994907,REJ,,
s100_m3_combo,SELL,2026-08-18 04:08:00+00:00,4390.27,4392.07,4385.79,2026-08-18 04:11:00+00:00,4392.07,SL,-1.8,1.8,-1.0,4,False,S100_RSI3_MOMO_SHORT,SL,-1.7999999999992724,s100,s100_m3_combo,-2.2499999999992726,-2.55,253,metaapi_rejection,2c26f131-4d10-44aa-93bd-5c0d0881a760,True,False,-0.0999999999994543,SL,-1.959999999999818,-1.699999999999818
s100_m3_combo,SELL,2026-08-18 05:44:00+00:00,4391.65,4395.07,4383.13,2026-08-18 05:48:00+00:00,4395.07,SL,-3.42,3.42,-1.0,5,False,S100_FVG_SHORT,SL,-3.4200000000000728,s100,s100_m3_combo,-3.870000000000073,-4.17,257,PLACED,13dc88d4-b188-4b96-983a-34dd155b8ae2,True,False,-2.180000000000291,SL,-1.4999999999997817,-1.2399999999997817
s100_m3_combo,SELL,2026-08-18 06:09:00+00:00,4392.77,4394.62,4388.16,2026-08-18 06:11:00+00:00,4394.62,SL,-1.85,1.85,-1.0,6,False,S100_FVG_SHORT,SL,-1.8499999999994543,s100,s100_m3_combo,-2.2999999999994545,-2.6,258,PLACED,3c9a4293-fb7e-467a-9c96-e9d14e898aaf,True,False,0.17000000000007276,SL,-2.279999999999527,-2.019999999999527
s100_m3_combo,SELL,2026-08-18 06:43:00+00:00,4398.23,4400.21,4393.29,2026-08-18 07:04:00+00:00,4400.21,SL,-1.98,1.98,-1.0,6,False,S100_OB_SHORT,SL,-1.980000000000473,s100,s100_m3_combo,-2.430000000000473,-2.73,259,PLACED,c9e9927a-f69e-4b50-90a3-5901438806fb,True,False,0.4099999999998545,SL,-2.650000000000327,-2.3900000000003274
s100_m3_combo,SELL,2026-08-18 08:27:00+00:00,4388.98,4392.06,4381.25,2026-08-18 08:32:00+00:00,4392.06,SL,-3.08,3.08,-1.0,8,False,S100_FVG_SHORT,SL,-3.0800000000008367,s100,s100_m3_combo,-3.530000000000837,-3.83,261,soft_daily_brake,b46c1b46-779f-4a88-8966-681c0c7d7a1e,True,False,0.27999999999974534,SL,-3.620000000000582,-3.360000000000582
s100_m3_combo,SELL,2026-08-18 08:54:00+00:00,4393.55,4396.03,4387.32,2026-08-18 09:44:00+00:00,4387.32,TP,6.23,2.48,2.5121,8,False,S100_FVG_SHORT,TIME,-0.3400000000001455,s100,s100_m3_combo,-0.7900000000001455,5.48,262,soft_daily_brake,68e5ae20-7fe4-408d-bd22-99fa68f312ce,True,False,0.32000000000061846,TIME,-0.660000000000764,-0.660000000000764
s100_m3_combo,BUY,2026-08-19 02:38:00+00:00,4355.09,4352.93,4360.48,2026-08-19 02:56:00+00:00,4352.93,SL,-2.16,2.16,-1.0,2,False,S100_OB_LONG,SL,-2.1599999999998545,s100,s100_m3_combo,-2.6099999999998547,-2.91,263,entry_drift,1214a0e6-9eb9-4d18-b616-0f44a3531be0,True,False,1.4799999999995634,REJ,,
s100_m3_combo,BUY,2026-08-19 03:32:00+00:00,4356.32,4354.37,4361.2,2026-08-19 04:04:00+00:00,4354.37,SL,-1.95,1.95,-1.0,3,False,S100_FVG_LONG,SL,-1.949999999999818,s100,s100_m3_combo,-2.3999999999998183,-2.7,264,entry_drift,c7ee59c0-0117-48a2-a07b-35a18ed5eb80,True,False,1.0,REJ,,
s100_m3_combo,SELL,2026-08-19 05:29:00+00:00,4345.07,4349.06,4335.11,2026-08-19 06:41:00+00:00,4342.72,TIME,2.35,3.99,0.589,5,False,S100_OB_SHORT,TIME,1.8149999999996,s100,s100_m3_combo,1.3649999999996,1.6,267,entry_drift,e90e5ea1-dac9-44df-a100-9f49ef9c7aaf,True,False,3.4099999999998545,REJ,,
s100_m3_combo,BUY,2026-08-19 07:38:00+00:00,4358.62,4356.52,4363.87,2026-08-19 07:42:00+00:00,4356.52,SL,-2.1,2.1,-1.0,7,False,S100_FVG_LONG,SL,-2.0999999999994543,s100,s100_m3_combo,-2.5499999999994545,-2.85,270,PLACED,25ba523b-6844-4660-b073-98a0a60f4bbd,True,False,0.4000000000005457,SL,-2.76,-2.5
s100_m3_combo,BUY,2026-08-19 08:51:00+00:00,4359.06,4357.17,4363.8,2026-08-19 08:55:00+00:00,4357.17,SL,-1.89,1.89,-1.0,8,False,S100_FVG_LONG,SL,-1.8900000000003272,s100,s100_m3_combo,-2.3400000000003276,-2.6399999999999997,271,entry_drift,6e6335e7-87dd-4a15-a0fb-47c421fe8376,True,False,1.2899999999999636,REJ,,
s100_m3_combo,BUY,2026-08-19 13:00:00+00:00,4435.38,4423.31,4465.53,2026-08-19 13:31:00+00:00,4465.53,TP,30.15,12.07,2.4979,13,False,S100_FVG_LONG,TP,30.149999999999636,s100,s100_m3_combo,29.699999999999637,29.4,272,entry_drift,100fbc40-ea07-4cc7-878b-1c37f6bde7c9,True,False,4.069999999999709,REJ,,
s100_m3_combo,BUY,2026-08-19 13:34:00+00:00,4459.79,4456.21,4468.75,2026-08-19 13:35:00+00:00,4456.21,SL,-3.58,3.58,-1.0,13,False,S100_OB_LONG,SL,-3.5799999999999272,s100,s100_m3_combo,-4.029999999999927,-4.33,274,entry_drift,c047c008-6d8d-4c57-94f5-1430e8010145,True,False,1.0399999999999636,REJ,,
s100_m3_combo,BUY,2026-08-19 14:11:00+00:00,4470.39,4460.85,4494.24,2026-08-19 14:41:00+00:00,4494.24,TP,23.85,9.54,2.5,14,False,S100_RSI3_MOMO_LONG,TP,23.849999999999454,s100,s100_m3_combo,23.399999999999455,23.1,275,PLACED,6bf682b9-f99e-4145-85c4-347f3a549a99,True,False,-0.06000000000040018,TP,23.909999999999854,23.909999999999854
s100_m3_combo,BUY,2026-08-19 15:50:00+00:00,4489.9,4487.14,4496.77,2026-08-19 16:01:00+00:00,4496.77,TP,6.87,2.76,2.4891,15,False,S100_FVG_LONG,TP,6.8700000000008,s100,s100_m3_combo,6.4200000000008,6.12,277,no_add_to_loser,edde4d89-793e-48c9-9767-092962980755,True,False,-0.5199999999995271,TP,7.390000000000327,7.390000000000327
s100_m3_combo,BUY,2026-08-20 01:30:00+00:00,4497.32,4491.92,4510.83,2026-08-20 01:49:00+00:00,4491.92,SL,-5.4,5.4,-1.0,1,False,S100_OB_LONG,SL,-5.399999999999636,s100,s100_m3_combo,-5.849999999999636,-6.15,278,entry_drift,c5dd1947-6af2-4293-b45b-ddcb591d6b3b,True,False,4.079999999999927,REJ,,
s100_m3_combo,SELL,2026-08-20 01:59:00+00:00,4490.37,4493.4,4482.79,2026-08-20 02:01:00+00:00,4493.4,SL,-3.03,3.03,-1.0,1,False,S100_FVG_SHORT,SL,-3.0299999999997453,s100,s100_m3_combo,-3.4799999999997455,-3.78,279,entry_drift,ef8221d4-c834-4ccc-a193-ed83c9aa0882,True,False,0.9700000000002547,REJ,,
s100_m3_combo,SELL,2026-08-20 02:24:00+00:00,4493.33,4496.12,4486.36,2026-08-20 03:02:00+00:00,4496.12,SL,-2.79,2.79,-1.0,2,False,S100_FVG_SHORT,SL,-2.7899999999999636,s100,s100_m3_combo,-3.239999999999964,-3.54,280,PLACED,b3e3a6bc-7881-4b1c-b55f-731269e44827,True,False,-0.6999999999998181,SL,-2.3500000000001453,-2.0900000000001455
s100_m3_combo,SELL,2026-08-20 03:17:00+00:00,4492.84,4494.84,4487.85,2026-08-20 03:23:00+00:00,4494.84,SL,-2.0,2.0,-1.0,3,False,S100_FVG_SHORT,SL,-2.0,s100,s100_m3_combo,-2.45,-2.75,281,entry_drift,183871b1-2bf3-4735-be11-1909eac46991,True,False,1.1700000000000728,REJ,,
s100_m3_combo,SELL,2026-08-20 04:23:00+00:00,4495.05,4497.2,4489.66,2026-08-20 04:30:00+00:00,4489.66,TP,5.39,2.15,2.507,4,False,S100_RSI3_MOMO_SHORT,TP,5.390000000000327,s100,s100_m3_combo,4.940000000000327,4.64,282,PLACED,ab61bc31-a215-42ff-8bc5-08005be0c113,True,False,-0.2899999999999636,TP,5.680000000000291,5.680000000000291
s100_m3_combo,SELL,2026-08-20 04:52:00+00:00,4490.97,4494.86,4481.24,2026-08-20 05:34:00+00:00,4481.24,TP,9.73,3.89,2.5013,4,False,S100_FVG_SHORT,TP,9.730000000000471,s100,s100_m3_combo,9.280000000000474,8.98,283,PLACED,f4521c66-94e7-47e5-9482-525cfc8a19ae,True,False,-0.009999999999308784,TP,9.739999999999782,9.739999999999782
s100_m3_combo,SELL,2026-08-20 07:06:00+00:00,4489.19,4492.32,4481.35,2026-08-20 07:41:00+00:00,4492.32,SL,-3.13,3.13,-1.0,7,False,S100_FVG_SHORT,SL,-3.130000000000109,s100,s100_m3_combo,-3.5800000000001093,-3.88,288,entry_drift,244512bd-319f-48cc-b173-181d5e7f6cdf,True,False,0.8899999999994179,REJ,,
s100_m3_combo,BUY,2026-08-20 15:09:00+00:00,4523.8,4514.92,4546.0,2026-08-20 15:41:00+00:00,4514.92,SL,-8.88,8.88,-1.0,15,False,S100_FVG_LONG,SL,-8.88000000000011,s100,s100_m3_combo,-9.330000000000108,-9.63,291,entry_drift,870827b6-2b5b-4da1-af63-941d257cf286,True,False,4.300000000000182,REJ,,
s100_m3_combo,BUY,2026-08-21 01:36:00+00:00,4534.92,4529.75,4547.85,2026-08-21 01:39:00+00:00,4529.75,SL,-5.17,5.17,-1.0,1,False,S100_FVG_LONG,SL,-5.170000000000073,s100,s100_m3_combo,-5.620000000000073,-5.92,293,entry_drift,a09b191f-45af-4578-8d3d-5f4bbb80830f,True,False,0.9099999999998545,REJ,,
s100_m3_combo,BUY,2026-08-21 02:28:00+00:00,4526.78,4522.61,4537.2,2026-08-21 02:44:00+00:00,4537.2,TP,10.42,4.17,2.4988,2,False,S100_FVG_LONG,TP,10.420000000000073,s100,s100_m3_combo,9.970000000000072,9.67,294,PLACED,75d33bb6-994c-45e9-b867-c81f78141926,True,False,-0.019999999999527063,TP,10.4399999999996,10.4399999999996
s100_m3_combo,BUY,2026-08-21 02:56:00+00:00,4538.29,4535.71,4544.75,2026-08-21 02:58:00+00:00,4535.71,SL,-2.58,2.58,-1.0,2,False,S100_OB_LONG,SL,-2.5799999999999272,s100,s100_m3_combo,-3.0299999999999274,-3.33,295,PLACED,a3f799cb-5352-40b3-893f-dd5d1260eb0f,True,False,1.0600000000004002,REJ,,
s100_m3_combo,BUY,2026-08-21 03:36:00+00:00,4532.65,4528.92,4541.98,2026-08-21 03:40:00+00:00,4528.92,SL,-3.73,3.73,-1.0,3,False,S100_OB_LONG,SL,-3.729999999999563,s100,s100_m3_combo,-4.179999999999564,-4.48,296,PLACED,0fe2bef5-4f32-4ecd-99e0-200431543747,True,False,-0.7199999999993452,SL,-3.270000000000218,-3.0100000000002183
s100_m3_combo,BUY,2026-08-21 04:06:00+00:00,4537.45,4535.2,4543.08,2026-08-21 04:20:00+00:00,4543.08,TP,5.63,2.25,2.5022,4,False,S100_FVG_LONG,TP,5.630000000000109,s100,s100_m3_combo,5.180000000000109,4.88,297,PLACED,7d1db082-3b68-45b2-a5fe-e5fe59661cf9,True,False,-0.1999999999998181,TP,5.829999999999927,5.829999999999927
s100_m3_combo,BUY,2026-08-21 04:26:00+00:00,4545.68,4542.38,4553.91,2026-08-21 04:38:00+00:00,4542.38,SL,-3.3,3.3,-1.0,4,False,S100_RSI3_MOMO_LONG,SL,-3.300000000000182,s100,s100_m3_combo,-3.750000000000182,-4.05,299,PLACED,01356ded-9bb4-4ab1-a8f4-14f652ca0276,True,False,0.9699999999993452,REJ,,
s100_m3_combo,BUY,2026-08-21 06:01:00+00:00,4552.15,4548.48,4561.33,2026-08-21 06:02:00+00:00,4548.48,SL,-3.67,3.67,-1.0,6,False,S100_FVG_LONG,SL,-3.6700000000000728,s100,s100_m3_combo,-4.120000000000073,-4.42,300,PLACED,a35b7b8a-ad13-4259-981f-72f15062fe64,True,False,0.2899999999999636,SL,-4.220000000000036,-3.9600000000000364
s100_m3_combo,BUY,2026-08-21 06:21:00+00:00,4553.65,4549.29,4564.58,2026-08-21 06:35:00+00:00,4564.58,TP,10.93,4.36,2.5069,6,False,S100_FVG_LONG,TP,10.930000000000293,s100,s100_m3_combo,10.480000000000292,10.18,301,PLACED,8f08a3e0-704a-4acb-9ba8-37c7a5dde610,True,False,-0.46999999999934516,TP,11.399999999999636,11.399999999999636
s100_m3_combo,BUY,2026-08-21 06:40:00+00:00,4563.88,4558.47,4577.39,2026-08-21 07:52:00+00:00,4562.955,TIME,-0.925,5.41,-0.171,6,False,S100_FVG_LONG,TIME,-0.1700000000000727,s100,s100_m3_combo,-0.6200000000000727,-1.675,302,PLACED,82aff2a4-6d32-4288-85ec-94441ac0eff0,True,False,-2.0600000000004,TIME,1.8900000000003274,1.8900000000003274
s100_m3_combo,BUY,2026-08-21 08:15:00+00:00,4564.02,4561.28,4570.85,2026-08-21 08:19:00+00:00,4570.85,TP,6.83,2.74,2.4927,8,False,S100_FVG_LONG,TP,6.829999999999927,s100,s100_m3_combo,6.379999999999927,6.08,306,entry_drift,fffc229a-c4a3-4e00-8f3b-927978a54e13,True,False,1.199999999999818,REJ,,
s100_m3_combo,BUY,2026-08-21 08:30:00+00:00,4579.1,4577.05,4584.24,2026-08-21 08:39:00+00:00,4577.05,SL,-2.05,2.05,-1.0,8,False,S100_FVG_LONG,SL,-2.050000000000182,s100,s100_m3_combo,-2.500000000000182,-2.8,307,PLACED,54efb9f6-0dad-4f2d-96f8-53e7eb8e191f,True,False,-0.6500000000005457,SL,-1.6599999999996362,-1.3999999999996362
s100_m3_combo,BUY,2026-08-21 13:45:00+00:00,4584.68,4579.78,4596.94,2026-08-21 13:54:00+00:00,4579.78,SL,-4.9,4.9,-1.0,13,False,S100_OB_LONG,SL,-4.900000000000546,s100,s100_m3_combo,-5.350000000000546,-5.65,308,entry_drift,52192b50-b33c-4e61-a2b0-fd3463f3e452,True,False,3.119999999999891,REJ,,
s100_m3_combo,BUY,2026-08-21 14:34:00+00:00,4590.14,4585.4,4601.99,2026-08-21 14:37:00+00:00,4585.4,SL,-4.74,4.74,-1.0,14,False,S100_OB_LONG,SL,-4.740000000000691,s100,s100_m3_combo,-5.190000000000691,-5.49,309,PLACED,45d246b1-5ec1-4239-a9c2-f2f8c11cac38,True,False,-1.680000000000291,SL,-3.3200000000004,-3.0600000000004
s100_m3_combo,BUY,2026-08-21 14:55:00+00:00,4587.06,4581.46,4601.05,2026-08-21 15:23:00+00:00,4601.05,TP,13.99,5.6,2.4982,14,False,S100_OB_LONG,TP,13.989999999999782,s100,s100_m3_combo,13.539999999999782,13.24,310,PLACED,c757619e-5085-4895-b673-bcc20dbc2161,True,False,-0.680000000000291,TP,14.670000000000073,14.670000000000073
s100_m3_combo,BUY,2026-08-21 15:35:00+00:00,4607.29,4602.31,4619.74,2026-08-21 16:21:00+00:00,4619.74,TP,12.45,4.98,2.5,15,False,S100_RSI3_MOMO_LONG,TP,12.449999999999818,s100,s100_m3_combo,11.99999999999982,11.7,311,entry_drift,1aace7fa-7b41-4d4e-973d-b71b409df9a9,True,False,0.3999999999996362,TP,12.050000000000182,12.050000000000182
s100_m3_combo,BUY,2026-08-24 01:05:00+00:00,4625.27,4616.87,4646.29,2026-08-24 01:20:00+00:00,4616.87,SL,-8.4,8.4,-1.0,1,False,S100_RSI3_MOMO_LONG,SL,-8.400000000000546,s100,s100_m3_combo,-8.850000000000545,-9.15,314,PLACED,e8aa01d7-a8c5-4807-bc66-9966f42390ac,True,False,2.019999999999527,REJ,,
s100_m3_combo,BUY,2026-08-24 02:05:00+00:00,4636.36,4629.56,4653.36,2026-08-24 02:17:00+00:00,4653.36,TP,17.0,6.8,2.5,2,False,S100_RSI3_MOMO_LONG,TP,17.0,s100,s100_m3_combo,16.55,16.25,315,entry_drift,522e1348-aee3-40cc-b569-60bfb26e082f,True,False,1.0100000000002183,REJ,,
s100_m3_combo,BUY,2026-08-24 02:20:00+00:00,4651.6,4649.01,4658.07,2026-08-24 02:39:00+00:00,4649.01,SL,-2.59,2.59,-1.0,2,False,S100_OB_LONG,SL,-2.5900000000001455,s100,s100_m3_combo,-3.0400000000001457,-3.34,316,entry_drift,d35489a9-1d11-4fd8-9d28-eb2b50a08d89,True,False,1.4200000000000728,REJ,,
s100_m3_combo,BUY,2026-08-24 03:02:00+00:00,4640.32,4635.98,4651.18,2026-08-24 03:06:00+00:00,4635.98,SL,-4.34,4.34,-1.0,3,False,S100_FVG_LONG,SL,-4.3400000000001455,s100,s100_m3_combo,-4.790000000000146,-5.09,318,PLACED,08f69f12-7e68-4aae-86ac-0219aacbfcf4,True,False,-0.9699999999993452,SL,-3.6300000000008,-3.3700000000008004
s100_m3_combo,BUY,2026-08-24 03:20:00+00:00,4636.68,4633.04,4645.78,2026-08-24 03:26:00+00:00,4645.78,TP,9.1,3.64,2.5,3,False,S100_OB_LONG,TP,9.099999999999454,s100,s100_m3_combo,8.649999999999455,8.35,319,PLACED,004c56a8-12ab-4f22-9f48-30bc60852227,True,False,-0.8299999999999272,TP,9.929999999999382,9.929999999999382
s100_m3_combo,BUY,2026-08-24 03:56:00+00:00,4641.04,4634.91,4656.35,2026-08-24 04:06:00+00:00,4634.91,SL,-6.13,6.13,-1.0,3,False,S100_OB_LONG,SL,-6.130000000000109,s100,s100_m3_combo,-6.580000000000109,-6.88,320,PLACED,793017e8-4f34-4378-917d-3bcc4426bea3,True,False,-0.17000000000007276,SL,-6.220000000000036,-5.960000000000036
s100_m3_combo,BUY,2026-08-24 04:46:00+00:00,4637.09,4635.47,4641.13,2026-08-24 05:00:00+00:00,4641.13,TP,4.04,1.62,2.4938,4,False,S100_OB_LONG,TP,4.039999999999964,s100,s100_m3_combo,3.589999999999963,3.29,321,entry_drift,b6e7cc33-b4bb-4167-92b5-17fac51d2bb8,True,False,1.5299999999997453,REJ,,
s100_m3_combo,BUY,2026-08-24 05:08:00+00:00,4641.53,4638.43,4649.28,2026-08-24 05:22:00+00:00,4638.43,SL,-3.1,3.1,-1.0,5,False,S100_RSI3_MOMO_LONG,SL,-3.0999999999994543,s100,s100_m3_combo,-3.5499999999994545,-3.85,322,PLACED,ef43f2e3-ae0f-4529-ada3-68f49ce8267c,True,False,-0.8000000000001819,SL,-2.559999999999272,-2.2999999999992724
s100_m3_combo,BUY,2026-08-24 06:21:00+00:00,4654.93,4651.68,4663.05,2026-08-24 06:22:00+00:00,4651.68,SL,-3.25,3.25,-1.0,6,False,S100_FVG_LONG,SL,-3.25,s100,s100_m3_combo,-3.7,-4.0,323,PLACED,8b506c58-fe4e-4fc5-89fc-665da8727729,True,False,-2.110000000000582,SL,-1.399999999999418,-1.139999999999418
s100_m3_combo,BUY,2026-08-24 06:39:00+00:00,4651.17,4647.87,4659.42,2026-08-24 06:42:00+00:00,4647.87,SL,-3.3,3.3,-1.0,6,False,S100_FVG_LONG,SL,-3.300000000000182,s100,s100_m3_combo,-3.750000000000182,-4.05,324,entry_drift,b02ccfc5-121f-425b-bba0-1824b6d11c77,True,False,0.5599999999994907,REJ,,
s100_m3_combo,BUY,2026-08-24 07:01:00+00:00,4648.69,4642.03,4665.35,2026-08-24 07:30:00+00:00,4642.03,SL,-6.66,6.66,-1.0,7,False,S100_OB_LONG,SL,-6.6599999999998545,s100,s100_m3_combo,-7.109999999999855,-7.41,325,PLACED,7e2f27b0-bd95-4b71-99ba-9e70bec7f26c,True,False,0.020000000000436557,SL,-6.940000000000291,-6.680000000000291
s100_m3_combo,BUY,2026-08-24 07:38:00+00:00,4644.43,4641.98,4650.54,2026-08-24 07:41:00+00:00,4641.98,SL,-2.45,2.45,-1.0,7,False,S100_OB_LONG,SL,-2.4500000000007276,s100,s100_m3_combo,-2.900000000000728,-3.2,326,PLACED,3053cf0c-93ba-4908-aa16-937ed8a911d2,True,False,0.05999999999949068,SL,-2.770000000000218,-2.5100000000002183
s100_m3_combo,BUY,2026-08-24 08:01:00+00:00,4639.94,4636.25,4649.19,2026-08-24 08:12:00+00:00,4636.25,SL,-3.69,3.69,-1.0,8,False,S100_FVG_LONG,SL,-3.6899999999996,s100,s100_m3_combo,-4.1399999999996,-4.4399999999999995,327,PLACED,185490a2-0266-4d35-9539-7e1674e026e3,True,False,-1.3499999999994543,SL,-2.6000000000001453,-2.3400000000001455
s100_m3_combo,BUY,2026-08-24 08:49:00+00:00,4643.34,4639.03,4654.1,2026-08-24 08:56:00+00:00,4639.03,SL,-4.31,4.31,-1.0,8,False,S100_FVG_LONG,SL,-4.3100000000004,s100,s100_m3_combo,-4.7600000000004,-5.06,328,PLACED,8365b1ce-252c-4557-97ab-f6648aa6c126,True,False,0.5299999999997453,REJ,,
s100_m3_combo,BUY,2026-08-24 13:37:00+00:00,4672.32,4669.95,4678.27,2026-08-24 13:38:00+00:00,4669.95,SL,-2.37,2.37,-1.0,13,False,S100_OB_LONG,SL,-2.369999999999891,s100,s100_m3_combo,-2.819999999999891,-3.12,329,PLACED,b29ed10f-b13a-4be7-a183-517cd461e00d,True,False,0.010000000000218279,SL,-2.640000000000109,-2.380000000000109
s100_m3_combo,BUY,2026-08-24 14:48:00+00:00,4668.88,4665.71,4676.8,2026-08-24 14:49:00+00:00,4665.71,SL,-3.17,3.17,-1.0,14,False,S100_OB_LONG,SL,-3.1700000000000728,s100,s100_m3_combo,-3.620000000000073,-3.92,330,no_add_to_loser,e8a8b1a0-f709-44f2-ad53-cecf48f01fc9,True,False,-0.07999999999992724,SL,-3.3500000000001453,-3.0900000000001455
s100_m3_combo,BUY,2026-08-24 15:00:00+00:00,4669.97,4665.25,4681.75,2026-08-24 15:40:00+00:00,4665.25,SL,-4.72,4.72,-1.0,15,False,S100_FVG_LONG,SL,-4.720000000000255,s100,s100_m3_combo,-5.170000000000255,-5.47,331,PLACED,112829d6-5e4c-4e47-a070-e185646663f4,True,False,-1.9099999999998545,SL,-3.0700000000004,-2.8100000000004
s100_m3_combo,SELL,2026-08-25 02:10:00+00:00,4645.43,4656.81,4616.98,2026-08-25 02:28:00+00:00,4656.81,SL,-11.38,11.38,-1.0,2,False,S100_FVG_SHORT,SL,-11.38000000000011,s100,s100_m3_combo,-11.830000000000108,-12.13,334,entry_drift,cc7b2159-54c5-4be1-8fd1-59dc48b94484,True,False,1.3500000000003638,REJ,,
s100_m3_combo,SELL,2026-08-25 02:48:00+00:00,4637.3,4641.27,4627.38,2026-08-25 02:51:00+00:00,4627.38,TP,9.92,3.97,2.4987,2,False,S100_FVG_SHORT,TP,9.920000000000073,s100,s100_m3_combo,9.470000000000072,9.17,336,entry_drift,eefc149b-8d58-46db-a50a-4c47a832690b,True,False,2.4400000000005093,REJ,,
s100_m3_combo,SELL,2026-08-25 03:50:00+00:00,4633.16,4636.81,4624.03,2026-08-25 04:12:00+00:00,4636.81,SL,-3.65,3.65,-1.0,3,False,S100_RSI3_MOMO_SHORT,SL,-3.6500000000005457,s100,s100_m3_combo,-4.100000000000546,-4.4,337,PLACED,d435e277-1cad-4ae4-bc35-5842a15abb20,True,False,0.8000000000001819,REJ,,
s100_m3_combo,SELL,2026-08-25 04:12:00+00:00,4637.31,4639.9,4630.81,2026-08-25 04:25:00+00:00,4630.81,TP,6.5,2.59,2.5097,4,False,S100_FVG_SHORT,TP,6.5,s100,s100_m3_combo,6.05,5.75,338,metaapi_rejection,72fc3238-9570-43ad-a4a0-42ff32c06497,True,False,0.0500000000001819,TP,6.449999999999818,6.449999999999818
s100_m3_combo,SELL,2026-08-25 04:38:00+00:00,4627.44,4630.64,4619.46,2026-08-25 05:05:00+00:00,4630.64,SL,-3.2,3.2,-1.0,4,False,S100_RSI3_MOMO_SHORT,SL,-3.2000000000007276,s100,s100_m3_combo,-3.650000000000728,-3.95,339,PLACED,23fdd465-1f92-47f2-a02a-b07547fcfbf4,True,False,0.3599999999996726,SL,-3.8200000000004,-3.5600000000004
s100_m3_combo,SELL,2026-08-25 05:35:00+00:00,4645.14,4647.34,4639.64,2026-08-25 05:42:00+00:00,4639.64,TP,5.5,2.2,2.5,5,False,S100_OB_SHORT,TP,5.5,s100,s100_m3_combo,5.05,4.75,340,soft_daily_brake,25c0b297-3470-45f5-84b2-aa26a6fd9ea3,True,False,-0.5299999999997453,TP,6.029999999999745,6.029999999999745
s100_m3_combo,SELL,2026-08-25 05:46:00+00:00,4641.35,4643.75,4635.36,2026-08-25 05:54:00+00:00,4643.75,SL,-2.4,2.4,-1.0,5,False,S100_FVG_SHORT,SL,-2.399999999999636,s100,s100_m3_combo,-2.8499999999996364,-3.15,341,soft_daily_brake,11ff2bc2-50b8-4643-9055-4caa51cd83df,True,False,0.5100000000002183,REJ,,
s100_m3_combo,SELL,2026-08-25 07:02:00+00:00,4640.78,4643.66,4633.58,2026-08-25 07:23:00+00:00,4643.66,SL,-2.88,2.88,-1.0,7,False,S100_FVG_SHORT,TP,7.199999999999818,s100,s100_m3_combo,6.749999999999818,-3.63,343,soft_daily_brake,6a737336-dda5-4c43-9c85-ef9bf85f26f8,True,False,1.9699999999993452,REJ,,
s100_m3_combo,SELL,2026-08-25 08:06:00+00:00,4628.64,4630.61,4623.7,2026-08-25 08:08:00+00:00,4623.7,TP,4.94,1.97,2.5076,8,False,S100_FVG_SHORT,TP,4.940000000000509,s100,s100_m3_combo,4.490000000000509,4.19,344,soft_daily_brake,78be46a7-155d-4dcd-8188-798bed10b498,True,False,1.3400000000001455,REJ,,
s100_m3_combo,SELL,2026-08-25 08:45:00+00:00,4633.12,4634.75,4629.04,2026-08-25 08:48:00+00:00,4629.04,TP,4.08,1.63,2.5031,8,False,S100_OB_SHORT,TP,4.079999999999927,s100,s100_m3_combo,3.629999999999927,3.33,346,soft_daily_brake,28b34322-a731-4728-b9d4-526c4676f458,True,False,0.02999999999974534,TP,4.050000000000182,4.050000000000182
s100_m3_combo,SELL,2026-08-25 08:55:00+00:00,4628.3,4633.02,4616.49,2026-08-25 09:09:00+00:00,4633.02,SL,-4.72,4.72,-1.0,8,False,S100_FVG_SHORT,SL,-4.720000000000255,s100,s100_m3_combo,-5.170000000000255,-5.47,347,soft_daily_brake,326c49dd-4203-4f50-9db1-3d57497c2321,True,False,1.4600000000000364,REJ,,
s100_m3_combo,BUY,2026-08-26 02:37:00+00:00,4660.94,4658.34,4667.42,2026-08-26 02:41:00+00:00,4667.42,TP,6.48,2.6,2.4923,2,False,S100_FVG_LONG,TP,6.480000000000473,s100,s100_m3_combo,6.030000000000473,5.73,349,PLACED,0f56681a-43fc-4087-a327-a79f1092400c,True,False,-0.11999999999989086,TP,6.600000000000364,6.600000000000364
s100_m3_combo,BUY,2026-08-26 02:48:00+00:00,4666.81,4664.57,4672.41,2026-08-26 02:51:00+00:00,4664.57,SL,-2.24,2.24,-1.0,2,False,S100_FVG_LONG,SL,-2.240000000000691,s100,s100_m3_combo,-2.6900000000006914,-2.99,350,PLACED,f03b045d-4b2b-4077-9b92-0d1acefb80b5,True,False,-0.6200000000008004,SL,-1.8799999999998909,-1.6199999999998909
s100_m3_combo,SELL,2026-08-26 04:41:00+00:00,4641.1,4642.63,4637.28,2026-08-26 05:02:00+00:00,4642.63,SL,-1.53,1.53,-1.0,4,False,S100_RSI3_MOMO_SHORT,SL,-1.5299999999997451,s100,s100_m3_combo,-1.9799999999997453,-2.28,351,PLACED,5da05d5e-1a5e-4f62-b78d-39d5bb7bc4b9,True,False,0.0500000000001819,SL,-1.8399999999999272,-1.5799999999999272
s100_m3_combo,SELL,2026-08-26 05:40:00+00:00,4643.55,4647.64,4633.32,2026-08-26 06:16:00+00:00,4633.32,TP,10.23,4.09,2.5012,5,False,S100_OB_SHORT,TP,10.230000000000471,s100,s100_m3_combo,9.780000000000474,9.48,353,PLACED,d47f16bc-0928-411d-835a-2819b4e7929e,True,False,-0.03999999999996362,TP,10.270000000000437,10.270000000000437
s100_m3_combo,SELL,2026-08-26 06:31:00+00:00,4629.03,4632.15,4621.22,2026-08-26 06:41:00+00:00,4632.15,SL,-3.12,3.12,-1.0,6,False,S100_FVG_SHORT,SL,-3.119999999999891,s100,s100_m3_combo,-3.569999999999891,-3.87,356,no_add_to_loser,9e434b1b-4c4c-4291-83f2-7fee35d733f6,True,False,-0.9900000000006912,SL,-2.3899999999991994,-2.1299999999991996
s100_m3_combo,SELL,2026-08-26 07:32:00+00:00,4633.51,4635.09,4629.54,2026-08-26 07:33:00+00:00,4635.09,SL,-1.58,1.58,-1.0,7,False,S100_OB_SHORT,SL,-1.5799999999999272,s100,s100_m3_combo,-2.0299999999999274,-2.33,357,PLACED,ce2a8f9f-c78e-4fb7-888d-fcabe97d50a7,True,False,-0.8000000000001819,SL,-1.0399999999997454,-0.7799999999997453
s100_m3_combo,SELL,2026-08-26 07:57:00+00:00,4628.72,4630.97,4623.1,2026-08-26 08:15:00+00:00,4623.1,TP,5.62,2.25,2.4978,7,False,S100_FVG_SHORT,TP,5.619999999999891,s100,s100_m3_combo,5.169999999999891,4.87,359,PLACED,b7df5452-4685-4625-9508-4325906d58c4,True,False,0.06000000000040018,TP,5.559999999999491,5.559999999999491
s100_m3_combo,SELL,2026-08-26 15:18:00+00:00,4589.97,4595.79,4575.42,2026-08-26 15:28:00+00:00,4595.79,SL,-5.82,5.82,-1.0,15,False,S100_FVG_SHORT,SL,-5.819999999999709,s100,s100_m3_combo,-6.269999999999709,-6.57,362,PLACED,13c03330-757d-4456-ab96-0efa8c58e82d,True,False,-3.0799999999999272,SL,-2.9999999999997815,-2.7399999999997817
s100_m3_combo,SELL,2026-08-26 15:57:00+00:00,4603.71,4606.91,4595.72,2026-08-26 16:00:00+00:00,4595.72,TP,7.99,3.2,2.4969,15,False,S100_FVG_SHORT,TP,7.989999999999782,s100,s100_m3_combo,7.539999999999781,7.24,363,entry_drift,18119f4a-7cbe-4bd6-a7cf-de7cdb9d7c5e,True,False,3.899999999999636,REJ,,
s100_m3_combo,BUY,2026-08-27 01:08:00+00:00,4615.4,4610.19,4628.44,2026-08-27 01:38:00+00:00,4628.44,TP,13.04,5.21,2.5029,1,False,S100_RSI3_MOMO_LONG,TP,13.039999999999964,s100,s100_m3_combo,12.589999999999964,12.29,364,PLACED,43d8c3a5-4425-4544-8219-261f088c99d7,True,False,0.5799999999999272,REJ,,
s100_m3_combo,BUY,2026-08-27 01:42:00+00:00,4627.65,4621.44,4643.17,2026-08-27 02:01:00+00:00,4643.17,TP,15.52,6.21,2.4992,1,False,S100_FVG_LONG,TIME,1.860000000000582,s100,s100_m3_combo,1.410000000000582,14.77,365,PLACED,96ea4bbb-412a-4742-a134-9b01cd6b18e1,True,False,-1.8999999999996362,TIME,3.7600000000002183,3.7600000000002183
s100_m3_combo,BUY,2026-08-27 02:18:00+00:00,4637.74,4632.78,4650.13,2026-08-27 02:30:00+00:00,4632.78,SL,-4.96,4.96,-1.0,2,False,S100_FVG_LONG,SL,-4.960000000000036,s100,s100_m3_combo,-5.410000000000037,-5.71,366,open_position_cap,a5defd6f-a7d6-4523-9b0f-72d6e606d4c8,True,False,1.230000000000473,REJ,,
s100_m3_combo,BUY,2026-08-27 03:18:00+00:00,4633.64,4630.8,4640.75,2026-08-27 03:40:00+00:00,4630.8,SL,-2.84,2.84,-1.0,3,False,S100_FVG_LONG,SL,-2.8400000000001455,s100,s100_m3_combo,-3.2900000000001457,-3.59,368,PLACED,f65c8e87-d76b-43be-a218-0120ec8de039,True,False,0.019999999999527063,SL,-3.1199999999996724,-2.8599999999996726
s100_m3_combo,SELL,2026-08-27 05:58:00+00:00,4605.44,4609.69,4594.84,2026-08-27 06:21:00+00:00,4609.69,SL,-4.25,4.25,-1.0,5,False,S100_OB_SHORT,SL,-4.25,s100,s100_m3_combo,-4.7,-5.0,370,PLACED,80dbe7ef-32d8-4067-b7f8-c91d6a2a853c,True,False,-0.6100000000005821,SL,-3.8999999999994177,-3.639999999999418
s100_m3_combo,SELL,2026-08-27 07:56:00+00:00,4602.34,4604.71,4596.41,2026-08-27 08:02:00+00:00,4604.71,SL,-2.37,2.37,-1.0,7,False,S100_OB_SHORT,SL,-2.369999999999891,s100,s100_m3_combo,-2.819999999999891,-3.12,371,entry_drift,4537b187-15cd-458f-b896-feabfda23412,True,False,1.0799999999999272,REJ,,
s100_m3_combo,SELL,2026-08-27 08:24:00+00:00,4603.41,4606.69,4595.22,2026-08-27 08:44:00+00:00,4595.22,TP,8.19,3.28,2.497,8,False,S100_OB_SHORT,TP,8.1899999999996,s100,s100_m3_combo,7.7399999999996,7.44,372,metaapi_rejection,d4cca68b-3f28-4bbe-8583-add3cefcd427,True,False,0.31999999999970896,TP,7.869999999999891,7.869999999999891
s100_m3_combo,SELL,2026-08-27 13:16:00+00:00,4587.15,4590.21,4579.52,2026-08-27 13:26:00+00:00,4590.21,SL,-3.06,3.06,-1.0,13,False,S100_OB_SHORT,SL,-3.0600000000004,s100,s100_m3_combo,-3.5100000000004004,-3.81,373,entry_drift,d3a7e33e-79d7-4d74-8122-97bb1291b361,True,False,1.1599999999998545,REJ,,
s100_m3_combo,SELL,2026-08-27 15:27:00+00:00,4592.2,4594.63,4586.14,2026-08-27 15:28:00+00:00,4594.63,SL,-2.43,2.43,-1.0,15,False,S100_FVG_SHORT,SL,-2.430000000000291,s100,s100_m3_combo,-2.880000000000291,-3.18,374,PLACED,dc69f287-03ad-4ac3-a53d-7249cb59a27a,True,False,0.25,SL,-2.940000000000291,-2.680000000000291
s100_m3_combo,BUY,2026-08-27 15:53:00+00:00,4607.91,4603.36,4619.3,2026-08-27 16:18:00+00:00,4603.36,SL,-4.55,4.55,-1.0,15,False,S100_RSI3_MOMO_LONG,SL,-4.550000000000182,s100,s100_m3_combo,-5.000000000000182,-5.3,375,entry_drift,ced66c6e-9c1c-453b-871f-83db1d22ce86,True,False,1.1199999999998909,REJ,,
s100_m3_combo,SELL,2026-08-28 01:48:00+00:00,4579.36,4583.27,4569.58,2026-08-28 01:51:00+00:00,4583.27,SL,-3.91,3.91,-1.0,1,False,S100_OB_SHORT,SL,-3.910000000000764,s100,s100_m3_combo,-4.360000000000764,-4.66,376,PLACED,ba95b64b-5f75-404c-a906-756649ea0be2,True,False,-0.8800000000001091,SL,-3.2900000000006546,-3.030000000000655
s100_m3_combo,SELL,2026-08-28 01:55:00+00:00,4578.23,4584.03,4563.74,2026-08-28 02:24:00+00:00,4584.03,SL,-5.8,5.8,-1.0,1,False,S100_OB_SHORT,SL,-5.800000000000182,s100,s100_m3_combo,-6.250000000000182,-6.55,377,PLACED,5f9e5d0c-f2e0-46e3-96f1-ef532f6dfba7,True,False,1.1499999999996362,REJ,,
s100_m3_combo,SELL,2026-08-28 03:15:00+00:00,4585.44,4587.83,4579.49,2026-08-28 03:17:00+00:00,4587.83,SL,-2.39,2.39,-1.0,3,False,S100_OB_SHORT,SL,-2.3900000000003274,s100,s100_m3_combo,-2.8400000000003276,-3.14,378,PLACED,a20868e5-b37b-461a-af14-6a994ddf449a,True,False,-0.5500000000001819,SL,-2.1000000000001453,-1.8400000000001455
s100_m3_combo,SELL,2026-08-28 03:41:00+00:00,4581.81,4584.82,4574.27,2026-08-28 04:25:00+00:00,4584.82,SL,-3.01,3.01,-1.0,3,False,S100_RSI3_MOMO_SHORT,SL,-3.009999999999309,s100,s100_m3_combo,-3.459999999999309,-3.76,379,PLACED,c04fafa2-faea-4e5f-89df-80f6b9abd99d,True,False,0.8000000000001819,REJ,,
s100_m3_combo,SELL,2026-08-28 04:42:00+00:00,4579.69,4581.49,4575.21,2026-08-28 04:48:00+00:00,4581.49,SL,-1.8,1.8,-1.0,4,False,S100_FVG_SHORT,SL,-1.800000000000182,s100,s100_m3_combo,-2.250000000000182,-2.55,381,PLACED,8366e2a2-7438-4c74-991f-f6d44499231d,True,False,0.6699999999991633,REJ,,
s100_m3_combo,SELL,2026-08-28 05:42:00+00:00,4576.31,4578.21,4571.58,2026-08-28 06:08:00+00:00,4578.21,SL,-1.9,1.9,-1.0,5,False,S100_FVG_SHORT,SL,-1.899999999999636,s100,s100_m3_combo,-2.3499999999996364,-2.65,383,soft_daily_brake,31260bc2-8d02-474b-8917-486efa6d00ef,True,False,3.0900000000001455,REJ,,
s100_m3_combo,BUY,2026-08-28 07:00:00+00:00,4608.44,4605.74,4615.18,2026-08-28 07:01:00+00:00,4605.74,SL,-2.7,2.7,-1.0,7,False,S100_FVG_LONG,SL,-2.699999999999818,s100,s100_m3_combo,-3.1499999999998183,-3.45,385,soft_daily_brake,ad2a9f3b-683f-47a1-ac7e-6b0d40db40e5,True,False,-1.319999999999709,SL,-1.6400000000001091,-1.3800000000001091
s100_m3_combo,BUY,2026-08-28 07:24:00+00:00,4607.29,4603.83,4615.93,2026-08-28 08:36:00+00:00,4610.965,TIME,3.675,3.46,1.0621,7,False,S100_FVG_LONG,TIME,2.699999999999818,s100,s100_m3_combo,2.249999999999818,2.925,386,soft_daily_brake,54ea43b8-6185-45e6-87d8-0fae07606ae8,True,False,1.2899999999999636,REJ,,
s100_m3_combo,BUY,2026-08-28 08:56:00+00:00,4603.48,4601.82,4607.62,2026-08-28 08:58:00+00:00,4601.82,SL,-1.66,1.66,-1.0,8,False,S100_OB_LONG,SL,-1.6599999999998545,s100,s100_m3_combo,-2.1099999999998547,-2.41,389,soft_daily_brake,5b373dae-ff9f-44dc-ac1b-90353f416543,True,False,-0.20999999999912689,SL,-1.7100000000007276,-1.4500000000007276
s100_m3_combo,SELL,2026-08-31 01:03:00+00:00,4456.76,4464.63,4437.07,2026-08-31 01:10:00+00:00,4437.07,TP,19.69,7.87,2.5019,1,False,S100_FVG_SHORT,TP,19.69000000000051,s100,s100_m3_combo,19.24000000000051,18.94,390,PLACED,4ef91c61-a597-401a-9dba-00a2e6a088bb,True,False,-2.3099999999994907,TP,22.0,22.0
s100_m3_combo,SELL,2026-08-31 01:14:00+00:00,4443.69,4454.05,4417.8,2026-08-31 01:22:00+00:00,4454.05,SL,-10.36,10.36,-1.0,1,False,S100_FVG_SHORT,SL,-10.360000000000582,s100,s100_m3_combo,-10.81000000000058,-11.11,391,PLACED,18f85144-6139-46e5-92da-96dc89080093,True,False,-1.0900000000001455,SL,-9.530000000000436,-9.270000000000437
s100_m3_combo,SELL,2026-08-31 01:55:00+00:00,4445.02,4451.19,4429.59,2026-08-31 02:02:00+00:00,4429.59,TP,15.43,6.17,2.5008,1,False,S100_FVG_SHORT,TP,15.430000000000293,s100,s100_m3_combo,14.980000000000292,14.68,392,PLACED,dd9784d6-2936-4205-b030-f615573fa8bc,True,False,0.11000000000058208,TP,15.319999999999709,15.319999999999709
s100_m3_combo,SELL,2026-08-31 02:08:00+00:00,4430.6,4441.2,4404.09,2026-08-31 02:40:00+00:00,4404.09,TP,26.51,10.6,2.5009,2,False,S100_FVG_SHORT,TP,26.51000000000022,s100,s100_m3_combo,26.06000000000022,25.76,393,PLACED,a5466b22-701d-46e9-aa8f-ee909e0e8a41,True,False,-0.4600000000000364,TP,26.970000000000255,26.970000000000255
s100_m3_combo,SELL,2026-08-31 02:43:00+00:00,4407.09,4412.07,4394.64,2026-08-31 02:51:00+00:00,4412.07,SL,-4.98,4.98,-1.0,2,False,S100_OB_SHORT,SL,-4.979999999999563,s100,s100_m3_combo,-5.429999999999564,-5.73,396,entry_drift,c3b0e71b-5bc6-4fa1-ae3c-65dcd370be16,True,False,1.9600000000000364,REJ,,
s100_m3_combo,SELL,2026-08-31 03:37:00+00:00,4425.18,4427.23,4420.03,2026-08-31 03:39:00+00:00,4420.03,TP,5.15,2.05,2.5122,3,False,S100_FVG_SHORT,TP,5.150000000000546,s100,s100_m3_combo,4.7000000000005455,4.4,397,entry_drift,8b02346d-ffb5-4309-8ab8-7599ab89ae57,True,False,1.6700000000000728,REJ,,
s100_m3_combo,SELL,2026-08-31 04:00:00+00:00,4422.93,4424.71,4418.46,2026-08-31 04:05:00+00:00,4418.46,TP,4.47,1.78,2.5112,4,False,S100_FVG_SHORT,TP,4.470000000000255,s100,s100_m3_combo,4.0200000000002545,3.72,398,entry_drift,9e6bee34-3bca-4f0b-b9d5-8498e6085834,True,False,2.9400000000005093,REJ,,
s100_m3_combo,SELL,2026-08-31 04:35:00+00:00,4417.65,4420.1,4411.51,2026-08-31 04:37:00+00:00,4420.1,SL,-2.45,2.45,-1.0,4,False,S100_OB_SHORT,SL,-2.4500000000007276,s100,s100_m3_combo,-2.900000000000728,-3.2,399,PLACED,2a821841-ff84-4e4e-82c5-9f31d97f3e21,True,False,-0.3500000000003638,SL,-2.3600000000003636,-2.100000000000364
s100_m3_combo,SELL,2026-08-31 06:18:00+00:00,4435.53,4439.02,4426.8,2026-08-31 06:21:00+00:00,4439.02,SL,-3.49,3.49,-1.0,6,False,S100_FVG_SHORT,SL,-3.490000000000691,s100,s100_m3_combo,-3.9400000000006914,-4.24,400,PLACED,24bb80fa-09ae-4bdc-a372-0e5b72e7a994,True,False,-0.3100000000004002,SL,-3.440000000000291,-3.180000000000291
s100_m3_combo,SELL,2026-08-31 06:33:00+00:00,4433.35,4438.67,4420.07,2026-08-31 06:39:00+00:00,4438.67,SL,-5.32,5.32,-1.0,6,False,S100_OB_SHORT,SL,-5.319999999999709,s100,s100_m3_combo,-5.769999999999709,-6.07,401,open_position_cap,55f5f695-c723-4a56-820e-0eba348cf9d1,True,False,-2.5499999999992724,SL,-3.0300000000004363,-2.7700000000004366
s100_m3_combo,SELL,2026-08-31 07:18:00+00:00,4437.82,4439.68,4433.17,2026-08-31 07:19:00+00:00,4439.68,SL,-1.86,1.86,-1.0,7,False,S100_OB_SHORT,SL,-1.860000000000582,s100,s100_m3_combo,-2.3100000000005823,-2.6100000000000003,402,metaapi_rejection,f0dffd08-b7f1-40b3-b19e-c4546ea60b9c,True,False,-1.6400000000003274,SL,-0.48000000000025467,-0.22000000000025466
s100_m3_combo,BUY,2026-08-31 07:30:00+00:00,4443.62,4440.55,4451.31,2026-08-31 08:12:00+00:00,4440.55,SL,-3.07,3.07,-1.0,7,False,S100_FVG_LONG,SL,-3.069999999999709,s100,s100_m3_combo,-3.519999999999709,-3.82,403,PLACED,138349e7-9859-4660-a087-fa2031f3fb33,True,False,1.0399999999999636,REJ,,
s100_m3_combo,BUY,2026-08-31 13:16:00+00:00,4442.93,4438.8,4453.24,2026-08-31 13:32:00+00:00,4438.8,SL,-4.13,4.13,-1.0,13,False,S100_FVG_LONG,SL,-4.130000000000109,s100,s100_m3_combo,-4.580000000000109,-4.88,406,PLACED,15aca6c3-e6a6-4974-bd3b-99a3bdc373b7,True,False,0.42999999999938154,SL,-4.8199999999994905,-4.559999999999491
s100_m3_combo,SELL,2026-08-31 14:54:00+00:00,4432.92,4436.16,4424.82,2026-08-31 14:56:00+00:00,4436.16,SL,-3.24,3.24,-1.0,14,False,S100_OB_SHORT,SL,-3.2399999999997817,s100,s100_m3_combo,-3.689999999999782,-3.99,407,PLACED,b67bfca9-668b-4626-bfa2-3ba928474c3d,True,False,0.6199999999998909,REJ,,
s100_m3_combo,SELL,2026-09-01 02:48:00+00:00,4434.72,4437.16,4428.6,2026-09-01 02:53:00+00:00,4437.16,SL,-2.44,2.44,-1.0,2,False,S100_OB_SHORT,SL,-2.4399999999996,s100,s100_m3_combo,-2.8899999999996,-3.19,409,PLACED,a078ac48-1b41-480f-8c90-50d25f2deeb6,True,False,-0.7100000000000364,SL,-1.9899999999995635,-1.7299999999995634
s100_m3_combo,SELL,2026-09-01 03:27:00+00:00,4435.02,4438.32,4426.78,2026-09-01 03:41:00+00:00,4438.32,SL,-3.3,3.3,-1.0,3,False,S100_FVG_SHORT,SL,-3.2999999999992724,s100,s100_m3_combo,-3.7499999999992726,-4.05,410,PLACED,045e1be9-aebc-4717-a81b-d566a0e2279b,True,False,-0.9299999999993815,SL,-2.6299999999998906,-2.369999999999891
s100_m3_combo,SELL,2026-09-01 04:17:00+00:00,4433.21,4436.21,4425.71,2026-09-01 04:46:00+00:00,4425.71,TP,7.5,3.0,2.5,4,False,S100_FVG_SHORT,TIME,6.824999999999818,s100,s100_m3_combo,6.374999999999818,6.75,411,PLACED,5e106d80-4b71-43a8-8f84-802c10785f98,True,False,1.6199999999998909,REJ,,
s100_m3_combo,SELL,2026-09-01 05:23:00+00:00,4426.49,4429.3,4419.46,2026-09-01 05:30:00+00:00,4429.3,SL,-2.81,2.81,-1.0,5,False,S100_RSI3_MOMO_SHORT,SL,-2.8100000000004,s100,s100_m3_combo,-3.2600000000004004,-3.56,414,metaapi_rejection,062c1227-9a6a-4511-b144-079fac4f2e38,True,False,0.0500000000001819,SL,-3.120000000000582,-2.860000000000582
s100_m3_combo,SELL,2026-09-01 06:06:00+00:00,4438.15,4440.9,4431.29,2026-09-01 06:22:00+00:00,4431.29,TP,6.86,2.75,2.4945,6,False,S100_FVG_SHORT,TP,6.859999999999673,s100,s100_m3_combo,6.409999999999672,6.11,415,entry_drift,bb7f448d-2191-4939-a190-6e7796021396,True,False,1.6700000000000728,REJ,,
s100_m3_combo,SELL,2026-09-01 06:55:00+00:00,4430.9,4433.6,4424.15,2026-09-01 07:02:00+00:00,4433.6,SL,-2.7,2.7,-1.0,6,False,S100_FVG_SHORT,SL,-2.7000000000007276,s100,s100_m3_combo,-3.150000000000728,-3.45,418,open_position_cap,a918f3ec-8a92-4695-9e38-671d96077288,True,False,0.10999999999967258,SL,-3.0700000000004,-2.8100000000004
s100_m3_combo,SELL,2026-09-01 07:21:00+00:00,4431.23,4433.9,4424.58,2026-09-01 07:30:00+00:00,4424.58,TP,6.65,2.67,2.4906,7,False,S100_OB_SHORT,TP,6.649999999999636,s100,s100_m3_combo,6.199999999999636,5.9,419,open_position_cap,c9b61d22-0ea9-4631-9ac2-3cb894754777,True,False,-0.8100000000004002,TP,7.460000000000036,7.460000000000036
s100_m3_combo,SELL,2026-09-01 07:38:00+00:00,4420.39,4424.18,4410.92,2026-09-01 08:04:00+00:00,4410.92,TP,9.47,3.79,2.4987,7,False,S100_RSI3_MOMO_SHORT,TP,9.470000000000256,s100,s100_m3_combo,9.020000000000255,8.72,420,PLACED,9543d0be-be56-4a1d-b6cb-661132200731,True,False,-0.75,TP,10.220000000000255,10.220000000000255
s100_m3_combo,SELL,2026-09-01 08:13:00+00:00,4405.93,4411.89,4391.0,2026-09-01 08:23:00+00:00,4391.0,TP,14.93,5.96,2.505,8,False,S100_FVG_SHORT,TP,14.930000000000293,s100,s100_m3_combo,14.480000000000292,14.18,422,PLACED,09bbd8f5-7ded-4f98-9edf-317501fff6d7,True,False,-0.17999999999938154,TP,15.109999999999673,15.109999999999673
s100_m3_combo,SELL,2026-09-01 08:29:00+00:00,4383.19,4390.73,4364.32,2026-09-01 09:41:00+00:00,4368.19,TIME,15.0,7.54,1.9894,8,False,S100_RSI3_MOMO_SHORT,TIME,14.460000000000036,s100,s100_m3_combo,14.010000000000035,14.25,423,entry_drift,500fdbda-7357-45ea-94d8-b5ba14feb7d2,True,False,0.42999999999938154,TIME,14.030000000000655,14.030000000000655
s100_m3_combo,SELL,2026-09-01 13:24:00+00:00,4337.2,4342.0,4325.21,2026-09-01 13:28:00+00:00,4342.0,SL,-4.8,4.8,-1.0,13,False,S100_OB_SHORT,SL,-4.800000000000182,s100,s100_m3_combo,-5.250000000000182,-5.55,425,no_add_to_loser,4220c5a0-9a2e-4e4c-8921-a86c9573ca26,True,False,1.7600000000002183,REJ,,
s100_m3_combo,SELL,2026-09-01 14:51:00+00:00,4367.09,4369.97,4359.87,2026-09-01 14:54:00+00:00,4359.87,TP,7.22,2.88,2.5069,14,False,S100_OB_SHORT,TP,7.220000000000255,s100,s100_m3_combo,6.7700000000002545,6.47,426,entry_drift,8317cfdb-e518-4770-bcd0-d35389c76843,True,False,0.3400000000001455,TP,6.880000000000109,6.880000000000109
s100_m3_combo,SELL,2026-09-02 01:15:00+00:00,4325.08,4331.56,4308.87,2026-09-02 01:34:00+00:00,4308.87,TP,16.21,6.48,2.5015,1,False,S100_OB_SHORT,TP,16.210000000000036,s100,s100_m3_combo,15.760000000000035,15.46,427,PLACED,84b93d73-fe5b-4072-b2f1-c735dc7f258a,True,False,0.13000000000010914,TP,16.079999999999927,16.079999999999927
s100_m3_combo,SELL,2026-09-02 01:39:00+00:00,4309.78,4314.37,4298.3,2026-09-02 01:51:00+00:00,4298.3,TP,11.48,4.59,2.5011,1,False,S100_FVG_SHORT,TP,11.479999999999563,s100,s100_m3_combo,11.029999999999564,10.73,428,entry_drift,e62d9992-7f94-4507-b460-6368dc2c71c4,True,False,2.3299999999999272,REJ,,
s100_m3_combo,SELL,2026-09-02 02:06:00+00:00,4299.98,4305.88,4285.22,2026-09-02 02:21:00+00:00,4305.88,SL,-5.9,5.9,-1.0,2,False,S100_FVG_SHORT,SL,-5.900000000000546,s100,s100_m3_combo,-6.350000000000546,-6.65,430,PLACED,98c4b07d-85b7-4a5c-8a59-5524dbda38fa,True,False,-0.5500000000001819,SL,-5.610000000000364,-5.350000000000364
s100_m3_combo,SELL,2026-09-02 03:01:00+00:00,4303.95,4307.5,4295.1,2026-09-02 03:20:00+00:00,4295.1,TP,8.85,3.55,2.493,3,False,S100_FVG_SHORT,TP,8.849999999999454,s100,s100_m3_combo,8.399999999999455,8.1,431,PLACED,83db697a-9af8-4ef2-99ff-1f9f2e062c7a,True,False,1.6499999999996362,REJ,,
s100_m3_combo,SELL,2026-09-02 03:25:00+00:00,4295.58,4298.24,4288.93,2026-09-02 03:26:00+00:00,4298.24,SL,-2.66,2.66,-1.0,3,False,S100_FVG_SHORT,SL,-2.6599999999998545,s100,s100_m3_combo,-3.1099999999998547,-3.41,432,metaapi_rejection,11eec254-7020-49f2-9e2b-114c9317a269,True,False,-1.680000000000291,SL,-1.2399999999995635,-0.9799999999995634
s100_m3_combo,SELL,2026-09-02 03:39:00+00:00,4291.18,4294.82,4282.06,2026-09-02 03:46:00+00:00,4294.82,SL,-3.64,3.64,-1.0,3,False,S100_FVG_SHORT,SL,-3.639999999999418,s100,s100_m3_combo,-4.089999999999418,-4.390000000000001,433,PLACED,82e07bae-3e00-4e34-b318-15dad97012b2,True,False,-0.019999999999527063,SL,-3.8799999999998906,-3.619999999999891
s100_m3_combo,BUY,2026-09-02 06:17:00+00:00,4321.98,4316.99,4334.46,2026-09-02 06:37:00+00:00,4316.99,SL,-4.99,4.99,-1.0,6,False,S100_OB_LONG,SL,-4.989999999999782,s100,s100_m3_combo,-5.439999999999782,-5.74,434,entry_drift,756b676f-f8d3-488f-8da5-f8d7a7df0107,True,False,1.1200000000008004,REJ,,
s100_m3_combo,BUY,2026-09-02 06:46:00+00:00,4323.75,4320.19,4332.66,2026-09-02 06:47:00+00:00,4320.19,SL,-3.56,3.56,-1.0,6,False,S100_FVG_LONG,SL,-3.5600000000004,s100,s100_m3_combo,-4.0100000000004,-4.3100000000000005,435,PLACED,dd1b0777-305e-4bcc-a070-8ba46f551344,True,False,-2.399999999999636,SL,-1.420000000000764,-1.160000000000764
s100_m3_combo,BUY,2026-09-02 07:15:00+00:00,4325.66,4321.76,4335.42,2026-09-02 07:50:00+00:00,4321.76,SL,-3.9,3.9,-1.0,7,False,S100_FVG_LONG,SL,-3.899999999999636,s100,s100_m3_combo,-4.349999999999636,-4.65,436,entry_drift,5d5c6452-608f-4c80-9e59-9ce47241b9d2,True,False,1.4400000000005093,REJ,,
s100_m3_combo,BUY,2026-09-02 08:21:00+00:00,4324.62,4320.42,4335.13,2026-09-02 08:35:00+00:00,4320.42,SL,-4.2,4.2,-1.0,8,False,S100_OB_LONG,SL,-4.199999999999818,s100,s100_m3_combo,-4.649999999999818,-4.95,438,entry_drift,ae24e07c-8a13-4dcf-8985-9695e7e37203,True,False,1.4400000000005093,REJ,,
s100_m3_combo,BUY,2026-09-02 08:42:00+00:00,4324.66,4321.96,4331.41,2026-09-02 08:44:00+00:00,4321.96,SL,-2.7,2.7,-1.0,8,False,S100_FVG_LONG,SL,-2.699999999999818,s100,s100_m3_combo,-3.1499999999998183,-3.45,439,PLACED,76f54090-33e7-4689-b9c2-e9e9c4d8e964,True,False,-0.75,SL,-2.209999999999818,-1.949999999999818
s100_m3_combo,BUY,2026-09-02 14:18:00+00:00,4385.1,4382.66,4391.21,2026-09-02 14:19:00+00:00,4391.21,TP,6.11,2.44,2.5041,14,False,S100_OB_LONG,TP,6.109999999999673,s100,s100_m3_combo,5.659999999999672,5.36,440,entry_drift,08536e6b-5252-43cc-b464-434211a6c441,True,False,4.779999999999745,REJ,,
s100_m3_combo,BUY,2026-09-03 01:15:00+00:00,4400.52,4395.56,4412.92,2026-09-03 01:24:00+00:00,4395.56,SL,-4.96,4.96,-1.0,1,False,S100_FVG_LONG,SL,-4.960000000000036,s100,s100_m3_combo,-5.410000000000037,-5.71,442,entry_drift,f730b83b-06fa-4aa4-9090-8e5a06603fd3,True,False,1.8799999999991996,REJ,,
s100_m3_combo,BUY,2026-09-03 01:41:00+00:00,4404.44,4400.93,4413.21,2026-09-03 01:43:00+00:00,4400.93,SL,-3.51,3.51,-1.0,1,False,S100_FVG_LONG,SL,-3.509999999999309,s100,s100_m3_combo,-3.959999999999309,-4.26,443,PLACED,7f7333d1-13b5-40fb-abc3-7ba19ed7768a,True,False,0.33000000000083674,SL,-4.100000000000145,-3.8400000000001455
s100_m3_combo,BUY,2026-09-03 01:59:00+00:00,4410.57,4405.44,4423.41,2026-09-03 03:04:00+00:00,4423.41,TP,12.84,5.13,2.5029,1,False,S100_RSI3_MOMO_LONG,TP,12.840000000000146,s100,s100_m3_combo,12.390000000000146,12.09,444,PLACED,0712bcda-c995-42a3-8693-274d877abebd,True,False,0.030000000000654836,TP,12.80999999999949,12.80999999999949
s100_m3_combo,BUY,2026-09-03 03:09:00+00:00,4424.26,4421.22,4431.86,2026-09-03 03:30:00+00:00,4431.86,TP,7.6,3.04,2.5,3,False,S100_FVG_LONG,TP,7.599999999999454,s100,s100_m3_combo,7.149999999999454,6.85,447,entry_drift,43e3333f-c742-447f-a447-c4586c5c5a03,True,False,1.1700000000000728,REJ,,
s100_m3_combo,BUY,2026-09-03 03:36:00+00:00,4429.48,4427.18,4435.21,2026-09-03 03:44:00+00:00,4427.18,SL,-2.3,2.3,-1.0,3,False,S100_FVG_LONG,SL,-2.2999999999992724,s100,s100_m3_combo,-2.7499999999992726,-3.05,449,PLACED,1134ed3f-c060-4a60-9a85-64ba120132d6,True,False,1.1500000000005457,REJ,,
s100_m3_combo,BUY,2026-09-03 04:05:00+00:00,4426.65,4424.98,4430.84,2026-09-03 04:08:00+00:00,4430.84,TP,4.19,1.67,2.509,4,False,S100_OB_LONG,TP,4.190000000000509,s100,s100_m3_combo,3.740000000000509,3.4400000000000004,450,entry_drift,4925f97d-f2ab-4c8a-8d5f-e00102312de0,True,False,0.25,TP,3.9400000000005093,3.9400000000005093
s100_m3_combo,BUY,2026-09-03 04:13:00+00:00,4432.24,4428.17,4442.42,2026-09-03 05:15:00+00:00,4428.17,SL,-4.07,4.07,-1.0,4,False,S100_FVG_LONG,SL,-4.069999999999709,s100,s100_m3_combo,-4.519999999999709,-4.82,451,PLACED,5729cc2c-2f09-409b-b4b0-6ddafc1f01c8,True,False,-0.5199999999995271,SL,-3.8100000000001817,-3.550000000000182
s100_m3_combo,BUY,2026-09-03 05:36:00+00:00,4426.81,4422.84,4436.73,2026-09-03 05:50:00+00:00,4436.73,TP,9.92,3.97,2.4987,5,False,S100_OB_LONG,TP,9.919999999999163,s100,s100_m3_combo,9.469999999999164,9.17,454,PLACED,4a6236ad-b032-42c0-bea6-1287cc0ea8e8,True,False,0.7699999999995271,REJ,,
s100_m3_combo,BUY,2026-09-03 06:11:00+00:00,4428.56,4426.08,4434.79,2026-09-03 06:12:00+00:00,4426.08,SL,-2.48,2.48,-1.0,6,False,S100_OB_LONG,SL,-2.480000000000473,s100,s100_m3_combo,-2.930000000000473,-3.23,455,metaapi_rejection,14da909c-4073-44e7-b807-07c3bc62c077,True,False,-2.2600000000002183,SL,-0.48000000000025467,-0.22000000000025466
s100_m3_combo,BUY,2026-09-03 06:47:00+00:00,4427.36,4423.24,4437.66,2026-09-03 06:53:00+00:00,4423.24,SL,-4.12,4.12,-1.0,6,False,S100_RSI3_MOMO_LONG,SL,-4.119999999999891,s100,s100_m3_combo,-4.569999999999891,-4.87,456,PLACED,425fd2e5-6cd6-46f1-acd6-8ec77535c08d,True,False,0.36999999999989086,SL,-4.7499999999997815,-4.489999999999782
s100_m3_combo,BUY,2026-09-03 07:08:00+00:00,4425.31,4422.79,4431.6,2026-09-03 07:13:00+00:00,4422.79,SL,-2.52,2.52,-1.0,7,False,S100_FVG_LONG,SL,-2.520000000000437,s100,s100_m3_combo,-2.9700000000004367,-3.27,457,PLACED,fe35f809-7dd7-4531-9665-13c718dce99e,True,False,-0.7400000000006912,SL,-2.039999999999745,-1.7799999999997453
s100_m3_combo,BUY,2026-09-03 07:35:00+00:00,4424.86,4421.36,4433.63,2026-09-03 08:03:00+00:00,4433.63,TP,8.77,3.5,2.5057,7,False,S100_OB_LONG,TP,8.770000000000437,s100,s100_m3_combo,8.320000000000437,8.02,458,entry_drift,0b9e39a9-02d8-4a59-9fa1-b2a0db1b1935,True,False,1.8100000000004002,REJ,,
s100_m3_combo,BUY,2026-09-03 08:51:00+00:00,4437.37,4433.93,4445.96,2026-09-03 09:21:00+00:00,4433.93,SL,-3.44,3.44,-1.0,8,False,S100_FVG_LONG,SL,-3.4399999999996,s100,s100_m3_combo,-3.8899999999996,-4.1899999999999995,459,PLACED,4bfda8d0-e1f1-4ded-b614-33198221d429,True,False,-1.7899999999999636,SL,-1.9099999999996362,-1.6499999999996362
s100_m3_combo,BUY,2026-09-03 13:00:00+00:00,4490.87,4486.31,4502.27,2026-09-03 13:07:00+00:00,4486.31,SL,-4.56,4.56,-1.0,13,False,S100_FVG_LONG,SL,-4.559999999999491,s100,s100_m3_combo,-5.009999999999491,-5.31,460,soft_daily_brake,c6a9d6e8-aa14-454b-b6de-95e2163741cd,True,False,1.230000000000473,REJ,,
s100_m3_combo,BUY,2026-09-03 14:00:00+00:00,4460.3,4458.3,4465.28,2026-09-03 14:01:00+00:00,4465.28,TP,4.98,2.0,2.49,14,False,S100_OB_LONG,TP,4.979999999999563,s100,s100_m3_combo,4.529999999999563,4.23,461,soft_daily_brake,a4547b51-b40d-4e81-8556-485e65b0963b,True,False,3.3299999999999272,REJ,,
s100_m3_combo,BUY,2026-09-03 14:22:00+00:00,4473.89,4468.51,4487.33,2026-09-03 14:40:00+00:00,4468.51,SL,-5.38,5.38,-1.0,14,False,S100_FVG_LONG,SL,-5.380000000000109,s100,s100_m3_combo,-5.830000000000109,-6.13,462,soft_daily_brake,be7f5d0d-d426-4c45-b375-960c50cd4bc6,True,False,-0.18000000000029104,SL,-5.459999999999818,-5.199999999999818
s100_m3_combo,BUY,2026-09-03 14:49:00+00:00,4473.77,4468.12,4487.91,2026-09-03 15:01:00+00:00,4487.91,TP,14.14,5.65,2.5027,14,False,S100_OB_LONG,TP,14.139999999999418,s100,s100_m3_combo,13.68999999999942,13.39,463,soft_daily_brake,c9ce11fa-42bd-4297-b51a-8b72211659a5,True,False,2.3299999999999272,REJ,,
s100_m3_combo,BUY,2026-09-03 15:10:00+00:00,4496.71,4492.16,4508.1,2026-09-03 15:19:00+00:00,4508.1,TP,11.39,4.55,2.5033,15,False,S100_FVG_LONG,TP,11.390000000000327,s100,s100_m3_combo,10.940000000000328,10.64,464,soft_daily_brake,c6fd21a8-77dc-419a-b7a8-7a0c24ad7e36,True,False,0.6899999999995998,REJ,,
s100_m3_combo,BUY,2026-09-03 15:32:00+00:00,4501.63,4495.87,4516.03,2026-09-03 15:39:00+00:00,4495.87,SL,-5.76,5.76,-1.0,15,False,S100_OB_LONG,SL,-5.760000000000218,s100,s100_m3_combo,-6.2100000000002185,-6.51,465,soft_daily_brake,2cb58f3b-f750-4c17-ab8c-173f1dff6899,True,False,0.26999999999952706,SL,-6.289999999999745,-6.029999999999745
s100_m3_combo,SELL,2026-09-04 01:30:00+00:00,4471.9,4476.76,4459.72,2026-09-04 01:37:00+00:00,4476.76,SL,-4.86,4.86,-1.0,1,False,S100_FVG_SHORT,SL,-4.860000000000582,s100,s100_m3_combo,-5.310000000000582,-5.61,466,PLACED,87b5389b-d45f-401f-8490-18243b06e0e0,True,False,0.42000000000007276,SL,-5.540000000000655,-5.280000000000655
s100_m3_combo,SELL,2026-09-04 02:24:00+00:00,4477.07,4478.91,4472.46,2026-09-04 02:28:00+00:00,4472.46,TP,4.61,1.84,2.5054,2,False,S100_FVG_SHORT,TP,4.609999999999673,s100,s100_m3_combo,4.159999999999672,3.86,468,PLACED,9f6354e5-6b24-4ea2-8af3-52a5c56a1c54,True,False,0.1499999999996362,TP,4.460000000000036,4.460000000000036
s100_m3_combo,SELL,2026-09-04 02:28:00+00:00,4474.04,4477.75,4464.76,2026-09-04 02:51:00+00:00,4477.75,SL,-3.71,3.71,-1.0,2,False,S100_RSI3_MOMO_SHORT,SL,-3.710000000000037,s100,s100_m3_combo,-4.160000000000037,-4.46,469,open_position_cap,cd29856e-b38f-47ed-9e57-73ccd3457b06,True,False,1.6000000000003638,REJ,,
s100_m3_combo,SELL,2026-09-04 03:50:00+00:00,4470.2,4472.93,4463.38,2026-09-04 04:30:00+00:00,4472.93,SL,-2.73,2.73,-1.0,3,False,S100_FVG_SHORT,SL,-2.730000000000473,s100,s100_m3_combo,-3.180000000000473,-3.48,472,entry_drift,a2d5ae39-3471-464b-98eb-14e3a6c465e8,True,False,1.0399999999999636,REJ,,
s100_m3_combo,SELL,2026-09-04 05:12:00+00:00,4469.06,4472.28,4460.99,2026-09-04 05:17:00+00:00,4472.28,SL,-3.22,3.22,-1.0,5,False,S100_OB_SHORT,SL,-3.219999999999345,s100,s100_m3_combo,-3.669999999999346,-3.97,475,entry_drift,f40b55a7-f617-49b2-9554-2c8b71cc58bf,True,False,0.9600000000000364,REJ,,
s100_m3_combo,SELL,2026-09-04 05:58:00+00:00,4471.11,4473.29,4465.68,2026-09-04 06:01:00+00:00,4473.29,SL,-2.18,2.18,-1.0,5,False,S100_OB_SHORT,SL,-2.180000000000291,s100,s100_m3_combo,-2.630000000000291,-2.93,476,PLACED,c6ea472c-6f41-4a38-bab7-6055660c027a,True,False,-0.8100000000004002,SL,-1.6299999999998909,-1.3699999999998909
s100_m3_combo,SELL,2026-09-04 13:15:00+00:00,4394.93,4407.32,4363.93,2026-09-04 13:25:00+00:00,4407.32,SL,-12.39,12.39,-1.0,13,False,S100_FVG_SHORT,SL,-12.389999999999418,s100,s100_m3_combo,-12.839999999999415,-13.14,478,PLACED,7ae62663-d168-4cf5-8e73-14d832de50a0,True,False,-1.889999999999418,SL,-10.76,-10.5
s100_m3_combo,SELL,2026-09-04 14:05:00+00:00,4421.9,4426.75,4409.76,2026-09-04 14:09:00+00:00,4426.75,SL,-4.85,4.85,-1.0,14,False,S100_OB_SHORT,SL,-4.850000000000364,s100,s100_m3_combo,-5.300000000000364,-5.6,479,PLACED,259ad039-0706-4bd0-b39b-2522ffd4d998,True,False,1.0599999999994907,REJ,,
s100_m3_combo,SELL,2026-09-04 14:57:00+00:00,4425.43,4429.61,4414.96,2026-09-04 14:59:00+00:00,4429.61,SL,-4.18,4.18,-1.0,14,False,S100_OB_SHORT,SL,-4.1799999999993815,s100,s100_m3_combo,-4.629999999999382,-4.93,480,soft_daily_brake,b493e97c-a52b-4e98-a480-54f2cd0906fc,True,False,1.5600000000004002,REJ,,
s100_m3_combo,SELL,2026-09-07 01:05:00+00:00,4410.27,4414.84,4398.86,2026-09-07 01:13:00+00:00,4398.86,TP,11.41,4.57,2.4967,1,False,S100_RSI3_MOMO_SHORT,TP,11.410000000000764,s100,s100_m3_combo,10.960000000000765,10.66,481,PLACED,558f323d-1824-48ba-8301-18ec4634cb21,True,False,1.6000000000003638,REJ,,
s100_m3_combo,SELL,2026-09-07 01:39:00+00:00,4412.78,4415.24,4406.64,2026-09-07 01:52:00+00:00,4415.24,SL,-2.46,2.46,-1.0,1,False,S100_OB_SHORT,SL,-2.4600000000000364,s100,s100_m3_combo,-2.910000000000037,-3.21,482,PLACED,92877efd-490a-46f3-a9e5-f4a0c6f7b11e,True,False,0.06999999999970896,SL,-2.789999999999745,-2.5299999999997453
s100_m3_combo,SELL,2026-09-07 03:04:00+00:00,4409.43,4411.51,4404.23,2026-09-07 03:42:00+00:00,4404.23,TP,5.2,2.08,2.5,3,False,S100_FVG_SHORT,TP,5.200000000000728,s100,s100_m3_combo,4.750000000000727,4.45,483,PLACED,55654a97-7934-42e1-a77e-58fb65615df4,True,False,0.8900000000003274,REJ,,
s100_m3_combo,SELL,2026-09-07 04:27:00+00:00,4402.2,4403.89,4397.98,2026-09-07 04:34:00+00:00,4397.98,TP,4.22,1.69,2.497,4,False,S100_FVG_SHORT,TP,4.220000000000255,s100,s100_m3_combo,3.7700000000002545,3.47,485,PLACED,a19222ac-39f5-4166-a7f2-66d78feab2fc,True,False,0.47000000000025466,REJ,,
s100_m3_combo,SELL,2026-09-07 04:43:00+00:00,4397.35,4400.12,4390.43,2026-09-07 05:01:00+00:00,4400.12,SL,-2.77,2.77,-1.0,4,False,S100_FVG_SHORT,SL,-2.769999999999527,s100,s100_m3_combo,-3.2199999999995272,-3.52,486,PLACED,ede6f689-e7fa-402e-84de-5b8b522a0ad7,True,False,0.8700000000008004,REJ,,
s100_m3_combo,SELL,2026-09-07 07:00:00+00:00,4394.02,4396.71,4387.28,2026-09-07 07:02:00+00:00,4396.71,SL,-2.69,2.69,-1.0,7,False,S100_FVG_SHORT,SL,-2.6899999999996,s100,s100_m3_combo,-3.1399999999996,-3.44,487,PLACED,fcb5b9fc-67e6-46ab-a8c7-6ce0787766ff,True,False,-0.12999999999919964,SL,-2.8200000000004,-2.5600000000004
s100_m3_combo,SELL,2026-09-07 07:35:00+00:00,4397.48,4399.95,4391.28,2026-09-07 07:51:00+00:00,4399.95,SL,-2.47,2.47,-1.0,7,False,S100_OB_SHORT,SL,-2.4700000000002547,s100,s100_m3_combo,-2.920000000000255,-3.22,488,PLACED,3b97bd48-ea0d-45a4-b14a-36175e74a591,True,False,-0.3600000000005821,SL,-2.3699999999996724,-2.1099999999996726
s100_m3_combo,BUY,2026-09-07 08:36:00+00:00,4419.03,4416.29,4425.88,2026-09-07 08:39:00+00:00,4416.29,SL,-2.74,2.74,-1.0,8,False,S100_OB_LONG,SL,-2.7399999999997817,s100,s100_m3_combo,-3.189999999999782,-3.49,490,entry_drift,13d7d9aa-2ac8-432d-8b18-ab6ee6b702e6,True,False,0.8800000000001091,REJ,,
s100_m3_combo,BUY,2026-09-07 13:48:00+00:00,4405.61,4402.3,4413.88,2026-09-07 13:57:00+00:00,4402.3,SL,-3.31,3.31,-1.0,13,False,S100_OB_LONG,SL,-3.3099999999994907,s100,s100_m3_combo,-3.759999999999491,-4.0600000000000005,491,PLACED,64835a88-d32b-4ba8-83a7-1c24ce20bde8,True,False,-0.5999999999994543,SL,-2.970000000000036,-2.7100000000000364
s100_m3_combo,BUY,2026-09-07 14:51:00+00:00,4413.45,4411.58,4418.15,2026-09-07 14:53:00+00:00,4418.15,TP,4.7,1.87,2.5134,14,False,S100_FVG_LONG,TP,4.699999999999818,s100,s100_m3_combo,4.249999999999818,3.95,493,entry_drift,923fc790-8ce5-4fee-95c2-1b34857bca1b,True,False,1.7200000000002547,REJ,,
s100_m3_combo,BUY,2026-09-07 15:26:00+00:00,4412.41,4410.32,4417.65,2026-09-07 15:40:00+00:00,4410.32,SL,-2.09,2.09,-1.0,15,False,S100_FVG_LONG,SL,-2.0900000000001455,s100,s100_m3_combo,-2.5400000000001457,-2.84,494,PLACED,2dab5ad6-0315-453f-9224-59d6846d2fe4,True,False,0.31999999999970896,SL,-2.6699999999998543,-2.4099999999998545
s100_m3_combo,BUY,2026-09-08 01:00:00+00:00,4422.72,4419.51,4430.74,2026-09-08 01:03:00+00:00,4419.51,SL,-3.21,3.21,-1.0,1,False,S100_FVG_LONG,SL,-3.2100000000000364,s100,s100_m3_combo,-3.660000000000037,-3.96,495,entry_drift,b11e0f0c-db96-45f9-a0d4-a9448d794bb7,True,False,3.2899999999999636,REJ,,
s100_m3_combo,BUY,2026-09-08 01:51:00+00:00,4437.78,4434.74,4445.39,2026-09-08 02:03:00+00:00,4434.74,SL,-3.04,3.04,-1.0,1,False,S100_FVG_LONG,SL,-3.0399999999999636,s100,s100_m3_combo,-3.489999999999964,-3.79,496,PLACED,3c2ca382-49e8-4b04-96c7-7babb0c40f9e,True,False,-0.9200000000000728,SL,-2.3799999999998906,-2.119999999999891
s100_m3_combo,BUY,2026-09-08 03:25:00+00:00,4434.65,4430.42,4445.2,2026-09-08 04:37:00+00:00,4434.01,TIME,-0.64,4.23,-0.1513,3,False,S100_FVG_LONG,TIME,0.1550000000006548,s100,s100_m3_combo,-0.2949999999993452,-1.39,498,PLACED,75acea04-67b7-4755-a40d-523fe22d9e0c,True,False,0.28000000000065484,TIME,-0.125,-0.125
s100_m3_combo,BUY,2026-09-08 05:02:00+00:00,4437.26,4435.11,4442.62,2026-09-08 05:04:00+00:00,4435.11,SL,-2.15,2.15,-1.0,5,False,S100_RSI3_MOMO_LONG,SL,-2.1500000000005457,s100,s100_m3_combo,-2.600000000000546,-2.9,501,PLACED,f2380db5-93ab-4260-a18e-bf9f3abe4855,True,False,0.09000000000014552,SL,-2.500000000000691,-2.240000000000691
s100_m3_combo,BUY,2026-09-08 05:43:00+00:00,4425.3,4422.97,4431.12,2026-09-08 05:50:00+00:00,4422.97,SL,-2.33,2.33,-1.0,5,False,S100_FVG_LONG,SL,-2.3299999999999272,s100,s100_m3_combo,-2.7799999999999274,-3.08,503,PLACED,3a9ba65e-92b8-4a76-a2c4-204d17c39248,True,False,0.5100000000002183,REJ,,
s100_m3_combo,SELL,2026-09-08 06:06:00+00:00,4415.6,4419.57,4405.65,2026-09-08 06:18:00+00:00,4405.65,TP,9.95,3.97,2.5063,6,False,S100_FVG_SHORT,TP,9.950000000000728,s100,s100_m3_combo,9.500000000000728,9.2,504,entry_drift,5a352677-5a72-4fb6-816f-791d9eb63cfa,True,False,1.5600000000004002,REJ,,
s100_m3_combo,SELL,2026-09-08 07:04:00+00:00,4406.76,4409.97,4398.73,2026-09-08 07:34:00+00:00,4398.73,TP,8.03,3.21,2.5016,7,False,S100_OB_SHORT,TP,8.030000000000655,s100,s100_m3_combo,7.580000000000655,7.279999999999999,505,no_add_to_loser,231dde60-1fd9-42eb-af5f-b8255c958d07,True,False,-1.8699999999998909,TP,9.900000000000546,9.900000000000546
s100_m3_combo,SELL,2026-09-08 07:54:00+00:00,4393.12,4395.49,4387.21,2026-09-08 08:07:00+00:00,4395.49,SL,-2.37,2.37,-1.0,7,False,S100_FVG_SHORT,SL,-2.369999999999891,s100,s100_m3_combo,-2.819999999999891,-3.12,507,entry_drift,3f8963e8-831e-47f3-83a6-46d1cd414d0b,True,False,1.5799999999999272,REJ,,
s100_m3_combo,SELL,2026-09-08 13:35:00+00:00,4397.82,4403.46,4383.74,2026-09-08 13:54:00+00:00,4403.46,SL,-5.64,5.64,-1.0,13,False,S100_RSI3_MOMO_SHORT,SL,-5.640000000000327,s100,s100_m3_combo,-6.090000000000328,-6.39,509,PLACED,4e26d06d-1fba-45a5-8c25-d0cf1c5b8a13,True,False,-0.32000000000061846,SL,-5.579999999999709,-5.319999999999709
s100_m3_combo,SELL,2026-09-08 13:55:00+00:00,4406.69,4408.43,4402.35,2026-09-08 13:58:00+00:00,4402.35,TP,4.34,1.74,2.4943,13,False,S100_OB_SHORT,TP,4.339999999999236,s100,s100_m3_combo,3.889999999999236,3.59,-1,sim_only,,True,False,0.12999999999919964,TP,4.210000000000036,4.210000000000036
s100_m3_combo,SELL,2026-09-08 14:00:00+00:00,4398.65,4406.38,4379.33,2026-09-08 15:03:00+00:00,4406.38,SL,-7.73,7.73,-1.0,14,False,S100_OB_SHORT,SL,-7.730000000000473,s100,s100_m3_combo,-8.180000000000472,-8.48,511,PLACED,34b89bd8-1bd3-4192-ae00-2e367253a751,True,False,-1.0600000000004002,SL,-6.9300000000000725,-6.670000000000073
s100_m3_combo,SELL,2026-09-08 15:48:00+00:00,4398.48,4401.2,4391.69,2026-09-08 16:02:00+00:00,4391.69,TP,6.79,2.72,2.4963,15,False,S100_OB_SHORT,TP,6.789999999999964,s100,s100_m3_combo,6.339999999999963,6.04,513,entry_drift,bb19ba16-390c-4ba0-80b0-51ea51efbf5e,True,False,2.089999999999236,REJ,,
s100_m3_combo,BUY,2026-09-09 03:02:00+00:00,4379.78,4378.02,4384.17,2026-09-09 03:15:00+00:00,4378.02,SL,-1.76,1.76,-1.0,3,False,S100_FVG_LONG,SL,-1.7599999999993088,s100,s100_m3_combo,-2.209999999999309,-2.51,514,PLACED,a0fd5823-2e86-46e4-9b0e-c963a6391388,True,False,0.3100000000004002,SL,-2.3299999999997087,-2.069999999999709
s100_m3_combo,BUY,2026-09-09 03:42:00+00:00,4378.12,4376.32,4382.61,2026-09-09 03:52:00+00:00,4376.32,SL,-1.8,1.8,-1.0,3,False,S100_OB_LONG,SL,-1.800000000000182,s100,s100_m3_combo,-2.250000000000182,-2.55,515,entry_drift,b0a90fcd-584d-43f8-a1d1-eed1a36573d7,True,False,0.9499999999998181,REJ,,
s100_m3_combo,BUY,2026-09-09 04:40:00+00:00,4377.52,4375.83,4381.73,2026-09-09 04:56:00+00:00,4381.73,TP,4.21,1.69,2.4911,4,False,S100_FVG_LONG,TP,4.209999999999127,s100,s100_m3_combo,3.7599999999991263,3.46,516,PLACED,55a8bbdf-b12e-4d10-87a9-f955bebe76f0,True,False,0.3999999999996362,TP,3.8099999999994907,3.8099999999994907
s100_m3_combo,BUY,2026-09-09 06:08:00+00:00,4400.13,4398.15,4405.08,2026-09-09 06:21:00+00:00,4398.15,SL,-1.98,1.98,-1.0,6,False,S100_OB_LONG,SL,-1.980000000000473,s100,s100_m3_combo,-2.430000000000473,-2.73,518,PLACED,dca85642-1771-4046-91f3-4d05ebe54624,True,False,0.7200000000002547,REJ,,
s100_m3_combo,BUY,2026-09-09 06:40:00+00:00,4402.45,4400.59,4407.1,2026-09-09 06:43:00+00:00,4400.59,SL,-1.86,1.86,-1.0,6,False,S100_FVG_LONG,SL,-1.8599999999996728,s100,s100_m3_combo,-2.3099999999996728,-2.6100000000000003,519,PLACED,c9971ede-dc63-439c-be73-47ec3e58b2c3,True,False,0.8000000000001819,REJ,,
s100_m3_combo,BUY,2026-09-09 07:29:00+00:00,4407.81,4405.48,4413.62,2026-09-09 08:10:00+00:00,4405.48,SL,-2.33,2.33,-1.0,7,False,S100_RSI3_MOMO_LONG,SL,-2.3300000000008367,s100,s100_m3_combo,-2.780000000000837,-3.08,521,metaapi_rejection,99a1dc72-c1ec-4b04-8644-cee5b747ea58,True,False,0.18999999999959982,SL,-2.7800000000004363,-2.5200000000004366
s100_m3_combo,BUY,2026-09-09 08:57:00+00:00,4401.77,4399.82,4406.62,2026-09-09 09:05:00+00:00,4399.82,SL,-1.95,1.95,-1.0,8,False,S100_OB_LONG,SL,-1.9500000000007276,s100,s100_m3_combo,-2.400000000000728,-2.7,524,PLACED,d08cd697-a2dd-466f-9787-9aba69d829cf,True,False,-0.7300000000004729,SL,-1.4800000000002547,-1.2200000000002547
s100_m3_combo,BUY,2026-09-10 01:57:00+00:00,4408.25,4406.75,4412.0,2026-09-10 01:59:00+00:00,4412.0,TP,3.75,1.5,2.5,1,False,S100_OB_LONG,TP,3.75,s100,s100_m3_combo,3.3,3.0,525,entry_drift,089ea80b-ce41-46b2-836b-2cf048f64f9b,True,False,0.18000000000029104,TP,3.569999999999709,3.569999999999709
s100_m3_combo,BUY,2026-09-10 02:11:00+00:00,4414.44,4411.79,4421.07,2026-09-10 02:15:00+00:00,4411.79,SL,-2.65,2.65,-1.0,2,False,S100_FVG_LONG,SL,-2.649999999999636,s100,s100_m3_combo,-3.0999999999996364,-3.4,526,PLACED,96216bab-344e-4fb3-aca8-fc2544be3c19,True,False,-0.8799999999991996,SL,-2.0300000000004363,-1.7700000000004366
s100_m3_combo,BUY,2026-09-10 02:30:00+00:00,4413.72,4412.04,4417.91,2026-09-10 02:33:00+00:00,4412.04,SL,-1.68,1.68,-1.0,2,False,S100_OB_LONG,SL,-1.680000000000291,s100,s100_m3_combo,-2.130000000000291,-2.4299999999999997,527,entry_drift,dcef5f68-b166-4c9b-8f06-910f8ff6000c,True,False,0.8400000000001455,REJ,,
s100_m3_combo,BUY,2026-09-10 02:53:00+00:00,4420.4,4416.49,4430.17,2026-09-10 03:03:00+00:00,4416.49,SL,-3.91,3.91,-1.0,2,False,S100_RSI3_MOMO_LONG,SL,-3.9099999999998545,s100,s100_m3_combo,-4.359999999999855,-4.66,528,PLACED,ae85c749-0256-4abb-ae83-87787bd75b39,True,False,0.09000000000014552,SL,-4.26,-4.0
s100_m3_combo,BUY,2026-09-10 04:09:00+00:00,4412.69,4410.55,4418.02,2026-09-10 04:36:00+00:00,4410.55,SL,-2.14,2.14,-1.0,4,False,S100_FVG_LONG,SL,-2.139999999999418,s100,s100_m3_combo,-2.589999999999418,-2.89,529,metaapi_rejection,80fad66a-54aa-40aa-a55e-4490f73b202c,True,False,1.1700000000000728,REJ,,
s100_m3_combo,BUY,2026-09-10 04:53:00+00:00,4408.9,4406.66,4414.48,2026-09-10 05:09:00+00:00,4414.48,TP,5.58,2.24,2.4911,4,False,S100_FVG_LONG,TP,5.579999999999927,s100,s100_m3_combo,5.129999999999927,4.83,531,metaapi_rejection,5fbffcdf-593b-4719-b37d-4b6bf6ae6d43,True,False,-0.5299999999997453,TP,6.109999999999673,6.109999999999673
s100_m3_combo,BUY,2026-09-10 05:38:00+00:00,4424.3,4420.11,4434.75,2026-09-10 06:00:00+00:00,4434.75,TP,10.45,4.19,2.494,5,False,S100_FVG_LONG,SL,-4.190000000000509,s100,s100_m3_combo,-4.6400000000005095,9.7,533,PLACED,7be695d3-2a2f-46ca-82cf-5fe5a0e64553,True,False,0.5199999999995271,REJ,,
s100_m3_combo,BUY,2026-09-10 06:02:00+00:00,4427.15,4425.03,4432.46,2026-09-10 06:06:00+00:00,4425.03,SL,-2.12,2.12,-1.0,6,False,S100_OB_LONG,SL,-2.119999999999891,s100,s100_m3_combo,-2.569999999999891,-2.87,535,open_position_cap,42771994-5a7b-4136-b921-b37deda7fdb9,True,False,1.2600000000002183,REJ,,
s100_m3_combo,BUY,2026-09-10 06:36:00+00:00,4413.43,4411.7,4417.76,2026-09-10 06:39:00+00:00,4417.76,TP,4.33,1.73,2.5029,6,False,S100_OB_LONG,TP,4.329999999999927,s100,s100_m3_combo,3.879999999999927,3.58,536,entry_drift,ff9f3554-2a36-4f17-b4af-fea6b102517b,True,False,1.8800000000001091,REJ,,
s100_m3_combo,BUY,2026-09-10 06:48:00+00:00,4424.27,4421.12,4432.15,2026-09-10 07:01:00+00:00,4421.12,SL,-3.15,3.15,-1.0,6,False,S100_FVG_LONG,SL,-3.1500000000005457,s100,s100_m3_combo,-3.600000000000546,-3.9,537,PLACED,fa8b2397-b95b-4721-ad56-b7c90db87063,True,False,0.569999999999709,REJ,,
s100_m3_combo,SELL,2026-09-10 08:51:00+00:00,4396.74,4398.95,4391.23,2026-09-10 09:09:00+00:00,4391.23,TP,5.51,2.21,2.4932,8,False,S100_FVG_SHORT,TP,5.510000000000218,s100,s100_m3_combo,5.060000000000218,4.76,539,PLACED,ebf07e87-ba69-41ef-a058-8db9b0b1997a,True,False,-1.180000000000291,TP,6.690000000000509,6.690000000000509
s100_m3_combo,SELL,2026-09-10 14:11:00+00:00,4365.94,4374.38,4344.84,2026-09-10 14:25:00+00:00,4374.38,SL,-8.44,8.44,-1.0,14,False,S100_OB_SHORT,SL,-8.44000000000051,s100,s100_m3_combo,-8.890000000000509,-9.19,540,PLACED,917fa4a2-1316-453f-abca-a654dffdddbe,True,False,0.3899999999994179,SL,-9.089999999999927,-8.829999999999927
s100_m3_combo,SELL,2026-09-10 14:49:00+00:00,4358.78,4364.38,4344.78,2026-09-10 15:17:00+00:00,4364.38,SL,-5.6,5.6,-1.0,14,False,S100_FVG_SHORT,SL,-5.600000000000364,s100,s100_m3_combo,-6.050000000000364,-6.35,542,PLACED,a8c179e2-91fe-4a63-a6c5-6d637371246c,True,False,0.8599999999996726,REJ,,
s100_m3_combo,SELL,2026-09-10 15:48:00+00:00,4363.31,4371.05,4343.98,2026-09-10 17:00:00+00:00,4363.74,TIME,-0.43,7.74,-0.0556,15,False,S100_OB_SHORT,TIME,0.2250000000003638,s100,s100_m3_combo,-0.2249999999996362,-1.18,544,PLACED,825b8481-d7af-4596-bc8b-47743c2e10d5,True,False,1.0800000000008367,REJ,,
s100_m3_combo,SELL,2026-09-11 01:15:00+00:00,4333.79,4339.34,4319.91,2026-09-11 02:27:00+00:00,4325.155,TIME,8.635,5.55,1.5559,1,False,S100_OB_SHORT,TIME,9.729999999999563,s100,s100_m3_combo,9.279999999999564,7.885,545,PLACED,2b32fc05-7dd6-40e1-a7a5-0f4ce0bddffa,True,False,-1.069999999999709,TIME,10.799999999999272,10.799999999999272
s100_m3_combo,SELL,2026-09-11 02:38:00+00:00,4320.94,4324.4,4312.32,2026-09-11 02:41:00+00:00,4324.4,SL,-3.46,3.46,-1.0,2,False,S100_FVG_SHORT,SL,-3.4600000000000364,s100,s100_m3_combo,-3.910000000000037,-4.21,548,PLACED,40bdd41c-5c6e-49c0-a287-e7b881b196c8,True,False,-0.13000000000010914,SL,-3.589999999999927,-3.3299999999999272
s100_m3_combo,SELL,2026-09-11 03:27:00+00:00,4309.44,4315.38,4294.59,2026-09-11 04:08:00+00:00,4315.38,SL,-5.94,5.94,-1.0,3,False,S100_FVG_SHORT,SL,-5.940000000000509,s100,s100_m3_combo,-6.3900000000005095,-6.69,549,PLACED,2c8e3da6-0e76-4d3b-8501-42b192fbe72b,True,False,0.5199999999995271,REJ,,
s100_m3_combo,BUY,2026-09-11 05:58:00+00:00,4346.16,4343.64,4352.48,2026-09-11 06:02:00+00:00,4352.48,TP,6.32,2.52,2.5079,5,False,S100_OB_LONG,TP,6.319999999999709,s100,s100_m3_combo,5.869999999999709,5.57,552,PLACED,73aaf2e2-7317-4c11-9593-c0a7e3df15b3,True,False,0.5,TP,5.819999999999709,5.819999999999709
s100_m3_combo,BUY,2026-09-11 06:06:00+00:00,4351.88,4348.52,4360.28,2026-09-11 06:14:00+00:00,4360.28,TP,8.4,3.36,2.5,6,False,S100_FVG_LONG,TP,8.399999999999636,s100,s100_m3_combo,7.949999999999636,7.65,553,entry_drift,004e8dea-3f05-444a-b10f-87de886daaf0,True,False,3.9099999999998545,REJ,,
s100_m3_combo,BUY,2026-09-11 06:17:00+00:00,4357.81,4354.77,4365.44,2026-09-11 06:21:00+00:00,4354.77,SL,-3.04,3.04,-1.0,6,False,S100_OB_LONG,SL,-3.0399999999999636,s100,s100_m3_combo,-3.489999999999964,-3.79,554,PLACED,3417fecc-0c29-4c71-a9aa-3ce743d447f3,True,False,-0.3600000000005821,SL,-2.9399999999993813,-2.6799999999993815
s100_m3_combo,BUY,2026-09-11 06:42:00+00:00,4350.68,4348.17,4356.93,2026-09-11 07:23:00+00:00,4348.17,SL,-2.51,2.51,-1.0,6,False,S100_OB_LONG,SL,-2.5100000000002183,s100,s100_m3_combo,-2.9600000000002185,-3.26,555,PLACED,d32b252c-f35a-4bbd-a817-7a568b1d41bd,True,False,-0.07999999999992724,SL,-2.690000000000291,-2.430000000000291
s100_m3_combo,BUY,2026-09-11 08:55:00+00:00,4348.96,4344.08,4361.15,2026-09-11 09:10:00+00:00,4344.08,SL,-4.88,4.88,-1.0,8,False,S100_OB_LONG,SL,-4.880000000000109,s100,s100_m3_combo,-5.330000000000109,-5.63,556,PLACED,ba01676e-3074-42e9-ad1f-442dc38f4aa5,True,False,-0.3400000000001455,SL,-4.799999999999963,-4.539999999999964
s100_m3_combo,BUY,2026-09-11 13:48:00+00:00,4396.31,4383.83,4427.52,2026-09-11 14:02:00+00:00,4383.83,SL,-12.48,12.48,-1.0,13,False,S100_OB_LONG,SL,-12.480000000000471,s100,s100_m3_combo,-12.930000000000472,-13.23,557,PLACED,b2e2d3b9-975c-4b15-9560-593bacbed0e8,True,False,-2.740000000000691,SL,-9.999999999999782,-9.739999999999782
s100_m3_combo,BUY,2026-09-11 14:59:00+00:00,4371.15,4364.8,4387.05,2026-09-11 15:07:00+00:00,4364.8,SL,-6.35,6.35,-1.0,14,False,S100_OB_LONG,SL,-6.349999999999454,s100,s100_m3_combo,-6.7999999999994545,-7.1,558,PLACED,39a1c42a-f5df-4a25-b11a-8b66bc3991e6,True,False,-0.75,SL,-5.859999999999454,-5.599999999999454
s100_m3_combo,BUY,2026-09-11 15:58:00+00:00,4365.2,4362.35,4372.34,2026-09-11 16:04:00+00:00,4372.34,TP,7.14,2.85,2.5053,15,False,S100_OB_LONG,SL,-2.8499999999994543,s100,s100_m3_combo,-3.2999999999994545,6.39,559,entry_drift,0ebe0b76-d51d-4e7f-9894-6c0f525bcf28,True,False,0.9800000000004729,REJ,,
s100_m3_combo,SELL,2026-09-14 02:50:00+00:00,4344.09,4347.56,4335.41,2026-09-14 02:56:00+00:00,4335.41,TP,8.68,3.47,2.5014,2,False,S100_RSI3_MOMO_SHORT,TP,8.680000000000291,s100,s100_m3_combo,8.230000000000292,7.93,560,PLACED,7206ed2f-ae05-46c7-ac70-bbbb8c567658,True,False,1.9200000000000728,REJ,,
s100_m3_combo,SELL,2026-09-14 03:03:00+00:00,4332.43,4335.77,4324.06,2026-09-14 03:09:00+00:00,4335.77,SL,-3.34,3.34,-1.0,3,False,S100_FVG_SHORT,SL,-3.3400000000001455,s100,s100_m3_combo,-3.7900000000001457,-4.09,561,PLACED,5564be89-d3d6-48f5-9159-c2753fcc1af0,True,False,-0.1499999999996362,SL,-3.450000000000509,-3.1900000000005093
s100_m3_combo,SELL,2026-09-14 03:43:00+00:00,4329.48,4332.64,4321.55,2026-09-14 03:49:00+00:00,4332.64,SL,-3.16,3.16,-1.0,3,False,S100_OB_SHORT,SL,-3.160000000000764,s100,s100_m3_combo,-3.610000000000764,-3.91,562,PLACED,5667b0bb-7e6b-4a80-a88e-f72baabe8e77,True,False,0.8499999999994543,REJ,,
s100_m3_combo,SELL,2026-09-14 05:50:00+00:00,4327.34,4331.83,4316.12,2026-09-14 05:53:00+00:00,4331.83,SL,-4.49,4.49,-1.0,5,False,S100_RSI3_MOMO_SHORT,SL,-4.489999999999782,s100,s100_m3_combo,-4.939999999999782,-5.24,563,PLACED,83803e89-61d0-4432-aa06-67c42a99e023,True,False,-0.3999999999996362,SL,-4.350000000000145,-4.0900000000001455
s100_m3_combo,SELL,2026-09-14 06:17:00+00:00,4329.27,4333.89,4317.74,2026-09-14 07:03:00+00:00,4317.74,TP,11.53,4.62,2.4957,6,False,S100_RSI3_MOMO_SHORT,TIME,10.695000000000618,s100,s100_m3_combo,10.24500000000062,10.78,564,PLACED,7ebafe8c-77ab-46d7-8e22-f01e7595dd25,True,False,0.4900000000006912,TIME,10.204999999999927,10.204999999999927
s100_m3_combo,SELL,2026-09-14 07:45:00+00:00,4320.73,4322.61,4316.04,2026-09-14 07:49:00+00:00,4316.04,TP,4.69,1.88,2.4947,7,False,S100_OB_SHORT,TP,4.6899999999996,s100,s100_m3_combo,4.2399999999996,3.94,566,PLACED,712053cd-fa7a-45e5-b5e3-dd399d0b676f,True,False,0.9599999999991269,REJ,,
s100_m3_combo,SELL,2026-09-14 08:01:00+00:00,4312.73,4316.66,4302.88,2026-09-14 08:04:00+00:00,4316.66,SL,-3.93,3.93,-1.0,8,False,S100_FVG_SHORT,SL,-3.930000000000291,s100,s100_m3_combo,-4.380000000000291,-4.68,567,PLACED,ffa1e6e7-d161-4932-b3e5-34371cf82679,True,False,-0.8500000000003638,SL,-3.339999999999927,-3.0799999999999272
s100_m3_combo,SELL,2026-09-14 08:22:00+00:00,4313.44,4315.31,4308.74,2026-09-14 08:37:00+00:00,4315.31,SL,-1.87,1.87,-1.0,8,False,S100_FVG_SHORT,SL,-1.8700000000008004,s100,s100_m3_combo,-2.3200000000008005,-2.62,568,entry_drift,2e11ccf9-82e9-4d8c-a89b-ae3802253564,True,False,0.4499999999998181,SL,-2.5800000000006182,-2.3200000000006185
s100_m3_combo,SELL,2026-09-14 13:13:00+00:00,4266.57,4272.67,4251.34,2026-09-14 13:19:00+00:00,4272.67,SL,-6.1,6.1,-1.0,13,False,S100_OB_SHORT,SL,-6.100000000000364,s100,s100_m3_combo,-6.550000000000364,-6.85,569,PLACED,36e41ec4-de46-4cab-a59e-465c001e28b4,True,False,-0.2600000000002183,SL,-6.100000000000145,-5.8400000000001455
s100_m3_combo,SELL,2026-09-14 14:00:00+00:00,4274.98,4281.89,4257.71,2026-09-14 14:14:00+00:00,4281.89,SL,-6.91,6.91,-1.0,14,False,S100_OB_SHORT,SL,-6.910000000000764,s100,s100_m3_combo,-7.360000000000764,-7.66,570,entry_drift,3b48f243-fbd3-45d7-838c-52376e7b7add,True,False,3.819999999999709,REJ,,
s100_m3_combo,SELL,2026-09-14 14:28:00+00:00,4268.59,4273.84,4255.45,2026-09-14 14:44:00+00:00,4273.84,SL,-5.25,5.25,-1.0,14,False,S100_FVG_SHORT,SL,-5.25,s100,s100_m3_combo,-5.7,-6.0,572,PLACED,ede0de6e-05c3-4de6-bfab-58cf190609a9,True,False,0.25,SL,-5.76,-5.5
s100_m3_combo,BUY,2026-09-15 01:17:00+00:00,4301.7,4297.58,4312.0,2026-09-15 01:38:00+00:00,4297.58,SL,-4.12,4.12,-1.0,1,False,S100_RSI3_MOMO_LONG,SL,-4.119999999999891,s100,s100_m3_combo,-4.569999999999891,-4.87,573,entry_drift,d7665690-3f4c-4223-af96-34dce6f10c69,True,False,1.180000000000291,REJ,,
s100_m3_combo,BUY,2026-09-15 02:42:00+00:00,4313.85,4311.98,4318.54,2026-09-15 02:44:00+00:00,4311.98,SL,-1.87,1.87,-1.0,2,False,S100_FVG_LONG,SL,-1.8700000000008004,s100,s100_m3_combo,-2.3200000000008005,-2.62,575,PLACED,c31de599-a7bd-43a6-9fa4-145b61cd649f,True,False,0.13999999999941792,SL,-2.270000000000218,-2.0100000000002183
s100_m3_combo,BUY,2026-09-15 04:17:00+00:00,4306.01,4304.41,4309.98,2026-09-15 04:19:00+00:00,4304.41,SL,-1.6,1.6,-1.0,4,False,S100_OB_LONG,SL,-1.6000000000003638,s100,s100_m3_combo,-2.050000000000364,-2.35,576,PLACED,f3efd7c8-328c-460a-9cfc-7d26a897f6cb,True,False,-1.0300000000006548,SL,-0.829999999999709,-0.569999999999709
s100_m3_combo,BUY,2026-09-15 04:45:00+00:00,4304.84,4302.64,4310.32,2026-09-15 05:06:00+00:00,4302.64,SL,-2.2,2.2,-1.0,4,False,S100_FVG_LONG,SL,-2.199999999999818,s100,s100_m3_combo,-2.6499999999998183,-2.95,577,PLACED,e3eedb96-417b-49e0-a5af-f943f207022b,True,False,0.3400000000001455,SL,-2.7999999999999634,-2.5399999999999636
s100_m3_combo,SELL,2026-09-15 05:40:00+00:00,4295.05,4297.3,4289.41,2026-09-15 05:44:00+00:00,4297.3,SL,-2.25,2.25,-1.0,5,False,S100_FVG_SHORT,SL,-2.25,s100,s100_m3_combo,-2.7,-3.0,578,PLACED,22363882-3093-43af-ad6d-231f81ae3c09,True,False,-0.9299999999993815,SL,-1.5800000000006185,-1.3200000000006185
s100_m3_combo,SELL,2026-09-15 06:00:00+00:00,4293.46,4296.44,4286.02,2026-09-15 07:12:00+00:00,4287.34,TIME,6.12,2.98,2.0537,6,False,S100_FVG_SHORT,TIME,5.170000000000073,s100,s100_m3_combo,4.720000000000073,5.37,579,entry_drift,fd0c2494-7722-4bf0-8e56-59f2db798d0a,True,False,0.1499999999996362,TIME,5.020000000000437,5.020000000000437
s100_m3_combo,SELL,2026-09-15 07:47:00+00:00,4288.42,4292.81,4277.45,2026-09-15 07:53:00+00:00,4277.45,TP,10.97,4.39,2.4989,7,False,S100_OB_SHORT,TP,10.970000000000256,s100,s100_m3_combo,10.520000000000255,10.22,583,soft_daily_brake,25d3eaf9-5acf-4e71-84cd-8eeaf5b2ceeb,True,False,3.050000000000182,REJ,,
s100_m3_combo,SELL,2026-09-15 07:58:00+00:00,4278.97,4282.68,4269.69,2026-09-15 08:03:00+00:00,4269.69,TP,9.28,3.71,2.5013,7,False,S100_FVG_SHORT,TP,9.280000000000657,s100,s100_m3_combo,8.830000000000656,8.53,584,soft_daily_brake,b6dd5fcd-2ee2-4090-bbd4-40b32f2b7fca,True,False,-1.0099999999993088,TP,10.289999999999964,10.289999999999964
s100_m3_combo,SELL,2026-09-15 08:15:00+00:00,4268.53,4272.09,4259.65,2026-09-15 08:17:00+00:00,4272.09,SL,-3.56,3.56,-1.0,8,False,S100_FVG_SHORT,SL,-3.5600000000004,s100,s100_m3_combo,-4.0100000000004,-4.3100000000000005,585,soft_daily_brake,d76e981e-ef85-42da-9882-a394d6d114f8,True,False,-0.8600000000005821,SL,-2.959999999999818,-2.699999999999818
s100_m3_combo,BUY,2026-09-15 13:18:00+00:00,4287.44,4285.82,4291.47,2026-09-15 13:19:00+00:00,4285.82,SL,-1.62,1.62,-1.0,13,False,S100_OB_LONG,SL,-1.6199999999998909,s100,s100_m3_combo,-2.069999999999891,-2.37,587,soft_daily_brake,a843f78b-bc19-4e98-9741-a5f43b205cb3,True,False,-1.1899999999995998,SL,-0.690000000000291,-0.43000000000029104
s100_m3_combo,BUY,2026-09-15 13:27:00+00:00,4289.49,4287.32,4294.92,2026-09-15 13:28:00+00:00,4287.32,SL,-2.17,2.17,-1.0,13,False,S100_OB_LONG,SL,-2.1700000000000728,s100,s100_m3_combo,-2.620000000000073,-2.92,588,soft_daily_brake,80e38ff4-262c-4006-828a-274aee705a2c,True,False,-0.4399999999995998,SL,-1.990000000000473,-1.730000000000473
s100_m3_combo,BUY,2026-09-15 13:53:00+00:00,4295.99,4290.86,4308.82,2026-09-15 14:17:00+00:00,4290.86,SL,-5.13,5.13,-1.0,13,False,S100_RSI3_MOMO_LONG,SL,-5.130000000000109,s100,s100_m3_combo,-5.580000000000109,-5.88,589,soft_daily_brake,505cb27a-6f20-49b5-bdd5-4ee285c4ed62,True,False,0.4899999999997817,SL,-5.879999999999891,-5.619999999999891
s100_m3_combo,SELL,2026-09-16 02:02:00+00:00,4285.72,4288.22,4279.46,2026-09-16 02:09:00+00:00,4288.22,SL,-2.5,2.5,-1.0,2,False,S100_OB_SHORT,SL,-2.5,s100,s100_m3_combo,-2.95,-3.25,591,PLACED,4304b695-bee1-4660-8aef-2a7cbbd3a711,True,False,-0.819999999999709,SL,-1.940000000000291,-1.680000000000291
s100_m3_combo,BUY,2026-09-16 03:09:00+00:00,4325.86,4322.53,4334.18,2026-09-16 03:12:00+00:00,4334.18,TP,8.32,3.33,2.4985,3,False,S100_FVG_LONG,TP,8.320000000000618,s100,s100_m3_combo,7.870000000000618,7.57,592,entry_drift,7bb3f750-ca84-4fbd-8d8d-b821643f1336,True,False,2.1900000000005093,REJ,,
s100_m3_combo,BUY,2026-09-16 03:19:00+00:00,4336.52,4330.39,4351.86,2026-09-16 03:31:00+00:00,4330.39,SL,-6.13,6.13,-1.0,3,False,S100_FVG_LONG,SL,-6.130000000000109,s100,s100_m3_combo,-6.580000000000109,-6.88,593,PLACED,914abe11-8267-49b3-9ead-4a9b70b8152d,True,False,0.339999999999236,SL,-6.729999999999345,-6.469999999999345
s100_m3_combo,BUY,2026-09-16 07:42:00+00:00,4335.73,4333.44,4341.48,2026-09-16 07:50:00+00:00,4333.44,SL,-2.29,2.29,-1.0,7,False,S100_OB_LONG,SL,-2.2899999999999636,s100,s100_m3_combo,-2.739999999999964,-3.04,597,PLACED,50b8aa4e-d01b-4cf6-a34b-add495b4b54a,True,False,-0.08999999999923602,SL,-2.4600000000007274,-2.2000000000007276
s100_m3_combo,BUY,2026-09-16 08:31:00+00:00,4329.73,4327.44,4335.46,2026-09-16 08:34:00+00:00,4327.44,SL,-2.29,2.29,-1.0,8,False,S100_FVG_LONG,SL,-2.2899999999999636,s100,s100_m3_combo,-2.739999999999964,-3.04,598,PLACED,d6188496-ef3d-4c2f-97d7-2c4068446408,True,False,0.48000000000047294,SL,-3.0300000000004363,-2.7700000000004366
s100_m3_combo,BUY,2026-09-16 08:48:00+00:00,4327.13,4324.76,4333.04,2026-09-16 09:16:00+00:00,4333.04,TP,5.91,2.37,2.4937,8,False,S100_FVG_LONG,SL,-2.369999999999891,s100,s100_m3_combo,-2.819999999999891,5.16,599,entry_drift,b329c248-22ea-4854-abd3-163cbd9c5822,True,False,1.6700000000000728,REJ,,
s100_m3_combo,BUY,2026-09-16 13:18:00+00:00,4354.35,4350.55,4363.82,2026-09-16 13:20:00+00:00,4350.55,SL,-3.8,3.8,-1.0,13,False,S100_FVG_LONG,SL,-3.800000000000182,s100,s100_m3_combo,-4.250000000000182,-4.55,600,entry_drift,3981800f-cc0c-4c3c-b29f-526649d6bbd1,True,False,0.5799999999999272,REJ,,
s100_m3_combo,BUY,2026-09-16 14:17:00+00:00,4335.28,4328.72,4351.69,2026-09-16 14:50:00+00:00,4351.69,TP,16.41,6.56,2.5015,14,False,S100_FVG_LONG,TP,16.409999999999854,s100,s100_m3_combo,15.959999999999855,15.66,601,entry_drift,12f31107-2115-4718-8631-ffd94a501355,True,False,0.18000000000029104,TP,16.229999999999563,16.229999999999563
s100_m3_combo,BUY,2026-09-16 14:54:00+00:00,4351.15,4347.82,4359.46,2026-09-16 14:55:00+00:00,4347.82,SL,-3.33,3.33,-1.0,14,False,S100_FVG_LONG,SL,-3.3299999999999272,s100,s100_m3_combo,-3.7799999999999274,-4.08,603,metaapi_rejection,65d83269-0d16-492d-a0ac-77a9a95afd6d,True,False,-1.569999999999709,SL,-2.020000000000218,-1.7600000000002183
s100_m3_combo,BUY,2026-09-16 15:04:00+00:00,4351.12,4348.28,4358.24,2026-09-16 15:25:00+00:00,4348.28,SL,-2.84,2.84,-1.0,15,False,S100_OB_LONG,SL,-2.8400000000001455,s100,s100_m3_combo,-3.2900000000001457,-3.59,604,PLACED,926e9dc0-5994-4b32-876f-6bcea652adcb,True,False,0.1500000000005457,SL,-3.250000000000691,-2.990000000000691
s100_m3_combo,BUY,2026-09-16 15:49:00+00:00,4351.79,4349.72,4356.97,2026-09-16 16:03:00+00:00,4349.72,SL,-2.07,2.07,-1.0,15,False,S100_OB_LONG,SL,-2.069999999999709,s100,s100_m3_combo,-2.519999999999709,-2.82,605,entry_drift,796020c5-63b2-49b2-8c1e-4e4439564521,True,False,1.8900000000003274,REJ,,
s100_m3_combo,BUY,2026-09-17 01:57:00+00:00,4300.15,4297.64,4306.45,2026-09-17 02:02:00+00:00,4297.64,SL,-2.51,2.51,-1.0,1,False,S100_OB_LONG,SL,-2.509999999999309,s100,s100_m3_combo,-2.959999999999309,-3.26,606,PLACED,925a65de-f286-4198-ab5e-bf03e7ddd7d5,True,False,0.5700000000006185,REJ,,
s100_m3_combo,SELL,2026-09-17 02:35:00+00:00,4286.03,4290.61,4274.6,2026-09-17 02:43:00+00:00,4290.61,SL,-4.58,4.58,-1.0,2,False,S100_RSI3_MOMO_SHORT,SL,-4.579999999999927,s100,s100_m3_combo,-5.029999999999927,-5.33,607,PLACED,14c334b0-eaa5-493c-97ae-544a4bc5ea25,True,False,1.1300000000001091,REJ,,
s100_m3_combo,SELL,2026-09-17 02:57:00+00:00,4278.8,4282.96,4268.38,2026-09-17 03:04:00+00:00,4282.96,SL,-4.16,4.16,-1.0,2,False,S100_FVG_SHORT,SL,-4.1599999999998545,s100,s100_m3_combo,-4.609999999999855,-4.91,608,PLACED,1108c346-15ac-44e2-885e-bd0b4d8c04de,True,False,-0.75,SL,-3.6699999999998543,-3.4099999999998545
s100_m3_combo,SELL,2026-09-17 04:31:00+00:00,4292.59,4294.53,4287.73,2026-09-17 04:36:00+00:00,4294.53,SL,-1.94,1.94,-1.0,4,False,S100_FVG_SHORT,SL,-1.9399999999996,s100,s100_m3_combo,-2.3899999999996,-2.69,609,entry_drift,d7b2be86-e5ed-4104-8216-e48c9f991777,True,False,0.2600000000002183,SL,-2.459999999999818,-2.199999999999818
s100_m3_combo,SELL,2026-09-17 05:29:00+00:00,4286.56,4289.11,4280.2,2026-09-17 05:30:00+00:00,4289.11,SL,-2.55,2.55,-1.0,5,False,S100_RSI3_MOMO_SHORT,SL,-2.5499999999992724,s100,s100_m3_combo,-2.9999999999992726,-3.3,610,PLACED,d3413e47-6e65-456f-86ab-32d2cd8a67a6,True,False,-1.4299999999993815,SL,-1.3799999999998909,-1.1199999999998909
s100_m3_combo,BUY,2026-09-17 06:38:00+00:00,4307.35,4305.44,4312.13,2026-09-17 07:01:00+00:00,4312.13,TP,4.78,1.91,2.5026,6,False,S100_OB_LONG,TP,4.779999999999745,s100,s100_m3_combo,4.329999999999745,4.03,611,soft_daily_brake,39e1299a-bdbf-4c47-8f31-bfa10ed78133,True,False,0.819999999999709,REJ,,
s100_m3_combo,BUY,2026-09-17 07:20:00+00:00,4323.02,4321.05,4327.93,2026-09-17 07:21:00+00:00,4321.05,SL,-1.97,1.97,-1.0,7,False,S100_FVG_LONG,SL,-1.9700000000002549,s100,s100_m3_combo,-2.420000000000255,-2.72,612,soft_daily_brake,1d400e61-4dd9-488e-953a-98dd2292a843,True,False,-0.3600000000005821,SL,-1.8699999999996726,-1.6099999999996726
s100_m3_combo,BUY,2026-09-17 07:42:00+00:00,4329.36,4325.65,4338.63,2026-09-17 07:55:00+00:00,4325.65,SL,-3.71,3.71,-1.0,7,False,S100_FVG_LONG,SL,-3.710000000000037,s100,s100_m3_combo,-4.160000000000037,-4.46,613,soft_daily_brake,61a89444-f00d-44a9-a26b-4493d24b2154,True,False,1.550000000000182,REJ,,
s100_m3_combo,BUY,2026-09-17 08:42:00+00:00,4315.94,4312.17,4325.35,2026-09-17 08:45:00+00:00,4312.17,SL,-3.77,3.77,-1.0,8,False,S100_OB_LONG,SL,-3.769999999999527,s100,s100_m3_combo,-4.219999999999527,-4.52,614,soft_daily_brake,6049059d-1a96-49b0-99d3-438454e235cd,True,False,0.42000000000007276,SL,-4.4499999999996,-4.1899999999996
s100_m3_combo,BUY,2026-09-17 13:23:00+00:00,4371.38,4365.47,4386.17,2026-09-17 13:28:00+00:00,4365.47,SL,-5.91,5.91,-1.0,13,False,S100_FVG_LONG,SL,-5.9099999999998545,s100,s100_m3_combo,-6.359999999999855,-6.66,615,soft_daily_brake,98dd285e-f9cd-4224-905a-37dc9912f6ac,True,False,-3.6500000000005457,SL,-2.5199999999993086,-2.259999999999309
s100_m3_combo,BUY,2026-09-17 15:24:00+00:00,4360.2,4356.79,4368.73,2026-09-17 15:26:00+00:00,4356.79,SL,-3.41,3.41,-1.0,15,False,S100_FVG_LONG,SL,-3.4099999999998545,s100,s100_m3_combo,-3.859999999999854,-4.16,617,soft_daily_brake,9ab9ae61-573e-4e7d-bcea-efd5f2e273e6,True,False,0.18000000000029104,SL,-3.8500000000001453,-3.5900000000001455
