module,gate,model,cost,split,n_total,n_aligned,n_against,n_none,n_missing,admitted_frac,base_n,base_pf,base_pts,base_meanR,base_wr,al_n,al_pf,al_pts,al_meanR,al_wr,ag_n,ag_pf,ag_pts,ag_meanR,ag_wr,dR,p_flip,dR_lo,dR_hi,pf_lo,pf_hi,pts_lo,pts_hi,p_perm,sanity_flag
c03_fvg_fill,B1,mid,0.75,ALL,2161,1079,859,223,0,0.499,2161,1.376,2334.0,0.2258,48.0,1079,1.322,970.8,0.2303,48.3,859,1.43,1070.5,0.2101,47.4,0.0202,0.8125,-0.1794,0.1789,1.19,1.553,533.1,1482.0,,
c03_fvg_fill,B2,mid,0.75,ALL,2161,557,1604,0,0,0.258,2161,1.376,2334.0,0.2258,48.0,557,1.271,443.8,0.1463,44.9,1604,1.413,1890.2,0.2534,49.1,-0.1071,0.205,-0.1591,0.1571,1.218,1.547,677.9,1633.8,,
c03_fvg_fill,B3,mid,0.75,ALL,2161,1907,254,0,0,0.882,2161,1.376,2334.0,0.2258,48.0,1907,1.392,2132.4,0.2276,48.7,254,1.263,201.6,0.212,42.9,0.0156,0.844,-0.1594,0.1708,1.214,1.547,683.0,1640.0,,
c03_fvg_fill,B4,mid,0.75,ALL,2161,1064,921,176,0,0.492,2161,1.376,2334.0,0.2258,48.0,1064,1.311,898.3,0.2272,48.8,921,1.407,1178.0,0.213,47.7,0.0142,0.8595,-0.1648,0.1675,1.197,1.531,573.3,1502.6,,
c03_fvg_fill,B5,mid,0.75,ALL,2161,1128,1033,0,0,0.522,2161,1.376,2334.0,0.2258,48.0,1128,1.44,1297.5,0.2736,50.3,1033,1.318,1036.5,0.1735,45.6,0.1001,0.246,-0.1636,0.1706,1.209,1.554,682.9,1688.0,,
c03_fvg_fill,B6,mid,0.75,ALL,2161,922,1066,173,0,0.427,2161,1.376,2334.0,0.2258,48.0,922,1.348,882.7,0.2388,49.3,1066,1.408,1253.7,0.2092,46.7,0.0295,0.729,-0.1688,0.1626,1.212,1.577,597.8,1548.5,,
c03_fvg_fill,C2,mid,0.75,ALL,2161,1180,961,0,20,0.546,2161,1.376,2334.0,0.2258,48.0,1180,1.427,1334.9,0.3107,50.6,961,1.327,997.3,0.1303,45.1,0.1805,0.035,-0.163,0.1731,1.225,1.551,705.1,1672.9,,
c03_fvg_fill,B1_utc,mid,0.75,ALL,2161,1017,748,396,0,0.471,2161,1.376,2334.0,0.2258,48.0,1017,1.405,1131.4,0.2566,49.0,748,1.228,539.4,0.1206,45.1,0.1359,0.135,-0.1827,0.172,1.162,1.487,429.2,1220.7,,
c03_fvg_fill,B2_lb2,mid,0.75,ALL,2161,465,1696,0,0,0.215,2161,1.376,2334.0,0.2258,48.0,465,1.185,259.2,0.147,44.5,1696,1.432,2074.8,0.2474,49.0,-0.1003,0.229,-0.1642,0.1573,1.214,1.536,690.6,1633.0,,
c03_fvg_fill,B2_lb5,mid,0.75,ALL,2161,653,1508,0,0,0.302,2161,1.376,2334.0,0.2258,48.0,653,1.277,525.6,0.1146,45.0,1508,1.419,1808.3,0.2739,49.3,-0.1593,0.06,-0.1621,0.1666,1.218,1.521,697.6,1609.8,,
c03_fvg_fill,B3_db0.05,mid,0.75,ALL,2161,1775,169,183,34,0.821,2161,1.376,2334.0,0.2258,48.0,1775,1.384,1979.3,0.2359,49.0,169,1.072,39.0,0.0957,39.1,0.1402,0.113,-0.1679,0.1779,1.189,1.532,558.5,1467.5,,
c03_fvg_fill,B3_db0.10,mid,0.75,ALL,2161,1662,123,342,34,0.769,2161,1.376,2334.0,0.2258,48.0,1662,1.382,1837.2,0.2113,49.3,123,1.098,42.5,0.179,39.8,0.0323,0.7035,-0.1682,0.1729,1.188,1.554,494.7,1391.0,,
c03_fvg_fill,B5_w2,mid,0.75,ALL,2161,1098,1056,7,0,0.508,2161,1.376,2334.0,0.2258,48.0,1098,1.362,1053.1,0.249,49.8,1056,1.385,1265.9,0.202,46.2,0.047,0.5675,-0.1632,0.1653,1.221,1.539,689.1,1658.3,,
c03_fvg_fill,B1,mid,0.75,TRAIN,1323,661,527,135,0,0.5,1323,1.258,728.8,0.1165,48.3,661,1.262,365.8,0.1303,48.6,527,1.255,291.4,0.0981,47.6,0.0321,0.7365,-0.1935,0.1911,1.074,1.456,96.4,560.8,,
c03_fvg_fill,B2,mid,0.75,TRAIN,1323,351,972,0,0,0.265,1323,1.258,728.8,0.1165,48.3,351,1.232,185.7,0.0301,45.6,972,1.268,543.1,0.1476,49.3,-0.1176,0.1955,-0.1817,0.1764,1.077,1.454,113.7,624.9,,
c03_fvg_fill,B3,mid,0.75,TRAIN,1323,1161,162,0,0,0.878,1323,1.258,728.8,0.1165,48.3,1161,1.272,658.9,0.1288,49.3,162,1.172,69.9,0.0281,41.4,0.1006,0.2755,-0.1679,0.1732,1.095,1.439,135.9,597.9,,
c03_fvg_fill,B4,mid,0.75,TRAIN,1323,661,541,121,0,0.5,1323,1.258,728.8,0.1165,48.3,661,1.244,331.2,0.1562,49.9,541,1.323,392.2,0.0978,47.5,0.0584,0.513,-0.1934,0.1798,1.095,1.47,123.2,588.3,,
c03_fvg_fill,B5,mid,0.75,TRAIN,1323,686,637,0,0,0.519,1323,1.258,728.8,0.1165,48.3,686,1.232,315.4,0.1426,49.7,637,1.282,413.4,0.0883,46.8,0.0543,0.557,-0.178,0.1689,1.079,1.441,111.7,601.4,,
c03_fvg_fill,B6,mid,0.75,TRAIN,1323,557,656,110,0,0.421,1323,1.258,728.8,0.1165,48.3,557,1.269,304.5,0.1384,49.7,656,1.239,346.7,0.085,46.6,0.0535,0.5755,-0.1951,0.1955,1.069,1.45,90.5,557.1,,
c03_fvg_fill,C2,mid,0.75,TRAIN,1323,700,603,0,20,0.529,1323,1.258,728.8,0.1165,48.3,700,1.337,456.4,0.2035,51.1,603,1.188,270.7,0.0259,45.3,0.1776,0.0525,-0.1824,0.1775,1.083,1.439,117.5,611.8,,
c03_fvg_fill,B1_utc,mid,0.75,TRAIN,1323,595,459,269,0,0.45,1323,1.258,728.8,0.1165,48.3,595,1.306,367.9,0.1549,49.4,459,1.15,157.9,0.0163,45.3,0.1386,0.163,-0.1896,0.2007,1.048,1.428,54.7,470.7,,
c03_fvg_fill,B2_lb2,mid,0.75,TRAIN,1323,302,1021,0,0,0.228,1323,1.258,728.8,0.1165,48.3,302,1.212,144.6,0.0255,46.0,1021,1.273,584.2,0.1434,49.0,-0.1179,0.1975,-0.1833,0.1722,1.072,1.454,103.4,609.0,,
c03_fvg_fill,B2_lb5,mid,0.75,TRAIN,1323,421,902,0,0,0.318,1323,1.258,728.8,0.1165,48.3,421,1.229,222.6,0.0062,45.1,902,1.273,506.2,0.1679,49.8,-0.1617,0.0745,-0.1834,0.1743,1.088,1.443,126.3,607.2,,
c03_fvg_fill,B3_db0.05,mid,0.75,TRAIN,1323,1076,106,107,34,0.813,1323,1.258,728.8,0.1165,48.3,1076,1.298,668.5,0.1502,49.9,106,0.911,-26.0,-0.1308,36.8,0.281,0.004,-0.1755,0.1939,1.078,1.448,99.1,548.6,,
c03_fvg_fill,B3_db0.10,mid,0.75,TRAIN,1323,1019,77,193,34,0.77,1323,1.258,728.8,0.1165,48.3,1019,1.304,648.3,0.1522,50.1,77,0.935,-14.5,-0.089,37.7,0.2412,0.011,-0.1932,0.1863,1.085,1.465,104.1,526.3,,
c03_fvg_fill,B5_w2,mid,0.75,TRAIN,1323,661,655,7,0,0.5,1323,1.258,728.8,0.1165,48.3,661,1.247,326.1,0.1609,50.4,655,1.259,387.8,0.071,46.3,0.09,0.31,-0.1789,0.1753,1.081,1.433,115.6,600.7,,
c03_fvg_fill,B1,mid,0.75,TEST,838,418,332,88,0,0.499,838,1.474,1605.2,0.3983,47.6,418,1.373,605.0,0.3884,47.8,332,1.579,779.1,0.3877,47.0,0.0007,0.998,-0.3387,0.3203,1.168,1.765,262.2,1083.6,,
c03_fvg_fill,B2,mid,0.75,TEST,838,206,632,0,0,0.246,838,1.474,1605.2,0.3983,47.6,206,1.308,258.1,0.3442,43.7,632,1.529,1347.1,0.416,48.9,-0.0718,0.6475,-0.3163,0.3188,1.231,1.765,403.7,1195.4,,
c03_fvg_fill,B3,mid,0.75,TEST,838,746,92,0,0,0.89,838,1.474,1605.2,0.3983,47.6,746,1.487,1473.5,0.3814,47.9,92,1.366,131.7,0.5358,45.7,-0.1545,0.338,-0.3085,0.3084,1.219,1.781,386.3,1221.3,,
c03_fvg_fill,B4,mid,0.75,TEST,838,403,380,55,0,0.481,838,1.474,1605.2,0.3983,47.6,403,1.37,567.1,0.3436,46.9,380,1.468,785.9,0.377,47.9,-0.0334,0.835,-0.3153,0.3013,1.164,1.703,272.2,1077.4,,
c03_fvg_fill,B5,mid,0.75,TEST,838,442,396,0,0,0.527,838,1.474,1605.2,0.3983,47.6,442,1.617,982.1,0.4769,51.1,396,1.348,623.1,0.3106,43.7,0.1663,0.3235,-0.3114,0.332,1.219,1.756,378.2,1225.2,,
c03_fvg_fill,B6,mid,0.75,TEST,838,365,410,63,0,0.436,838,1.474,1605.2,0.3983,47.6,365,1.413,578.2,0.3919,48.8,410,1.558,907.1,0.408,46.8,-0.0161,0.9205,-0.3279,0.3391,1.203,1.818,311.1,1156.1,,
c03_fvg_fill,C2,mid,0.75,TEST,838,480,358,0,0,0.573,838,1.474,1605.2,0.3983,47.6,480,1.497,878.5,0.4671,49.8,358,1.45,726.6,0.3061,44.7,0.1611,0.323,-0.2997,0.327,1.215,1.759,369.0,1229.5,,
c03_fvg_fill,B1_utc,mid,0.75,TEST,838,422,289,127,0,0.504,838,1.474,1605.2,0.3983,47.6,422,1.478,763.5,0.3999,48.3,289,1.291,381.5,0.2863,44.6,0.1136,0.4955,-0.3127,0.3336,1.134,1.678,202.7,920.8,,
c03_fvg_fill,B2_lb2,mid,0.75,TEST,838,163,675,0,0,0.195,838,1.474,1605.2,0.3983,47.6,163,1.159,114.6,0.3722,41.7,675,1.56,1490.6,0.4046,49.0,-0.0324,0.836,-0.3263,0.3147,1.232,1.751,402.7,1193.6,,
c03_fvg_fill,B2_lb5,mid,0.75,TEST,838,232,606,0,0,0.277,838,1.474,1605.2,0.3983,47.6,232,1.329,303.0,0.3112,44.8,606,1.529,1302.2,0.4317,48.7,-0.1204,0.4415,-0.3148,0.3161,1.249,1.726,435.0,1181.9,,
c03_fvg_fill,B3_db0.05,mid,0.75,TEST,838,699,63,76,0,0.834,838,1.474,1605.2,0.3983,47.6,699,1.451,1310.8,0.3679,47.5,63,1.259,65.0,0.4768,42.9,-0.1089,0.524,-0.326,0.3429,1.178,1.76,288.4,1115.0,,
c03_fvg_fill,B3_db0.10,mid,0.75,TEST,838,643,46,149,0,0.767,838,1.474,1605.2,0.3983,47.6,643,1.445,1188.9,0.3049,47.9,46,1.272,56.9,0.6276,43.5,-0.3227,0.039,-0.3051,0.3167,1.167,1.756,246.4,1001.8,,
c03_fvg_fill,B5_w2,mid,0.75,TEST,838,437,401,0,0,0.521,838,1.474,1605.2,0.3983,47.6,437,1.456,727.0,0.3822,49.0,401,1.491,878.1,0.4159,46.1,-0.0337,0.8365,-0.3304,0.3199,1.208,1.754,361.0,1213.8,,
c03_fvg_fill,B1,mid,1.0,ALL,2161,1079,859,223,0,0.499,2161,1.276,1793.7,0.1466,48.0,1079,1.222,701.0,0.1494,48.3,859,1.329,855.7,0.1323,47.4,0.0171,0.8415,-0.1736,0.1681,1.107,1.44,306.8,1232.8,0.836,
c03_fvg_fill,B2,mid,1.0,ALL,2161,557,1604,0,0,0.258,2161,1.276,1793.7,0.1466,48.0,557,1.178,304.5,0.0678,44.9,1604,1.312,1489.2,0.174,49.1,-0.1063,0.2065,-0.1691,0.1586,1.128,1.426,409.3,1351.0,0.23,
c03_fvg_fill,B3,mid,1.0,ALL,2161,1907,254,0,0,0.882,2161,1.276,1793.7,0.1466,48.0,1907,1.291,1655.6,0.1489,48.7,254,1.172,138.1,0.1296,42.9,0.0193,0.809,-0.1662,0.1608,1.123,1.44,410.7,1379.8,0.886,
c03_fvg_fill,B4,mid,1.0,ALL,2161,1064,921,176,0,0.492,2161,1.276,1793.7,0.1466,48.0,1064,1.209,632.3,0.1452,48.8,921,1.314,947.8,0.1388,47.7,0.0065,0.946,-0.168,0.1654,1.106,1.427,319.6,1265.0,0.936,
c03_fvg_fill,B5,mid,1.0,ALL,2161,1128,1033,0,0,0.522,2161,1.276,1793.7,0.1466,48.0,1128,1.329,1015.5,0.1918,50.3,1033,1.229,778.2,0.0974,45.6,0.0944,0.242,-0.1639,0.1589,1.129,1.431,420.8,1378.2,0.252,
c03_fvg_fill,B6,mid,1.0,ALL,2161,922,1066,173,0,0.427,2161,1.276,1793.7,0.1466,48.0,922,1.246,652.2,0.1581,49.3,1066,1.307,987.2,0.1304,46.7,0.0277,0.7455,-0.1684,0.1813,1.115,1.445,346.6,1279.3,0.728,
c03_fvg_fill,C2,mid,1.0,ALL,2161,1180,961,0,20,0.546,2161,1.276,1793.7,0.1466,48.0,1180,1.318,1039.9,0.2294,50.6,961,1.238,757.1,0.0547,45.1,0.1747,0.033,-0.1609,0.1662,1.126,1.433,413.6,1374.7,0.024,
c03_fvg_fill,B1_utc,mid,1.0,ALL,2161,1017,748,396,0,0.471,2161,1.276,1793.7,0.1466,48.0,1017,1.3,877.1,0.1755,49.0,748,1.143,352.4,0.0438,45.1,0.1317,0.1645,-0.185,0.1818,1.071,1.394,197.3,1034.9,,
c03_fvg_fill,B2_lb2,mid,1.0,ALL,2161,465,1696,0,0,0.215,2161,1.276,1793.7,0.1466,48.0,465,1.097,142.9,0.0669,44.5,1696,1.329,1650.8,0.1685,49.0,-0.1015,0.2445,-0.1697,0.1652,1.129,1.443,430.8,1374.6,,
c03_fvg_fill,B2_lb5,mid,1.0,ALL,2161,653,1508,0,0,0.302,2161,1.276,1793.7,0.1466,48.0,653,1.183,362.4,0.0363,45.0,1508,1.318,1431.3,0.1944,49.3,-0.1581,0.066,-0.1657,0.1671,1.139,1.422,460.6,1336.9,,
c03_fvg_fill,B3_db0.05,mid,1.0,ALL,2161,1775,169,183,34,0.821,2161,1.276,1793.7,0.1466,48.0,1775,1.286,1535.5,0.1584,49.0,169,0.994,-3.2,0.0122,39.1,0.1463,0.093,-0.1689,0.1712,1.101,1.432,312.7,1242.7,,
c03_fvg_fill,B3_db0.10,mid,1.0,ALL,2161,1662,123,342,34,0.769,2161,1.276,1793.7,0.1466,48.0,1662,1.283,1421.7,0.1339,49.3,123,1.026,11.7,0.0996,39.8,0.0343,0.682,-0.17,0.1712,1.103,1.441,281.7,1164.3,,
c03_fvg_fill,B5_w2,mid,1.0,ALL,2161,1098,1056,7,0,0.508,2161,1.276,1793.7,0.1466,48.0,1098,1.255,778.6,0.1678,49.8,1056,1.292,1001.9,0.1252,46.2,0.0426,0.6155,-0.17,0.1637,1.122,1.438,400.7,1371.8,,
c03_fvg_fill,B1,mid,1.0,TRAIN,1323,661,527,135,0,0.5,1323,1.133,398.0,0.0214,48.3,661,1.136,200.5,0.0335,48.6,527,1.132,159.6,0.0049,47.6,0.0286,0.7675,-0.1889,0.1876,0.965,1.317,-48.9,413.4,0.776,
c03_fvg_fill,B2,mid,1.0,TRAIN,1323,351,972,0,0,0.265,1323,1.133,398.0,0.0214,48.3,351,1.115,97.9,-0.0606,45.6,972,1.14,300.1,0.051,49.3,-0.1116,0.207,-0.1816,0.1764,0.962,1.305,-53.9,439.6,0.3,
c03_fvg_fill,B3,mid,1.0,TRAIN,1323,1161,162,0,0,0.878,1323,1.133,398.0,0.0214,48.3,1161,1.144,368.6,0.0337,49.3,162,1.068,29.4,-0.0665,41.4,0.1002,0.2545,-0.1807,0.1731,0.978,1.295,-33.7,427.0,0.462,
c03_fvg_fill,B4,mid,1.0,TRAIN,1323,661,541,121,0,0.5,1323,1.133,398.0,0.0214,48.3,661,1.115,166.0,0.0591,49.9,541,1.2,256.9,0.0069,47.5,0.0522,0.5715,-0.175,0.1828,0.984,1.344,-21.7,448.9,0.56,
c03_fvg_fill,B5,mid,1.0,TRAIN,1323,686,637,0,0,0.519,1323,1.133,398.0,0.0214,48.3,686,1.1,143.9,0.0437,49.7,637,1.164,254.1,-0.0025,46.8,0.0462,0.6085,-0.1783,0.1745,0.966,1.291,-54.3,433.2,0.592,
c03_fvg_fill,B6,mid,1.0,TRAIN,1323,557,656,110,0,0.421,1323,1.133,398.0,0.0214,48.3,557,1.137,165.3,0.0411,49.7,656,1.119,182.7,-0.0091,46.6,0.0502,0.6025,-0.1936,0.1955,0.967,1.316,-46.6,415.3,0.624,
c03_fvg_fill,C2,mid,1.0,TRAIN,1323,700,603,0,20,0.529,1323,1.133,398.0,0.0214,48.3,700,1.195,281.4,0.1046,51.1,603,1.079,120.0,-0.0637,45.3,0.1683,0.0735,-0.1882,0.1796,0.97,1.311,-43.7,444.3,0.054,
c03_fvg_fill,B1_utc,mid,1.0,TRAIN,1323,595,459,269,0,0.45,1323,1.133,398.0,0.0214,48.3,595,1.172,219.1,0.0563,49.4,459,1.039,43.2,-0.0761,45.3,0.1324,0.1885,-0.1937,0.1959,0.943,1.286,-68.6,340.2,,
c03_fvg_fill,B2_lb2,mid,1.0,TRAIN,1323,302,1021,0,0,0.228,1323,1.133,398.0,0.0214,48.3,302,1.095,69.1,-0.0672,46.0,1021,1.145,328.9,0.0476,49.0,-0.1149,0.233,-0.1814,0.1908,0.971,1.315,-46.2,451.8,,
c03_fvg_fill,B2_lb5,mid,1.0,TRAIN,1323,421,902,0,0,0.318,1323,1.133,398.0,0.0214,48.3,421,1.114,117.4,-0.0837,45.1,902,1.143,280.7,0.0705,49.8,-0.1542,0.088,-0.1838,0.1715,0.978,1.299,-34.2,430.2,,
c03_fvg_fill,B3_db0.05,mid,1.0,TRAIN,1323,1076,106,107,34,0.813,1323,1.133,398.0,0.0214,48.3,1076,1.168,399.5,0.0563,49.9,106,0.83,-52.5,-0.2258,36.8,0.2822,0.002,-0.1887,0.1925,0.965,1.297,-48.0,384.3,,
c03_fvg_fill,B3_db0.10,mid,1.0,TRAIN,1323,1019,77,193,34,0.77,1323,1.133,398.0,0.0214,48.3,1019,1.174,393.6,0.0586,50.1,77,0.857,-33.7,-0.181,37.7,0.2396,0.0145,-0.1921,0.1897,0.968,1.335,-42.9,399.8,,
c03_fvg_fill,B5_w2,mid,1.0,TRAIN,1323,661,655,7,0,0.5,1323,1.133,398.0,0.0214,48.3,661,1.115,160.8,0.0636,50.4,655,1.141,224.0,-0.0216,46.3,0.0852,0.345,-0.1732,0.1728,0.972,1.294,-44.1,426.9,,
c03_fvg_fill,B1,mid,1.0,TEST,838,418,332,88,0,0.499,838,1.4,1395.7,0.3443,47.6,418,1.299,500.6,0.3327,47.8,332,1.501,696.1,0.3346,47.0,-0.0018,0.9915,-0.3342,0.3391,1.143,1.681,216.4,998.8,0.99,
c03_fvg_fill,B2,mid,1.0,TEST,838,206,632,0,0,0.246,838,1.4,1395.7,0.3443,47.6,206,1.238,206.6,0.2864,43.7,632,1.453,1189.1,0.3632,48.9,-0.0768,0.619,-0.3233,0.3019,1.166,1.672,306.9,1102.0,0.652,
c03_fvg_fill,B3,mid,1.0,TEST,838,746,92,0,0,0.89,838,1.4,1395.7,0.3443,47.6,746,1.412,1287.0,0.3282,47.9,92,1.292,108.7,0.475,45.7,-0.1468,0.381,-0.3232,0.32,1.159,1.673,275.5,1108.4,0.586,
c03_fvg_fill,B4,mid,1.0,TEST,838,403,380,55,0,0.481,838,1.4,1395.7,0.3443,47.6,403,1.294,466.4,0.2864,46.9,380,1.4,690.9,0.3265,47.9,-0.0401,0.813,-0.3112,0.3161,1.103,1.61,166.4,973.7,0.786,
c03_fvg_fill,B5,mid,1.0,TEST,838,442,396,0,0,0.527,838,1.4,1395.7,0.3443,47.6,442,1.53,871.6,0.4217,51.1,396,1.284,524.1,0.258,43.7,0.1636,0.321,-0.3354,0.3239,1.153,1.657,268.8,1112.5,0.264,
c03_fvg_fill,B6,mid,1.0,TEST,838,365,410,63,0,0.436,838,1.4,1395.7,0.3443,47.6,365,1.336,486.9,0.3366,48.8,410,1.479,804.6,0.3536,46.8,-0.017,0.921,-0.325,0.3385,1.147,1.72,243.0,1051.9,0.926,
c03_fvg_fill,C2,mid,1.0,TEST,838,480,358,0,0,0.573,838,1.4,1395.7,0.3443,47.6,480,1.415,758.5,0.4115,49.8,358,1.383,637.1,0.2543,44.7,0.1572,0.334,-0.3249,0.3295,1.156,1.654,277.9,1096.8,0.316,
c03_fvg_fill,B1_utc,mid,1.0,TEST,838,422,289,127,0,0.504,838,1.4,1395.7,0.3443,47.6,422,1.399,658.0,0.3436,48.3,289,1.229,309.3,0.2342,44.6,0.1093,0.522,-0.3275,0.3279,1.085,1.588,135.9,840.7,,
c03_fvg_fill,B2_lb2,mid,1.0,TEST,838,163,675,0,0,0.195,838,1.4,1395.7,0.3443,47.6,163,1.099,73.8,0.3155,41.7,675,1.481,1321.8,0.3513,49.0,-0.0358,0.814,-0.3182,0.3067,1.176,1.641,313.1,1054.3,,
c03_fvg_fill,B2_lb5,mid,1.0,TEST,838,232,606,0,0,0.277,838,1.4,1395.7,0.3443,47.6,232,1.257,245.0,0.254,44.8,606,1.453,1150.7,0.3789,48.7,-0.1249,0.424,-0.2898,0.3026,1.189,1.636,340.9,1062.2,,
c03_fvg_fill,B3_db0.05,mid,1.0,TEST,838,699,63,76,0,0.834,838,1.4,1395.7,0.3443,47.6,699,1.379,1136.1,0.3156,47.5,63,1.189,49.3,0.4126,42.9,-0.097,0.5575,-0.3377,0.3361,1.109,1.665,183.4,1016.6,,
c03_fvg_fill,B3_db0.10,mid,1.0,TEST,838,643,46,149,0,0.767,838,1.4,1395.7,0.3443,47.6,643,1.373,1028.2,0.2532,47.9,46,1.21,45.4,0.5692,43.5,-0.316,0.0385,-0.2965,0.305,1.1,1.667,154.0,918.9,,
c03_fvg_fill,B5_w2,mid,1.0,TEST,838,437,401,0,0,0.521,838,1.4,1395.7,0.3443,47.6,437,1.375,617.8,0.3254,49.0,401,1.422,777.9,0.3649,46.1,-0.0396,0.805,-0.3255,0.3389,1.153,1.67,268.9,1115.9,,
c03_fvg_fill,B1,q,0.45,ALL,2147,1079,845,223,0,0.503,2147,1.389,2362.6,0.2335,45.1,1079,1.364,1068.7,0.2685,46.2,845,1.38,932.6,0.1794,43.4,0.0891,0.3175,-0.1791,0.1745,1.195,1.558,533.4,1478.6,,
c03_fvg_fill,B2,q,0.45,ALL,2147,557,1590,0,0,0.259,2147,1.389,2362.6,0.2335,45.1,557,1.23,373.0,0.1348,42.0,1590,1.447,1989.5,0.2681,46.2,-0.1333,0.114,-0.1584,0.1637,1.225,1.564,685.7,1694.7,,
c03_fvg_fill,B3,q,0.45,ALL,2147,1893,254,0,0,0.882,2147,1.389,2362.6,0.2335,45.1,1893,1.407,2163.9,0.2331,45.7,254,1.263,198.7,0.2368,40.2,-0.0037,0.9615,-0.1662,0.1613,1.218,1.559,678.7,1661.8,,
c03_fvg_fill,B4,q,0.45,ALL,2147,1056,915,176,0,0.492,2147,1.389,2362.6,0.2335,45.1,1056,1.325,914.8,0.2595,46.1,915,1.415,1179.9,0.198,44.5,0.0615,0.4805,-0.1724,0.1603,1.193,1.549,547.8,1534.8,,
c03_fvg_fill,B5,q,0.45,ALL,2147,1120,1027,0,0,0.522,2147,1.389,2362.6,0.2335,45.1,1120,1.45,1296.8,0.2716,47.1,1027,1.334,1065.7,0.192,42.9,0.0796,0.351,-0.1715,0.1634,1.207,1.559,642.6,1691.1,,
c03_fvg_fill,B6,q,0.45,ALL,2147,922,1052,173,0,0.429,2147,1.389,2362.6,0.2335,45.1,922,1.399,981.7,0.2762,47.3,1052,1.361,1098.9,0.1863,42.9,0.0898,0.3055,-0.1794,0.1742,1.202,1.558,563.6,1512.3,,
c03_fvg_fill,C2,q,0.45,ALL,2147,1172,955,0,20,0.546,2147,1.389,2362.6,0.2335,45.1,1172,1.444,1353.9,0.3152,47.4,955,1.335,1000.9,0.1393,42.3,0.1759,0.046,-0.1633,0.1766,1.215,1.572,653.0,1706.6,,
c03_fvg_fill,B1_utc,q,0.45,ALL,2147,1014,742,391,0,0.472,2147,1.389,2362.6,0.2335,45.1,1014,1.423,1155.9,0.2766,46.4,742,1.251,578.1,0.1114,41.8,0.1652,0.08,-0.1773,0.1868,1.167,1.532,427.3,1316.6,,
c03_fvg_fill,B2_lb2,q,0.45,ALL,2147,465,1682,0,0,0.217,2147,1.389,2362.6,0.2335,45.1,465,1.197,269.2,0.155,42.2,1682,1.445,2093.4,0.2552,45.9,-0.1002,0.254,-0.1658,0.1729,1.229,1.564,705.3,1671.6,,
c03_fvg_fill,B2_lb5,q,0.45,ALL,2147,651,1496,0,0,0.303,2147,1.389,2362.6,0.2335,45.1,651,1.299,549.6,0.1281,42.5,1496,1.428,1813.0,0.2794,46.2,-0.1513,0.0705,-0.1596,0.1598,1.237,1.554,730.6,1656.6,,
c03_fvg_fill,B3_db0.05,q,0.45,ALL,2147,1762,169,182,34,0.821,2147,1.389,2362.6,0.2335,45.1,1762,1.4,2013.1,0.2361,46.0,169,1.05,26.9,0.1107,36.1,0.1254,0.156,-0.1805,0.1714,1.19,1.557,524.5,1512.9,,
c03_fvg_fill,B3_db0.10,q,0.45,ALL,2147,1649,123,341,34,0.768,2147,1.389,2362.6,0.2335,45.1,1649,1.4,1878.3,0.2129,46.3,123,1.087,37.4,0.2214,37.4,-0.0085,0.9235,-0.1787,0.1682,1.193,1.572,495.2,1439.0,,
c03_fvg_fill,B5_w2,q,0.45,ALL,2147,1092,1048,7,0,0.509,2147,1.389,2362.6,0.2335,45.1,1092,1.372,1061.0,0.2636,46.9,1048,1.4,1284.5,0.2016,43.2,0.062,0.4655,-0.1639,0.1651,1.209,1.56,644.0,1669.5,,
c03_fvg_fill,B1,q,0.45,TRAIN,1323,661,527,135,0,0.5,1323,1.313,854.1,0.1397,45.4,661,1.349,463.8,0.1807,46.6,527,1.272,303.8,0.093,43.8,0.0877,0.378,-0.1942,0.194,1.116,1.526,142.1,632.4,,
c03_fvg_fill,B2,q,0.45,TRAIN,1323,351,972,0,0,0.265,1323,1.313,854.1,0.1397,45.4,351,1.322,245.6,0.0789,43.6,972,1.309,608.5,0.1616,46.0,-0.0827,0.37,-0.1783,0.1832,1.121,1.527,166.3,694.3,,
c03_fvg_fill,B3,q,0.45,TRAIN,1323,1161,162,0,0,0.878,1323,1.313,854.1,0.1397,45.4,1161,1.323,756.9,0.1495,46.2,162,1.253,97.2,0.0689,39.5,0.0806,0.3755,-0.1883,0.1876,1.13,1.503,186.8,666.8,,
c03_fvg_fill,B4,q,0.45,TRAIN,1323,661,541,121,0,0.5,1323,1.313,854.1,0.1397,45.4,661,1.318,415.7,0.1971,47.4,541,1.373,439.3,0.1184,44.5,0.0787,0.415,-0.1884,0.1834,1.145,1.548,181.5,666.5,,
c03_fvg_fill,B5,q,0.45,TRAIN,1323,686,637,0,0,0.519,1323,1.313,854.1,0.1397,45.4,686,1.277,364.6,0.1511,46.2,637,1.346,489.5,0.1273,44.4,0.0238,0.7855,-0.1756,0.1784,1.13,1.5,178.9,673.5,,
c03_fvg_fill,B6,q,0.45,TRAIN,1323,557,656,110,0,0.421,1323,1.313,854.1,0.1397,45.4,557,1.353,383.0,0.1884,47.6,656,1.267,376.5,0.0858,43.1,0.1026,0.292,-0.1859,0.1852,1.112,1.515,140.3,621.6,,
c03_fvg_fill,C2,q,0.45,TRAIN,1323,700,603,0,20,0.529,1323,1.313,854.1,0.1397,45.4,700,1.369,488.2,0.1982,47.3,603,1.26,358.2,0.078,43.3,0.1202,0.171,-0.18,0.1678,1.127,1.5,174.6,661.8,,
c03_fvg_fill,B1_utc,q,0.45,TRAIN,1323,595,459,269,0,0.45,1323,1.313,854.1,0.1397,45.4,595,1.382,439.6,0.1932,46.9,459,1.167,171.7,0.0122,41.6,0.181,0.0815,-0.2165,0.1925,1.075,1.482,79.9,508.7,,
c03_fvg_fill,B2_lb2,q,0.45,TRAIN,1323,302,1021,0,0,0.228,1323,1.313,854.1,0.1397,45.4,302,1.291,189.9,0.0658,43.7,1021,1.32,664.2,0.1615,45.8,-0.0956,0.294,-0.1852,0.1825,1.125,1.532,172.4,703.1,,
c03_fvg_fill,B2_lb5,q,0.45,TRAIN,1323,421,902,0,0,0.318,1323,1.313,854.1,0.1397,45.4,421,1.322,297.9,0.0592,43.2,902,1.308,556.2,0.1772,46.3,-0.1181,0.1885,-0.1754,0.1709,1.129,1.498,181.8,658.1,,
c03_fvg_fill,B3_db0.05,q,0.45,TRAIN,1323,1076,106,107,34,0.813,1323,1.313,854.1,0.1397,45.4,1076,1.346,752.7,0.1686,46.8,106,0.959,-11.3,-0.1086,34.9,0.2772,0.0015,-0.1815,0.1904,1.118,1.5,147.8,598.7,,
c03_fvg_fill,B3_db0.10,q,0.45,TRAIN,1323,1019,77,193,34,0.77,1323,1.313,854.1,0.1397,45.4,1019,1.348,720.8,0.1674,47.0,77,1.009,1.9,-0.0304,36.4,0.1978,0.0445,-0.1841,0.1976,1.12,1.526,137.1,587.7,,
c03_fvg_fill,B5_w2,q,0.45,TRAIN,1323,661,655,7,0,0.5,1323,1.313,854.1,0.1397,45.4,661,1.303,386.2,0.1815,47.2,655,1.312,450.9,0.0956,43.5,0.0859,0.3555,-0.1774,0.1759,1.116,1.505,154.8,667.2,,
c03_fvg_fill,B1,q,0.45,TEST,824,418,318,88,0,0.507,824,1.451,1508.4,0.3842,44.7,418,1.377,604.9,0.4074,45.7,318,1.47,628.8,0.3225,42.8,0.0849,0.6345,-0.3425,0.3366,1.134,1.727,201.1,1024.7,,
c03_fvg_fill,B2,q,0.45,TEST,824,206,618,0,0,0.25,824,1.451,1508.4,0.3842,44.7,206,1.149,127.5,0.2301,39.3,618,1.556,1381.0,0.4356,46.4,-0.2055,0.2135,-0.3131,0.3096,1.205,1.724,350.2,1167.9,,
c03_fvg_fill,B3,q,0.45,TEST,824,732,92,0,0,0.888,824,1.451,1508.4,0.3842,44.7,732,1.473,1407.0,0.3656,45.1,92,1.273,101.4,0.5324,41.3,-0.1668,0.3275,-0.31,0.326,1.181,1.753,312.7,1208.3,,
c03_fvg_fill,B4,q,0.45,TEST,824,395,374,55,0,0.479,824,1.451,1508.4,0.3842,44.7,395,1.33,499.1,0.3639,44.1,374,1.445,740.6,0.3132,44.4,0.0507,0.774,-0.3172,0.3266,1.116,1.671,183.3,1050.5,,
c03_fvg_fill,B5,q,0.45,TEST,824,434,390,0,0,0.527,824,1.451,1508.4,0.3842,44.7,434,1.595,932.2,0.462,48.4,390,1.324,576.2,0.2977,40.5,0.1643,0.3345,-0.3295,0.3144,1.195,1.732,330.4,1187.0,,
c03_fvg_fill,B6,q,0.45,TEST,824,365,396,63,0,0.443,824,1.451,1508.4,0.3842,44.7,365,1.434,598.7,0.41,46.8,396,1.443,722.4,0.3528,42.4,0.0572,0.752,-0.3299,0.3484,1.159,1.747,244.5,1076.6,,
c03_fvg_fill,C2,q,0.45,TEST,824,472,352,0,0,0.573,824,1.451,1508.4,0.3842,44.7,472,1.501,865.8,0.4887,47.7,352,1.398,642.7,0.2441,40.6,0.2445,0.149,-0.3267,0.3217,1.191,1.733,310.0,1189.8,,
c03_fvg_fill,B1_utc,q,0.45,TEST,824,419,283,122,0,0.508,824,1.451,1508.4,0.3842,44.7,419,1.454,716.3,0.395,45.6,283,1.319,406.5,0.2723,42.0,0.1227,0.467,-0.3283,0.3419,1.125,1.675,180.4,948.9,,
c03_fvg_fill,B2_lb2,q,0.45,TEST,824,163,661,0,0,0.198,824,1.451,1508.4,0.3842,44.7,163,1.111,79.3,0.3203,39.3,661,1.544,1429.2,0.4,46.0,-0.0797,0.631,-0.3181,0.3208,1.211,1.716,351.9,1148.8,,
c03_fvg_fill,B2_lb5,q,0.45,TEST,824,230,594,0,0,0.279,824,1.451,1508.4,0.3842,44.7,230,1.275,251.7,0.2542,41.3,594,1.518,1256.8,0.4345,46.0,-0.1803,0.259,-0.3079,0.3123,1.213,1.716,369.6,1134.8,,
c03_fvg_fill,B3_db0.05,q,0.45,TEST,824,686,63,75,0,0.833,824,1.451,1508.4,0.3842,44.7,686,1.442,1260.3,0.342,44.8,63,1.146,38.3,0.4797,38.1,-0.1377,0.441,-0.3523,0.3424,1.141,1.729,222.5,1095.2,,
c03_fvg_fill,B3_db0.10,q,0.45,TEST,824,630,46,148,0,0.765,824,1.451,1508.4,0.3842,44.7,630,1.442,1157.6,0.2865,45.2,46,1.163,35.5,0.6429,39.1,-0.3564,0.0255,-0.2958,0.3124,1.121,1.743,184.2,1015.1,,
c03_fvg_fill,B5_w2,q,0.45,TEST,824,431,393,0,0,0.523,824,1.451,1508.4,0.3842,44.7,431,1.427,674.8,0.3896,46.4,393,1.472,833.6,0.3783,42.7,0.0113,0.9485,-0.3339,0.3242,1.188,1.728,303.0,1187.2,,
c03_fvg_fill,B1,q,0.7,ALL,2147,1079,845,223,0,0.503,2147,1.287,1825.8,0.1542,45.1,1079,1.259,798.9,0.1877,46.2,845,1.28,721.3,0.1013,43.4,0.0864,0.324,-0.1639,0.1726,1.115,1.446,322.6,1247.5,0.336,
c03_fvg_fill,B2,q,0.7,ALL,2147,557,1590,0,0,0.259,2147,1.287,1825.8,0.1542,45.1,557,1.137,233.8,0.0563,42.0,1590,1.341,1592.0,0.1886,46.2,-0.1323,0.1235,-0.1715,0.1613,1.137,1.448,434.8,1392.2,0.152,
c03_fvg_fill,B3,q,0.7,ALL,2147,1893,254,0,0,0.882,2147,1.287,1825.8,0.1542,45.1,1893,1.303,1690.6,0.1542,45.7,254,1.17,135.2,0.1544,40.2,-0.0001,0.999,-0.1749,0.1642,1.129,1.45,411.0,1399.9,1.0,
c03_fvg_fill,B4,q,0.7,ALL,2147,1056,915,176,0,0.492,2147,1.287,1825.8,0.1542,45.1,1056,1.22,650.8,0.1773,46.1,915,1.32,951.2,0.1237,44.5,0.0536,0.5385,-0.1699,0.1747,1.113,1.443,326.6,1284.1,0.492,
c03_fvg_fill,B5,q,0.7,ALL,2147,1120,1027,0,0,0.522,2147,1.287,1825.8,0.1542,45.1,1120,1.335,1016.8,0.1895,47.1,1027,1.242,809.0,0.1158,42.9,0.0737,0.398,-0.1624,0.163,1.125,1.454,400.5,1428.6,0.378,
c03_fvg_fill,B6,q,0.7,ALL,2147,922,1052,173,0,0.429,2147,1.287,1825.8,0.1542,45.1,922,1.291,751.2,0.1955,47.3,1052,1.262,835.9,0.1072,42.9,0.0882,0.331,-0.1786,0.183,1.101,1.459,301.2,1278.1,0.31,
c03_fvg_fill,C2,q,0.7,ALL,2147,1172,955,0,20,0.546,2147,1.287,1825.8,0.1542,45.1,1172,1.331,1060.9,0.2337,47.4,955,1.244,762.2,0.0637,42.3,0.17,0.0505,-0.173,0.1691,1.126,1.456,397.2,1440.0,0.032,
c03_fvg_fill,B1_utc,q,0.7,ALL,2147,1014,742,391,0,0.472,2147,1.287,1825.8,0.1542,45.1,1014,1.315,902.4,0.1954,46.4,742,1.163,392.6,0.0345,41.8,0.161,0.0755,-0.1754,0.1784,1.084,1.419,222.1,1080.6,,
c03_fvg_fill,B2_lb2,q,0.7,ALL,2147,465,1682,0,0,0.217,2147,1.287,1825.8,0.1542,45.1,465,1.107,152.9,0.075,42.2,1682,1.339,1672.9,0.1762,45.9,-0.1012,0.246,-0.1662,0.1743,1.125,1.448,414.2,1394.1,,
c03_fvg_fill,B2_lb5,q,0.7,ALL,2147,651,1496,0,0,0.303,2147,1.287,1825.8,0.1542,45.1,651,1.2,386.8,0.0497,42.5,1496,1.325,1439.0,0.1997,46.2,-0.15,0.064,-0.1638,0.1561,1.145,1.439,458.6,1368.0,,
c03_fvg_fill,B3_db0.05,q,0.7,ALL,2147,1762,169,182,34,0.821,2147,1.287,1825.8,0.1542,45.1,1762,1.299,1572.6,0.1585,46.0,169,0.973,-15.3,0.0272,36.1,0.1313,0.1365,-0.1718,0.1742,1.097,1.435,288.6,1240.7,,
c03_fvg_fill,B3_db0.10,q,0.7,ALL,2147,1649,123,341,34,0.768,2147,1.287,1825.8,0.1542,45.1,1649,1.298,1466.1,0.1353,46.3,123,1.015,6.6,0.1419,37.4,-0.0066,0.9245,-0.1685,0.1777,1.095,1.462,263.7,1189.3,,
c03_fvg_fill,B5_w2,q,0.7,ALL,2147,1092,1048,7,0,0.509,2147,1.287,1825.8,0.1542,45.1,1092,1.263,788.0,0.1824,46.9,1048,1.304,1022.5,0.1247,43.2,0.0577,0.4985,-0.1636,0.168,1.13,1.446,409.0,1394.2,,
c03_fvg_fill,B1,q,0.7,TRAIN,1323,661,527,135,0,0.5,1323,1.18,523.4,0.0446,45.4,661,1.211,298.5,0.0839,46.6,527,1.144,172.0,-0.0003,43.8,0.0842,0.393,-0.1845,0.1962,1.006,1.382,8.2,489.5,0.334,
c03_fvg_fill,B2,q,0.7,TRAIN,1323,351,972,0,0,0.265,1323,1.18,523.4,0.0446,45.4,351,1.194,157.8,-0.0118,43.6,972,1.174,365.5,0.065,46.0,-0.0768,0.432,-0.1759,0.1796,0.998,1.381,-3.1,530.5,0.442,
c03_fvg_fill,B3,q,0.7,TRAIN,1323,1161,162,0,0,0.878,1323,1.18,523.4,0.0446,45.4,1161,1.187,466.6,0.0544,46.2,162,1.139,56.7,-0.0258,39.5,0.0802,0.39,-0.1758,0.1844,1.025,1.367,37.4,513.5,0.544,
c03_fvg_fill,B4,q,0.7,TRAIN,1323,661,541,121,0,0.5,1323,1.18,523.4,0.0446,45.4,661,1.18,250.4,0.1,47.4,541,1.243,304.0,0.0275,44.5,0.0725,0.4615,-0.1894,0.1902,1.03,1.405,40.7,519.3,0.42,
c03_fvg_fill,B5,q,0.7,TRAIN,1323,686,637,0,0,0.519,1323,1.18,523.4,0.0446,45.4,686,1.137,193.1,0.0521,46.2,637,1.22,330.3,0.0365,44.4,0.0156,0.859,-0.1783,0.173,1.015,1.355,20.8,499.5,0.844,
c03_fvg_fill,B6,q,0.7,TRAIN,1323,557,656,110,0,0.421,1323,1.18,523.4,0.0446,45.4,557,1.211,243.7,0.0911,47.6,656,1.141,212.5,-0.0083,43.1,0.0993,0.2945,-0.1972,0.1898,0.987,1.362,-19.1,460.6,0.296,
c03_fvg_fill,C2,q,0.7,TRAIN,1323,700,603,0,20,0.529,1323,1.18,523.4,0.0446,45.4,700,1.222,313.2,0.0993,47.3,603,1.142,207.5,-0.0116,43.3,0.1109,0.2345,-0.1885,0.1765,1.005,1.355,7.4,509.0,0.188,
c03_fvg_fill,B1_utc,q,0.7,TRAIN,1323,595,459,269,0,0.45,1323,1.18,523.4,0.0446,45.4,595,1.236,290.9,0.0947,46.9,459,1.052,56.9,-0.0802,41.6,0.1749,0.096,-0.2068,0.2024,0.973,1.337,-32.6,381.2,,
c03_fvg_fill,B2_lb2,q,0.7,TRAIN,1323,302,1021,0,0,0.228,1323,1.18,523.4,0.0446,45.4,302,1.165,114.4,-0.0268,43.7,1021,1.185,409.0,0.0658,45.8,-0.0926,0.321,-0.1752,0.1886,0.998,1.371,-2.6,523.7,,
c03_fvg_fill,B2_lb5,q,0.7,TRAIN,1323,421,902,0,0,0.318,1323,1.18,523.4,0.0446,45.4,421,1.196,192.6,-0.0307,43.2,902,1.172,330.7,0.0798,46.3,-0.1105,0.221,-0.1811,0.1811,1.026,1.352,37.8,493.8,,
c03_fvg_fill,B3_db0.05,q,0.7,TRAIN,1323,1076,106,107,34,0.813,1323,1.18,523.4,0.0446,45.4,1076,1.208,483.7,0.0747,46.8,106,0.871,-37.8,-0.2037,34.9,0.2784,0.002,-0.1791,0.19,1.006,1.354,7.4,444.0,,
c03_fvg_fill,B3_db0.10,q,0.7,TRAIN,1323,1019,77,193,34,0.77,1323,1.18,523.4,0.0446,45.4,1019,1.211,466.0,0.0738,47.0,77,0.923,-17.3,-0.1224,36.4,0.1962,0.05,-0.1918,0.1977,1.007,1.373,8.2,442.9,,
c03_fvg_fill,B5_w2,q,0.7,TRAIN,1323,661,655,7,0,0.5,1323,1.18,523.4,0.0446,45.4,661,1.162,220.9,0.0842,47.2,655,1.187,287.1,0.003,43.5,0.0811,0.3675,-0.1861,0.1738,1.009,1.354,13.1,496.6,,
c03_fvg_fill,B1,q,0.7,TEST,824,418,318,88,0,0.507,824,1.377,1302.4,0.3303,44.7,418,1.301,500.4,0.3518,45.7,318,1.397,549.3,0.2696,42.8,0.0822,0.6545,-0.3308,0.3525,1.091,1.627,139.7,920.6,0.606,
c03_fvg_fill,B2,q,0.7,TEST,824,206,618,0,0,0.25,824,1.377,1302.4,0.3303,44.7,206,1.085,76.0,0.1723,39.3,618,1.478,1226.5,0.3829,46.4,-0.2106,0.1865,-0.3114,0.3013,1.136,1.642,237.1,1062.8,0.284,
c03_fvg_fill,B3,q,0.7,TEST,824,732,92,0,0,0.888,824,1.377,1302.4,0.3303,44.7,732,1.398,1224.0,0.3125,45.1,92,1.204,78.4,0.4716,41.3,-0.1591,0.34,-0.3252,0.3109,1.132,1.653,231.7,1098.7,0.52,
c03_fvg_fill,B4,q,0.7,TEST,824,395,374,55,0,0.479,824,1.377,1302.4,0.3303,44.7,395,1.255,400.4,0.3067,44.1,374,1.377,647.1,0.2629,44.4,0.0438,0.8,-0.3255,0.3027,1.068,1.58,108.6,916.1,0.8,
c03_fvg_fill,B5,q,0.7,TEST,824,434,390,0,0,0.527,824,1.377,1302.4,0.3303,44.7,434,1.508,823.7,0.4066,48.4,390,1.261,478.7,0.2453,40.5,0.1614,0.3425,-0.3197,0.3272,1.125,1.653,210.3,1109.7,0.338,
c03_fvg_fill,B6,q,0.7,TEST,824,365,396,63,0,0.443,824,1.377,1302.4,0.3303,44.7,365,1.356,507.5,0.3548,46.8,396,1.369,623.4,0.2985,42.4,0.0563,0.751,-0.3398,0.3501,1.096,1.669,149.9,976.5,0.734,
c03_fvg_fill,C2,q,0.7,TEST,824,472,352,0,0,0.573,824,1.377,1302.4,0.3303,44.7,472,1.418,747.8,0.433,47.7,352,1.333,554.7,0.1926,40.6,0.2404,0.155,-0.3252,0.3321,1.13,1.655,229.8,1102.6,0.134,
c03_fvg_fill,B1_utc,q,0.7,TEST,824,419,283,122,0,0.508,824,1.377,1302.4,0.3303,44.7,419,1.374,611.5,0.3385,45.6,283,1.255,335.7,0.2205,42.0,0.1181,0.471,-0.3357,0.3292,1.062,1.583,89.6,840.3,,
c03_fvg_fill,B2_lb2,q,0.7,TEST,824,163,661,0,0,0.198,824,1.377,1302.4,0.3303,44.7,163,1.052,38.5,0.2635,39.3,661,1.465,1263.9,0.3467,46.0,-0.0832,0.5985,-0.3218,0.3195,1.161,1.622,271.7,1050.0,,
c03_fvg_fill,B2_lb5,q,0.7,TEST,824,230,594,0,0,0.279,824,1.377,1302.4,0.3303,44.7,230,1.205,194.2,0.197,41.3,594,1.442,1108.3,0.3819,46.0,-0.1849,0.2465,-0.3094,0.3012,1.165,1.599,274.4,1006.8,,
c03_fvg_fill,B3_db0.05,q,0.7,TEST,824,686,63,75,0,0.833,824,1.377,1302.4,0.3303,44.7,686,1.37,1088.8,0.2899,44.8,63,1.083,22.5,0.4156,38.1,-0.1257,0.447,-0.3388,0.3153,1.075,1.615,114.0,956.5,,
c03_fvg_fill,B3_db0.10,q,0.7,TEST,824,630,46,148,0,0.765,824,1.377,1302.4,0.3303,44.7,630,1.37,1000.1,0.2348,45.2,46,1.107,24.0,0.5844,39.1,-0.3496,0.029,-0.316,0.3054,1.091,1.66,130.4,900.1,,
c03_fvg_fill,B5_w2,q,0.7,TEST,824,431,393,0,0,0.523,824,1.377,1302.4,0.3303,44.7,431,1.347,567.0,0.3329,46.4,393,1.404,735.4,0.3273,42.7,0.0056,0.972,-0.3078,0.3272,1.132,1.66,226.9,1090.0,,
s14_ob_mit_bias,B1,mid,0.75,ALL,3970,1774,1765,431,0,0.447,3970,1.347,2192.1,0.2013,51.2,1774,1.365,1023.1,0.2081,51.4,1765,1.343,967.1,0.2008,51.1,0.0073,0.8965,-0.1066,0.0993,1.259,1.454,743.9,1232.9,,
s14_ob_mit_bias,B2,mid,0.75,ALL,3970,1645,2325,0,0,0.414,3970,1.347,2192.1,0.2013,51.2,1645,1.487,1212.3,0.2773,53.7,2325,1.257,979.8,0.1475,49.4,0.1298,0.012,-0.1057,0.0989,1.26,1.443,838.6,1354.0,,
s14_ob_mit_bias,B3,mid,0.75,ALL,3970,2708,1261,1,0,0.682,3970,1.347,2192.1,0.2013,51.2,2708,1.265,1163.7,0.1477,49.5,1261,1.535,1023.0,0.3152,54.7,-0.1675,0.0005,-0.0962,0.0962,1.256,1.441,830.2,1344.4,,
s14_ob_mit_bias,B4,mid,0.75,ALL,3970,1747,1867,356,0,0.44,3970,1.347,2192.1,0.2013,51.2,1747,1.515,1338.9,0.2887,54.1,1867,1.262,806.1,0.147,49.3,0.1417,0.009,-0.1036,0.1073,1.283,1.483,824.3,1323.7,,
s14_ob_mit_bias,B5,mid,0.75,ALL,3970,1981,1989,0,0,0.499,3970,1.347,2192.1,0.2013,51.2,1981,1.336,1062.7,0.1915,50.8,1989,1.359,1129.4,0.2111,51.5,-0.0196,0.6885,-0.0972,0.0939,1.257,1.443,836.8,1348.2,,
s14_ob_mit_bias,B6,mid,0.75,ALL,3970,1232,2478,260,0,0.31,3970,1.347,2192.1,0.2013,51.2,1232,1.292,578.2,0.1625,50.0,2478,1.401,1560.6,0.2359,52.2,-0.0733,0.151,-0.1056,0.0935,1.269,1.454,817.3,1308.0,,
s14_ob_mit_bias,C2,mid,0.75,ALL,3970,1970,1966,0,34,0.496,3970,1.347,2192.1,0.2013,51.2,1970,1.334,1049.8,0.1883,50.8,1966,1.353,1105.4,0.211,51.4,-0.0227,0.6535,-0.0966,0.0958,1.256,1.437,826.4,1329.9,,
s14_ob_mit_bias,B1_utc,mid,0.75,ALL,3970,1663,1513,794,0,0.419,3970,1.347,2192.1,0.2013,51.2,1663,1.303,832.1,0.1743,50.1,1513,1.389,912.2,0.2231,51.9,-0.0488,0.3865,-0.1033,0.1057,1.249,1.442,647.9,1092.3,,
s14_ob_mit_bias,B2_lb2,mid,0.75,ALL,3970,1568,2402,0,0,0.395,3970,1.347,2192.1,0.2013,51.2,1568,1.502,1184.4,0.2916,54.1,2402,1.255,1007.7,0.1423,49.2,0.1493,0.003,-0.0989,0.1058,1.257,1.448,831.9,1367.2,,
s14_ob_mit_bias,B2_lb5,mid,0.75,ALL,3970,1711,2259,0,0,0.431,3970,1.347,2192.1,0.2013,51.2,1711,1.445,1171.5,0.2525,52.8,2259,1.277,1020.5,0.1625,49.9,0.09,0.085,-0.1003,0.1018,1.255,1.446,831.1,1364.3,,
s14_ob_mit_bias,B3_db0.05,mid,0.75,ALL,3970,2433,1088,394,55,0.613,3970,1.347,2192.1,0.2013,51.2,2433,1.291,1135.8,0.1661,50.1,1088,1.564,916.7,0.3274,55.1,-0.1613,0.0025,-0.1048,0.107,1.273,1.475,784.3,1267.3,,
s14_ob_mit_bias,B3_db0.10,mid,0.75,ALL,3970,2223,896,796,55,0.56,3970,1.347,2192.1,0.2013,51.2,2223,1.278,1005.0,0.1549,49.7,896,1.696,910.7,0.3978,57.3,-0.243,0.0,-0.1151,0.1103,1.285,1.498,723.9,1185.5,,
s14_ob_mit_bias,B5_w2,mid,0.75,ALL,3970,1952,2005,13,0,0.492,3970,1.347,2192.1,0.2013,51.2,1952,1.369,1132.2,0.2176,51.7,2005,1.327,1056.0,0.1868,50.6,0.0308,0.5285,-0.0918,0.0986,1.264,1.441,850.2,1342.7,,
s14_ob_mit_bias,B1,mid,0.75,TRAIN,2549,1151,1118,280,0,0.452,2549,1.294,1156.1,0.1687,50.6,1151,1.28,502.8,0.1484,49.9,1118,1.328,557.2,0.1937,51.4,-0.0453,0.504,-0.1326,0.1231,1.19,1.416,338.3,705.9,,
s14_ob_mit_bias,B2,mid,0.75,TRAIN,2549,1031,1518,0,0,0.404,2549,1.294,1156.1,0.1687,50.6,1031,1.363,558.1,0.2323,52.8,1518,1.25,598.1,0.1254,49.1,0.1069,0.093,-0.1221,0.1257,1.187,1.41,379.0,774.0,,
s14_ob_mit_bias,B3,mid,0.75,TRAIN,2549,1750,798,1,0,0.687,2549,1.294,1156.1,0.1687,50.6,1750,1.229,624.2,0.118,49.0,798,1.439,526.6,0.2778,53.9,-0.1597,0.0095,-0.1145,0.1223,1.193,1.405,392.6,765.2,,
s14_ob_mit_bias,B4,mid,0.75,TRAIN,2549,1143,1163,243,0,0.448,2549,1.294,1156.1,0.1687,50.6,1143,1.533,865.7,0.2814,54.3,1163,1.147,279.4,0.0876,47.8,0.1938,0.0005,-0.1262,0.1275,1.213,1.446,389.1,760.4,,
s14_ob_mit_bias,B5,mid,0.75,TRAIN,2549,1287,1262,0,0,0.505,2549,1.294,1156.1,0.1687,50.6,1287,1.326,640.5,0.1831,51.0,1262,1.262,515.6,0.1539,50.1,0.0292,0.6355,-0.1213,0.1228,1.19,1.406,385.5,773.7,,
s14_ob_mit_bias,B6,mid,0.75,TRAIN,2549,791,1575,183,0,0.31,2549,1.294,1156.1,0.1687,50.6,791,1.252,309.6,0.1236,49.2,1575,1.356,849.0,0.2098,51.9,-0.0862,0.192,-0.1282,0.1217,1.215,1.433,393.9,767.0,,
s14_ob_mit_bias,C2,mid,0.75,TRAIN,2549,1283,1232,0,34,0.503,2549,1.294,1156.1,0.1687,50.6,1283,1.302,599.4,0.1602,50.3,1232,1.273,519.8,0.1711,50.6,-0.0109,0.8685,-0.1199,0.1274,1.182,1.399,364.9,753.4,,
s14_ob_mit_bias,B1_utc,mid,0.75,TRAIN,2549,1045,946,558,0,0.41,2549,1.294,1156.1,0.1687,50.6,1045,1.215,364.9,0.1117,48.5,946,1.345,488.9,0.2037,51.8,-0.092,0.1995,-0.1403,0.1415,1.155,1.406,246.7,610.4,,
s14_ob_mit_bias,B2_lb2,mid,0.75,TRAIN,2549,1017,1532,0,0,0.399,2549,1.294,1156.1,0.1687,50.6,1017,1.412,617.4,0.2593,53.6,1532,1.221,538.8,0.1085,48.6,0.1508,0.014,-0.1209,0.1252,1.192,1.408,390.2,772.4,,
s14_ob_mit_bias,B2_lb5,mid,0.75,TRAIN,2549,1079,1470,0,0,0.423,2549,1.294,1156.1,0.1687,50.6,1079,1.318,522.7,0.2028,51.7,1470,1.277,633.4,0.1436,49.7,0.0591,0.3315,-0.1183,0.1264,1.19,1.415,389.1,780.9,,
s14_ob_mit_bias,B3_db0.05,mid,0.75,TRAIN,2549,1591,680,223,55,0.624,2549,1.294,1156.1,0.1687,50.6,1591,1.242,599.1,0.1285,49.3,680,1.434,443.3,0.2804,54.0,-0.1518,0.0235,-0.1299,0.1282,1.183,1.419,336.9,706.1,,
s14_ob_mit_bias,B3_db0.10,mid,0.75,TRAIN,2549,1456,565,473,55,0.571,2549,1.294,1156.1,0.1687,50.6,1456,1.238,541.5,0.1204,49.0,565,1.612,503.1,0.3755,56.8,-0.2552,0.0,-0.1429,0.129,1.211,1.463,340.7,683.6,,
s14_ob_mit_bias,B5_w2,mid,0.75,TRAIN,2549,1250,1286,13,0,0.49,2549,1.294,1156.1,0.1687,50.6,1250,1.385,719.8,0.2173,52.2,1286,1.212,432.5,0.1232,49.1,0.094,0.12,-0.1276,0.1183,1.184,1.406,373.5,768.4,,
s14_ob_mit_bias,B1,mid,0.75,TEST,1421,623,647,151,0,0.438,1421,1.435,1035.9,0.2598,52.2,623,1.517,520.3,0.3184,54.3,647,1.366,409.9,0.2131,50.5,0.1054,0.249,-0.1721,0.1719,1.28,1.621,312.1,626.8,,
s14_ob_mit_bias,B2,mid,0.75,TEST,1421,614,807,0,0,0.432,1421,1.435,1035.9,0.2598,52.2,614,1.685,654.3,0.3528,55.2,807,1.268,381.7,0.189,49.9,0.1638,0.061,-0.1635,0.1783,1.281,1.624,359.9,693.6,,
s14_ob_mit_bias,B3,mid,0.75,TEST,1421,958,463,0,0,0.674,1421,1.435,1035.9,0.2598,52.2,958,1.323,539.5,0.2019,50.3,463,1.698,496.4,0.3797,56.2,-0.1778,0.034,-0.1628,0.1664,1.287,1.611,358.3,678.9,,
s14_ob_mit_bias,B4,mid,0.75,TEST,1421,604,704,113,0,0.425,1421,1.435,1035.9,0.2598,52.2,604,1.486,473.2,0.3026,53.8,704,1.447,526.7,0.2451,51.7,0.0575,0.5305,-0.174,0.1721,1.304,1.66,346.9,654.7,,
s14_ob_mit_bias,B5,mid,0.75,TEST,1421,694,727,0,0,0.488,1421,1.435,1035.9,0.2598,52.2,694,1.353,422.1,0.2069,50.4,727,1.519,613.8,0.3103,53.9,-0.1034,0.2205,-0.1601,0.1632,1.284,1.612,348.8,685.5,,
s14_ob_mit_bias,B6,mid,0.75,TEST,1421,441,903,77,0,0.31,1421,1.435,1035.9,0.2598,52.2,441,1.358,268.6,0.2324,51.5,903,1.473,711.6,0.2814,52.8,-0.049,0.5855,-0.1711,0.1672,1.28,1.615,320.9,656.1,,
s14_ob_mit_bias,C2,mid,0.75,TEST,1421,687,734,0,0,0.483,1421,1.435,1035.9,0.2598,52.2,687,1.39,450.4,0.2406,51.7,734,1.479,585.6,0.2778,52.7,-0.0372,0.643,-0.1676,0.1656,1.283,1.609,356.0,682.0,,
s14_ob_mit_bias,B1_utc,mid,0.75,TEST,1421,618,567,236,0,0.435,1421,1.435,1035.9,0.2598,52.2,618,1.445,467.3,0.2802,52.8,567,1.456,423.2,0.2553,52.2,0.0249,0.7905,-0.1778,0.1751,1.286,1.635,295.1,589.0,,
s14_ob_mit_bias,B2_lb2,mid,0.75,TEST,1421,551,870,0,0,0.388,1421,1.435,1035.9,0.2598,52.2,551,1.659,567.0,0.3513,55.2,870,1.309,468.9,0.2019,50.3,0.1494,0.08,-0.1729,0.1662,1.28,1.61,348.5,685.7,,
s14_ob_mit_bias,B2_lb5,mid,0.75,TEST,1421,632,789,0,0,0.445,1421,1.435,1035.9,0.2598,52.2,632,1.655,648.8,0.3374,54.7,789,1.279,387.1,0.1976,50.2,0.1397,0.11,-0.1723,0.17,1.277,1.616,348.5,691.8,,
s14_ob_mit_bias,B3_db0.05,mid,0.75,TEST,1421,842,408,171,0,0.593,1421,1.435,1035.9,0.2598,52.2,842,1.375,536.7,0.2372,51.5,408,1.783,473.4,0.4059,57.1,-0.1687,0.054,-0.1715,0.1694,1.333,1.694,352.7,665.0,,
s14_ob_mit_bias,B3_db0.10,mid,0.75,TEST,1421,767,331,323,0,0.54,1421,1.435,1035.9,0.2598,52.2,767,1.347,463.5,0.2203,50.8,331,1.837,407.6,0.4359,58.0,-0.2156,0.024,-0.1905,0.1874,1.296,1.688,285.0,584.2,,
s14_ob_mit_bias,B5_w2,mid,0.75,TEST,1421,702,719,0,0,0.494,1421,1.435,1035.9,0.2598,52.2,702,1.345,412.4,0.2182,51.0,719,1.526,623.5,0.3004,53.4,-0.0822,0.322,-0.1594,0.1615,1.282,1.61,349.3,681.7,,
s14_ob_mit_bias,B1,mid,1.0,ALL,3970,1774,1765,431,0,0.447,3970,1.177,1199.6,0.0901,51.2,1774,1.192,579.6,0.0967,51.4,1765,1.173,525.9,0.09,51.1,0.0067,0.911,-0.1036,0.1041,1.1,1.266,312.4,789.8,0.886,
s14_ob_mit_bias,B2,mid,1.0,ALL,3970,1645,2325,0,0,0.414,3970,1.177,1199.6,0.0901,51.2,1645,1.299,801.1,0.1663,53.7,2325,1.097,398.5,0.0362,49.4,0.1301,0.01,-0.1004,0.0952,1.097,1.259,339.1,849.6,0.008,
s14_ob_mit_bias,B3,mid,1.0,ALL,3970,2708,1261,1,0,0.682,3970,1.177,1199.6,0.0901,51.2,2708,1.103,486.7,0.0354,49.5,1261,1.344,707.8,0.2064,54.7,-0.171,0.001,-0.1011,0.1053,1.1,1.261,351.1,844.2,0.0,
s14_ob_mit_bias,B4,mid,1.0,ALL,3970,1747,1867,356,0,0.44,3970,1.177,1199.6,0.0901,51.2,1747,1.322,902.1,0.1768,54.1,1867,1.102,339.4,0.0365,49.3,0.1402,0.0095,-0.1042,0.0989,1.116,1.292,366.3,871.5,0.008,
s14_ob_mit_bias,B5,mid,1.0,ALL,3970,1981,1989,0,0,0.499,3970,1.177,1199.6,0.0901,51.2,1981,1.167,567.4,0.0803,50.8,1989,1.186,632.2,0.0999,51.5,-0.0196,0.693,-0.0979,0.0981,1.102,1.26,355.0,865.0,0.662,
s14_ob_mit_bias,B6,mid,1.0,ALL,3970,1232,2478,260,0,0.31,3970,1.177,1199.6,0.0901,51.2,1232,1.127,270.2,0.0501,50.0,2478,1.225,941.1,0.1256,52.2,-0.0756,0.1425,-0.1031,0.1003,1.113,1.276,365.6,842.7,0.128,
s14_ob_mit_bias,C2,mid,1.0,ALL,3970,1970,1966,0,34,0.496,3970,1.177,1199.6,0.0901,51.2,1970,1.165,557.3,0.0767,50.8,1966,1.182,613.9,0.1004,51.4,-0.0237,0.6265,-0.0998,0.0926,1.096,1.252,330.3,826.3,0.592,
s14_ob_mit_bias,B1_utc,mid,1.0,ALL,3970,1663,1513,794,0,0.419,3970,1.177,1199.6,0.0901,51.2,1663,1.141,416.4,0.0648,50.1,1513,1.211,533.9,0.1113,51.9,-0.0465,0.4,-0.1095,0.1073,1.09,1.263,255.1,695.2,,
s14_ob_mit_bias,B2_lb2,mid,1.0,ALL,3970,1568,2402,0,0,0.395,3970,1.177,1199.6,0.0901,51.2,1568,1.312,792.4,0.1807,54.1,2402,1.096,407.2,0.031,49.2,0.1497,0.003,-0.099,0.101,1.098,1.264,342.4,856.7,,
s14_ob_mit_bias,B2_lb5,mid,1.0,ALL,3970,1711,2259,0,0,0.431,3970,1.177,1199.6,0.0901,51.2,1711,1.262,743.8,0.1417,52.8,2259,1.115,455.8,0.0511,49.9,0.0905,0.074,-0.0993,0.0998,1.097,1.26,343.1,858.8,,
s14_ob_mit_bias,B3_db0.05,mid,1.0,ALL,3970,2433,1088,394,55,0.613,3970,1.177,1199.6,0.0901,51.2,2433,1.125,527.6,0.0538,50.1,1088,1.369,644.7,0.2184,55.1,-0.1646,0.0,-0.1033,0.1,1.116,1.28,359.9,806.5,,
s14_ob_mit_bias,B3_db0.10,mid,1.0,ALL,3970,2223,896,796,55,0.56,3970,1.177,1199.6,0.0901,51.2,2223,1.116,449.3,0.0432,49.7,896,1.489,686.7,0.2912,57.3,-0.248,0.0,-0.1117,0.109,1.126,1.313,348.1,791.9,,
s14_ob_mit_bias,B5_w2,mid,1.0,ALL,3970,1952,2005,13,0,0.492,3970,1.177,1199.6,0.0901,51.2,1952,1.195,644.2,0.106,51.7,2005,1.16,554.7,0.0762,50.6,0.0299,0.546,-0.1036,0.0999,1.098,1.261,342.4,861.3,,
s14_ob_mit_bias,B1,mid,1.0,TRAIN,2549,1151,1118,280,0,0.452,2549,1.122,518.9,0.0525,50.6,1151,1.111,215.0,0.0325,49.9,1118,1.152,277.7,0.0773,51.4,-0.0449,0.518,-0.1316,0.1332,1.031,1.236,60.5,431.7,0.442,
s14_ob_mit_bias,B2,mid,1.0,TRAIN,2549,1031,1518,0,0,0.404,2549,1.122,518.9,0.0525,50.6,1031,1.181,300.3,0.1155,52.8,1518,1.084,218.6,0.0098,49.1,0.1057,0.104,-0.1219,0.131,1.033,1.232,73.0,466.8,0.076,
s14_ob_mit_bias,B3,mid,1.0,TRAIN,2549,1750,798,1,0,0.687,2549,1.122,518.9,0.0525,50.6,1750,1.063,186.7,0.0004,49.0,798,1.253,327.1,0.1648,53.9,-0.1644,0.0075,-0.1214,0.1263,1.031,1.225,71.0,450.1,0.01,
s14_ob_mit_bias,B4,mid,1.0,TRAIN,2549,1143,1163,243,0,0.448,2549,1.122,518.9,0.0525,50.6,1143,1.33,579.9,0.1652,54.3,1163,0.994,-11.4,-0.028,47.8,0.1932,0.003,-0.1348,0.1258,1.044,1.255,87.6,460.4,0.0,
s14_ob_mit_bias,B5,mid,1.0,TRAIN,2549,1287,1262,0,0,0.505,2549,1.122,518.9,0.0525,50.6,1287,1.15,318.8,0.0671,51.0,1262,1.094,200.1,0.0377,50.1,0.0293,0.6365,-0.1206,0.1208,1.031,1.219,68.2,447.7,0.606,
s14_ob_mit_bias,B6,mid,1.0,TRAIN,2549,791,1575,183,0,0.31,2549,1.122,518.9,0.0525,50.6,791,1.084,111.9,0.0063,49.2,1575,1.177,455.2,0.0943,51.9,-0.088,0.16,-0.1226,0.1211,1.054,1.245,109.3,457.8,0.184,
s14_ob_mit_bias,C2,mid,1.0,TRAIN,2549,1283,1232,0,34,0.503,2549,1.122,518.9,0.0525,50.6,1283,1.13,278.7,0.0442,50.3,1232,1.103,211.8,0.0551,50.6,-0.0108,0.8655,-0.1326,0.1262,1.019,1.219,42.3,447.5,0.888,
s14_ob_mit_bias,B1_utc,mid,1.0,TRAIN,2549,1045,946,558,0,0.41,2549,1.122,518.9,0.0525,50.6,1045,1.057,103.6,-0.003,48.5,946,1.165,252.4,0.0871,51.8,-0.09,0.2165,-0.1475,0.1378,0.998,1.217,-4.3,347.5,,
s14_ob_mit_bias,B2_lb2,mid,1.0,TRAIN,2549,1017,1532,0,0,0.399,2549,1.122,518.9,0.0525,50.6,1017,1.225,363.1,0.1432,53.6,1532,1.059,155.8,-0.0076,48.6,0.1508,0.0165,-0.1202,0.1235,1.032,1.226,73.0,454.7,,
s14_ob_mit_bias,B2_lb5,mid,1.0,TRAIN,2549,1079,1470,0,0,0.423,2549,1.122,518.9,0.0525,50.6,1079,1.143,252.9,0.0866,51.7,1470,1.108,265.9,0.0276,49.7,0.059,0.3425,-0.1215,0.1197,1.032,1.22,71.9,445.3,,
s14_ob_mit_bias,B3_db0.05,mid,1.0,TRAIN,2549,1591,680,223,55,0.624,2549,1.122,518.9,0.0525,50.6,1591,1.075,201.4,0.0113,49.3,680,1.248,273.3,0.1675,54.0,-0.1561,0.0195,-0.1258,0.1364,1.033,1.237,66.2,425.3,,
s14_ob_mit_bias,B3_db0.10,mid,1.0,TRAIN,2549,1456,565,473,55,0.571,2549,1.122,518.9,0.0525,50.6,1456,1.072,177.5,0.0035,49.0,565,1.41,361.8,0.2659,56.8,-0.2625,0.0,-0.1421,0.1411,1.057,1.276,97.1,438.6,,
s14_ob_mit_bias,B5_w2,mid,1.0,TRAIN,2549,1250,1286,13,0,0.49,2549,1.122,518.9,0.0525,50.6,1250,1.202,407.3,0.1014,52.2,1286,1.05,111.0,0.007,49.1,0.0944,0.1325,-0.1189,0.1267,1.03,1.222,65.6,458.4,,
s14_ob_mit_bias,B1,mid,1.0,TEST,1421,623,647,151,0,0.438,1421,1.267,680.7,0.1576,52.2,623,1.338,364.6,0.2154,54.3,647,1.207,248.2,0.112,50.5,0.1034,0.255,-0.1733,0.1839,1.131,1.441,154.0,463.4,0.216,
s14_ob_mit_bias,B2,mid,1.0,TEST,1421,614,807,0,0,0.432,1421,1.267,680.7,0.1576,52.2,614,1.489,500.8,0.2517,55.2,807,1.118,179.9,0.086,49.9,0.1657,0.0535,-0.1745,0.1656,1.136,1.425,180.3,503.9,0.04,
s14_ob_mit_bias,B3,mid,1.0,TEST,1421,958,463,0,0,0.674,1421,1.267,680.7,0.1576,52.2,958,1.168,300.0,0.0994,50.3,463,1.5,380.6,0.278,56.2,-0.1786,0.035,-0.1581,0.1655,1.134,1.428,182.7,500.2,0.034,
s14_ob_mit_bias,B4,mid,1.0,TEST,1421,604,704,113,0,0.425,1421,1.267,680.7,0.1576,52.2,604,1.309,322.2,0.1987,53.8,704,1.278,350.7,0.1431,51.7,0.0555,0.5605,-0.1744,0.1726,1.144,1.461,176.0,496.7,0.482,
s14_ob_mit_bias,B5,mid,1.0,TEST,1421,694,727,0,0,0.488,1421,1.267,680.7,0.1576,52.2,694,1.194,248.6,0.1049,50.4,727,1.341,432.1,0.2079,53.9,-0.1031,0.2435,-0.1658,0.1716,1.127,1.428,171.3,503.1,0.174,
s14_ob_mit_bias,B6,mid,1.0,TEST,1421,441,903,77,0,0.31,1421,1.267,680.7,0.1576,52.2,441,1.197,158.3,0.1286,51.5,903,1.302,485.9,0.1803,52.8,-0.0517,0.5685,-0.166,0.179,1.135,1.429,170.3,480.1,0.542,
s14_ob_mit_bias,C2,mid,1.0,TEST,1421,687,734,0,0,0.483,1421,1.267,680.7,0.1576,52.2,687,1.225,278.6,0.1374,51.7,734,1.307,402.1,0.1765,52.7,-0.0392,0.659,-0.1734,0.1683,1.132,1.427,180.6,505.4,0.572,
s14_ob_mit_bias,B1_utc,mid,1.0,TEST,1421,618,567,236,0,0.435,1421,1.267,680.7,0.1576,52.2,618,1.279,312.8,0.1794,52.8,567,1.282,281.5,0.1518,52.2,0.0276,0.7675,-0.1802,0.1838,1.134,1.452,151.2,440.5,,
s14_ob_mit_bias,B2_lb2,mid,1.0,TEST,1421,551,870,0,0,0.388,1421,1.267,680.7,0.1576,52.2,551,1.465,429.3,0.25,55.2,870,1.155,251.4,0.0991,50.3,0.1509,0.0885,-0.1744,0.1757,1.125,1.441,169.0,509.8,,
s14_ob_mit_bias,B2_lb5,mid,1.0,TEST,1421,632,789,0,0,0.445,1421,1.267,680.7,0.1576,52.2,632,1.462,490.8,0.2357,54.7,789,1.128,189.9,0.095,50.2,0.1407,0.0965,-0.1692,0.1675,1.129,1.421,173.0,505.2,,
s14_ob_mit_bias,B3_db0.05,mid,1.0,TEST,1421,842,408,171,0,0.593,1421,1.267,680.7,0.1576,52.2,842,1.213,326.2,0.1342,51.5,408,1.573,371.4,0.3034,57.1,-0.1692,0.0655,-0.175,0.1796,1.17,1.506,195.5,508.5,,
s14_ob_mit_bias,B3_db0.10,mid,1.0,TEST,1421,767,331,323,0,0.54,1421,1.267,680.7,0.1576,52.2,767,1.19,271.8,0.1187,50.8,331,1.623,324.9,0.3344,58.0,-0.2157,0.025,-0.1872,0.1893,1.151,1.497,155.3,447.3,,
s14_ob_mit_bias,B5_w2,mid,1.0,TEST,1421,702,719,0,0,0.494,1421,1.267,680.7,0.1576,52.2,702,1.185,236.9,0.1143,51.0,719,1.35,443.8,0.1999,53.4,-0.0856,0.3245,-0.1631,0.1662,1.133,1.431,177.9,503.9,,
s14_ob_mit_bias,B1,q,0.45,ALL,3970,1774,1765,431,0,0.447,3970,1.352,2181.9,0.2111,47.1,1774,1.395,1079.3,0.2268,47.6,1765,1.318,889.7,0.1968,46.6,0.03,0.565,-0.115,0.0999,1.25,1.455,712.6,1220.6,,
s14_ob_mit_bias,B2,q,0.45,ALL,3970,1645,2325,0,0,0.414,3970,1.352,2181.9,0.2111,47.1,1645,1.452,1125.9,0.2719,49.1,2325,1.285,1056.1,0.168,45.6,0.1039,0.0445,-0.0983,0.1031,1.261,1.455,833.8,1359.3,,
s14_ob_mit_bias,B3,q,0.45,ALL,3970,2708,1261,1,0,0.682,3970,1.352,2181.9,0.2111,47.1,2708,1.28,1203.7,0.1643,45.6,1261,1.51,972.7,0.3101,50.2,-0.1458,0.003,-0.1028,0.1014,1.256,1.452,828.9,1343.0,,
s14_ob_mit_bias,B4,q,0.45,ALL,3970,1747,1867,356,0,0.44,3970,1.352,2181.9,0.2111,47.1,1747,1.553,1403.0,0.3183,50.7,1867,1.25,758.8,0.142,44.7,0.1763,0.0005,-0.1006,0.0999,1.292,1.492,832.6,1327.6,,
s14_ob_mit_bias,B5,q,0.45,ALL,3970,1981,1989,0,0,0.499,3970,1.352,2181.9,0.2111,47.1,1981,1.35,1083.5,0.2044,46.8,1989,1.354,1098.5,0.2177,47.3,-0.0134,0.809,-0.0988,0.1028,1.259,1.451,823.7,1360.5,,
s14_ob_mit_bias,B6,q,0.45,ALL,3970,1232,2478,260,0,0.31,3970,1.352,2181.9,0.2111,47.1,1232,1.328,630.5,0.1855,46.3,2478,1.384,1482.5,0.2355,47.8,-0.05,0.3245,-0.1013,0.0983,1.273,1.464,804.2,1304.6,,
s14_ob_mit_bias,C2,q,0.45,ALL,3970,1970,1966,0,34,0.496,3970,1.352,2181.9,0.2111,47.1,1970,1.369,1126.9,0.2109,47.1,1966,1.331,1027.4,0.21,47.0,0.001,0.979,-0.0991,0.1055,1.257,1.453,809.6,1348.5,,
s14_ob_mit_bias,B1_utc,q,0.45,ALL,3970,1663,1513,794,0,0.419,3970,1.352,2181.9,0.2111,47.1,1663,1.339,903.8,0.1956,46.4,1513,1.35,819.6,0.2164,47.3,-0.0208,0.7045,-0.1153,0.1139,1.244,1.455,625.5,1095.9,,
s14_ob_mit_bias,B2_lb2,q,0.45,ALL,3970,1568,2402,0,0,0.395,3970,1.352,2181.9,0.2111,47.1,1568,1.469,1106.5,0.2888,49.6,2402,1.28,1075.4,0.1603,45.4,0.1285,0.008,-0.0909,0.0952,1.266,1.447,851.9,1348.4,,
s14_ob_mit_bias,B2_lb5,q,0.45,ALL,3970,1711,2259,0,0,0.431,3970,1.352,2181.9,0.2111,47.1,1711,1.399,1052.3,0.2417,48.0,2259,1.317,1129.7,0.1878,46.3,0.0539,0.298,-0.1016,0.1008,1.257,1.453,827.4,1355.1,,
s14_ob_mit_bias,B3_db0.05,q,0.45,ALL,3970,2433,1088,394,55,0.613,3970,1.352,2181.9,0.2111,47.1,2433,1.306,1167.0,0.1793,46.1,1088,1.534,869.0,0.3176,50.5,-0.1382,0.0135,-0.1046,0.1094,1.27,1.486,765.3,1266.8,,
s14_ob_mit_bias,B3_db0.10,q,0.45,ALL,3970,2223,896,796,55,0.56,3970,1.352,2181.9,0.2111,47.1,2223,1.3,1055.4,0.172,45.8,896,1.668,876.9,0.3918,52.8,-0.2198,0.0005,-0.1146,0.111,1.297,1.516,736.6,1199.9,,
s14_ob_mit_bias,B5_w2,q,0.45,ALL,3970,1952,2005,13,0,0.492,3970,1.352,2181.9,0.2111,47.1,1952,1.407,1213.9,0.2424,48.1,2005,1.303,969.4,0.1825,46.1,0.0599,0.233,-0.0979,0.0984,1.261,1.449,830.4,1346.2,,
s14_ob_mit_bias,B1,q,0.45,TRAIN,2549,1151,1118,280,0,0.452,2549,1.295,1140.7,0.1779,46.3,1151,1.299,524.0,0.1675,45.9,1118,1.309,520.1,0.1896,46.7,-0.0221,0.7335,-0.1286,0.128,1.194,1.427,336.4,711.1,,
s14_ob_mit_bias,B2,q,0.45,TRAIN,2549,1031,1518,0,0,0.404,2549,1.295,1140.7,0.1779,46.3,1031,1.372,563.1,0.2387,48.3,1518,1.246,577.5,0.1366,44.9,0.1021,0.0995,-0.1161,0.1234,1.191,1.412,379.1,767.4,,
s14_ob_mit_bias,B3,q,0.45,TRAIN,2549,1750,798,1,0,0.687,2549,1.295,1140.7,0.1779,46.3,1750,1.238,635.6,0.1347,44.9,798,1.418,499.5,0.2704,49.1,-0.1357,0.0285,-0.1256,0.1222,1.181,1.41,369.6,755.1,,
s14_ob_mit_bias,B4,q,0.45,TRAIN,2549,1143,1163,243,0,0.448,2549,1.295,1140.7,0.1779,46.3,1143,1.546,873.7,0.3026,50.4,1163,1.142,265.1,0.088,43.3,0.2146,0.002,-0.1302,0.1278,1.212,1.456,374.1,762.2,,
s14_ob_mit_bias,B5,q,0.45,TRAIN,2549,1287,1262,0,0,0.505,2549,1.295,1140.7,0.1779,46.3,1287,1.334,644.6,0.1929,46.8,1262,1.256,496.1,0.1626,45.7,0.0303,0.636,-0.1195,0.123,1.191,1.412,377.7,774.7,,
s14_ob_mit_bias,B6,q,0.45,TRAIN,2549,791,1575,183,0,0.31,2549,1.295,1140.7,0.1779,46.3,791,1.28,333.9,0.1505,45.4,1575,1.341,806.7,0.2081,47.2,-0.0576,0.365,-0.1216,0.1151,1.209,1.431,380.1,744.7,,
s14_ob_mit_bias,C2,q,0.45,TRAIN,2549,1283,1232,0,34,0.503,2549,1.295,1140.7,0.1779,46.3,1283,1.327,632.4,0.1825,46.4,1232,1.255,480.7,0.1702,46.0,0.0122,0.8425,-0.1267,0.1247,1.185,1.411,366.4,754.0,,
s14_ob_mit_bias,B1_utc,q,0.45,TRAIN,2549,1045,946,558,0,0.41,2549,1.295,1140.7,0.1779,46.3,1045,1.229,378.5,0.1258,44.4,946,1.338,473.1,0.2106,47.4,-0.0848,0.256,-0.1432,0.1457,1.159,1.408,248.6,612.3,,
s14_ob_mit_bias,B2_lb2,q,0.45,TRAIN,2549,1017,1532,0,0,0.399,2549,1.295,1140.7,0.1779,46.3,1017,1.423,624.9,0.2688,49.3,1532,1.216,515.8,0.1175,44.3,0.1512,0.012,-0.1147,0.1115,1.194,1.408,383.3,748.8,,
s14_ob_mit_bias,B2_lb5,q,0.45,TRAIN,2549,1079,1470,0,0,0.423,2549,1.295,1140.7,0.1779,46.3,1079,1.306,497.0,0.2004,47.0,1470,1.288,643.7,0.1613,45.7,0.0391,0.525,-0.1273,0.1269,1.186,1.416,368.0,768.6,,
s14_ob_mit_bias,B3_db0.05,q,0.45,TRAIN,2549,1591,680,223,55,0.624,2549,1.295,1140.7,0.1779,46.3,1591,1.242,587.0,0.138,45.0,680,1.395,404.5,0.2614,48.8,-0.1235,0.0765,-0.134,0.1359,1.175,1.422,309.4,682.5,,
s14_ob_mit_bias,B3_db0.10,q,0.45,TRAIN,2549,1456,565,473,55,0.571,2549,1.295,1140.7,0.1779,46.3,1456,1.244,542.1,0.1338,44.8,565,1.576,475.8,0.3637,52.0,-0.2299,0.0005,-0.1454,0.1375,1.209,1.47,332.4,688.4,,
s14_ob_mit_bias,B5_w2,q,0.45,TRAIN,2549,1250,1286,13,0,0.49,2549,1.295,1140.7,0.1779,46.3,1250,1.41,749.8,0.2387,48.2,1286,1.195,392.3,0.1214,44.4,0.1172,0.0555,-0.1191,0.1195,1.192,1.412,379.0,771.5,,
s14_ob_mit_bias,B1,q,0.45,TEST,1421,623,647,151,0,0.438,1421,1.445,1041.3,0.2706,48.5,623,1.566,555.3,0.3362,50.7,647,1.331,369.6,0.2091,46.4,0.127,0.1805,-0.1955,0.1851,1.268,1.635,291.0,631.8,,
s14_ob_mit_bias,B2,q,0.45,TEST,1421,614,807,0,0,0.432,1421,1.445,1041.3,0.2706,48.5,614,1.576,562.7,0.3277,50.3,807,1.351,478.5,0.2272,47.1,0.1005,0.2665,-0.1807,0.173,1.279,1.625,342.5,692.8,,
s14_ob_mit_bias,B3,q,0.45,TEST,1421,958,463,0,0,0.674,1421,1.445,1041.3,0.2706,48.5,958,1.349,568.1,0.2184,46.8,463,1.664,473.2,0.3786,52.1,-0.1602,0.075,-0.1702,0.1757,1.285,1.636,353.3,689.2,,
s14_ob_mit_bias,B4,q,0.45,TEST,1421,604,704,113,0,0.425,1421,1.445,1041.3,0.2706,48.5,604,1.564,529.3,0.3478,51.2,704,1.421,493.6,0.2311,47.2,0.1167,0.2025,-0.1866,0.1743,1.3,1.682,338.7,676.0,,
s14_ob_mit_bias,B5,q,0.45,TEST,1421,694,727,0,0,0.488,1421,1.445,1041.3,0.2706,48.5,694,1.376,438.9,0.2257,47.0,727,1.514,602.4,0.3135,49.9,-0.0878,0.3375,-0.1752,0.1749,1.283,1.631,347.5,698.8,,
s14_ob_mit_bias,B6,q,0.45,TEST,1421,441,903,77,0,0.31,1421,1.445,1041.3,0.2706,48.5,441,1.407,296.6,0.2483,47.8,903,1.452,675.8,0.2831,48.8,-0.0348,0.695,-0.1735,0.1811,1.284,1.627,323.9,659.4,,
s14_ob_mit_bias,C2,q,0.45,TEST,1421,687,734,0,0,0.483,1421,1.445,1041.3,0.2706,48.5,687,1.441,494.5,0.2641,48.3,734,1.448,546.7,0.2767,48.6,-0.0126,0.8895,-0.1731,0.1729,1.285,1.632,350.7,694.9,,
s14_ob_mit_bias,B1_utc,q,0.45,TEST,1421,618,567,236,0,0.435,1421,1.445,1041.3,0.2706,48.5,618,1.519,525.3,0.3138,49.8,567,1.368,346.5,0.2262,47.1,0.0876,0.3625,-0.1969,0.188,1.266,1.65,272.3,595.4,,
s14_ob_mit_bias,B2_lb2,q,0.45,TEST,1421,551,870,0,0,0.388,1421,1.445,1041.3,0.2706,48.5,551,1.546,481.6,0.3259,50.3,870,1.384,559.7,0.2356,47.4,0.0903,0.336,-0.1803,0.1812,1.282,1.643,344.4,700.0,,
s14_ob_mit_bias,B2_lb5,q,0.45,TEST,1421,632,789,0,0,0.445,1421,1.445,1041.3,0.2706,48.5,632,1.548,555.2,0.3123,49.8,789,1.366,486.0,0.2372,47.4,0.0751,0.402,-0.184,0.1852,1.271,1.639,337.1,706.6,,
s14_ob_mit_bias,B3_db0.05,q,0.45,TEST,1421,842,408,171,0,0.593,1421,1.445,1041.3,0.2706,48.5,842,1.417,579.9,0.2575,48.1,408,1.77,464.4,0.4112,53.2,-0.1537,0.0985,-0.1839,0.1839,1.341,1.739,358.3,684.8,,
s14_ob_mit_bias,B3_db0.10,q,0.45,TEST,1421,767,331,323,0,0.54,1421,1.445,1041.3,0.2706,48.5,767,1.397,513.3,0.2446,47.6,331,1.824,401.0,0.4398,54.1,-0.1952,0.0565,-0.2032,0.1983,1.317,1.747,298.8,615.9,,
s14_ob_mit_bias,B5_w2,q,0.45,TEST,1421,702,719,0,0,0.494,1421,1.445,1041.3,0.2706,48.5,702,1.402,464.1,0.249,47.9,719,1.487,577.1,0.2917,49.1,-0.0428,0.623,-0.1748,0.1725,1.279,1.641,342.0,690.4,,
s14_ob_mit_bias,B1,q,0.7,ALL,3970,1774,1765,431,0,0.447,3970,1.177,1189.4,0.0999,47.0,1774,1.215,635.8,0.1154,47.6,1765,1.148,448.4,0.086,46.5,0.0294,0.582,-0.1031,0.1074,1.099,1.271,306.5,790.5,0.578,
s14_ob_mit_bias,B2,q,0.7,ALL,3970,1645,2325,0,0,0.414,3970,1.177,1189.4,0.0999,47.0,1645,1.265,714.6,0.1609,49.1,2325,1.118,474.8,0.0567,45.6,0.1042,0.043,-0.1005,0.1033,1.098,1.264,343.2,856.0,0.032,
s14_ob_mit_bias,B3,q,0.7,ALL,3970,2708,1261,1,0,0.682,3970,1.177,1189.4,0.0999,47.0,2708,1.113,526.7,0.0521,45.5,1261,1.318,657.4,0.2013,50.2,-0.1493,0.002,-0.0945,0.1012,1.1,1.263,351.0,845.9,0.006,
s14_ob_mit_bias,B4,q,0.7,ALL,3970,1747,1867,356,0,0.44,3970,1.177,1189.4,0.0999,47.0,1747,1.351,966.3,0.2063,50.7,1867,1.089,292.0,0.0316,44.7,0.1748,0.001,-0.1021,0.1032,1.122,1.301,381.7,882.1,0.0,
s14_ob_mit_bias,B5,q,0.7,ALL,3970,1981,1989,0,0,0.499,3970,1.177,1189.4,0.0999,47.0,1981,1.175,588.2,0.0932,46.8,1989,1.178,601.2,0.1066,47.3,-0.0134,0.7995,-0.1004,0.1014,1.094,1.262,327.4,847.2,0.792,
s14_ob_mit_bias,B6,q,0.7,ALL,3970,1232,2478,260,0,0.31,3970,1.177,1189.4,0.0999,47.0,1232,1.154,322.5,0.073,46.3,2478,1.206,863.0,0.1252,47.8,-0.0522,0.316,-0.1027,0.1068,1.106,1.279,344.9,843.6,0.32,
s14_ob_mit_bias,C2,q,0.7,ALL,3970,1970,1966,0,34,0.496,3970,1.177,1189.4,0.0999,47.0,1970,1.191,634.4,0.0994,47.1,1966,1.159,535.9,0.0994,46.9,-0.0,0.9995,-0.0963,0.0984,1.097,1.26,328.8,839.3,1.0,
s14_ob_mit_bias,B1_utc,q,0.7,ALL,3970,1663,1513,794,0,0.419,3970,1.177,1189.4,0.0999,47.0,1663,1.169,488.1,0.0861,46.4,1513,1.174,441.3,0.1047,47.3,-0.0185,0.7575,-0.1125,0.1163,1.082,1.266,229.5,699.3,,
s14_ob_mit_bias,B2_lb2,q,0.7,ALL,3970,1568,2402,0,0,0.395,3970,1.177,1189.4,0.0999,47.0,1568,1.28,714.5,0.1779,49.6,2402,1.114,474.9,0.049,45.3,0.129,0.0115,-0.0974,0.097,1.1,1.264,349.5,854.9,,
s14_ob_mit_bias,B2_lb5,q,0.7,ALL,3970,1711,2259,0,0,0.431,3970,1.177,1189.4,0.0999,47.0,1711,1.218,624.5,0.1309,48.0,2259,1.146,564.9,0.0764,46.3,0.0545,0.299,-0.0988,0.0984,1.095,1.259,334.1,849.1,,
s14_ob_mit_bias,B3_db0.05,q,0.7,ALL,3970,2433,1088,394,55,0.613,3970,1.177,1189.4,0.0999,47.0,2433,1.135,558.7,0.0671,46.0,1088,1.339,597.0,0.2086,50.5,-0.1415,0.006,-0.1051,0.1034,1.11,1.287,331.9,808.4,,
s14_ob_mit_bias,B3_db0.10,q,0.7,ALL,3970,2223,896,796,55,0.56,3970,1.177,1189.4,0.0999,47.0,2223,1.131,499.7,0.0604,45.7,896,1.46,652.9,0.2852,52.8,-0.2248,0.0,-0.1112,0.1125,1.125,1.32,343.9,807.6,,
s14_ob_mit_bias,B5_w2,q,0.7,ALL,3970,1952,2005,13,0,0.492,3970,1.177,1189.4,0.0999,47.0,1952,1.224,725.9,0.1308,48.1,2005,1.135,468.1,0.0719,46.0,0.0589,0.2565,-0.1022,0.1015,1.096,1.265,331.9,861.1,,
s14_ob_mit_bias,B1,q,0.7,TRAIN,2549,1151,1118,280,0,0.452,2549,1.12,503.4,0.0617,46.2,1151,1.124,236.2,0.0516,45.9,1118,1.131,240.6,0.0732,46.6,-0.0216,0.759,-0.1287,0.1314,1.032,1.231,61.3,415.1,0.762,
s14_ob_mit_bias,B2,q,0.7,TRAIN,2549,1031,1518,0,0,0.404,2549,1.12,503.4,0.0617,46.2,1031,1.186,305.4,0.1219,48.3,1518,1.077,198.0,0.0209,44.8,0.1009,0.1065,-0.1268,0.1188,1.025,1.221,54.3,447.8,0.112,
s14_ob_mit_bias,B3,q,0.7,TRAIN,2549,1750,798,1,0,0.687,2549,1.12,503.4,0.0617,46.2,1750,1.068,198.1,0.0171,44.9,798,1.231,300.0,0.1575,49.1,-0.1404,0.028,-0.121,0.1222,1.026,1.22,56.7,439.2,0.028,
s14_ob_mit_bias,B4,q,0.7,TRAIN,2549,1143,1163,243,0,0.448,2549,1.12,503.4,0.0617,46.2,1143,1.337,588.0,0.1865,50.4,1163,0.987,-25.6,-0.0275,43.2,0.214,0.002,-0.1297,0.1345,1.048,1.26,91.4,473.8,0.0,
s14_ob_mit_bias,B5,q,0.7,TRAIN,2549,1287,1262,0,0,0.505,2549,1.12,503.4,0.0617,46.2,1287,1.154,322.8,0.0768,46.7,1262,1.086,180.6,0.0464,45.7,0.0304,0.6315,-0.1228,0.1247,1.029,1.22,63.1,444.8,0.592,
s14_ob_mit_bias,B6,q,0.7,TRAIN,2549,791,1575,183,0,0.31,2549,1.12,503.4,0.0617,46.2,791,1.105,136.2,0.0332,45.4,1575,1.161,412.9,0.0927,47.2,-0.0595,0.3555,-0.1265,0.1252,1.044,1.247,84.8,461.0,0.354,
s14_ob_mit_bias,C2,q,0.7,TRAIN,2549,1283,1232,0,34,0.503,2549,1.12,503.4,0.0617,46.2,1283,1.148,311.6,0.0665,46.4,1232,1.084,172.7,0.0542,45.9,0.0123,0.8445,-0.1257,0.1206,1.024,1.215,49.8,431.7,0.832,
s14_ob_mit_bias,B1_utc,q,0.7,TRAIN,2549,1045,946,558,0,0.41,2549,1.12,503.4,0.0617,46.2,1045,1.065,117.3,0.0111,44.4,946,1.155,236.6,0.0939,47.4,-0.0828,0.2585,-0.14,0.1371,1.003,1.214,5.5,343.4,,
s14_ob_mit_bias,B2_lb2,q,0.7,TRAIN,2549,1017,1532,0,0,0.399,2549,1.12,503.4,0.0617,46.2,1017,1.231,370.7,0.1527,49.3,1532,1.051,132.8,0.0014,44.2,0.1513,0.011,-0.1193,0.118,1.027,1.215,56.3,439.3,,
s14_ob_mit_bias,B2_lb5,q,0.7,TRAIN,2549,1079,1470,0,0,0.423,2549,1.12,503.4,0.0617,46.2,1079,1.128,227.3,0.0842,47.0,1470,1.113,276.2,0.0452,45.6,0.039,0.515,-0.1212,0.1266,1.03,1.217,65.4,445.3,,
s14_ob_mit_bias,B3_db0.05,q,0.7,TRAIN,2549,1591,680,223,55,0.624,2549,1.12,503.4,0.0617,46.2,1591,1.071,189.3,0.0208,44.9,680,1.211,234.5,0.1485,48.8,-0.1278,0.05,-0.1289,0.1271,1.018,1.218,34.6,392.2,,
s14_ob_mit_bias,B3_db0.10,q,0.7,TRAIN,2549,1456,565,473,55,0.571,2549,1.12,503.4,0.0617,46.2,1456,1.073,178.1,0.0169,44.8,565,1.374,334.6,0.2541,52.0,-0.2372,0.0005,-0.1456,0.143,1.046,1.274,80.9,435.6,,
s14_ob_mit_bias,B5_w2,q,0.7,TRAIN,2549,1250,1286,13,0,0.49,2549,1.12,503.4,0.0617,46.2,1250,1.22,437.3,0.1228,48.2,1286,1.032,70.8,0.0052,44.3,0.1177,0.064,-0.1223,0.124,1.03,1.221,67.0,442.3,,
s14_ob_mit_bias,B1,q,0.7,TEST,1421,623,647,151,0,0.438,1421,1.272,686.0,0.1684,48.5,623,1.378,399.6,0.2331,50.7,647,1.173,207.8,0.1081,46.4,0.1251,0.1965,-0.1851,0.183,1.114,1.448,137.5,468.5,0.16,
s14_ob_mit_bias,B2,q,0.7,TEST,1421,614,807,0,0,0.432,1421,1.272,686.0,0.1684,48.5,614,1.388,409.2,0.2265,50.3,807,1.188,276.8,0.1241,47.1,0.1024,0.2665,-0.1784,0.1791,1.128,1.443,169.8,521.4,0.216,
s14_ob_mit_bias,B3,q,0.7,TEST,1421,958,463,0,0,0.674,1421,1.272,686.0,0.1684,48.5,958,1.187,328.6,0.1159,46.8,463,1.465,357.4,0.2769,52.1,-0.161,0.0735,-0.1731,0.1715,1.133,1.443,178.6,512.2,0.054,
s14_ob_mit_bias,B4,q,0.7,TEST,1421,604,704,113,0,0.425,1421,1.272,686.0,0.1684,48.5,604,1.374,378.3,0.2439,51.2,704,1.251,317.6,0.1292,47.2,0.1148,0.2215,-0.1776,0.1871,1.155,1.488,185.6,519.3,0.172,
s14_ob_mit_bias,B5,q,0.7,TEST,1421,694,727,0,0,0.488,1421,1.272,686.0,0.1684,48.5,694,1.211,265.4,0.1236,47.0,727,1.333,420.6,0.2111,49.9,-0.0875,0.3265,-0.1696,0.1813,1.131,1.45,174.2,517.5,0.258,
s14_ob_mit_bias,B6,q,0.7,TEST,1421,441,903,77,0,0.31,1421,1.272,686.0,0.1684,48.5,441,1.237,186.3,0.1444,47.8,903,1.28,450.1,0.182,48.8,-0.0376,0.6835,-0.1811,0.1748,1.123,1.428,151.2,485.2,0.69,
s14_ob_mit_bias,C2,q,0.7,TEST,1421,687,734,0,0,0.483,1421,1.272,686.0,0.1684,48.5,687,1.267,322.8,0.1608,48.3,734,1.277,363.2,0.1754,48.6,-0.0146,0.8775,-0.1802,0.1826,1.123,1.452,160.7,530.7,0.848,
s14_ob_mit_bias,B1_utc,q,0.7,TEST,1421,618,567,236,0,0.435,1421,1.272,686.0,0.1684,48.5,618,1.34,370.8,0.213,49.8,567,1.201,204.7,0.1226,47.1,0.0904,0.351,-0.1871,0.1919,1.119,1.448,131.6,434.2,,
s14_ob_mit_bias,B2_lb2,q,0.7,TEST,1421,551,870,0,0,0.388,1421,1.272,686.0,0.1684,48.5,551,1.362,343.8,0.2246,50.3,870,1.218,342.2,0.1328,47.4,0.0918,0.304,-0.1784,0.1714,1.125,1.439,166.3,514.8,,
s14_ob_mit_bias,B2_lb5,q,0.7,TEST,1421,632,789,0,0,0.445,1421,1.272,686.0,0.1684,48.5,632,1.364,397.2,0.2106,49.8,789,1.202,288.8,0.1346,47.4,0.0761,0.409,-0.1686,0.1796,1.131,1.453,176.6,518.8,,
s14_ob_mit_bias,B3_db0.05,q,0.7,TEST,1421,842,408,171,0,0.593,1421,1.272,686.0,0.1684,48.5,842,1.246,369.4,0.1545,48.1,408,1.557,362.4,0.3087,53.2,-0.1542,0.0915,-0.1849,0.1871,1.181,1.535,214.7,532.0,,
s14_ob_mit_bias,B3_db0.10,q,0.7,TEST,1421,767,331,323,0,0.54,1421,1.272,686.0,0.1684,48.5,767,1.231,321.5,0.1429,47.6,331,1.607,318.3,0.3383,54.1,-0.1954,0.058,-0.1936,0.2059,1.171,1.542,171.1,480.2,,
s14_ob_mit_bias,B5_w2,q,0.7,TEST,1421,702,719,0,0,0.494,1421,1.272,686.0,0.1684,48.5,702,1.232,288.6,0.145,47.9,719,1.311,397.4,0.1912,49.1,-0.0462,0.6225,-0.1656,0.1793,1.137,1.447,179.6,526.3,,
s95_session_breakout,B1,mid,0.75,ALL,999,536,362,101,0,0.537,999,1.32,1396.2,0.0487,69.6,536,1.221,544.6,0.0517,70.5,362,1.325,502.9,0.0494,69.3,0.0023,0.9465,-0.0628,0.0585,1.05,1.509,110.3,909.2,,
s95_session_breakout,B2,mid,0.75,ALL,999,230,769,0,0,0.23,999,1.32,1396.2,0.0487,69.6,230,1.048,54.4,0.0055,67.0,769,1.417,1341.8,0.0616,70.4,-0.056,0.05,-0.0554,0.056,1.116,1.583,273.7,1136.9,,
s95_session_breakout,B3,mid,0.75,ALL,999,893,106,0,0,0.894,999,1.32,1396.2,0.0487,69.6,893,1.314,1249.7,0.0448,69.1,106,1.376,146.5,0.0811,73.6,-0.0363,0.247,-0.061,0.0623,1.091,1.615,219.4,1174.6,,
s95_session_breakout,B4,mid,0.75,ALL,999,511,412,76,0,0.512,999,1.32,1396.2,0.0487,69.6,511,1.273,596.2,0.0642,71.8,412,1.352,674.6,0.0283,66.3,0.0359,0.2265,-0.0587,0.0603,1.098,1.589,217.0,1063.8,,
s95_session_breakout,B5,mid,0.75,ALL,999,550,449,0,0,0.551,999,1.32,1396.2,0.0487,69.6,550,1.186,467.3,0.0396,68.5,449,1.5,928.9,0.0598,70.8,-0.0202,0.4795,-0.0596,0.057,1.102,1.582,243.5,1131.2,,
s95_session_breakout,B6,mid,0.75,ALL,999,470,446,83,0,0.47,999,1.32,1396.2,0.0487,69.6,470,1.192,428.7,0.0448,69.6,446,1.386,691.6,0.0623,70.6,-0.0176,0.568,-0.0607,0.0615,1.081,1.544,173.5,969.2,,
s95_session_breakout,C2,mid,0.75,ALL,999,576,413,0,10,0.577,999,1.32,1396.2,0.0487,69.6,576,1.224,565.3,0.05,69.8,413,1.464,840.5,0.0517,69.5,-0.0016,0.961,-0.0581,0.0589,1.098,1.596,236.4,1153.6,,
s95_session_breakout,B1_utc,mid,0.75,ALL,999,479,326,194,0,0.479,999,1.32,1396.2,0.0487,69.6,479,1.353,726.0,0.0673,72.0,326,1.345,486.5,0.0403,69.3,0.027,0.4145,-0.0639,0.0671,1.111,1.677,211.8,1022.7,,
s95_session_breakout,B2_lb2,mid,0.75,ALL,999,184,815,0,0,0.184,999,1.32,1396.2,0.0487,69.6,184,1.075,70.4,0.0214,68.5,815,1.386,1325.9,0.0548,69.8,-0.0335,0.2695,-0.0593,0.0541,1.105,1.594,251.4,1153.0,,
s95_session_breakout,B2_lb5,mid,0.75,ALL,999,291,708,0,0,0.291,999,1.32,1396.2,0.0487,69.6,291,1.156,216.3,0.0187,68.0,708,1.397,1179.9,0.061,70.2,-0.0423,0.13,-0.0563,0.0555,1.116,1.568,279.9,1091.3,,
s95_session_breakout,B3_db0.05,mid,0.75,ALL,999,827,63,94,15,0.828,999,1.32,1396.2,0.0487,69.6,827,1.301,1133.7,0.0459,69.0,63,1.488,107.2,0.0607,71.4,-0.0148,0.6555,-0.0674,0.0645,1.067,1.613,149.3,1077.1,,
s95_session_breakout,B3_db0.10,mid,0.75,ALL,999,772,42,170,15,0.773,999,1.32,1396.2,0.0487,69.6,772,1.331,1162.1,0.0456,68.7,42,1.245,43.7,0.0413,66.7,0.0043,0.8965,-0.0663,0.0704,1.075,1.647,156.8,1028.6,,
s95_session_breakout,B5_w2,mid,0.75,ALL,999,536,460,3,0,0.537,999,1.32,1396.2,0.0487,69.6,536,1.207,502.9,0.0422,69.8,460,1.463,891.5,0.0574,69.3,-0.0152,0.6105,-0.0549,0.0575,1.109,1.573,264.6,1137.9,,
s95_session_breakout,B1,mid,0.75,TRAIN,615,335,216,64,0,0.545,615,1.299,563.1,0.0407,69.6,335,1.298,317.9,0.0474,71.3,216,1.244,157.6,0.0425,69.0,0.0049,0.906,-0.0747,0.0813,1.018,1.646,18.2,460.6,,
s95_session_breakout,B2,mid,0.75,TRAIN,615,144,471,0,0,0.234,615,1.299,563.1,0.0407,69.6,144,1.081,42.9,0.007,67.4,471,1.385,520.3,0.051,70.3,-0.0439,0.2625,-0.0739,0.073,1.071,1.615,72.0,505.4,,
s95_session_breakout,B3,mid,0.75,TRAIN,615,555,60,0,0,0.902,615,1.299,563.1,0.0407,69.6,555,1.295,509.9,0.0406,69.5,60,1.342,53.2,0.0417,70.0,-0.0012,0.9685,-0.075,0.0767,1.051,1.656,53.0,516.3,,
s95_session_breakout,B4,mid,0.75,TRAIN,615,320,245,50,0,0.52,615,1.299,563.1,0.0407,69.6,320,1.358,333.2,0.0718,73.1,245,1.241,197.2,0.0044,64.1,0.0674,0.072,-0.0734,0.0747,1.053,1.662,52.2,485.3,,
s95_session_breakout,B5,mid,0.75,TRAIN,615,336,279,0,0,0.546,615,1.299,563.1,0.0407,69.6,336,1.206,214.5,0.0329,69.0,279,1.415,348.6,0.0501,70.3,-0.0173,0.654,-0.071,0.074,1.056,1.615,59.7,506.6,,
s95_session_breakout,B6,mid,0.75,TRAIN,615,298,264,53,0,0.485,615,1.299,563.1,0.0407,69.6,298,1.272,267.1,0.0461,71.5,264,1.329,243.8,0.0494,69.3,-0.0034,0.936,-0.0752,0.0798,1.04,1.637,39.3,465.7,,
s95_session_breakout,C2,mid,0.75,TRAIN,615,357,248,0,10,0.58,615,1.299,563.1,0.0407,69.6,357,1.321,327.8,0.0484,70.6,248,1.297,244.8,0.0375,68.5,0.0109,0.7765,-0.0777,0.0715,1.051,1.634,51.9,505.2,,
s95_session_breakout,B1_utc,mid,0.75,TRAIN,615,290,193,132,0,0.472,615,1.299,563.1,0.0407,69.6,290,1.105,106.4,0.0377,70.7,193,1.369,200.0,0.0354,68.9,0.0023,0.9495,-0.0827,0.0797,0.953,1.529,-41.9,335.5,,
s95_session_breakout,B2_lb2,mid,0.75,TRAIN,615,113,502,0,0,0.184,615,1.299,563.1,0.0407,69.6,113,1.037,16.0,0.0328,69.0,502,1.377,547.1,0.0425,69.7,-0.0097,0.8115,-0.0726,0.0762,1.072,1.602,73.8,497.1,,
s95_session_breakout,B2_lb5,mid,0.75,TRAIN,615,186,429,0,0,0.302,615,1.299,563.1,0.0407,69.6,186,1.092,61.0,0.008,66.7,429,1.411,502.1,0.0548,70.9,-0.0468,0.205,-0.0736,0.0785,1.084,1.606,86.1,498.3,,
s95_session_breakout,B3_db0.05,mid,0.75,TRAIN,615,502,37,61,15,0.816,615,1.299,563.1,0.0407,69.6,502,1.35,534.1,0.0488,70.1,37,1.211,22.0,-0.0085,64.9,0.0572,0.1795,-0.0835,0.0856,1.057,1.751,53.3,502.2,,
s95_session_breakout,B3_db0.10,mid,0.75,TRAIN,615,469,24,107,15,0.763,615,1.299,563.1,0.0407,69.6,469,1.312,463.9,0.0443,69.3,24,0.997,-0.2,-0.037,58.3,0.0813,0.057,-0.0834,0.083,1.026,1.677,24.2,446.1,,
s95_session_breakout,B5_w2,mid,0.75,TRAIN,615,326,286,3,0,0.53,615,1.299,563.1,0.0407,69.6,326,1.36,337.8,0.0452,71.2,286,1.238,223.4,0.0376,67.8,0.0076,0.852,-0.0707,0.0717,1.054,1.631,55.1,506.7,,
s95_session_breakout,B1,mid,0.75,TEST,384,201,146,37,0,0.523,384,1.336,833.1,0.0614,69.5,201,1.163,226.7,0.0588,69.2,146,1.382,345.4,0.0597,69.9,-0.0008,0.9865,-0.0915,0.0924,0.966,1.651,-43.4,622.3,,
s95_session_breakout,B2,mid,0.75,TEST,384,86,298,0,0,0.224,384,1.336,833.1,0.0614,69.5,86,1.019,11.6,0.003,66.3,298,1.44,821.5,0.0783,70.5,-0.0752,0.113,-0.0939,0.0895,1.013,1.755,18.4,792.4,,
s95_session_breakout,B3,mid,0.75,TEST,384,338,46,0,0,0.88,384,1.336,833.1,0.0614,69.5,338,1.329,739.8,0.0518,68.3,46,1.399,93.3,0.1324,78.3,-0.0807,0.1265,-0.1096,0.1107,0.983,1.836,-26.6,826.6,,
s95_session_breakout,B4,mid,0.75,TEST,384,191,167,26,0,0.497,384,1.336,833.1,0.0614,69.5,191,1.21,263.0,0.0514,69.6,167,1.436,477.4,0.0633,69.5,-0.0119,0.804,-0.0944,0.0909,0.992,1.733,-9.8,730.7,,
s95_session_breakout,B5,mid,0.75,TEST,384,214,170,0,0,0.557,384,1.336,833.1,0.0614,69.5,214,1.173,252.8,0.0501,67.8,170,1.571,580.3,0.0757,71.8,-0.0255,0.592,-0.0936,0.087,1.019,1.764,28.0,799.8,,
s95_session_breakout,B6,mid,0.75,TEST,384,172,182,30,0,0.448,384,1.336,833.1,0.0614,69.5,172,1.129,161.6,0.0426,66.3,182,1.426,447.8,0.0811,72.5,-0.0385,0.4055,-0.0973,0.0929,0.979,1.667,-26.9,637.0,,
s95_session_breakout,C2,mid,0.75,TEST,384,219,165,0,0,0.57,384,1.336,833.1,0.0614,69.5,219,1.159,237.5,0.0528,68.5,165,1.605,595.6,0.0729,70.9,-0.0202,0.6655,-0.0915,0.0873,1.022,1.765,29.7,790.8,,
s95_session_breakout,B1_utc,mid,0.75,TEST,384,189,133,62,0,0.492,384,1.336,833.1,0.0614,69.5,189,1.59,619.6,0.1128,74.1,133,1.33,286.5,0.0474,69.9,0.0653,0.1955,-0.0969,0.0954,1.101,2.024,117.0,801.0,,
s95_session_breakout,B2_lb2,mid,0.75,TEST,384,71,313,0,0,0.185,384,1.336,833.1,0.0614,69.5,71,1.108,54.3,0.0032,67.6,313,1.393,778.8,0.0746,70.0,-0.0714,0.153,-0.0994,0.0959,1.0,1.81,0.1,824.1,,
s95_session_breakout,B2_lb5,mid,0.75,TEST,384,105,279,0,0,0.273,384,1.336,833.1,0.0614,69.5,105,1.213,155.3,0.0375,70.5,279,1.387,677.9,0.0704,69.2,-0.0329,0.469,-0.0915,0.0918,1.042,1.749,59.4,775.3,,
s95_session_breakout,B3_db0.05,mid,0.75,TEST,384,325,26,33,0,0.846,384,1.336,833.1,0.0614,69.5,325,1.268,599.6,0.0415,67.4,26,1.735,85.2,0.1591,80.8,-0.1177,0.0375,-0.11,0.1132,0.955,1.802,-57.7,756.0,,
s95_session_breakout,B3_db0.10,mid,0.75,TEST,384,303,18,63,0,0.789,384,1.336,833.1,0.0614,69.5,303,1.345,698.2,0.0476,67.7,18,1.465,43.9,0.1456,77.8,-0.098,0.1015,-0.1161,0.1141,0.977,1.939,-27.0,765.1,,
s95_session_breakout,B5_w2,mid,0.75,TEST,384,210,174,0,0,0.547,384,1.336,833.1,0.0614,69.5,210,1.111,165.0,0.0377,67.6,174,1.676,668.1,0.0901,71.8,-0.0524,0.2665,-0.0918,0.0927,1.01,1.773,13.5,809.9,,
s95_session_breakout,B1,mid,1.0,ALL,999,536,362,101,0,0.537,999,1.258,1146.5,0.0335,69.2,536,1.164,410.6,0.0362,69.8,362,1.262,412.4,0.0348,69.3,0.0014,0.9705,-0.0618,0.0615,1.002,1.449,3.4,798.4,0.976,
s95_session_breakout,B2,mid,1.0,ALL,999,230,769,0,0,0.23,999,1.258,1146.5,0.0335,69.2,230,0.997,-3.1,-0.01,66.5,769,1.351,1149.5,0.0466,70.0,-0.0566,0.059,-0.0587,0.0585,1.049,1.503,117.4,1019.5,0.124,
s95_session_breakout,B3,mid,1.0,ALL,999,893,106,0,0,0.894,999,1.258,1146.5,0.0335,69.2,893,1.254,1026.5,0.0299,68.9,106,1.303,120.0,0.0639,71.7,-0.034,0.2765,-0.0644,0.0623,1.023,1.526,57.8,1046.4,0.462,
s95_session_breakout,B4,mid,1.0,ALL,999,511,412,76,0,0.512,999,1.258,1146.5,0.0335,69.2,511,1.211,468.5,0.0484,71.4,412,1.293,571.6,0.0142,65.8,0.0343,0.2615,-0.0576,0.0595,1.044,1.521,105.0,975.7,0.318,
s95_session_breakout,B5,mid,1.0,ALL,999,550,449,0,0,0.551,999,1.258,1146.5,0.0335,69.2,550,1.129,329.8,0.0244,68.2,449,1.432,816.7,0.0447,70.4,-0.0202,0.5225,-0.0586,0.0558,1.06,1.5,141.5,992.0,0.506,
s95_session_breakout,B6,mid,1.0,ALL,999,470,446,83,0,0.47,999,1.258,1146.5,0.0335,69.2,470,1.137,311.2,0.0295,69.1,446,1.318,580.1,0.0472,70.2,-0.0176,0.564,-0.0583,0.0593,1.016,1.452,35.0,827.3,0.584,
s95_session_breakout,C2,mid,1.0,ALL,999,576,413,0,10,0.577,999,1.258,1146.5,0.0335,69.2,576,1.164,421.3,0.0346,69.6,413,1.4,737.2,0.0372,68.8,-0.0026,0.934,-0.0553,0.0564,1.058,1.516,135.2,1019.5,0.924,
s95_session_breakout,B1_utc,mid,1.0,ALL,999,479,326,194,0,0.479,999,1.258,1146.5,0.0335,69.2,479,1.29,606.3,0.0525,71.2,326,1.282,405.0,0.0251,69.3,0.0275,0.3945,-0.0618,0.0639,1.062,1.576,123.1,912.4,,
s95_session_breakout,B2_lb2,mid,1.0,ALL,999,184,815,0,0,0.184,999,1.258,1146.5,0.0335,69.2,184,1.026,24.4,0.0059,67.9,815,1.321,1122.1,0.0398,69.4,-0.0338,0.265,-0.0609,0.0626,1.053,1.529,127.9,1039.3,,
s95_session_breakout,B2_lb5,mid,1.0,ALL,999,291,708,0,0,0.291,999,1.258,1146.5,0.0335,69.2,291,1.102,143.5,0.0029,67.7,708,1.331,1002.9,0.0461,69.8,-0.0432,0.128,-0.0546,0.0566,1.065,1.507,159.7,991.4,,
s95_session_breakout,B3_db0.05,mid,1.0,ALL,999,827,63,94,15,0.828,999,1.258,1146.5,0.0335,69.2,827,1.242,927.0,0.0314,68.8,63,1.407,91.4,0.0425,69.8,-0.0112,0.745,-0.0651,0.065,1.023,1.545,49.9,960.7,,
s95_session_breakout,B3_db0.10,mid,1.0,ALL,999,772,42,170,15,0.773,999,1.258,1146.5,0.0335,69.2,772,1.271,969.1,0.0315,68.4,42,1.182,33.2,0.0243,64.3,0.0071,0.8335,-0.0684,0.0694,1.019,1.582,41.4,952.5,,
s95_session_breakout,B5_w2,mid,1.0,ALL,999,536,460,3,0,0.537,999,1.258,1146.5,0.0335,69.2,536,1.149,368.9,0.0269,69.6,460,1.396,776.5,0.0426,68.7,-0.0157,0.61,-0.057,0.0561,1.052,1.509,130.8,1010.4,,
s95_session_breakout,B1,mid,1.0,TRAIN,615,335,216,64,0,0.545,615,1.212,409.4,0.0216,69.3,335,1.214,234.1,0.0281,70.7,216,1.157,103.6,0.024,69.0,0.0041,0.914,-0.0787,0.0785,0.95,1.534,-48.9,389.1,0.926,
s95_session_breakout,B2,mid,1.0,TRAIN,615,144,471,0,0,0.234,615,1.212,409.4,0.0216,69.3,144,1.013,6.9,-0.0119,66.7,471,1.29,402.5,0.0319,70.1,-0.0438,0.269,-0.0756,0.0732,0.994,1.498,-6.8,417.6,0.338,
s95_session_breakout,B3,mid,1.0,TRAIN,615,555,60,0,0,0.902,615,1.212,409.4,0.0216,69.3,555,1.21,371.2,0.0218,69.4,60,1.239,38.2,0.0195,68.3,0.0023,0.961,-0.075,0.0734,0.977,1.536,-23.7,436.3,0.972,
s95_session_breakout,B4,mid,1.0,TRAIN,615,320,245,50,0,0.52,615,1.212,409.4,0.0216,69.3,320,1.266,253.2,0.0521,72.8,245,1.162,135.9,-0.0134,63.7,0.0655,0.079,-0.0734,0.0767,0.988,1.561,-11.6,426.6,0.148,
s95_session_breakout,B5,mid,1.0,TRAIN,615,336,279,0,0,0.546,615,1.212,409.4,0.0216,69.3,336,1.122,130.5,0.0136,68.8,279,1.324,278.9,0.0313,69.9,-0.0177,0.65,-0.0692,0.0741,0.98,1.519,-21.8,431.6,0.644,
s95_session_breakout,B6,mid,1.0,TRAIN,615,298,264,53,0,0.485,615,1.212,409.4,0.0216,69.3,298,1.192,192.6,0.027,71.1,264,1.234,177.8,0.0302,68.9,-0.0031,0.933,-0.0768,0.0809,0.964,1.535,-33.5,401.5,0.948,
s95_session_breakout,C2,mid,1.0,TRAIN,615,357,248,0,10,0.58,615,1.212,409.4,0.0216,69.3,357,1.228,238.5,0.0288,70.6,248,1.216,182.8,0.0194,67.7,0.0094,0.804,-0.0773,0.0763,0.978,1.563,-25.0,444.4,0.816,
s95_session_breakout,B1_utc,mid,1.0,TRAIN,615,290,193,132,0,0.472,615,1.212,409.4,0.0216,69.3,290,1.033,33.9,0.019,70.0,193,1.272,151.7,0.016,68.9,0.0031,0.9455,-0.0817,0.0823,0.885,1.434,-98.0,287.8,,
s95_session_breakout,B2_lb2,mid,1.0,TRAIN,615,113,502,0,0,0.184,615,1.212,409.4,0.0216,69.3,113,0.972,-12.2,0.0139,68.1,502,1.283,421.6,0.0234,69.5,-0.0095,0.805,-0.0744,0.0722,0.987,1.491,-14.6,421.7,,
s95_session_breakout,B2_lb5,mid,1.0,TRAIN,615,186,429,0,0,0.302,615,1.212,409.4,0.0216,69.3,186,1.021,14.5,-0.0112,66.1,429,1.315,394.8,0.0358,70.6,-0.047,0.2,-0.0755,0.0703,0.997,1.48,-3.1,407.5,,
s95_session_breakout,B3_db0.05,mid,1.0,TRAIN,615,502,37,61,15,0.816,615,1.212,409.4,0.0216,69.3,502,1.261,408.6,0.0304,69.9,37,1.119,12.7,-0.0317,64.9,0.0621,0.142,-0.0838,0.0839,0.997,1.615,-3.0,424.2,,
s95_session_breakout,B3_db0.10,mid,1.0,TRAIN,615,469,24,107,15,0.763,615,1.212,409.4,0.0216,69.3,469,1.228,346.7,0.0265,69.1,24,0.928,-6.2,-0.0587,58.3,0.0852,0.0465,-0.0858,0.0824,0.95,1.556,-44.2,372.2,,
s95_session_breakout,B5_w2,mid,1.0,TRAIN,615,326,286,3,0,0.53,615,1.212,409.4,0.0216,69.3,326,1.267,256.3,0.0256,71.2,286,1.158,151.9,0.0191,67.1,0.0065,0.8645,-0.0703,0.0738,0.98,1.519,-21.2,434.2,,
s95_session_breakout,B1,mid,1.0,TEST,384,201,146,37,0,0.523,384,1.293,737.1,0.0526,69.0,201,1.125,176.5,0.0498,68.2,146,1.337,308.9,0.0509,69.9,-0.0011,0.986,-0.0964,0.1005,0.918,1.595,-105.2,573.7,0.972,
s95_session_breakout,B2,mid,1.0,TEST,384,86,298,0,0,0.224,384,1.293,737.1,0.0526,69.0,86,0.984,-9.9,-0.0069,66.3,298,1.396,747.0,0.0698,69.8,-0.0767,0.084,-0.0876,0.0887,1.015,1.709,21.9,750.8,0.164,
s95_session_breakout,B3,mid,1.0,TEST,384,338,46,0,0,0.88,384,1.293,737.1,0.0526,69.0,338,1.288,655.3,0.0432,68.0,46,1.346,81.8,0.1218,76.1,-0.0786,0.1485,-0.1032,0.1054,0.977,1.755,-33.9,764.0,0.27,
s95_session_breakout,B4,mid,1.0,TEST,384,191,167,26,0,0.497,384,1.293,737.1,0.0526,69.0,191,1.17,215.3,0.0423,69.1,167,1.393,435.6,0.0547,68.9,-0.0123,0.8025,-0.0916,0.0975,0.972,1.722,-39.4,709.3,0.812,
s95_session_breakout,B5,mid,1.0,TEST,384,214,170,0,0,0.557,384,1.293,737.1,0.0526,69.0,214,1.134,199.3,0.0415,67.3,170,1.523,537.8,0.0667,71.2,-0.0252,0.595,-0.0902,0.0896,0.989,1.706,-16.0,752.8,0.584,
s95_session_breakout,B6,mid,1.0,TEST,384,172,182,30,0,0.448,384,1.293,737.1,0.0526,69.0,172,1.094,118.6,0.0338,65.7,182,1.378,402.3,0.0718,72.0,-0.0379,0.4435,-0.0965,0.094,0.932,1.615,-84.9,590.9,0.488,
s95_session_breakout,C2,mid,1.0,TEST,384,219,165,0,0,0.57,384,1.293,737.1,0.0526,69.0,219,1.121,182.8,0.0441,68.0,165,1.557,554.4,0.064,70.3,-0.0199,0.6685,-0.0952,0.0889,0.976,1.711,-34.1,755.5,0.706,
s95_session_breakout,B1_utc,mid,1.0,TEST,384,189,133,62,0,0.492,384,1.293,737.1,0.0526,69.0,189,1.539,572.4,0.104,73.0,133,1.288,253.2,0.0383,69.9,0.0657,0.1785,-0.0962,0.0969,1.065,1.972,72.8,756.5,,
s95_session_breakout,B2_lb2,mid,1.0,TEST,384,71,313,0,0,0.185,384,1.293,737.1,0.0526,69.0,71,1.072,36.6,-0.0067,67.6,313,1.349,700.6,0.0661,69.3,-0.0728,0.142,-0.0977,0.0968,0.98,1.732,-30.4,757.5,,
s95_session_breakout,B2_lb5,mid,1.0,TEST,384,105,279,0,0,0.273,384,1.293,737.1,0.0526,69.0,105,1.175,129.0,0.0278,70.5,279,1.343,608.1,0.062,68.5,-0.0341,0.4475,-0.0923,0.0882,1.011,1.71,17.2,732.2,,
s95_session_breakout,B3_db0.05,mid,1.0,TEST,384,325,26,33,0,0.846,384,1.293,737.1,0.0526,69.0,325,1.229,518.4,0.033,67.1,26,1.671,78.7,0.1482,76.9,-0.1152,0.0365,-0.1075,0.1113,0.924,1.737,-101.3,713.9,,
s95_session_breakout,B3_db0.10,mid,1.0,TEST,384,303,18,63,0,0.789,384,1.293,737.1,0.0526,69.0,303,1.304,622.5,0.0392,67.3,18,1.412,39.4,0.1351,72.2,-0.0959,0.1045,-0.1115,0.1172,0.966,1.861,-41.7,729.4,,
s95_session_breakout,B5_w2,mid,1.0,TEST,384,210,174,0,0,0.547,384,1.293,737.1,0.0526,69.0,210,1.074,112.5,0.0289,67.1,174,1.624,624.6,0.0813,71.3,-0.0524,0.2435,-0.0887,0.091,1.003,1.698,3.8,736.9,,
s95_session_breakout,B1,q,0.45,ALL,999,536,362,101,0,0.537,999,1.316,1397.2,0.0502,67.9,536,1.185,467.9,0.045,67.9,362,1.375,574.7,0.0631,68.8,-0.0181,0.553,-0.0625,0.0608,1.047,1.514,104.2,936.3,,
s95_session_breakout,B2,q,0.45,ALL,999,230,769,0,0,0.23,999,1.316,1397.2,0.0502,67.9,230,1.102,114.1,0.0232,67.8,769,1.389,1283.1,0.0582,67.9,-0.035,0.253,-0.0604,0.0589,1.103,1.57,252.1,1142.7,,
s95_session_breakout,B3,q,0.45,ALL,999,893,106,0,0,0.894,999,1.316,1397.2,0.0502,67.9,893,1.324,1295.6,0.0507,67.7,106,1.238,101.6,0.0459,68.9,0.0048,0.8835,-0.062,0.0617,1.095,1.611,226.3,1181.9,,
s95_session_breakout,B4,q,0.45,ALL,999,511,412,76,0,0.512,999,1.316,1397.2,0.0502,67.9,511,1.253,564.5,0.0641,70.1,412,1.387,737.2,0.0342,65.0,0.0299,0.3325,-0.0625,0.0619,1.095,1.592,219.2,1088.4,,
s95_session_breakout,B5,q,0.45,ALL,999,550,449,0,0,0.551,999,1.316,1397.2,0.0502,67.9,550,1.182,460.6,0.0395,66.9,449,1.497,936.6,0.0633,69.0,-0.0239,0.4125,-0.0591,0.0575,1.101,1.58,248.3,1158.9,,
s95_session_breakout,B6,q,0.45,ALL,999,470,446,83,0,0.47,999,1.316,1397.2,0.0502,67.9,470,1.17,386.5,0.044,67.7,446,1.392,712.5,0.0642,69.1,-0.0201,0.5135,-0.0611,0.0613,1.075,1.542,166.6,982.7,,
s95_session_breakout,C2,q,0.45,ALL,999,576,413,0,10,0.577,999,1.316,1397.2,0.0502,67.9,576,1.214,546.8,0.0505,68.1,413,1.468,857.3,0.054,67.8,-0.0036,0.91,-0.0611,0.0608,1.095,1.594,234.7,1151.3,,
s95_session_breakout,B1_utc,q,0.45,ALL,999,479,326,194,0,0.479,999,1.316,1397.2,0.0502,67.9,479,1.301,644.9,0.0581,69.3,326,1.441,599.3,0.0627,69.3,-0.0046,0.8885,-0.0657,0.0681,1.115,1.669,219.8,1027.3,,
s95_session_breakout,B2_lb2,q,0.45,ALL,999,184,815,0,0,0.184,999,1.316,1397.2,0.0502,67.9,184,1.162,144.9,0.0468,69.6,815,1.355,1252.3,0.0509,67.5,-0.0041,0.8985,-0.0589,0.0577,1.099,1.582,244.4,1154.7,,
s95_session_breakout,B2_lb5,q,0.45,ALL,999,291,708,0,0,0.291,999,1.316,1397.2,0.0502,67.9,291,1.191,262.5,0.0323,67.7,708,1.372,1134.7,0.0575,67.9,-0.0252,0.382,-0.0545,0.0556,1.114,1.568,283.5,1115.9,,
s95_session_breakout,B3_db0.05,q,0.45,ALL,999,827,63,94,15,0.828,999,1.316,1397.2,0.0502,67.9,827,1.307,1162.2,0.0504,67.6,63,1.382,88.8,0.0465,68.3,0.0039,0.9175,-0.0659,0.0674,1.064,1.63,146.8,1099.8,,
s95_session_breakout,B3_db0.10,q,0.45,ALL,999,772,42,170,15,0.773,999,1.316,1397.2,0.0502,67.9,772,1.333,1177.4,0.0489,67.1,42,1.092,17.9,0.0037,61.9,0.0453,0.208,-0.0707,0.0663,1.066,1.655,141.0,1041.6,,
s95_session_breakout,B5_w2,q,0.45,ALL,999,536,460,3,0,0.537,999,1.316,1397.2,0.0502,67.9,536,1.191,472.6,0.0418,67.7,460,1.474,921.9,0.0611,68.0,-0.0193,0.517,-0.062,0.0576,1.092,1.593,224.6,1160.0,,
s95_session_breakout,B1,q,0.45,TRAIN,615,335,216,64,0,0.545,615,1.288,555.0,0.043,67.8,335,1.254,281.8,0.0417,68.7,216,1.3,192.3,0.0588,68.5,-0.0171,0.6855,-0.0836,0.081,1.014,1.622,13.3,459.1,,
s95_session_breakout,B2,q,0.45,TRAIN,615,144,471,0,0,0.234,615,1.288,555.0,0.043,67.8,144,1.113,59.6,0.0194,67.4,471,1.353,495.4,0.0502,67.9,-0.0309,0.4265,-0.0755,0.0739,1.058,1.588,59.4,493.2,,
s95_session_breakout,B3,q,0.45,TRAIN,615,555,60,0,0,0.902,615,1.288,555.0,0.043,67.8,555,1.301,527.1,0.0474,67.9,60,1.157,27.9,0.002,66.7,0.0455,0.251,-0.0776,0.0797,1.037,1.636,41.6,506.9,,
s95_session_breakout,B4,q,0.45,TRAIN,615,320,245,50,0,0.52,615,1.288,555.0,0.043,67.8,320,1.31,301.8,0.0716,71.2,245,1.252,208.7,0.0065,62.4,0.0651,0.1075,-0.078,0.0792,1.034,1.642,34.6,491.9,,
s95_session_breakout,B5,q,0.45,TRAIN,615,336,279,0,0,0.546,615,1.288,555.0,0.043,67.8,336,1.203,216.1,0.034,67.6,279,1.392,339.0,0.0538,68.1,-0.0198,0.589,-0.0745,0.0726,1.047,1.615,48.9,509.8,,
s95_session_breakout,B6,q,0.45,TRAIN,615,298,264,53,0,0.485,615,1.288,555.0,0.043,67.8,298,1.238,241.4,0.0455,69.1,264,1.327,249.8,0.0525,68.2,-0.0071,0.858,-0.076,0.0802,1.034,1.614,36.4,462.8,,
s95_session_breakout,C2,q,0.45,TRAIN,615,357,248,0,10,0.58,615,1.288,555.0,0.043,67.8,357,1.32,333.5,0.0512,69.2,248,1.268,228.4,0.038,66.1,0.0132,0.735,-0.0778,0.0744,1.046,1.621,47.8,509.6,,
s95_session_breakout,B1_utc,q,0.45,TRAIN,615,290,193,132,0,0.472,615,1.288,555.0,0.043,67.8,290,1.095,98.5,0.0347,68.3,193,1.492,254.5,0.0587,68.9,-0.024,0.5785,-0.0855,0.0853,0.975,1.583,-22.3,372.7,,
s95_session_breakout,B2_lb2,q,0.45,TRAIN,615,113,502,0,0,0.184,615,1.288,555.0,0.043,67.8,113,1.119,49.7,0.0551,69.9,502,1.334,505.3,0.0403,67.3,0.0148,0.6965,-0.0742,0.0764,1.048,1.579,51.3,487.4,,
s95_session_breakout,B2_lb5,q,0.45,TRAIN,615,186,429,0,0,0.302,615,1.288,555.0,0.043,67.8,186,1.142,92.5,0.0234,66.1,429,1.361,462.5,0.0515,68.5,-0.028,0.45,-0.0764,0.0719,1.06,1.59,64.4,494.6,,
s95_session_breakout,B3_db0.05,q,0.45,TRAIN,615,502,37,61,15,0.816,615,1.288,555.0,0.043,67.8,502,1.346,537.2,0.0535,68.3,37,1.284,28.8,0.0096,67.6,0.0439,0.3015,-0.0849,0.0807,1.061,1.72,58.0,506.9,,
s95_session_breakout,B3_db0.10,q,0.45,TRAIN,615,469,24,107,15,0.763,615,1.288,555.0,0.043,67.8,469,1.302,457.7,0.0472,67.4,24,1.018,1.5,-0.0328,62.5,0.08,0.057,-0.0768,0.0859,1.025,1.678,23.0,453.1,,
s95_session_breakout,B5_w2,q,0.45,TRAIN,615,326,286,3,0,0.53,615,1.288,555.0,0.043,67.8,326,1.326,318.7,0.0431,69.0,286,1.247,233.6,0.0446,66.4,-0.0014,0.974,-0.073,0.0769,1.04,1.602,42.3,504.7,,
s95_session_breakout,B1,q,0.45,TEST,384,201,146,37,0,0.523,384,1.338,842.2,0.0617,68.0,201,1.131,186.1,0.0505,66.7,146,1.429,382.3,0.0694,69.2,-0.0189,0.691,-0.1025,0.0936,0.955,1.62,-55.7,607.9,,
s95_session_breakout,B2,q,0.45,TEST,384,86,298,0,0,0.224,384,1.338,842.2,0.0617,68.0,86,1.092,54.4,0.0297,68.6,298,1.415,787.7,0.0709,67.8,-0.0412,0.3715,-0.0885,0.0858,1.026,1.785,33.3,817.0,,
s95_session_breakout,B3,q,0.45,TEST,384,338,46,0,0,0.88,384,1.338,842.2,0.0617,68.0,338,1.342,768.5,0.0561,67.5,46,1.296,73.7,0.1032,71.7,-0.0471,0.4055,-0.1102,0.1058,1.0,1.824,0.4,837.3,,
s95_session_breakout,B4,q,0.45,TEST,384,191,167,26,0,0.497,384,1.338,842.2,0.0617,68.0,191,1.209,262.6,0.0516,68.1,167,1.492,528.5,0.0748,68.9,-0.0232,0.653,-0.0984,0.0967,1.012,1.799,16.2,784.0,,
s95_session_breakout,B5,q,0.45,TEST,384,214,170,0,0,0.557,384,1.338,842.2,0.0617,68.0,214,1.166,244.5,0.048,65.9,170,1.586,597.7,0.0789,70.6,-0.0308,0.5145,-0.0961,0.0949,1.015,1.784,20.5,825.9,,
s95_session_breakout,B6,q,0.45,TEST,384,172,182,30,0,0.448,384,1.338,842.2,0.0617,68.0,172,1.115,145.1,0.0416,65.1,182,1.439,462.7,0.0811,70.3,-0.0395,0.439,-0.1006,0.0991,0.953,1.669,-62.8,657.1,,
s95_session_breakout,C2,q,0.45,TEST,384,219,165,0,0,0.57,384,1.338,842.2,0.0617,68.0,219,1.141,213.3,0.0493,66.2,165,1.641,628.9,0.0782,70.3,-0.0289,0.545,-0.0939,0.0937,1.011,1.741,15.3,796.7,,
s95_session_breakout,B1_utc,q,0.45,TEST,384,189,133,62,0,0.492,384,1.338,842.2,0.0617,68.0,189,1.494,546.5,0.0941,70.9,133,1.41,344.9,0.0686,69.9,0.0255,0.623,-0.1005,0.1049,1.077,2.041,87.8,813.2,,
s95_session_breakout,B2_lb2,q,0.45,TEST,384,71,313,0,0,0.185,384,1.338,842.2,0.0617,68.0,71,1.2,95.2,0.0337,69.0,313,1.37,747.0,0.068,67.7,-0.0344,0.506,-0.1042,0.0996,0.995,1.8,-7.0,822.2,,
s95_session_breakout,B2_lb5,q,0.45,TEST,384,105,279,0,0,0.273,384,1.338,842.2,0.0617,68.0,105,1.235,170.0,0.048,70.5,279,1.38,672.2,0.0669,67.0,-0.0189,0.689,-0.0928,0.0919,1.042,1.761,60.6,787.8,,
s95_session_breakout,B3_db0.05,q,0.45,TEST,384,325,26,33,0,0.846,384,1.338,842.2,0.0617,68.0,325,1.28,625.0,0.0456,66.5,26,1.457,60.1,0.0989,69.2,-0.0534,0.359,-0.1149,0.1123,0.959,1.783,-55.9,761.0,,
s95_session_breakout,B3_db0.10,q,0.45,TEST,384,303,18,63,0,0.789,384,1.338,842.2,0.0617,68.0,303,1.356,719.7,0.0516,66.7,18,1.148,16.4,0.0524,61.1,-0.0008,0.9895,-0.1199,0.1179,0.984,1.887,-18.9,768.6,,
s95_session_breakout,B5_w2,q,0.45,TEST,384,210,174,0,0,0.547,384,1.338,842.2,0.0617,68.0,210,1.103,153.9,0.0397,65.7,174,1.69,688.3,0.0882,70.7,-0.0485,0.297,-0.0924,0.0896,1.013,1.752,19.3,821.7,,
s95_session_breakout,B1,q,0.7,ALL,999,536,362,101,0,0.537,999,1.255,1147.5,0.0351,67.7,536,1.13,333.9,0.0295,67.7,362,1.31,484.2,0.0485,68.8,-0.019,0.5665,-0.0602,0.0638,0.999,1.446,-1.7,812.7,0.54,
s95_session_breakout,B2,q,0.7,ALL,999,230,769,0,0,0.23,999,1.255,1147.5,0.0351,67.7,230,1.05,56.6,0.0077,67.4,769,1.324,1090.9,0.0433,67.8,-0.0356,0.2245,-0.0572,0.0564,1.056,1.5,139.9,1021.0,0.318,
s95_session_breakout,B3,q,0.7,ALL,999,893,106,0,0,0.894,999,1.255,1147.5,0.0351,67.7,893,1.264,1072.4,0.0358,67.6,106,1.173,75.1,0.0287,67.9,0.0071,0.829,-0.063,0.06,1.041,1.549,100.6,1071.6,0.892,
s95_session_breakout,B4,q,0.7,ALL,999,511,412,76,0,0.512,999,1.255,1147.5,0.0351,67.7,511,1.192,436.7,0.0484,69.9,412,1.327,634.2,0.0201,64.8,0.0283,0.3695,-0.0597,0.062,1.038,1.506,86.7,968.9,0.402,
s95_session_breakout,B5,q,0.7,ALL,999,550,449,0,0,0.551,999,1.255,1147.5,0.0351,67.7,550,1.125,323.1,0.0243,66.5,449,1.429,824.4,0.0482,69.0,-0.0239,0.4315,-0.0585,0.0614,1.058,1.499,140.0,1012.8,0.41,
s95_session_breakout,B6,q,0.7,ALL,999,470,446,83,0,0.47,999,1.255,1147.5,0.0351,67.7,470,1.116,269.0,0.0288,67.4,446,1.325,601.0,0.049,68.8,-0.0202,0.5145,-0.0621,0.0619,1.018,1.453,40.3,834.5,0.534,
s95_session_breakout,C2,q,0.7,ALL,999,576,413,0,10,0.577,999,1.255,1147.5,0.0351,67.7,576,1.155,402.8,0.035,67.7,413,1.404,754.0,0.0396,67.8,-0.0046,0.8795,-0.0608,0.0603,1.048,1.527,119.6,1042.9,0.88,
s95_session_breakout,B1_utc,q,0.7,ALL,999,479,326,194,0,0.479,999,1.255,1147.5,0.0351,67.7,479,1.241,525.2,0.0433,69.1,326,1.374,517.8,0.0475,69.3,-0.0042,0.896,-0.0636,0.0667,1.062,1.595,119.1,937.6,,
s95_session_breakout,B2_lb2,q,0.7,ALL,999,184,815,0,0,0.184,999,1.255,1147.5,0.0351,67.7,184,1.109,98.9,0.0314,69.0,815,1.292,1048.5,0.0359,67.4,-0.0045,0.891,-0.059,0.0592,1.045,1.506,106.2,1028.9,,
s95_session_breakout,B2_lb5,q,0.7,ALL,999,291,708,0,0,0.291,999,1.255,1147.5,0.0351,67.7,291,1.136,189.8,0.0165,67.4,708,1.308,957.7,0.0427,67.8,-0.0262,0.3495,-0.0541,0.0568,1.07,1.506,168.7,996.7,,
s95_session_breakout,B3_db0.05,q,0.7,ALL,999,827,63,94,15,0.828,999,1.255,1147.5,0.0351,67.7,827,1.248,955.5,0.0359,67.5,63,1.307,73.1,0.0283,66.7,0.0076,0.835,-0.0728,0.0678,1.012,1.566,28.4,1001.3,,
s95_session_breakout,B3_db0.10,q,0.7,ALL,999,772,42,170,15,0.773,999,1.255,1147.5,0.0351,67.7,772,1.273,984.4,0.0348,67.0,42,1.037,7.4,-0.0132,59.5,0.048,0.185,-0.069,0.0679,1.022,1.581,47.2,967.1,,
s95_session_breakout,B5_w2,q,0.7,ALL,999,536,460,3,0,0.537,999,1.255,1147.5,0.0351,67.7,536,1.135,338.6,0.0265,67.5,460,1.408,806.9,0.0462,67.8,-0.0198,0.503,-0.0603,0.0566,1.037,1.501,90.6,1016.0,,
s95_session_breakout,B1,q,0.7,TRAIN,615,335,216,64,0,0.545,615,1.203,401.3,0.0239,67.5,335,1.174,198.1,0.0223,68.4,216,1.21,138.3,0.0403,68.5,-0.0179,0.668,-0.0801,0.0796,0.957,1.511,-44.3,392.5,0.702,
s95_session_breakout,B2,q,0.7,TRAIN,615,144,471,0,0,0.234,615,1.203,401.3,0.0239,67.5,144,1.044,23.6,0.0004,66.7,471,1.262,377.7,0.0311,67.7,-0.0307,0.4235,-0.0756,0.0763,0.989,1.5,-12.4,429.9,0.56,
s95_session_breakout,B3,q,0.7,TRAIN,615,555,60,0,0,0.902,615,1.203,401.3,0.0239,67.5,555,1.216,388.3,0.0287,67.7,60,1.071,12.9,-0.0202,65.0,0.0489,0.202,-0.0762,0.0784,0.975,1.506,-28.6,426.8,0.46,
s95_session_breakout,B4,q,0.7,TRAIN,615,320,245,50,0,0.52,615,1.203,401.3,0.0239,67.5,320,1.223,221.8,0.0519,70.9,245,1.173,147.4,-0.0113,62.0,0.0632,0.1245,-0.0781,0.0811,0.961,1.517,-40.6,408.8,0.156,
s95_session_breakout,B5,q,0.7,TRAIN,615,336,279,0,0,0.546,615,1.203,401.3,0.0239,67.5,336,1.121,132.1,0.0147,67.0,279,1.303,269.2,0.035,68.1,-0.0203,0.602,-0.0731,0.0745,0.973,1.483,-30.3,426.8,0.608,
s95_session_breakout,B6,q,0.7,TRAIN,615,298,264,53,0,0.485,615,1.203,401.3,0.0239,67.5,298,1.161,166.9,0.0264,68.8,264,1.234,183.8,0.0333,67.8,-0.0068,0.874,-0.0857,0.0796,0.959,1.518,-41.8,393.9,0.878,
s95_session_breakout,C2,q,0.7,TRAIN,615,357,248,0,10,0.58,615,1.203,401.3,0.0239,67.5,357,1.228,244.3,0.0316,68.6,248,1.191,166.4,0.0199,66.1,0.0117,0.767,-0.08,0.0812,0.977,1.53,-25.1,432.9,0.784,
s95_session_breakout,B1_utc,q,0.7,TRAIN,615,290,193,132,0,0.472,615,1.203,401.3,0.0239,67.5,290,1.025,26.0,0.0159,67.9,193,1.387,206.2,0.0392,68.9,-0.0233,0.5925,-0.087,0.0872,0.914,1.466,-79.9,314.3,,
s95_session_breakout,B2_lb2,q,0.7,TRAIN,615,113,502,0,0,0.184,615,1.203,401.3,0.0239,67.5,113,1.05,21.5,0.0362,69.0,502,1.244,379.8,0.0212,67.1,0.0151,0.695,-0.0781,0.0768,0.971,1.48,-31.3,426.7,,
s95_session_breakout,B2_lb5,q,0.7,TRAIN,615,186,429,0,0,0.302,615,1.203,401.3,0.0239,67.5,186,1.069,46.0,0.0042,65.6,429,1.27,355.3,0.0325,68.3,-0.0282,0.456,-0.0739,0.0743,0.995,1.479,-5.8,419.4,,
s95_session_breakout,B3_db0.05,q,0.7,TRAIN,615,502,37,61,15,0.816,615,1.203,401.3,0.0239,67.5,502,1.258,411.7,0.0351,68.1,37,1.187,19.5,-0.0136,64.9,0.0487,0.2575,-0.0833,0.081,0.995,1.627,-4.7,447.8,,
s95_session_breakout,B3_db0.10,q,0.7,TRAIN,615,469,24,107,15,0.763,615,1.203,401.3,0.0239,67.5,469,1.219,340.5,0.0294,67.2,24,0.948,-4.5,-0.0546,58.3,0.084,0.057,-0.088,0.0861,0.954,1.558,-40.4,387.2,,
s95_session_breakout,B5_w2,q,0.7,TRAIN,615,326,286,3,0,0.53,615,1.203,401.3,0.0239,67.5,326,1.236,237.2,0.0236,68.7,286,1.167,162.1,0.0261,66.1,-0.0025,0.9525,-0.0763,0.0773,0.972,1.52,-30.6,441.8,,
s95_session_breakout,B1,q,0.7,TEST,384,201,146,37,0,0.523,384,1.296,746.2,0.0529,68.0,201,1.095,135.9,0.0414,66.7,146,1.383,345.8,0.0606,69.2,-0.0192,0.686,-0.1,0.0969,0.919,1.589,-109.6,579.7,0.726,
s95_session_breakout,B2,q,0.7,TEST,384,86,298,0,0,0.224,384,1.296,746.2,0.0529,68.0,86,1.055,32.9,0.0198,68.6,298,1.371,713.2,0.0625,67.8,-0.0426,0.35,-0.0882,0.0865,1.006,1.706,9.0,754.1,0.484,
s95_session_breakout,B3,q,0.7,TEST,384,338,46,0,0,0.88,384,1.296,746.2,0.0529,68.0,338,1.301,684.0,0.0475,67.5,46,1.247,62.2,0.0925,71.7,-0.045,0.411,-0.1121,0.1132,0.968,1.797,-47.2,801.1,0.568,
s95_session_breakout,B4,q,0.7,TEST,384,191,167,26,0,0.497,384,1.296,746.2,0.0529,68.0,191,1.169,214.9,0.0425,68.1,167,1.447,486.8,0.0662,68.9,-0.0237,0.6145,-0.1,0.0952,0.974,1.732,-31.2,732.8,0.608,
s95_session_breakout,B5,q,0.7,TEST,384,214,170,0,0,0.557,384,1.296,746.2,0.0529,68.0,214,1.128,191.0,0.0394,65.9,170,1.538,555.2,0.0699,70.6,-0.0305,0.5135,-0.0975,0.0933,0.993,1.721,-8.8,747.7,0.574,
s95_session_breakout,B6,q,0.7,TEST,384,172,182,30,0,0.448,384,1.296,746.2,0.0529,68.0,172,1.08,102.1,0.0329,65.1,182,1.391,417.2,0.0718,70.3,-0.0389,0.446,-0.0985,0.0971,0.935,1.621,-86.5,608.2,0.472,
s95_session_breakout,C2,q,0.7,TEST,384,219,165,0,0,0.57,384,1.296,746.2,0.0529,68.0,219,1.104,158.6,0.0406,66.2,165,1.592,587.6,0.0693,70.3,-0.0287,0.5645,-0.0942,0.0915,0.99,1.706,-13.6,752.9,0.568,
s95_session_breakout,B1_utc,q,0.7,TEST,384,189,133,62,0,0.492,384,1.296,746.2,0.0529,68.0,189,1.446,499.2,0.0853,70.9,133,1.366,311.6,0.0595,69.9,0.0259,0.63,-0.0996,0.101,1.047,1.944,50.7,762.9,,
s95_session_breakout,B2_lb2,q,0.7,TEST,384,71,313,0,0,0.185,384,1.296,746.2,0.0529,68.0,71,1.161,77.5,0.0238,69.0,313,1.328,668.7,0.0595,67.7,-0.0357,0.478,-0.0985,0.0929,0.975,1.734,-36.0,754.0,,
s95_session_breakout,B2_lb5,q,0.7,TEST,384,105,279,0,0,0.273,384,1.296,746.2,0.0529,68.0,105,1.197,143.8,0.0382,70.5,279,1.336,602.4,0.0584,67.0,-0.0202,0.6395,-0.0877,0.0913,1.007,1.702,9.8,746.8,,
s95_session_breakout,B3_db0.05,q,0.7,TEST,384,325,26,33,0,0.846,384,1.296,746.2,0.0529,68.0,325,1.24,543.7,0.0371,66.5,26,1.401,53.6,0.088,69.2,-0.051,0.38,-0.1115,0.1135,0.911,1.721,-119.6,709.4,,
s95_session_breakout,B3_db0.10,q,0.7,TEST,384,303,18,63,0,0.789,384,1.296,746.2,0.0529,68.0,303,1.315,644.0,0.0432,66.7,18,1.106,11.9,0.0418,61.1,0.0013,0.9845,-0.1162,0.1149,0.937,1.829,-72.3,716.8,,
s95_session_breakout,B5_w2,q,0.7,TEST,384,210,174,0,0,0.547,384,1.296,746.2,0.0529,68.0,210,1.067,101.4,0.031,65.7,174,1.639,644.8,0.0794,70.7,-0.0484,0.3325,-0.1005,0.092,0.981,1.739,-25.2,765.4,,
s93_fvg_scalp,B1,mid,0.75,ALL,493,202,238,53,0,0.41,493,1.143,213.8,-0.016,47.9,202,1.094,54.5,-0.0032,48.5,238,1.131,97.0,-0.0237,47.5,0.0205,0.8655,-0.2324,0.245,0.845,1.424,-111.3,253.2,,
s93_fvg_scalp,B2,mid,0.75,ALL,493,214,279,0,0,0.434,493,1.143,213.8,-0.016,47.9,214,1.029,18.4,-0.0407,47.2,279,1.228,195.5,0.0029,48.4,-0.0436,0.722,-0.225,0.2356,0.893,1.452,-88.4,298.8,,
s93_fvg_scalp,B3,mid,0.75,ALL,493,322,171,0,0,0.653,493,1.143,213.8,-0.016,47.9,322,1.176,177.9,-0.0135,47.8,171,1.074,35.9,-0.0207,48.0,0.0073,0.949,-0.2249,0.2231,0.896,1.424,-82.8,290.6,,
s93_fvg_scalp,B4,mid,0.75,ALL,493,214,226,53,0,0.434,493,1.143,213.8,-0.016,47.9,214,1.136,82.3,0.0036,48.6,226,1.165,119.8,0.0024,48.7,0.0012,0.991,-0.2415,0.2442,0.892,1.484,-77.8,284.5,,
s93_fvg_scalp,B5,mid,0.75,ALL,493,231,262,0,0,0.469,493,1.143,213.8,-0.016,47.9,231,1.078,53.8,-0.0296,47.2,262,1.199,160.0,-0.004,48.5,-0.0257,0.819,-0.2319,0.2247,0.886,1.451,-92.6,307.0,,
s93_fvg_scalp,B6,mid,0.75,ALL,493,127,327,39,0,0.258,493,1.143,213.8,-0.016,47.9,127,1.186,68.8,0.0456,50.4,327,1.164,159.3,-0.0044,48.3,0.0499,0.658,-0.2289,0.2365,0.917,1.478,-61.7,290.4,,
s93_fvg_scalp,C2,mid,0.75,ALL,493,226,260,0,7,0.458,493,1.143,213.8,-0.016,47.9,226,1.055,37.7,-0.0244,47.8,260,1.217,172.7,-0.005,48.1,-0.0193,0.881,-0.2209,0.2231,0.892,1.446,-87.9,299.6,,
s93_fvg_scalp,B1_utc,mid,0.75,ALL,493,189,210,94,0,0.383,493,1.143,213.8,-0.016,47.9,189,1.153,83.0,0.0162,49.2,210,1.032,22.0,-0.0371,46.7,0.0533,0.6895,-0.2619,0.2528,0.842,1.396,-108.1,214.0,,
s93_fvg_scalp,B2_lb2,mid,0.75,ALL,493,209,284,0,0,0.424,493,1.143,213.8,-0.016,47.9,209,1.104,62.0,-0.0566,46.9,284,1.17,151.8,0.0139,48.6,-0.0706,0.5725,-0.2351,0.2325,0.888,1.453,-87.9,308.9,,
s93_fvg_scalp,B2_lb5,mid,0.75,ALL,493,217,276,0,0,0.44,493,1.143,213.8,-0.016,47.9,217,1.055,36.8,-0.0244,47.5,276,1.214,177.1,-0.0094,48.2,-0.015,0.89,-0.224,0.214,0.901,1.434,-78.1,295.8,,
s93_fvg_scalp,B3_db0.05,mid,0.75,ALL,493,302,150,32,9,0.613,493,1.143,213.8,-0.016,47.9,302,1.17,163.5,-0.0074,48.0,150,1.086,36.4,-0.0387,47.3,0.0313,0.7865,-0.2229,0.2365,0.892,1.451,-82.9,281.7,,
s93_fvg_scalp,B3_db0.10,mid,0.75,ALL,493,275,131,78,9,0.558,493,1.143,213.8,-0.016,47.9,275,1.134,120.1,-0.0367,46.9,131,1.194,68.8,0.0207,49.6,-0.0573,0.648,-0.2551,0.2531,0.891,1.496,-70.9,273.7,,
s93_fvg_scalp,B5_w2,mid,0.75,ALL,493,231,260,2,0,0.469,493,1.143,213.8,-0.016,47.9,231,1.012,8.6,-0.1199,43.7,260,1.261,203.3,0.0756,51.5,-0.1955,0.087,-0.2214,0.2162,0.885,1.442,-93.8,293.4,,
s93_fvg_scalp,B1,mid,0.75,TRAIN,293,122,140,31,0,0.416,293,1.014,9.9,-0.0623,47.8,122,1.079,21.3,0.0013,50.0,140,0.891,-38.3,-0.1534,44.3,0.1547,0.329,-0.3058,0.3053,0.703,1.323,-100.8,88.4,,
s93_fvg_scalp,B2,mid,0.75,TRAIN,293,133,160,0,0,0.454,293,1.014,9.9,-0.0623,47.8,133,0.985,-4.6,-0.1133,45.9,160,1.038,14.5,-0.0198,49.4,-0.0934,0.5235,-0.2962,0.297,0.734,1.364,-99.7,108.6,,
s93_fvg_scalp,B3,mid,0.75,TRAIN,293,186,107,0,0,0.635,293,1.014,9.9,-0.0623,47.8,186,1.006,2.8,-0.0633,47.8,107,1.03,7.1,-0.0605,47.7,-0.0028,0.9885,-0.2981,0.2853,0.752,1.333,-93.7,102.6,,
s93_fvg_scalp,B4,mid,0.75,TRAIN,293,126,132,35,0,0.43,293,1.014,9.9,-0.0623,47.8,126,1.059,17.6,0.0192,50.8,132,1.071,21.2,-0.0676,47.7,0.0868,0.6005,-0.3123,0.316,0.76,1.451,-79.9,117.4,,
s93_fvg_scalp,B5,mid,0.75,TRAIN,293,132,161,0,0,0.451,293,1.014,9.9,-0.0623,47.8,132,1.005,1.5,-0.0071,50.0,161,1.022,8.3,-0.1075,46.0,0.1004,0.5095,-0.3006,0.3013,0.727,1.375,-102.5,112.5,,
s93_fvg_scalp,B6,mid,0.75,TRAIN,293,77,196,20,0,0.263,293,1.014,9.9,-0.0623,47.8,77,1.128,22.8,0.0173,50.6,196,0.959,-18.6,-0.0828,46.9,0.1,0.528,-0.2988,0.2944,0.718,1.347,-100.1,96.1,,
s93_fvg_scalp,C2,mid,0.75,TRAIN,293,125,161,0,7,0.427,293,1.014,9.9,-0.0623,47.8,125,0.919,-23.1,-0.0105,50.4,161,1.077,29.5,-0.0985,46.0,0.088,0.5735,-0.3078,0.3171,0.727,1.369,-97.8,107.6,,
s93_fvg_scalp,B1_utc,mid,0.75,TRAIN,293,107,121,65,0,0.365,293,1.014,9.9,-0.0623,47.8,107,0.896,-25.6,-0.0211,49.5,121,0.949,-15.0,-0.1559,43.8,0.1348,0.4305,-0.347,0.3352,0.666,1.252,-103.0,59.6,,
s93_fvg_scalp,B2_lb2,mid,0.75,TRAIN,293,132,161,0,0,0.451,293,1.014,9.9,-0.0623,47.8,132,0.923,-24.0,-0.1449,44.7,161,1.091,33.9,0.0055,50.3,-0.1503,0.329,-0.3084,0.3136,0.719,1.385,-104.1,114.2,,
s93_fvg_scalp,B2_lb5,mid,0.75,TRAIN,293,137,156,0,0,0.468,293,1.014,9.9,-0.0623,47.8,137,0.971,-9.6,-0.0775,46.7,156,1.055,19.5,-0.0489,48.7,-0.0286,0.872,-0.3012,0.2932,0.74,1.334,-96.8,103.2,,
s93_fvg_scalp,B3_db0.05,mid,0.75,TRAIN,293,173,93,18,9,0.59,293,1.014,9.9,-0.0623,47.8,173,1.026,10.9,-0.0456,48.6,93,1.064,12.7,-0.074,47.3,0.0284,0.8485,-0.3132,0.3115,0.755,1.399,-81.7,108.7,,
s93_fvg_scalp,B3_db0.10,mid,0.75,TRAIN,293,161,81,42,9,0.549,293,1.014,9.9,-0.0623,47.8,161,1.013,5.3,-0.0796,47.2,81,1.197,32.6,0.0131,50.6,-0.0927,0.5925,-0.3262,0.3244,0.754,1.446,-75.7,112.7,,
s93_fvg_scalp,B5_w2,mid,0.75,TRAIN,293,124,167,2,0,0.423,293,1.014,9.9,-0.0623,47.8,124,0.782,-67.1,-0.1791,43.5,167,1.202,75.1,0.0228,50.9,-0.2019,0.1855,-0.308,0.3026,0.732,1.358,-101.7,105.7,,
s93_fvg_scalp,B1,mid,0.75,TEST,200,80,98,22,0,0.4,200,1.252,204.0,0.0518,48.0,80,1.106,33.2,-0.01,46.2,98,1.344,135.3,0.1616,52.0,-0.1716,0.3555,-0.3673,0.3724,0.816,1.817,-72.8,237.1,,
s93_fvg_scalp,B2,mid,0.75,TEST,200,81,119,0,0,0.405,200,1.252,204.0,0.0518,48.0,81,1.07,23.0,0.0785,49.4,119,1.378,181.0,0.0335,47.1,0.045,0.7995,-0.3499,0.3297,0.871,1.74,-59.3,253.2,,
s93_fvg_scalp,B3,mid,0.75,TEST,200,136,64,0,0,0.68,200,1.252,204.0,0.0518,48.0,136,1.312,175.2,0.0546,47.8,64,1.117,28.8,0.0457,48.4,0.0089,0.957,-0.3552,0.3535,0.874,1.761,-56.3,261.3,,
s93_fvg_scalp,B4,mid,0.75,TEST,200,88,94,18,0,0.44,200,1.252,204.0,0.0518,48.0,88,1.211,64.8,-0.0187,45.5,94,1.229,98.6,0.1009,50.0,-0.1195,0.5215,-0.3689,0.3756,0.823,1.788,-76.1,237.6,,
s93_fvg_scalp,B5,mid,0.75,TEST,200,99,101,0,0,0.495,200,1.252,204.0,0.0518,48.0,99,1.134,52.3,-0.0597,43.4,101,1.361,151.7,0.161,52.5,-0.2207,0.2165,-0.347,0.3583,0.872,1.8,-57.6,266.2,,
s93_fvg_scalp,B6,mid,0.75,TEST,200,50,131,19,0,0.25,200,1.252,204.0,0.0518,48.0,50,1.24,45.9,0.0892,50.0,131,1.346,177.8,0.1129,50.4,-0.0238,0.892,-0.3304,0.3541,0.928,1.861,-28.6,257.3,,
s93_fvg_scalp,C2,mid,0.75,TEST,200,101,99,0,0,0.505,200,1.252,204.0,0.0518,48.0,101,1.154,60.8,-0.0415,44.6,99,1.345,143.2,0.1469,51.5,-0.1884,0.275,-0.3357,0.3486,0.886,1.755,-51.7,257.8,,
s93_fvg_scalp,B1_utc,mid,0.75,TEST,200,82,89,29,0,0.41,200,1.252,204.0,0.0518,48.0,82,1.364,108.6,0.0649,48.8,89,1.094,36.9,0.1245,50.6,-0.0596,0.757,-0.3902,0.3772,0.847,1.741,-60.8,207.8,,
s93_fvg_scalp,B2_lb2,mid,0.75,TEST,200,77,123,0,0,0.385,200,1.252,204.0,0.0518,48.0,77,1.299,86.1,0.0946,50.6,123,1.226,117.9,0.025,46.3,0.0696,0.6945,-0.342,0.346,0.881,1.774,-57.5,262.3,,
s93_fvg_scalp,B2_lb5,mid,0.75,TEST,200,80,120,0,0,0.4,200,1.252,204.0,0.0518,48.0,80,1.138,46.4,0.0666,48.8,120,1.333,157.6,0.0419,47.5,0.0247,0.8925,-0.3523,0.3621,0.869,1.797,-58.3,272.0,,
s93_fvg_scalp,B3_db0.05,mid,0.75,TEST,200,129,57,14,0,0.645,200,1.252,204.0,0.0518,48.0,129,1.279,152.6,0.0438,47.3,57,1.106,23.8,0.0189,47.4,0.0249,0.9025,-0.3603,0.3814,0.836,1.747,-73.4,243.2,,
s93_fvg_scalp,B3_db0.10,mid,0.75,TEST,200,114,50,36,0,0.57,200,1.252,204.0,0.0518,48.0,114,1.23,114.9,0.0239,46.5,50,1.192,36.2,0.0329,48.0,-0.009,0.969,-0.4013,0.3828,0.803,1.812,-78.9,222.8,,
s93_fvg_scalp,B5_w2,mid,0.75,TEST,200,107,93,0,0,0.535,200,1.252,204.0,0.0518,48.0,107,1.188,75.7,-0.0513,43.9,93,1.316,128.3,0.1704,52.7,-0.2217,0.217,-0.3466,0.334,0.878,1.779,-55.6,265.7,,
s93_fvg_scalp,B1,mid,1.0,ALL,493,202,238,53,0,0.41,493,1.058,90.6,-0.0835,47.7,202,1.007,4.0,-0.073,48.5,238,1.048,37.5,-0.0906,47.5,0.0175,0.891,-0.2405,0.235,0.78,1.327,-163.8,200.2,0.87,
s93_fvg_scalp,B2,mid,1.0,ALL,493,214,279,0,0,0.434,493,1.058,90.6,-0.0835,47.7,214,0.947,-35.1,-0.1105,47.2,279,1.141,125.7,-0.0628,48.0,-0.0477,0.6885,-0.2244,0.2268,0.825,1.334,-144.6,231.6,0.65,
s93_fvg_scalp,B3,mid,1.0,ALL,493,322,171,0,0,0.653,493,1.058,90.6,-0.0835,47.7,322,1.093,97.4,-0.079,47.5,171,0.986,-6.8,-0.0919,48.0,0.0128,0.9185,-0.2313,0.2258,0.821,1.34,-151.3,234.7,0.9,
s93_fvg_scalp,B4,mid,1.0,ALL,493,214,226,53,0,0.434,493,1.058,90.6,-0.0835,47.7,214,1.046,28.8,-0.0652,48.6,226,1.084,63.3,-0.0631,48.2,-0.0021,0.9895,-0.2452,0.2356,0.812,1.364,-142.6,230.8,0.978,
s93_fvg_scalp,B5,mid,1.0,ALL,493,231,262,0,0,0.469,493,1.058,90.6,-0.0835,47.7,231,0.995,-3.9,-0.0973,47.2,262,1.113,94.5,-0.0713,48.1,-0.026,0.824,-0.2248,0.2236,0.834,1.348,-138.9,240.3,0.792,
s93_fvg_scalp,B6,mid,1.0,ALL,493,127,327,39,0,0.258,493,1.058,90.6,-0.0835,47.7,127,1.096,37.0,-0.0225,50.4,327,1.077,77.5,-0.0727,48.3,0.0502,0.6605,-0.2304,0.2314,0.848,1.375,-111.6,232.5,0.7,
s93_fvg_scalp,C2,mid,1.0,ALL,493,226,260,0,7,0.458,493,1.058,90.6,-0.0835,47.7,226,0.973,-18.8,-0.0939,47.8,260,1.13,107.7,-0.0705,47.7,-0.0234,0.841,-0.2236,0.2289,0.829,1.351,-143.4,242.3,0.83,
s93_fvg_scalp,B1_utc,mid,1.0,ALL,493,189,210,94,0,0.383,493,1.058,90.6,-0.0835,47.7,189,1.063,35.7,-0.0528,49.2,210,0.957,-30.5,-0.1026,46.7,0.0497,0.7115,-0.2511,0.2548,0.785,1.306,-151.4,169.6,,
s93_fvg_scalp,B2_lb2,mid,1.0,ALL,493,209,284,0,0,0.424,493,1.058,90.6,-0.0835,47.7,209,1.016,9.8,-0.1277,46.9,284,1.087,80.8,-0.0509,48.2,-0.0768,0.5035,-0.2253,0.2259,0.826,1.331,-144.5,232.7,,
s93_fvg_scalp,B2_lb5,mid,1.0,ALL,493,217,276,0,0,0.44,493,1.058,90.6,-0.0835,47.7,217,0.975,-17.5,-0.0927,47.5,276,1.125,108.0,-0.0763,47.8,-0.0164,0.881,-0.2238,0.2175,0.83,1.348,-146.5,242.5,,
s93_fvg_scalp,B3_db0.05,mid,1.0,ALL,493,302,150,32,9,0.613,493,1.058,90.6,-0.0835,47.7,302,1.088,88.0,-0.0722,47.7,150,0.998,-1.1,-0.1103,47.3,0.0381,0.7485,-0.2225,0.2294,0.815,1.348,-144.6,228.8,,
s93_fvg_scalp,B3_db0.10,mid,1.0,ALL,493,275,131,78,9,0.558,493,1.058,90.6,-0.0835,47.7,275,1.055,51.4,-0.1016,46.5,131,1.097,36.0,-0.0499,49.6,-0.0517,0.696,-0.2505,0.2483,0.816,1.386,-131.6,225.8,,
s93_fvg_scalp,B5_w2,mid,1.0,ALL,493,231,260,2,0,0.469,493,1.058,90.6,-0.0835,47.7,231,0.934,-49.1,-0.1888,43.7,260,1.171,138.3,0.0093,51.2,-0.1981,0.0895,-0.2366,0.2184,0.809,1.326,-165.6,226.7,,
s93_fvg_scalp,B1,mid,1.0,TRAIN,293,122,140,31,0,0.416,293,0.912,-63.4,-0.1448,47.4,122,0.968,-9.2,-0.0839,50.0,140,0.802,-73.3,-0.2352,44.3,0.1513,0.36,-0.3225,0.315,0.62,1.185,-138.5,53.9,0.328,
s93_fvg_scalp,B2,mid,1.0,TRAIN,293,133,160,0,0,0.454,293,0.912,-63.4,-0.1448,47.4,133,0.884,-37.9,-0.1968,45.9,160,0.936,-25.5,-0.1016,48.8,-0.0951,0.5375,-0.3119,0.3002,0.654,1.205,-137.7,67.0,0.518,
s93_fvg_scalp,B3,mid,1.0,TRAIN,293,186,107,0,0,0.635,293,0.912,-63.4,-0.1448,47.4,186,0.908,-43.7,-0.1454,47.3,107,0.921,-19.6,-0.1438,47.7,-0.0016,0.994,-0.2845,0.2904,0.673,1.217,-125.6,69.7,0.99,
s93_fvg_scalp,B4,mid,1.0,TRAIN,293,126,132,35,0,0.43,293,0.912,-63.4,-0.1448,47.4,126,0.956,-13.9,-0.0616,50.8,132,0.963,-11.8,-0.1505,47.0,0.089,0.6165,-0.3181,0.3267,0.674,1.31,-116.5,85.1,0.614,
s93_fvg_scalp,B5,mid,1.0,TRAIN,293,132,161,0,0,0.451,293,0.912,-63.4,-0.1448,47.4,132,0.901,-31.5,-0.0901,50.0,161,0.921,-31.9,-0.1897,45.3,0.0996,0.5135,-0.3034,0.3077,0.649,1.223,-139.1,72.7,0.502,
s93_fvg_scalp,B6,mid,1.0,TRAIN,293,77,196,20,0,0.263,293,0.912,-63.4,-0.1448,47.4,77,1.019,3.6,-0.0657,50.6,196,0.86,-67.6,-0.166,46.9,0.1004,0.526,-0.2966,0.291,0.653,1.231,-129.3,68.5,0.524,
s93_fvg_scalp,C2,mid,1.0,TRAIN,293,125,161,0,7,0.427,293,0.912,-63.4,-0.1448,47.4,125,0.82,-54.3,-0.0978,50.4,161,0.974,-10.7,-0.1777,45.3,0.0799,0.608,-0.3005,0.3109,0.639,1.233,-137.6,72.2,0.606,
s93_fvg_scalp,B1_utc,mid,1.0,TRAIN,293,107,121,65,0,0.365,293,0.912,-63.4,-0.1448,47.4,107,0.798,-52.4,-0.1076,49.5,121,0.853,-45.2,-0.2361,43.8,0.1285,0.4755,-0.354,0.3605,0.579,1.142,-133.4,35.4,,
s93_fvg_scalp,B2_lb2,mid,1.0,TRAIN,293,132,161,0,0,0.451,293,0.912,-63.4,-0.1448,47.4,132,0.827,-57.0,-0.2291,44.7,161,0.984,-6.4,-0.0757,49.7,-0.1534,0.318,-0.3043,0.3123,0.653,1.238,-136.3,76.5,,
s93_fvg_scalp,B2_lb5,mid,1.0,TRAIN,293,137,156,0,0,0.468,293,0.912,-63.4,-0.1448,47.4,137,0.874,-43.9,-0.1588,46.7,156,0.948,-19.5,-0.1326,48.1,-0.0262,0.878,-0.2976,0.2985,0.654,1.214,-136.4,68.7,,
s93_fvg_scalp,B3_db0.05,mid,1.0,TRAIN,293,173,93,18,9,0.59,293,0.912,-63.4,-0.1448,47.4,173,0.926,-32.4,-0.1274,48.0,93,0.95,-10.6,-0.1588,47.3,0.0314,0.85,-0.3199,0.3024,0.665,1.276,-116.7,78.9,,
s93_fvg_scalp,B3_db0.10,mid,1.0,TRAIN,293,161,81,42,9,0.549,293,0.912,-63.4,-0.1448,47.4,161,0.916,-35.0,-0.1611,46.6,81,1.07,12.4,-0.0701,50.6,-0.091,0.604,-0.3282,0.3294,0.685,1.305,-101.2,82.9,,
s93_fvg_scalp,B5_w2,mid,1.0,TRAIN,293,124,167,2,0,0.423,293,0.912,-63.4,-0.1448,47.4,124,0.698,-98.1,-0.2655,43.5,167,1.085,33.3,-0.0572,50.3,-0.2083,0.162,-0.2937,0.3025,0.652,1.204,-136.2,65.6,,
s93_fvg_scalp,B1,mid,1.0,TEST,200,80,98,22,0,0.4,200,1.184,154.0,0.0064,48.0,80,1.041,13.2,-0.0565,46.2,98,1.274,110.8,0.1161,52.0,-0.1726,0.3635,-0.3694,0.3511,0.776,1.699,-93.7,210.4,0.38,
s93_fvg_scalp,B2,mid,1.0,TEST,200,81,119,0,0,0.405,200,1.184,154.0,0.0064,48.0,81,1.008,2.7,0.0312,49.4,119,1.305,151.2,-0.0105,47.1,0.0417,0.8165,-0.3655,0.367,0.809,1.714,-90.3,247.6,0.83,
s93_fvg_scalp,B3,mid,1.0,TEST,200,136,64,0,0,0.68,200,1.184,154.0,0.0064,48.0,136,1.244,141.2,0.0117,47.8,64,1.05,12.8,-0.005,48.4,0.0167,0.9315,-0.3634,0.3731,0.825,1.688,-81.3,238.1,0.928,
s93_fvg_scalp,B4,mid,1.0,TEST,200,88,94,18,0,0.44,200,1.184,154.0,0.0064,48.0,88,1.134,42.8,-0.0704,45.5,94,1.17,75.1,0.0597,50.0,-0.13,0.522,-0.3872,0.3822,0.764,1.718,-104.8,220.1,0.546,
s93_fvg_scalp,B5,mid,1.0,TEST,200,99,101,0,0,0.495,200,1.184,154.0,0.0064,48.0,99,1.068,27.6,-0.1069,43.4,101,1.293,126.4,0.1174,52.5,-0.2242,0.215,-0.3623,0.3656,0.828,1.693,-83.7,240.1,0.226,
s93_fvg_scalp,B6,mid,1.0,TEST,200,50,131,19,0,0.25,200,1.184,154.0,0.0064,48.0,50,1.169,33.4,0.0441,50.0,131,1.274,145.1,0.0669,50.4,-0.0228,0.896,-0.3539,0.358,0.851,1.783,-61.0,241.8,0.9,
s93_fvg_scalp,C2,mid,1.0,TEST,200,101,99,0,0,0.505,200,1.184,154.0,0.0064,48.0,101,1.087,35.5,-0.0891,44.6,99,1.278,118.4,0.1037,51.5,-0.1928,0.2835,-0.3484,0.3497,0.83,1.693,-80.7,236.0,0.274,
s93_fvg_scalp,B1_utc,mid,1.0,TEST,200,82,89,29,0,0.41,200,1.184,154.0,0.0064,48.0,82,1.286,88.1,0.0186,48.8,89,1.036,14.7,0.079,50.6,-0.0604,0.745,-0.3749,0.3674,0.799,1.646,-83.6,186.7,,
s93_fvg_scalp,B2_lb2,mid,1.0,TEST,200,77,123,0,0,0.385,200,1.184,154.0,0.0064,48.0,77,1.225,66.8,0.046,50.6,123,1.162,87.2,-0.0185,46.3,0.0645,0.7155,-0.3457,0.3231,0.818,1.684,-88.4,233.2,,
s93_fvg_scalp,B2_lb5,mid,1.0,TEST,200,80,120,0,0,0.4,200,1.184,154.0,0.0064,48.0,80,1.076,26.4,0.0205,48.8,120,1.261,127.6,-0.0031,47.5,0.0236,0.892,-0.3557,0.3562,0.826,1.673,-82.6,243.7,,
s93_fvg_scalp,B3_db0.05,mid,1.0,TEST,200,129,57,14,0,0.645,200,1.184,154.0,0.0064,48.0,129,1.213,120.4,0.0017,47.3,57,1.041,9.5,-0.0312,47.4,0.0329,0.861,-0.3783,0.3791,0.788,1.674,-98.2,217.4,,
s93_fvg_scalp,B3_db0.10,mid,1.0,TEST,200,114,50,36,0,0.57,200,1.184,154.0,0.0064,48.0,114,1.168,86.4,-0.0177,46.5,50,1.121,23.7,-0.0172,48.0,-0.0005,0.9975,-0.3871,0.4109,0.767,1.726,-93.4,209.8,,
s93_fvg_scalp,B5_w2,mid,1.0,TEST,200,107,93,0,0,0.535,200,1.184,154.0,0.0064,48.0,107,1.117,48.9,-0.0999,43.9,93,1.252,105.0,0.1286,52.7,-0.2286,0.206,-0.3411,0.345,0.828,1.685,-81.5,240.8,,
s93_fvg_scalp,B1,q,0.45,ALL,493,202,238,53,0,0.41,493,1.134,199.0,-0.0216,44.4,202,1.074,43.4,-0.0073,45.0,238,1.133,98.2,-0.0276,44.1,0.0202,0.858,-0.2421,0.2217,0.848,1.424,-104.6,249.4,,
s93_fvg_scalp,B2,q,0.45,ALL,493,214,279,0,0,0.434,493,1.134,199.0,-0.0216,44.4,214,1.012,7.9,-0.0518,43.5,279,1.224,191.1,0.0015,45.2,-0.0533,0.665,-0.2242,0.2323,0.88,1.452,-95.1,296.2,,
s93_fvg_scalp,B3,q,0.45,ALL,493,322,171,0,0,0.653,493,1.134,199.0,-0.0216,44.4,322,1.186,186.1,-0.0114,44.7,171,1.026,12.9,-0.0408,43.9,0.0295,0.792,-0.2226,0.2266,0.889,1.442,-90.0,299.0,,
s93_fvg_scalp,B4,q,0.45,ALL,493,214,226,53,0,0.434,493,1.134,199.0,-0.0216,44.4,214,1.17,100.8,0.0266,46.3,226,1.144,105.3,-0.0182,44.7,0.0447,0.7235,-0.2288,0.2432,0.889,1.5,-78.3,293.4,,
s93_fvg_scalp,B5,q,0.45,ALL,493,231,262,0,0,0.469,493,1.134,199.0,-0.0216,44.4,231,1.081,55.0,-0.0141,44.6,262,1.178,144.0,-0.0283,44.3,0.0142,0.9075,-0.2238,0.2147,0.887,1.425,-91.9,286.9,,
s93_fvg_scalp,B6,q,0.45,ALL,493,127,327,39,0,0.258,493,1.134,199.0,-0.0216,44.4,127,1.217,78.9,0.0681,48.0,327,1.148,143.4,-0.015,44.6,0.0832,0.47,-0.2213,0.2255,0.915,1.469,-61.4,280.3,,
s93_fvg_scalp,C2,q,0.45,ALL,493,226,260,0,7,0.458,493,1.134,199.0,-0.0216,44.4,226,1.098,64.9,0.0026,45.6,260,1.176,142.3,-0.032,43.8,0.0346,0.754,-0.2191,0.21,0.886,1.431,-89.2,281.7,,
s93_fvg_scalp,B1_utc,q,0.45,ALL,493,189,210,94,0,0.383,493,1.134,199.0,-0.0216,44.4,189,1.121,66.4,-0.0068,45.0,210,1.015,10.5,-0.0431,43.3,0.0363,0.765,-0.2522,0.2501,0.816,1.348,-126.8,190.9,,
s93_fvg_scalp,B2_lb2,q,0.45,ALL,493,209,284,0,0,0.424,493,1.134,199.0,-0.0216,44.4,209,1.081,48.8,-0.069,43.1,284,1.169,150.2,0.0133,45.4,-0.0822,0.476,-0.2242,0.22,0.898,1.425,-81.2,286.4,,
s93_fvg_scalp,B2_lb5,q,0.45,ALL,493,217,276,0,0,0.44,493,1.134,199.0,-0.0216,44.4,217,1.037,24.4,-0.0348,43.8,276,1.212,174.6,-0.0112,44.9,-0.0236,0.848,-0.2264,0.2307,0.889,1.445,-91.0,290.6,,
s93_fvg_scalp,B3_db0.05,q,0.45,ALL,493,302,150,32,9,0.613,493,1.134,199.0,-0.0216,44.4,302,1.195,185.2,0.0053,45.4,150,1.049,20.8,-0.0562,43.3,0.0615,0.6035,-0.2265,0.2264,0.888,1.449,-83.8,279.7,,
s93_fvg_scalp,B3_db0.10,q,0.45,ALL,493,275,131,78,9,0.558,493,1.134,199.0,-0.0216,44.4,275,1.152,133.7,-0.0302,44.0,131,1.164,58.6,0.0059,45.8,-0.0361,0.768,-0.2401,0.2486,0.878,1.494,-81.6,274.7,,
s93_fvg_scalp,B5_w2,q,0.45,ALL,493,231,260,2,0,0.469,493,1.134,199.0,-0.0216,44.4,231,1.023,16.2,-0.1029,41.1,260,1.229,180.4,0.0493,47.3,-0.1521,0.183,-0.2154,0.2209,0.895,1.43,-85.4,288.8,,
s93_fvg_scalp,B1,q,0.45,TRAIN,293,122,140,31,0,0.416,293,0.975,-17.4,-0.075,43.3,122,0.986,-3.9,-0.0213,45.1,140,0.868,-46.3,-0.1634,40.0,0.1421,0.3815,-0.3127,0.2978,0.636,1.251,-122.2,68.4,,
s93_fvg_scalp,B2,q,0.45,TRAIN,293,133,160,0,0,0.454,293,0.975,-17.4,-0.075,43.3,133,0.909,-28.7,-0.1475,40.6,160,1.03,11.4,-0.0147,45.6,-0.1328,0.39,-0.3125,0.3033,0.684,1.322,-118.2,98.8,,
s93_fvg_scalp,B3,q,0.45,TRAIN,293,186,107,0,0,0.635,293,0.975,-17.4,-0.075,43.3,186,1.013,5.7,-0.0576,44.1,107,0.906,-23.1,-0.1052,42.1,0.0475,0.74,-0.2948,0.3006,0.71,1.305,-110.0,93.3,,
s93_fvg_scalp,B4,q,0.45,TRAIN,293,126,132,35,0,0.43,293,0.975,-17.4,-0.075,43.3,126,1.086,25.2,0.0545,48.4,132,1.035,10.5,-0.1008,42.4,0.1553,0.3585,-0.329,0.3513,0.726,1.468,-87.8,121.5,,
s93_fvg_scalp,B5,q,0.45,TRAIN,293,132,161,0,0,0.451,293,0.975,-17.4,-0.075,43.3,132,0.965,-10.5,-0.0041,46.2,161,0.982,-6.9,-0.1331,41.0,0.129,0.398,-0.2929,0.3035,0.688,1.317,-116.3,97.7,,
s93_fvg_scalp,B6,q,0.45,TRAIN,293,77,196,20,0,0.263,293,0.975,-17.4,-0.075,43.3,77,1.154,27.1,0.0519,48.1,196,0.887,-52.7,-0.1123,41.8,0.1642,0.28,-0.3071,0.3101,0.701,1.304,-104.2,86.1,,
s93_fvg_scalp,C2,q,0.45,TRAIN,293,125,161,0,7,0.427,293,0.975,-17.4,-0.075,43.3,125,0.939,-17.0,0.0122,47.2,161,1.02,7.8,-0.1277,41.0,0.1399,0.3615,-0.2984,0.2969,0.706,1.331,-107.0,97.3,,
s93_fvg_scalp,B1_utc,q,0.45,TRAIN,293,107,121,65,0,0.365,293,0.975,-17.4,-0.075,43.3,107,0.813,-47.3,-0.0575,43.9,121,0.912,-25.9,-0.1661,39.7,0.1086,0.5465,-0.3322,0.3491,0.603,1.195,-120.5,47.2,,
s93_fvg_scalp,B2_lb2,q,0.45,TRAIN,293,132,161,0,0,0.451,293,0.975,-17.4,-0.075,43.3,132,0.848,-48.4,-0.1792,39.4,161,1.083,31.1,0.0104,46.6,-0.1896,0.2115,-0.3044,0.2996,0.702,1.316,-111.8,98.1,,
s93_fvg_scalp,B2_lb5,q,0.45,TRAIN,293,137,156,0,0,0.468,293,0.975,-17.4,-0.075,43.3,137,0.896,-35.4,-0.1086,41.6,156,1.051,18.0,-0.0455,44.9,-0.063,0.6945,-0.3097,0.305,0.692,1.301,-115.5,95.7,,
s93_fvg_scalp,B3_db0.05,q,0.45,TRAIN,293,173,93,18,9,0.59,293,0.975,-17.4,-0.075,43.3,173,1.05,20.6,-0.0329,45.1,93,0.961,-8.1,-0.1118,41.9,0.0789,0.604,-0.3082,0.2976,0.725,1.363,-91.6,100.1,,
s93_fvg_scalp,B3_db0.10,q,0.45,TRAIN,293,161,81,42,9,0.549,293,0.975,-17.4,-0.075,43.3,161,1.029,11.4,-0.0736,43.5,81,1.047,8.3,-0.0473,44.4,-0.0263,0.866,-0.3243,0.3213,0.723,1.427,-85.7,104.7,,
s93_fvg_scalp,B5_w2,q,0.45,TRAIN,293,124,167,2,0,0.423,293,0.975,-17.4,-0.075,43.3,124,0.755,-75.1,-0.1783,39.5,167,1.145,55.3,-0.001,46.1,-0.1773,0.2385,-0.2866,0.2826,0.702,1.302,-114.1,93.4,,
s93_fvg_scalp,B1,q,0.45,TEST,200,80,98,22,0,0.4,200,1.271,216.4,0.0566,46.0,80,1.156,47.3,0.014,45.0,98,1.373,144.5,0.1665,50.0,-0.1525,0.4105,-0.3404,0.3714,0.857,1.859,-56.9,247.1,,
s93_fvg_scalp,B2,q,0.45,TEST,200,81,119,0,0,0.405,200,1.271,216.4,0.0566,46.0,81,1.114,36.7,0.1054,48.1,119,1.377,179.7,0.0234,44.5,0.0821,0.6405,-0.3635,0.3256,0.877,1.772,-56.5,259.5,,
s93_fvg_scalp,B3,q,0.45,TEST,200,136,64,0,0,0.68,200,1.271,216.4,0.0566,46.0,136,1.325,180.4,0.0519,45.6,64,1.149,36.0,0.0667,46.9,-0.0148,0.9305,-0.3408,0.361,0.876,1.839,-58.3,272.7,,
s93_fvg_scalp,B4,q,0.45,TEST,200,88,94,18,0,0.44,200,1.271,216.4,0.0566,46.0,88,1.253,75.6,-0.0135,43.2,94,1.221,94.8,0.0979,47.9,-0.1114,0.55,-0.3587,0.3506,0.826,1.783,-76.3,232.2,,
s93_fvg_scalp,B5,q,0.45,TEST,200,99,101,0,0,0.495,200,1.271,216.4,0.0566,46.0,99,1.173,65.5,-0.0273,42.4,101,1.36,150.9,0.1389,49.5,-0.1662,0.335,-0.3273,0.3457,0.898,1.82,-45.6,266.8,,
s93_fvg_scalp,B6,q,0.45,TEST,200,50,131,19,0,0.25,200,1.271,216.4,0.0566,46.0,50,1.276,51.8,0.0932,48.0,131,1.39,196.1,0.1306,48.9,-0.0373,0.8285,-0.3376,0.3308,0.947,1.909,-19.2,267.2,,
s93_fvg_scalp,C2,q,0.45,TEST,200,101,99,0,0,0.505,200,1.271,216.4,0.0566,46.0,101,1.215,81.9,-0.0092,43.6,99,1.323,134.5,0.1238,48.5,-0.133,0.441,-0.3339,0.3279,0.895,1.788,-48.4,266.6,,
s93_fvg_scalp,B1_utc,q,0.45,TEST,200,82,89,29,0,0.41,200,1.271,216.4,0.0566,46.0,82,1.387,113.7,0.0595,46.3,89,1.093,36.4,0.1242,48.3,-0.0647,0.735,-0.3812,0.3405,0.874,1.734,-49.5,204.4,,
s93_fvg_scalp,B2_lb2,q,0.45,TEST,200,77,123,0,0,0.385,200,1.271,216.4,0.0566,46.0,77,1.346,97.3,0.12,49.4,123,1.231,119.1,0.017,43.9,0.103,0.544,-0.3362,0.3256,0.889,1.775,-51.0,261.0,,
s93_fvg_scalp,B2_lb5,q,0.45,TEST,200,80,120,0,0,0.4,200,1.271,216.4,0.0566,46.0,80,1.183,59.8,0.0915,47.5,120,1.333,156.6,0.0334,45.0,0.0581,0.7435,-0.3502,0.36,0.892,1.841,-49.1,275.1,,
s93_fvg_scalp,B3_db0.05,q,0.45,TEST,200,129,57,14,0,0.645,200,1.271,216.4,0.0566,46.0,129,1.306,164.6,0.0565,45.7,57,1.131,28.9,0.0344,45.6,0.0221,0.908,-0.3484,0.3527,0.863,1.805,-60.8,251.5,,
s93_fvg_scalp,B3_db0.10,q,0.45,TEST,200,114,50,36,0,0.57,200,1.271,216.4,0.0566,46.0,114,1.249,122.4,0.031,44.7,50,1.278,50.3,0.092,48.0,-0.061,0.77,-0.3958,0.3742,0.825,1.87,-66.5,241.2,,
s93_fvg_scalp,B5_w2,q,0.45,TEST,200,107,93,0,0,0.535,200,1.271,216.4,0.0566,46.0,107,1.234,91.3,-0.0154,43.0,93,1.307,125.1,0.1395,49.5,-0.155,0.372,-0.3493,0.3552,0.874,1.813,-59.0,270.3,,
s93_fvg_scalp,B1,q,0.7,ALL,493,202,238,53,0,0.41,493,1.049,75.8,-0.0891,44.4,202,0.988,-7.1,-0.0772,45.0,238,1.05,38.7,-0.0945,44.1,0.0173,0.903,-0.2351,0.2381,0.772,1.321,-167.4,202.1,0.878,
s93_fvg_scalp,B2,q,0.7,ALL,493,214,279,0,0,0.434,493,1.049,75.8,-0.0891,44.4,214,0.932,-45.6,-0.1216,43.5,279,1.136,121.4,-0.0642,45.2,-0.0574,0.6415,-0.2207,0.2282,0.811,1.329,-157.6,233.1,0.63,
s93_fvg_scalp,B3,q,0.7,ALL,493,322,171,0,0,0.653,493,1.049,75.8,-0.0891,44.4,322,1.101,105.6,-0.077,44.7,171,0.942,-29.9,-0.112,43.9,0.035,0.767,-0.2177,0.227,0.818,1.313,-156.1,223.0,0.732,
s93_fvg_scalp,B4,q,0.7,ALL,493,214,226,53,0,0.434,493,1.049,75.8,-0.0891,44.4,214,1.076,47.3,-0.0422,46.3,226,1.064,48.8,-0.0837,44.7,0.0415,0.7335,-0.2299,0.2488,0.821,1.356,-129.0,227.5,0.726,
s93_fvg_scalp,B5,q,0.7,ALL,493,231,262,0,0,0.469,493,1.049,75.8,-0.0891,44.4,231,0.996,-2.7,-0.0817,44.6,262,1.093,78.5,-0.0956,44.3,0.0139,0.907,-0.2263,0.2179,0.815,1.326,-153.2,229.9,0.878,
s93_fvg_scalp,B6,q,0.7,ALL,493,127,327,39,0,0.258,493,1.049,75.8,-0.0891,44.4,127,1.124,47.1,0.0001,48.0,327,1.061,61.7,-0.0834,44.6,0.0835,0.459,-0.2243,0.222,0.841,1.348,-119.2,221.2,0.542,
s93_fvg_scalp,C2,q,0.7,ALL,493,226,260,0,7,0.458,493,1.049,75.8,-0.0891,44.4,226,1.012,8.4,-0.0669,45.6,260,1.092,77.3,-0.0975,43.8,0.0305,0.791,-0.2343,0.2345,0.82,1.346,-148.3,236.5,0.792,
s93_fvg_scalp,B1_utc,q,0.7,ALL,493,189,210,94,0,0.383,493,1.049,75.8,-0.0891,44.4,189,1.033,19.2,-0.0758,45.0,210,0.941,-42.0,-0.1085,43.3,0.0327,0.8155,-0.2509,0.247,0.762,1.254,-170.6,144.2,,
s93_fvg_scalp,B2_lb2,q,0.7,ALL,493,209,284,0,0,0.424,493,1.049,75.8,-0.0891,44.4,209,0.995,-3.4,-0.1401,43.1,284,1.085,79.2,-0.0516,45.4,-0.0885,0.428,-0.2166,0.2231,0.815,1.326,-154.1,231.3,,
s93_fvg_scalp,B2_lb5,q,0.7,ALL,493,217,276,0,0,0.44,493,1.049,75.8,-0.0891,44.4,217,0.957,-29.9,-0.1031,43.8,276,1.123,105.6,-0.0781,44.9,-0.025,0.8335,-0.2283,0.22,0.81,1.321,-166.6,230.9,,
s93_fvg_scalp,B3_db0.05,q,0.7,ALL,493,302,150,32,9,0.613,493,1.049,75.8,-0.0891,44.4,302,1.111,109.7,-0.0596,45.4,150,0.963,-16.7,-0.1279,43.3,0.0683,0.573,-0.2297,0.2289,0.829,1.353,-134.5,231.9,,
s93_fvg_scalp,B3_db0.10,q,0.7,ALL,493,275,131,78,9,0.558,493,1.049,75.8,-0.0891,44.4,275,1.071,65.0,-0.0952,44.0,131,1.069,25.9,-0.0647,45.8,-0.0305,0.796,-0.2546,0.244,0.805,1.387,-138.6,225.6,,
s93_fvg_scalp,B5_w2,q,0.7,ALL,493,231,260,2,0,0.469,493,1.049,75.8,-0.0891,44.4,231,0.943,-41.6,-0.1717,41.1,260,1.14,115.4,-0.017,47.3,-0.1547,0.183,-0.2229,0.2274,0.805,1.33,-164.6,227.8,,
s93_fvg_scalp,B1,q,0.7,TRAIN,293,122,140,31,0,0.416,293,0.876,-90.6,-0.1576,43.3,122,0.884,-34.4,-0.1065,45.1,140,0.781,-81.3,-0.2452,40.0,0.1388,0.3835,-0.3246,0.3131,0.57,1.135,-157.7,39.5,0.364,
s93_fvg_scalp,B2,q,0.7,TRAIN,293,133,160,0,0,0.454,293,0.876,-90.6,-0.1576,43.3,133,0.815,-62.0,-0.231,40.6,160,0.928,-28.6,-0.0965,45.6,-0.1345,0.3925,-0.3074,0.2972,0.629,1.181,-146.2,61.4,0.334,
s93_fvg_scalp,B3,q,0.7,TRAIN,293,186,107,0,0,0.635,293,0.876,-90.6,-0.1576,43.3,186,0.914,-40.8,-0.1398,44.1,107,0.809,-49.8,-0.1885,42.1,0.0488,0.734,-0.2859,0.287,0.637,1.167,-144.1,56.4,0.742,
s93_fvg_scalp,B4,q,0.7,TRAIN,293,126,132,35,0,0.43,293,0.876,-90.6,-0.1576,43.3,126,0.98,-6.3,-0.0262,48.4,132,0.93,-22.5,-0.1837,42.4,0.1575,0.357,-0.3093,0.3226,0.667,1.307,-116.1,83.5,0.28,
s93_fvg_scalp,B5,q,0.7,TRAIN,293,132,161,0,0,0.451,293,0.876,-90.6,-0.1576,43.3,132,0.864,-43.5,-0.0871,46.2,161,0.886,-47.1,-0.2153,41.0,0.1282,0.4395,-0.3035,0.3323,0.624,1.192,-149.6,62.0,0.348,
s93_fvg_scalp,B6,q,0.7,TRAIN,293,77,196,20,0,0.263,293,0.876,-90.6,-0.1576,43.3,77,1.042,7.8,-0.0311,48.1,196,0.795,-101.7,-0.1956,41.8,0.1645,0.286,-0.3042,0.2965,0.613,1.162,-142.9,48.9,0.39,
s93_fvg_scalp,C2,q,0.7,TRAIN,293,125,161,0,7,0.427,293,0.876,-90.6,-0.1576,43.3,125,0.838,-48.3,-0.0751,47.2,161,0.922,-32.5,-0.2069,41.0,0.1318,0.4,-0.304,0.3029,0.624,1.19,-143.5,62.5,0.378,
s93_fvg_scalp,B1_utc,q,0.7,TRAIN,293,107,121,65,0,0.365,293,0.876,-90.6,-0.1576,43.3,107,0.724,-74.0,-0.144,43.9,121,0.82,-56.2,-0.2463,39.7,0.1023,0.5755,-0.3409,0.3361,0.544,1.057,-145.0,15.0,,
s93_fvg_scalp,B2_lb2,q,0.7,TRAIN,293,132,161,0,0,0.451,293,0.876,-90.6,-0.1576,43.3,132,0.76,-81.4,-0.2634,39.4,161,0.977,-9.2,-0.0708,46.6,-0.1927,0.2195,-0.2986,0.3032,0.62,1.178,-150.1,59.5,,
s93_fvg_scalp,B2_lb5,q,0.7,TRAIN,293,137,156,0,0,0.468,293,0.876,-90.6,-0.1576,43.3,137,0.807,-69.6,-0.1898,41.6,156,0.944,-21.0,-0.1292,44.9,-0.0606,0.689,-0.2946,0.3154,0.636,1.182,-143.1,60.7,,
s93_fvg_scalp,B3_db0.05,q,0.7,TRAIN,293,173,93,18,9,0.59,293,0.876,-90.6,-0.1576,43.3,173,0.948,-22.7,-0.1147,45.1,93,0.857,-31.3,-0.1966,41.9,0.0819,0.581,-0.3168,0.3141,0.646,1.251,-126.4,70.9,,
s93_fvg_scalp,B3_db0.10,q,0.7,TRAIN,293,161,81,42,9,0.549,293,0.876,-90.6,-0.1576,43.3,161,0.93,-28.9,-0.1551,43.5,81,0.936,-12.0,-0.1306,44.4,-0.0245,0.8895,-0.325,0.3118,0.645,1.273,-117.0,71.8,,
s93_fvg_scalp,B5_w2,q,0.7,TRAIN,293,124,167,2,0,0.423,293,0.876,-90.6,-0.1576,43.3,124,0.674,-106.1,-0.2647,39.5,167,1.034,13.5,-0.081,46.1,-0.1837,0.238,-0.3038,0.3006,0.618,1.18,-152.1,59.7,,
s93_fvg_scalp,B1,q,0.7,TEST,200,80,98,22,0,0.4,200,1.202,166.4,0.0112,46.0,80,1.087,27.3,-0.0325,45.0,98,1.301,120.0,0.1209,50.0,-0.1534,0.4235,-0.3582,0.3404,0.809,1.739,-79.3,218.4,0.388,
s93_fvg_scalp,B2,q,0.7,TEST,200,81,119,0,0,0.405,200,1.202,166.4,0.0112,46.0,81,1.05,16.4,0.0581,48.1,119,1.304,150.0,-0.0207,44.5,0.0787,0.6595,-0.3481,0.3423,0.828,1.72,-77.3,247.0,0.626,
s93_fvg_scalp,B3,q,0.7,TEST,200,136,64,0,0,0.68,200,1.202,166.4,0.0112,46.0,136,1.255,146.4,0.0089,45.6,64,1.08,20.0,0.016,46.9,-0.0071,0.969,-0.3435,0.3568,0.824,1.706,-80.8,241.9,0.976,
s93_fvg_scalp,B4,q,0.7,TEST,200,88,94,18,0,0.44,200,1.202,166.4,0.0112,46.0,88,1.172,53.6,-0.0652,43.2,94,1.161,71.3,0.0567,47.9,-0.1219,0.5055,-0.3653,0.3484,0.789,1.716,-92.7,219.9,0.51,
s93_fvg_scalp,B5,q,0.7,TEST,200,99,101,0,0,0.495,200,1.202,166.4,0.0112,46.0,99,1.104,40.8,-0.0745,42.4,101,1.291,125.6,0.0952,49.5,-0.1697,0.324,-0.3444,0.3499,0.839,1.687,-73.1,238.9,0.344,
s93_fvg_scalp,B6,q,0.7,TEST,200,50,131,19,0,0.25,200,1.202,166.4,0.0112,46.0,50,1.202,39.3,0.0482,48.0,131,1.315,163.4,0.0845,48.9,-0.0364,0.847,-0.358,0.3395,0.884,1.796,-46.9,244.6,0.848,
s93_fvg_scalp,C2,q,0.7,TEST,200,101,99,0,0,0.505,200,1.202,166.4,0.0112,46.0,101,1.143,56.7,-0.0567,43.6,99,1.256,109.7,0.0806,48.5,-0.1373,0.429,-0.3368,0.3411,0.839,1.713,-75.5,243.2,0.46,
s93_fvg_scalp,B1_utc,q,0.7,TEST,200,82,89,29,0,0.41,200,1.202,166.4,0.0112,46.0,82,1.305,93.2,0.0132,46.3,89,1.035,14.1,0.0787,48.3,-0.0656,0.7195,-0.3598,0.3632,0.816,1.636,-73.0,185.7,,
s93_fvg_scalp,B2_lb2,q,0.7,TEST,200,77,123,0,0,0.385,200,1.202,166.4,0.0112,46.0,77,1.268,78.0,0.0714,49.4,123,1.166,88.4,-0.0265,43.9,0.0979,0.5745,-0.3355,0.337,0.842,1.709,-73.1,241.1,,
s93_fvg_scalp,B2_lb5,q,0.7,TEST,200,80,120,0,0,0.4,200,1.202,166.4,0.0112,46.0,80,1.118,39.8,0.0455,47.5,120,1.26,126.6,-0.0116,45.0,0.0571,0.741,-0.3366,0.3594,0.837,1.696,-74.7,247.2,,
s93_fvg_scalp,B3_db0.05,q,0.7,TEST,200,129,57,14,0,0.645,200,1.202,166.4,0.0112,46.0,129,1.238,132.4,0.0144,45.7,57,1.064,14.6,-0.0157,45.6,0.0301,0.8615,-0.3441,0.3519,0.829,1.692,-76.7,224.2,,
s93_fvg_scalp,B3_db0.10,q,0.7,TEST,200,114,50,36,0,0.57,200,1.202,166.4,0.0112,46.0,114,1.185,93.9,-0.0106,44.7,50,1.202,37.8,0.042,48.0,-0.0526,0.783,-0.3862,0.3619,0.787,1.726,-85.4,213.4,,
s93_fvg_scalp,B5_w2,q,0.7,TEST,200,107,93,0,0,0.535,200,1.202,166.4,0.0112,46.0,107,1.159,64.6,-0.064,43.0,93,1.243,101.8,0.0978,49.5,-0.1618,0.356,-0.3499,0.3404,0.847,1.699,-70.9,239.9,,
s97_snap_scalper_m5,B1,mid,0.75,ALL,730,413,264,53,0,0.566,730,2.016,586.9,0.093,82.7,413,2.048,371.1,0.119,84.0,264,1.827,166.7,0.0453,80.3,0.0737,0.1695,-0.1064,0.1018,1.485,2.76,154.4,384.2,,
s97_snap_scalper_m5,B2,mid,0.75,ALL,730,131,599,0,0,0.179,730,2.016,586.9,0.093,82.7,131,1.558,65.6,0.0969,82.4,599,2.132,521.3,0.0921,82.8,0.0048,0.9305,-0.0961,0.0956,1.566,2.684,182.9,412.5,,
s97_snap_scalper_m5,B3,mid,0.75,ALL,730,329,401,0,0,0.451,730,2.016,586.9,0.093,82.7,329,2.91,400.9,0.1168,84.2,401,1.506,186.0,0.0734,81.5,0.0434,0.3645,-0.094,0.0919,1.525,2.773,176.4,412.7,,
s97_snap_scalper_m5,B4,mid,0.75,ALL,730,439,236,55,0,0.601,730,2.016,586.9,0.093,82.7,439,1.925,362.3,0.1039,82.7,236,2.626,229.7,0.1232,85.6,-0.0193,0.709,-0.0952,0.0941,1.578,3.019,177.7,414.7,,
s97_snap_scalper_m5,B5,mid,0.75,ALL,730,444,286,0,0,0.608,730,2.016,586.9,0.093,82.7,444,2.175,441.9,0.1304,84.7,286,1.718,145.0,0.0348,79.7,0.0956,0.056,-0.0968,0.0965,1.513,2.745,172.7,409.2,,
s97_snap_scalper_m5,B6,mid,0.75,ALL,730,167,534,29,0,0.229,730,2.016,586.9,0.093,82.7,167,3.193,247.0,0.1227,83.2,534,1.717,322.1,0.0835,82.4,0.0392,0.456,-0.1011,0.1021,1.519,2.877,171.8,405.7,,al
s97_snap_scalper_m5,C2,mid,0.75,ALL,730,524,192,0,14,0.718,730,2.016,586.9,0.093,82.7,524,2.068,459.8,0.1172,84.0,192,2.032,137.1,0.0591,80.7,0.0581,0.231,-0.0915,0.0962,1.564,2.901,185.3,421.2,,
s97_snap_scalper_m5,B1_utc,mid,0.75,ALL,730,396,186,148,0,0.542,730,2.016,586.9,0.093,82.7,396,2.386,418.6,0.1412,85.9,186,1.907,145.5,0.0507,78.5,0.0905,0.106,-0.1096,0.1117,1.625,3.186,172.3,395.4,,
s97_snap_scalper_m5,B2_lb2,mid,0.75,ALL,730,188,542,0,0,0.258,730,2.016,586.9,0.093,82.7,188,1.568,97.2,0.1087,83.5,542,2.204,489.7,0.0875,82.5,0.0212,0.6605,-0.0984,0.1034,1.51,2.919,169.1,425.9,,
s97_snap_scalper_m5,B2_lb5,mid,0.75,ALL,730,111,619,0,0,0.152,730,2.016,586.9,0.093,82.7,111,1.84,65.5,0.0265,80.2,619,2.043,521.3,0.1049,83.2,-0.0784,0.1295,-0.1,0.1071,1.504,2.831,171.6,414.9,,
s97_snap_scalper_m5,B3_db0.05,mid,0.75,ALL,730,281,335,89,25,0.385,730,2.016,586.9,0.093,82.7,281,3.283,380.8,0.1499,85.8,335,1.482,156.6,0.0863,82.1,0.0635,0.1775,-0.0897,0.0987,1.541,3.106,157.1,385.0,,al
s97_snap_scalper_m5,B3_db0.10,mid,0.75,ALL,730,232,290,183,25,0.318,730,2.016,586.9,0.093,82.7,232,3.424,331.2,0.1672,86.2,290,1.535,156.0,0.107,83.1,0.0602,0.2405,-0.0983,0.1033,1.537,3.262,138.9,353.3,,al
s97_snap_scalper_m5,B5_w2,mid,0.75,ALL,730,440,285,5,0,0.603,730,2.016,586.9,0.093,82.7,440,1.942,367.6,0.1041,83.6,285,2.188,220.0,0.0801,81.4,0.024,0.635,-0.0977,0.098,1.512,2.772,171.5,411.8,,
s97_snap_scalper_m5,B1,mid,0.75,TRAIN,498,291,169,38,0,0.584,498,1.725,201.8,0.0389,82.3,291,2.276,173.1,0.0894,84.5,169,1.09,12.0,-0.0649,77.5,0.1543,0.0135,-0.1252,0.1193,1.236,2.408,35.3,150.8,,
s97_snap_scalper_m5,B2,mid,0.75,TRAIN,498,74,424,0,0,0.149,498,1.725,201.8,0.0389,82.3,74,1.506,17.6,0.0264,82.4,424,1.756,184.1,0.0411,82.3,-0.0147,0.811,-0.111,0.1128,1.308,2.411,47.9,155.8,,
s97_snap_scalper_m5,B3,mid,0.75,TRAIN,498,220,278,0,0,0.442,498,1.725,201.8,0.0389,82.3,220,1.903,108.4,0.048,82.7,278,1.59,93.4,0.0317,82.0,0.0162,0.785,-0.1142,0.1092,1.273,2.35,44.7,154.4,,
s97_snap_scalper_m5,B4,mid,0.75,TRAIN,498,295,160,43,0,0.592,498,1.725,201.8,0.0389,82.3,295,1.798,124.6,0.0586,83.1,160,2.044,93.4,0.0633,84.4,-0.0047,0.94,-0.1158,0.1193,1.387,2.64,52.1,162.0,,
s97_snap_scalper_m5,B5,mid,0.75,TRAIN,498,298,200,0,0,0.598,498,1.725,201.8,0.0389,82.3,298,2.255,183.7,0.0922,85.2,200,1.137,18.1,-0.0405,78.0,0.1327,0.0245,-0.1144,0.1166,1.289,2.419,43.3,158.8,,
s97_snap_scalper_m5,B6,mid,0.75,TRAIN,498,113,364,21,0,0.227,498,1.725,201.8,0.0389,82.3,113,2.13,63.2,0.0641,82.3,364,1.575,125.1,0.026,81.9,0.0382,0.5635,-0.125,0.1243,1.221,2.439,36.0,152.0,,
s97_snap_scalper_m5,C2,mid,0.75,TRAIN,498,357,127,0,14,0.717,498,1.725,201.8,0.0389,82.3,357,1.955,178.5,0.0714,84.0,127,1.433,33.3,-0.0095,79.5,0.0809,0.171,-0.1153,0.1139,1.324,2.533,47.3,165.0,,
s97_snap_scalper_m5,B1_utc,mid,0.75,TRAIN,498,278,98,122,0,0.558,498,1.725,201.8,0.0389,82.3,278,2.096,158.8,0.0877,84.9,98,1.227,18.0,-0.0766,75.5,0.1643,0.0125,-0.1245,0.1385,1.293,2.636,36.9,142.5,,
s97_snap_scalper_m5,B2_lb2,mid,0.75,TRAIN,498,108,390,0,0,0.217,498,1.725,201.8,0.0389,82.3,108,2.119,51.6,0.0824,86.1,390,1.647,150.2,0.0268,81.3,0.0556,0.307,-0.109,0.113,1.284,2.362,45.8,158.6,,
s97_snap_scalper_m5,B2_lb5,mid,0.75,TRAIN,498,75,423,0,0,0.151,498,1.725,201.8,0.0389,82.3,75,1.157,7.1,-0.0647,77.3,423,1.835,194.7,0.0573,83.2,-0.1219,0.0355,-0.114,0.115,1.28,2.4,44.0,156.5,,
s97_snap_scalper_m5,B3_db0.05,mid,0.75,TRAIN,498,184,221,68,25,0.369,498,1.725,201.8,0.0389,82.3,184,2.294,114.9,0.0897,84.8,221,1.777,93.3,0.0526,83.3,0.0371,0.5365,-0.1132,0.1109,1.458,2.833,56.1,151.9,,
s97_snap_scalper_m5,B3_db0.10,mid,0.75,TRAIN,498,149,183,141,25,0.299,498,1.725,201.8,0.0389,82.3,149,2.771,110.0,0.1152,85.9,183,1.974,94.2,0.0779,84.7,0.0373,0.551,-0.1233,0.1257,1.594,3.485,54.4,148.1,,
s97_snap_scalper_m5,B5_w2,mid,0.75,TRAIN,498,316,177,5,0,0.635,498,1.725,201.8,0.0389,82.3,316,1.896,154.5,0.0666,83.9,177,1.464,48.0,-0.0052,79.7,0.0719,0.221,-0.118,0.1139,1.279,2.4,42.9,156.0,,
s97_snap_scalper_m5,B1,mid,0.75,TEST,232,122,95,15,0,0.526,232,2.286,385.1,0.209,83.6,122,1.907,198.0,0.1895,82.8,95,3.277,154.6,0.2411,85.3,-0.0517,0.5445,-0.1588,0.1679,1.447,4.403,79.8,275.9,,
s97_snap_scalper_m5,B2,mid,0.75,TEST,232,57,175,0,0,0.246,232,2.286,385.1,0.209,83.6,57,1.58,48.0,0.1884,82.5,175,2.555,337.2,0.2157,84.0,-0.0273,0.724,-0.1517,0.1496,1.536,3.61,92.8,288.1,,
s97_snap_scalper_m5,B3,mid,0.75,TEST,232,109,123,0,0,0.47,232,2.286,385.1,0.209,83.6,109,4.252,292.5,0.2557,87.2,123,1.442,92.6,0.1676,80.5,0.0881,0.238,-0.1562,0.1457,1.464,4.106,89.3,296.5,,al
s97_snap_scalper_m5,B4,mid,0.75,TEST,232,144,76,12,0,0.621,232,2.286,385.1,0.209,83.6,144,2.01,237.7,0.1967,81.9,76,3.63,136.3,0.2493,88.2,-0.0526,0.533,-0.1548,0.1703,1.477,4.515,84.8,291.1,,
s97_snap_scalper_m5,B5,mid,0.75,TEST,232,146,86,0,0,0.629,232,2.286,385.1,0.209,83.6,146,2.124,258.2,0.2083,83.6,86,2.817,126.9,0.2101,83.7,-0.0017,0.98,-0.1569,0.1591,1.471,4.387,88.6,299.5,,
s97_snap_scalper_m5,B6,mid,0.75,TEST,232,54,170,8,0,0.233,232,2.286,385.1,0.209,83.6,54,4.242,183.8,0.2452,85.2,170,1.85,197.0,0.2066,83.5,0.0385,0.5915,-0.1376,0.1375,1.508,4.14,92.0,290.7,,
s97_snap_scalper_m5,C2,mid,0.75,TEST,232,167,65,0,0,0.72,232,2.286,385.1,0.209,83.6,167,2.155,281.3,0.2151,83.8,65,2.855,103.8,0.1933,83.1,0.0218,0.7755,-0.1569,0.1515,1.482,4.234,89.5,296.2,,
s97_snap_scalper_m5,B1_utc,mid,0.75,TEST,232,118,88,26,0,0.509,232,2.286,385.1,0.209,83.6,118,2.654,259.8,0.2673,88.1,88,2.571,127.5,0.1924,81.8,0.0749,0.3315,-0.1569,0.1421,1.647,5.284,98.2,290.3,,
s97_snap_scalper_m5,B2_lb2,mid,0.75,TEST,232,80,152,0,0,0.345,232,2.286,385.1,0.209,83.6,80,1.365,45.6,0.1442,80.0,152,2.945,339.5,0.2431,85.5,-0.0989,0.224,-0.16,0.1564,1.426,4.413,82.7,302.5,,
s97_snap_scalper_m5,B2_lb5,mid,0.75,TEST,232,36,196,0,0,0.155,232,2.286,385.1,0.209,83.6,36,2.781,58.4,0.2164,86.1,196,2.225,326.7,0.2076,83.2,0.0087,0.9185,-0.1675,0.159,1.461,4.371,88.2,293.1,,
s97_snap_scalper_m5,B3_db0.05,mid,0.75,TEST,232,97,114,21,0,0.418,232,2.286,385.1,0.209,83.6,97,4.411,265.9,0.264,87.6,114,1.309,63.3,0.1518,79.8,0.1122,0.1525,-0.15,0.1554,1.34,4.13,57.0,268.0,,
s97_snap_scalper_m5,B3_db0.10,mid,0.75,TEST,232,83,107,42,0,0.358,232,2.286,385.1,0.209,83.6,83,3.968,221.3,0.2605,86.7,107,1.317,61.8,0.1569,80.4,0.1036,0.2285,-0.1618,0.1655,1.236,4.007,39.5,238.7,,
s97_snap_scalper_m5,B5_w2,mid,0.75,TEST,232,124,108,0,0,0.534,232,2.286,385.1,0.209,83.6,124,1.978,213.1,0.1995,83.1,108,3.105,172.0,0.2199,84.3,-0.0205,0.7945,-0.1526,0.1552,1.476,4.172,90.6,304.5,,ag
s97_snap_scalper_m5,B1,mid,1.0,ALL,730,413,264,53,0,0.566,730,1.663,404.4,0.0172,76.4,413,1.723,267.9,0.0454,78.9,264,1.469,100.7,-0.0315,73.1,0.0769,0.183,-0.1088,0.1129,1.227,2.298,75.1,301.0,0.158,
s97_snap_scalper_m5,B2,mid,1.0,ALL,730,131,599,0,0,0.179,730,1.663,404.4,0.0172,76.4,131,1.266,32.8,0.0196,75.6,599,1.764,371.6,0.0167,76.6,0.0028,0.9635,-0.1012,0.1045,1.276,2.197,91.3,310.4,0.952,
s97_snap_scalper_m5,B3,mid,1.0,ALL,730,329,401,0,0,0.451,730,1.663,404.4,0.0172,76.4,329,2.429,318.6,0.0435,77.8,401,1.222,85.8,-0.0043,75.3,0.0478,0.332,-0.0977,0.0983,1.253,2.262,88.9,309.9,0.404,
s97_snap_scalper_m5,B4,mid,1.0,ALL,730,439,236,55,0,0.601,730,1.663,404.4,0.0172,76.4,439,1.615,252.5,0.0314,77.9,236,2.139,170.7,0.0475,77.5,-0.0162,0.764,-0.1024,0.1013,1.315,2.465,101.8,323.1,0.74,
s97_snap_scalper_m5,B5,mid,1.0,ALL,730,444,286,0,0,0.608,730,1.663,404.4,0.0172,76.4,444,1.842,330.9,0.0592,80.4,286,1.34,73.5,-0.0479,70.3,0.1071,0.0385,-0.0999,0.1009,1.26,2.308,94.6,313.3,0.106,
s97_snap_scalper_m5,B6,mid,1.0,ALL,730,167,534,29,0,0.229,730,1.663,404.4,0.0172,76.4,167,2.715,205.3,0.0517,79.0,534,1.399,188.6,0.0068,75.7,0.0449,0.395,-0.1038,0.1048,1.242,2.303,81.4,305.3,0.43,
s97_snap_scalper_m5,C2,mid,1.0,ALL,730,524,192,0,14,0.718,730,1.663,404.4,0.0172,76.4,524,1.728,328.8,0.0439,78.6,192,1.627,89.1,-0.0198,71.9,0.0637,0.2145,-0.1027,0.1037,1.259,2.417,88.0,323.5,0.46,
s97_snap_scalper_m5,B1_utc,mid,1.0,ALL,730,396,186,148,0,0.542,730,1.663,404.4,0.0172,76.4,396,2.011,319.6,0.0689,80.8,186,1.581,99.0,-0.0187,72.6,0.0875,0.1385,-0.1126,0.1125,1.357,2.706,99.7,317.2,,
s97_snap_scalper_m5,B2_lb2,mid,1.0,ALL,730,188,542,0,0,0.258,730,1.663,404.4,0.0172,76.4,188,1.281,50.2,0.0345,77.7,542,1.822,354.2,0.0112,76.0,0.0233,0.672,-0.1079,0.103,1.207,2.354,75.4,326.0,,
s97_snap_scalper_m5,B2_lb5,mid,1.0,ALL,730,111,619,0,0,0.152,730,1.663,404.4,0.0172,76.4,111,1.453,37.8,-0.0593,69.4,619,1.697,366.6,0.031,77.7,-0.0902,0.094,-0.1029,0.1008,1.244,2.341,85.9,318.9,,
s97_snap_scalper_m5,B3_db0.05,mid,1.0,ALL,730,281,335,89,25,0.385,730,1.663,404.4,0.0172,76.4,281,2.756,310.6,0.0794,80.4,335,1.214,72.8,0.0114,76.4,0.068,0.193,-0.0979,0.0993,1.259,2.489,80.3,296.2,,
s97_snap_scalper_m5,B3_db0.10,mid,1.0,ALL,730,232,290,183,25,0.318,730,1.663,404.4,0.0172,76.4,232,2.889,273.2,0.0976,81.0,290,1.275,83.5,0.0352,77.2,0.0624,0.2495,-0.1018,0.1081,1.262,2.733,69.8,280.2,,
s97_snap_scalper_m5,B5_w2,mid,1.0,ALL,730,440,285,5,0,0.603,730,1.663,404.4,0.0172,76.4,440,1.631,257.6,0.0307,78.9,285,1.749,148.8,0.0019,73.0,0.0288,0.582,-0.1043,0.1022,1.251,2.358,87.5,320.1,,
s97_snap_scalper_m5,B1,mid,1.0,TRAIN,498,291,169,38,0,0.584,498,1.257,77.3,-0.0531,73.1,291,1.683,100.3,0.0007,77.3,169,0.789,-30.2,-0.1602,66.3,0.1609,0.011,-0.1265,0.1269,0.88,1.757,-20.2,89.4,0.078,
s97_snap_scalper_m5,B2,mid,1.0,TRAIN,498,74,424,0,0,0.149,498,1.257,77.3,-0.0531,73.1,74,0.977,-0.9,-0.0746,70.3,424,1.298,78.1,-0.0494,73.6,-0.0252,0.6875,-0.1173,0.1193,0.929,1.771,-12.3,91.9,0.856,
s97_snap_scalper_m5,B3,mid,1.0,TRAIN,498,220,278,0,0,0.442,498,1.257,77.3,-0.0531,73.1,220,1.412,53.4,-0.0421,73.2,278,1.14,23.9,-0.0619,73.0,0.0198,0.751,-0.1164,0.1173,0.906,1.764,-16.3,92.7,0.82,
s97_snap_scalper_m5,B4,mid,1.0,TRAIN,498,295,160,43,0,0.592,498,1.257,77.3,-0.0531,73.1,295,1.301,50.8,-0.0307,75.9,160,1.558,53.4,-0.0272,72.5,-0.0035,0.9545,-0.1251,0.1279,0.98,2.017,-3.0,106.8,0.942,
s97_snap_scalper_m5,B5,mid,1.0,TRAIN,498,298,200,0,0,0.598,498,1.257,77.3,-0.0531,73.1,298,1.694,109.2,0.0051,78.9,200,0.777,-31.9,-0.1399,64.5,0.1451,0.0175,-0.1223,0.121,0.906,1.761,-16.1,92.0,0.134,
s97_snap_scalper_m5,B6,mid,1.0,TRAIN,498,113,364,21,0,0.227,498,1.257,77.3,-0.0531,73.1,113,1.573,35.0,-0.0244,76.1,364,1.146,34.1,-0.0668,72.0,0.0424,0.5145,-0.1252,0.1222,0.882,1.749,-21.6,89.0,0.536,
s97_snap_scalper_m5,C2,mid,1.0,TRAIN,498,357,127,0,14,0.717,498,1.257,77.3,-0.0531,73.1,357,1.444,89.3,-0.0178,76.2,127,1.018,1.5,-0.1064,66.1,0.0886,0.143,-0.1276,0.1229,0.924,1.874,-12.1,98.6,0.492,
s97_snap_scalper_m5,B1_utc,mid,1.0,TRAIN,498,278,98,122,0,0.558,498,1.257,77.3,-0.0531,73.1,278,1.574,89.3,0.0011,77.7,98,0.923,-6.5,-0.1693,64.3,0.1704,0.0205,-0.1464,0.14,0.921,2.023,-11.0,93.0,,
s97_snap_scalper_m5,B2_lb2,mid,1.0,TRAIN,498,108,390,0,0,0.217,498,1.257,77.3,-0.0531,73.1,108,1.493,24.6,-0.0124,75.9,390,1.21,52.7,-0.0644,72.3,0.052,0.4025,-0.1208,0.1141,0.909,1.757,-15.8,92.1,,
s97_snap_scalper_m5,B2_lb5,mid,1.0,TRAIN,498,75,423,0,0,0.151,498,1.257,77.3,-0.0531,73.1,75,0.764,-11.6,-0.1705,61.3,423,1.354,88.9,-0.0323,75.2,-0.1382,0.022,-0.1183,0.1173,0.913,1.758,-15.7,91.4,,
s97_snap_scalper_m5,B3_db0.05,mid,1.0,TRAIN,498,184,221,68,25,0.369,498,1.257,77.3,-0.0531,73.1,184,1.719,68.9,0.0032,76.6,221,1.294,38.0,-0.0391,74.7,0.0423,0.4975,-0.1204,0.1212,1.055,2.145,7.1,99.9,,
s97_snap_scalper_m5,B3_db0.10,mid,1.0,TRAIN,498,149,183,141,25,0.299,498,1.257,77.3,-0.0531,73.1,149,2.08,72.7,0.0284,77.9,183,1.467,48.5,-0.0112,75.4,0.0397,0.544,-0.1271,0.1277,1.164,2.689,16.2,102.5,,
s97_snap_scalper_m5,B5_w2,mid,1.0,TRAIN,498,316,177,5,0,0.635,498,1.257,77.3,-0.0531,73.1,316,1.408,75.5,-0.0206,77.2,177,1.034,3.8,-0.1046,66.1,0.084,0.181,-0.1285,0.1254,0.893,1.811,-19.1,94.9,,
s97_snap_scalper_m5,B1,mid,1.0,TEST,232,122,95,15,0,0.526,232,2.059,327.1,0.1683,83.6,122,1.749,167.5,0.1519,82.8,95,2.833,130.9,0.1973,85.3,-0.0454,0.6125,-0.169,0.1685,1.267,3.817,51.7,248.0,0.456,
s97_snap_scalper_m5,B2,mid,1.0,TEST,232,57,175,0,0,0.246,232,2.059,327.1,0.1683,83.6,57,1.396,33.7,0.1419,82.5,175,2.311,293.4,0.1769,84.0,-0.0351,0.663,-0.1568,0.1495,1.38,3.363,67.1,260.4,0.686,
s97_snap_scalper_m5,B3,mid,1.0,TEST,232,109,123,0,0,0.47,232,2.059,327.1,0.1683,83.6,109,3.839,265.2,0.2162,87.2,123,1.287,61.9,0.1259,80.5,0.0902,0.2375,-0.1474,0.149,1.337,3.641,62.7,264.5,0.188,al
s97_snap_scalper_m5,B4,mid,1.0,TEST,232,144,76,12,0,0.621,232,2.059,327.1,0.1683,83.6,144,1.834,201.7,0.1586,81.9,76,3.169,117.3,0.2049,88.2,-0.0463,0.5825,-0.1603,0.1621,1.319,3.938,57.8,260.1,0.49,
s97_snap_scalper_m5,B5,mid,1.0,TEST,232,146,86,0,0,0.629,232,2.059,327.1,0.1683,83.6,146,1.941,221.7,0.1695,83.6,86,2.437,105.4,0.1662,83.7,0.0033,0.965,-0.1609,0.1577,1.328,3.831,64.8,267.3,0.954,
s97_snap_scalper_m5,B6,mid,1.0,TEST,232,54,170,8,0,0.233,232,2.059,327.1,0.1683,83.6,54,3.901,170.3,0.211,85.2,170,1.647,154.5,0.1644,83.5,0.0466,0.532,-0.1401,0.1478,1.352,3.784,65.3,259.4,0.582,
s97_snap_scalper_m5,C2,mid,1.0,TEST,232,167,65,0,0,0.72,232,2.059,327.1,0.1683,83.6,167,1.957,239.5,0.1757,83.8,65,2.491,87.6,0.1494,83.1,0.0263,0.746,-0.1549,0.1565,1.324,3.818,61.6,268.5,0.72,
s97_snap_scalper_m5,B1_utc,mid,1.0,TEST,232,118,88,26,0,0.509,232,2.059,327.1,0.1683,83.6,118,2.435,230.3,0.2286,88.1,88,2.239,105.5,0.1491,81.8,0.0795,0.3075,-0.1531,0.1516,1.505,4.776,78.5,261.9,,
s97_snap_scalper_m5,B2_lb2,mid,1.0,TEST,232,80,152,0,0,0.345,232,2.059,327.1,0.1683,83.6,80,1.199,25.6,0.098,80.0,152,2.674,301.5,0.2053,85.5,-0.1074,0.185,-0.1547,0.1561,1.273,4.008,54.6,273.6,,
s97_snap_scalper_m5,B2_lb5,mid,1.0,TEST,232,36,196,0,0,0.155,232,2.059,327.1,0.1683,83.6,36,2.452,49.5,0.1725,86.1,196,2.01,277.7,0.1675,83.2,0.005,0.9505,-0.1665,0.1669,1.314,3.991,63.9,270.1,,
s97_snap_scalper_m5,B3_db0.05,mid,1.0,TEST,232,97,114,21,0,0.418,232,2.059,327.1,0.1683,83.6,97,3.985,241.6,0.224,87.6,114,1.165,34.8,0.1093,79.8,0.1147,0.1615,-0.1551,0.1528,1.196,3.687,35.2,238.7,,
s97_snap_scalper_m5,B3_db0.10,mid,1.0,TEST,232,83,107,42,0,0.358,232,2.059,327.1,0.1683,83.6,83,3.594,200.5,0.2217,86.7,107,1.175,35.0,0.1146,80.4,0.1071,0.211,-0.1705,0.1642,1.1,3.559,18.6,208.2,,
s97_snap_scalper_m5,B5_w2,mid,1.0,TEST,232,124,108,0,0,0.534,232,2.059,327.1,0.1683,83.6,124,1.816,182.1,0.1613,83.1,108,2.687,145.0,0.1764,84.3,-0.0151,0.855,-0.1596,0.1576,1.323,3.801,63.0,264.2,,
s97_snap_scalper_m5,B1,q,0.45,ALL,730,413,264,53,0,0.566,730,1.552,429.8,0.0475,72.9,413,1.538,261.4,0.0682,74.1,264,1.571,144.4,0.0123,71.2,0.0559,0.3095,-0.1118,0.1127,1.21,2.037,88.7,324.0,,
s97_snap_scalper_m5,B2,q,0.45,ALL,730,131,599,0,0,0.179,730,1.552,429.8,0.0475,72.9,131,1.322,45.6,0.0936,74.8,599,1.603,384.1,0.0374,72.5,0.0563,0.31,-0.1114,0.107,1.221,1.963,95.8,335.0,,
s97_snap_scalper_m5,B3,q,0.45,ALL,730,329,401,0,0,0.451,730,1.552,429.8,0.0475,72.9,329,1.946,305.4,0.0477,73.6,401,1.273,124.3,0.0473,72.3,0.0004,0.994,-0.0934,0.0963,1.215,2.009,94.6,340.9,,
s97_snap_scalper_m5,B4,q,0.45,ALL,730,439,236,55,0,0.601,730,1.552,429.8,0.0475,72.9,439,1.593,292.0,0.0668,73.8,236,1.687,155.1,0.0671,75.0,-0.0003,0.9985,-0.1121,0.1164,1.255,2.196,105.4,348.4,,
s97_snap_scalper_m5,B5,q,0.45,ALL,730,444,286,0,0,0.608,730,1.552,429.8,0.0475,72.9,444,1.743,361.6,0.0916,75.7,286,1.234,68.2,-0.021,68.5,0.1127,0.037,-0.1079,0.1064,1.207,2.042,92.4,336.3,,
s97_snap_scalper_m5,B6,q,0.45,ALL,730,167,534,29,0,0.229,730,1.552,429.8,0.0475,72.9,167,2.074,188.1,0.0637,73.7,534,1.391,226.6,0.0432,72.5,0.0206,0.7025,-0.1044,0.101,1.205,2.004,88.9,319.5,,
s97_snap_scalper_m5,C2,q,0.45,ALL,730,524,192,0,14,0.718,730,1.552,429.8,0.0475,72.9,524,1.532,316.7,0.0646,74.0,192,1.757,125.9,0.0339,71.9,0.0306,0.58,-0.1061,0.1102,1.218,2.116,91.7,346.9,,
s97_snap_scalper_m5,B1_utc,q,0.45,ALL,730,396,186,148,0,0.542,730,1.552,429.8,0.0475,72.9,396,1.713,302.9,0.1008,76.0,186,1.778,144.2,0.0471,72.6,0.0537,0.3765,-0.1152,0.126,1.337,2.398,115.6,339.8,,
s97_snap_scalper_m5,B2_lb2,q,0.45,ALL,730,188,542,0,0,0.258,730,1.552,429.8,0.0475,72.9,188,1.307,64.6,0.0928,75.5,542,1.643,365.2,0.0318,72.0,0.061,0.2685,-0.1054,0.1112,1.198,2.061,88.0,344.8,,
s97_snap_scalper_m5,B2_lb5,q,0.45,ALL,730,111,619,0,0,0.152,730,1.552,429.8,0.0475,72.9,111,1.311,32.4,-0.0049,69.4,619,1.59,397.4,0.0569,73.5,-0.0618,0.29,-0.111,0.1227,1.198,2.084,86.8,344.8,,
s97_snap_scalper_m5,B3_db0.05,q,0.45,ALL,730,281,335,89,25,0.385,730,1.552,429.8,0.0475,72.9,281,2.051,285.7,0.0786,75.1,335,1.281,110.9,0.0741,74.6,0.0045,0.9295,-0.104,0.1086,1.211,2.176,79.5,319.2,,
s97_snap_scalper_m5,B3_db0.10,q,0.45,ALL,730,232,290,183,25,0.318,730,1.552,429.8,0.0475,72.9,232,2.071,244.5,0.0976,75.4,290,1.318,112.5,0.0922,75.2,0.0053,0.918,-0.106,0.1123,1.21,2.248,71.3,289.8,,
s97_snap_scalper_m5,B5_w2,q,0.45,ALL,730,440,285,5,0,0.603,730,1.552,429.8,0.0475,72.9,440,1.57,284.4,0.0649,74.1,285,1.545,149.2,0.0288,71.6,0.0361,0.54,-0.1148,0.1091,1.2,2.072,88.6,342.1,,
s97_snap_scalper_m5,B1,q,0.45,TRAIN,498,291,169,38,0,0.584,498,1.281,113.7,-0.0113,70.3,291,1.542,115.3,0.0416,73.2,169,0.934,-11.3,-0.1087,65.1,0.1502,0.0255,-0.132,0.1366,0.958,1.717,-9.4,113.9,,
s97_snap_scalper_m5,B2,q,0.45,TRAIN,498,74,424,0,0,0.149,498,1.281,113.7,-0.0113,70.3,74,1.196,9.8,0.0104,70.3,424,1.293,104.0,-0.0151,70.3,0.0255,0.703,-0.129,0.1336,1.002,1.694,0.4,115.8,,
s97_snap_scalper_m5,B3,q,0.45,TRAIN,498,220,278,0,0,0.442,498,1.281,113.7,-0.0113,70.3,220,1.345,62.6,-0.0219,70.5,278,1.229,51.1,-0.0029,70.1,-0.0191,0.781,-0.1088,0.1205,1.023,1.641,4.9,114.4,,
s97_snap_scalper_m5,B4,q,0.45,TRAIN,498,295,160,43,0,0.592,498,1.281,113.7,-0.0113,70.3,295,1.292,68.3,0.0092,71.5,160,1.542,69.7,0.0144,72.5,-0.0051,0.9525,-0.1323,0.1396,1.048,1.862,9.6,129.4,,
s97_snap_scalper_m5,B5,q,0.45,TRAIN,498,298,200,0,0,0.598,498,1.281,113.7,-0.0113,70.3,298,1.62,135.9,0.0513,74.5,200,0.881,-22.1,-0.1045,64.0,0.1558,0.0165,-0.1255,0.132,0.984,1.705,-3.4,118.1,,
s97_snap_scalper_m5,B6,q,0.45,TRAIN,498,113,364,21,0,0.227,498,1.281,113.7,-0.0113,70.3,113,1.505,42.4,0.0127,71.7,364,1.204,62.9,-0.0204,69.5,0.0331,0.5985,-0.125,0.1273,0.975,1.636,-5.4,109.4,,
s97_snap_scalper_m5,C2,q,0.45,TRAIN,498,357,127,0,14,0.717,498,1.281,113.7,-0.0113,70.3,357,1.424,117.4,0.0217,72.5,127,1.083,9.2,-0.0603,66.9,0.082,0.215,-0.1263,0.1376,1.022,1.763,4.4,126.4,,
s97_snap_scalper_m5,B1_utc,q,0.45,TRAIN,498,278,98,122,0,0.558,498,1.281,113.7,-0.0113,70.3,278,1.579,118.9,0.058,74.1,98,1.051,5.1,-0.0983,65.3,0.1562,0.0485,-0.1621,0.1503,1.008,1.965,1.7,118.3,,
s97_snap_scalper_m5,B2_lb2,q,0.45,TRAIN,498,108,390,0,0,0.217,498,1.281,113.7,-0.0113,70.3,108,1.316,25.0,0.038,73.1,390,1.273,88.7,-0.0249,69.5,0.0629,0.349,-0.1334,0.1263,0.975,1.663,-6.0,115.3,,
s97_snap_scalper_m5,B2_lb5,q,0.45,TRAIN,498,75,423,0,0,0.151,498,1.281,113.7,-0.0113,70.3,75,0.876,-7.8,-0.1063,64.0,423,1.355,121.5,0.0056,71.4,-0.1118,0.1045,-0.1374,0.1292,0.976,1.696,-5.2,115.2,,
s97_snap_scalper_m5,B3_db0.05,q,0.45,TRAIN,498,184,221,68,25,0.369,498,1.281,113.7,-0.0113,70.3,184,1.515,73.1,0.0236,72.8,221,1.381,64.6,0.033,73.3,-0.0094,0.8875,-0.1216,0.1215,1.106,1.882,18.5,115.6,,
s97_snap_scalper_m5,B3_db0.10,q,0.45,TRAIN,498,149,183,141,25,0.299,498,1.281,113.7,-0.0113,70.3,149,1.715,75.1,0.0543,73.8,183,1.504,69.7,0.0553,73.8,-0.001,0.9905,-0.1293,0.1359,1.19,2.175,26.9,119.0,,
s97_snap_scalper_m5,B5_w2,q,0.45,TRAIN,498,316,177,5,0,0.635,498,1.281,113.7,-0.0113,70.3,316,1.374,94.9,0.0211,72.5,177,1.155,22.6,-0.0575,67.2,0.0786,0.245,-0.1347,0.1332,0.989,1.706,-2.7,118.6,,
s97_snap_scalper_m5,B1,q,0.45,TEST,232,122,95,15,0,0.526,232,1.846,316.0,0.1736,78.4,122,1.535,146.2,0.1316,76.2,95,2.905,155.7,0.2274,82.1,-0.0958,0.3355,-0.1867,0.1837,1.216,3.325,43.5,254.7,,
s97_snap_scalper_m5,B2,q,0.45,TEST,232,57,175,0,0,0.246,232,1.846,316.0,0.1736,78.4,57,1.391,35.9,0.2017,80.7,175,1.995,280.2,0.1645,77.7,0.0372,0.685,-0.168,0.1663,1.268,2.813,57.2,257.7,,
s97_snap_scalper_m5,B3,q,0.45,TEST,232,109,123,0,0,0.47,232,1.846,316.0,0.1736,78.4,109,2.718,242.8,0.1882,79.8,123,1.315,73.2,0.1607,77.2,0.0276,0.7455,-0.1607,0.1714,1.218,3.128,46.7,262.8,,
s97_snap_scalper_m5,B4,q,0.45,TEST,232,144,76,12,0,0.621,232,1.846,316.0,0.1736,78.4,144,1.864,223.8,0.1847,78.5,76,1.879,85.4,0.1781,80.3,0.0065,0.9435,-0.1817,0.1772,1.237,3.287,50.4,258.4,,
s97_snap_scalper_m5,B5,q,0.45,TEST,232,146,86,0,0,0.629,232,1.846,316.0,0.1736,78.4,146,1.843,225.7,0.174,78.1,86,1.855,90.3,0.173,79.1,0.0009,0.9905,-0.1737,0.1718,1.218,3.121,50.6,267.6,,
s97_snap_scalper_m5,B6,q,0.45,TEST,232,54,170,8,0,0.233,232,1.846,316.0,0.1736,78.4,54,2.598,145.7,0.1705,77.8,170,1.602,163.6,0.1792,78.8,-0.0087,0.914,-0.1563,0.1561,1.238,3.136,52.4,267.3,,
s97_snap_scalper_m5,C2,q,0.45,TEST,232,167,65,0,0,0.72,232,1.846,316.0,0.1736,78.4,167,1.627,199.3,0.1563,77.2,65,3.104,116.7,0.2181,81.5,-0.0618,0.4565,-0.1661,0.1689,1.244,3.14,54.6,260.6,,
s97_snap_scalper_m5,B1_utc,q,0.45,TEST,232,118,88,26,0,0.509,232,1.846,316.0,0.1736,78.4,118,1.839,184.0,0.2017,80.5,88,2.622,139.1,0.209,80.7,-0.0074,0.937,-0.1697,0.1682,1.333,3.766,59.5,260.2,,
s97_snap_scalper_m5,B2_lb2,q,0.45,TEST,232,80,152,0,0,0.345,232,1.846,316.0,0.1736,78.4,80,1.302,39.6,0.1668,78.8,152,2.141,276.5,0.1772,78.3,-0.0105,0.9155,-0.1698,0.1749,1.208,3.307,45.0,276.1,,
s97_snap_scalper_m5,B2_lb5,q,0.45,TEST,232,36,196,0,0,0.155,232,1.846,316.0,0.1736,78.4,36,1.971,40.1,0.2062,80.6,196,1.831,275.9,0.1676,78.1,0.0386,0.6905,-0.1824,0.175,1.221,3.157,48.5,265.3,,
s97_snap_scalper_m5,B3_db0.05,q,0.45,TEST,232,97,114,21,0,0.418,232,1.846,316.0,0.1736,78.4,97,2.636,212.7,0.1828,79.4,114,1.206,46.3,0.1537,77.2,0.0291,0.744,-0.1699,0.1655,1.105,2.988,22.1,234.6,,
s97_snap_scalper_m5,B3_db0.10,q,0.45,TEST,232,83,107,42,0,0.358,232,1.846,316.0,0.1736,78.4,83,2.375,169.4,0.1753,78.3,107,1.199,42.8,0.1555,77.6,0.0198,0.8425,-0.1819,0.1799,1.0,2.861,0.0,208.3,,
s97_snap_scalper_m5,B5_w2,q,0.45,TEST,232,124,108,0,0,0.534,232,1.846,316.0,0.1736,78.4,124,1.771,189.5,0.1766,78.2,108,1.99,126.5,0.1701,78.7,0.0065,0.929,-0.175,0.1741,1.23,3.198,53.6,262.6,,
s97_snap_scalper_m5,B1,q,0.7,ALL,730,413,264,53,0,0.566,730,1.299,247.3,-0.0282,72.3,413,1.309,158.2,-0.0054,73.1,264,1.288,78.4,-0.0645,71.2,0.0591,0.34,-0.1268,0.1229,0.988,1.73,-5.3,236.2,0.302,
s97_snap_scalper_m5,B2,q,0.7,ALL,730,131,599,0,0,0.179,730,1.299,247.3,-0.0282,72.3,131,1.086,12.9,0.0163,74.8,599,1.346,234.4,-0.038,71.8,0.0543,0.3485,-0.1134,0.1092,1.029,1.664,12.2,236.4,0.334,
s97_snap_scalper_m5,B3,q,0.7,ALL,730,329,401,0,0,0.451,730,1.299,247.3,-0.0282,72.3,329,1.647,223.2,-0.0256,72.9,401,1.05,24.1,-0.0304,71.8,0.0048,0.9125,-0.0989,0.0926,1.014,1.673,7.0,235.3,0.946,
s97_snap_scalper_m5,B4,q,0.7,ALL,730,439,236,55,0,0.601,730,1.299,247.3,-0.0282,72.3,439,1.349,182.3,-0.0058,73.1,236,1.399,96.1,-0.0086,75.0,0.0028,0.963,-0.1184,0.111,1.034,1.82,13.8,259.1,0.932,
s97_snap_scalper_m5,B5,q,0.7,ALL,730,444,286,0,0,0.608,730,1.299,247.3,-0.0282,72.3,444,1.487,250.6,0.0204,75.2,286,0.989,-3.3,-0.1037,67.8,0.1242,0.031,-0.1082,0.114,1.011,1.699,5.3,240.8,0.134,
s97_snap_scalper_m5,B6,q,0.7,ALL,730,167,534,29,0,0.229,730,1.299,247.3,-0.0282,72.3,167,1.786,146.4,-0.0073,72.5,534,1.151,93.1,-0.0335,72.1,0.0263,0.634,-0.1079,0.1088,1.007,1.701,2.9,235.3,0.602,
s97_snap_scalper_m5,C2,q,0.7,ALL,730,524,192,0,14,0.718,730,1.299,247.3,-0.0282,72.3,524,1.295,185.7,-0.0088,73.3,192,1.433,77.9,-0.045,71.9,0.0362,0.5285,-0.1111,0.1122,1.028,1.761,12.9,248.1,0.692,
s97_snap_scalper_m5,B1_utc,q,0.7,ALL,730,396,186,148,0,0.542,730,1.299,247.3,-0.0282,72.3,396,1.455,203.9,0.0284,75.5,186,1.493,97.7,-0.0222,72.0,0.0507,0.406,-0.1248,0.1208,1.111,1.97,42.1,261.1,,
s97_snap_scalper_m5,B2_lb2,q,0.7,ALL,730,188,542,0,0,0.258,730,1.299,247.3,-0.0282,72.3,188,1.079,17.6,0.0186,75.0,542,1.379,229.7,-0.0445,71.4,0.0631,0.26,-0.1131,0.1195,0.984,1.756,-7.9,254.3,,
s97_snap_scalper_m5,B2_lb5,q,0.7,ALL,730,111,619,0,0,0.152,730,1.299,247.3,-0.0282,72.3,111,1.041,4.6,-0.0907,69.4,619,1.339,242.6,-0.017,72.9,-0.0736,0.203,-0.1097,0.1171,0.999,1.729,-0.6,249.0,,
s97_snap_scalper_m5,B3_db0.05,q,0.7,ALL,730,281,335,89,25,0.385,730,1.299,247.3,-0.0282,72.3,281,1.744,215.5,0.0081,74.4,335,1.065,27.1,-0.0008,74.0,0.009,0.8725,-0.1053,0.1008,1.013,1.794,5.9,231.5,,
s97_snap_scalper_m5,B3_db0.10,q,0.7,ALL,730,232,290,183,25,0.318,730,1.299,247.3,-0.0282,72.3,232,1.768,186.5,0.0279,74.6,290,1.108,40.0,0.0204,75.2,0.0075,0.901,-0.1083,0.1143,1.013,1.929,4.6,224.3,,
s97_snap_scalper_m5,B5_w2,q,0.7,ALL,730,440,285,5,0,0.603,730,1.299,247.3,-0.0282,72.3,440,1.33,174.4,-0.0085,73.6,285,1.265,77.9,-0.0494,70.9,0.041,0.492,-0.1106,0.1156,1.012,1.726,5.3,247.8,,
s97_snap_scalper_m5,B1,q,0.7,TRAIN,498,291,169,38,0,0.584,498,0.976,-10.8,-0.1033,69.5,291,1.183,42.5,-0.0472,71.8,169,0.712,-53.5,-0.204,65.1,0.1568,0.0275,-0.1388,0.1357,0.723,1.301,-64.0,51.9,0.062,
s97_snap_scalper_m5,B2,q,0.7,TRAIN,498,74,424,0,0,0.149,498,0.976,-10.8,-0.1033,69.5,74,0.842,-8.7,-0.0906,70.3,424,0.995,-2.0,-0.1055,69.3,0.0149,0.813,-0.128,0.1279,0.746,1.282,-62.9,52.7,0.892,
s97_snap_scalper_m5,B3,q,0.7,TRAIN,498,220,278,0,0,0.442,498,0.976,-10.8,-0.1033,69.5,220,1.038,7.6,-0.112,69.5,278,0.925,-18.4,-0.0965,69.4,-0.0155,0.7965,-0.1173,0.1158,0.753,1.237,-59.4,44.5,0.804,
s97_snap_scalper_m5,B4,q,0.7,TRAIN,498,295,160,43,0,0.592,498,0.976,-10.8,-0.1033,69.5,295,0.979,-5.5,-0.0801,70.5,160,1.213,29.7,-0.0761,72.5,-0.004,0.949,-0.1428,0.1397,0.783,1.459,-48.7,72.4,0.932,
s97_snap_scalper_m5,B5,q,0.7,TRAIN,498,298,200,0,0,0.598,498,0.976,-10.8,-0.1033,69.5,298,1.258,61.4,-0.0358,73.8,200,0.646,-72.1,-0.2039,63.0,0.1681,0.0125,-0.1337,0.1285,0.74,1.306,-63.3,55.4,0.09,
s97_snap_scalper_m5,B6,q,0.7,TRAIN,498,113,364,21,0,0.227,498,0.976,-10.8,-0.1033,69.5,113,1.154,14.2,-0.0759,69.9,364,0.916,-28.1,-0.1132,69.0,0.0373,0.5605,-0.1331,0.1368,0.729,1.271,-65.1,51.2,0.544,
s97_snap_scalper_m5,C2,q,0.7,TRAIN,498,357,127,0,14,0.717,498,0.976,-10.8,-0.1033,69.5,357,1.093,28.1,-0.0675,71.4,127,0.814,-22.5,-0.1572,66.9,0.0896,0.185,-0.1334,0.132,0.752,1.353,-61.2,61.1,0.47,
s97_snap_scalper_m5,B1_utc,q,0.7,TRAIN,498,278,98,122,0,0.558,498,0.976,-10.8,-0.1033,69.5,278,1.221,49.4,-0.0287,73.4,98,0.821,-19.4,-0.191,64.3,0.1624,0.0415,-0.1471,0.1547,0.787,1.533,-39.1,69.7,,
s97_snap_scalper_m5,B2_lb2,q,0.7,TRAIN,498,108,390,0,0,0.217,498,0.976,-10.8,-0.1033,69.5,108,0.977,-2.0,-0.0569,72.2,390,0.975,-8.8,-0.1162,68.7,0.0593,0.382,-0.1227,0.1415,0.737,1.33,-66.3,59.9,,
s97_snap_scalper_m5,B2_lb5,q,0.7,TRAIN,498,75,423,0,0,0.151,498,0.976,-10.8,-0.1033,69.5,75,0.618,-26.5,-0.2121,64.0,423,1.042,15.7,-0.084,70.4,-0.1281,0.062,-0.134,0.1338,0.734,1.304,-67.7,56.1,,
s97_snap_scalper_m5,B3_db0.05,q,0.7,TRAIN,498,184,221,68,25,0.369,498,0.976,-10.8,-0.1033,69.5,184,1.175,27.1,-0.0629,71.7,221,1.051,9.4,-0.0586,72.4,-0.0043,0.947,-0.1207,0.1227,0.854,1.452,-28.0,65.6,,
s97_snap_scalper_m5,B3_db0.10,q,0.7,TRAIN,498,149,183,141,25,0.299,498,0.976,-10.8,-0.1033,69.5,149,1.329,37.9,-0.0325,72.5,183,1.159,24.0,-0.0339,73.8,0.0013,0.9825,-0.1328,0.1342,0.903,1.679,-13.9,75.0,,
s97_snap_scalper_m5,B5_w2,q,0.7,TRAIN,498,316,177,5,0,0.635,498,0.976,-10.8,-0.1033,69.5,316,1.058,15.9,-0.0661,71.8,177,0.866,-21.6,-0.1568,66.1,0.0907,0.1915,-0.1335,0.1343,0.751,1.327,-61.2,58.3,,
s97_snap_scalper_m5,B1,q,0.7,TEST,232,122,95,15,0,0.526,232,1.669,258.0,0.1329,78.4,122,1.412,115.7,0.0941,76.2,95,2.534,131.9,0.1836,82.1,-0.0896,0.3465,-0.1819,0.1881,1.101,2.971,23.3,231.7,0.254,
s97_snap_scalper_m5,B2,q,0.7,TEST,232,57,175,0,0,0.246,232,1.669,258.0,0.1329,78.4,57,1.229,21.6,0.1551,80.7,175,1.811,236.4,0.1257,77.7,0.0294,0.753,-0.1708,0.1723,1.158,2.574,33.6,226.5,0.746,
s97_snap_scalper_m5,B3,q,0.7,TEST,232,109,123,0,0,0.47,232,1.669,258.0,0.1329,78.4,109,2.468,215.6,0.1487,79.8,123,1.178,42.5,0.119,77.2,0.0297,0.715,-0.1553,0.1621,1.113,2.823,26.9,232.6,0.694,
s97_snap_scalper_m5,B4,q,0.7,TEST,232,144,76,12,0,0.621,232,1.669,258.0,0.1329,78.4,144,1.704,187.8,0.1465,78.5,76,1.658,66.4,0.1337,80.3,0.0128,0.892,-0.1816,0.1714,1.098,3.044,21.8,225.4,0.854,
s97_snap_scalper_m5,B5,q,0.7,TEST,232,146,86,0,0,0.629,232,1.669,258.0,0.1329,78.4,146,1.686,189.2,0.1352,78.1,86,1.625,68.8,0.1292,79.1,0.006,0.9465,-0.1682,0.175,1.123,2.937,29.0,230.3,0.932,
s97_snap_scalper_m5,B6,q,0.7,TEST,232,54,170,8,0,0.233,232,1.669,258.0,0.1329,78.4,54,2.404,132.2,0.1363,77.8,170,1.432,121.1,0.1369,78.8,-0.0006,0.993,-0.1539,0.153,1.124,2.804,28.6,229.8,0.994,
s97_snap_scalper_m5,C2,q,0.7,TEST,232,167,65,0,0,0.72,232,1.669,258.0,0.1329,78.4,167,1.481,157.6,0.1169,77.2,65,2.718,100.5,0.1742,81.5,-0.0573,0.532,-0.1636,0.1815,1.126,2.921,30.0,233.4,0.482,
s97_snap_scalper_m5,B1_utc,q,0.7,TEST,232,118,88,26,0,0.509,232,1.669,258.0,0.1329,78.4,118,1.687,154.5,0.163,80.5,88,2.301,117.1,0.1658,80.7,-0.0027,0.9775,-0.166,0.1664,1.203,3.357,40.1,232.1,,
s97_snap_scalper_m5,B2_lb2,q,0.7,TEST,232,80,152,0,0,0.345,232,1.669,258.0,0.1329,78.4,80,1.145,19.6,0.1205,78.8,152,1.952,238.5,0.1395,78.3,-0.0189,0.85,-0.1856,0.1861,1.075,3.026,17.0,246.6,,
s97_snap_scalper_m5,B2_lb5,q,0.7,TEST,232,36,196,0,0,0.155,232,1.669,258.0,0.1329,78.4,36,1.723,31.1,0.1624,80.6,196,1.662,226.9,0.1275,78.1,0.0348,0.722,-0.1817,0.1791,1.099,2.804,23.0,234.4,,
s97_snap_scalper_m5,B3_db0.05,q,0.7,TEST,232,97,114,21,0,0.418,232,1.669,258.0,0.1329,78.4,97,2.396,188.4,0.1428,79.4,114,1.077,17.8,0.1112,77.2,0.0316,0.7435,-0.1735,0.1726,0.973,2.763,-5.2,204.4,,
s97_snap_scalper_m5,B3_db0.10,q,0.7,TEST,232,83,107,42,0,0.358,232,1.669,258.0,0.1329,78.4,83,2.164,148.6,0.1365,78.3,107,1.072,16.0,0.1132,77.6,0.0233,0.81,-0.1781,0.1877,0.928,2.611,-14.6,184.0,,
s97_snap_scalper_m5,B5_w2,q,0.7,TEST,232,124,108,0,0,0.534,232,1.669,258.0,0.1329,78.4,124,1.628,158.5,0.1385,78.2,108,1.745,99.5,0.1266,78.7,0.0119,0.9055,-0.1799,0.1712,1.089,2.818,20.3,231.2,,
s96_h1_momentum,B1,mid,0.75,ALL,775,520,190,65,0,0.671,775,1.283,2199.5,0.0522,76.9,520,1.193,1039.9,0.0388,76.0,190,1.379,684.6,0.0809,78.9,-0.0421,0.3305,-0.0903,0.0883,0.987,1.6,-51.7,1835.9,,
s96_h1_momentum,B2,mid,0.75,ALL,775,2,773,0,0,0.003,775,1.283,2199.5,0.0522,76.9,2,0.0,-179.2,-1.0094,0.0,773,1.314,2378.7,0.055,77.1,-1.0644,0.0,-0.0858,0.0825,1.014,1.603,57.4,2074.5,,
s96_h1_momentum,B3,mid,0.75,ALL,775,763,12,0,0,0.985,775,1.283,2199.5,0.0522,76.9,763,1.249,1924.4,0.0488,76.7,12,7.485,275.1,0.2699,91.7,-0.2211,0.0,-0.0812,0.0869,1.019,1.652,85.1,2177.7,,
s96_h1_momentum,B4,mid,0.75,ALL,775,468,252,55,0,0.604,775,1.283,2199.5,0.0522,76.9,468,1.355,1548.5,0.0789,78.8,252,1.2,593.1,0.0174,74.2,0.0615,0.175,-0.0927,0.0859,1.02,1.638,82.9,2030.7,,
s96_h1_momentum,B5,mid,0.75,ALL,775,501,274,0,0,0.646,775,1.283,2199.5,0.0522,76.9,501,1.51,2166.5,0.0874,79.4,274,1.009,33.0,-0.0121,72.3,0.0995,0.0225,-0.0821,0.0877,1.024,1.635,102.0,2119.7,,
s96_h1_momentum,B6,mid,0.75,ALL,775,509,201,65,0,0.657,775,1.283,2199.5,0.0522,76.9,509,1.149,796.9,0.034,75.6,201,1.501,927.6,0.0907,79.6,-0.0566,0.198,-0.0895,0.0854,0.969,1.589,-122.7,1791.1,,
s96_h1_momentum,C2,mid,0.75,ALL,775,567,203,0,5,0.732,775,1.283,2199.5,0.0522,76.9,567,1.358,1883.9,0.069,78.1,203,1.129,320.6,0.0052,73.4,0.0638,0.1485,-0.0869,0.0862,1.022,1.642,92.4,2148.6,,
s96_h1_momentum,B1_utc,mid,0.75,ALL,775,484,149,142,0,0.625,775,1.283,2199.5,0.0522,76.9,484,1.256,1267.6,0.0606,77.5,149,1.252,400.1,0.0093,73.8,0.0513,0.306,-0.0996,0.0905,0.96,1.626,-159.4,1772.7,,
s96_h1_momentum,B2_lb2,mid,0.75,ALL,775,0,775,0,0,0.0,775,1.283,2199.5,0.0522,76.9,0,,0.0,,,775,1.283,2199.5,0.0522,76.9,,,,,,,,,,
s96_h1_momentum,B2_lb5,mid,0.75,ALL,775,27,748,0,0,0.035,775,1.283,2199.5,0.0522,76.9,27,0.625,-172.9,-0.1392,63.0,748,1.325,2372.4,0.0592,77.4,-0.1984,0.0,-0.0816,0.0886,1.016,1.64,68.4,2121.7,,
s96_h1_momentum,B3_db0.05,mid,0.75,ALL,775,746,10,11,8,0.963,775,1.283,2199.5,0.0522,76.9,746,1.246,1865.7,0.0511,76.8,10,5.299,182.4,0.2454,90.0,-0.1943,0.0,-0.0843,0.086,1.006,1.604,27.1,1979.3,,
s96_h1_momentum,B3_db0.10,mid,0.75,ALL,775,736,5,26,8,0.95,775,1.283,2199.5,0.0522,76.9,736,1.24,1807.2,0.0505,76.8,5,inf,151.2,0.3896,100.0,-0.3391,0.0,-0.0874,0.087,0.987,1.596,-58.8,1981.0,,
s96_h1_momentum,B5_w2,mid,0.75,ALL,775,484,289,2,0,0.625,775,1.283,2199.5,0.0522,76.9,484,1.499,2068.1,0.0716,78.3,289,1.041,147.9,0.0225,74.7,0.0491,0.247,-0.0895,0.0831,1.014,1.63,58.0,2089.4,,
s96_h1_momentum,B1,mid,0.75,TRAIN,500,341,114,45,0,0.682,500,1.212,755.5,0.0362,76.2,341,1.16,400.5,0.0206,75.1,114,1.516,340.2,0.0854,79.8,-0.0648,0.232,-0.1023,0.11,0.989,1.592,-22.0,804.5,,
s96_h1_momentum,B2,mid,0.75,TRAIN,500,0,500,0,0,0.0,500,1.212,755.5,0.0362,76.2,0,,0.0,,,500,1.212,755.5,0.0362,76.2,,,,,,,,,,
s96_h1_momentum,B3,mid,0.75,TRAIN,500,497,3,0,0,0.994,500,1.212,755.5,0.0362,76.2,497,1.218,764.9,0.037,76.3,3,0.779,-9.4,-0.0855,66.7,0.1225,0.0195,-0.1019,0.1009,0.97,1.539,-58.1,828.6,,
s96_h1_momentum,B4,mid,0.75,TRAIN,500,315,146,39,0,0.63,500,1.212,755.5,0.0362,76.2,315,1.491,901.9,0.0758,79.0,146,0.892,-162.8,-0.03,71.2,0.1058,0.055,-0.1069,0.1084,0.963,1.547,-61.7,804.7,,
s96_h1_momentum,B5,mid,0.75,TRAIN,500,324,176,0,0,0.648,500,1.212,755.5,0.0362,76.2,324,1.39,778.4,0.0752,79.0,176,0.985,-22.8,-0.0355,71.0,0.1107,0.0335,-0.1008,0.1034,0.969,1.539,-60.2,828.1,,
s96_h1_momentum,B6,mid,0.75,TRAIN,500,338,117,45,0,0.676,500,1.212,755.5,0.0362,76.2,338,1.166,409.8,0.0215,75.1,117,1.471,330.8,0.081,79.5,-0.0595,0.286,-0.1084,0.1053,0.976,1.564,-39.3,780.7,,
s96_h1_momentum,C2,mid,0.75,TRAIN,500,364,131,0,5,0.728,500,1.212,755.5,0.0362,76.2,364,1.29,687.0,0.0457,76.9,131,1.063,73.5,0.0088,74.0,0.0369,0.491,-0.1105,0.1038,0.959,1.542,-80.2,835.7,,
s96_h1_momentum,B1_utc,mid,0.75,TRAIN,500,312,88,100,0,0.624,500,1.212,755.5,0.0362,76.2,312,1.312,659.6,0.0469,76.9,88,0.858,-111.6,-0.0139,72.7,0.0608,0.329,-0.1138,0.1242,0.919,1.573,-132.3,705.6,,
s96_h1_momentum,B2_lb2,mid,0.75,TRAIN,500,0,500,0,0,0.0,500,1.212,755.5,0.0362,76.2,0,,0.0,,,500,1.212,755.5,0.0362,76.2,,,,,,,,,,
s96_h1_momentum,B2_lb5,mid,0.75,TRAIN,500,13,487,0,0,0.026,500,1.212,755.5,0.0362,76.2,13,0.51,-81.7,-0.1671,61.5,487,1.247,837.3,0.0417,76.6,-0.2088,0.0,-0.0998,0.1082,0.971,1.556,-55.0,834.4,,
s96_h1_momentum,B3_db0.05,mid,0.75,TRAIN,500,483,3,6,8,0.966,500,1.212,755.5,0.0362,76.2,483,1.217,749.0,0.0393,76.4,3,0.779,-9.4,-0.0855,66.7,0.1248,0.017,-0.1043,0.1007,0.958,1.531,-72.6,787.0,,
s96_h1_momentum,B3_db0.10,mid,0.75,TRAIN,500,477,1,14,8,0.954,500,1.212,755.5,0.0362,76.2,477,1.224,759.2,0.0411,76.5,1,inf,21.9,0.3867,100.0,-0.3457,0.0,-0.1034,0.101,0.967,1.552,-61.9,816.7,,
s96_h1_momentum,B5_w2,mid,0.75,TRAIN,500,307,191,2,0,0.614,500,1.212,755.5,0.0362,76.2,307,1.324,635.9,0.0497,77.2,191,1.087,136.1,0.0184,74.9,0.0313,0.5615,-0.1001,0.1041,0.972,1.521,-53.2,818.0,,
s96_h1_momentum,B1,mid,0.75,TEST,275,179,76,20,0,0.651,275,1.343,1444.0,0.0814,78.2,179,1.222,639.4,0.0735,77.7,76,1.3,344.4,0.0742,77.6,-0.0007,0.9905,-0.1526,0.1502,0.847,1.88,-367.5,1375.5,,
s96_h1_momentum,B2,mid,0.75,TEST,275,2,273,0,0,0.007,275,1.343,1444.0,0.0814,78.2,2,0.0,-179.2,-1.0094,0.0,273,1.403,1623.2,0.0894,78.8,-1.0987,0.0,-0.1525,0.1367,0.933,1.984,-170.6,1617.5,,
s96_h1_momentum,B3,mid,0.75,TEST,275,266,9,0,0,0.967,275,1.343,1444.0,0.0814,78.2,266,1.276,1159.5,0.071,77.4,9,inf,284.5,0.3884,100.0,-0.3174,0.0,-0.1522,0.145,0.912,2.064,-227.5,1688.6,,
s96_h1_momentum,B4,mid,0.75,TEST,275,153,106,16,0,0.556,275,1.343,1444.0,0.0814,78.2,153,1.255,646.7,0.0852,78.4,106,1.52,755.9,0.0826,78.3,0.0026,0.9745,-0.1489,0.1388,0.916,2.047,-200.0,1557.6,,
s96_h1_momentum,B5,mid,0.75,TEST,275,177,98,0,0,0.644,275,1.343,1444.0,0.0814,78.2,177,1.616,1388.1,0.1098,80.2,98,1.029,55.8,0.03,74.5,0.0798,0.2805,-0.1405,0.1477,0.916,1.996,-213.8,1613.1,,
s96_h1_momentum,B6,mid,0.75,TEST,275,171,84,20,0,0.622,275,1.343,1444.0,0.0814,78.2,171,1.134,387.0,0.0587,76.6,84,1.52,596.8,0.1041,79.8,-0.0454,0.558,-0.1517,0.1527,0.851,1.905,-365.6,1349.2,,
s96_h1_momentum,C2,mid,0.75,TEST,275,203,72,0,0,0.738,275,1.343,1444.0,0.0814,78.2,203,1.414,1196.9,0.1107,80.3,72,1.188,247.1,-0.0013,72.2,0.112,0.144,-0.1404,0.1517,0.921,2.018,-196.5,1673.7,,
s96_h1_momentum,B1_utc,mid,0.75,TEST,275,172,61,42,0,0.625,275,1.343,1444.0,0.0814,78.2,172,1.214,608.0,0.0854,78.5,61,1.64,511.6,0.0428,75.4,0.0427,0.622,-0.1591,0.1599,0.85,2.091,-324.5,1442.8,,
s96_h1_momentum,B2_lb2,mid,0.75,TEST,275,0,275,0,0,0.0,275,1.343,1444.0,0.0814,78.2,0,,0.0,,,275,1.343,1444.0,0.0814,78.2,,,,,,,,,,
s96_h1_momentum,B2_lb5,mid,0.75,TEST,275,14,261,0,0,0.051,275,1.343,1444.0,0.0814,78.2,14,0.691,-91.1,-0.1133,64.3,261,1.393,1535.1,0.0918,78.9,-0.2051,0.0045,-0.1469,0.1413,0.936,1.986,-152.1,1597.3,,
s96_h1_momentum,B3_db0.05,mid,0.75,TEST,275,263,7,5,0,0.956,275,1.343,1444.0,0.0814,78.2,263,1.269,1116.8,0.0726,77.6,7,inf,191.8,0.3872,100.0,-0.3145,0.0,-0.1479,0.1471,0.922,1.973,-180.4,1511.0,,
s96_h1_momentum,B3_db0.10,mid,0.75,TEST,275,259,4,12,0,0.942,275,1.343,1444.0,0.0814,78.2,259,1.253,1048.0,0.0679,77.2,4,inf,129.3,0.3903,100.0,-0.3224,0.0,-0.1551,0.1485,0.873,1.927,-313.5,1465.9,,
s96_h1_momentum,B5_w2,mid,0.75,TEST,275,177,98,0,0,0.644,275,1.343,1444.0,0.0814,78.2,177,1.656,1432.2,0.1096,80.2,98,1.006,11.8,0.0304,74.5,0.0792,0.2765,-0.1489,0.1367,0.92,1.99,-200.7,1608.4,,
s96_h1_momentum,B1,mid,1.0,ALL,775,520,190,65,0,0.671,775,1.257,2005.8,0.0441,76.9,520,1.168,909.9,0.0306,76.0,190,1.35,637.1,0.0728,78.9,-0.0422,0.339,-0.0888,0.0884,0.953,1.543,-191.9,1673.2,0.414,
s96_h1_momentum,B2,mid,1.0,ALL,775,2,773,0,0,0.003,775,1.257,2005.8,0.0441,76.9,2,0.0,-179.7,-1.0125,0.0,773,1.286,2185.5,0.0468,77.1,-1.0593,0.0,-0.0839,0.0853,1.008,1.596,33.0,1954.8,0.016,
s96_h1_momentum,B3,mid,1.0,ALL,775,763,12,0,0,0.985,775,1.257,2005.8,0.0441,76.9,763,1.223,1733.7,0.0406,76.7,12,7.377,272.1,0.2655,91.7,-0.2248,0.0,-0.0876,0.0801,0.985,1.596,-65.2,2036.5,0.168,
s96_h1_momentum,B4,mid,1.0,ALL,775,468,252,55,0,0.604,775,1.257,2005.8,0.0441,76.9,468,1.326,1431.5,0.0705,78.8,252,1.178,530.1,0.0102,74.2,0.0603,0.161,-0.0832,0.0817,1.009,1.614,40.2,1963.8,0.162,
s96_h1_momentum,B5,mid,1.0,ALL,775,501,274,0,0,0.646,775,1.257,2005.8,0.0441,76.9,501,1.478,2041.3,0.0792,79.4,274,0.99,-35.5,-0.02,72.3,0.0992,0.0205,-0.0823,0.0837,0.989,1.59,-44.8,2020.9,0.062,
s96_h1_momentum,B6,mid,1.0,ALL,775,509,201,65,0,0.657,775,1.257,2005.8,0.0441,76.9,509,1.124,669.6,0.0257,75.6,201,1.472,877.3,0.0828,79.6,-0.057,0.205,-0.0893,0.0849,0.954,1.573,-184.6,1770.8,0.256,
s96_h1_momentum,C2,mid,1.0,ALL,775,567,203,0,5,0.732,775,1.257,2005.8,0.0441,76.9,567,1.329,1742.2,0.0607,78.1,203,1.108,269.9,-0.0023,73.4,0.0629,0.149,-0.0871,0.0862,0.996,1.597,-15.4,2034.9,0.236,
s96_h1_momentum,B1_utc,mid,1.0,ALL,775,484,149,142,0,0.625,775,1.257,2005.8,0.0441,76.9,484,1.23,1146.6,0.0526,77.5,149,1.228,362.8,0.0012,73.8,0.0513,0.288,-0.0963,0.0883,0.944,1.595,-211.0,1700.8,,
s96_h1_momentum,B2_lb2,mid,1.0,ALL,775,0,775,0,0,0.0,775,1.257,2005.8,0.0441,76.9,0,,0.0,,,775,1.257,2005.8,0.0441,76.9,,,,,,,,,,
s96_h1_momentum,B2_lb5,mid,1.0,ALL,775,27,748,0,0,0.035,775,1.257,2005.8,0.0441,76.9,27,0.613,-179.6,-0.1461,63.0,748,1.298,2185.4,0.051,77.4,-0.1971,0.0,-0.0865,0.0837,0.996,1.608,-17.2,2036.6,,
s96_h1_momentum,B3_db0.05,mid,1.0,ALL,775,746,10,11,8,0.963,775,1.257,2005.8,0.0441,76.9,746,1.22,1679.2,0.043,76.8,10,5.215,179.9,0.2405,90.0,-0.1975,0.0,-0.085,0.0861,0.986,1.582,-61.3,1920.9,,
s96_h1_momentum,B3_db0.10,mid,1.0,ALL,775,736,5,26,8,0.95,775,1.257,2005.8,0.0441,76.9,736,1.214,1623.2,0.0424,76.8,5,inf,149.9,0.3861,100.0,-0.3437,0.0,-0.0842,0.0859,0.98,1.565,-82.1,1844.0,,
s96_h1_momentum,B5_w2,mid,1.0,ALL,775,484,289,2,0,0.625,775,1.257,2005.8,0.0441,76.9,484,1.466,1947.1,0.0634,78.3,289,1.021,75.6,0.0145,74.7,0.0488,0.254,-0.085,0.0872,0.993,1.606,-34.9,2021.7,,
s96_h1_momentum,B1,mid,1.0,TRAIN,500,341,114,45,0,0.682,500,1.176,630.5,0.026,76.2,341,1.125,315.2,0.0105,75.1,114,1.469,311.7,0.0747,79.8,-0.0643,0.2455,-0.1056,0.1075,0.95,1.523,-91.6,730.4,0.378,
s96_h1_momentum,B2,mid,1.0,TRAIN,500,0,500,0,0,0.0,500,1.176,630.5,0.026,76.2,0,,0.0,,,500,1.176,630.5,0.026,76.2,,,,,,,,,,
s96_h1_momentum,B3,mid,1.0,TRAIN,500,497,3,0,0,0.994,500,1.176,630.5,0.026,76.2,497,1.181,640.7,0.0267,76.3,3,0.762,-10.1,-0.0918,66.7,0.1185,0.024,-0.0973,0.1049,0.945,1.49,-109.9,752.5,0.956,
s96_h1_momentum,B4,mid,1.0,TRAIN,500,315,146,39,0,0.63,500,1.176,630.5,0.026,76.2,315,1.444,823.1,0.0655,79.0,146,0.868,-199.3,-0.0391,71.2,0.1046,0.047,-0.1044,0.1033,0.944,1.502,-105.6,724.7,0.07,
s96_h1_momentum,B5,mid,1.0,TRAIN,500,324,176,0,0,0.648,500,1.176,630.5,0.026,76.2,324,1.346,697.4,0.0649,79.0,176,0.958,-66.9,-0.0455,71.0,0.1103,0.034,-0.1023,0.1038,0.944,1.482,-112.4,771.4,0.054,
s96_h1_momentum,B6,mid,1.0,TRAIN,500,338,117,45,0,0.676,500,1.176,630.5,0.026,76.2,338,1.131,325.3,0.0114,75.1,117,1.426,301.6,0.0704,79.5,-0.0591,0.2795,-0.1078,0.1097,0.94,1.518,-112.4,732.7,0.344,
s96_h1_momentum,C2,mid,1.0,TRAIN,500,364,131,0,5,0.728,500,1.176,630.5,0.026,76.2,364,1.25,596.0,0.0353,76.9,131,1.035,40.8,-0.0005,74.0,0.0358,0.496,-0.1008,0.1026,0.951,1.493,-100.2,758.0,0.54,
s96_h1_momentum,B1_utc,mid,1.0,TRAIN,500,312,88,100,0,0.624,500,1.176,630.5,0.026,76.2,312,1.273,581.6,0.0369,76.9,88,0.831,-133.6,-0.0246,72.7,0.0615,0.3195,-0.1171,0.1234,0.898,1.517,-169.6,641.5,,
s96_h1_momentum,B2_lb2,mid,1.0,TRAIN,500,0,500,0,0,0.0,500,1.176,630.5,0.026,76.2,0,,0.0,,,500,1.176,630.5,0.026,76.2,,,,,,,,,,
s96_h1_momentum,B2_lb5,mid,1.0,TRAIN,500,13,487,0,0,0.026,500,1.176,630.5,0.026,76.2,13,0.494,-85.0,-0.1767,61.5,487,1.209,715.5,0.0314,76.6,-0.2081,0.0,-0.1063,0.1071,0.928,1.492,-141.9,763.6,,
s96_h1_momentum,B3_db0.05,mid,1.0,TRAIN,500,483,3,6,8,0.966,500,1.176,630.5,0.026,76.2,483,1.181,628.2,0.0292,76.4,3,0.762,-10.1,-0.0918,66.7,0.121,0.0295,-0.1095,0.108,0.926,1.486,-147.3,735.2,,
s96_h1_momentum,B3_db0.10,mid,1.0,TRAIN,500,477,1,14,8,0.954,500,1.176,630.5,0.026,76.2,477,1.187,639.9,0.031,76.5,1,inf,21.7,0.3823,100.0,-0.3513,0.0,-0.102,0.1131,0.954,1.548,-85.9,801.4,,
s96_h1_momentum,B5_w2,mid,1.0,TRAIN,500,307,191,2,0,0.614,500,1.176,630.5,0.026,76.2,307,1.282,559.2,0.0394,77.2,191,1.056,88.3,0.0085,74.9,0.0308,0.565,-0.1034,0.1061,0.933,1.499,-130.2,758.7,,
s96_h1_momentum,B1,mid,1.0,TEST,275,179,76,20,0,0.651,275,1.326,1375.2,0.077,78.2,179,1.206,594.7,0.0689,77.7,76,1.282,325.4,0.07,77.6,-0.0011,0.9875,-0.146,0.1516,0.852,1.879,-355.1,1295.5,0.842,
s96_h1_momentum,B2,mid,1.0,TEST,275,2,273,0,0,0.007,275,1.326,1375.2,0.077,78.2,2,0.0,-179.7,-1.0125,0.0,273,1.385,1554.9,0.085,78.8,-1.0974,0.0,-0.1469,0.1429,0.907,1.957,-220.8,1532.1,0.016,
s96_h1_momentum,B3,mid,1.0,TEST,275,266,9,0,0,0.967,275,1.326,1375.2,0.077,78.2,266,1.259,1093.0,0.0666,77.4,9,inf,282.2,0.3845,100.0,-0.318,0.0,-0.1515,0.1455,0.904,1.985,-228.4,1619.7,0.092,
s96_h1_momentum,B4,mid,1.0,TEST,275,153,106,16,0,0.556,275,1.326,1375.2,0.077,78.2,153,1.24,608.4,0.0809,78.4,106,1.5,729.4,0.0781,78.3,0.0028,0.969,-0.1442,0.1468,0.906,2.023,-231.8,1572.7,0.9,
s96_h1_momentum,B5,mid,1.0,TEST,275,177,98,0,0,0.644,275,1.326,1375.2,0.077,78.2,177,1.594,1343.9,0.1054,80.2,98,1.016,31.3,0.0257,74.5,0.0796,0.278,-0.1451,0.1461,0.917,1.97,-204.1,1614.1,0.562,
s96_h1_momentum,B6,mid,1.0,TEST,275,171,84,20,0,0.622,275,1.326,1375.2,0.077,78.2,171,1.119,344.3,0.0541,76.6,84,1.5,575.8,0.0999,79.8,-0.0458,0.5445,-0.1522,0.1565,0.835,1.902,-384.4,1392.1,0.526,
s96_h1_momentum,C2,mid,1.0,TEST,275,203,72,0,0,0.738,275,1.326,1375.2,0.077,78.2,203,1.395,1146.1,0.1062,80.3,72,1.174,229.1,-0.0054,72.2,0.1117,0.136,-0.1421,0.147,0.912,2.033,-214.6,1633.4,0.278,
s96_h1_momentum,B1_utc,mid,1.0,TEST,275,172,61,42,0,0.625,275,1.326,1375.2,0.077,78.2,172,1.198,565.0,0.081,78.5,61,1.618,496.4,0.0385,75.4,0.0425,0.5805,-0.1636,0.1528,0.847,1.998,-368.5,1378.7,,
s96_h1_momentum,B2_lb2,mid,1.0,TEST,275,0,275,0,0,0.0,275,1.326,1375.2,0.077,78.2,0,,0.0,,,275,1.326,1375.2,0.077,78.2,,,,,,,,,,
s96_h1_momentum,B2_lb5,mid,1.0,TEST,275,14,261,0,0,0.051,275,1.326,1375.2,0.077,78.2,14,0.68,-94.6,-0.1177,64.3,261,1.375,1469.9,0.0874,78.9,-0.2051,0.0075,-0.1415,0.1478,0.923,2.026,-194.1,1613.9,,
s96_h1_momentum,B3_db0.05,mid,1.0,TEST,275,263,7,5,0,0.956,275,1.326,1375.2,0.077,78.2,263,1.252,1051.0,0.0682,77.6,7,inf,190.0,0.3829,100.0,-0.3147,0.0,-0.1436,0.1468,0.904,1.991,-241.5,1523.1,,
s96_h1_momentum,B3_db0.10,mid,1.0,TEST,275,259,4,12,0,0.942,275,1.326,1375.2,0.077,78.2,259,1.236,983.3,0.0635,77.2,4,inf,128.3,0.3871,100.0,-0.3236,0.0,-0.1558,0.1545,0.857,1.941,-353.2,1464.3,,
s96_h1_momentum,B5_w2,mid,1.0,TEST,275,177,98,0,0,0.644,275,1.326,1375.2,0.077,78.2,177,1.633,1387.9,0.1051,80.2,98,0.994,-12.7,0.0263,74.5,0.0788,0.2835,-0.1392,0.1395,0.922,2.025,-203.3,1629.0,,
s96_h1_momentum,B1,q,0.45,ALL,764,516,185,63,0,0.675,764,1.285,2197.0,0.0573,76.6,516,1.145,808.4,0.0352,75.0,185,1.459,779.0,0.0977,79.5,-0.0625,0.1685,-0.0913,0.0964,0.978,1.571,-91.8,1723.7,,
s96_h1_momentum,B2,q,0.45,ALL,764,2,762,0,0,0.003,764,1.285,2197.0,0.0573,76.6,2,0.0,-178.6,-1.0056,0.0,762,1.315,2375.6,0.0601,76.8,-1.0657,0.0,-0.088,0.0836,1.037,1.632,151.9,2087.3,,
s96_h1_momentum,B3,q,0.45,ALL,764,752,12,0,0,0.984,764,1.285,2197.0,0.0573,76.6,752,1.25,1918.4,0.0538,76.3,12,7.617,278.7,0.2753,91.7,-0.2215,0.0,-0.0882,0.0907,1.002,1.623,10.7,2087.9,,
s96_h1_momentum,B4,q,0.45,ALL,764,461,248,55,0,0.603,764,1.285,2197.0,0.0573,76.6,461,1.375,1607.2,0.0843,78.5,248,1.185,549.4,0.0257,74.2,0.0585,0.1935,-0.0875,0.0885,1.012,1.684,45.5,2091.6,,
s96_h1_momentum,B5,q,0.45,ALL,764,492,272,0,0,0.644,764,1.285,2197.0,0.0573,76.6,492,1.508,2137.4,0.0948,79.3,272,1.017,59.6,-0.0106,71.7,0.1054,0.0155,-0.0859,0.0865,1.027,1.632,111.3,2085.7,,
s96_h1_momentum,B6,q,0.45,ALL,764,505,196,63,0,0.661,764,1.285,2197.0,0.0573,76.6,505,1.102,562.1,0.0302,74.7,196,1.59,1025.3,0.107,80.1,-0.0769,0.093,-0.0888,0.0865,0.961,1.569,-166.7,1734.8,,
s96_h1_momentum,C2,q,0.45,ALL,764,560,199,0,5,0.733,764,1.285,2197.0,0.0573,76.6,560,1.338,1791.9,0.0725,77.7,199,1.171,408.7,0.0136,73.4,0.0589,0.181,-0.0882,0.0825,1.012,1.615,52.0,2069.2,,
s96_h1_momentum,B1_utc,q,0.45,ALL,764,479,144,141,0,0.627,764,1.285,2197.0,0.0573,76.6,479,1.221,1118.0,0.061,76.8,144,1.298,446.0,0.0158,73.6,0.0452,0.366,-0.0991,0.0973,0.937,1.618,-248.1,1716.6,,
s96_h1_momentum,B2_lb2,q,0.45,ALL,764,0,764,0,0,0.0,764,1.285,2197.0,0.0573,76.6,0,,0.0,,,764,1.285,2197.0,0.0573,76.6,,,,,,,,,,
s96_h1_momentum,B2_lb5,q,0.45,ALL,764,25,739,0,0,0.033,764,1.285,2197.0,0.0573,76.6,25,0.558,-202.6,-0.1727,60.0,739,1.331,2399.6,0.065,77.1,-0.2377,0.0,-0.0863,0.0873,1.024,1.619,107.0,2072.0,,
s96_h1_momentum,B3_db0.05,q,0.45,ALL,764,736,10,10,8,0.963,764,1.285,2197.0,0.0573,76.6,736,1.236,1798.1,0.0544,76.4,10,5.401,185.4,0.2512,90.0,-0.1969,0.0,-0.0849,0.0882,1.015,1.602,58.2,1897.8,,
s96_h1_momentum,B3_db0.10,q,0.45,ALL,764,726,5,25,8,0.95,764,1.285,2197.0,0.0573,76.6,726,1.23,1736.6,0.0537,76.3,5,inf,152.7,0.3938,100.0,-0.3401,0.0,-0.0884,0.0883,1.002,1.585,8.7,1903.7,,
s96_h1_momentum,B5_w2,q,0.45,ALL,764,480,282,2,0,0.628,764,1.285,2197.0,0.0573,76.6,480,1.464,1967.3,0.076,77.9,282,1.071,245.6,0.0281,74.5,0.0479,0.2665,-0.0868,0.0855,1.025,1.62,102.6,2116.0,,
s96_h1_momentum,B1,q,0.45,TRAIN,500,341,114,45,0,0.682,500,1.22,792.3,0.0401,75.6,341,1.152,389.5,0.0205,74.2,114,1.574,374.4,0.0983,79.8,-0.0778,0.1745,-0.1227,0.1097,0.959,1.587,-72.3,809.1,,
s96_h1_momentum,B2,q,0.45,TRAIN,500,0,500,0,0,0.0,500,1.22,792.3,0.0401,75.6,0,,0.0,,,500,1.22,792.3,0.0401,75.6,,,,,,,,,,
s96_h1_momentum,B3,q,0.45,TRAIN,500,497,3,0,0,0.994,500,1.22,792.3,0.0401,75.6,497,1.225,800.8,0.0408,75.7,3,0.798,-8.5,-0.078,66.7,0.1188,0.032,-0.107,0.1087,0.968,1.543,-61.2,841.3,,
s96_h1_momentum,B4,q,0.45,TRAIN,500,315,146,39,0,0.63,500,1.22,792.3,0.0401,75.6,315,1.489,917.0,0.0792,78.4,146,0.92,-119.0,-0.0191,71.2,0.0984,0.083,-0.1124,0.1058,0.958,1.568,-76.1,827.8,,
s96_h1_momentum,B5,q,0.45,TRAIN,500,324,176,0,0,0.648,500,1.22,792.3,0.0401,75.6,324,1.419,838.7,0.0833,78.7,176,0.971,-46.4,-0.0395,69.9,0.1228,0.027,-0.1042,0.1081,0.964,1.564,-71.8,869.6,,
s96_h1_momentum,B6,q,0.45,TRAIN,500,338,117,45,0,0.676,500,1.22,792.3,0.0401,75.6,338,1.158,398.0,0.0213,74.3,117,1.527,365.9,0.0938,79.5,-0.0724,0.193,-0.1159,0.1053,0.975,1.555,-44.8,783.2,,
s96_h1_momentum,C2,q,0.45,TRAIN,500,364,131,0,5,0.728,500,1.22,792.3,0.0401,75.6,364,1.299,716.8,0.0505,76.4,131,1.067,79.0,0.0092,73.3,0.0413,0.4555,-0.107,0.1016,0.971,1.519,-55.0,834.2,,
s96_h1_momentum,B1_utc,q,0.45,TRAIN,500,312,88,100,0,0.624,500,1.22,792.3,0.0401,75.6,312,1.313,673.8,0.0499,76.3,88,0.852,-119.0,-0.017,71.6,0.0669,0.2975,-0.1321,0.1238,0.914,1.551,-149.8,698.1,,
s96_h1_momentum,B2_lb2,q,0.45,TRAIN,500,0,500,0,0,0.0,500,1.22,792.3,0.0401,75.6,0,,0.0,,,500,1.22,792.3,0.0401,75.6,,,,,,,,,,
s96_h1_momentum,B2_lb5,q,0.45,TRAIN,500,13,487,0,0,0.026,500,1.22,792.3,0.0401,75.6,13,0.529,-77.8,-0.1557,61.5,487,1.253,870.1,0.0453,76.0,-0.201,0.0,-0.109,0.109,0.97,1.538,-58.8,838.5,,
s96_h1_momentum,B3_db0.05,q,0.45,TRAIN,500,483,3,6,8,0.966,500,1.22,792.3,0.0401,75.6,483,1.223,780.6,0.0427,75.8,3,0.798,-8.5,-0.078,66.7,0.1207,0.0285,-0.1127,0.1096,0.964,1.562,-67.3,838.7,,
s96_h1_momentum,B3_db0.10,q,0.45,TRAIN,500,477,1,14,8,0.954,500,1.22,792.3,0.0401,75.6,477,1.229,789.0,0.0444,75.9,1,inf,22.2,0.392,100.0,-0.3477,0.0,-0.1094,0.1017,0.968,1.569,-60.7,840.1,,
s96_h1_momentum,B5_w2,q,0.45,TRAIN,500,307,191,2,0,0.614,500,1.22,792.3,0.0401,75.6,307,1.351,691.1,0.0576,76.9,191,1.073,117.0,0.0157,73.8,0.0419,0.453,-0.1063,0.1127,0.981,1.559,-36.5,880.3,,
s96_h1_momentum,B1,q,0.45,TEST,264,175,71,18,0,0.663,264,1.342,1404.8,0.0899,78.4,175,1.139,419.0,0.0638,76.6,71,1.388,404.6,0.0967,78.9,-0.0329,0.6675,-0.1579,0.1536,0.828,1.796,-416.2,1212.3,,
s96_h1_momentum,B2,q,0.45,TEST,264,2,262,0,0,0.008,264,1.342,1404.8,0.0899,78.4,2,0.0,-178.6,-1.0056,0.0,262,1.403,1583.4,0.0982,79.0,-1.1038,0.0,-0.1418,0.1464,0.927,2.012,-170.2,1579.2,,
s96_h1_momentum,B3,q,0.45,TEST,264,255,9,0,0,0.966,264,1.342,1404.8,0.0899,78.4,255,1.272,1117.6,0.0791,77.6,9,inf,287.2,0.393,100.0,-0.3139,0.0,-0.1446,0.1434,0.92,2.04,-195.4,1592.2,,
s96_h1_momentum,B4,q,0.45,TEST,264,146,102,16,0,0.553,264,1.342,1404.8,0.0899,78.4,146,1.286,690.2,0.0951,78.8,102,1.452,668.4,0.0899,78.4,0.0051,0.9435,-0.1452,0.1448,0.924,2.067,-176.8,1544.1,,
s96_h1_momentum,B5,q,0.45,TEST,264,168,96,0,0,0.636,264,1.342,1404.8,0.0899,78.4,168,1.588,1298.7,0.117,80.4,96,1.056,106.0,0.0423,75.0,0.0747,0.317,-0.1378,0.1482,0.947,2.037,-126.1,1584.2,,
s96_h1_momentum,B6,q,0.45,TEST,264,167,79,18,0,0.633,264,1.342,1404.8,0.0899,78.4,167,1.055,164.2,0.048,75.4,79,1.632,659.4,0.1267,81.0,-0.0787,0.315,-0.1542,0.1525,0.835,1.848,-419.2,1274.7,,
s96_h1_momentum,C2,q,0.45,TEST,264,196,68,0,0,0.742,264,1.342,1404.8,0.0899,78.4,196,1.371,1075.1,0.1134,80.1,68,1.272,329.7,0.0221,73.5,0.0913,0.229,-0.1472,0.1463,0.921,1.999,-191.6,1607.1,,
s96_h1_momentum,B1_utc,q,0.45,TEST,264,167,56,41,0,0.633,264,1.342,1404.8,0.0899,78.4,167,1.152,444.2,0.0818,77.8,56,1.812,565.1,0.0673,76.8,0.0145,0.8545,-0.1618,0.1672,0.846,2.026,-337.6,1344.6,,
s96_h1_momentum,B2_lb2,q,0.45,TEST,264,0,264,0,0,0.0,264,1.342,1404.8,0.0899,78.4,0,,0.0,,,264,1.342,1404.8,0.0899,78.4,,,,,,,,,,
s96_h1_momentum,B2_lb5,q,0.45,TEST,264,12,252,0,0,0.045,264,1.342,1404.8,0.0899,78.4,12,0.574,-124.8,-0.1911,58.3,252,1.401,1529.5,0.1032,79.4,-0.2943,0.0,-0.1431,0.1405,0.926,2.002,-194.3,1565.3,,
s96_h1_momentum,B3_db0.05,q,0.45,TEST,264,253,7,4,0,0.958,264,1.342,1404.8,0.0899,78.4,253,1.248,1017.5,0.0766,77.5,7,inf,193.8,0.3923,100.0,-0.3157,0.0,-0.1496,0.1521,0.909,1.95,-228.9,1450.6,,
s96_h1_momentum,B3_db0.10,q,0.45,TEST,264,249,4,11,0,0.943,264,1.342,1404.8,0.0899,78.4,249,1.231,947.5,0.0716,77.1,4,inf,130.5,0.3942,100.0,-0.3226,0.0005,-0.1614,0.1553,0.859,1.913,-337.2,1393.8,,
s96_h1_momentum,B5_w2,q,0.45,TEST,264,173,91,0,0,0.655,264,1.342,1404.8,0.0899,78.4,173,1.563,1276.2,0.1086,79.8,91,1.07,128.6,0.0541,75.8,0.0545,0.467,-0.1449,0.15,0.924,2.029,-174.3,1597.0,,
s96_h1_momentum,B1,q,0.7,ALL,764,516,185,63,0,0.675,764,1.258,2006.0,0.0491,76.6,516,1.121,679.4,0.0269,75.0,185,1.43,732.7,0.0895,79.5,-0.0626,0.1645,-0.0895,0.0927,0.95,1.532,-200.5,1664.0,0.206,
s96_h1_momentum,B2,q,0.7,ALL,764,2,762,0,0,0.003,764,1.258,2006.0,0.0491,76.6,2,0.0,-179.1,-1.0087,0.0,762,1.288,2185.1,0.0519,76.8,-1.0606,0.0,-0.0853,0.0898,1.007,1.605,29.4,2019.5,0.022,
s96_h1_momentum,B3,q,0.7,ALL,764,752,12,0,0,0.984,764,1.258,2006.0,0.0491,76.6,752,1.224,1730.4,0.0455,76.3,12,7.507,275.7,0.2708,91.7,-0.2253,0.0,-0.0866,0.0887,1.01,1.598,45.8,1989.5,0.158,
s96_h1_momentum,B4,q,0.7,ALL,764,461,248,55,0,0.603,764,1.258,2006.0,0.0491,76.6,461,1.346,1491.9,0.0759,78.5,248,1.163,487.4,0.0185,74.2,0.0573,0.2165,-0.0856,0.0926,1.009,1.642,39.0,1989.5,0.244,
s96_h1_momentum,B5,q,0.7,ALL,764,492,272,0,0,0.644,764,1.258,2006.0,0.0491,76.6,492,1.476,2014.4,0.0865,79.3,272,0.998,-8.4,-0.0186,71.7,0.105,0.0185,-0.0839,0.0917,1.004,1.607,18.3,2046.0,0.058,
s96_h1_momentum,B6,q,0.7,ALL,764,505,196,63,0,0.661,764,1.258,2006.0,0.0491,76.6,505,1.078,435.9,0.0218,74.7,196,1.558,976.3,0.099,80.1,-0.0772,0.104,-0.0904,0.0892,0.943,1.513,-244.5,1619.8,0.136,
s96_h1_momentum,C2,q,0.7,ALL,764,560,199,0,5,0.733,764,1.258,2006.0,0.0491,76.6,560,1.31,1651.9,0.0642,77.7,199,1.149,358.9,0.0061,73.4,0.0581,0.198,-0.0883,0.0934,0.994,1.612,-28.9,2026.2,0.284,
s96_h1_momentum,B1_utc,q,0.7,ALL,764,479,144,141,0,0.627,764,1.258,2006.0,0.0491,76.6,479,1.196,998.2,0.053,76.8,144,1.272,410.0,0.0076,73.6,0.0454,0.3535,-0.0935,0.0974,0.941,1.594,-213.1,1658.5,,
s96_h1_momentum,B2_lb2,q,0.7,ALL,764,0,764,0,0,0.0,764,1.258,2006.0,0.0491,76.6,0,,0.0,,,764,1.258,2006.0,0.0491,76.6,,,,,,,,,,
s96_h1_momentum,B2_lb5,q,0.7,ALL,764,25,739,0,0,0.033,764,1.258,2006.0,0.0491,76.6,25,0.547,-208.9,-0.1797,60.0,739,1.303,2214.9,0.0568,77.1,-0.2365,0.0,-0.0872,0.0904,1.008,1.614,30.0,2007.7,,
s96_h1_momentum,B3_db0.05,q,0.7,ALL,764,736,10,10,8,0.963,764,1.258,2006.0,0.0491,76.6,736,1.211,1614.1,0.0462,76.4,10,5.316,182.9,0.2464,90.0,-0.2001,0.0,-0.0877,0.0895,0.987,1.573,-56.0,1913.2,,
s96_h1_momentum,B3_db0.10,q,0.7,ALL,764,726,5,25,8,0.95,764,1.258,2006.0,0.0491,76.6,726,1.205,1555.1,0.0456,76.3,5,inf,151.4,0.3903,100.0,-0.3447,0.0,-0.0849,0.0857,0.979,1.538,-88.5,1767.7,,
s96_h1_momentum,B5_w2,q,0.7,ALL,764,480,282,2,0,0.628,764,1.258,2006.0,0.0491,76.6,480,1.433,1847.3,0.0677,77.9,282,1.05,175.1,0.02,74.5,0.0477,0.258,-0.082,0.0898,1.007,1.582,29.4,1974.2,,
s96_h1_momentum,B1,q,0.7,TRAIN,500,341,114,45,0,0.682,500,1.184,667.3,0.0299,75.6,341,1.118,304.2,0.0103,74.2,114,1.526,345.9,0.0876,79.8,-0.0773,0.171,-0.1103,0.1157,0.946,1.539,-95.6,774.0,0.234,
s96_h1_momentum,B2,q,0.7,TRAIN,500,0,500,0,0,0.0,500,1.184,667.3,0.0299,75.6,0,,0.0,,,500,1.184,667.3,0.0299,75.6,,,,,,,,,,
s96_h1_momentum,B3,q,0.7,TRAIN,500,497,3,0,0,0.994,500,1.184,667.3,0.0299,75.6,497,1.188,676.5,0.0306,75.7,3,0.782,-9.2,-0.0843,66.7,0.1148,0.0395,-0.1048,0.1066,0.944,1.497,-111.1,790.3,0.946,
s96_h1_momentum,B4,q,0.7,TRAIN,500,315,146,39,0,0.63,500,1.184,667.3,0.0299,75.6,315,1.443,838.2,0.0689,78.4,146,0.896,-155.5,-0.0282,71.2,0.0972,0.075,-0.108,0.1073,0.951,1.519,-88.4,754.2,0.096,
s96_h1_momentum,B5,q,0.7,TRAIN,500,324,176,0,0,0.648,500,1.184,667.3,0.0299,75.6,324,1.375,757.7,0.0729,78.7,176,0.944,-90.4,-0.0494,69.9,0.1224,0.0255,-0.1066,0.1106,0.947,1.501,-103.5,790.0,0.034,
s96_h1_momentum,B6,q,0.7,TRAIN,500,338,117,45,0,0.676,500,1.184,667.3,0.0299,75.6,338,1.123,313.5,0.0112,74.3,117,1.481,336.7,0.0832,79.5,-0.072,0.2115,-0.1145,0.1151,0.951,1.56,-95.6,762.1,0.316,
s96_h1_momentum,C2,q,0.7,TRAIN,500,364,131,0,5,0.728,500,1.184,667.3,0.0299,75.6,364,1.258,625.8,0.0401,76.4,131,1.039,46.3,-0.0001,73.3,0.0402,0.4655,-0.1048,0.1058,0.946,1.513,-107.9,784.5,0.5,
s96_h1_momentum,B1_utc,q,0.7,TRAIN,500,312,88,100,0,0.624,500,1.184,667.3,0.0299,75.6,312,1.275,595.8,0.0399,76.3,88,0.826,-141.0,-0.0277,71.6,0.0676,0.297,-0.1191,0.1231,0.906,1.534,-162.0,655.8,,
s96_h1_momentum,B2_lb2,q,0.7,TRAIN,500,0,500,0,0,0.0,500,1.184,667.3,0.0299,75.6,0,,0.0,,,500,1.184,667.3,0.0299,75.6,,,,,,,,,,
s96_h1_momentum,B2_lb5,q,0.7,TRAIN,500,13,487,0,0,0.026,500,1.184,667.3,0.0299,75.6,13,0.513,-81.1,-0.1652,61.5,487,1.216,748.4,0.0351,76.0,-0.2003,0.0,-0.1074,0.1122,0.937,1.505,-124.2,807.9,,
s96_h1_momentum,B3_db0.05,q,0.7,TRAIN,500,483,3,6,8,0.966,500,1.184,667.3,0.0299,75.6,483,1.187,659.9,0.0326,75.8,3,0.782,-9.2,-0.0843,66.7,0.1169,0.034,-0.1097,0.1069,0.936,1.483,-126.9,760.9,,
s96_h1_momentum,B3_db0.10,q,0.7,TRAIN,500,477,1,14,8,0.954,500,1.184,667.3,0.0299,75.6,477,1.193,669.8,0.0343,75.9,1,inf,22.0,0.3876,100.0,-0.3533,0.0,-0.107,0.1082,0.94,1.525,-117.1,772.9,,
s96_h1_momentum,B5_w2,q,0.7,TRAIN,500,307,191,2,0,0.614,500,1.184,667.3,0.0299,75.6,307,1.309,614.4,0.0472,76.9,191,1.043,69.2,0.0058,73.8,0.0415,0.463,-0.1097,0.1124,0.944,1.509,-106.2,807.2,,
s96_h1_momentum,B1,q,0.7,TEST,264,175,71,18,0,0.663,264,1.325,1338.8,0.0855,78.4,175,1.124,375.2,0.0592,76.6,71,1.369,386.8,0.0926,78.9,-0.0333,0.664,-0.1551,0.1449,0.81,1.728,-453.8,1159.8,0.618,
s96_h1_momentum,B2,q,0.7,TEST,264,2,262,0,0,0.008,264,1.325,1338.8,0.0855,78.4,2,0.0,-179.1,-1.0087,0.0,262,1.385,1517.9,0.0938,79.0,-1.1026,0.0,-0.1493,0.1461,0.919,1.972,-201.0,1512.3,0.018,
s96_h1_momentum,B3,q,0.7,TEST,264,255,9,0,0,0.966,264,1.325,1338.8,0.0855,78.4,255,1.255,1053.8,0.0748,77.6,9,inf,284.9,0.3892,100.0,-0.3144,0.0,-0.1426,0.1374,0.919,1.996,-197.8,1520.9,0.124,
s96_h1_momentum,B4,q,0.7,TEST,264,146,102,16,0,0.553,264,1.325,1338.8,0.0855,78.4,146,1.27,653.7,0.0908,78.8,102,1.433,642.9,0.0854,78.4,0.0054,0.9445,-0.1429,0.1484,0.936,2.016,-169.1,1489.2,0.944,
s96_h1_momentum,B5,q,0.7,TEST,264,168,96,0,0,0.636,264,1.325,1338.8,0.0855,78.4,168,1.567,1256.7,0.1126,80.4,96,1.043,82.0,0.0381,75.0,0.0745,0.3075,-0.1356,0.1482,0.928,1.994,-174.8,1539.4,0.6,
s96_h1_momentum,B6,q,0.7,TEST,264,167,79,18,0,0.633,264,1.325,1338.8,0.0855,78.4,167,1.041,122.4,0.0434,75.4,79,1.611,639.6,0.1226,81.0,-0.0791,0.3255,-0.1531,0.1591,0.824,1.822,-421.1,1225.7,0.248,
s96_h1_momentum,C2,q,0.7,TEST,264,196,68,0,0,0.742,264,1.325,1338.8,0.0855,78.4,196,1.353,1026.1,0.1089,80.1,68,1.257,312.7,0.018,73.5,0.0909,0.22,-0.1513,0.1442,0.912,1.999,-225.6,1590.0,0.384,
s96_h1_momentum,B1_utc,q,0.7,TEST,264,167,56,41,0,0.633,264,1.325,1338.8,0.0855,78.4,167,1.138,402.5,0.0774,77.8,56,1.788,551.1,0.063,76.8,0.0143,0.867,-0.1705,0.1616,0.82,2.019,-409.8,1307.2,,
s96_h1_momentum,B2_lb2,q,0.7,TEST,264,0,264,0,0,0.0,264,1.325,1338.8,0.0855,78.4,0,,0.0,,,264,1.325,1338.8,0.0855,78.4,,,,,,,,,,
s96_h1_momentum,B2_lb5,q,0.7,TEST,264,12,252,0,0,0.045,264,1.325,1338.8,0.0855,78.4,12,0.566,-127.8,-0.1954,58.3,252,1.383,1466.5,0.0988,79.4,-0.2942,0.0,-0.1396,0.1483,0.93,1.95,-172.6,1519.6,,
s96_h1_momentum,B3_db0.05,q,0.7,TEST,264,253,7,4,0,0.958,264,1.325,1338.8,0.0855,78.4,253,1.231,954.2,0.0722,77.5,7,inf,192.1,0.388,100.0,-0.3158,0.0,-0.1542,0.1497,0.88,1.924,-303.6,1442.8,,
s96_h1_momentum,B3_db0.10,q,0.7,TEST,264,249,4,11,0,0.943,264,1.325,1338.8,0.0855,78.4,249,1.215,885.3,0.0672,77.1,4,inf,129.5,0.391,100.0,-0.3237,0.0,-0.1515,0.1501,0.875,1.877,-311.7,1360.1,,
s96_h1_momentum,B5_w2,q,0.7,TEST,264,173,91,0,0,0.655,264,1.325,1338.8,0.0855,78.4,173,1.541,1232.9,0.1041,79.8,91,1.057,105.9,0.05,75.8,0.0541,0.467,-0.1438,0.1506,0.917,1.977,-202.0,1534.3,,
s100_m3_combo,B1,mid,0.75,ALL,4579,2108,2014,457,0,0.46,4579,0.9,-1336.8,-0.1477,33.2,2108,0.913,-534.9,-0.1196,34.1,2014,0.873,-740.1,-0.1646,32.6,0.0451,0.363,-0.0965,0.0998,0.828,0.963,-1033.1,-214.1,,
s100_m3_combo,B2,mid,0.75,ALL,4579,1517,3062,0,0,0.331,4579,0.9,-1336.8,-0.1477,33.2,1517,0.875,-545.2,-0.1679,32.6,3062,0.911,-791.6,-0.1376,33.4,-0.0303,0.524,-0.0954,0.0997,0.833,0.966,-1132.2,-226.9,,
s100_m3_combo,B3,mid,0.75,ALL,4579,3927,652,0,0,0.858,4579,0.9,-1336.8,-0.1477,33.2,3927,0.899,-1153.3,-0.1477,33.2,652,0.901,-183.4,-0.1478,33.1,0.0001,0.9995,-0.0896,0.088,0.833,0.964,-1120.2,-240.8,,
s100_m3_combo,B4,mid,0.75,ALL,4579,2283,1959,337,0,0.499,4579,0.9,-1336.8,-0.1477,33.2,2283,0.887,-738.0,-0.1461,33.3,1959,0.89,-646.8,-0.1651,32.6,0.019,0.694,-0.0934,0.0893,0.82,0.958,-1116.0,-255.3,,
s100_m3_combo,B5,mid,0.75,ALL,4579,2321,2258,0,0,0.507,4579,0.9,-1336.8,-0.1477,33.2,2321,0.898,-674.6,-0.1501,33.2,2258,0.901,-662.1,-0.1452,33.2,-0.005,0.925,-0.0934,0.0967,0.831,0.97,-1130.1,-197.7,,
s100_m3_combo,B6,mid,0.75,ALL,4579,1770,2424,385,0,0.387,4579,0.9,-1336.8,-0.1477,33.2,1770,0.903,-506.0,-0.123,34.0,2424,0.886,-788.6,-0.1544,32.9,0.0314,0.5175,-0.0975,0.0966,0.828,0.957,-1053.2,-250.4,,
s100_m3_combo,C2,mid,0.75,ALL,4579,2472,2091,0,16,0.54,4579,0.9,-1336.8,-0.1477,33.2,2472,0.931,-483.6,-0.1292,33.8,2091,0.864,-856.3,-0.1703,32.4,0.041,0.3755,-0.0923,0.0896,0.829,0.968,-1140.0,-214.8,,
s100_m3_combo,B1_utc,mid,0.75,ALL,4579,2040,1736,803,0,0.446,4579,0.9,-1336.8,-0.1477,33.2,2040,0.885,-689.3,-0.1332,33.5,1736,0.913,-443.4,-0.166,32.5,0.0328,0.519,-0.0979,0.1003,0.827,0.973,-955.0,-154.3,,
s100_m3_combo,B2_lb2,mid,0.75,ALL,4579,1346,3233,0,0,0.294,4579,0.9,-1336.8,-0.1477,33.2,1346,0.87,-488.6,-0.177,32.5,3233,0.911,-848.2,-0.1355,33.4,-0.0415,0.3835,-0.0902,0.0924,0.832,0.971,-1124.6,-192.9,,
s100_m3_combo,B2_lb5,mid,0.75,ALL,4579,1640,2939,0,0,0.358,4579,0.9,-1336.8,-0.1477,33.2,1640,0.856,-678.1,-0.1807,32.3,2939,0.923,-658.7,-0.1292,33.7,-0.0515,0.257,-0.0925,0.0901,0.836,0.966,-1109.3,-226.6,,
s100_m3_combo,B3_db0.05,mid,0.75,ALL,4579,3686,469,400,24,0.805,4579,0.9,-1336.8,-0.1477,33.2,3686,0.909,-979.6,-0.1402,33.4,469,0.848,-218.5,-0.2179,30.9,0.0778,0.119,-0.095,0.0952,0.828,0.974,-1040.7,-159.7,,
s100_m3_combo,B3_db0.10,mid,0.75,ALL,4579,3362,325,868,24,0.734,4579,0.9,-1336.8,-0.1477,33.2,3362,0.908,-916.6,-0.148,33.2,325,1.03,29.6,-0.0913,34.5,-0.0567,0.2675,-0.0932,0.1044,0.846,0.996,-845.4,-22.6,,
s100_m3_combo,B5_w2,mid,0.75,ALL,4579,2381,2192,6,0,0.52,4579,0.9,-1336.8,-0.1477,33.2,2381,0.902,-657.5,-0.1542,33.0,2192,0.897,-681.1,-0.1405,33.3,-0.0138,0.7755,-0.0927,0.0936,0.828,0.967,-1131.1,-216.5,,
s100_m3_combo,B1,mid,0.75,TRAIN,2147,993,924,230,0,0.463,2147,0.779,-1113.3,-0.2101,32.7,993,0.834,-387.4,-0.1564,34.0,924,0.774,-487.3,-0.2188,32.7,0.0624,0.399,-0.1463,0.1498,0.716,0.898,-646.8,-226.3,,
s100_m3_combo,B2,mid,0.75,TRAIN,2147,682,1465,0,0,0.318,2147,0.779,-1113.3,-0.2101,32.7,682,0.785,-338.9,-0.1848,33.6,1465,0.777,-774.4,-0.2219,32.3,0.0371,0.572,-0.1285,0.1386,0.704,0.861,-760.4,-343.4,,
s100_m3_combo,B3,mid,0.75,TRAIN,2147,1834,313,0,0,0.854,2147,0.779,-1113.3,-0.2101,32.7,1834,0.778,-955.5,-0.2106,32.7,313,0.787,-157.8,-0.2073,32.6,-0.0032,0.967,-0.1319,0.1295,0.694,0.863,-789.6,-333.6,,
s100_m3_combo,B4,mid,0.75,TRAIN,2147,1069,927,151,0,0.498,2147,0.779,-1113.3,-0.2101,32.7,1069,0.819,-435.3,-0.1748,34.0,927,0.766,-533.4,-0.2333,31.7,0.0584,0.4015,-0.1336,0.1377,0.712,0.879,-688.4,-276.9,,
s100_m3_combo,B5,mid,0.75,TRAIN,2147,1059,1088,0,0,0.493,2147,0.779,-1113.3,-0.2101,32.7,1059,0.775,-538.1,-0.2257,32.6,1088,0.783,-575.2,-0.1949,32.8,-0.0308,0.646,-0.1339,0.1356,0.699,0.865,-761.8,-337.4,,
s100_m3_combo,B6,mid,0.75,TRAIN,2147,828,1127,192,0,0.386,2147,0.779,-1113.3,-0.2101,32.7,828,0.828,-331.8,-0.1574,33.9,1127,0.785,-567.6,-0.2094,32.9,0.052,0.455,-0.1392,0.1422,0.722,0.886,-651.3,-254.0,,
s100_m3_combo,C2,mid,0.75,TRAIN,2147,1148,983,0,16,0.535,2147,0.779,-1113.3,-0.2101,32.7,1148,0.775,-596.2,-0.2234,32.5,983,0.78,-520.2,-0.1972,32.9,-0.0262,0.7015,-0.1332,0.1389,0.698,0.861,-773.7,-335.5,,
s100_m3_combo,B1_utc,mid,0.75,TRAIN,2147,935,772,440,0,0.435,2147,0.779,-1113.3,-0.2101,32.7,935,0.774,-508.4,-0.2102,32.7,772,0.763,-427.4,-0.2244,32.4,0.0141,0.855,-0.1518,0.151,0.682,0.86,-652.8,-273.4,,
s100_m3_combo,B2_lb2,mid,0.75,TRAIN,2147,621,1526,0,0,0.289,2147,0.779,-1113.3,-0.2101,32.7,621,0.775,-320.9,-0.2008,33.3,1526,0.781,-792.4,-0.2139,32.4,0.013,0.8635,-0.1345,0.137,0.705,0.859,-759.1,-349.6,,
s100_m3_combo,B2_lb5,mid,0.75,TRAIN,2147,762,1385,0,0,0.355,2147,0.779,-1113.3,-0.2101,32.7,762,0.762,-431.9,-0.2265,32.3,1385,0.789,-681.4,-0.201,32.9,-0.0255,0.711,-0.1303,0.1245,0.706,0.856,-759.1,-353.6,,
s100_m3_combo,B3_db0.05,mid,0.75,TRAIN,2147,1713,228,182,24,0.798,2147,0.779,-1113.3,-0.2101,32.7,1713,0.786,-856.0,-0.1983,33.1,228,0.77,-126.0,-0.2497,31.6,0.0514,0.4715,-0.1413,0.1393,0.698,0.876,-709.1,-275.6,,
s100_m3_combo,B3_db0.10,mid,0.75,TRAIN,2147,1584,163,376,24,0.738,2147,0.779,-1113.3,-0.2101,32.7,1584,0.771,-854.1,-0.2185,32.5,163,0.871,-48.9,-0.1764,33.7,-0.0421,0.569,-0.1409,0.1346,0.693,0.869,-647.8,-259.5,,
s100_m3_combo,B5_w2,mid,0.75,TRAIN,2147,1076,1065,6,0,0.501,2147,0.779,-1113.3,-0.2101,32.7,1076,0.771,-565.3,-0.2249,32.3,1065,0.785,-549.9,-0.1953,33.1,-0.0296,0.6775,-0.1319,0.1439,0.697,0.864,-777.5,-336.5,,
s100_m3_combo,B1,mid,0.75,TEST,2432,1115,1090,227,0,0.458,2432,0.973,-223.4,-0.0926,33.6,1115,0.961,-147.5,-0.0868,34.1,1090,0.931,-252.8,-0.1187,32.5,0.032,0.665,-0.1343,0.1289,0.851,1.042,-558.7,154.2,,
s100_m3_combo,B2,mid,0.75,TEST,2432,835,1597,0,0,0.343,2432,0.973,-223.4,-0.0926,33.6,835,0.926,-206.3,-0.1541,31.9,1597,0.997,-17.2,-0.0604,34.5,-0.0938,0.1725,-0.135,0.1332,0.882,1.067,-499.7,262.7,,
s100_m3_combo,B3,mid,0.75,TEST,2432,2093,339,0,0,0.861,2432,0.973,-223.4,-0.0926,33.6,2093,0.972,-197.8,-0.0925,33.6,339,0.977,-25.6,-0.0928,33.6,0.0002,0.998,-0.1217,0.1273,0.876,1.072,-507.5,294.2,,
s100_m3_combo,B4,mid,0.75,TEST,2432,1214,1032,186,0,0.499,2432,0.973,-223.4,-0.0926,33.6,1214,0.927,-302.6,-0.1209,32.7,1032,0.968,-113.4,-0.1039,33.3,-0.017,0.794,-0.1274,0.1251,0.852,1.043,-564.2,170.6,,
s100_m3_combo,B5,mid,0.75,TEST,2432,1262,1170,0,0,0.519,2432,0.973,-223.4,-0.0926,33.6,1262,0.967,-136.5,-0.0867,33.7,1170,0.979,-87.0,-0.0989,33.5,0.0122,0.8395,-0.1176,0.1206,0.874,1.068,-500.5,281.9,,
s100_m3_combo,B6,mid,0.75,TEST,2432,942,1297,193,0,0.387,2432,0.973,-223.4,-0.0926,33.6,942,0.947,-174.2,-0.0927,34.0,1297,0.948,-220.9,-0.1066,32.9,0.0139,0.8195,-0.1263,0.1322,0.855,1.045,-549.6,165.8,,
s100_m3_combo,C2,mid,0.75,TEST,2432,1324,1108,0,0,0.544,2432,0.973,-223.4,-0.0926,33.6,1324,1.026,112.7,-0.0476,35.0,1108,0.914,-336.1,-0.1463,31.9,0.0987,0.111,-0.1232,0.1281,0.877,1.071,-504.6,295.1,,
s100_m3_combo,B1_utc,mid,0.75,TEST,2432,1105,964,363,0,0.454,2432,0.973,-223.4,-0.0926,33.6,1105,0.952,-180.9,-0.068,34.2,964,0.995,-16.0,-0.1193,32.6,0.0513,0.448,-0.1453,0.1291,0.859,1.069,-489.8,241.5,,
s100_m3_combo,B2_lb2,mid,0.75,TEST,2432,725,1707,0,0,0.298,2432,0.973,-223.4,-0.0926,33.6,725,0.929,-167.7,-0.1565,31.9,1707,0.991,-55.8,-0.0654,34.3,-0.0911,0.1805,-0.132,0.1325,0.873,1.079,-520.8,317.0,,
s100_m3_combo,B2_lb5,mid,0.75,TEST,2432,878,1554,0,0,0.361,2432,0.973,-223.4,-0.0926,33.6,878,0.915,-246.1,-0.141,32.2,1554,1.004,22.7,-0.0652,34.4,-0.0758,0.246,-0.129,0.1243,0.876,1.071,-524.7,289.2,,
s100_m3_combo,B3_db0.05,mid,0.75,TEST,2432,1973,241,218,0,0.811,2432,0.973,-223.4,-0.0926,33.6,1973,0.982,-123.5,-0.0897,33.7,241,0.896,-92.4,-0.1879,30.3,0.0981,0.148,-0.1299,0.1301,0.872,1.072,-479.3,278.8,,
s100_m3_combo,B3_db0.10,mid,0.75,TEST,2432,1778,162,492,0,0.731,2432,0.973,-223.4,-0.0926,33.6,1778,0.99,-62.5,-0.0852,33.7,162,1.13,78.6,-0.0057,35.2,-0.0796,0.254,-0.1392,0.1366,0.891,1.109,-371.3,371.3,,
s100_m3_combo,B5_w2,mid,0.75,TEST,2432,1305,1127,0,0,0.537,2432,0.973,-223.4,-0.0926,33.6,1305,0.978,-92.2,-0.096,33.6,1127,0.968,-131.2,-0.0887,33.6,-0.0073,0.911,-0.1258,0.123,0.877,1.066,-517.9,276.1,,
s100_m3_combo,B1,mid,1.0,ALL,4579,2108,2014,457,0,0.46,4579,0.824,-2481.5,-0.2376,33.0,2108,0.836,-1061.9,-0.209,33.9,2014,0.798,-1243.6,-0.2546,32.5,0.0456,0.3795,-0.0997,0.0994,0.755,0.881,-1562.5,-739.5,0.376,
s100_m3_combo,B2,mid,1.0,ALL,4579,1517,3062,0,0,0.331,4579,0.824,-2481.5,-0.2376,33.0,1517,0.8,-924.4,-0.2598,32.6,3062,0.835,-1557.1,-0.2267,33.3,-0.0332,0.515,-0.0957,0.0968,0.765,0.883,-1681.1,-812.1,0.546,
s100_m3_combo,B3,mid,1.0,ALL,4579,3927,652,0,0,0.858,4579,0.824,-2481.5,-0.2376,33.0,3927,0.824,-2135.1,-0.2376,33.1,652,0.823,-346.4,-0.238,32.8,0.0004,0.9925,-0.0953,0.0958,0.76,0.891,-1719.8,-769.8,0.996,
s100_m3_combo,B4,mid,1.0,ALL,4579,2283,1959,337,0,0.499,4579,0.824,-2481.5,-0.2376,33.0,2283,0.811,-1308.7,-0.2366,33.2,1959,0.817,-1136.5,-0.254,32.4,0.0173,0.723,-0.0965,0.0994,0.748,0.883,-1650.9,-770.9,0.756,
s100_m3_combo,B5,mid,1.0,ALL,4579,2321,2258,0,0,0.507,4579,0.824,-2481.5,-0.2376,33.0,2321,0.82,-1254.9,-0.2405,33.0,2258,0.827,-1226.6,-0.2347,33.1,-0.0058,0.908,-0.0899,0.0926,0.759,0.887,-1682.2,-781.7,0.896,
s100_m3_combo,B6,mid,1.0,ALL,4579,1770,2424,385,0,0.387,4579,0.824,-2481.5,-0.2376,33.0,1770,0.828,-948.5,-0.2125,33.8,2424,0.809,-1394.6,-0.2443,32.8,0.0318,0.5235,-0.0921,0.0927,0.757,0.877,-1564.0,-775.9,0.526,
s100_m3_combo,C2,mid,1.0,ALL,4579,2472,2091,0,16,0.54,4579,0.824,-2481.5,-0.2376,33.0,2472,0.851,-1101.6,-0.219,33.7,2091,0.792,-1379.1,-0.2602,32.3,0.0411,0.3935,-0.0929,0.0899,0.759,0.888,-1684.2,-784.6,0.398,
s100_m3_combo,B1_utc,mid,1.0,ALL,4579,2040,1736,803,0,0.446,4579,0.824,-2481.5,-0.2376,33.0,2040,0.811,-1199.3,-0.2213,33.3,1736,0.838,-877.4,-0.2565,32.4,0.0351,0.4945,-0.1017,0.0994,0.752,0.891,-1446.4,-638.9,,
s100_m3_combo,B2_lb2,mid,1.0,ALL,4579,1346,3233,0,0,0.294,4579,0.824,-2481.5,-0.2376,33.0,1346,0.794,-825.1,-0.27,32.5,3233,0.836,-1656.4,-0.2242,33.3,-0.0459,0.3535,-0.0926,0.0922,0.758,0.889,-1702.0,-776.6,,
s100_m3_combo,B2_lb5,mid,1.0,ALL,4579,1640,2939,0,0,0.358,4579,0.824,-2481.5,-0.2376,33.0,1640,0.782,-1088.1,-0.2726,32.2,2939,0.846,-1393.4,-0.2181,33.5,-0.0544,0.26,-0.088,0.0913,0.766,0.882,-1693.8,-800.5,,
s100_m3_combo,B3_db0.05,mid,1.0,ALL,4579,3686,469,400,24,0.805,4579,0.824,-2481.5,-0.2376,33.0,3686,0.833,-1901.1,-0.2299,33.3,469,0.778,-335.7,-0.3062,30.7,0.0763,0.1135,-0.0944,0.0977,0.763,0.894,-1556.5,-670.4,,
s100_m3_combo,B3_db0.10,mid,1.0,ALL,4579,3362,325,868,24,0.734,4579,0.824,-2481.5,-0.2376,33.0,3362,0.833,-1757.1,-0.2373,33.0,325,0.95,-51.6,-0.1775,34.2,-0.0598,0.2315,-0.0994,0.0984,0.771,0.913,-1319.4,-495.7,,
s100_m3_combo,B5_w2,mid,1.0,ALL,4579,2381,2192,6,0,0.52,4579,0.824,-2481.5,-0.2376,33.0,2381,0.823,-1252.8,-0.2448,32.9,2192,0.824,-1229.1,-0.2297,33.2,-0.0151,0.75,-0.0976,0.0934,0.758,0.886,-1704.7,-795.0,,
s100_m3_combo,B1,mid,1.0,TRAIN,2147,993,924,230,0,0.463,2147,0.695,-1650.1,-0.3153,32.6,993,0.745,-635.7,-0.2605,33.7,924,0.69,-718.3,-0.324,32.7,0.0635,0.4105,-0.1418,0.1471,0.638,0.806,-889.7,-454.2,0.418,
s100_m3_combo,B2,mid,1.0,TRAIN,2147,682,1465,0,0,0.318,2147,0.695,-1650.1,-0.3153,32.6,682,0.698,-509.4,-0.2912,33.6,1465,0.693,-1140.7,-0.3265,32.1,0.0353,0.605,-0.1263,0.1387,0.626,0.768,-1045.7,-599.1,0.632,
s100_m3_combo,B3,mid,1.0,TRAIN,2147,1834,313,0,0,0.854,2147,0.695,-1650.1,-0.3153,32.6,1834,0.693,-1414.0,-0.3163,32.7,313,0.702,-236.0,-0.3096,31.9,-0.0067,0.924,-0.1355,0.1293,0.624,0.771,-1062.7,-591.2,0.944,
s100_m3_combo,B4,mid,1.0,TRAIN,2147,1069,927,151,0,0.498,2147,0.695,-1650.1,-0.3153,32.6,1069,0.728,-702.6,-0.2811,33.8,927,0.687,-765.2,-0.3356,31.6,0.0545,0.477,-0.1387,0.1481,0.634,0.787,-953.7,-521.0,0.462,
s100_m3_combo,B5,mid,1.0,TRAIN,2147,1059,1088,0,0,0.493,2147,0.695,-1650.1,-0.3153,32.6,1059,0.688,-802.9,-0.3326,32.3,1088,0.701,-847.2,-0.2985,32.8,-0.0342,0.6135,-0.1328,0.1326,0.622,0.768,-1034.6,-607.2,0.638,
s100_m3_combo,B6,mid,1.0,TRAIN,2147,828,1127,192,0,0.386,2147,0.695,-1650.1,-0.3153,32.6,828,0.739,-538.8,-0.2626,33.8,1127,0.699,-849.4,-0.3138,32.7,0.0512,0.462,-0.1386,0.1388,0.644,0.792,-895.2,-499.3,0.474,
s100_m3_combo,C2,mid,1.0,TRAIN,2147,1148,983,0,16,0.535,2147,0.695,-1650.1,-0.3153,32.6,1148,0.689,-883.2,-0.3292,32.2,983,0.697,-766.0,-0.3015,32.9,-0.0278,0.6905,-0.1382,0.1379,0.622,0.769,-1041.7,-606.7,0.7,
s100_m3_combo,B1_utc,mid,1.0,TRAIN,2147,935,772,440,0,0.435,2147,0.695,-1650.1,-0.3153,32.6,935,0.691,-742.2,-0.3132,32.4,772,0.679,-620.4,-0.3308,32.4,0.0177,0.8215,-0.1566,0.1557,0.604,0.768,-884.7,-487.6,,
s100_m3_combo,B2_lb2,mid,1.0,TRAIN,2147,621,1526,0,0,0.289,2147,0.695,-1650.1,-0.3153,32.6,621,0.688,-476.1,-0.3075,33.3,1526,0.697,-1173.9,-0.3185,32.2,0.011,0.8645,-0.1261,0.133,0.628,0.763,-1030.7,-618.3,,
s100_m3_combo,B2_lb5,mid,1.0,TRAIN,2147,762,1385,0,0,0.355,2147,0.695,-1650.1,-0.3153,32.6,762,0.68,-622.4,-0.3328,32.3,1385,0.703,-1027.6,-0.3057,32.7,-0.027,0.6775,-0.1312,0.1343,0.629,0.766,-1039.9,-614.5,,
s100_m3_combo,B3_db0.05,mid,1.0,TRAIN,2147,1713,228,182,24,0.798,2147,0.695,-1650.1,-0.3153,32.6,1713,0.701,-1284.3,-0.3039,33.0,228,0.688,-183.1,-0.3523,31.1,0.0484,0.5185,-0.1356,0.145,0.618,0.789,-957.7,-491.5,,
s100_m3_combo,B3_db0.10,mid,1.0,TRAIN,2147,1584,163,376,24,0.738,2147,0.695,-1650.1,-0.3153,32.6,1584,0.688,-1250.1,-0.3238,32.4,163,0.779,-89.7,-0.2786,33.1,-0.0452,0.534,-0.146,0.1473,0.618,0.778,-873.3,-466.8,,
s100_m3_combo,B5_w2,mid,1.0,TRAIN,2147,1076,1065,6,0,0.501,2147,0.695,-1650.1,-0.3153,32.6,1076,0.685,-834.3,-0.3312,32.2,1065,0.702,-816.1,-0.2993,33.0,-0.0319,0.6415,-0.1314,0.1289,0.622,0.767,-1052.5,-610.2,,
s100_m3_combo,B1,mid,1.0,TEST,2432,1115,1090,227,0,0.458,2432,0.904,-831.4,-0.1691,33.5,1115,0.893,-426.2,-0.1632,34.0,1090,0.864,-525.3,-0.1958,32.3,0.0326,0.6285,-0.1322,0.1351,0.791,0.967,-833.6,-130.4,0.642,
s100_m3_combo,B2,mid,1.0,TEST,2432,835,1597,0,0,0.343,2432,0.904,-831.4,-0.1691,33.5,835,0.859,-415.0,-0.2341,31.7,1597,0.927,-416.4,-0.135,34.4,-0.0991,0.148,-0.1344,0.1348,0.82,0.995,-812.8,-19.6,0.192,
s100_m3_combo,B3,mid,1.0,TEST,2432,2093,339,0,0,0.861,2432,0.904,-831.4,-0.1691,33.5,2093,0.904,-721.1,-0.1686,33.4,339,0.905,-110.4,-0.1718,33.6,0.0032,0.9565,-0.1216,0.1197,0.817,0.993,-799.9,-29.3,0.97,
s100_m3_combo,B4,mid,1.0,TEST,2432,1214,1032,186,0,0.499,2432,0.904,-831.4,-0.1691,33.5,1214,0.861,-606.1,-0.1975,32.7,1032,0.902,-371.4,-0.1806,33.0,-0.0168,0.796,-0.1324,0.1355,0.787,0.969,-871.2,-119.9,0.836,
s100_m3_combo,B5,mid,1.0,TEST,2432,1262,1170,0,0,0.519,2432,0.904,-831.4,-0.1691,33.5,1262,0.897,-452.0,-0.1632,33.6,1170,0.911,-379.5,-0.1754,33.3,0.0123,0.8385,-0.1247,0.1289,0.807,0.995,-828.7,-25.3,0.842,
s100_m3_combo,B6,mid,1.0,TEST,2432,942,1297,193,0,0.387,2432,0.904,-831.4,-0.1691,33.5,942,0.881,-409.7,-0.1685,33.9,1297,0.879,-545.2,-0.1839,32.8,0.0154,0.8225,-0.1328,0.1346,0.792,0.966,-837.6,-131.5,0.824,
s100_m3_combo,C2,mid,1.0,TEST,2432,1324,1108,0,0,0.544,2432,0.904,-831.4,-0.1691,33.5,1324,0.952,-218.3,-0.1235,34.9,1108,0.85,-613.1,-0.2235,31.8,0.1,0.1185,-0.1188,0.1276,0.815,0.989,-803.9,-47.6,0.128,
s100_m3_combo,B1_utc,mid,1.0,TEST,2432,1105,964,363,0,0.454,2432,0.904,-831.4,-0.1691,33.5,1105,0.884,-457.1,-0.1436,34.1,964,0.926,-257.0,-0.1969,32.4,0.0533,0.453,-0.1329,0.1393,0.808,1.005,-706.6,20.2,,
s100_m3_combo,B2_lb2,mid,1.0,TEST,2432,725,1707,0,0,0.298,2432,0.904,-831.4,-0.1691,33.5,725,0.859,-348.9,-0.2379,31.7,1707,0.922,-482.5,-0.1398,34.2,-0.0981,0.1535,-0.138,0.1267,0.812,1.002,-808.5,7.8,,
s100_m3_combo,B2_lb5,mid,1.0,TEST,2432,878,1554,0,0,0.361,2432,0.904,-831.4,-0.1691,33.5,878,0.848,-465.6,-0.2203,32.1,1554,0.935,-365.8,-0.1401,34.2,-0.0802,0.2195,-0.1272,0.1322,0.819,0.998,-811.6,-7.3,,
s100_m3_combo,B3_db0.05,mid,1.0,TEST,2432,1973,241,218,0,0.811,2432,0.904,-831.4,-0.1691,33.5,1973,0.913,-616.8,-0.1656,33.5,241,0.836,-152.7,-0.2626,30.3,0.097,0.158,-0.1304,0.1315,0.806,1.0,-777.3,-1.8,,
s100_m3_combo,B3_db0.10,mid,1.0,TEST,2432,1778,162,492,0,0.731,2432,0.904,-831.4,-0.1691,33.5,1778,0.922,-507.0,-0.1602,33.6,162,1.06,38.1,-0.0757,35.2,-0.0845,0.227,-0.1311,0.1401,0.838,1.042,-584.4,146.0,,
s100_m3_combo,B5_w2,mid,1.0,TEST,2432,1305,1127,0,0,0.537,2432,0.904,-831.4,-0.1691,33.5,1305,0.906,-418.5,-0.1735,33.5,1127,0.902,-413.0,-0.1639,33.5,-0.0096,0.8725,-0.1268,0.1259,0.815,0.994,-799.5,-28.0,,
s100_m3_combo,B1,q,0.45,ALL,4579,2108,2014,457,0,0.46,4579,0.896,-1329.0,-0.1348,30.7,2108,0.899,-600.1,-0.1172,31.1,2014,0.884,-645.5,-0.1352,30.8,0.018,0.7155,-0.1025,0.0985,0.819,0.967,-1034.1,-185.3,,
s100_m3_combo,B2,q,0.45,ALL,4579,1517,3062,0,0,0.331,4579,0.896,-1329.0,-0.1348,30.7,1517,0.872,-536.0,-0.1551,30.3,3062,0.908,-793.0,-0.1248,30.9,-0.0304,0.5325,-0.0991,0.0922,0.828,0.969,-1125.7,-200.2,,
s100_m3_combo,B3,q,0.45,ALL,4579,3927,652,0,0,0.858,4579,0.896,-1329.0,-0.1348,30.7,3927,0.892,-1188.6,-0.1393,30.6,652,0.92,-140.4,-0.1076,31.4,-0.0318,0.4895,-0.0922,0.0896,0.825,0.968,-1123.2,-203.9,,
s100_m3_combo,B4,q,0.45,ALL,4579,2283,1959,337,0,0.499,4579,0.896,-1329.0,-0.1348,30.7,2283,0.884,-727.8,-0.1349,30.8,1959,0.877,-696.1,-0.1585,30.0,0.0236,0.6275,-0.092,0.0954,0.807,0.956,-1158.1,-258.9,,
s100_m3_combo,B5,q,0.45,ALL,4579,2321,2258,0,0,0.507,4579,0.896,-1329.0,-0.1348,30.7,2321,0.892,-684.5,-0.1372,30.8,2258,0.9,-644.4,-0.1324,30.7,-0.0048,0.9145,-0.0889,0.0897,0.824,0.971,-1122.9,-183.5,,
s100_m3_combo,B6,q,0.45,ALL,4579,1770,2424,385,0,0.387,4579,0.896,-1329.0,-0.1348,30.7,1770,0.883,-590.7,-0.1286,30.8,2424,0.898,-669.3,-0.1238,31.1,-0.0048,0.9205,-0.0879,0.0915,0.821,0.962,-1048.4,-219.8,,
s100_m3_combo,C2,q,0.45,ALL,4579,2472,2091,0,16,0.54,4579,0.896,-1329.0,-0.1348,30.7,2472,0.926,-496.9,-0.118,31.4,2091,0.862,-832.4,-0.1548,30.0,0.0368,0.4185,-0.0888,0.0883,0.824,0.967,-1120.7,-209.8,,
s100_m3_combo,B1_utc,q,0.45,ALL,4579,2040,1736,803,0,0.446,4579,0.896,-1329.0,-0.1348,30.7,2040,0.868,-770.8,-0.1335,30.5,1736,0.914,-420.3,-0.1456,30.5,0.012,0.819,-0.0964,0.1017,0.81,0.97,-1016.8,-157.9,,
s100_m3_combo,B2_lb2,q,0.45,ALL,4579,1346,3233,0,0,0.294,4579,0.896,-1329.0,-0.1348,30.7,1346,0.88,-434.1,-0.1462,30.6,3233,0.903,-894.9,-0.1301,30.8,-0.0162,0.7335,-0.0871,0.0877,0.821,0.97,-1152.1,-188.6,,
s100_m3_combo,B2_lb5,q,0.45,ALL,4579,1640,2939,0,0,0.358,4579,0.896,-1329.0,-0.1348,30.7,1640,0.863,-620.1,-0.1612,29.9,2939,0.914,-708.8,-0.1201,31.2,-0.0412,0.365,-0.0898,0.0893,0.826,0.967,-1133.6,-203.7,,
s100_m3_combo,B3_db0.05,q,0.45,ALL,4579,3686,469,400,24,0.805,4579,0.896,-1329.0,-0.1348,30.7,3686,0.901,-1027.4,-0.1326,30.8,469,0.878,-165.7,-0.167,29.9,0.0344,0.4675,-0.094,0.0932,0.819,0.977,-1063.7,-137.5,,
s100_m3_combo,B3_db0.10,q,0.45,ALL,4579,3362,325,868,24,0.734,4579,0.896,-1329.0,-0.1348,30.7,3362,0.898,-981.6,-0.1432,30.4,325,1.045,42.8,-0.0647,32.9,-0.0786,0.117,-0.0937,0.1024,0.833,0.994,-885.5,-30.4,,
s100_m3_combo,B5_w2,q,0.45,ALL,4579,2381,2192,6,0,0.52,4579,0.896,-1329.0,-0.1348,30.7,2381,0.894,-683.0,-0.1502,30.4,2192,0.898,-649.7,-0.1184,31.1,-0.0318,0.505,-0.0914,0.094,0.822,0.969,-1122.8,-190.7,,
s100_m3_combo,B1,q,0.45,TRAIN,2147,993,924,230,0,0.463,2147,0.784,-1034.0,-0.1909,30.0,993,0.822,-396.1,-0.1555,30.6,924,0.787,-433.6,-0.1889,30.6,0.0334,0.634,-0.1324,0.1317,0.716,0.897,-620.9,-214.6,,
s100_m3_combo,B2,q,0.45,TRAIN,2147,682,1465,0,0,0.318,2147,0.784,-1034.0,-0.1909,30.0,682,0.811,-281.3,-0.1499,31.5,1465,0.772,-752.7,-0.21,29.3,0.0601,0.348,-0.125,0.1227,0.706,0.868,-725.8,-305.6,,
s100_m3_combo,B3,q,0.45,TRAIN,2147,1834,313,0,0,0.854,2147,0.784,-1034.0,-0.1909,30.0,1834,0.777,-914.7,-0.197,29.8,313,0.828,-119.3,-0.1551,31.0,-0.0419,0.514,-0.127,0.1321,0.699,0.875,-732.2,-286.7,,
s100_m3_combo,B4,q,0.45,TRAIN,2147,1069,927,151,0,0.498,2147,0.784,-1034.0,-0.1909,30.0,1069,0.839,-366.5,-0.1517,31.2,927,0.752,-540.8,-0.2227,29.0,0.0711,0.29,-0.1331,0.1204,0.711,0.885,-659.1,-243.4,,
s100_m3_combo,B5,q,0.45,TRAIN,2147,1059,1088,0,0,0.493,2147,0.784,-1034.0,-0.1909,30.0,1059,0.785,-486.2,-0.2064,29.8,1088,0.783,-547.8,-0.1759,30.1,-0.0305,0.619,-0.1195,0.1285,0.702,0.872,-726.1,-296.6,,
s100_m3_combo,B6,q,0.45,TRAIN,2147,828,1127,192,0,0.386,2147,0.784,-1034.0,-0.1909,30.0,828,0.805,-361.1,-0.1678,30.2,1127,0.803,-490.3,-0.176,30.9,0.0083,0.907,-0.1338,0.1282,0.719,0.89,-625.3,-238.6,,
s100_m3_combo,C2,q,0.45,TRAIN,2147,1148,983,0,16,0.535,2147,0.784,-1034.0,-0.1909,30.0,1148,0.782,-547.4,-0.2081,29.7,983,0.784,-487.1,-0.172,30.3,-0.036,0.573,-0.1256,0.1323,0.7,0.87,-727.3,-306.8,,
s100_m3_combo,B1_utc,q,0.45,TRAIN,2147,935,772,440,0,0.435,2147,0.784,-1034.0,-0.1909,30.0,935,0.756,-524.6,-0.2077,29.2,772,0.781,-370.7,-0.1917,30.6,-0.016,0.8285,-0.1458,0.1397,0.675,0.864,-642.4,-247.5,,
s100_m3_combo,B2_lb2,q,0.45,TRAIN,2147,621,1526,0,0,0.289,2147,0.784,-1034.0,-0.1909,30.0,621,0.809,-256.7,-0.1598,31.6,1526,0.774,-777.3,-0.2036,29.4,0.0437,0.519,-0.1246,0.1251,0.703,0.869,-723.9,-304.3,,
s100_m3_combo,B2_lb5,q,0.45,TRAIN,2147,762,1385,0,0,0.355,2147,0.784,-1034.0,-0.1909,30.0,762,0.781,-376.1,-0.1967,29.8,1385,0.786,-657.9,-0.1878,30.1,-0.0089,0.8985,-0.1217,0.1246,0.706,0.867,-729.4,-308.9,,
s100_m3_combo,B3_db0.05,q,0.45,TRAIN,2147,1713,228,182,24,0.798,2147,0.784,-1034.0,-0.1909,30.0,1713,0.785,-819.3,-0.185,30.2,228,0.827,-87.6,-0.1754,31.1,-0.0096,0.8895,-0.1255,0.1301,0.708,0.883,-653.0,-236.6,,
s100_m3_combo,B3_db0.10,q,0.45,TRAIN,2147,1584,163,376,24,0.738,2147,0.784,-1034.0,-0.1909,30.0,1584,0.766,-833.3,-0.2086,29.5,163,0.924,-26.7,-0.1172,33.1,-0.0914,0.175,-0.1318,0.1288,0.69,0.868,-620.6,-246.4,,
s100_m3_combo,B5_w2,q,0.45,TRAIN,2147,1076,1065,6,0,0.501,2147,0.784,-1034.0,-0.1909,30.0,1076,0.779,-517.0,-0.2133,29.5,1065,0.787,-520.7,-0.1691,30.5,-0.0442,0.492,-0.1216,0.1264,0.7,0.871,-725.2,-302.1,,
s100_m3_combo,B1,q,0.45,TEST,2432,1115,1090,227,0,0.458,2432,0.963,-294.9,-0.0853,31.4,1115,0.945,-203.9,-0.0831,31.6,1090,0.94,-211.9,-0.0897,30.9,0.0066,0.918,-0.1397,0.1356,0.841,1.046,-572.0,159.5,,
s100_m3_combo,B2,q,0.45,TEST,2432,835,1597,0,0,0.343,2432,0.963,-294.9,-0.0853,31.4,835,0.906,-254.7,-0.1594,29.3,1597,0.992,-40.3,-0.0466,32.4,-0.1128,0.107,-0.1413,0.1329,0.866,1.068,-546.7,254.9,,
s100_m3_combo,B3,q,0.45,TEST,2432,2093,339,0,0,0.861,2432,0.963,-294.9,-0.0853,31.4,2093,0.96,-273.9,-0.0888,31.3,339,0.98,-21.0,-0.0636,31.9,-0.0252,0.7015,-0.1274,0.1289,0.862,1.067,-556.9,262.6,,
s100_m3_combo,B4,q,0.45,TEST,2432,1214,1032,186,0,0.499,2432,0.963,-294.9,-0.0853,31.4,1214,0.91,-361.3,-0.1202,30.5,1032,0.956,-155.3,-0.1008,30.8,-0.0194,0.7815,-0.1248,0.1316,0.825,1.033,-649.5,127.1,,
s100_m3_combo,B5,q,0.45,TEST,2432,1262,1170,0,0,0.519,2432,0.963,-294.9,-0.0853,31.4,1262,0.951,-198.3,-0.0792,31.5,1170,0.976,-96.7,-0.0919,31.2,0.0128,0.854,-0.1275,0.1216,0.862,1.058,-547.3,225.9,,
s100_m3_combo,B6,q,0.45,TEST,2432,942,1297,193,0,0.387,2432,0.963,-294.9,-0.0853,31.4,942,0.929,-229.6,-0.0942,31.3,1297,0.956,-179.0,-0.0784,31.3,-0.0158,0.8115,-0.1349,0.1218,0.842,1.045,-585.6,162.5,,
s100_m3_combo,C2,q,0.45,TEST,2432,1324,1108,0,0,0.544,2432,0.963,-294.9,-0.0853,31.4,1324,1.012,50.4,-0.0399,32.8,1108,0.909,-345.4,-0.1395,29.7,0.0996,0.126,-0.1229,0.1263,0.865,1.064,-539.9,257.5,,
s100_m3_combo,B1_utc,q,0.45,TEST,2432,1105,964,363,0,0.454,2432,0.963,-294.9,-0.0853,31.4,1105,0.933,-246.3,-0.0708,31.7,964,0.984,-49.5,-0.1086,30.5,0.0379,0.599,-0.1431,0.1304,0.84,1.066,-538.9,220.9,,
s100_m3_combo,B2_lb2,q,0.45,TEST,2432,725,1707,0,0,0.298,2432,0.963,-294.9,-0.0853,31.4,725,0.922,-177.4,-0.1346,29.8,1707,0.98,-117.6,-0.0644,32.0,-0.0702,0.2945,-0.1378,0.1325,0.852,1.074,-604.7,296.3,,
s100_m3_combo,B2_lb5,q,0.45,TEST,2432,878,1554,0,0,0.361,2432,0.963,-294.9,-0.0853,31.4,878,0.913,-244.0,-0.1305,30.1,1554,0.99,-50.9,-0.0597,32.1,-0.0708,0.292,-0.1367,0.1362,0.859,1.069,-576.5,269.1,,
s100_m3_combo,B3_db0.05,q,0.45,TEST,2432,1973,241,218,0,0.811,2432,0.963,-294.9,-0.0853,31.4,1973,0.968,-208.1,-0.0871,31.3,241,0.909,-78.1,-0.159,28.6,0.0719,0.307,-0.1359,0.1338,0.853,1.068,-547.8,242.8,,
s100_m3_combo,B3_db0.10,q,0.45,TEST,2432,1778,162,492,0,0.731,2432,0.963,-294.9,-0.0853,31.4,1778,0.975,-148.4,-0.085,31.3,162,1.117,69.5,-0.0118,32.7,-0.0732,0.313,-0.1442,0.1411,0.873,1.106,-424.5,343.3,,
s100_m3_combo,B5_w2,q,0.45,TEST,2432,1305,1127,0,0,0.537,2432,0.963,-294.9,-0.0853,31.4,1305,0.959,-166.0,-0.0981,31.1,1127,0.967,-128.9,-0.0704,31.7,-0.0277,0.6605,-0.1273,0.1265,0.856,1.069,-558.3,270.6,,
s100_m3_combo,B1,q,0.7,ALL,4579,2108,2014,457,0,0.46,4579,0.818,-2473.7,-0.2248,30.6,2108,0.821,-1127.1,-0.2067,31.0,2014,0.805,-1149.0,-0.2252,30.6,0.0185,0.721,-0.0992,0.0981,0.745,0.88,-1572.1,-707.7,0.706,
s100_m3_combo,B2,q,0.7,ALL,4579,1517,3062,0,0,0.331,4579,0.818,-2473.7,-0.2248,30.6,1517,0.795,-915.2,-0.247,30.0,3062,0.829,-1558.5,-0.2138,30.9,-0.0332,0.4965,-0.0938,0.093,0.759,0.881,-1662.1,-799.8,0.5,
s100_m3_combo,B3,q,0.7,ALL,4579,3927,652,0,0,0.858,4579,0.818,-2473.7,-0.2248,30.6,3927,0.815,-2170.3,-0.2293,30.5,652,0.838,-303.4,-0.1978,31.1,-0.0315,0.499,-0.0881,0.0892,0.752,0.884,-1715.0,-775.8,0.622,
s100_m3_combo,B4,q,0.7,ALL,4579,2283,1959,337,0,0.499,4579,0.818,-2473.7,-0.2248,30.6,2283,0.806,-1298.5,-0.2254,30.7,1959,0.803,-1185.9,-0.2474,29.8,0.022,0.6425,-0.0939,0.0975,0.736,0.874,-1662.8,-793.5,0.648,
s100_m3_combo,B5,q,0.7,ALL,4579,2321,2258,0,0,0.507,4579,0.818,-2473.7,-0.2248,30.6,2321,0.812,-1264.8,-0.2276,30.6,2258,0.824,-1208.9,-0.2219,30.6,-0.0056,0.8975,-0.0916,0.0929,0.75,0.885,-1689.9,-783.9,0.918,
s100_m3_combo,B6,q,0.7,ALL,4579,1770,2424,385,0,0.387,4579,0.818,-2473.7,-0.2248,30.6,1770,0.808,-1033.2,-0.2182,30.7,2424,0.818,-1275.3,-0.2137,30.9,-0.0045,0.9175,-0.0939,0.0943,0.746,0.878,-1565.4,-746.4,0.928,
s100_m3_combo,C2,q,0.7,ALL,4579,2472,2091,0,16,0.54,4579,0.818,-2473.7,-0.2248,30.6,2472,0.844,-1114.9,-0.2078,31.2,2091,0.788,-1355.2,-0.2447,29.8,0.0369,0.425,-0.0905,0.0855,0.75,0.884,-1680.2,-780.8,0.45,
s100_m3_combo,B1_utc,q,0.7,ALL,4579,2040,1736,803,0,0.446,4579,0.818,-2473.7,-0.2248,30.6,2040,0.793,-1280.8,-0.2217,30.4,1736,0.835,-854.3,-0.236,30.3,0.0144,0.778,-0.0988,0.103,0.736,0.893,-1495.7,-617.7,,
s100_m3_combo,B2_lb2,q,0.7,ALL,4579,1346,3233,0,0,0.294,4579,0.818,-2473.7,-0.2248,30.6,1346,0.799,-770.6,-0.2393,30.4,3233,0.825,-1703.1,-0.2187,30.7,-0.0205,0.668,-0.0955,0.0902,0.745,0.885,-1744.4,-769.9,,
s100_m3_combo,B2_lb5,q,0.7,ALL,4579,1640,2939,0,0,0.358,4579,0.818,-2473.7,-0.2248,30.6,1640,0.786,-1030.1,-0.2531,29.7,2939,0.835,-1443.6,-0.209,31.1,-0.0441,0.333,-0.09,0.0934,0.758,0.885,-1687.6,-756.2,,
s100_m3_combo,B3_db0.05,q,0.7,ALL,4579,3686,469,400,24,0.805,4579,0.818,-2473.7,-0.2248,30.6,3686,0.823,-1948.9,-0.2223,30.7,469,0.804,-282.9,-0.2552,29.6,0.0329,0.4995,-0.0954,0.0926,0.753,0.891,-1553.6,-669.6,,
s100_m3_combo,B3_db0.10,q,0.7,ALL,4579,3362,325,868,24,0.734,4579,0.818,-2473.7,-0.2248,30.6,3362,0.821,-1822.1,-0.2325,30.3,325,0.961,-38.5,-0.1508,32.6,-0.0816,0.1035,-0.1019,0.0947,0.757,0.907,-1368.9,-526.9,,
s100_m3_combo,B5_w2,q,0.7,ALL,4579,2381,2192,6,0,0.52,4579,0.818,-2473.7,-0.2248,30.6,2381,0.813,-1278.2,-0.2407,30.3,2192,0.822,-1197.7,-0.2076,30.9,-0.0331,0.4745,-0.0899,0.0922,0.753,0.885,-1679.1,-787.3,,
s100_m3_combo,B1,q,0.7,TRAIN,2147,993,924,230,0,0.463,2147,0.696,-1570.8,-0.2961,29.9,993,0.731,-644.4,-0.2596,30.5,924,0.698,-664.6,-0.2942,30.5,0.0346,0.6195,-0.1418,0.1361,0.63,0.805,-863.0,-438.7,0.606,
s100_m3_combo,B2,q,0.7,TRAIN,2147,682,1465,0,0,0.318,2147,0.696,-1570.8,-0.2961,29.9,682,0.718,-451.8,-0.2564,31.4,1465,0.685,-1119.0,-0.3147,29.2,0.0583,0.352,-0.1258,0.1268,0.623,0.768,-1006.7,-576.9,0.408,
s100_m3_combo,B3,q,0.7,TRAIN,2147,1834,313,0,0,0.854,2147,0.696,-1570.8,-0.2961,29.9,1834,0.689,-1373.2,-0.3027,29.7,313,0.735,-197.6,-0.2574,31.0,-0.0453,0.4845,-0.127,0.1301,0.621,0.774,-1008.8,-559.7,0.616,
s100_m3_combo,B4,q,0.7,TRAIN,2147,1069,927,151,0,0.498,2147,0.696,-1570.8,-0.2961,29.9,1069,0.742,-633.7,-0.258,31.2,927,0.671,-772.5,-0.3251,28.9,0.0672,0.3275,-0.1324,0.1328,0.626,0.788,-927.3,-495.4,0.348,
s100_m3_combo,B5,q,0.7,TRAIN,2147,1059,1088,0,0,0.493,2147,0.696,-1570.8,-0.2961,29.9,1059,0.693,-751.0,-0.3133,29.7,1088,0.698,-819.8,-0.2795,30.1,-0.0338,0.611,-0.1256,0.1336,0.62,0.775,-992.3,-565.7,0.616,
s100_m3_combo,B6,q,0.7,TRAIN,2147,828,1127,192,0,0.386,2147,0.696,-1570.8,-0.2961,29.9,828,0.716,-568.1,-0.273,30.1,1127,0.712,-772.1,-0.2804,30.8,0.0074,0.9135,-0.1271,0.1271,0.639,0.789,-863.9,-476.6,0.918,
s100_m3_combo,C2,q,0.7,TRAIN,2147,1148,983,0,16,0.535,2147,0.696,-1570.8,-0.2961,29.9,1148,0.692,-834.4,-0.3139,29.5,983,0.697,-732.8,-0.2763,30.3,-0.0376,0.585,-0.1308,0.1263,0.617,0.772,-1005.6,-567.6,0.576,
s100_m3_combo,B1_utc,q,0.7,TRAIN,2147,935,772,440,0,0.435,2147,0.696,-1570.8,-0.2961,29.9,935,0.673,-758.3,-0.3106,29.1,772,0.692,-563.7,-0.2981,30.4,-0.0125,0.862,-0.1462,0.1466,0.602,0.764,-860.0,-466.8,,
s100_m3_combo,B2_lb2,q,0.7,TRAIN,2147,621,1526,0,0,0.289,2147,0.696,-1570.8,-0.2961,29.9,621,0.716,-412.0,-0.2665,31.4,1526,0.688,-1158.8,-0.3082,29.3,0.0417,0.5135,-0.1256,0.1164,0.623,0.766,-1004.9,-577.8,,
s100_m3_combo,B2_lb5,q,0.7,TRAIN,2147,762,1385,0,0,0.355,2147,0.696,-1570.8,-0.2961,29.9,762,0.693,-566.6,-0.3029,29.8,1385,0.697,-1004.2,-0.2924,30.0,-0.0104,0.8635,-0.1255,0.1219,0.623,0.765,-1003.3,-581.6,,
s100_m3_combo,B3_db0.05,q,0.7,TRAIN,2147,1713,228,182,24,0.798,2147,0.696,-1570.8,-0.2961,29.9,1713,0.696,-1247.6,-0.2906,30.1,228,0.735,-144.6,-0.2779,31.1,-0.0126,0.8415,-0.1345,0.127,0.618,0.779,-915.2,-488.7,,
s100_m3_combo,B3_db0.10,q,0.7,TRAIN,2147,1584,163,376,24,0.738,2147,0.696,-1570.8,-0.2961,29.9,1584,0.68,-1229.3,-0.3139,29.4,163,0.821,-67.5,-0.2194,33.1,-0.0945,0.162,-0.1364,0.1346,0.607,0.774,-862.0,-448.7,,
s100_m3_combo,B5_w2,q,0.7,TRAIN,2147,1076,1065,6,0,0.501,2147,0.696,-1570.8,-0.2961,29.9,1076,0.689,-786.0,-0.3197,29.4,1065,0.7,-787.0,-0.2731,30.4,-0.0465,0.481,-0.127,0.1289,0.62,0.774,-1006.1,-562.0,,
s100_m3_combo,B1,q,0.7,TEST,2432,1115,1090,227,0,0.458,2432,0.893,-902.9,-0.1618,31.2,1115,0.876,-482.7,-0.1595,31.5,1090,0.869,-484.4,-0.1667,30.7,0.0072,0.9235,-0.1365,0.1313,0.778,0.969,-844.2,-114.6,0.896,
s100_m3_combo,B2,q,0.7,TEST,2432,835,1597,0,0,0.343,2432,0.893,-902.9,-0.1618,31.2,835,0.838,-463.4,-0.2393,28.9,1597,0.921,-439.5,-0.1212,32.4,-0.1181,0.093,-0.1362,0.1391,0.804,0.992,-843.3,-31.4,0.088,
s100_m3_combo,B3,q,0.7,TEST,2432,2093,339,0,0,0.861,2432,0.893,-902.9,-0.1618,31.2,2093,0.891,-797.1,-0.1649,31.2,339,0.906,-105.8,-0.1426,31.3,-0.0222,0.736,-0.1221,0.1318,0.804,0.992,-825.7,-35.2,0.818,
s100_m3_combo,B4,q,0.7,TEST,2432,1214,1032,186,0,0.499,2432,0.893,-902.9,-0.1618,31.2,1214,0.843,-664.8,-0.1968,30.3,1032,0.887,-413.3,-0.1775,30.6,-0.0192,0.7715,-0.1347,0.1257,0.764,0.959,-915.6,-164.3,0.776,
s100_m3_combo,B5,q,0.7,TEST,2432,1262,1170,0,0,0.519,2432,0.893,-902.9,-0.1618,31.2,1262,0.88,-513.8,-0.1556,31.5,1170,0.906,-389.2,-0.1684,30.9,0.0128,0.846,-0.1245,0.1311,0.799,0.992,-840.3,-33.0,0.832,
s100_m3_combo,B6,q,0.7,TEST,2432,942,1297,193,0,0.387,2432,0.893,-902.9,-0.1618,31.2,942,0.862,-465.1,-0.17,31.3,1297,0.884,-503.3,-0.1557,31.1,-0.0143,0.83,-0.1284,0.125,0.782,0.965,-838.7,-129.0,0.848,
s100_m3_combo,C2,q,0.7,TEST,2432,1324,1108,0,0,0.544,2432,0.893,-902.9,-0.1618,31.2,1324,0.937,-280.6,-0.1158,32.7,1108,0.843,-622.4,-0.2167,29.4,0.1009,0.1275,-0.1323,0.1295,0.797,0.983,-837.0,-70.5,0.09,
s100_m3_combo,B1_utc,q,0.7,TEST,2432,1105,964,363,0,0.454,2432,0.893,-902.9,-0.1618,31.2,1105,0.865,-522.5,-0.1464,31.6,964,0.914,-290.5,-0.1863,30.2,0.0399,0.5685,-0.1369,0.1369,0.78,0.995,-784.5,-20.5,,
s100_m3_combo,B2_lb2,q,0.7,TEST,2432,725,1707,0,0,0.298,2432,0.893,-902.9,-0.1618,31.2,725,0.85,-358.6,-0.2159,29.5,1707,0.91,-544.3,-0.1388,31.9,-0.0772,0.2585,-0.1302,0.133,0.792,0.994,-884.8,-23.3,,
s100_m3_combo,B2_lb5,q,0.7,TEST,2432,878,1554,0,0,0.361,2432,0.893,-902.9,-0.1618,31.2,878,0.843,-463.5,-0.2098,29.6,1554,0.919,-439.4,-0.1346,32.1,-0.0752,0.248,-0.1279,0.1274,0.802,0.987,-850.3,-50.7,,
s100_m3_combo,B3_db0.05,q,0.7,TEST,2432,1973,241,218,0,0.811,2432,0.893,-902.9,-0.1618,31.2,1973,0.898,-701.3,-0.163,31.3,241,0.846,-138.3,-0.2338,28.2,0.0708,0.292,-0.1325,0.134,0.792,0.989,-805.7,-42.4,,
s100_m3_combo,B3_db0.10,q,0.7,TEST,2432,1778,162,492,0,0.731,2432,0.893,-902.9,-0.1618,31.2,1778,0.906,-592.9,-0.1599,31.2,162,1.047,29.0,-0.0818,32.1,-0.0781,0.294,-0.1397,0.1471,0.811,1.034,-656.2,115.2,,
s100_m3_combo,B5_w2,q,0.7,TEST,2432,1305,1127,0,0,0.537,2432,0.893,-902.9,-0.1618,31.2,1305,0.886,-492.3,-0.1757,31.0,1127,0.9,-410.7,-0.1457,31.4,-0.03,0.6625,-0.1295,0.1334,0.794,0.989,-855.9,-49.3,,
s12_m90_fade_bias,B1,mid,0.75,ALL,4089,1803,1870,416,0,0.441,4089,0.784,-1170.5,-0.1499,43.9,1803,0.805,-480.5,-0.1288,44.6,1870,0.777,-536.7,-0.1705,43.4,0.0417,0.3095,-0.0777,0.0743,0.715,0.869,-720.8,-302.2,,
s12_m90_fade_bias,B2,mid,0.75,ALL,4089,1543,2546,0,0,0.377,4089,0.784,-1170.5,-0.1499,43.9,1543,0.873,-233.4,-0.1132,46.1,2546,0.739,-937.1,-0.1722,42.7,0.059,0.1275,-0.0743,0.0749,0.713,0.859,-813.1,-361.4,,
s12_m90_fade_bias,B3,mid,0.75,ALL,4089,3020,1069,0,0,0.739,4089,0.784,-1170.5,-0.1499,43.9,3020,0.701,-1258.2,-0.1901,42.1,1069,1.073,87.7,-0.0364,49.2,-0.1536,0.0,-0.0753,0.0761,0.713,0.861,-812.9,-358.6,,
s12_m90_fade_bias,B4,mid,0.75,ALL,4089,1910,1864,315,0,0.467,4089,0.784,-1170.5,-0.1499,43.9,1910,0.722,-721.1,-0.1692,44.0,1864,0.824,-438.8,-0.146,44.2,-0.0231,0.574,-0.075,0.0788,0.701,0.85,-792.4,-369.5,,
s12_m90_fade_bias,B5,mid,0.75,ALL,4089,2085,2004,0,0,0.51,4089,0.784,-1170.5,-0.1499,43.9,2085,0.787,-586.7,-0.1382,45.0,2004,0.781,-583.8,-0.1621,42.8,0.0239,0.533,-0.0778,0.0765,0.712,0.862,-812.4,-355.8,,
s12_m90_fade_bias,B6,mid,0.75,ALL,4089,1325,2466,298,0,0.324,4089,0.784,-1170.5,-0.1499,43.9,1325,0.761,-453.8,-0.1461,43.1,2466,0.827,-531.8,-0.1404,44.8,-0.0057,0.883,-0.0733,0.0744,0.732,0.877,-695.0,-286.0,,
s12_m90_fade_bias,C2,mid,0.75,ALL,4089,2100,1966,0,23,0.514,4089,0.784,-1170.5,-0.1499,43.9,2100,0.766,-670.3,-0.1457,44.6,1966,0.803,-500.7,-0.155,43.1,0.0094,0.8115,-0.0733,0.0769,0.714,0.86,-807.2,-355.9,,
s12_m90_fade_bias,B1_utc,mid,0.75,ALL,4089,1762,1634,693,0,0.431,4089,0.784,-1170.5,-0.1499,43.9,1762,0.84,-382.3,-0.1157,46.1,1634,0.752,-527.6,-0.1814,42.4,0.0657,0.114,-0.0798,0.081,0.72,0.88,-662.9,-255.7,,
s12_m90_fade_bias,B2_lb2,mid,0.75,ALL,4089,1484,2605,0,0,0.363,4089,0.784,-1170.5,-0.1499,43.9,1484,0.869,-229.5,-0.113,46.4,2605,0.743,-941.0,-0.1709,42.6,0.0579,0.121,-0.0712,0.0717,0.717,0.857,-794.5,-367.0,,
s12_m90_fade_bias,B2_lb5,mid,0.75,ALL,4089,1632,2457,0,0,0.399,4089,0.784,-1170.5,-0.1499,43.9,1632,0.885,-217.7,-0.1175,45.8,2457,0.729,-952.8,-0.1714,42.7,0.0539,0.176,-0.0758,0.0792,0.71,0.865,-811.7,-348.4,,
s12_m90_fade_bias,B3_db0.05,mid,0.75,ALL,4089,2813,906,330,40,0.688,4089,0.784,-1170.5,-0.1499,43.9,2813,0.688,-1265.9,-0.2022,41.3,906,1.076,79.5,-0.0273,49.4,-0.1749,0.0,-0.0831,0.0857,0.694,0.85,-819.0,-351.1,,
s12_m90_fade_bias,B3_db0.10,mid,0.75,ALL,4089,2630,758,661,40,0.643,4089,0.784,-1170.5,-0.1499,43.9,2630,0.687,-1195.3,-0.2037,41.3,758,1.093,83.2,-0.0261,50.3,-0.1776,0.0,-0.0869,0.0869,0.686,0.849,-763.6,-336.5,,
s12_m90_fade_bias,B5_w2,mid,0.75,ALL,4089,2047,2035,7,0,0.501,4089,0.784,-1170.5,-0.1499,43.9,2047,0.768,-621.4,-0.1375,45.1,2035,0.799,-549.9,-0.1619,42.8,0.0244,0.5305,-0.0776,0.0766,0.71,0.864,-813.7,-346.7,,
s12_m90_fade_bias,B1,mid,0.75,TRAIN,1998,873,903,222,0,0.437,1998,0.67,-715.0,-0.1852,41.8,873,0.737,-245.8,-0.1397,43.9,903,0.677,-310.0,-0.1951,41.1,0.0554,0.277,-0.1046,0.101,0.608,0.807,-390.4,-172.6,,
s12_m90_fade_bias,B2,mid,0.75,TRAIN,1998,726,1272,0,0,0.363,1998,0.67,-715.0,-0.1852,41.8,726,0.826,-120.0,-0.1188,46.0,1272,0.598,-595.0,-0.2231,39.5,0.1043,0.0365,-0.0986,0.0983,0.58,0.762,-475.7,-243.9,,
s12_m90_fade_bias,B3,mid,0.75,TRAIN,1998,1496,502,0,0,0.749,1998,0.67,-715.0,-0.1852,41.8,1496,0.592,-713.5,-0.2236,39.6,502,0.996,-1.5,-0.0705,48.6,-0.1531,0.003,-0.0998,0.0999,0.581,0.768,-482.1,-231.1,,
s12_m90_fade_bias,B4,mid,0.75,TRAIN,1998,953,867,178,0,0.477,1998,0.67,-715.0,-0.1852,41.8,953,0.662,-360.2,-0.2005,42.3,867,0.675,-310.2,-0.1798,41.6,-0.0207,0.6975,-0.1029,0.0974,0.577,0.765,-447.8,-222.1,,
s12_m90_fade_bias,B5,mid,0.75,TRAIN,1998,1002,996,0,0,0.502,1998,0.67,-715.0,-0.1852,41.8,1002,0.633,-399.0,-0.1964,42.9,996,0.708,-316.0,-0.1739,40.8,-0.0226,0.661,-0.0919,0.0955,0.587,0.764,-472.8,-239.2,,
s12_m90_fade_bias,B6,mid,0.75,TRAIN,1998,658,1173,167,0,0.329,1998,0.67,-715.0,-0.1852,41.8,658,0.743,-191.7,-0.1272,43.2,1173,0.716,-332.3,-0.1741,42.5,0.0469,0.3675,-0.0984,0.1025,0.63,0.837,-372.0,-146.1,,
s12_m90_fade_bias,C2,mid,0.75,TRAIN,1998,1002,973,0,23,0.502,1998,0.67,-715.0,-0.1852,41.8,1002,0.636,-409.9,-0.2048,42.0,973,0.704,-305.5,-0.167,41.3,-0.0378,0.457,-0.0969,0.0971,0.582,0.762,-477.4,-242.2,,
s12_m90_fade_bias,B1_utc,mid,0.75,TRAIN,1998,857,770,371,0,0.429,1998,0.67,-715.0,-0.1852,41.8,857,0.693,-292.4,-0.1669,43.8,770,0.651,-284.5,-0.1994,40.4,0.0325,0.558,-0.1045,0.1056,0.581,0.777,-392.0,-187.4,,
s12_m90_fade_bias,B2_lb2,mid,0.75,TRAIN,1998,715,1283,0,0,0.358,1998,0.67,-715.0,-0.1852,41.8,715,0.828,-111.9,-0.121,46.0,1283,0.603,-603.1,-0.2209,39.5,0.0999,0.044,-0.0978,0.098,0.582,0.765,-476.9,-237.4,,
s12_m90_fade_bias,B2_lb5,mid,0.75,TRAIN,1998,796,1202,0,0,0.398,1998,0.67,-715.0,-0.1852,41.8,796,0.856,-107.5,-0.1137,45.1,1202,0.574,-607.5,-0.2325,39.7,0.1188,0.016,-0.0998,0.0996,0.58,0.767,-479.5,-235.6,,
s12_m90_fade_bias,B3_db0.05,mid,0.75,TRAIN,1998,1393,415,150,40,0.697,1998,0.67,-715.0,-0.1852,41.8,1393,0.576,-712.1,-0.2382,38.8,415,1.025,8.5,-0.0555,48.7,-0.1827,0.0,-0.1129,0.1086,0.556,0.752,-476.0,-233.3,,
s12_m90_fade_bias,B3_db0.10,mid,0.75,TRAIN,1998,1308,349,301,40,0.655,1998,0.67,-715.0,-0.1852,41.8,1308,0.572,-671.8,-0.237,39.0,349,0.947,-15.9,-0.0593,49.6,-0.1777,0.002,-0.1111,0.1176,0.534,0.737,-457.9,-225.6,,
s12_m90_fade_bias,B5_w2,mid,0.75,TRAIN,1998,966,1025,7,0,0.483,1998,0.67,-715.0,-0.1852,41.8,966,0.695,-311.0,-0.1607,43.3,1025,0.646,-404.8,-0.2075,40.5,0.0468,0.3355,-0.0986,0.0929,0.58,0.762,-476.0,-242.9,,
s12_m90_fade_bias,B1,mid,0.75,TEST,2091,930,967,194,0,0.445,2091,0.86,-455.5,-0.1162,46.0,930,0.846,-234.7,-0.1187,45.3,967,0.843,-226.7,-0.1475,45.6,0.0289,0.6615,-0.1207,0.1184,0.734,0.962,-415.6,-52.9,,
s12_m90_fade_bias,B2,mid,0.75,TEST,2091,817,1274,0,0,0.391,2091,0.86,-455.5,-0.1162,46.0,817,0.901,-113.3,-0.1082,46.1,1274,0.837,-342.2,-0.1213,45.8,0.0131,0.8215,-0.113,0.1156,0.758,0.973,-418.1,-39.7,,
s12_m90_fade_bias,B3,mid,0.75,TEST,2091,1524,567,0,0,0.729,2091,0.86,-455.5,-0.1162,46.0,1524,0.778,-544.7,-0.1571,44.6,567,1.113,89.2,-0.0063,49.7,-0.1508,0.013,-0.1112,0.1121,0.76,0.981,-419.7,-27.6,,
s12_m90_fade_bias,B4,mid,0.75,TEST,2091,957,997,137,0,0.458,2091,0.86,-455.5,-0.1162,46.0,957,0.764,-360.9,-0.138,45.7,997,0.916,-128.6,-0.1167,46.3,-0.0213,0.747,-0.121,0.1137,0.734,0.956,-432.6,-63.2,,
s12_m90_fade_bias,B5,mid,0.75,TEST,2091,1083,1008,0,0,0.518,2091,0.86,-455.5,-0.1162,46.0,1083,0.887,-187.7,-0.0843,47.0,1008,0.831,-267.8,-0.1505,44.8,0.0661,0.2615,-0.1134,0.1136,0.763,0.976,-418.5,-36.7,,
s12_m90_fade_bias,B6,mid,0.75,TEST,2091,667,1293,131,0,0.319,2091,0.86,-455.5,-0.1162,46.0,667,0.773,-262.1,-0.1648,43.0,1293,0.895,-199.5,-0.1099,46.8,-0.0549,0.321,-0.1077,0.1066,0.749,0.958,-402.8,-58.7,,
s12_m90_fade_bias,C2,mid,0.75,TEST,2091,1098,993,0,0,0.525,2091,0.86,-455.5,-0.1162,46.0,1098,0.851,-260.4,-0.0917,46.9,993,0.87,-195.1,-0.1433,44.9,0.0516,0.359,-0.1086,0.1066,0.761,0.975,-407.1,-37.7,,
s12_m90_fade_bias,B1_utc,mid,0.75,TEST,2091,905,864,322,0,0.433,2091,0.86,-455.5,-0.1162,46.0,905,0.937,-89.9,-0.0673,48.3,864,0.814,-243.1,-0.1654,44.1,0.0981,0.1245,-0.1226,0.1249,0.763,1.011,-348.7,13.4,,
s12_m90_fade_bias,B2_lb2,mid,0.75,TEST,2091,769,1322,0,0,0.368,2091,0.86,-455.5,-0.1162,46.0,769,0.894,-117.5,-0.1056,46.7,1322,0.842,-338.0,-0.1223,45.5,0.0167,0.745,-0.1119,0.1072,0.763,0.968,-411.1,-48.3,,
s12_m90_fade_bias,B2_lb5,mid,0.75,TEST,2091,836,1255,0,0,0.4,2091,0.86,-455.5,-0.1162,46.0,836,0.904,-110.2,-0.1211,46.4,1255,0.835,-345.3,-0.1129,45.7,-0.0082,0.9025,-0.123,0.1205,0.751,0.982,-433.9,-28.0,,
s12_m90_fade_bias,B3_db0.05,mid,0.75,TEST,2091,1420,491,180,0,0.679,2091,0.86,-455.5,-0.1162,46.0,1420,0.767,-553.8,-0.1668,43.7,491,1.102,71.1,-0.0035,50.1,-0.1634,0.01,-0.1213,0.1189,0.741,0.958,-426.8,-60.0,,
s12_m90_fade_bias,B3_db0.10,mid,0.75,TEST,2091,1322,409,360,0,0.632,2091,0.86,-455.5,-0.1162,46.0,1322,0.767,-523.5,-0.1707,43.6,409,1.166,99.1,0.0022,50.9,-0.1729,0.0095,-0.1278,0.1352,0.739,0.986,-400.0,-18.6,,
s12_m90_fade_bias,B5_w2,mid,0.75,TEST,2091,1081,1010,0,0,0.517,2091,0.86,-455.5,-0.1162,46.0,1081,0.813,-310.3,-0.1168,46.8,1010,0.909,-145.2,-0.1156,45.0,-0.0012,0.9835,-0.1198,0.1183,0.757,0.983,-418.1,-26.2,,
s12_m90_fade_bias,B1,mid,1.0,ALL,4089,1803,1870,416,0,0.441,4089,0.636,-2192.8,-0.2525,36.4,1803,0.659,-931.2,-0.2301,36.9,1870,0.626,-1004.2,-0.2736,36.3,0.0435,0.292,-0.0764,0.0785,0.581,0.707,-1189.3,-751.4,0.27,
s12_m90_fade_bias,B2,mid,1.0,ALL,4089,1543,2546,0,0,0.377,4089,0.636,-2192.8,-0.2525,36.4,1543,0.699,-619.1,-0.2172,37.8,2546,0.604,-1573.6,-0.2739,35.6,0.0568,0.1525,-0.0741,0.0749,0.579,0.699,-1325.7,-867.7,0.146,
s12_m90_fade_bias,B3,mid,1.0,ALL,4089,3020,1069,0,0,0.739,4089,0.636,-2192.8,-0.2525,36.4,3020,0.569,-2013.2,-0.2928,34.7,1069,0.867,-179.6,-0.1386,41.3,-0.1542,0.0,-0.0788,0.0765,0.578,0.699,-1326.7,-864.6,0.0,
s12_m90_fade_bias,B4,mid,1.0,ALL,4089,1910,1864,315,0,0.467,4089,0.636,-2192.8,-0.2525,36.4,1910,0.584,-1198.6,-0.2727,36.2,1864,0.673,-904.8,-0.2468,37.1,-0.0259,0.529,-0.0794,0.0785,0.567,0.691,-1273.3,-823.8,0.532,
s12_m90_fade_bias,B5,mid,1.0,ALL,4089,2085,2004,0,0,0.51,4089,0.636,-2192.8,-0.2525,36.4,2085,0.638,-1108.0,-0.2408,36.8,2004,0.634,-1084.8,-0.2647,36.0,0.024,0.5385,-0.0768,0.0766,0.575,0.698,-1331.3,-867.8,0.548,
s12_m90_fade_bias,B6,mid,1.0,ALL,4089,1325,2466,298,0,0.324,4089,0.636,-2192.8,-0.2525,36.4,1325,0.627,-785.1,-0.2468,35.4,2466,0.665,-1148.3,-0.2438,37.5,-0.003,0.9425,-0.0749,0.0764,0.589,0.718,-1192.2,-737.8,0.944,
s12_m90_fade_bias,C2,mid,1.0,ALL,4089,2100,1966,0,23,0.514,4089,0.636,-2192.8,-0.2525,36.4,2100,0.624,-1195.3,-0.2477,36.8,1966,0.65,-992.2,-0.258,36.0,0.0103,0.7955,-0.077,0.0771,0.575,0.703,-1337.1,-849.9,0.826,
s12_m90_fade_bias,B1_utc,mid,1.0,ALL,4089,1762,1634,693,0,0.431,4089,0.636,-2192.8,-0.2525,36.4,1762,0.689,-822.8,-0.2163,38.7,1634,0.606,-936.1,-0.2839,35.2,0.0676,0.1075,-0.0792,0.0829,0.586,0.72,-1092.5,-669.9,,
s12_m90_fade_bias,B2_lb2,mid,1.0,ALL,4089,1484,2605,0,0,0.363,4089,0.636,-2192.8,-0.2525,36.4,1484,0.695,-600.5,-0.217,37.7,2605,0.608,-1592.3,-0.2727,35.7,0.0557,0.1415,-0.0757,0.0746,0.58,0.696,-1327.8,-875.6,,
s12_m90_fade_bias,B2_lb5,mid,1.0,ALL,4089,1632,2457,0,0,0.399,4089,0.636,-2192.8,-0.2525,36.4,1632,0.707,-625.7,-0.2221,37.8,2457,0.598,-1567.1,-0.2727,35.5,0.0506,0.202,-0.0766,0.0832,0.575,0.703,-1328.2,-858.2,,
s12_m90_fade_bias,B3_db0.05,mid,1.0,ALL,4089,2813,906,330,40,0.688,4089,0.636,-2192.8,-0.2525,36.4,2813,0.562,-1969.1,-0.3045,34.3,906,0.874,-147.0,-0.1288,41.3,-0.1756,0.0,-0.0844,0.0808,0.565,0.69,-1295.2,-823.8,,
s12_m90_fade_bias,B3_db0.10,mid,1.0,ALL,4089,2630,758,661,40,0.643,4089,0.636,-2192.8,-0.2525,36.4,2630,0.561,-1852.8,-0.3056,34.5,758,0.893,-106.3,-0.1271,42.0,-0.1785,0.0,-0.0865,0.0848,0.559,0.693,-1201.7,-753.9,,
s12_m90_fade_bias,B5_w2,mid,1.0,ALL,4089,2047,2035,7,0,0.501,4089,0.636,-2192.8,-0.2525,36.4,2047,0.62,-1133.1,-0.2397,37.3,2035,0.652,-1058.7,-0.2649,35.6,0.0253,0.509,-0.0771,0.0773,0.576,0.696,-1326.6,-872.4,,
s12_m90_fade_bias,B1,mid,1.0,TRAIN,1998,873,903,222,0,0.437,1998,0.511,-1214.5,-0.2992,32.6,873,0.565,-464.0,-0.2518,33.7,903,0.513,-535.8,-0.3099,33.3,0.058,0.258,-0.0985,0.1033,0.46,0.617,-610.6,-391.2,0.286,
s12_m90_fade_bias,B2,mid,1.0,TRAIN,1998,726,1272,0,0,0.363,1998,0.511,-1214.5,-0.2992,32.6,726,0.621,-301.5,-0.2338,35.5,1272,0.459,-913.0,-0.3366,31.0,0.1028,0.041,-0.0985,0.0982,0.44,0.581,-730.7,-495.8,0.06,
s12_m90_fade_bias,B3,mid,1.0,TRAIN,1998,1496,502,0,0,0.749,1998,0.511,-1214.5,-0.2992,32.6,1496,0.455,-1087.5,-0.3381,30.7,502,0.74,-127.0,-0.1834,38.4,-0.1547,0.005,-0.1018,0.1023,0.438,0.586,-739.7,-477.8,0.012,
s12_m90_fade_bias,B4,mid,1.0,TRAIN,1998,953,867,178,0,0.477,1998,0.511,-1214.5,-0.2992,32.6,953,0.507,-598.5,-0.3149,32.9,867,0.516,-527.0,-0.2929,33.3,-0.0221,0.6735,-0.1038,0.1041,0.44,0.592,-682.1,-446.0,0.71,
s12_m90_fade_bias,B5,mid,1.0,TRAIN,1998,1002,996,0,0,0.502,1998,0.511,-1214.5,-0.2992,32.6,1002,0.478,-649.5,-0.3113,32.6,996,0.544,-565.0,-0.287,32.6,-0.0243,0.6215,-0.0951,0.0985,0.442,0.586,-729.7,-478.5,0.636,
s12_m90_fade_bias,B6,mid,1.0,TRAIN,1998,658,1173,167,0,0.329,1998,0.511,-1214.5,-0.2992,32.6,658,0.58,-356.2,-0.2384,33.0,1173,0.537,-625.5,-0.2895,34.1,0.051,0.312,-0.1022,0.0968,0.478,0.632,-611.0,-374.4,0.372,
s12_m90_fade_bias,C2,mid,1.0,TRAIN,1998,1002,973,0,23,0.502,1998,0.511,-1214.5,-0.2992,32.6,1002,0.486,-660.4,-0.3195,32.3,973,0.537,-548.8,-0.2801,32.9,-0.0394,0.4415,-0.1007,0.0951,0.437,0.586,-727.4,-482.5,0.422,
s12_m90_fade_bias,B1_utc,mid,1.0,TRAIN,1998,857,770,371,0,0.429,1998,0.511,-1214.5,-0.2992,32.6,857,0.532,-506.6,-0.2792,34.4,770,0.492,-477.0,-0.3122,32.6,0.033,0.5655,-0.1076,0.1056,0.435,0.596,-601.8,-380.2,,
s12_m90_fade_bias,B2_lb2,mid,1.0,TRAIN,1998,715,1283,0,0,0.358,1998,0.511,-1214.5,-0.2992,32.6,715,0.616,-290.7,-0.2356,35.2,1283,0.465,-923.8,-0.3347,31.2,0.0992,0.057,-0.1017,0.1002,0.437,0.588,-729.6,-477.1,,
s12_m90_fade_bias,B2_lb5,mid,1.0,TRAIN,1998,796,1202,0,0,0.398,1998,0.511,-1214.5,-0.2992,32.6,796,0.645,-306.5,-0.2282,35.1,1202,0.439,-908.0,-0.3463,31.0,0.118,0.0215,-0.0996,0.0989,0.434,0.59,-738.4,-475.6,,
s12_m90_fade_bias,B3_db0.05,mid,1.0,TRAIN,1998,1393,415,150,40,0.697,1998,0.511,-1214.5,-0.2992,32.6,1393,0.444,-1060.3,-0.352,30.2,415,0.763,-95.3,-0.1682,38.3,-0.1838,0.0015,-0.1124,0.1104,0.42,0.584,-712.6,-448.5,,
s12_m90_fade_bias,B3_db0.10,mid,1.0,TRAIN,1998,1308,349,301,40,0.655,1998,0.511,-1214.5,-0.2992,32.6,1308,0.44,-998.8,-0.3507,30.2,349,0.704,-103.1,-0.1723,38.1,-0.1785,0.0015,-0.1141,0.1122,0.405,0.564,-673.4,-423.5,,
s12_m90_fade_bias,B5_w2,mid,1.0,TRAIN,1998,966,1025,7,0,0.483,1998,0.511,-1214.5,-0.2992,32.6,966,0.527,-552.5,-0.2747,33.3,1025,0.495,-661.0,-0.3217,32.0,0.047,0.339,-0.0938,0.1017,0.438,0.587,-730.4,-476.3,,
s12_m90_fade_bias,B1,mid,1.0,TEST,2091,930,967,194,0,0.445,2091,0.724,-978.3,-0.2079,40.0,930,0.719,-467.2,-0.2098,40.0,967,0.704,-468.4,-0.2397,39.1,0.03,0.6115,-0.1228,0.1149,0.616,0.817,-668.7,-273.6,0.604,
s12_m90_fade_bias,B2,mid,1.0,TEST,2091,817,1274,0,0,0.391,2091,0.724,-978.3,-0.2079,40.0,817,0.748,-317.6,-0.2024,39.8,1274,0.711,-660.7,-0.2114,40.2,0.0089,0.8655,-0.1141,0.1152,0.635,0.819,-680.5,-300.9,0.88,
s12_m90_fade_bias,B3,mid,1.0,TEST,2091,1524,567,0,0,0.729,2091,0.724,-978.3,-0.2079,40.0,1524,0.655,-925.7,-0.2484,38.6,567,0.939,-52.5,-0.0989,43.9,-0.1495,0.006,-0.1115,0.1158,0.636,0.824,-701.4,-281.4,0.018,
s12_m90_fade_bias,B4,mid,1.0,TEST,2091,957,997,137,0,0.458,2091,0.724,-978.3,-0.2079,40.0,957,0.641,-600.1,-0.2307,39.4,997,0.775,-377.8,-0.2067,40.3,-0.0239,0.705,-0.1203,0.12,0.616,0.808,-683.3,-298.4,0.7,
s12_m90_fade_bias,B5,mid,1.0,TEST,2091,1083,1008,0,0,0.518,2091,0.724,-978.3,-0.2079,40.0,1083,0.748,-458.4,-0.1755,40.6,1008,0.699,-519.8,-0.2427,39.4,0.0672,0.2495,-0.109,0.1208,0.639,0.825,-683.7,-287.7,0.228,
s12_m90_fade_bias,B6,mid,1.0,TEST,2091,667,1293,131,0,0.319,2091,0.724,-978.3,-0.2079,40.0,667,0.658,-428.9,-0.2551,37.8,1293,0.748,-522.7,-0.2024,40.6,-0.0528,0.349,-0.1096,0.1103,0.632,0.811,-660.1,-289.2,0.378,
s12_m90_fade_bias,C2,mid,1.0,TEST,2091,1098,993,0,0,0.525,2091,0.724,-978.3,-0.2079,40.0,1098,0.718,-534.9,-0.1821,40.9,993,0.731,-443.4,-0.2364,39.1,0.0543,0.371,-0.1126,0.1148,0.639,0.818,-683.0,-299.4,0.35,
s12_m90_fade_bias,B1_utc,mid,1.0,TEST,2091,905,864,322,0,0.433,2091,0.724,-978.3,-0.2079,40.0,905,0.798,-316.1,-0.1567,42.8,864,0.681,-459.1,-0.2587,37.5,0.102,0.113,-0.1324,0.1196,0.64,0.852,-575.0,-205.2,,
s12_m90_fade_bias,B2_lb2,mid,1.0,TEST,2091,769,1322,0,0,0.368,2091,0.724,-978.3,-0.2079,40.0,769,0.745,-309.8,-0.1998,39.9,1322,0.714,-668.5,-0.2126,40.1,0.0128,0.8055,-0.1071,0.1131,0.646,0.813,-663.8,-300.9,,
s12_m90_fade_bias,B2_lb5,mid,1.0,TEST,2091,836,1255,0,0,0.4,2091,0.724,-978.3,-0.2079,40.0,836,0.748,-319.2,-0.2162,40.4,1255,0.711,-659.1,-0.2023,39.8,-0.0139,0.8155,-0.1226,0.1254,0.633,0.826,-690.2,-284.5,,
s12_m90_fade_bias,B3_db0.05,mid,1.0,TEST,2091,1420,491,180,0,0.679,2091,0.724,-978.3,-0.2079,40.0,1420,0.649,-908.8,-0.2578,38.4,491,0.932,-51.7,-0.0956,43.8,-0.1623,0.009,-0.1256,0.1253,0.622,0.811,-678.4,-294.0,,
s12_m90_fade_bias,B3_db0.10,mid,1.0,TEST,2091,1322,409,360,0,0.632,2091,0.724,-978.3,-0.2079,40.0,1322,0.65,-854.0,-0.261,38.7,409,0.995,-3.2,-0.0886,45.2,-0.1724,0.012,-0.1368,0.1275,0.627,0.831,-617.1,-242.0,,
s12_m90_fade_bias,B5_w2,mid,1.0,TEST,2091,1081,1010,0,0,0.517,2091,0.724,-978.3,-0.2079,40.0,1081,0.68,-580.6,-0.2083,40.8,1010,0.771,-397.7,-0.2074,39.2,-0.001,0.99,-0.1254,0.1091,0.632,0.82,-692.3,-296.6,,
s12_m90_fade_bias,B1,q,0.45,ALL,4089,1803,1870,416,0,0.441,4089,0.799,-1134.2,-0.1258,50.6,1803,0.789,-548.9,-0.115,50.4,1870,0.832,-413.8,-0.1333,51.2,0.0183,0.6475,-0.0785,0.0791,0.723,0.903,-736.6,-232.1,,
s12_m90_fade_bias,B2,q,0.45,ALL,4089,1543,2546,0,0,0.377,4089,0.799,-1134.2,-0.1258,50.6,1543,0.965,-64.8,-0.0762,53.0,2546,0.72,-1069.4,-0.1559,49.1,0.0796,0.0405,-0.0777,0.0719,0.723,0.88,-815.4,-320.3,,
s12_m90_fade_bias,B3,q,0.45,ALL,4089,3020,1069,0,0,0.739,4089,0.799,-1134.2,-0.1258,50.6,3020,0.709,-1282.2,-0.1656,48.5,1069,1.119,148.0,-0.0133,56.5,-0.1523,0.0005,-0.0748,0.0809,0.722,0.898,-829.7,-273.1,,
s12_m90_fade_bias,B4,q,0.45,ALL,4089,1910,1864,315,0,0.467,4089,0.799,-1134.2,-0.1258,50.6,1910,0.749,-665.3,-0.1424,49.7,1864,0.82,-480.2,-0.1259,50.8,-0.0165,0.6825,-0.0753,0.0797,0.707,0.875,-825.9,-312.0,,
s12_m90_fade_bias,B5,q,0.45,ALL,4089,2085,2004,0,0,0.51,4089,0.799,-1134.2,-0.1258,50.6,2085,0.825,-499.4,-0.1081,51.0,2004,0.774,-634.8,-0.1443,50.1,0.0362,0.349,-0.0743,0.077,0.723,0.886,-819.0,-299.9,,
s12_m90_fade_bias,B6,q,0.45,ALL,4089,1325,2466,298,0,0.324,4089,0.799,-1134.2,-0.1258,50.6,1325,0.754,-488.6,-0.1243,49.7,2466,0.863,-435.1,-0.1127,51.9,-0.0116,0.758,-0.073,0.0765,0.744,0.909,-692.2,-219.9,,
s12_m90_fade_bias,C2,q,0.45,ALL,4089,2100,1966,0,23,0.514,4089,0.799,-1134.2,-0.1258,50.6,2100,0.794,-610.6,-0.1144,50.7,1966,0.804,-525.6,-0.1385,50.3,0.0241,0.5305,-0.0717,0.0734,0.724,0.882,-826.8,-312.8,,
s12_m90_fade_bias,B1_utc,q,0.45,ALL,4089,1762,1634,693,0,0.431,4089,0.799,-1134.2,-0.1258,50.6,1762,0.814,-477.5,-0.1039,51.3,1634,0.799,-436.1,-0.1499,50.1,0.046,0.2655,-0.0864,0.0814,0.724,0.904,-692.6,-210.9,,
s12_m90_fade_bias,B2_lb2,q,0.45,ALL,4089,1484,2605,0,0,0.363,4089,0.799,-1134.2,-0.1258,50.6,1484,0.918,-147.0,-0.0942,53.1,2605,0.744,-987.2,-0.1439,49.1,0.0497,0.165,-0.0706,0.07,0.729,0.874,-799.0,-335.8,,
s12_m90_fade_bias,B2_lb5,q,0.45,ALL,4089,1632,2457,0,0,0.399,4089,0.799,-1134.2,-0.1258,50.6,1632,0.936,-125.9,-0.0917,53.2,2457,0.728,-1008.3,-0.1485,48.8,0.0568,0.145,-0.0769,0.0734,0.721,0.881,-824.3,-322.3,,
s12_m90_fade_bias,B3_db0.05,q,0.45,ALL,4089,2813,906,330,40,0.688,4089,0.799,-1134.2,-0.1258,50.6,2813,0.694,-1301.1,-0.1763,47.5,906,1.141,150.4,0.008,57.2,-0.1843,0.0,-0.0834,0.0854,0.701,0.878,-830.2,-308.8,,
s12_m90_fade_bias,B3_db0.10,q,0.45,ALL,4089,2630,758,661,40,0.643,4089,0.799,-1134.2,-0.1258,50.6,2630,0.688,-1250.2,-0.1789,47.5,758,1.144,132.4,0.0065,57.3,-0.1854,0.0,-0.0852,0.0869,0.688,0.872,-816.3,-293.1,,
s12_m90_fade_bias,B5_w2,q,0.45,ALL,4089,2047,2035,7,0,0.501,4089,0.799,-1134.2,-0.1258,50.6,2047,0.797,-563.5,-0.119,51.6,2035,0.801,-573.6,-0.1327,49.5,0.0137,0.7205,-0.074,0.0753,0.719,0.881,-834.7,-317.8,,
s12_m90_fade_bias,B1,q,0.45,TRAIN,1998,873,903,222,0,0.437,1998,0.707,-661.4,-0.1633,49.8,873,0.747,-251.4,-0.1201,51.1,903,0.724,-273.7,-0.1765,49.6,0.0564,0.2545,-0.0964,0.095,0.651,0.828,-364.0,-161.0,,
s12_m90_fade_bias,B2,q,0.45,TRAIN,1998,726,1272,0,0,0.363,1998,0.707,-661.4,-0.1633,49.8,726,0.82,-133.7,-0.1227,52.3,1272,0.651,-527.7,-0.1865,48.3,0.0638,0.1925,-0.0904,0.0934,0.626,0.799,-452.7,-214.7,,
s12_m90_fade_bias,B3,q,0.45,TRAIN,1998,1496,502,0,0,0.749,1998,0.707,-661.4,-0.1633,49.8,1496,0.623,-682.3,-0.2038,47.5,502,1.047,20.9,-0.0425,56.6,-0.1614,0.0005,-0.0952,0.1034,0.621,0.809,-458.6,-199.1,,
s12_m90_fade_bias,B4,q,0.45,TRAIN,1998,953,867,178,0,0.477,1998,0.707,-661.4,-0.1633,49.8,953,0.748,-263.9,-0.1532,49.4,867,0.656,-361.7,-0.185,48.9,0.0318,0.5175,-0.0935,0.0995,0.618,0.794,-430.7,-199.2,,
s12_m90_fade_bias,B5,q,0.45,TRAIN,1998,1002,996,0,0,0.502,1998,0.707,-661.4,-0.1633,49.8,1002,0.711,-319.1,-0.1537,49.7,996,0.704,-342.4,-0.1729,49.9,0.0192,0.673,-0.0913,0.0909,0.626,0.795,-447.3,-215.1,,
s12_m90_fade_bias,B6,q,0.45,TRAIN,1998,658,1173,167,0,0.329,1998,0.707,-661.4,-0.1633,49.8,658,0.761,-185.6,-0.1017,51.8,1173,0.753,-305.0,-0.1591,50.5,0.0574,0.241,-0.0926,0.0904,0.665,0.86,-359.1,-127.2,,
s12_m90_fade_bias,C2,q,0.45,TRAIN,1998,1002,973,0,23,0.502,1998,0.707,-661.4,-0.1633,49.8,1002,0.697,-344.0,-0.172,49.0,973,0.712,-319.4,-0.1563,50.3,-0.0157,0.7285,-0.0958,0.0924,0.62,0.794,-450.7,-214.8,,
s12_m90_fade_bias,B1_utc,q,0.45,TRAIN,1998,857,770,371,0,0.429,1998,0.707,-661.4,-0.1633,49.8,857,0.722,-277.8,-0.1407,51.0,770,0.66,-297.7,-0.1984,48.4,0.0577,0.267,-0.1021,0.1012,0.608,0.791,-397.6,-180.1,,
s12_m90_fade_bias,B2_lb2,q,0.45,TRAIN,1998,715,1283,0,0,0.358,1998,0.707,-661.4,-0.1633,49.8,715,0.824,-125.3,-0.117,53.7,1283,0.653,-536.1,-0.1891,47.6,0.0721,0.1655,-0.099,0.1003,0.619,0.805,-449.6,-202.9,,
s12_m90_fade_bias,B2_lb5,q,0.45,TRAIN,1998,796,1202,0,0,0.398,1998,0.707,-661.4,-0.1633,49.8,796,0.864,-109.1,-0.1101,53.3,1202,0.62,-552.3,-0.1985,47.5,0.0883,0.072,-0.0941,0.0983,0.623,0.801,-453.1,-208.9,,
s12_m90_fade_bias,B3_db0.05,q,0.45,TRAIN,1998,1393,415,150,40,0.697,1998,0.707,-661.4,-0.1633,49.8,1393,0.61,-674.1,-0.2136,46.9,415,1.124,44.1,-0.0068,57.3,-0.2067,0.0,-0.1069,0.1076,0.609,0.797,-436.8,-190.2,,
s12_m90_fade_bias,B3_db0.10,q,0.45,TRAIN,1998,1308,349,301,40,0.655,1998,0.707,-661.4,-0.1633,49.8,1308,0.605,-639.0,-0.2123,47.0,349,1.01,3.3,-0.0218,57.0,-0.1905,0.0,-0.1089,0.11,0.585,0.774,-440.8,-197.5,,
s12_m90_fade_bias,B5_w2,q,0.45,TRAIN,1998,966,1025,7,0,0.483,1998,0.707,-661.4,-0.1633,49.8,966,0.75,-261.8,-0.1323,51.4,1025,0.666,-402.5,-0.1927,48.3,0.0604,0.206,-0.0891,0.0959,0.623,0.798,-448.5,-213.9,,
s12_m90_fade_bias,B1,q,0.45,TEST,2091,930,967,194,0,0.445,2091,0.861,-472.7,-0.09,51.3,930,0.815,-297.5,-0.1102,49.8,967,0.905,-140.0,-0.093,52.6,-0.0172,0.7905,-0.1242,0.1243,0.736,1.008,-436.9,10.3,,
s12_m90_fade_bias,B2,q,0.45,TEST,2091,817,1274,0,0,0.391,2091,0.861,-472.7,-0.09,51.3,817,1.063,68.9,-0.0349,53.6,1274,0.765,-541.7,-0.1253,49.8,0.0904,0.14,-0.1229,0.1179,0.745,0.991,-462.4,-13.4,,
s12_m90_fade_bias,B3,q,0.45,TEST,2091,1524,567,0,0,0.729,2091,0.861,-472.7,-0.09,51.3,1524,0.769,-599.9,-0.1281,49.4,567,1.159,127.1,0.0125,56.4,-0.1406,0.019,-0.1132,0.1144,0.745,0.998,-467.0,-3.1,,
s12_m90_fade_bias,B4,q,0.45,TEST,2091,957,997,137,0,0.458,2091,0.861,-472.7,-0.09,51.3,957,0.749,-401.4,-0.1316,49.9,997,0.927,-118.5,-0.0745,52.5,-0.0571,0.362,-0.1143,0.1286,0.72,0.985,-486.7,-22.4,,
s12_m90_fade_bias,B5,q,0.45,TEST,2091,1083,1008,0,0,0.518,2091,0.861,-472.7,-0.09,51.3,1083,0.897,-180.4,-0.0659,52.3,1008,0.823,-292.4,-0.116,50.3,0.0501,0.381,-0.1226,0.1126,0.742,0.99,-477.6,-15.7,,
s12_m90_fade_bias,B6,q,0.45,TEST,2091,667,1293,131,0,0.319,2091,0.861,-472.7,-0.09,51.3,667,0.749,-303.0,-0.1467,47.7,1293,0.933,-130.1,-0.0707,53.1,-0.076,0.1855,-0.1067,0.1099,0.753,0.996,-414.0,-5.4,,
s12_m90_fade_bias,C2,q,0.45,TEST,2091,1098,993,0,0,0.525,2091,0.861,-472.7,-0.09,51.3,1098,0.854,-266.6,-0.0619,52.3,993,0.869,-206.2,-0.1211,50.3,0.0591,0.3525,-0.117,0.1197,0.74,1.006,-471.5,8.6,,
s12_m90_fade_bias,B1_utc,q,0.45,TEST,2091,905,864,322,0,0.433,2091,0.861,-472.7,-0.09,51.3,905,0.872,-199.7,-0.069,51.6,864,0.893,-138.4,-0.1066,51.5,0.0376,0.5685,-0.1196,0.133,0.749,1.039,-378.0,51.7,,
s12_m90_fade_bias,B2_lb2,q,0.45,TEST,2091,769,1322,0,0,0.368,2091,0.861,-472.7,-0.09,51.3,769,0.98,-21.7,-0.0729,52.5,1322,0.805,-451.1,-0.0999,50.6,0.027,0.6115,-0.1057,0.1036,0.76,0.976,-440.8,-37.0,,
s12_m90_fade_bias,B2_lb5,q,0.45,TEST,2091,836,1255,0,0,0.4,2091,0.861,-472.7,-0.09,51.3,836,0.985,-16.8,-0.0741,53.2,1255,0.797,-456.0,-0.1006,50.0,0.0265,0.682,-0.116,0.1198,0.741,0.999,-463.9,-1.5,,
s12_m90_fade_bias,B3_db0.05,q,0.45,TEST,2091,1420,491,180,0,0.679,2091,0.861,-472.7,-0.09,51.3,1420,0.751,-627.0,-0.1398,48.0,491,1.15,106.4,0.0205,57.0,-0.1603,0.0125,-0.1238,0.1243,0.721,0.975,-484.2,-34.7,,
s12_m90_fade_bias,B3_db0.10,q,0.45,TEST,2091,1322,409,360,0,0.632,2091,0.861,-472.7,-0.09,51.3,1322,0.745,-611.2,-0.1458,48.0,409,1.214,129.0,0.0307,57.5,-0.1765,0.01,-0.1309,0.1383,0.714,0.999,-464.6,-0.7,,
s12_m90_fade_bias,B5_w2,q,0.45,TEST,2091,1081,1010,0,0,0.517,2091,0.861,-472.7,-0.09,51.3,1081,0.825,-301.7,-0.1071,51.8,1010,0.898,-171.0,-0.0718,50.8,-0.0353,0.5605,-0.1214,0.1158,0.745,0.995,-469.7,-8.8,,
s12_m90_fade_bias,B1,q,0.7,ALL,4089,1803,1870,416,0,0.441,4089,0.653,-2156.4,-0.2284,41.6,1803,0.649,-999.7,-0.2163,41.9,1870,0.676,-881.3,-0.2364,41.4,0.0201,0.6325,-0.0814,0.079,0.59,0.74,-1190.9,-690.2,0.6,
s12_m90_fade_bias,B2,q,0.7,ALL,4089,1543,2546,0,0,0.377,4089,0.653,-2156.4,-0.2284,41.6,1543,0.779,-450.5,-0.1802,43.9,2546,0.591,-1705.9,-0.2576,40.2,0.0774,0.054,-0.0785,0.0773,0.589,0.722,-1339.4,-817.0,0.052,
s12_m90_fade_bias,B3,q,0.7,ALL,4089,3020,1069,0,0,0.739,4089,0.653,-2156.4,-0.2284,41.6,3020,0.578,-2037.2,-0.2684,39.8,1069,0.914,-119.2,-0.1155,46.8,-0.1529,0.0005,-0.078,0.0774,0.586,0.727,-1360.4,-803.0,0.0,
s12_m90_fade_bias,B4,q,0.7,ALL,4089,1910,1864,315,0,0.467,4089,0.653,-2156.4,-0.2284,41.6,1910,0.607,-1142.8,-0.2459,41.6,1864,0.676,-946.2,-0.2267,41.6,-0.0193,0.625,-0.0759,0.0788,0.578,0.717,-1293.2,-778.0,0.62,
s12_m90_fade_bias,B5,q,0.7,ALL,4089,2085,2004,0,0,0.51,4089,0.653,-2156.4,-0.2284,41.6,2085,0.674,-1020.7,-0.2107,42.5,2004,0.631,-1135.8,-0.2469,40.7,0.0363,0.3575,-0.0769,0.0756,0.584,0.726,-1357.3,-799.8,0.374,
s12_m90_fade_bias,B6,q,0.7,ALL,4089,1325,2466,298,0,0.324,4089,0.653,-2156.4,-0.2284,41.6,1325,0.622,-819.8,-0.2251,41.2,2466,0.701,-1051.6,-0.2161,42.4,-0.009,0.8105,-0.0752,0.0705,0.602,0.743,-1182.4,-685.0,0.806,
s12_m90_fade_bias,C2,q,0.7,ALL,4089,2100,1966,0,23,0.514,4089,0.653,-2156.4,-0.2284,41.6,2100,0.65,-1135.6,-0.2164,42.4,1966,0.656,-1017.1,-0.2415,40.7,0.025,0.5295,-0.0768,0.073,0.584,0.724,-1346.8,-801.9,0.548,
s12_m90_fade_bias,B1_utc,q,0.7,ALL,4089,1762,1634,693,0,0.431,4089,0.653,-2156.4,-0.2284,41.6,1762,0.672,-918.0,-0.2045,43.1,1634,0.647,-844.6,-0.2524,40.3,0.0479,0.255,-0.0806,0.0817,0.589,0.74,-1132.5,-634.1,,
s12_m90_fade_bias,B2_lb2,q,0.7,ALL,4089,1484,2605,0,0,0.363,4089,0.653,-2156.4,-0.2284,41.6,1484,0.739,-518.0,-0.1981,43.7,2605,0.612,-1638.4,-0.2457,40.4,0.0475,0.179,-0.0682,0.0696,0.595,0.715,-1320.9,-843.2,,
s12_m90_fade_bias,B2_lb5,q,0.7,ALL,4089,1632,2457,0,0,0.399,4089,0.653,-2156.4,-0.2284,41.6,1632,0.754,-533.9,-0.1963,43.4,2457,0.599,-1622.5,-0.2498,40.4,0.0535,0.173,-0.0779,0.0796,0.583,0.731,-1354.5,-799.5,,
s12_m90_fade_bias,B3_db0.05,q,0.7,ALL,4089,2813,906,330,40,0.688,4089,0.653,-2156.4,-0.2284,41.6,2813,0.569,-2004.3,-0.2786,38.8,906,0.935,-76.1,-0.0935,47.6,-0.1851,0.0,-0.0859,0.0835,0.573,0.714,-1312.9,-780.0,,
s12_m90_fade_bias,B3_db0.10,q,0.7,ALL,4089,2630,758,661,40,0.643,4089,0.653,-2156.4,-0.2284,41.6,2630,0.565,-1907.7,-0.2808,38.9,758,0.944,-57.1,-0.0945,48.3,-0.1863,0.0,-0.0857,0.0881,0.566,0.715,-1250.8,-714.1,,
s12_m90_fade_bias,B5_w2,q,0.7,ALL,4089,2047,2035,7,0,0.501,4089,0.653,-2156.4,-0.2284,41.6,2047,0.647,-1075.2,-0.2211,42.6,2035,0.657,-1082.3,-0.2357,40.6,0.0146,0.7055,-0.0749,0.0779,0.587,0.726,-1353.3,-804.9,,
s12_m90_fade_bias,B1,q,0.7,TRAIN,1998,873,903,222,0,0.437,1998,0.542,-1160.9,-0.2773,39.5,873,0.577,-469.7,-0.2323,41.0,903,0.555,-499.5,-0.2912,38.5,0.059,0.2455,-0.1002,0.0988,0.494,0.644,-599.4,-371.7,0.294,
s12_m90_fade_bias,B2,q,0.7,TRAIN,1998,726,1272,0,0,0.363,1998,0.542,-1160.9,-0.2773,39.5,726,0.625,-315.2,-0.2377,42.7,1272,0.501,-845.7,-0.3,37.7,0.0623,0.217,-0.1008,0.0973,0.472,0.614,-705.9,-452.8,0.28,
s12_m90_fade_bias,B3,q,0.7,TRAIN,1998,1496,502,0,0,0.749,1998,0.542,-1160.9,-0.2773,39.5,1496,0.479,-1056.3,-0.3183,37.2,502,0.794,-104.6,-0.1554,46.2,-0.1629,0.0005,-0.0973,0.1018,0.477,0.617,-722.5,-441.4,0.01,
s12_m90_fade_bias,B4,q,0.7,TRAIN,1998,953,867,178,0,0.477,1998,0.542,-1160.9,-0.2773,39.5,953,0.575,-502.2,-0.2676,40.5,867,0.507,-578.5,-0.2981,38.4,0.0305,0.5535,-0.094,0.0985,0.474,0.616,-662.5,-418.7,0.6,
s12_m90_fade_bias,B5,q,0.7,TRAIN,1998,1002,996,0,0,0.502,1998,0.542,-1160.9,-0.2773,39.5,1002,0.541,-569.6,-0.2686,40.4,996,0.544,-591.4,-0.2861,38.6,0.0175,0.707,-0.099,0.0906,0.476,0.612,-702.5,-456.2,0.768,
s12_m90_fade_bias,B6,q,0.7,TRAIN,1998,658,1173,167,0,0.329,1998,0.542,-1160.9,-0.2773,39.5,658,0.596,-350.1,-0.2129,41.3,1173,0.572,-598.3,-0.2745,39.8,0.0616,0.2155,-0.0956,0.0961,0.51,0.662,-596.2,-351.4,0.296,
s12_m90_fade_bias,C2,q,0.7,TRAIN,1998,1002,973,0,23,0.502,1998,0.542,-1160.9,-0.2773,39.5,1002,0.535,-594.5,-0.2866,39.6,973,0.548,-562.6,-0.2693,39.2,-0.0173,0.7325,-0.0975,0.0951,0.472,0.613,-703.7,-451.5,0.73,
s12_m90_fade_bias,B1_utc,q,0.7,TRAIN,1998,857,770,371,0,0.429,1998,0.542,-1160.9,-0.2773,39.5,857,0.559,-492.0,-0.253,41.3,770,0.503,-490.2,-0.3113,37.1,0.0582,0.2745,-0.1029,0.1041,0.46,0.609,-606.2,-375.6,,
s12_m90_fade_bias,B2_lb2,q,0.7,TRAIN,1998,715,1283,0,0,0.358,1998,0.542,-1160.9,-0.2773,39.5,715,0.622,-304.1,-0.2315,42.8,1283,0.505,-856.9,-0.3029,37.6,0.0714,0.1435,-0.093,0.0976,0.477,0.619,-704.6,-454.8,,
s12_m90_fade_bias,B2_lb5,q,0.7,TRAIN,1998,796,1202,0,0,0.398,1998,0.542,-1160.9,-0.2773,39.5,796,0.661,-308.1,-0.2246,42.2,1202,0.476,-852.8,-0.3122,37.7,0.0876,0.0755,-0.1005,0.0938,0.474,0.619,-710.7,-454.1,,
s12_m90_fade_bias,B3_db0.05,q,0.7,TRAIN,1998,1393,415,150,40,0.697,1998,0.542,-1160.9,-0.2773,39.5,1393,0.471,-1022.4,-0.3274,36.5,415,0.853,-59.7,-0.1195,47.0,-0.2078,0.0,-0.1147,0.1094,0.46,0.616,-677.6,-404.7,,
s12_m90_fade_bias,B3_db0.10,q,0.7,TRAIN,1998,1308,349,301,40,0.655,1998,0.542,-1160.9,-0.2773,39.5,1308,0.465,-966.0,-0.326,36.8,349,0.767,-83.9,-0.1348,47.3,-0.1912,0.0,-0.11,0.1106,0.444,0.593,-651.1,-402.9,,
s12_m90_fade_bias,B5_w2,q,0.7,TRAIN,1998,966,1025,7,0,0.483,1998,0.542,-1160.9,-0.2773,39.5,966,0.573,-503.3,-0.2462,40.7,1025,0.513,-658.8,-0.3068,38.3,0.0606,0.226,-0.0933,0.092,0.473,0.609,-704.1,-461.6,,
s12_m90_fade_bias,B1,q,0.7,TEST,2091,930,967,194,0,0.445,2091,0.729,-995.5,-0.1817,43.6,930,0.694,-530.0,-0.2013,42.8,967,0.761,-381.8,-0.1852,44.2,-0.0161,0.8145,-0.1252,0.1283,0.618,0.852,-672.4,-224.7,0.804,
s12_m90_fade_bias,B2,q,0.7,TEST,2091,817,1274,0,0,0.391,2091,0.729,-995.5,-0.1817,43.6,817,0.887,-135.3,-0.1292,45.0,1274,0.653,-860.2,-0.2154,42.7,0.0862,0.167,-0.1147,0.1202,0.624,0.845,-743.2,-259.7,0.138,
s12_m90_fade_bias,B3,q,0.7,TEST,2091,1524,567,0,0,0.729,2091,0.729,-995.5,-0.1817,43.6,1524,0.65,-980.9,-0.2195,42.3,567,0.983,-14.6,-0.0801,47.3,-0.1393,0.016,-0.12,0.1163,0.626,0.846,-736.8,-254.4,0.022,
s12_m90_fade_bias,B4,q,0.7,TEST,2091,957,997,137,0,0.458,2091,0.729,-995.5,-0.1817,43.6,957,0.629,-640.6,-0.2242,42.7,997,0.789,-367.7,-0.1645,44.4,-0.0598,0.327,-0.1241,0.1165,0.604,0.825,-755.1,-275.1,0.314,
s12_m90_fade_bias,B5,q,0.7,TEST,2091,1083,1008,0,0,0.518,2091,0.729,-995.5,-0.1817,43.6,1083,0.761,-451.1,-0.157,44.4,1008,0.695,-544.4,-0.2082,42.8,0.0512,0.3885,-0.1169,0.1159,0.623,0.843,-734.0,-260.2,0.368,
s12_m90_fade_bias,B6,q,0.7,TEST,2091,667,1293,131,0,0.319,2091,0.729,-995.5,-0.1817,43.6,667,0.639,-469.7,-0.237,41.1,1293,0.786,-453.4,-0.1631,44.7,-0.0739,0.202,-0.1112,0.1072,0.63,0.839,-674.8,-249.8,0.272,
s12_m90_fade_bias,C2,q,0.7,TEST,2091,1098,993,0,0,0.525,2091,0.729,-995.5,-0.1817,43.6,1098,0.725,-541.1,-0.1523,44.9,993,0.734,-454.4,-0.2141,42.2,0.0618,0.3035,-0.1176,0.1121,0.629,0.84,-736.8,-271.0,0.272,
s12_m90_fade_bias,B1_utc,q,0.7,TEST,2091,905,864,322,0,0.433,2091,0.729,-995.5,-0.1817,43.6,905,0.747,-426.0,-0.1585,44.8,864,0.748,-354.4,-0.1999,43.1,0.0414,0.539,-0.1239,0.1254,0.633,0.877,-607.6,-174.5,,
s12_m90_fade_bias,B2_lb2,q,0.7,TEST,2091,769,1322,0,0,0.368,2091,0.729,-995.5,-0.1817,43.6,769,0.819,-213.9,-0.1671,44.6,1322,0.686,-781.6,-0.1902,43.0,0.0231,0.6585,-0.1053,0.1111,0.644,0.829,-698.9,-288.3,,
s12_m90_fade_bias,B2_lb5,q,0.7,TEST,2091,836,1255,0,0,0.4,2091,0.729,-995.5,-0.1817,43.6,836,0.82,-225.8,-0.1692,44.5,1255,0.682,-769.7,-0.19,43.0,0.0207,0.743,-0.1247,0.1234,0.625,0.846,-732.7,-267.5,,
s12_m90_fade_bias,B3_db0.05,q,0.7,TEST,2091,1420,491,180,0,0.679,2091,0.729,-995.5,-0.1817,43.6,1420,0.639,-982.0,-0.2308,41.1,491,0.979,-16.4,-0.0715,48.1,-0.1592,0.013,-0.1232,0.1314,0.61,0.845,-731.0,-239.2,,
s12_m90_fade_bias,B3_db0.10,q,0.7,TEST,2091,1322,409,360,0,0.632,2091,0.729,-995.5,-0.1817,43.6,1322,0.635,-941.7,-0.2361,41.0,409,1.041,26.8,-0.0601,49.1,-0.176,0.0125,-0.1348,0.1366,0.609,0.844,-685.4,-223.2,,
s12_m90_fade_bias,B5_w2,q,0.7,TEST,2091,1081,1010,0,0,0.517,2091,0.729,-995.5,-0.1817,43.6,1081,0.694,-571.9,-0.1986,44.3,1010,0.765,-423.5,-0.1636,42.9,-0.0351,0.58,-0.1216,0.1162,0.626,0.847,-740.2,-257.0,,
s03_ob_mitigation,B1,mid,0.75,ALL,6703,2892,3112,699,0,0.431,6703,0.849,-1957.2,-0.1332,40.1,2892,0.846,-865.6,-0.149,39.6,3112,0.847,-923.0,-0.1225,40.5,-0.0265,0.496,-0.0699,0.0762,0.802,0.895,-1186.9,-594.8,,
s03_ob_mitigation,B2,mid,0.75,ALL,6703,3474,3229,0,0,0.518,6703,0.849,-1957.2,-0.1332,40.1,3474,0.846,-1029.5,-0.1324,40.2,3229,0.853,-927.6,-0.1339,40.0,0.0015,0.9655,-0.07,0.069,0.804,0.894,-1304.8,-675.6,,
s03_ob_mitigation,B3,mid,0.75,ALL,6703,3329,3373,1,0,0.497,6703,0.849,-1957.2,-0.1332,40.1,3329,0.886,-723.9,-0.1075,40.9,3373,0.813,-1238.6,-0.1591,39.3,0.0516,0.1325,-0.0665,0.0634,0.809,0.89,-1271.2,-692.2,,
s03_ob_mitigation,B4,mid,0.75,ALL,6703,2875,3241,587,0,0.429,6703,0.849,-1957.2,-0.1332,40.1,2875,0.907,-500.5,-0.0932,41.5,3241,0.821,-1142.1,-0.1565,39.3,0.0632,0.096,-0.0789,0.0718,0.814,0.908,-1133.0,-528.7,,
s03_ob_mitigation,B5,mid,0.75,ALL,6703,3315,3388,0,0,0.495,6703,0.849,-1957.2,-0.1332,40.1,3315,0.858,-911.5,-0.1296,40.2,3388,0.841,-1045.7,-0.1366,40.0,0.007,0.8555,-0.0751,0.071,0.806,0.895,-1302.9,-655.8,,
s03_ob_mitigation,B6,mid,0.75,ALL,6703,1429,4973,301,0,0.213,6703,0.849,-1957.2,-0.1332,40.1,1429,0.919,-219.1,-0.0871,41.6,4973,0.837,-1581.3,-0.1415,39.8,0.0544,0.1345,-0.068,0.0735,0.813,0.9,-1181.9,-602.5,,
s03_ob_mitigation,C2,mid,0.75,ALL,6703,3213,3442,0,48,0.479,6703,0.849,-1957.2,-0.1332,40.1,3213,0.844,-973.8,-0.1403,39.9,3442,0.851,-994.5,-0.1303,40.2,-0.0101,0.799,-0.0756,0.0711,0.803,0.893,-1311.6,-674.8,,
s03_ob_mitigation,B1_utc,mid,0.75,ALL,6703,2655,2757,1291,0,0.396,6703,0.849,-1957.2,-0.1332,40.1,2655,0.844,-817.7,-0.1537,39.3,2757,0.856,-761.1,-0.1163,40.7,-0.0374,0.35,-0.0788,0.0765,0.801,0.9,-1080.7,-518.6,,
s03_ob_mitigation,B2_lb2,mid,0.75,ALL,6703,3437,3265,1,0,0.513,6703,0.849,-1957.2,-0.1332,40.1,3437,0.846,-1019.5,-0.1309,40.3,3265,0.853,-934.9,-0.1351,40.0,0.0042,0.9035,-0.069,0.0701,0.807,0.894,-1278.8,-671.0,,
s03_ob_mitigation,B2_lb5,mid,0.75,ALL,6703,3436,3267,0,0,0.513,6703,0.849,-1957.2,-0.1332,40.1,3436,0.831,-1124.1,-0.1467,39.7,3267,0.868,-833.1,-0.1189,40.5,-0.0278,0.4405,-0.0685,0.0711,0.806,0.896,-1299.4,-652.0,,
s03_ob_mitigation,B3_db0.05,mid,0.75,ALL,6703,2923,3053,645,82,0.436,6703,0.849,-1957.2,-0.1332,40.1,2923,0.907,-513.2,-0.0857,41.6,3053,0.814,-1110.8,-0.1594,39.3,0.0737,0.036,-0.0715,0.0672,0.815,0.905,-1100.3,-530.8,,
s03_ob_mitigation,B3_db0.10,mid,0.75,ALL,6703,2584,2730,1307,82,0.385,6703,0.849,-1957.2,-0.1332,40.1,2584,0.914,-425.6,-0.0865,41.5,2730,0.833,-893.9,-0.141,39.8,0.0545,0.1655,-0.0752,0.0792,0.824,0.922,-930.9,-390.9,,
s03_ob_mitigation,B5_w2,mid,0.75,ALL,6703,3238,3448,17,0,0.483,6703,0.849,-1957.2,-0.1332,40.1,3238,0.841,-997.4,-0.1371,40.0,3448,0.859,-945.5,-0.1285,40.2,-0.0086,0.823,-0.0726,0.0705,0.805,0.896,-1297.4,-654.4,,
s03_ob_mitigation,B1,mid,0.75,TRAIN,4083,1745,1898,440,0,0.427,4083,0.852,-1112.3,-0.1361,40.5,1745,0.862,-443.9,-0.157,39.8,1898,0.858,-493.5,-0.1066,41.5,-0.0504,0.305,-0.0999,0.0962,0.798,0.923,-699.8,-250.0,,
s03_ob_mitigation,B2,mid,0.75,TRAIN,4083,2104,1979,0,0,0.515,4083,0.852,-1112.3,-0.1361,40.5,2104,0.826,-675.7,-0.1388,40.5,1979,0.88,-436.6,-0.1334,40.5,-0.0054,0.907,-0.0944,0.0914,0.799,0.911,-779.1,-326.2,,
s03_ob_mitigation,B3,mid,0.75,TRAIN,4083,2054,2028,1,0,0.503,4083,0.852,-1112.3,-0.1361,40.5,2054,0.872,-483.4,-0.1231,40.9,2028,0.831,-634.2,-0.1503,40.1,0.0272,0.552,-0.0862,0.0898,0.798,0.908,-783.8,-335.8,,
s03_ob_mitigation,B4,mid,0.75,TRAIN,4083,1753,1970,360,0,0.429,4083,0.852,-1112.3,-0.1361,40.5,1753,0.965,-107.3,-0.0618,43.0,1970,0.784,-811.3,-0.1858,38.8,0.1239,0.007,-0.0949,0.0962,0.806,0.928,-689.7,-242.6,,
s03_ob_mitigation,B5,mid,0.75,TRAIN,4083,2026,2057,0,0,0.496,4083,0.852,-1112.3,-0.1361,40.5,2026,0.876,-458.5,-0.1223,41.0,2057,0.83,-653.8,-0.1497,40.1,0.0274,0.5645,-0.0936,0.0924,0.796,0.913,-793.0,-314.8,,
s03_ob_mitigation,B6,mid,0.75,TRAIN,4083,871,3018,194,0,0.213,4083,0.852,-1112.3,-0.1361,40.5,871,0.911,-140.7,-0.1043,41.4,3018,0.848,-846.3,-0.1368,40.5,0.0325,0.5025,-0.0981,0.0927,0.798,0.922,-738.8,-263.1,,
s03_ob_mitigation,C2,mid,0.75,TRAIN,4083,1960,2075,0,48,0.48,4083,0.852,-1112.3,-0.1361,40.5,1960,0.857,-519.2,-0.1459,40.2,2075,0.842,-604.3,-0.1332,40.6,-0.0127,0.796,-0.0916,0.0905,0.794,0.909,-788.2,-327.2,,
s03_ob_mitigation,B1_utc,mid,0.75,TRAIN,4083,1561,1646,876,0,0.382,4083,0.852,-1112.3,-0.1361,40.5,1561,0.826,-515.0,-0.1876,38.7,1646,0.883,-350.8,-0.0889,42.0,-0.0986,0.0625,-0.1028,0.1037,0.792,0.922,-643.5,-223.2,,
s03_ob_mitigation,B2_lb2,mid,0.75,TRAIN,4083,2108,1974,1,0,0.516,4083,0.852,-1112.3,-0.1361,40.5,2108,0.843,-607.1,-0.126,40.9,1974,0.862,-502.5,-0.1463,40.1,0.0203,0.6435,-0.0889,0.0865,0.8,0.909,-777.4,-328.3,,
s03_ob_mitigation,B2_lb5,mid,0.75,TRAIN,4083,2088,1995,0,0,0.511,4083,0.852,-1112.3,-0.1361,40.5,2088,0.808,-749.3,-0.1566,39.8,1995,0.9,-363.0,-0.1147,41.2,-0.0419,0.3845,-0.0965,0.0941,0.795,0.913,-799.1,-316.0,,
s03_ob_mitigation,B3_db0.05,mid,0.75,TRAIN,4083,1816,1813,372,82,0.445,4083,0.852,-1112.3,-0.1361,40.5,1816,0.894,-352.2,-0.1018,41.5,1813,0.823,-595.7,-0.1562,39.9,0.0544,0.2525,-0.0977,0.0881,0.799,0.918,-693.7,-264.0,,
s03_ob_mitigation,B3_db0.10,mid,0.75,TRAIN,4083,1610,1638,753,82,0.394,4083,0.852,-1112.3,-0.1361,40.5,1610,0.906,-277.7,-0.1002,41.6,1638,0.853,-447.9,-0.1333,40.5,0.0331,0.522,-0.0949,0.0985,0.819,0.942,-555.7,-166.6,,
s03_ob_mitigation,B5_w2,mid,0.75,TRAIN,4083,1971,2095,17,0,0.483,4083,0.852,-1112.3,-0.1361,40.5,1971,0.875,-451.1,-0.1225,40.9,2095,0.834,-647.0,-0.1474,40.1,0.0248,0.615,-0.0948,0.1001,0.796,0.918,-788.0,-299.2,,
s03_ob_mitigation,B1,mid,0.75,TEST,2620,1147,1214,259,0,0.438,2620,0.845,-844.9,-0.1285,39.5,1147,0.825,-421.7,-0.1367,39.2,1214,0.831,-429.5,-0.1474,38.9,0.0106,0.8545,-0.1146,0.1188,0.761,0.905,-626.2,-223.4,,
s03_ob_mitigation,B2,mid,0.75,TEST,2620,1370,1250,0,0,0.523,2620,0.845,-844.9,-0.1285,39.5,1370,0.874,-353.8,-0.1228,39.8,1250,0.815,-491.1,-0.1349,39.2,0.0121,0.8395,-0.1049,0.1062,0.777,0.919,-633.9,-209.1,,
s03_ob_mitigation,B3,mid,0.75,TEST,2620,1275,1345,0,0,0.487,2620,0.845,-844.9,-0.1285,39.5,1275,0.907,-240.5,-0.0823,41.0,1345,0.789,-604.4,-0.1724,38.1,0.0901,0.085,-0.1016,0.1029,0.783,0.913,-615.6,-222.7,,
s03_ob_mitigation,B4,mid,0.75,TEST,2620,1122,1271,227,0,0.428,2620,0.845,-844.9,-0.1285,39.5,1122,0.83,-393.2,-0.1423,39.2,1271,0.874,-330.7,-0.111,40.0,-0.0313,0.586,-0.1117,0.1161,0.785,0.928,-558.3,-169.2,,
s03_ob_mitigation,B5,mid,0.75,TEST,2620,1289,1331,0,0,0.492,2620,0.845,-844.9,-0.1285,39.5,1289,0.833,-453.0,-0.1411,39.0,1331,0.857,-391.9,-0.1163,40.0,-0.0248,0.653,-0.1117,0.1061,0.776,0.918,-636.6,-213.5,,
s03_ob_mitigation,B6,mid,0.75,TEST,2620,558,1955,107,0,0.213,2620,0.845,-844.9,-0.1285,39.5,558,0.929,-78.4,-0.0603,41.9,1955,0.822,-735.0,-0.1488,38.8,0.0885,0.096,-0.1051,0.1054,0.78,0.912,-610.9,-217.1,,
s03_ob_mitigation,C2,mid,0.75,TEST,2620,1253,1367,0,0,0.478,2620,0.845,-844.9,-0.1285,39.5,1253,0.826,-454.6,-0.1315,39.4,1367,0.862,-390.3,-0.1258,39.6,-0.0058,0.9225,-0.1139,0.1098,0.776,0.918,-642.1,-212.8,,
s03_ob_mitigation,B1_utc,mid,0.75,TEST,2620,1094,1111,415,0,0.418,2620,0.845,-844.9,-0.1285,39.5,1094,0.868,-302.7,-0.1054,40.1,1111,0.822,-410.3,-0.1569,38.7,0.0514,0.39,-0.1121,0.1194,0.775,0.922,-535.9,-174.0,,
s03_ob_mitigation,B2_lb2,mid,0.75,TEST,2620,1329,1291,0,0,0.507,2620,0.845,-844.9,-0.1285,39.5,1329,0.849,-412.4,-0.1388,39.3,1291,0.841,-432.4,-0.118,39.7,-0.0207,0.706,-0.1107,0.1099,0.778,0.919,-632.6,-206.9,,
s03_ob_mitigation,B2_lb5,mid,0.75,TEST,2620,1348,1272,0,0,0.515,2620,0.845,-844.9,-0.1285,39.5,1348,0.864,-374.8,-0.1314,39.5,1272,0.826,-470.1,-0.1255,39.5,-0.0059,0.912,-0.1058,0.1064,0.777,0.917,-627.0,-214.0,,
s03_ob_mitigation,B3_db0.05,mid,0.75,TEST,2620,1107,1240,273,0,0.423,2620,0.845,-844.9,-0.1285,39.5,1107,0.928,-161.0,-0.0592,41.8,1240,0.802,-515.1,-0.1641,38.4,0.1049,0.0615,-0.1124,0.1067,0.789,0.934,-529.5,-152.5,,
s03_ob_mitigation,B3_db0.10,mid,0.75,TEST,2620,974,1092,554,0,0.372,2620,0.845,-844.9,-0.1285,39.5,974,0.926,-147.8,-0.0639,41.5,1092,0.806,-446.0,-0.1525,38.7,0.0887,0.14,-0.1172,0.1236,0.789,0.944,-479.6,-114.4,,
s03_ob_mitigation,B5_w2,mid,0.75,TEST,2620,1267,1353,0,0,0.484,2620,0.845,-844.9,-0.1285,39.5,1267,0.795,-546.3,-0.1597,38.6,1353,0.893,-298.6,-0.0993,40.4,-0.0604,0.2875,-0.1111,0.1078,0.78,0.919,-635.2,-208.9,,
s03_ob_mitigation,B1,mid,1.0,ALL,6703,2892,3112,699,0,0.431,6703,0.74,-3632.9,-0.2454,40.1,2892,0.738,-1588.6,-0.2612,39.6,3112,0.738,-1701.0,-0.2346,40.5,-0.0266,0.5,-0.0768,0.0743,0.696,0.781,-1977.0,-1325.9,0.504,
s03_ob_mitigation,B2,mid,1.0,ALL,6703,3474,3229,0,0,0.518,6703,0.74,-3632.9,-0.2454,40.1,3474,0.737,-1898.0,-0.2454,40.2,3229,0.744,-1734.9,-0.2454,40.0,0.0,1.0,-0.0672,0.0688,0.704,0.779,-2133.7,-1504.3,1.0,
s03_ob_mitigation,B3,mid,1.0,ALL,6703,3329,3373,1,0,0.497,6703,0.74,-3632.9,-0.2454,40.1,3329,0.773,-1556.1,-0.2194,40.9,3373,0.708,-2081.8,-0.2716,39.3,0.0523,0.13,-0.0676,0.0702,0.703,0.777,-2135.6,-1513.2,0.132,
s03_ob_mitigation,B4,mid,1.0,ALL,6703,2875,3241,587,0,0.429,6703,0.74,-3632.9,-0.2454,40.1,2875,0.79,-1219.3,-0.2063,41.5,3241,0.716,-1952.3,-0.2684,39.3,0.0621,0.102,-0.0738,0.0768,0.709,0.794,-1906.1,-1266.1,0.112,
s03_ob_mitigation,B5,mid,1.0,ALL,6703,3315,3388,0,0,0.495,6703,0.74,-3632.9,-0.2454,40.1,3315,0.748,-1740.2,-0.2416,40.2,3388,0.733,-1892.7,-0.2491,40.0,0.0074,0.847,-0.0733,0.0749,0.701,0.784,-2154.7,-1470.3,0.846,
s03_ob_mitigation,B6,mid,1.0,ALL,6703,1429,4973,301,0,0.213,6703,0.74,-3632.9,-0.2454,40.1,1429,0.801,-576.4,-0.1992,41.6,4973,0.729,-2824.6,-0.2537,39.8,0.0545,0.1425,-0.0707,0.0735,0.708,0.787,-2035.3,-1352.1,0.21,
s03_ob_mitigation,C2,mid,1.0,ALL,6703,3213,3442,0,48,0.479,6703,0.74,-3632.9,-0.2454,40.1,3213,0.736,-1777.0,-0.2525,39.9,3442,0.742,-1855.0,-0.2424,40.2,-0.0101,0.7905,-0.0713,0.0721,0.701,0.78,-2139.3,-1486.7,0.798,
s03_ob_mitigation,B1_utc,mid,1.0,ALL,6703,2655,2757,1291,0,0.396,6703,0.74,-3632.9,-0.2454,40.1,2655,0.738,-1481.5,-0.2645,39.3,2757,0.746,-1450.3,-0.2287,40.7,-0.0358,0.3975,-0.0792,0.0793,0.698,0.787,-1765.5,-1169.3,,
s03_ob_mitigation,B2_lb2,mid,1.0,ALL,6703,3437,3265,1,0,0.513,6703,0.74,-3632.9,-0.2454,40.1,3437,0.736,-1878.8,-0.2439,40.3,3265,0.745,-1751.2,-0.2465,40.0,0.0026,0.93,-0.0719,0.0679,0.703,0.779,-2126.4,-1500.0,,
s03_ob_mitigation,B2_lb5,mid,1.0,ALL,6703,3436,3267,0,0,0.513,6703,0.74,-3632.9,-0.2454,40.1,3436,0.724,-1983.1,-0.2596,39.7,3267,0.758,-1649.8,-0.2305,40.5,-0.0291,0.409,-0.0719,0.0699,0.701,0.779,-2146.6,-1492.2,,
s03_ob_mitigation,B3_db0.05,mid,1.0,ALL,6703,2923,3053,645,82,0.436,6703,0.74,-3632.9,-0.2454,40.1,2923,0.792,-1244.0,-0.1973,41.6,3053,0.709,-1874.0,-0.272,39.3,0.0747,0.034,-0.068,0.0695,0.71,0.788,-1848.4,-1274.0,,
s03_ob_mitigation,B3_db0.10,mid,1.0,ALL,6703,2584,2730,1307,82,0.385,6703,0.74,-3632.9,-0.2454,40.1,2584,0.798,-1071.6,-0.1972,41.5,2730,0.726,-1576.4,-0.2528,39.8,0.0556,0.137,-0.074,0.0746,0.72,0.804,-1596.7,-1043.4,,
s03_ob_mitigation,B5_w2,mid,1.0,ALL,6703,3238,3448,17,0,0.483,6703,0.74,-3632.9,-0.2454,40.1,3238,0.732,-1806.9,-0.2497,40.0,3448,0.749,-1807.6,-0.2403,40.2,-0.0094,0.798,-0.0661,0.0685,0.705,0.78,-2124.8,-1488.0,,
s03_ob_mitigation,B1,mid,1.0,TRAIN,4083,1745,1898,440,0,0.427,4083,0.738,-2133.1,-0.2533,40.5,1745,0.747,-880.2,-0.2743,39.8,1898,0.743,-968.0,-0.2235,41.5,-0.0508,0.3255,-0.102,0.0969,0.692,0.802,-1160.8,-687.9,0.296,
s03_ob_mitigation,B2,mid,1.0,TRAIN,4083,2104,1979,0,0,0.515,4083,0.738,-2133.1,-0.2533,40.5,2104,0.714,-1201.7,-0.2566,40.5,1979,0.763,-931.3,-0.2497,40.5,-0.0069,0.8785,-0.0916,0.0883,0.689,0.786,-1304.3,-837.7,0.88,
s03_ob_mitigation,B3,mid,1.0,TRAIN,4083,2054,2028,1,0,0.503,4083,0.738,-2133.1,-0.2533,40.5,2054,0.755,-996.9,-0.2398,40.9,2028,0.719,-1141.2,-0.2679,40.1,0.0282,0.5515,-0.0925,0.0861,0.689,0.784,-1300.4,-851.7,0.548,
s03_ob_mitigation,B4,mid,1.0,TRAIN,4083,1753,1970,360,0,0.429,4083,0.738,-2133.1,-0.2533,40.5,1753,0.836,-545.5,-0.1792,43.0,1970,0.678,-1303.8,-0.3027,38.8,0.1235,0.0165,-0.0987,0.0991,0.697,0.804,-1167.1,-690.8,0.014,
s03_ob_mitigation,B5,mid,1.0,TRAIN,4083,2026,2057,0,0,0.496,4083,0.738,-2133.1,-0.2533,40.5,2026,0.758,-965.0,-0.2394,41.0,2057,0.718,-1168.1,-0.2669,40.1,0.0275,0.57,-0.0924,0.0948,0.689,0.79,-1302.0,-819.1,0.562,
s03_ob_mitigation,B6,mid,1.0,TRAIN,4083,871,3018,194,0,0.213,4083,0.738,-2133.1,-0.2533,40.5,871,0.79,-358.4,-0.2202,41.4,3018,0.734,-1600.8,-0.2543,40.5,0.0341,0.4955,-0.0992,0.0961,0.694,0.8,-1236.5,-733.8,0.564,
s03_ob_mitigation,C2,mid,1.0,TRAIN,4083,1960,2075,0,48,0.48,4083,0.738,-2133.1,-0.2533,40.5,1960,0.742,-1009.2,-0.2628,40.2,2075,0.729,-1123.0,-0.2505,40.6,-0.0123,0.79,-0.0959,0.0934,0.685,0.788,-1315.7,-819.9,0.79,
s03_ob_mitigation,B1_utc,mid,1.0,TRAIN,4083,1561,1646,876,0,0.382,4083,0.738,-2133.1,-0.2533,40.5,1561,0.717,-905.3,-0.3037,38.7,1646,0.764,-762.3,-0.2056,42.0,-0.0981,0.074,-0.1044,0.1093,0.685,0.802,-1051.8,-603.9,,
s03_ob_mitigation,B2_lb2,mid,1.0,TRAIN,4083,2108,1974,1,0,0.516,4083,0.738,-2133.1,-0.2533,40.5,2108,0.729,-1134.1,-0.2436,40.9,1974,0.748,-996.0,-0.263,40.1,0.0194,0.67,-0.0878,0.09,0.69,0.79,-1297.0,-826.0,,
s03_ob_mitigation,B2_lb5,mid,1.0,TRAIN,4083,2088,1995,0,0,0.511,4083,0.738,-2133.1,-0.2533,40.5,2088,0.699,-1271.3,-0.2739,39.8,1995,0.78,-861.7,-0.2316,41.2,-0.0423,0.3795,-0.0912,0.0962,0.69,0.792,-1305.9,-813.3,,
s03_ob_mitigation,B3_db0.05,mid,1.0,TRAIN,4083,1816,1813,372,82,0.445,4083,0.738,-2133.1,-0.2533,40.5,1816,0.775,-806.2,-0.2176,41.5,1813,0.712,-1048.9,-0.2738,39.9,0.0561,0.259,-0.0953,0.0913,0.694,0.796,-1151.3,-709.9,,
s03_ob_mitigation,B3_db0.10,mid,1.0,TRAIN,4083,1610,1638,753,82,0.394,4083,0.738,-2133.1,-0.2533,40.5,1610,0.786,-680.2,-0.2157,41.6,1638,0.739,-857.4,-0.2497,40.5,0.034,0.5175,-0.1033,0.1018,0.708,0.819,-978.9,-559.6,,
s03_ob_mitigation,B5_w2,mid,1.0,TRAIN,4083,1971,2095,17,0,0.483,4083,0.738,-2133.1,-0.2533,40.5,1971,0.758,-943.9,-0.2395,40.9,2095,0.722,-1170.7,-0.2646,40.1,0.0251,0.6155,-0.0929,0.0944,0.69,0.791,-1304.3,-821.0,,
s03_ob_mitigation,B1,mid,1.0,TEST,2620,1147,1214,259,0,0.438,2620,0.744,-1499.9,-0.2331,39.5,1147,0.726,-708.5,-0.2413,39.2,1214,0.731,-733.0,-0.2519,38.9,0.0106,0.861,-0.1233,0.1144,0.662,0.798,-936.7,-506.6,0.862,
s03_ob_mitigation,B2,mid,1.0,TEST,2620,1370,1250,0,0,0.523,2620,0.744,-1499.9,-0.2331,39.5,1370,0.768,-696.3,-0.2282,39.8,1250,0.717,-803.6,-0.2385,39.2,0.0103,0.844,-0.1104,0.1113,0.682,0.811,-971.9,-531.0,0.852,
s03_ob_mitigation,B3,mid,1.0,TEST,2620,1275,1345,0,0,0.487,2620,0.744,-1499.9,-0.2331,39.5,1275,0.799,-559.2,-0.1865,41.0,1345,0.693,-940.6,-0.2772,38.1,0.0907,0.083,-0.1038,0.104,0.689,0.804,-959.7,-537.9,0.13,
s03_ob_mitigation,B4,mid,1.0,TEST,2620,1122,1271,227,0,0.428,2620,0.744,-1499.9,-0.2331,39.5,1122,0.729,-673.7,-0.2485,39.2,1271,0.77,-648.5,-0.2152,40.0,-0.0334,0.597,-0.1236,0.1208,0.685,0.821,-876.8,-439.7,0.556,
s03_ob_mitigation,B5,mid,1.0,TEST,2620,1289,1331,0,0,0.492,2620,0.744,-1499.9,-0.2331,39.5,1289,0.733,-775.2,-0.2451,39.0,1331,0.754,-724.6,-0.2214,40.0,-0.0237,0.684,-0.1102,0.1091,0.685,0.807,-958.3,-529.3,0.658,
s03_ob_mitigation,B6,mid,1.0,TEST,2620,558,1955,107,0,0.213,2620,0.744,-1499.9,-0.2331,39.5,558,0.817,-217.9,-0.1664,41.9,1955,0.724,-1223.8,-0.2529,38.8,0.0865,0.107,-0.1008,0.1103,0.689,0.803,-929.0,-498.3,0.208,
s03_ob_mitigation,C2,mid,1.0,TEST,2620,1253,1367,0,0,0.478,2620,0.744,-1499.9,-0.2331,39.5,1253,0.727,-767.9,-0.2363,39.4,1367,0.759,-732.0,-0.2301,39.6,-0.0062,0.9095,-0.1155,0.1108,0.68,0.808,-980.7,-530.0,0.91,
s03_ob_mitigation,B1_utc,mid,1.0,TEST,2620,1094,1111,415,0,0.418,2620,0.744,-1499.9,-0.2331,39.5,1094,0.765,-576.2,-0.2086,40.1,1111,0.722,-688.0,-0.2629,38.7,0.0543,0.368,-0.1197,0.1143,0.678,0.812,-842.1,-447.7,,
s03_ob_mitigation,B2_lb2,mid,1.0,TEST,2620,1329,1291,0,0,0.507,2620,0.744,-1499.9,-0.2331,39.5,1329,0.746,-744.7,-0.2445,39.3,1291,0.741,-755.2,-0.2214,39.7,-0.0231,0.698,-0.1143,0.1165,0.681,0.812,-962.3,-518.5,,
s03_ob_mitigation,B2_lb5,mid,1.0,TEST,2620,1348,1272,0,0,0.515,2620,0.744,-1499.9,-0.2331,39.5,1348,0.759,-711.8,-0.2373,39.5,1272,0.728,-788.1,-0.2286,39.5,-0.0086,0.89,-0.108,0.1095,0.683,0.809,-962.5,-521.6,,
s03_ob_mitigation,B3_db0.05,mid,1.0,TEST,2620,1107,1240,273,0,0.423,2620,0.744,-1499.9,-0.2331,39.5,1107,0.816,-437.8,-0.1639,41.8,1240,0.705,-825.1,-0.2694,38.4,0.1056,0.053,-0.1057,0.1064,0.697,0.822,-828.4,-436.9,,
s03_ob_mitigation,B3_db0.10,mid,1.0,TEST,2620,974,1092,554,0,0.372,2620,0.744,-1499.9,-0.2331,39.5,974,0.817,-391.3,-0.1666,41.5,1092,0.709,-719.0,-0.2575,38.7,0.0909,0.1375,-0.1227,0.1164,0.695,0.829,-747.2,-370.2,,
s03_ob_mitigation,B5_w2,mid,1.0,TEST,2620,1267,1353,0,0,0.484,2620,0.744,-1499.9,-0.2331,39.5,1267,0.698,-863.0,-0.2656,38.6,1353,0.787,-636.8,-0.2027,40.4,-0.0629,0.264,-0.1051,0.1005,0.685,0.803,-965.7,-546.3,,
s03_ob_mitigation,B1,q,0.45,ALL,6678,2880,3099,699,0,0.431,6678,0.854,-1825.7,-0.1248,35.9,2880,0.87,-694.9,-0.1251,35.9,3099,0.838,-943.6,-0.1254,35.9,0.0003,0.994,-0.075,0.0813,0.804,0.908,-1133.0,-495.8,,
s03_ob_mitigation,B2,q,0.45,ALL,6678,3461,3217,0,0,0.518,6678,0.854,-1825.7,-0.1248,35.9,3461,0.831,-1098.1,-0.1355,35.6,3217,0.879,-727.6,-0.1134,36.2,-0.0222,0.543,-0.0694,0.0727,0.808,0.901,-1229.9,-602.6,,
s03_ob_mitigation,B3,q,0.45,ALL,6678,3316,3361,1,0,0.497,6678,0.854,-1825.7,-0.1248,35.9,3316,0.898,-622.0,-0.0951,36.9,3361,0.81,-1209.4,-0.1547,34.9,0.0596,0.0905,-0.0738,0.0648,0.807,0.898,-1239.3,-615.7,,
s03_ob_mitigation,B4,q,0.45,ALL,6678,2863,3228,587,0,0.429,6678,0.854,-1825.7,-0.1248,35.9,2863,0.929,-367.0,-0.0699,37.8,3228,0.814,-1142.3,-0.1607,34.7,0.0908,0.0205,-0.0734,0.0788,0.819,0.923,-1062.0,-416.6,,
s03_ob_mitigation,B5,q,0.45,ALL,6678,3303,3375,0,0,0.495,6678,0.854,-1825.7,-0.1248,35.9,3303,0.868,-811.9,-0.1199,36.1,3375,0.84,-1013.9,-0.1297,35.8,0.0097,0.7965,-0.0755,0.0741,0.805,0.904,-1253.0,-583.0,,
s03_ob_mitigation,B6,q,0.45,ALL,6678,1429,4948,301,0,0.214,6678,0.854,-1825.7,-0.1248,35.9,1429,0.965,-89.6,-0.0492,38.4,4948,0.83,-1586.3,-0.1423,35.3,0.0931,0.009,-0.0695,0.0722,0.814,0.909,-1145.6,-526.1,,
s03_ob_mitigation,C2,q,0.45,ALL,6678,3201,3429,0,48,0.479,6678,0.854,-1825.7,-0.1248,35.9,3201,0.863,-816.3,-0.1241,35.9,3429,0.841,-1024.5,-0.1295,35.8,0.0053,0.8815,-0.0721,0.0745,0.807,0.902,-1243.8,-587.3,,
s03_ob_mitigation,B1_utc,q,0.45,ALL,6678,2643,2744,1291,0,0.396,6678,0.854,-1825.7,-0.1248,35.9,2643,0.86,-700.2,-0.1393,35.3,2744,0.841,-817.9,-0.1234,36.0,-0.0159,0.719,-0.0831,0.0817,0.798,0.906,-1058.4,-459.6,,
s03_ob_mitigation,B2_lb2,q,0.45,ALL,6678,3425,3252,1,0,0.513,6678,0.854,-1825.7,-0.1248,35.9,3425,0.832,-1073.1,-0.1331,35.7,3252,0.877,-750.2,-0.1158,36.2,-0.0173,0.6465,-0.0676,0.0694,0.811,0.901,-1201.0,-604.7,,
s03_ob_mitigation,B2_lb5,q,0.45,ALL,6678,3428,3250,0,0,0.513,6678,0.854,-1825.7,-0.1248,35.9,3428,0.807,-1256.6,-0.1573,34.9,3250,0.905,-569.2,-0.0906,37.0,-0.0667,0.0755,-0.072,0.0736,0.807,0.903,-1236.7,-592.3,,
s03_ob_mitigation,B3_db0.05,q,0.45,ALL,6678,2910,3041,645,82,0.436,6678,0.854,-1825.7,-0.1248,35.9,2910,0.919,-433.4,-0.0763,37.5,3041,0.809,-1100.6,-0.158,34.8,0.0817,0.032,-0.0771,0.0738,0.814,0.912,-1058.4,-468.5,,
s03_ob_mitigation,B3_db0.10,q,0.45,ALL,6678,2571,2718,1307,82,0.385,6678,0.854,-1825.7,-0.1248,35.9,2571,0.927,-347.5,-0.0747,37.5,2718,0.82,-931.2,-0.1473,35.1,0.0727,0.081,-0.0822,0.0792,0.817,0.925,-931.3,-358.2,,
s03_ob_mitigation,B5_w2,q,0.45,ALL,6678,3225,3436,17,0,0.483,6678,0.854,-1825.7,-0.1248,35.9,3225,0.864,-809.6,-0.1136,36.3,3436,0.845,-1007.0,-0.1352,35.5,0.0217,0.58,-0.0711,0.0769,0.808,0.906,-1226.3,-566.7,,
s03_ob_mitigation,B1,q,0.45,TRAIN,4083,1745,1898,440,0,0.427,4083,0.855,-1055.4,-0.1242,36.2,1745,0.887,-347.8,-0.1263,36.2,1898,0.853,-497.0,-0.1055,36.8,-0.0208,0.6895,-0.0999,0.1063,0.805,0.945,-654.5,-171.8,,
s03_ob_mitigation,B2,q,0.45,TRAIN,4083,2104,1979,0,0,0.515,4083,0.855,-1055.4,-0.1242,36.2,2104,0.812,-709.8,-0.1399,35.7,1979,0.901,-345.5,-0.1074,36.7,-0.0325,0.478,-0.0928,0.0952,0.797,0.917,-769.9,-290.5,,
s03_ob_mitigation,B3,q,0.45,TRAIN,4083,2054,2028,1,0,0.503,4083,0.855,-1055.4,-0.1242,36.2,2054,0.888,-405.0,-0.1029,36.9,2028,0.82,-655.9,-0.1467,35.5,0.0438,0.3635,-0.0957,0.0906,0.794,0.918,-775.2,-288.2,,
s03_ob_mitigation,B4,q,0.45,TRAIN,4083,1753,1970,360,0,0.429,4083,0.855,-1055.4,-0.1242,36.2,1753,0.985,-45.5,-0.0356,39.2,1970,0.771,-833.9,-0.1886,34.1,0.153,0.0025,-0.1005,0.1079,0.803,0.941,-674.4,-183.2,,
s03_ob_mitigation,B5,q,0.45,TRAIN,4083,2026,2057,0,0,0.496,4083,0.855,-1055.4,-0.1242,36.2,2026,0.884,-412.5,-0.1091,36.7,2057,0.827,-642.9,-0.1389,35.7,0.0298,0.557,-0.0969,0.0946,0.794,0.919,-779.6,-281.2,,
s03_ob_mitigation,B6,q,0.45,TRAIN,4083,871,3018,194,0,0.213,4083,0.855,-1055.4,-0.1242,36.2,871,0.956,-67.0,-0.0616,38.2,3018,0.841,-857.9,-0.133,36.0,0.0714,0.1565,-0.0997,0.0984,0.799,0.935,-715.1,-214.4,,
s03_ob_mitigation,C2,q,0.45,TRAIN,4083,1960,2075,0,48,0.48,4083,0.855,-1055.4,-0.1242,36.2,1960,0.871,-447.6,-0.1236,36.2,2075,0.833,-622.9,-0.1312,36.0,0.0076,0.869,-0.099,0.0976,0.789,0.92,-787.7,-276.2,,
s03_ob_mitigation,B1_utc,q,0.45,TRAIN,4083,1561,1646,876,0,0.382,4083,0.855,-1055.4,-0.1242,36.2,1561,0.843,-444.1,-0.1616,34.9,1646,0.866,-390.8,-0.0947,37.2,-0.0669,0.234,-0.112,0.1159,0.784,0.933,-643.8,-184.3,,
s03_ob_mitigation,B2_lb2,q,0.45,TRAIN,4083,2108,1974,1,0,0.516,4083,0.855,-1055.4,-0.1242,36.2,2108,0.833,-629.7,-0.1244,36.2,1974,0.879,-423.2,-0.1234,36.2,-0.001,0.983,-0.089,0.0914,0.798,0.918,-755.5,-290.2,,
s03_ob_mitigation,B2_lb5,q,0.45,TRAIN,4083,2088,1995,0,0,0.511,4083,0.855,-1055.4,-0.1242,36.2,2088,0.783,-826.5,-0.1667,34.8,1995,0.934,-228.8,-0.0797,37.7,-0.087,0.072,-0.0955,0.0948,0.795,0.919,-774.8,-279.9,,
s03_ob_mitigation,B3_db0.05,q,0.45,TRAIN,4083,1816,1813,372,82,0.445,4083,0.855,-1055.4,-0.1242,36.2,1816,0.901,-318.5,-0.0901,37.3,1813,0.805,-638.3,-0.1575,35.1,0.0674,0.18,-0.0983,0.0971,0.79,0.918,-707.5,-255.2,,
s03_ob_mitigation,B3_db0.10,q,0.45,TRAIN,4083,1610,1638,753,82,0.394,4083,0.855,-1055.4,-0.1242,36.2,1610,0.915,-241.9,-0.0845,37.5,1638,0.825,-519.6,-0.1437,35.5,0.0592,0.281,-0.1034,0.109,0.803,0.941,-596.6,-159.9,,
s03_ob_mitigation,B5_w2,q,0.45,TRAIN,4083,1971,2095,17,0,0.483,4083,0.855,-1055.4,-0.1242,36.2,1971,0.889,-384.9,-0.0979,37.1,2095,0.825,-661.4,-0.1484,35.4,0.0505,0.325,-0.1,0.099,0.794,0.924,-772.8,-268.0,,
s03_ob_mitigation,B1,q,0.45,TEST,2595,1135,1201,259,0,0.437,2595,0.852,-770.4,-0.1259,35.4,1135,0.848,-347.2,-0.1232,35.5,1201,0.817,-446.6,-0.1568,34.4,0.0336,0.5535,-0.1129,0.1236,0.761,0.915,-592.7,-186.8,,
s03_ob_mitigation,B2,q,0.45,TEST,2595,1357,1238,0,0,0.523,2595,0.852,-770.4,-0.1259,35.4,1357,0.856,-388.3,-0.1287,35.4,1238,0.848,-382.1,-0.1229,35.5,-0.0058,0.9155,-0.1075,0.1112,0.783,0.928,-591.1,-177.9,,
s03_ob_mitigation,B3,q,0.45,TEST,2595,1262,1333,0,0,0.486,2595,0.852,-770.4,-0.1259,35.4,1262,0.913,-216.9,-0.0826,36.8,1333,0.797,-553.4,-0.167,34.1,0.0844,0.1175,-0.1051,0.1081,0.784,0.927,-589.8,-178.7,,
s03_ob_mitigation,B4,q,0.45,TEST,2595,1110,1258,227,0,0.428,2595,0.852,-770.4,-0.1259,35.4,1110,0.853,-321.5,-0.1239,35.6,1258,0.877,-308.4,-0.1169,35.7,-0.007,0.9135,-0.1146,0.1214,0.79,0.949,-513.1,-109.0,,
s03_ob_mitigation,B5,q,0.45,TEST,2595,1277,1318,0,0,0.492,2595,0.852,-770.4,-0.1259,35.4,1277,0.845,-399.4,-0.137,35.0,1318,0.859,-371.0,-0.1151,35.8,-0.0219,0.7015,-0.1075,0.1105,0.782,0.924,-590.2,-184.3,,
s03_ob_mitigation,B6,q,0.45,TEST,2595,558,1930,107,0,0.215,2595,0.852,-770.4,-0.1259,35.4,558,0.979,-22.6,-0.0298,38.7,1930,0.816,-728.4,-0.1568,34.4,0.1271,0.015,-0.1082,0.1049,0.785,0.923,-571.7,-181.2,,
s03_ob_mitigation,C2,q,0.45,TEST,2595,1241,1354,0,0,0.478,2595,0.852,-770.4,-0.1259,35.4,1241,0.852,-368.7,-0.125,35.5,1354,0.853,-401.6,-0.1268,35.4,0.0017,0.977,-0.1095,0.1084,0.781,0.928,-593.8,-179.5,,
s03_ob_mitigation,B1_utc,q,0.45,TEST,2595,1082,1098,415,0,0.417,2595,0.852,-770.4,-0.1259,35.4,1082,0.883,-256.1,-0.1071,36.0,1098,0.807,-427.0,-0.1665,34.2,0.0594,0.339,-0.1123,0.1212,0.77,0.927,-522.1,-146.5,,
s03_ob_mitigation,B2_lb2,q,0.45,TEST,2595,1317,1278,0,0,0.508,2595,0.852,-770.4,-0.1259,35.4,1317,0.832,-443.4,-0.1471,34.8,1278,0.873,-326.9,-0.1041,36.1,-0.0429,0.4525,-0.1106,0.1087,0.783,0.925,-590.3,-186.5,,
s03_ob_mitigation,B2_lb5,q,0.45,TEST,2595,1340,1255,0,0,0.516,2595,0.852,-770.4,-0.1259,35.4,1340,0.839,-430.0,-0.1427,34.9,1255,0.866,-340.4,-0.108,35.9,-0.0346,0.5415,-0.1129,0.1057,0.78,0.927,-602.1,-180.1,,
s03_ob_mitigation,B3_db0.05,q,0.45,TEST,2595,1094,1228,273,0,0.422,2595,0.852,-770.4,-0.1259,35.4,1094,0.946,-114.9,-0.0534,37.8,1228,0.814,-462.3,-0.1586,34.4,0.1052,0.0705,-0.1107,0.1158,0.8,0.959,-483.9,-86.9,,
s03_ob_mitigation,B3_db0.10,q,0.45,TEST,2595,961,1080,554,0,0.37,2595,0.852,-770.4,-0.1259,35.4,961,0.944,-105.5,-0.0583,37.6,1080,0.812,-411.6,-0.1528,34.5,0.0946,0.13,-0.1251,0.1188,0.788,0.962,-452.2,-73.7,,
s03_ob_mitigation,B5_w2,q,0.45,TEST,2595,1254,1341,0,0,0.483,2595,0.852,-770.4,-0.1259,35.4,1254,0.831,-424.7,-0.1381,35.1,1341,0.872,-345.6,-0.1145,35.7,-0.0236,0.6705,-0.1072,0.1112,0.784,0.928,-582.4,-176.9,,
s03_ob_mitigation,B1,q,0.7,ALL,6678,2880,3099,699,0,0.431,6678,0.742,-3495.2,-0.2371,35.9,2880,0.757,-1414.9,-0.2374,35.9,3099,0.728,-1718.4,-0.2375,35.9,0.0001,0.996,-0.0815,0.079,0.697,0.791,-1900.1,-1228.8,0.998,
s03_ob_mitigation,B2,q,0.7,ALL,6678,3461,3217,0,0,0.518,6678,0.742,-3495.2,-0.2371,35.9,3461,0.721,-1963.3,-0.2485,35.6,3217,0.765,-1531.9,-0.2249,36.2,-0.0237,0.5115,-0.0747,0.0709,0.702,0.782,-2083.2,-1433.8,0.49,
s03_ob_mitigation,B3,q,0.7,ALL,6678,3316,3361,1,0,0.497,6678,0.742,-3495.2,-0.2371,35.9,3316,0.781,-1451.0,-0.2071,36.9,3361,0.704,-2049.6,-0.2673,34.9,0.0602,0.0975,-0.0709,0.0696,0.701,0.784,-2081.5,-1421.9,0.074,
s03_ob_mitigation,B4,q,0.7,ALL,6678,2863,3228,587,0,0.429,6678,0.742,-3495.2,-0.2371,35.9,2863,0.806,-1082.8,-0.183,37.8,3228,0.708,-1949.3,-0.2727,34.7,0.0897,0.021,-0.0815,0.0758,0.708,0.798,-1863.4,-1191.3,0.008,
s03_ob_mitigation,B5,q,0.7,ALL,6678,3303,3375,0,0,0.495,6678,0.742,-3495.2,-0.2371,35.9,3303,0.755,-1637.6,-0.232,36.1,3375,0.73,-1857.6,-0.2422,35.8,0.0102,0.7865,-0.0724,0.0742,0.702,0.785,-2075.5,-1414.9,0.764,
s03_ob_mitigation,B6,q,0.7,ALL,6678,1429,4948,301,0,0.214,6678,0.742,-3495.2,-0.2371,35.9,1429,0.839,-446.8,-0.1612,38.4,4948,0.722,-2823.3,-0.2546,35.3,0.0933,0.014,-0.0725,0.0724,0.704,0.79,-1986.0,-1291.2,0.026,
s03_ob_mitigation,C2,q,0.7,ALL,6678,3201,3429,0,48,0.479,6678,0.742,-3495.2,-0.2371,35.9,3201,0.75,-1616.6,-0.2364,35.9,3429,0.731,-1881.8,-0.2417,35.8,0.0053,0.8885,-0.0759,0.069,0.698,0.783,-2101.5,-1412.3,0.89,
s03_ob_mitigation,B1_utc,q,0.7,ALL,6678,2643,2744,1291,0,0.396,6678,0.742,-3495.2,-0.2371,35.9,2643,0.75,-1361.0,-0.2502,35.3,2744,0.73,-1503.9,-0.2359,36.0,-0.0143,0.7455,-0.0863,0.0814,0.692,0.788,-1746.0,-1129.5,,
s03_ob_mitigation,B2_lb2,q,0.7,ALL,6678,3425,3252,1,0,0.513,6678,0.742,-3495.2,-0.2371,35.9,3425,0.722,-1929.4,-0.2462,35.7,3252,0.763,-1563.2,-0.2273,36.2,-0.0189,0.609,-0.0751,0.0721,0.701,0.785,-2085.1,-1421.4,,
s03_ob_mitigation,B2_lb5,q,0.7,ALL,6678,3428,3250,0,0,0.513,6678,0.742,-3495.2,-0.2371,35.9,3428,0.7,-2113.6,-0.2701,34.9,3250,0.787,-1381.7,-0.2023,37.0,-0.0678,0.066,-0.0719,0.0751,0.702,0.787,-2072.8,-1392.6,,
s03_ob_mitigation,B3_db0.05,q,0.7,ALL,6678,2910,3041,645,82,0.436,6678,0.742,-3495.2,-0.2371,35.9,2910,0.799,-1160.9,-0.1879,37.5,3041,0.703,-1860.9,-0.2706,34.8,0.0827,0.036,-0.0758,0.0765,0.707,0.796,-1818.6,-1191.8,,
s03_ob_mitigation,B3_db0.10,q,0.7,ALL,6678,2571,2718,1307,82,0.385,6678,0.742,-3495.2,-0.2371,35.9,2571,0.807,-990.2,-0.1855,37.5,2718,0.713,-1610.7,-0.2592,35.1,0.0738,0.084,-0.0849,0.082,0.71,0.808,-1608.8,-1001.4,,
s03_ob_mitigation,B5_w2,q,0.7,ALL,6678,3225,3436,17,0,0.483,6678,0.742,-3495.2,-0.2371,35.9,3225,0.751,-1615.9,-0.2262,36.3,3436,0.735,-1866.0,-0.247,35.5,0.0208,0.5755,-0.0803,0.0766,0.7,0.788,-2092.5,-1384.7,,
s03_ob_mitigation,B1,q,0.7,TRAIN,4083,1745,1898,440,0,0.427,4083,0.738,-2076.1,-0.2413,36.2,1745,0.766,-784.0,-0.2436,36.2,1898,0.736,-971.5,-0.2224,36.8,-0.0213,0.711,-0.1063,0.1013,0.692,0.811,-1131.6,-638.4,0.698,
s03_ob_mitigation,B2,q,0.7,TRAIN,4083,2104,1979,0,0,0.515,4083,0.738,-2076.1,-0.2413,36.2,2104,0.7,-1235.8,-0.2578,35.7,1979,0.779,-840.3,-0.2238,36.7,-0.034,0.456,-0.0898,0.0925,0.687,0.792,-1270.9,-794.7,0.434,
s03_ob_mitigation,B3,q,0.7,TRAIN,4083,2054,2028,1,0,0.503,4083,0.738,-2076.1,-0.2413,36.2,2054,0.767,-918.5,-0.2195,36.9,2028,0.707,-1162.9,-0.2643,35.5,0.0448,0.34,-0.0947,0.0981,0.684,0.794,-1294.4,-789.9,0.326,
s03_ob_mitigation,B4,q,0.7,TRAIN,4083,1753,1970,360,0,0.429,4083,0.738,-2076.1,-0.2413,36.2,1753,0.85,-483.7,-0.153,39.2,1970,0.665,-1326.4,-0.3055,34.1,0.1525,0.0035,-0.0977,0.1048,0.693,0.81,-1145.7,-655.9,0.002,
s03_ob_mitigation,B5,q,0.7,TRAIN,4083,2026,2057,0,0,0.496,4083,0.738,-2076.1,-0.2413,36.2,2026,0.763,-919.0,-0.2262,36.7,2057,0.714,-1157.2,-0.2561,35.7,0.0299,0.5725,-0.0951,0.0986,0.686,0.796,-1287.4,-775.1,0.514,
s03_ob_mitigation,B6,q,0.7,TRAIN,4083,871,3018,194,0,0.213,4083,0.738,-2076.1,-0.2413,36.2,871,0.826,-284.7,-0.1775,38.2,3018,0.726,-1612.4,-0.2505,36.0,0.0729,0.145,-0.0975,0.0992,0.694,0.809,-1214.1,-681.3,0.192,
s03_ob_mitigation,C2,q,0.7,TRAIN,4083,1960,2075,0,48,0.48,4083,0.738,-2076.1,-0.2413,36.2,1960,0.753,-937.6,-0.2405,36.2,2075,0.718,-1141.6,-0.2485,36.0,0.0081,0.866,-0.0996,0.0989,0.681,0.791,-1297.4,-793.4,0.85,
s03_ob_mitigation,B1_utc,q,0.7,TRAIN,4083,1561,1646,876,0,0.382,4083,0.738,-2076.1,-0.2413,36.2,1561,0.729,-834.4,-0.2778,34.9,1646,0.748,-802.3,-0.2114,37.2,-0.0664,0.2595,-0.1156,0.1054,0.675,0.802,-1059.1,-589.0,,
s03_ob_mitigation,B2_lb2,q,0.7,TRAIN,4083,2108,1974,1,0,0.516,4083,0.738,-2076.1,-0.2413,36.2,2108,0.718,-1156.7,-0.242,36.2,1974,0.76,-916.7,-0.24,36.2,-0.0019,0.9635,-0.0906,0.0938,0.687,0.792,-1274.7,-786.5,,
s03_ob_mitigation,B2_lb5,q,0.7,TRAIN,4083,2088,1995,0,0,0.511,4083,0.738,-2076.1,-0.2413,36.2,2088,0.676,-1348.5,-0.284,34.8,1995,0.807,-727.6,-0.1966,37.7,-0.0874,0.0855,-0.0981,0.098,0.683,0.796,-1300.7,-786.0,,
s03_ob_mitigation,B3_db0.05,q,0.7,TRAIN,4083,1816,1813,372,82,0.445,4083,0.738,-2076.1,-0.2413,36.2,1816,0.779,-772.5,-0.2059,37.3,1813,0.695,-1091.6,-0.2751,35.1,0.0692,0.186,-0.1027,0.1011,0.68,0.798,-1170.7,-686.4,,
s03_ob_mitigation,B3_db0.10,q,0.7,TRAIN,4083,1610,1638,753,82,0.394,4083,0.738,-2076.1,-0.2413,36.2,1610,0.791,-644.4,-0.2,37.5,1638,0.713,-929.1,-0.2602,35.5,0.0602,0.28,-0.105,0.1077,0.692,0.815,-1020.5,-555.5,,
s03_ob_mitigation,B5_w2,q,0.7,TRAIN,4083,1971,2095,17,0,0.483,4083,0.738,-2076.1,-0.2413,36.2,1971,0.767,-877.6,-0.2149,37.1,2095,0.712,-1185.1,-0.2657,35.4,0.0508,0.32,-0.0976,0.1016,0.684,0.797,-1289.8,-773.4,,
s03_ob_mitigation,B1,q,0.7,TEST,2595,1135,1201,259,0,0.437,2595,0.748,-1419.1,-0.2306,35.4,1135,0.745,-630.9,-0.2279,35.5,1201,0.717,-746.9,-0.2616,34.4,0.0337,0.5685,-0.1165,0.1223,0.667,0.805,-897.2,-474.2,0.576,
s03_ob_mitigation,B2,q,0.7,TEST,2595,1357,1238,0,0,0.523,2595,0.748,-1419.1,-0.2306,35.4,1357,0.751,-727.5,-0.2342,35.4,1238,0.745,-691.6,-0.2266,35.5,-0.0076,0.8975,-0.1126,0.1114,0.684,0.816,-938.1,-489.6,0.898,
s03_ob_mitigation,B3,q,0.7,TEST,2595,1262,1333,0,0,0.486,2595,0.748,-1419.1,-0.2306,35.4,1262,0.802,-532.4,-0.1869,36.8,1333,0.699,-886.7,-0.2719,34.1,0.085,0.1365,-0.1074,0.1132,0.688,0.818,-925.5,-483.8,0.128,
s03_ob_mitigation,B4,q,0.7,TEST,2595,1110,1258,227,0,0.428,2595,0.748,-1419.1,-0.2306,35.4,1110,0.747,-599.0,-0.2302,35.6,1258,0.771,-622.9,-0.2212,35.7,-0.009,0.88,-0.118,0.1234,0.693,0.831,-826.0,-399.9,0.878,
s03_ob_mitigation,B5,q,0.7,TEST,2595,1277,1318,0,0,0.492,2595,0.748,-1419.1,-0.2306,35.4,1277,0.742,-718.6,-0.2411,35.0,1318,0.754,-700.5,-0.2204,35.8,-0.0207,0.724,-0.1073,0.1139,0.686,0.817,-928.8,-485.2,0.71,
s03_ob_mitigation,B6,q,0.7,TEST,2595,558,1930,107,0,0.215,2595,0.748,-1419.1,-0.2306,35.4,558,0.858,-162.1,-0.1358,38.7,1930,0.716,-1210.9,-0.261,34.4,0.1252,0.02,-0.1021,0.107,0.687,0.815,-900.7,-469.6,0.072,
s03_ob_mitigation,C2,q,0.7,TEST,2595,1241,1354,0,0,0.478,2595,0.748,-1419.1,-0.2306,35.4,1241,0.747,-679.0,-0.2299,35.5,1354,0.749,-740.1,-0.2312,35.4,0.0013,0.976,-0.1118,0.118,0.686,0.816,-927.8,-489.4,0.978,
s03_ob_mitigation,B1_utc,q,0.7,TEST,2595,1082,1098,415,0,0.417,2595,0.748,-1419.1,-0.2306,35.4,1082,0.777,-526.6,-0.2103,36.0,1098,0.706,-701.5,-0.2726,34.2,0.0623,0.3225,-0.1238,0.1157,0.673,0.812,-820.8,-414.5,,
s03_ob_mitigation,B2_lb2,q,0.7,TEST,2595,1317,1278,0,0,0.508,2595,0.748,-1419.1,-0.2306,35.4,1317,0.729,-772.7,-0.2529,34.8,1278,0.768,-646.4,-0.2076,36.1,-0.0453,0.4445,-0.1181,0.1159,0.684,0.816,-934.4,-485.6,,
s03_ob_mitigation,B2_lb5,q,0.7,TEST,2595,1340,1255,0,0,0.516,2595,0.748,-1419.1,-0.2306,35.4,1340,0.736,-765.0,-0.2485,34.9,1255,0.761,-654.1,-0.2115,35.9,-0.037,0.507,-0.1084,0.11,0.687,0.816,-932.9,-492.5,,
s03_ob_mitigation,B3_db0.05,q,0.7,TEST,2595,1094,1228,273,0,0.422,2595,0.748,-1419.1,-0.2306,35.4,1094,0.83,-388.4,-0.1582,37.8,1228,0.713,-769.3,-0.264,34.4,0.1058,0.068,-0.1114,0.1134,0.702,0.839,-781.8,-370.7,,
s03_ob_mitigation,B3_db0.10,q,0.7,TEST,2595,961,1080,554,0,0.37,2595,0.748,-1419.1,-0.2306,35.4,961,0.831,-345.8,-0.1611,37.6,1080,0.713,-681.6,-0.2578,34.5,0.0967,0.123,-0.1172,0.1236,0.699,0.847,-699.5,-315.4,,
s03_ob_mitigation,B5_w2,q,0.7,TEST,2595,1254,1341,0,0,0.483,2595,0.748,-1419.1,-0.2306,35.4,1254,0.728,-738.2,-0.2442,35.1,1341,0.767,-680.9,-0.2179,35.7,-0.0263,0.638,-0.1166,0.1157,0.685,0.817,-940.7,-487.4,,
s99_mss_fvg,B1,mid,0.75,ALL,1871,842,866,163,0,0.45,1871,0.834,-940.2,-0.198,42.1,842,0.776,-546.0,-0.2128,41.8,866,0.82,-503.8,-0.2102,41.3,-0.0026,0.964,-0.1107,0.1119,0.709,0.894,-778.9,-267.5,,
s99_mss_fvg,B2,mid,0.75,ALL,1871,758,1113,0,0,0.405,1871,0.834,-940.2,-0.198,42.1,758,0.789,-487.5,-0.2072,42.0,1113,0.865,-452.7,-0.1918,42.2,-0.0154,0.7755,-0.1088,0.1061,0.741,0.932,-761.5,-184.9,,
s99_mss_fvg,B3,mid,0.75,ALL,1871,1218,652,1,0,0.651,1871,0.834,-940.2,-0.198,42.1,1218,0.865,-511.5,-0.1834,42.4,652,0.774,-422.4,-0.224,41.6,0.0407,0.432,-0.0983,0.1022,0.744,0.928,-739.4,-195.9,,
s99_mss_fvg,B4,mid,0.75,ALL,1871,874,866,131,0,0.467,1871,0.834,-940.2,-0.198,42.1,874,0.901,-238.2,-0.1563,44.1,866,0.817,-522.0,-0.2183,41.0,0.062,0.2945,-0.1099,0.1084,0.755,0.957,-658.0,-111.8,,
s99_mss_fvg,B5,mid,0.75,ALL,1871,943,928,0,0,0.504,1871,0.834,-940.2,-0.198,42.1,943,0.815,-515.4,-0.213,41.7,928,0.853,-424.8,-0.1829,42.6,-0.0301,0.5715,-0.1028,0.1028,0.741,0.93,-751.9,-193.7,,
s99_mss_fvg,B6,mid,0.75,ALL,1871,536,1227,108,0,0.286,1871,0.834,-940.2,-0.198,42.1,536,0.754,-402.6,-0.2295,41.0,1227,0.834,-609.5,-0.1887,42.5,-0.0408,0.463,-0.1066,0.1065,0.718,0.904,-772.8,-240.6,,
s99_mss_fvg,C2,mid,0.75,ALL,1871,950,914,0,7,0.508,1871,0.834,-940.2,-0.198,42.1,950,0.811,-506.0,-0.2071,42.2,914,0.855,-431.6,-0.1889,42.0,-0.0182,0.7395,-0.0986,0.1088,0.743,0.929,-740.2,-194.4,,
s99_mss_fvg,B1_utc,mid,0.75,ALL,1871,808,757,306,0,0.432,1871,0.834,-940.2,-0.198,42.1,808,0.743,-621.0,-0.2157,41.6,757,0.928,-170.7,-0.1592,43.3,-0.0566,0.344,-0.1189,0.1147,0.736,0.933,-643.3,-157.0,,
s99_mss_fvg,B2_lb2,mid,0.75,ALL,1871,731,1140,0,0,0.391,1871,0.834,-940.2,-0.198,42.1,731,0.822,-387.6,-0.2104,41.9,1140,0.842,-552.6,-0.1901,42.3,-0.0203,0.7135,-0.1043,0.1026,0.744,0.932,-748.0,-188.4,,
s99_mss_fvg,B2_lb5,mid,0.75,ALL,1871,793,1078,0,0,0.424,1871,0.834,-940.2,-0.198,42.1,793,0.739,-658.2,-0.2318,40.7,1078,0.91,-282.0,-0.1732,43.1,-0.0587,0.2515,-0.1031,0.0981,0.745,0.926,-734.8,-201.7,,
s99_mss_fvg,B3_db0.05,mid,0.75,ALL,1871,1132,565,162,12,0.605,1871,0.834,-940.2,-0.198,42.1,1132,0.849,-542.5,-0.1954,42.0,565,0.752,-415.5,-0.2443,40.7,0.0489,0.352,-0.1082,0.105,0.726,0.915,-738.2,-217.8,,
s99_mss_fvg,B3_db0.10,mid,0.75,ALL,1871,1036,483,340,12,0.554,1871,0.834,-940.2,-0.198,42.1,1036,0.848,-511.8,-0.2017,41.6,483,0.737,-390.3,-0.2586,40.0,0.0569,0.3255,-0.1084,0.1182,0.717,0.917,-706.8,-199.0,,
s99_mss_fvg,B5_w2,mid,0.75,ALL,1871,936,933,2,0,0.5,1871,0.834,-940.2,-0.198,42.1,936,0.812,-520.5,-0.2088,41.9,933,0.855,-420.4,-0.1879,42.3,-0.0209,0.698,-0.102,0.1007,0.742,0.927,-750.8,-199.4,,
s99_mss_fvg,B1,mid,0.75,TRAIN,910,413,410,87,0,0.454,910,0.812,-396.2,-0.2626,41.2,413,0.853,-132.4,-0.2207,43.1,410,0.779,-221.7,-0.3058,39.3,0.0851,0.327,-0.1661,0.1695,0.669,0.97,-325.4,-28.3,,
s99_mss_fvg,B2,mid,0.75,TRAIN,910,354,556,0,0,0.389,910,0.812,-396.2,-0.2626,41.2,354,0.902,-79.9,-0.2783,40.7,556,0.756,-316.3,-0.2526,41.5,-0.0257,0.7435,-0.1522,0.161,0.69,0.946,-338.2,-54.2,,
s99_mss_fvg,B3,mid,0.75,TRAIN,910,605,305,0,0,0.665,910,0.812,-396.2,-0.2626,41.2,605,0.841,-226.4,-0.24,42.0,305,0.754,-169.8,-0.3075,39.7,0.0675,0.357,-0.1501,0.1393,0.679,0.944,-348.5,-55.2,,
s99_mss_fvg,B4,mid,0.75,TRAIN,910,452,398,60,0,0.497,910,0.812,-396.2,-0.2626,41.2,452,0.838,-168.5,-0.2329,42.5,398,0.823,-163.7,-0.2776,40.5,0.0447,0.6135,-0.1753,0.1636,0.676,0.994,-327.1,-6.4,,
s99_mss_fvg,B5,mid,0.75,TRAIN,910,447,463,0,0,0.491,910,0.812,-396.2,-0.2626,41.2,447,0.718,-293.0,-0.2849,40.7,463,0.904,-103.2,-0.2411,41.7,-0.0438,0.5625,-0.1545,0.148,0.677,0.96,-351.6,-40.4,,
s99_mss_fvg,B6,mid,0.75,TRAIN,910,276,576,58,0,0.303,910,0.812,-396.2,-0.2626,41.2,276,0.926,-43.4,-0.1965,44.2,576,0.79,-285.2,-0.2786,40.5,0.0821,0.2755,-0.1473,0.1536,0.682,0.99,-319.8,-9.8,,
s99_mss_fvg,C2,mid,0.75,TRAIN,910,470,433,0,7,0.516,910,0.812,-396.2,-0.2626,41.2,470,0.75,-267.6,-0.2678,41.5,433,0.877,-126.1,-0.2587,40.9,-0.0092,0.912,-0.1476,0.1569,0.672,0.966,-354.8,-33.6,,
s99_mss_fvg,B1_utc,mid,0.75,TRAIN,910,383,350,177,0,0.421,910,0.812,-396.2,-0.2626,41.2,383,0.73,-241.2,-0.2473,42.0,350,0.971,-22.6,-0.2045,43.1,-0.0427,0.643,-0.1718,0.1791,0.71,0.995,-251.8,-4.0,,
s99_mss_fvg,B2_lb2,mid,0.75,TRAIN,910,349,561,0,0,0.384,910,0.812,-396.2,-0.2626,41.2,349,0.913,-69.4,-0.2757,40.7,561,0.752,-326.9,-0.2545,41.5,-0.0213,0.8115,-0.1648,0.1549,0.675,0.963,-360.4,-38.0,,
s99_mss_fvg,B2_lb5,mid,0.75,TRAIN,910,381,529,0,0,0.419,910,0.812,-396.2,-0.2626,41.2,381,0.781,-208.0,-0.3419,37.8,529,0.838,-188.2,-0.2055,43.7,-0.1363,0.087,-0.1534,0.155,0.692,0.939,-340.1,-61.6,,
s99_mss_fvg,B3_db0.05,mid,0.75,TRAIN,910,566,266,66,12,0.622,910,0.812,-396.2,-0.2626,41.2,566,0.86,-185.5,-0.2292,42.4,266,0.761,-145.5,-0.3203,39.1,0.0911,0.2365,-0.1577,0.1597,0.694,0.982,-310.1,-16.6,,
s99_mss_fvg,B3_db0.10,mid,0.75,TRAIN,910,529,221,148,12,0.581,910,0.812,-396.2,-0.2626,41.2,529,0.832,-212.9,-0.2473,41.6,221,0.786,-108.5,-0.3359,38.5,0.0886,0.286,-0.1578,0.1662,0.679,0.972,-296.3,-22.9,,
s99_mss_fvg,B5_w2,mid,0.75,TRAIN,910,445,463,2,0,0.489,910,0.812,-396.2,-0.2626,41.2,445,0.695,-323.2,-0.3076,39.8,463,0.929,-73.8,-0.221,42.5,-0.0866,0.281,-0.1513,0.1618,0.673,0.965,-356.0,-36.3,,
s99_mss_fvg,B1,mid,0.75,TEST,961,429,456,76,0,0.446,961,0.847,-544.0,-0.1369,43.0,429,0.73,-413.6,-0.2051,40.6,456,0.842,-282.1,-0.1242,43.2,-0.0809,0.3005,-0.1583,0.1498,0.676,0.911,-553.8,-142.5,,
s99_mss_fvg,B2,mid,0.75,TEST,961,404,557,0,0,0.42,961,0.847,-544.0,-0.1369,43.0,404,0.727,-407.6,-0.1449,43.1,557,0.934,-136.4,-0.1311,42.9,-0.0137,0.8505,-0.1478,0.1379,0.725,0.973,-512.4,-44.2,,
s99_mss_fvg,B3,mid,0.75,TEST,961,613,347,1,0,0.638,961,0.847,-544.0,-0.1369,43.0,613,0.88,-285.1,-0.1275,42.9,347,0.786,-252.5,-0.1507,43.2,0.0232,0.7665,-0.1499,0.1511,0.73,0.977,-500.5,-38.0,,
s99_mss_fvg,B4,mid,0.75,TEST,961,422,468,71,0,0.439,961,0.847,-544.0,-0.1369,43.0,422,0.949,-69.7,-0.0743,45.7,468,0.814,-358.3,-0.1678,41.5,0.0935,0.214,-0.1544,0.1517,0.74,1.003,-430.1,3.8,,
s99_mss_fvg,B5,mid,0.75,TEST,961,496,465,0,0,0.516,961,0.847,-544.0,-0.1369,43.0,496,0.872,-222.4,-0.1482,42.5,465,0.823,-321.6,-0.1249,43.4,-0.0233,0.7515,-0.1421,0.1448,0.728,0.976,-493.4,-38.9,,
s99_mss_fvg,B6,mid,0.75,TEST,961,260,651,50,0,0.271,961,0.847,-544.0,-0.1369,43.0,260,0.658,-359.2,-0.2646,37.7,651,0.86,-324.3,-0.1092,44.2,-0.1553,0.0315,-0.145,0.1429,0.678,0.918,-559.9,-126.7,,
s99_mss_fvg,C2,mid,0.75,TEST,961,480,481,0,0,0.499,961,0.847,-544.0,-0.1369,43.0,480,0.852,-238.4,-0.1477,42.9,481,0.843,-305.6,-0.1261,43.0,-0.0216,0.7805,-0.1425,0.149,0.725,0.982,-498.6,-30.6,,
s99_mss_fvg,B1_utc,mid,0.75,TEST,961,425,407,129,0,0.442,961,0.847,-544.0,-0.1369,43.0,425,0.751,-379.9,-0.1873,41.2,407,0.906,-148.1,-0.1202,43.5,-0.0671,0.4025,-0.1573,0.1566,0.696,0.969,-487.8,-45.6,,
s99_mss_fvg,B2_lb2,mid,0.75,TEST,961,382,579,0,0,0.398,961,0.847,-544.0,-0.1369,43.0,382,0.769,-318.3,-0.1508,42.9,579,0.896,-225.7,-0.1278,43.0,-0.023,0.754,-0.1476,0.1491,0.726,0.987,-502.0,-23.1,,
s99_mss_fvg,B2_lb5,mid,0.75,TEST,961,412,549,0,0,0.429,961,0.847,-544.0,-0.1369,43.0,412,0.714,-450.1,-0.1301,43.4,549,0.953,-93.9,-0.142,42.6,0.0119,0.8545,-0.1378,0.1444,0.726,0.978,-499.2,-35.6,,
s99_mss_fvg,B3_db0.05,mid,0.75,TEST,961,566,299,96,0,0.589,961,0.847,-544.0,-0.1369,43.0,566,0.842,-357.0,-0.1616,41.5,299,0.747,-270.0,-0.1766,42.1,0.0151,0.8495,-0.1575,0.1539,0.689,0.946,-536.2,-87.2,,
s99_mss_fvg,B3_db0.10,mid,0.75,TEST,961,507,262,192,0,0.528,961,0.847,-544.0,-0.1369,43.0,507,0.857,-298.9,-0.1541,41.6,262,0.712,-281.8,-0.1934,41.2,0.0393,0.639,-0.1631,0.1591,0.686,0.955,-498.0,-67.3,,
s99_mss_fvg,B5_w2,mid,0.75,TEST,961,491,470,0,0,0.511,961,0.847,-544.0,-0.1369,43.0,491,0.884,-197.3,-0.1193,43.8,470,0.813,-346.6,-0.1554,42.1,0.0361,0.614,-0.1495,0.1434,0.723,0.97,-502.8,-51.5,,
s99_mss_fvg,B1,mid,1.0,ALL,1871,842,866,163,0,0.45,1871,0.763,-1407.9,-0.2809,42.1,842,0.704,-756.5,-0.2976,41.7,866,0.753,-720.3,-0.2907,41.3,-0.0069,0.9085,-0.1089,0.1221,0.645,0.823,-1003.5,-470.1,0.904,
s99_mss_fvg,B2,mid,1.0,ALL,1871,758,1113,0,0,0.405,1871,0.763,-1407.9,-0.2809,42.1,758,0.72,-677.0,-0.2907,41.8,1113,0.792,-731.0,-0.2742,42.2,-0.0164,0.7485,-0.1054,0.105,0.685,0.853,-963.1,-414.2,0.766,
s99_mss_fvg,B3,mid,1.0,ALL,1871,1218,652,1,0,0.651,1871,0.763,-1407.9,-0.2809,42.1,1218,0.794,-816.0,-0.2642,42.4,652,0.702,-585.4,-0.3107,41.4,0.0465,0.371,-0.1072,0.103,0.683,0.852,-976.6,-421.7,0.464,
s99_mss_fvg,B4,mid,1.0,ALL,1871,874,866,131,0,0.467,1871,0.763,-1407.9,-0.2809,42.1,874,0.82,-456.7,-0.2416,44.1,866,0.752,-738.5,-0.2987,41.0,0.0571,0.326,-0.1068,0.1169,0.693,0.877,-869.0,-328.7,0.296,
s99_mss_fvg,B5,mid,1.0,ALL,1871,943,928,0,0,0.504,1871,0.763,-1407.9,-0.2809,42.1,943,0.742,-751.1,-0.2974,41.6,928,0.783,-656.8,-0.264,42.6,-0.0334,0.52,-0.1063,0.1039,0.673,0.853,-991.3,-423.8,0.56,
s99_mss_fvg,B6,mid,1.0,ALL,1871,536,1227,108,0,0.286,1871,0.763,-1407.9,-0.2809,42.1,536,0.688,-536.6,-0.3134,41.0,1227,0.762,-916.2,-0.2715,42.4,-0.0419,0.4485,-0.1013,0.1068,0.656,0.831,-983.9,-457.7,0.478,
s99_mss_fvg,C2,mid,1.0,ALL,1871,950,914,0,7,0.508,1871,0.763,-1407.9,-0.2809,42.1,950,0.736,-743.5,-0.2936,42.1,914,0.787,-660.1,-0.268,42.0,-0.0255,0.6565,-0.1065,0.1093,0.673,0.858,-981.0,-408.9,0.624,
s99_mss_fvg,B1_utc,mid,1.0,ALL,1871,808,757,306,0,0.432,1871,0.763,-1407.9,-0.2809,42.1,808,0.676,-823.0,-0.2989,41.5,757,0.854,-359.9,-0.2396,43.3,-0.0594,0.323,-0.1204,0.1237,0.668,0.862,-844.6,-343.6,,
s99_mss_fvg,B2_lb2,mid,1.0,ALL,1871,731,1140,0,0,0.391,1871,0.763,-1407.9,-0.2809,42.1,731,0.75,-570.4,-0.2941,41.7,1140,0.771,-837.6,-0.2724,42.3,-0.0217,0.677,-0.1028,0.1046,0.676,0.855,-990.9,-420.6,,
s99_mss_fvg,B2_lb5,mid,1.0,ALL,1871,793,1078,0,0,0.424,1871,0.763,-1407.9,-0.2809,42.1,793,0.675,-856.4,-0.3136,40.6,1078,0.833,-551.5,-0.2568,43.1,-0.0568,0.281,-0.1008,0.1041,0.682,0.853,-965.9,-432.8,,
s99_mss_fvg,B3_db0.05,mid,1.0,ALL,1871,1132,565,162,12,0.605,1871,0.763,-1407.9,-0.2809,42.1,1132,0.78,-825.5,-0.2761,42.0,565,0.683,-556.8,-0.3304,40.5,0.0543,0.327,-0.1118,0.107,0.661,0.838,-967.8,-427.9,,
s99_mss_fvg,B3_db0.10,mid,1.0,ALL,1871,1036,483,340,12,0.554,1871,0.763,-1407.9,-0.2809,42.1,1036,0.78,-770.8,-0.2814,41.6,483,0.672,-511.0,-0.343,39.8,0.0616,0.281,-0.1177,0.1157,0.649,0.842,-911.9,-383.8,,
s99_mss_fvg,B5_w2,mid,1.0,ALL,1871,936,933,2,0,0.5,1871,0.763,-1407.9,-0.2809,42.1,936,0.74,-754.5,-0.2935,41.8,933,0.784,-653.7,-0.2689,42.3,-0.0246,0.647,-0.1068,0.1052,0.678,0.851,-976.3,-425.2,,
s99_mss_fvg,B1,mid,1.0,TRAIN,910,413,410,87,0,0.454,910,0.722,-623.7,-0.3596,41.1,413,0.754,-235.7,-0.319,42.9,410,0.696,-324.2,-0.4015,39.3,0.0825,0.3395,-0.1689,0.1603,0.586,0.867,-430.6,-130.8,0.348,
s99_mss_fvg,B2,mid,1.0,TRAIN,910,354,556,0,0,0.389,910,0.722,-623.7,-0.3596,41.1,354,0.805,-168.4,-0.3753,40.4,556,0.67,-455.3,-0.3497,41.5,-0.0256,0.762,-0.1528,0.1576,0.613,0.843,-454.9,-165.8,0.77,
s99_mss_fvg,B3,mid,1.0,TRAIN,910,605,305,0,0,0.665,910,0.722,-623.7,-0.3596,41.1,605,0.75,-377.6,-0.3359,42.0,305,0.666,-246.1,-0.4066,39.3,0.0707,0.339,-0.145,0.1415,0.609,0.844,-459.5,-166.7,0.404,
s99_mss_fvg,B4,mid,1.0,TRAIN,910,452,398,60,0,0.497,910,0.722,-623.7,-0.3596,41.1,452,0.745,-281.5,-0.3306,42.5,398,0.732,-263.2,-0.3745,40.5,0.044,0.6085,-0.17,0.1604,0.598,0.877,-430.4,-123.1,0.602,
s99_mss_fvg,B5,mid,1.0,TRAIN,910,447,463,0,0,0.491,910,0.722,-623.7,-0.3596,41.1,447,0.634,-404.7,-0.3842,40.5,463,0.808,-219.0,-0.3359,41.7,-0.0483,0.527,-0.152,0.1514,0.602,0.857,-462.9,-153.7,0.548,
s99_mss_fvg,B6,mid,1.0,TRAIN,910,276,576,58,0,0.303,910,0.722,-623.7,-0.3596,41.1,276,0.821,-112.4,-0.2961,44.2,576,0.702,-429.2,-0.3747,40.3,0.0786,0.307,-0.1446,0.1488,0.609,0.882,-424.6,-112.8,0.404,
s99_mss_fvg,C2,mid,1.0,TRAIN,910,470,433,0,7,0.516,910,0.722,-623.7,-0.3596,41.1,470,0.662,-385.1,-0.368,41.3,433,0.784,-234.3,-0.3526,40.9,-0.0153,0.839,-0.1623,0.1575,0.592,0.86,-467.0,-150.9,0.866,
s99_mss_fvg,B1_utc,mid,1.0,TRAIN,910,383,350,177,0,0.421,910,0.722,-623.7,-0.3596,41.1,383,0.645,-336.9,-0.3439,41.8,350,0.868,-110.1,-0.2996,43.1,-0.0443,0.6165,-0.179,0.1749,0.615,0.892,-355.2,-88.9,,
s99_mss_fvg,B2_lb2,mid,1.0,TRAIN,910,349,561,0,0,0.384,910,0.722,-623.7,-0.3596,41.1,349,0.815,-156.6,-0.3718,40.4,561,0.666,-467.1,-0.352,41.5,-0.0198,0.8145,-0.1582,0.1595,0.613,0.85,-456.5,-158.9,,
s99_mss_fvg,B2_lb5,mid,1.0,TRAIN,910,381,529,0,0,0.419,910,0.722,-623.7,-0.3596,41.1,381,0.699,-303.3,-0.4361,37.5,529,0.741,-320.4,-0.3046,43.7,-0.1315,0.09,-0.1495,0.1563,0.618,0.839,-445.2,-173.9,,
s99_mss_fvg,B3_db0.05,mid,1.0,TRAIN,910,566,266,66,12,0.622,910,0.722,-623.7,-0.3596,41.1,566,0.767,-327.0,-0.325,42.4,266,0.673,-212.0,-0.4188,38.7,0.0938,0.2275,-0.1521,0.1484,0.616,0.873,-413.0,-124.3,,
s99_mss_fvg,B3_db0.10,mid,1.0,TRAIN,910,529,221,148,12,0.581,910,0.722,-623.7,-0.3596,41.1,529,0.744,-345.1,-0.3423,41.6,221,0.698,-163.7,-0.4341,38.0,0.0918,0.259,-0.1656,0.1575,0.601,0.868,-392.7,-119.4,,
s99_mss_fvg,B5_w2,mid,1.0,TRAIN,910,445,463,2,0,0.489,910,0.722,-623.7,-0.3596,41.1,445,0.615,-434.4,-0.4066,39.6,463,0.829,-189.5,-0.3163,42.5,-0.0903,0.2645,-0.1633,0.1595,0.593,0.856,-475.2,-156.0,,
s99_mss_fvg,B1,mid,1.0,TEST,961,429,456,76,0,0.446,961,0.788,-784.2,-0.2063,43.0,429,0.674,-520.8,-0.277,40.6,456,0.786,-396.1,-0.1911,43.2,-0.086,0.261,-0.1475,0.1518,0.623,0.852,-670.1,-242.3,0.306,
s99_mss_fvg,B2,mid,1.0,TEST,961,404,557,0,0,0.42,961,0.788,-784.2,-0.2063,43.0,404,0.672,-508.6,-0.2165,43.1,557,0.871,-275.6,-0.1989,42.9,-0.0176,0.8235,-0.1463,0.1481,0.675,0.908,-625.2,-163.5,0.842,
s99_mss_fvg,B3,mid,1.0,TEST,961,613,347,1,0,0.638,961,0.788,-784.2,-0.2063,43.0,613,0.821,-438.4,-0.1933,42.9,347,0.724,-339.3,-0.2264,43.2,0.0331,0.681,-0.1545,0.1469,0.676,0.905,-611.1,-164.6,0.684,
s99_mss_fvg,B4,mid,1.0,TEST,961,422,468,71,0,0.439,961,0.788,-784.2,-0.2063,43.0,422,0.878,-175.2,-0.1463,45.7,468,0.762,-475.3,-0.2342,41.5,0.0879,0.2615,-0.144,0.1543,0.684,0.936,-548.5,-104.4,0.28,
s99_mss_fvg,B5,mid,1.0,TEST,961,496,465,0,0,0.516,961,0.788,-784.2,-0.2063,43.0,496,0.809,-346.4,-0.2192,42.5,465,0.767,-437.8,-0.1925,43.4,-0.0267,0.7255,-0.1497,0.1472,0.667,0.908,-629.9,-169.5,0.748,
s99_mss_fvg,B6,mid,1.0,TEST,961,260,651,50,0,0.271,961,0.788,-784.2,-0.2063,43.0,260,0.611,-424.2,-0.3317,37.7,651,0.798,-487.0,-0.1801,44.2,-0.1516,0.046,-0.1463,0.1489,0.636,0.852,-661.0,-242.5,0.07,
s99_mss_fvg,C2,mid,1.0,TEST,961,480,481,0,0,0.499,961,0.788,-784.2,-0.2063,43.0,480,0.786,-358.4,-0.2207,42.9,481,0.789,-425.8,-0.1919,43.0,-0.0289,0.697,-0.1514,0.1453,0.67,0.907,-629.7,-166.8,0.7,
s99_mss_fvg,B1_utc,mid,1.0,TEST,961,425,407,129,0,0.442,961,0.788,-784.2,-0.2063,43.0,425,0.694,-486.1,-0.2584,41.2,407,0.847,-249.8,-0.188,43.5,-0.0705,0.405,-0.1547,0.1617,0.643,0.904,-583.2,-147.3,,
s99_mss_fvg,B2_lb2,mid,1.0,TEST,961,382,579,0,0,0.398,961,0.788,-784.2,-0.2063,43.0,382,0.711,-413.8,-0.2231,42.9,579,0.836,-370.5,-0.1952,43.0,-0.0279,0.697,-0.1516,0.1426,0.668,0.913,-634.0,-153.4,,
s99_mss_fvg,B2_lb5,mid,1.0,TEST,961,412,549,0,0,0.429,961,0.788,-784.2,-0.2063,43.0,412,0.661,-553.1,-0.2003,43.4,549,0.888,-231.1,-0.2108,42.6,0.0104,0.889,-0.1346,0.1468,0.676,0.909,-610.9,-165.0,,
s99_mss_fvg,B3_db0.05,mid,1.0,TEST,961,566,299,96,0,0.589,961,0.788,-784.2,-0.2063,43.0,566,0.787,-498.5,-0.2271,41.5,299,0.689,-344.8,-0.2517,42.1,0.0246,0.746,-0.1486,0.1629,0.636,0.889,-647.3,-181.2,,
s99_mss_fvg,B3_db0.10,mid,1.0,TEST,961,507,262,192,0,0.528,961,0.788,-784.2,-0.2063,43.0,507,0.803,-425.7,-0.2179,41.6,262,0.658,-347.3,-0.2662,41.2,0.0482,0.5625,-0.1609,0.1668,0.629,0.895,-603.7,-159.6,,
s99_mss_fvg,B5_w2,mid,1.0,TEST,961,491,470,0,0,0.511,961,0.788,-784.2,-0.2063,43.0,491,0.82,-320.1,-0.1911,43.8,470,0.758,-464.1,-0.2222,42.1,0.0311,0.694,-0.1489,0.1512,0.669,0.905,-616.7,-169.8,,
s99_mss_fvg,B1,q,0.45,ALL,1871,842,866,163,0,0.45,1871,0.822,-1001.2,-0.1972,38.2,842,0.735,-646.9,-0.2224,37.3,866,0.837,-445.7,-0.1951,38.1,-0.0273,0.6165,-0.1095,0.1176,0.696,0.889,-810.7,-282.2,,
s99_mss_fvg,B2,q,0.45,ALL,1871,758,1113,0,0,0.405,1871,0.822,-1001.2,-0.1972,38.2,758,0.777,-510.2,-0.2088,37.9,1113,0.853,-491.0,-0.1894,38.4,-0.0193,0.722,-0.1061,0.1037,0.73,0.914,-790.2,-237.7,,
s99_mss_fvg,B3,q,0.45,ALL,1871,1218,652,1,0,0.651,1871,0.822,-1001.2,-0.1972,38.2,1218,0.859,-526.6,-0.1805,38.7,652,0.749,-468.6,-0.2272,37.3,0.0467,0.3685,-0.1012,0.1074,0.731,0.918,-766.7,-224.5,,
s99_mss_fvg,B4,q,0.45,ALL,1871,874,866,131,0,0.467,1871,0.822,-1001.2,-0.1972,38.2,874,0.88,-287.3,-0.1571,39.9,866,0.813,-526.7,-0.2108,37.4,0.0538,0.3345,-0.1103,0.1099,0.745,0.945,-679.9,-136.4,,
s99_mss_fvg,B5,q,0.45,ALL,1871,943,928,0,0,0.504,1871,0.822,-1001.2,-0.1972,38.2,943,0.805,-535.2,-0.2017,38.2,928,0.838,-466.0,-0.1927,38.1,-0.009,0.863,-0.1049,0.1084,0.729,0.917,-777.0,-222.1,,
s99_mss_fvg,B6,q,0.45,ALL,1871,536,1227,108,0,0.286,1871,0.822,-1001.2,-0.1972,38.2,536,0.726,-447.5,-0.2342,36.8,1227,0.828,-626.6,-0.1876,38.5,-0.0466,0.408,-0.1107,0.1089,0.706,0.894,-800.0,-273.3,,
s99_mss_fvg,C2,q,0.45,ALL,1871,950,914,0,7,0.508,1871,0.822,-1001.2,-0.1972,38.2,950,0.79,-557.9,-0.2008,38.3,914,0.854,-429.2,-0.1918,38.1,-0.009,0.8725,-0.105,0.1126,0.735,0.922,-748.7,-210.7,,
s99_mss_fvg,B1_utc,q,0.45,ALL,1871,808,757,306,0,0.432,1871,0.822,-1001.2,-0.1972,38.2,808,0.732,-641.9,-0.2132,37.6,757,0.935,-151.5,-0.148,39.9,-0.0652,0.2645,-0.112,0.1168,0.733,0.936,-635.9,-144.5,,
s99_mss_fvg,B2_lb2,q,0.45,ALL,1871,731,1140,0,0,0.391,1871,0.822,-1001.2,-0.1972,38.2,731,0.793,-450.2,-0.2189,37.5,1140,0.84,-551.0,-0.1834,38.6,-0.0355,0.5195,-0.1012,0.1052,0.729,0.919,-785.1,-223.3,,
s99_mss_fvg,B2_lb5,q,0.45,ALL,1871,793,1078,0,0,0.424,1871,0.822,-1001.2,-0.1972,38.2,793,0.737,-656.3,-0.2278,36.9,1078,0.89,-344.9,-0.1748,39.1,-0.053,0.3095,-0.1032,0.1034,0.727,0.913,-781.7,-237.7,,
s99_mss_fvg,B3_db0.05,q,0.45,ALL,1871,1132,565,162,12,0.605,1871,0.822,-1001.2,-0.1972,38.2,1132,0.845,-550.7,-0.1953,38.1,565,0.734,-441.5,-0.2381,36.8,0.0427,0.452,-0.107,0.1131,0.714,0.906,-766.7,-234.0,,
s99_mss_fvg,B3_db0.10,q,0.45,ALL,1871,1036,483,340,12,0.554,1871,0.822,-1001.2,-0.1972,38.2,1036,0.84,-533.3,-0.2045,37.6,483,0.734,-388.9,-0.2398,36.6,0.0353,0.555,-0.1117,0.1084,0.71,0.911,-721.5,-208.4,,
s99_mss_fvg,B5_w2,q,0.45,ALL,1871,936,933,2,0,0.5,1871,0.822,-1001.2,-0.1972,38.2,936,0.816,-500.4,-0.1844,38.9,933,0.827,-502.1,-0.2109,37.4,0.0264,0.6255,-0.1066,0.1064,0.726,0.918,-779.5,-220.6,,
s99_mss_fvg,B1,q,0.45,TRAIN,910,413,410,87,0,0.454,910,0.817,-377.2,-0.2527,37.0,413,0.839,-143.0,-0.2206,38.5,410,0.81,-183.7,-0.2782,35.9,0.0576,0.488,-0.1519,0.16,0.671,0.991,-312.2,-8.4,,
s99_mss_fvg,B2,q,0.45,TRAIN,910,354,556,0,0,0.389,910,0.817,-377.2,-0.2527,37.0,354,0.904,-76.4,-0.2741,36.2,556,0.762,-300.7,-0.2391,37.6,-0.035,0.64,-0.1619,0.1567,0.685,0.953,-335.4,-46.7,,
s99_mss_fvg,B3,q,0.45,TRAIN,910,605,305,0,0,0.665,910,0.817,-377.2,-0.2527,37.0,605,0.855,-201.0,-0.2232,38.2,305,0.741,-176.2,-0.3112,34.8,0.088,0.2105,-0.1423,0.1307,0.688,0.946,-331.0,-54.2,,
s99_mss_fvg,B4,q,0.45,TRAIN,910,452,398,60,0,0.497,910,0.817,-377.2,-0.2527,37.0,452,0.833,-170.0,-0.2207,38.5,398,0.848,-136.3,-0.2612,36.4,0.0405,0.615,-0.1601,0.1619,0.687,1.001,-309.6,1.0,,
s99_mss_fvg,B5,q,0.45,TRAIN,910,447,463,0,0,0.491,910,0.817,-377.2,-0.2527,37.0,447,0.728,-274.2,-0.2606,37.1,463,0.903,-103.0,-0.2451,36.9,-0.0156,0.8485,-0.1612,0.1524,0.677,0.973,-346.4,-26.0,,
s99_mss_fvg,B6,q,0.45,TRAIN,910,276,576,58,0,0.303,910,0.817,-377.2,-0.2527,37.0,276,0.934,-37.8,-0.1812,40.2,576,0.787,-284.0,-0.2772,35.9,0.096,0.209,-0.1527,0.1452,0.681,1.0,-316.6,0.4,,
s99_mss_fvg,C2,q,0.45,TRAIN,910,470,433,0,7,0.516,910,0.817,-377.2,-0.2527,37.0,470,0.764,-244.6,-0.2432,37.9,433,0.882,-118.4,-0.2602,36.3,0.017,0.8325,-0.1499,0.1558,0.685,0.976,-333.5,-23.7,,
s99_mss_fvg,B1_utc,q,0.45,TRAIN,910,383,350,177,0,0.421,910,0.817,-377.2,-0.2527,37.0,383,0.732,-234.7,-0.2383,37.9,350,1.029,21.7,-0.1683,40.0,-0.0699,0.429,-0.1705,0.1805,0.725,1.031,-233.6,23.7,,
s99_mss_fvg,B2_lb2,q,0.45,TRAIN,910,349,561,0,0,0.384,910,0.817,-377.2,-0.2527,37.0,349,0.898,-80.0,-0.2812,35.8,561,0.767,-297.2,-0.235,37.8,-0.0463,0.572,-0.1484,0.1578,0.687,0.963,-339.2,-35.8,,
s99_mss_fvg,B2_lb5,q,0.45,TRAIN,910,381,529,0,0,0.419,910,0.817,-377.2,-0.2527,37.0,381,0.784,-201.1,-0.3395,33.3,529,0.845,-176.1,-0.1902,39.7,-0.1494,0.0625,-0.156,0.1571,0.692,0.949,-332.5,-51.1,,
s99_mss_fvg,B3_db0.05,q,0.45,TRAIN,910,566,266,66,12,0.622,910,0.817,-377.2,-0.2527,37.0,566,0.873,-164.4,-0.2149,38.5,266,0.779,-130.4,-0.3051,35.0,0.0902,0.231,-0.15,0.1474,0.702,0.986,-291.1,-13.0,,
s99_mss_fvg,B3_db0.10,q,0.45,TRAIN,910,529,221,148,12,0.581,910,0.817,-377.2,-0.2527,37.0,529,0.84,-198.4,-0.2363,37.6,221,0.807,-94.8,-0.3194,34.4,0.0831,0.3085,-0.1512,0.1648,0.693,0.993,-276.4,-5.5,,
s99_mss_fvg,B5_w2,q,0.45,TRAIN,910,445,463,2,0,0.489,910,0.817,-377.2,-0.2527,37.0,445,0.737,-266.1,-0.256,37.3,463,0.893,-112.4,-0.2513,36.7,-0.0046,0.957,-0.1521,0.1604,0.676,0.965,-343.8,-33.2,,
s99_mss_fvg,B1,q,0.45,TEST,961,429,456,76,0,0.446,961,0.825,-624.0,-0.1447,39.2,429,0.676,-503.9,-0.2241,36.1,456,0.852,-262.0,-0.1203,40.1,-0.1038,0.184,-0.1509,0.1566,0.654,0.891,-593.1,-171.3,,
s99_mss_fvg,B2,q,0.45,TEST,961,404,557,0,0,0.42,961,0.825,-624.0,-0.1447,39.2,404,0.709,-433.8,-0.1515,39.4,557,0.908,-190.2,-0.1398,39.1,-0.0116,0.886,-0.1474,0.1493,0.701,0.951,-552.5,-84.3,,
s99_mss_fvg,B3,q,0.45,TEST,961,613,347,1,0,0.638,961,0.825,-624.0,-0.1447,39.2,613,0.862,-325.6,-0.1383,39.2,347,0.754,-292.4,-0.1534,39.5,0.015,0.833,-0.1472,0.1522,0.701,0.954,-544.8,-78.7,,
s99_mss_fvg,B4,q,0.45,TEST,961,422,468,71,0,0.439,961,0.825,-624.0,-0.1447,39.2,422,0.915,-117.3,-0.089,41.5,468,0.797,-390.5,-0.168,38.2,0.079,0.3115,-0.1542,0.1542,0.719,0.981,-475.5,-32.4,,
s99_mss_fvg,B5,q,0.45,TEST,961,496,465,0,0,0.516,961,0.825,-624.0,-0.1447,39.2,496,0.85,-261.0,-0.1486,39.1,465,0.801,-363.0,-0.1406,39.4,-0.008,0.9075,-0.1448,0.1429,0.696,0.945,-551.8,-92.7,,
s99_mss_fvg,B6,q,0.45,TEST,961,260,651,50,0,0.271,961,0.825,-624.0,-0.1447,39.2,260,0.614,-409.6,-0.2905,33.1,651,0.852,-342.5,-0.1084,40.9,-0.1821,0.0155,-0.1452,0.1524,0.661,0.893,-595.2,-168.4,,
s99_mss_fvg,C2,q,0.45,TEST,961,480,481,0,0,0.499,961,0.825,-624.0,-0.1447,39.2,480,0.807,-313.3,-0.1593,38.8,481,0.839,-310.8,-0.1302,39.7,-0.0291,0.6875,-0.1414,0.1499,0.706,0.957,-534.1,-75.4,,
s99_mss_fvg,B1_utc,q,0.45,TEST,961,425,407,129,0,0.442,961,0.825,-624.0,-0.1447,39.2,425,0.733,-407.1,-0.1906,37.4,407,0.89,-173.2,-0.1306,39.8,-0.0601,0.464,-0.1603,0.1618,0.676,0.943,-503.6,-82.3,,
s99_mss_fvg,B2_lb2,q,0.45,TEST,961,382,579,0,0,0.398,961,0.825,-624.0,-0.1447,39.2,382,0.733,-370.2,-0.1619,39.0,579,0.883,-253.8,-0.1334,39.4,-0.0284,0.6955,-0.1447,0.1433,0.705,0.963,-547.0,-61.8,,
s99_mss_fvg,B2_lb5,q,0.45,TEST,961,412,549,0,0,0.429,961,0.825,-624.0,-0.1447,39.2,412,0.708,-455.2,-0.1244,40.3,549,0.915,-168.8,-0.16,38.4,0.0355,0.632,-0.1392,0.1458,0.711,0.954,-527.4,-81.7,,
s99_mss_fvg,B3_db0.05,q,0.45,TEST,961,566,299,96,0,0.589,961,0.825,-624.0,-0.1447,39.2,566,0.829,-386.2,-0.1757,37.6,299,0.71,-311.0,-0.1784,38.5,0.0027,0.976,-0.16,0.1579,0.661,0.918,-580.1,-130.7,,
s99_mss_fvg,B3_db0.10,q,0.45,TEST,961,507,262,192,0,0.528,961,0.825,-624.0,-0.1447,39.2,507,0.839,-334.9,-0.1714,37.7,262,0.698,-294.1,-0.1727,38.5,0.0013,0.988,-0.1603,0.1588,0.665,0.937,-531.0,-93.4,,
s99_mss_fvg,B5_w2,q,0.45,TEST,961,491,470,0,0,0.511,961,0.825,-624.0,-0.1447,39.2,491,0.863,-234.3,-0.1196,40.3,470,0.79,-389.7,-0.171,38.1,0.0514,0.489,-0.1444,0.1419,0.705,0.955,-540.9,-79.9,,
s99_mss_fvg,B1,q,0.7,ALL,1871,842,866,163,0,0.45,1871,0.751,-1469.0,-0.2801,38.2,842,0.667,-857.4,-0.3073,37.3,866,0.769,-662.2,-0.2756,38.1,-0.0317,0.5985,-0.1154,0.1058,0.635,0.808,-1020.4,-506.7,0.552,
s99_mss_fvg,B2,q,0.7,ALL,1871,758,1113,0,0,0.405,1871,0.751,-1469.0,-0.2801,38.2,758,0.709,-699.7,-0.2922,37.9,1113,0.78,-769.2,-0.2718,38.4,-0.0204,0.6945,-0.1105,0.103,0.668,0.84,-1007.4,-462.1,0.734,
s99_mss_fvg,B3,q,0.7,ALL,1871,1218,652,1,0,0.651,1871,0.751,-1469.0,-0.2801,38.2,1218,0.789,-831.1,-0.2613,38.7,652,0.679,-631.6,-0.3139,37.3,0.0526,0.318,-0.103,0.1019,0.667,0.841,-1000.8,-456.0,0.354,
s99_mss_fvg,B4,q,0.7,ALL,1871,874,866,131,0,0.467,1871,0.751,-1469.0,-0.2801,38.2,874,0.8,-505.8,-0.2424,39.9,866,0.748,-743.2,-0.2913,37.4,0.0489,0.416,-0.119,0.1189,0.679,0.87,-895.8,-349.0,0.404,
s99_mss_fvg,B5,q,0.7,ALL,1871,943,928,0,0,0.504,1871,0.751,-1469.0,-0.2801,38.2,943,0.733,-771.0,-0.2861,38.2,928,0.769,-698.0,-0.2739,38.1,-0.0122,0.8255,-0.1108,0.1035,0.667,0.842,-999.7,-457.7,0.83,
s99_mss_fvg,B6,q,0.7,ALL,1871,536,1227,108,0,0.286,1871,0.751,-1469.0,-0.2801,38.2,536,0.662,-581.5,-0.3181,36.8,1227,0.756,-933.3,-0.2704,38.5,-0.0477,0.3725,-0.1024,0.1069,0.646,0.813,-1016.8,-504.1,0.458,
s99_mss_fvg,C2,q,0.7,ALL,1871,950,914,0,7,0.508,1871,0.751,-1469.0,-0.2801,38.2,950,0.717,-795.4,-0.2873,38.3,914,0.786,-657.7,-0.2709,38.1,-0.0164,0.7505,-0.1089,0.1076,0.659,0.843,-1018.8,-447.1,0.778,
s99_mss_fvg,B1_utc,q,0.7,ALL,1871,808,757,306,0,0.432,1871,0.751,-1469.0,-0.2801,38.2,808,0.666,-843.9,-0.2964,37.6,757,0.86,-340.7,-0.2284,39.9,-0.068,0.245,-0.1142,0.1131,0.665,0.855,-849.2,-345.8,,
s99_mss_fvg,B2_lb2,q,0.7,ALL,1871,731,1140,0,0,0.391,1871,0.751,-1469.0,-0.2801,38.2,731,0.723,-632.9,-0.3025,37.5,1140,0.769,-836.0,-0.2657,38.6,-0.0369,0.511,-0.105,0.1056,0.668,0.84,-1007.4,-452.4,,
s99_mss_fvg,B2_lb5,q,0.7,ALL,1871,793,1078,0,0,0.424,1871,0.751,-1469.0,-0.2801,38.2,793,0.673,-854.5,-0.3095,36.9,1078,0.813,-614.4,-0.2584,39.1,-0.0511,0.337,-0.1015,0.1069,0.671,0.841,-998.1,-466.4,,
s99_mss_fvg,B3_db0.05,q,0.7,ALL,1871,1132,565,162,12,0.605,1871,0.751,-1469.0,-0.2801,38.2,1132,0.776,-833.7,-0.276,38.1,565,0.667,-582.7,-0.3242,36.8,0.0481,0.399,-0.1085,0.1121,0.658,0.838,-958.2,-429.4,,
s99_mss_fvg,B3_db0.10,q,0.7,ALL,1871,1036,483,340,12,0.554,1871,0.751,-1469.0,-0.2801,38.2,1036,0.773,-792.3,-0.2843,37.6,483,0.669,-509.6,-0.3242,36.6,0.04,0.472,-0.1154,0.1023,0.646,0.837,-908.2,-401.9,,
s99_mss_fvg,B5_w2,q,0.7,ALL,1871,936,933,2,0,0.5,1871,0.751,-1469.0,-0.2801,38.2,936,0.743,-734.4,-0.2692,38.9,933,0.759,-735.4,-0.2918,37.4,0.0227,0.692,-0.1079,0.1122,0.665,0.848,-1008.4,-438.2,,
s99_mss_fvg,B1,q,0.7,TRAIN,910,413,410,87,0,0.454,910,0.726,-604.7,-0.3497,37.0,413,0.742,-246.2,-0.3189,38.5,410,0.723,-286.2,-0.3739,35.9,0.055,0.51,-0.1648,0.1645,0.598,0.875,-412.3,-119.4,0.472,
s99_mss_fvg,B2,q,0.7,TRAIN,910,354,556,0,0,0.389,910,0.726,-604.7,-0.3497,37.0,354,0.807,-164.9,-0.371,36.2,556,0.675,-439.7,-0.3361,37.6,-0.0349,0.6555,-0.1606,0.1613,0.608,0.853,-451.6,-154.0,0.668,
s99_mss_fvg,B3,q,0.7,TRAIN,910,605,305,0,0,0.665,910,0.726,-604.7,-0.3497,37.0,605,0.761,-352.2,-0.3192,38.2,305,0.654,-252.4,-0.4103,34.8,0.0912,0.2035,-0.1476,0.1394,0.606,0.848,-452.1,-160.6,0.268,
s99_mss_fvg,B4,q,0.7,TRAIN,910,452,398,60,0,0.497,910,0.726,-604.7,-0.3497,37.0,452,0.74,-283.0,-0.3184,38.5,398,0.754,-235.8,-0.3581,36.4,0.0398,0.6295,-0.1588,0.1619,0.613,0.895,-409.0,-103.6,0.622,
s99_mss_fvg,B5,q,0.7,TRAIN,910,447,463,0,0,0.491,910,0.726,-604.7,-0.3497,37.0,447,0.642,-386.0,-0.3599,37.1,463,0.806,-218.7,-0.3399,36.9,-0.02,0.797,-0.1596,0.1525,0.596,0.86,-463.9,-149.7,0.816,
s99_mss_fvg,B6,q,0.7,TRAIN,910,276,576,58,0,0.303,910,0.726,-604.7,-0.3497,37.0,276,0.827,-106.8,-0.2808,40.2,576,0.699,-428.0,-0.3733,35.9,0.0925,0.2295,-0.1557,0.1506,0.597,0.883,-425.4,-112.6,0.27,
s99_mss_fvg,C2,q,0.7,TRAIN,910,470,433,0,7,0.516,910,0.726,-604.7,-0.3497,37.0,470,0.674,-362.1,-0.3434,37.9,433,0.788,-226.7,-0.3542,36.3,0.0109,0.9005,-0.1627,0.1623,0.59,0.875,-460.0,-132.7,0.896,
s99_mss_fvg,B1_utc,q,0.7,TRAIN,910,383,350,177,0,0.421,910,0.726,-604.7,-0.3497,37.0,383,0.647,-330.5,-0.3349,37.9,350,0.918,-65.8,-0.2634,40.0,-0.0715,0.428,-0.1733,0.1727,0.639,0.908,-325.7,-75.9,,
s99_mss_fvg,B2_lb2,q,0.7,TRAIN,910,349,561,0,0,0.384,910,0.726,-604.7,-0.3497,37.0,349,0.801,-167.2,-0.3773,35.8,561,0.679,-437.4,-0.3325,37.8,-0.0448,0.5805,-0.1498,0.1599,0.607,0.854,-456.3,-149.3,,
s99_mss_fvg,B2_lb5,q,0.7,TRAIN,910,381,529,0,0,0.419,910,0.726,-604.7,-0.3497,37.0,381,0.702,-296.3,-0.4337,33.3,529,0.746,-308.3,-0.2892,39.7,-0.1445,0.0695,-0.1579,0.156,0.616,0.843,-435.9,-167.3,,
s99_mss_fvg,B3_db0.05,q,0.7,TRAIN,910,566,266,66,12,0.622,910,0.726,-604.7,-0.3497,37.0,566,0.778,-305.9,-0.3107,38.5,266,0.689,-196.9,-0.4036,35.0,0.0929,0.2265,-0.1491,0.1489,0.624,0.888,-390.6,-109.2,,
s99_mss_fvg,B3_db0.10,q,0.7,TRAIN,910,529,221,148,12,0.581,910,0.726,-604.7,-0.3497,37.0,529,0.75,-330.6,-0.3313,37.6,221,0.716,-150.0,-0.4176,34.4,0.0863,0.287,-0.1545,0.1599,0.609,0.882,-382.7,-102.3,,
s99_mss_fvg,B5_w2,q,0.7,TRAIN,910,445,463,2,0,0.489,910,0.726,-604.7,-0.3497,37.0,445,0.651,-377.3,-0.355,37.3,463,0.797,-228.2,-0.3466,36.7,-0.0083,0.921,-0.1595,0.1584,0.595,0.875,-458.2,-134.0,,
s99_mss_fvg,B1,q,0.7,TEST,961,429,456,76,0,0.446,961,0.767,-864.3,-0.2141,39.2,429,0.623,-611.1,-0.2961,36.1,456,0.795,-376.0,-0.1872,40.1,-0.1088,0.1705,-0.146,0.1567,0.608,0.838,-698.2,-267.6,0.218,
s99_mss_fvg,B2,q,0.7,TEST,961,404,557,0,0,0.42,961,0.767,-864.3,-0.2141,39.2,404,0.656,-534.8,-0.2231,39.4,557,0.847,-329.5,-0.2076,39.1,-0.0155,0.839,-0.1484,0.1444,0.647,0.895,-678.9,-184.3,0.862,
s99_mss_fvg,B3,q,0.7,TEST,961,613,347,1,0,0.638,961,0.767,-864.3,-0.2141,39.2,613,0.805,-478.9,-0.2041,39.2,347,0.694,-379.2,-0.2291,39.5,0.0249,0.73,-0.1535,0.1453,0.656,0.888,-656.6,-200.8,0.742,
s99_mss_fvg,B4,q,0.7,TEST,961,422,468,71,0,0.439,961,0.767,-864.3,-0.2141,39.2,422,0.846,-222.8,-0.161,41.5,468,0.745,-507.5,-0.2344,38.2,0.0734,0.3555,-0.1607,0.1603,0.67,0.911,-583.9,-148.0,0.348,
s99_mss_fvg,B5,q,0.7,TEST,961,496,465,0,0,0.516,961,0.767,-864.3,-0.2141,39.2,496,0.787,-385.0,-0.2196,39.1,465,0.747,-479.3,-0.2082,39.4,-0.0114,0.888,-0.1477,0.1457,0.647,0.885,-662.3,-209.6,0.888,
s99_mss_fvg,B6,q,0.7,TEST,961,260,651,50,0,0.271,961,0.767,-864.3,-0.2141,39.2,260,0.57,-474.6,-0.3576,33.1,651,0.79,-505.3,-0.1793,40.9,-0.1783,0.02,-0.144,0.1517,0.612,0.831,-714.1,-279.3,0.044,
s99_mss_fvg,C2,q,0.7,TEST,961,480,481,0,0,0.499,961,0.767,-864.3,-0.2141,39.2,480,0.744,-433.3,-0.2324,38.8,481,0.785,-431.0,-0.1959,39.7,-0.0364,0.6275,-0.1536,0.1476,0.648,0.885,-658.5,-204.0,0.616,
s99_mss_fvg,B1_utc,q,0.7,TEST,961,425,407,129,0,0.442,961,0.767,-864.3,-0.2141,39.2,425,0.677,-513.4,-0.2618,37.4,407,0.831,-274.9,-0.1984,39.8,-0.0634,0.441,-0.1564,0.1488,0.626,0.878,-609.7,-188.8,,
s99_mss_fvg,B2_lb2,q,0.7,TEST,961,382,579,0,0,0.398,961,0.767,-864.3,-0.2141,39.2,382,0.678,-465.7,-0.2342,39.0,579,0.823,-398.6,-0.2009,39.4,-0.0333,0.6505,-0.1459,0.1431,0.65,0.898,-670.7,-178.4,,
s99_mss_fvg,B2_lb5,q,0.7,TEST,961,412,549,0,0,0.429,961,0.767,-864.3,-0.2141,39.2,412,0.656,-558.2,-0.1947,40.3,549,0.853,-306.1,-0.2287,38.4,0.034,0.638,-0.1472,0.1486,0.65,0.888,-660.5,-202.5,,
s99_mss_fvg,B3_db0.05,q,0.7,TEST,961,566,299,96,0,0.589,961,0.767,-864.3,-0.2141,39.2,566,0.775,-527.7,-0.2413,37.6,299,0.655,-385.8,-0.2535,38.5,0.0122,0.8895,-0.1569,0.1684,0.615,0.865,-681.8,-220.8,,
s99_mss_fvg,B3_db0.10,q,0.7,TEST,961,507,262,192,0,0.528,961,0.767,-864.3,-0.2141,39.2,507,0.787,-461.7,-0.2351,37.7,262,0.645,-359.6,-0.2455,38.5,0.0103,0.9135,-0.1634,0.155,0.616,0.872,-630.8,-195.3,,
s99_mss_fvg,B5_w2,q,0.7,TEST,961,491,470,0,0,0.511,961,0.767,-864.3,-0.2141,39.2,491,0.799,-357.1,-0.1914,40.3,470,0.736,-507.2,-0.2378,38.1,0.0464,0.526,-0.1482,0.1523,0.648,0.883,-660.0,-209.3,,
s04_breaker_block,B1,mid,0.75,ALL,6613,2937,3013,663,0,0.444,6613,0.753,-3628.7,-0.2575,35.9,2937,0.749,-1608.8,-0.2605,36.0,3013,0.766,-1586.7,-0.2593,35.7,-0.0011,0.978,-0.0778,0.0743,0.707,0.807,-1987.0,-1229.9,,
s04_breaker_block,B2,mid,0.75,ALL,6613,3250,3362,1,0,0.491,6613,0.753,-3628.7,-0.2575,35.9,3250,0.76,-1732.8,-0.2498,36.1,3362,0.747,-1893.6,-0.2645,35.8,0.0148,0.7195,-0.0789,0.0759,0.706,0.804,-2212.8,-1418.1,,
s04_breaker_block,B3,mid,0.75,ALL,6613,3492,3121,0,0,0.528,6613,0.753,-3628.7,-0.2575,35.9,3492,0.782,-1690.4,-0.235,36.7,3121,0.721,-1938.3,-0.2826,35.1,0.0476,0.214,-0.0749,0.0743,0.705,0.799,-2201.5,-1445.7,,
s04_breaker_block,B4,mid,0.75,ALL,6613,2967,3042,604,0,0.449,6613,0.753,-3628.7,-0.2575,35.9,2967,0.745,-1648.3,-0.2403,36.6,3042,0.773,-1583.9,-0.2628,35.6,0.0225,0.595,-0.079,0.0838,0.708,0.814,-2008.1,-1217.3,,
s04_breaker_block,B5,mid,0.75,ALL,6613,3263,3350,0,0,0.493,6613,0.753,-3628.7,-0.2575,35.9,3263,0.723,-1986.5,-0.2758,35.3,3350,0.782,-1642.2,-0.2396,36.5,-0.0362,0.3585,-0.0769,0.0744,0.706,0.801,-2211.5,-1422.4,,
s04_breaker_block,B6,mid,0.75,ALL,6613,1515,4699,399,0,0.229,6613,0.753,-3628.7,-0.2575,35.9,1515,0.815,-613.8,-0.2191,37.3,4699,0.732,-2807.1,-0.2766,35.3,0.0575,0.121,-0.0709,0.0732,0.703,0.803,-2131.3,-1295.5,,
s04_breaker_block,C2,mid,0.75,ALL,6613,3193,3404,0,16,0.483,6613,0.753,-3628.7,-0.2575,35.9,3193,0.737,-1831.2,-0.2637,35.8,3404,0.768,-1782.2,-0.2501,36.1,-0.0135,0.735,-0.0762,0.0762,0.707,0.806,-2197.7,-1385.0,,
s04_breaker_block,B1_utc,mid,0.75,ALL,6613,2607,2929,1077,0,0.394,6613,0.753,-3628.7,-0.2575,35.9,2607,0.765,-1346.6,-0.2482,36.3,2929,0.728,-1856.6,-0.2709,35.3,0.0227,0.5925,-0.0826,0.0825,0.695,0.796,-1968.1,-1238.9,,
s04_breaker_block,B2_lb2,mid,0.75,ALL,6613,3250,3362,1,0,0.491,6613,0.753,-3628.7,-0.2575,35.9,3250,0.751,-1797.5,-0.2664,35.6,3362,0.756,-1828.9,-0.2485,36.3,-0.0178,0.65,-0.0788,0.0842,0.704,0.807,-2224.4,-1384.7,,
s04_breaker_block,B2_lb5,mid,0.75,ALL,6613,3272,3341,0,0,0.495,6613,0.753,-3628.7,-0.2575,35.9,3272,0.752,-1803.3,-0.2559,36.0,3341,0.755,-1825.3,-0.259,35.9,0.0031,0.9245,-0.071,0.0751,0.708,0.803,-2197.3,-1396.3,,
s04_breaker_block,B3_db0.05,mid,0.75,ALL,6613,3184,2803,596,30,0.481,6613,0.753,-3628.7,-0.2575,35.9,3184,0.793,-1467.9,-0.2285,36.9,2803,0.724,-1729.3,-0.285,35.0,0.0565,0.1685,-0.0816,0.0802,0.71,0.811,-1978.3,-1234.2,,
s04_breaker_block,B3_db0.10,mid,0.75,ALL,6613,2868,2466,1249,30,0.434,6613,0.753,-3628.7,-0.2575,35.9,2868,0.805,-1254.6,-0.2234,37.0,2466,0.717,-1572.5,-0.2933,34.8,0.0699,0.0815,-0.0805,0.0785,0.714,0.817,-1758.0,-1082.3,,
s04_breaker_block,B5_w2,mid,0.75,ALL,6613,3210,3402,1,0,0.485,6613,0.753,-3628.7,-0.2575,35.9,3210,0.723,-1940.8,-0.2649,35.8,3402,0.78,-1692.5,-0.251,36.1,-0.0139,0.733,-0.0751,0.0764,0.704,0.801,-2246.5,-1402.7,,
s04_breaker_block,B1,mid,0.75,TRAIN,2561,1127,1178,256,0,0.44,2561,0.712,-1418.6,-0.2642,36.8,1127,0.705,-620.0,-0.2799,36.6,1178,0.731,-623.1,-0.2499,37.0,-0.0299,0.6505,-0.1231,0.1273,0.653,0.799,-806.7,-419.1,,
s04_breaker_block,B2,mid,0.75,TRAIN,2561,1238,1323,0,0,0.483,2561,0.712,-1418.6,-0.2642,36.8,1238,0.699,-734.1,-0.2723,36.3,1323,0.725,-684.5,-0.2567,37.2,-0.0157,0.7995,-0.1265,0.1241,0.645,0.784,-917.3,-499.6,,
s04_breaker_block,B3,mid,0.75,TRAIN,2561,1364,1197,0,0,0.533,2561,0.712,-1418.6,-0.2642,36.8,1364,0.737,-676.4,-0.2468,37.5,1197,0.686,-742.2,-0.2842,36.0,0.0374,0.514,-0.115,0.1066,0.648,0.774,-902.5,-534.2,,
s04_breaker_block,B4,mid,0.75,TRAIN,2561,1161,1182,218,0,0.453,2561,0.712,-1418.6,-0.2642,36.8,1161,0.772,-493.4,-0.1969,39.0,1182,0.689,-727.5,-0.2948,35.7,0.0979,0.113,-0.1276,0.1151,0.66,0.8,-796.2,-429.9,,
s04_breaker_block,B5,mid,0.75,TRAIN,2561,1215,1346,0,0,0.474,2561,0.712,-1418.6,-0.2642,36.8,1215,0.673,-782.1,-0.2996,35.6,1346,0.75,-636.5,-0.2323,37.9,-0.0673,0.246,-0.1162,0.116,0.648,0.78,-906.9,-515.0,,
s04_breaker_block,B6,mid,0.75,TRAIN,2561,607,1787,167,0,0.237,2561,0.712,-1418.6,-0.2642,36.8,607,0.772,-251.7,-0.2488,37.6,1787,0.688,-1098.7,-0.2791,36.2,0.0303,0.6115,-0.1188,0.1134,0.639,0.776,-876.3,-489.0,,
s04_breaker_block,C2,mid,0.75,TRAIN,2561,1167,1378,0,16,0.456,2561,0.712,-1418.6,-0.2642,36.8,1167,0.697,-684.0,-0.2817,36.2,1378,0.728,-719.4,-0.2457,37.4,-0.0361,0.556,-0.1186,0.1141,0.647,0.78,-918.5,-512.5,,
s04_breaker_block,B1_utc,mid,0.75,TRAIN,2561,961,1130,470,0,0.375,2561,0.712,-1418.6,-0.2642,36.8,961,0.737,-473.6,-0.2587,37.1,1130,0.704,-662.1,-0.2726,36.3,0.0139,0.835,-0.13,0.1253,0.647,0.795,-748.5,-387.2,,
s04_breaker_block,B2_lb2,mid,0.75,TRAIN,2561,1247,1313,1,0,0.487,2561,0.712,-1418.6,-0.2642,36.8,1247,0.698,-746.9,-0.277,36.2,1313,0.728,-669.5,-0.2512,37.4,-0.0258,0.6695,-0.1231,0.1202,0.645,0.782,-919.5,-506.3,,
s04_breaker_block,B2_lb5,mid,0.75,TRAIN,2561,1286,1275,0,0,0.502,2561,0.712,-1418.6,-0.2642,36.8,1286,0.691,-783.6,-0.2803,36.2,1275,0.735,-635.0,-0.2481,37.4,-0.0322,0.5895,-0.1242,0.1217,0.646,0.783,-917.6,-505.8,,
s04_breaker_block,B3_db0.05,mid,0.75,TRAIN,2561,1237,1087,207,30,0.483,2561,0.712,-1418.6,-0.2642,36.8,1237,0.735,-615.8,-0.2462,37.5,1087,0.69,-663.2,-0.289,35.9,0.0428,0.4685,-0.1185,0.1174,0.646,0.785,-825.0,-451.0,,
s04_breaker_block,B3_db0.10,mid,0.75,TRAIN,2561,1128,934,469,30,0.44,2561,0.712,-1418.6,-0.2642,36.8,1128,0.738,-557.1,-0.2529,37.2,934,0.669,-607.0,-0.3056,35.4,0.0527,0.4125,-0.1297,0.1289,0.637,0.784,-760.6,-404.7,,
s04_breaker_block,B5_w2,mid,0.75,TRAIN,2561,1228,1332,1,0,0.48,2561,0.712,-1418.6,-0.2642,36.8,1228,0.686,-746.8,-0.2788,36.3,1332,0.735,-676.5,-0.2523,37.2,-0.0265,0.666,-0.1216,0.1223,0.648,0.783,-914.6,-512.0,,
s04_breaker_block,B1,mid,0.75,TEST,4052,1810,1835,407,0,0.447,4052,0.774,-2210.1,-0.2532,35.4,1810,0.77,-988.8,-0.2484,35.6,1835,0.784,-963.5,-0.2653,34.9,0.017,0.7235,-0.1003,0.101,0.714,0.851,-1307.5,-631.3,,
s04_breaker_block,B2,mid,0.75,TEST,4052,2012,2039,1,0,0.497,4052,0.774,-2210.1,-0.2532,35.4,2012,0.791,-998.7,-0.2359,35.9,2039,0.758,-1209.1,-0.2697,34.9,0.0337,0.5425,-0.1064,0.1055,0.707,0.839,-1461.8,-772.6,,
s04_breaker_block,B3,mid,0.75,TEST,4052,2128,1924,0,0,0.525,4052,0.774,-2210.1,-0.2532,35.4,2128,0.805,-1014.0,-0.2275,36.1,1924,0.739,-1196.1,-0.2817,34.6,0.0542,0.262,-0.0919,0.0932,0.714,0.836,-1434.7,-782.1,,
s04_breaker_block,B4,mid,0.75,TEST,4052,1806,1860,386,0,0.446,4052,0.774,-2210.1,-0.2532,35.4,1806,0.731,-1155.0,-0.2682,35.0,1860,0.816,-856.3,-0.2425,35.5,-0.0258,0.643,-0.1033,0.1092,0.709,0.848,-1334.1,-653.1,,
s04_breaker_block,B5,mid,0.75,TEST,4052,2048,2004,0,0,0.505,4052,0.774,-2210.1,-0.2532,35.4,2048,0.748,-1204.4,-0.2617,35.2,2004,0.798,-1005.7,-0.2445,35.6,-0.0172,0.75,-0.1012,0.1001,0.712,0.839,-1465.9,-761.6,,
s04_breaker_block,B6,mid,0.75,TEST,4052,908,2912,232,0,0.224,4052,0.774,-2210.1,-0.2532,35.4,908,0.836,-362.1,-0.1992,37.1,2912,0.754,-1708.4,-0.275,34.7,0.0758,0.1085,-0.0927,0.0921,0.706,0.847,-1395.9,-657.4,,
s04_breaker_block,C2,mid,0.75,TEST,4052,2026,2026,0,0,0.5,4052,0.774,-2210.1,-0.2532,35.4,2026,0.757,-1147.3,-0.2533,35.6,2026,0.79,-1062.8,-0.2532,35.2,-0.0001,0.9985,-0.1023,0.0957,0.711,0.839,-1456.5,-760.5,,
s04_breaker_block,B1_utc,mid,0.75,TEST,4052,1646,1799,607,0,0.406,4052,0.774,-2210.1,-0.2532,35.4,1646,0.778,-873.0,-0.2421,35.8,1799,0.739,-1194.5,-0.2699,34.6,0.0278,0.6105,-0.1026,0.103,0.693,0.827,-1342.6,-712.7,,
s04_breaker_block,B2_lb2,mid,0.75,TEST,4052,2003,2049,0,0,0.494,4052,0.774,-2210.1,-0.2532,35.4,2003,0.778,-1050.6,-0.2597,35.2,2049,0.77,-1159.5,-0.2468,35.6,-0.0129,0.804,-0.0973,0.0968,0.71,0.84,-1442.4,-766.8,,
s04_breaker_block,B2_lb5,mid,0.75,TEST,4052,1986,2066,0,0,0.49,4052,0.774,-2210.1,-0.2532,35.4,1986,0.784,-1019.8,-0.2401,35.9,2066,0.764,-1190.3,-0.2658,34.9,0.0257,0.6265,-0.1118,0.1023,0.71,0.842,-1461.6,-756.4,,
s04_breaker_block,B3_db0.05,mid,0.75,TEST,4052,1947,1716,389,0,0.481,4052,0.774,-2210.1,-0.2532,35.4,1947,0.821,-852.0,-0.2173,36.5,1716,0.742,-1066.0,-0.2825,34.5,0.0652,0.2185,-0.1005,0.1007,0.718,0.852,-1278.8,-639.5,,
s04_breaker_block,B3_db0.10,mid,0.75,TEST,4052,1740,1532,780,0,0.429,4052,0.774,-2210.1,-0.2532,35.4,1740,0.838,-697.5,-0.2043,36.8,1532,0.741,-965.5,-0.2858,34.3,0.0815,0.1305,-0.11,0.0998,0.722,0.865,-1136.2,-528.8,,
s04_breaker_block,B5_w2,mid,0.75,TEST,4052,1982,2070,0,0,0.489,4052,0.774,-2210.1,-0.2532,35.4,1982,0.742,-1194.0,-0.2564,35.4,2070,0.802,-1016.1,-0.2502,35.4,-0.0062,0.9075,-0.1054,0.0985,0.709,0.837,-1461.3,-767.0,,
s04_breaker_block,B1,mid,1.0,ALL,6613,2937,3013,663,0,0.444,6613,0.665,-5281.9,-0.3693,35.9,2937,0.659,-2343.1,-0.3738,36.0,3013,0.678,-2339.9,-0.3696,35.7,-0.0043,0.92,-0.0799,0.0796,0.623,0.717,-2717.2,-1938.4,0.904,
s04_breaker_block,B2,mid,1.0,ALL,6613,3250,3362,1,0,0.491,6613,0.665,-5281.9,-0.3693,35.9,3250,0.671,-2545.3,-0.3607,36.1,3362,0.659,-2734.1,-0.3772,35.8,0.0165,0.687,-0.0801,0.079,0.62,0.71,-3056.7,-2230.3,0.598,
s04_breaker_block,B3,mid,1.0,ALL,6613,3492,3121,0,0,0.528,6613,0.665,-5281.9,-0.3693,35.9,3492,0.692,-2563.4,-0.3465,36.7,3121,0.635,-2718.6,-0.3947,35.1,0.0481,0.1905,-0.0694,0.0749,0.625,0.709,-3012.6,-2237.5,0.172,
s04_breaker_block,B4,mid,1.0,ALL,6613,2967,3042,604,0,0.449,6613,0.665,-5281.9,-0.3693,35.9,2967,0.655,-2390.1,-0.3531,36.6,3042,0.687,-2344.4,-0.373,35.6,0.02,0.62,-0.0781,0.0781,0.626,0.717,-2762.6,-1995.0,0.608,
s04_breaker_block,B5,mid,1.0,ALL,6613,3263,3350,0,0,0.493,6613,0.665,-5281.9,-0.3693,35.9,3263,0.636,-2802.2,-0.3878,35.3,3350,0.692,-2479.7,-0.3512,36.5,-0.0366,0.3655,-0.082,0.0765,0.621,0.71,-3080.9,-2225.1,0.3,
s04_breaker_block,B6,mid,1.0,ALL,6613,1515,4699,399,0,0.229,6613,0.665,-5281.9,-0.3693,35.9,1515,0.72,-992.6,-0.3317,37.3,4699,0.645,-3981.8,-0.388,35.3,0.0563,0.13,-0.0708,0.0714,0.619,0.711,-2924.4,-2047.7,0.192,
s04_breaker_block,C2,mid,1.0,ALL,6613,3193,3404,0,16,0.483,6613,0.665,-5281.9,-0.3693,35.9,3193,0.649,-2629.5,-0.3765,35.8,3404,0.68,-2633.1,-0.3609,36.1,-0.0156,0.6935,-0.0821,0.0781,0.62,0.709,-3061.3,-2230.1,0.668,
s04_breaker_block,B1_utc,mid,1.0,ALL,6613,2607,2929,1077,0,0.394,6613,0.665,-5281.9,-0.3693,35.9,2607,0.675,-1998.4,-0.3604,36.3,2929,0.645,-2588.8,-0.3806,35.3,0.0202,0.635,-0.0765,0.0844,0.613,0.702,-2661.2,-1937.4,,
s04_breaker_block,B2_lb2,mid,1.0,ALL,6613,3250,3362,1,0,0.491,6613,0.665,-5281.9,-0.3693,35.9,3250,0.662,-2610.0,-0.3775,35.6,3362,0.668,-2669.4,-0.3609,36.3,-0.0166,0.6785,-0.0801,0.0756,0.621,0.709,-3060.2,-2236.4,,
s04_breaker_block,B2_lb5,mid,1.0,ALL,6613,3272,3341,0,0,0.495,6613,0.665,-5281.9,-0.3693,35.9,3272,0.663,-2621.3,-0.3676,36.0,3341,0.667,-2660.6,-0.3709,35.9,0.0033,0.9275,-0.0757,0.0785,0.622,0.71,-3053.4,-2213.7,,
s04_breaker_block,B3_db0.05,mid,1.0,ALL,6613,3184,2803,596,30,0.481,6613,0.665,-5281.9,-0.3693,35.9,3184,0.702,-2263.9,-0.3401,36.9,2803,0.638,-2430.1,-0.397,35.0,0.0569,0.152,-0.0793,0.0745,0.626,0.717,-2731.1,-1974.4,,
s04_breaker_block,B3_db0.10,mid,1.0,ALL,6613,2868,2466,1249,30,0.434,6613,0.665,-5281.9,-0.3693,35.9,2868,0.714,-1971.6,-0.3345,37.0,2466,0.633,-2189.0,-0.4053,34.8,0.0708,0.0915,-0.0825,0.0807,0.629,0.724,-2431.4,-1730.9,,
s04_breaker_block,B5_w2,mid,1.0,ALL,6613,3210,3402,1,0,0.485,6613,0.665,-5281.9,-0.3693,35.9,3210,0.635,-2743.2,-0.3775,35.8,3402,0.691,-2543.0,-0.362,36.1,-0.0155,0.6785,-0.0782,0.0755,0.623,0.709,-3059.1,-2230.2,,
s04_breaker_block,B1,mid,1.0,TRAIN,2561,1127,1178,256,0,0.44,2561,0.614,-2058.9,-0.3868,36.8,1127,0.605,-901.8,-0.4053,36.6,1178,0.634,-917.6,-0.37,37.0,-0.0353,0.591,-0.1239,0.1241,0.561,0.687,-1116.2,-703.4,0.568,
s04_breaker_block,B2,mid,1.0,TRAIN,2561,1238,1323,0,0,0.483,2561,0.614,-2058.9,-0.3868,36.8,1238,0.605,-1043.6,-0.3933,36.3,1323,0.624,-1015.2,-0.3807,37.2,-0.0125,0.8545,-0.1175,0.1211,0.554,0.676,-1248.4,-806.3,0.816,
s04_breaker_block,B3,mid,1.0,TRAIN,2561,1364,1197,0,0,0.533,2561,0.614,-2058.9,-0.3868,36.8,1364,0.634,-1017.4,-0.3703,37.5,1197,0.593,-1041.5,-0.4056,36.0,0.0353,0.532,-0.1092,0.1066,0.563,0.668,-1223.1,-842.2,0.56,
s04_breaker_block,B4,mid,1.0,TRAIN,2561,1161,1182,218,0,0.453,2561,0.614,-2058.9,-0.3868,36.8,1161,0.666,-783.6,-0.3193,39.0,1182,0.595,-1023.1,-0.4167,35.7,0.0974,0.1075,-0.1191,0.1137,0.571,0.692,-1097.3,-707.0,0.1,
s04_breaker_block,B5,mid,1.0,TRAIN,2561,1215,1346,0,0,0.474,2561,0.614,-2058.9,-0.3868,36.8,1215,0.58,-1085.9,-0.4217,35.6,1346,0.646,-973.0,-0.3553,37.9,-0.0664,0.272,-0.1141,0.1219,0.559,0.679,-1232.6,-810.1,0.22,
s04_breaker_block,B6,mid,1.0,TRAIN,2561,607,1787,167,0,0.237,2561,0.614,-2058.9,-0.3868,36.8,607,0.663,-403.5,-0.374,37.6,1787,0.594,-1545.4,-0.4009,36.2,0.0268,0.666,-0.1223,0.1173,0.554,0.677,-1180.2,-750.8,0.71,
s04_breaker_block,C2,mid,1.0,TRAIN,2561,1167,1378,0,16,0.456,2561,0.614,-2058.9,-0.3868,36.8,1167,0.6,-975.7,-0.4047,36.2,1378,0.628,-1063.9,-0.3679,37.4,-0.0368,0.5245,-0.1202,0.1214,0.56,0.676,-1231.8,-815.4,0.474,
s04_breaker_block,B1_utc,mid,1.0,TRAIN,2561,961,1130,470,0,0.375,2561,0.614,-2058.9,-0.3868,36.8,961,0.634,-713.9,-0.3831,37.1,1130,0.61,-944.6,-0.393,36.3,0.0099,0.8985,-0.128,0.1321,0.557,0.689,-1028.0,-633.0,,
s04_breaker_block,B2_lb2,mid,1.0,TRAIN,2561,1247,1313,1,0,0.487,2561,0.614,-2058.9,-0.3868,36.8,1247,0.603,-1058.6,-0.3977,36.2,1313,0.626,-997.7,-0.3755,37.4,-0.0222,0.735,-0.1249,0.1228,0.554,0.675,-1254.1,-816.8,,
s04_breaker_block,B2_lb5,mid,1.0,TRAIN,2561,1286,1275,0,0,0.502,2561,0.614,-2058.9,-0.3868,36.8,1286,0.597,-1105.1,-0.4019,36.2,1275,0.632,-953.8,-0.3715,37.4,-0.0304,0.628,-0.1162,0.1208,0.558,0.676,-1238.8,-820.7,,
s04_breaker_block,B3_db0.05,mid,1.0,TRAIN,2561,1237,1087,207,30,0.483,2561,0.614,-2058.9,-0.3868,36.8,1237,0.632,-925.1,-0.37,37.5,1087,0.595,-935.0,-0.4107,35.9,0.0408,0.517,-0.1255,0.1249,0.555,0.682,-1128.4,-727.9,,
s04_breaker_block,B3_db0.10,mid,1.0,TRAIN,2561,1128,934,469,30,0.44,2561,0.614,-2058.9,-0.3868,36.8,1128,0.636,-839.1,-0.3762,37.2,934,0.576,-840.5,-0.4285,35.4,0.0523,0.432,-0.1311,0.129,0.545,0.678,-1038.5,-653.1,,
s04_breaker_block,B5_w2,mid,1.0,TRAIN,2561,1228,1332,1,0,0.48,2561,0.614,-2058.9,-0.3868,36.8,1228,0.59,-1053.8,-0.4015,36.3,1332,0.635,-1009.5,-0.3747,37.2,-0.0268,0.639,-0.1206,0.1219,0.558,0.675,-1249.5,-821.3,,
s04_breaker_block,B1,mid,1.0,TEST,4052,1810,1835,407,0,0.447,4052,0.691,-3223.1,-0.3582,35.4,1810,0.686,-1441.3,-0.3542,35.6,1835,0.701,-1422.3,-0.3693,34.9,0.0151,0.7715,-0.0961,0.1001,0.633,0.754,-1766.6,-1104.1,0.742,
s04_breaker_block,B2,mid,1.0,TEST,4052,2012,2039,1,0,0.497,4052,0.691,-3223.1,-0.3582,35.4,2012,0.706,-1501.7,-0.3406,35.9,2039,0.677,-1718.8,-0.3749,34.9,0.0343,0.5075,-0.0989,0.104,0.636,0.754,-1946.1,-1254.0,0.49,
s04_breaker_block,B3,mid,1.0,TEST,4052,2128,1924,0,0,0.525,4052,0.691,-3223.1,-0.3582,35.4,2128,0.721,-1546.0,-0.3313,36.1,1924,0.657,-1677.1,-0.3879,34.6,0.0566,0.246,-0.0946,0.1004,0.637,0.751,-1949.0,-1252.8,0.21,
s04_breaker_block,B4,mid,1.0,TEST,4052,1806,1860,386,0,0.446,4052,0.691,-3223.1,-0.3582,35.4,1806,0.649,-1606.5,-0.3748,35.0,1860,0.733,-1321.3,-0.3453,35.5,-0.0295,0.5955,-0.1069,0.1042,0.632,0.755,-1816.6,-1118.1,0.548,
s04_breaker_block,B5,mid,1.0,TEST,4052,2048,2004,0,0,0.505,4052,0.691,-3223.1,-0.3582,35.4,2048,0.664,-1716.4,-0.3677,35.2,2004,0.716,-1506.7,-0.3485,35.6,-0.0192,0.699,-0.1027,0.0963,0.634,0.75,-1973.5,-1264.0,0.686,
s04_breaker_block,B6,mid,1.0,TEST,4052,908,2912,232,0,0.224,4052,0.691,-3223.1,-0.3582,35.4,908,0.75,-589.1,-0.3034,37.1,2912,0.672,-2436.4,-0.3802,34.7,0.0768,0.1045,-0.0918,0.0913,0.628,0.754,-1939.0,-1138.9,0.166,
s04_breaker_block,C2,mid,1.0,TEST,4052,2026,2026,0,0,0.5,4052,0.691,-3223.1,-0.3582,35.4,2026,0.672,-1653.8,-0.3602,35.6,2026,0.708,-1569.3,-0.3561,35.2,-0.0041,0.938,-0.098,0.0994,0.634,0.751,-1974.7,-1262.2,0.932,
s04_breaker_block,B1_utc,mid,1.0,TEST,4052,1646,1799,607,0,0.406,4052,0.691,-3223.1,-0.3582,35.4,1646,0.694,-1284.5,-0.3472,35.8,1799,0.662,-1644.3,-0.3729,34.6,0.0256,0.662,-0.104,0.1052,0.62,0.737,-1793.2,-1149.4,,
s04_breaker_block,B2_lb2,mid,1.0,TEST,4052,2003,2049,0,0,0.494,4052,0.691,-3223.1,-0.3582,35.4,2003,0.694,-1551.3,-0.3649,35.2,2049,0.688,-1671.7,-0.3515,35.6,-0.0134,0.8065,-0.1019,0.1038,0.629,0.751,-1961.7,-1256.8,,
s04_breaker_block,B2_lb5,mid,1.0,TEST,4052,1986,2066,0,0,0.49,4052,0.691,-3223.1,-0.3582,35.4,1986,0.699,-1516.3,-0.3453,35.9,2066,0.683,-1706.8,-0.3705,34.9,0.0252,0.6235,-0.1058,0.0945,0.63,0.748,-1972.0,-1265.7,,
s04_breaker_block,B3_db0.05,mid,1.0,TEST,4052,1947,1716,389,0,0.481,4052,0.691,-3223.1,-0.3582,35.4,1947,0.736,-1338.8,-0.3211,36.5,1716,0.661,-1495.0,-0.3883,34.5,0.0672,0.1995,-0.1065,0.1043,0.641,0.76,-1746.1,-1098.6,,
s04_breaker_block,B3_db0.10,mid,1.0,TEST,4052,1740,1532,780,0,0.429,4052,0.691,-3223.1,-0.3582,35.4,1740,0.753,-1132.5,-0.3074,36.8,1532,0.662,-1348.5,-0.3911,34.3,0.0837,0.121,-0.1061,0.1066,0.647,0.774,-1539.1,-936.7,,
s04_breaker_block,B5_w2,mid,1.0,TEST,4052,1982,2070,0,0,0.489,4052,0.691,-3223.1,-0.3582,35.4,1982,0.659,-1689.5,-0.3627,35.4,2070,0.72,-1533.6,-0.3539,35.4,-0.0088,0.8585,-0.1008,0.0991,0.634,0.749,-1969.0,-1261.2,,
s04_breaker_block,B1,q,0.45,ALL,6613,2937,3013,663,0,0.444,6613,0.78,-3083.5,-0.2263,32.5,2937,0.783,-1315.8,-0.2194,32.8,3013,0.791,-1351.3,-0.2316,32.2,0.0122,0.7615,-0.083,0.0792,0.734,0.843,-1719.4,-952.2,,
s04_breaker_block,B2,q,0.45,ALL,6613,3250,3362,1,0,0.491,6613,0.78,-3083.5,-0.2263,32.5,3250,0.778,-1537.0,-0.2275,32.4,3362,0.783,-1544.5,-0.2248,32.6,-0.0027,0.956,-0.0774,0.0803,0.726,0.832,-1961.6,-1152.9,,
s04_breaker_block,B3,q,0.45,ALL,6613,3492,3121,0,0,0.528,6613,0.78,-3083.5,-0.2263,32.5,3492,0.809,-1416.5,-0.2034,33.2,3121,0.748,-1666.9,-0.252,31.7,0.0486,0.181,-0.0711,0.0737,0.733,0.833,-1910.2,-1143.0,,
s04_breaker_block,B4,q,0.45,ALL,6613,2967,3042,604,0,0.449,6613,0.78,-3083.5,-0.2263,32.5,2967,0.759,-1487.5,-0.2192,32.8,3042,0.811,-1257.2,-0.2222,32.5,0.003,0.9495,-0.0751,0.0781,0.732,0.842,-1763.7,-983.9,,
s04_breaker_block,B5,q,0.45,ALL,6613,3263,3350,0,0,0.493,6613,0.78,-3083.5,-0.2263,32.5,3263,0.756,-1658.1,-0.2371,32.1,3350,0.802,-1425.4,-0.2158,32.8,-0.0213,0.595,-0.0771,0.0732,0.729,0.832,-1939.8,-1152.5,,
s04_breaker_block,B6,q,0.45,ALL,6613,1515,4699,399,0,0.229,6613,0.78,-3083.5,-0.2263,32.5,1515,0.856,-453.0,-0.173,34.3,4699,0.756,-2433.4,-0.2475,31.8,0.0745,0.044,-0.0737,0.0718,0.727,0.834,-1857.1,-1055.8,,
s04_breaker_block,C2,q,0.45,ALL,6613,3193,3404,0,16,0.483,6613,0.78,-3083.5,-0.2263,32.5,3193,0.759,-1605.9,-0.2363,32.2,3404,0.8,-1467.1,-0.2159,32.8,-0.0204,0.6085,-0.078,0.0805,0.729,0.835,-1937.3,-1118.2,,
s04_breaker_block,B1_utc,q,0.45,ALL,6613,2607,2929,1077,0,0.394,6613,0.78,-3083.5,-0.2263,32.5,2607,0.796,-1115.2,-0.2147,32.9,2929,0.752,-1615.4,-0.2397,31.9,0.025,0.5535,-0.0782,0.0824,0.721,0.832,-1718.2,-977.9,,
s04_breaker_block,B2_lb2,q,0.45,ALL,6613,3250,3362,1,0,0.491,6613,0.78,-3083.5,-0.2263,32.5,3250,0.772,-1571.4,-0.2419,31.9,3362,0.788,-1510.1,-0.2109,33.0,-0.031,0.415,-0.0765,0.0775,0.728,0.835,-1939.8,-1139.3,,
s04_breaker_block,B2_lb5,q,0.45,ALL,6613,3272,3341,0,0,0.495,6613,0.78,-3083.5,-0.2263,32.5,3272,0.773,-1573.8,-0.2301,32.4,3341,0.787,-1509.7,-0.2226,32.6,-0.0074,0.8505,-0.0758,0.0771,0.729,0.831,-1948.9,-1155.4,,
s04_breaker_block,B3_db0.05,q,0.45,ALL,6613,3184,2803,596,30,0.481,6613,0.78,-3083.5,-0.2263,32.5,3184,0.824,-1191.9,-0.1964,33.5,2803,0.754,-1465.9,-0.2491,31.8,0.0527,0.183,-0.08,0.0814,0.738,0.844,-1695.1,-959.5,,
s04_breaker_block,B3_db0.10,q,0.45,ALL,6613,2868,2466,1249,30,0.434,6613,0.78,-3083.5,-0.2263,32.5,2868,0.833,-1023.4,-0.1937,33.5,2466,0.749,-1328.2,-0.2539,31.6,0.0602,0.157,-0.0809,0.0836,0.738,0.851,-1518.1,-830.5,,
s04_breaker_block,B5_w2,q,0.45,ALL,6613,3210,3402,1,0,0.485,6613,0.78,-3083.5,-0.2263,32.5,3210,0.753,-1643.4,-0.2335,32.3,3402,0.803,-1445.0,-0.2201,32.7,-0.0135,0.7295,-0.0762,0.0725,0.729,0.833,-1951.0,-1130.4,,
s04_breaker_block,B1,q,0.45,TRAIN,2561,1127,1178,256,0,0.44,2561,0.703,-1411.1,-0.2624,31.9,1127,0.704,-597.3,-0.2597,32.2,1178,0.717,-635.6,-0.2612,31.8,0.0015,0.9785,-0.1239,0.128,0.638,0.794,-809.8,-418.7,,
s04_breaker_block,B2,q,0.45,TRAIN,2561,1238,1323,0,0,0.483,2561,0.703,-1411.1,-0.2624,31.9,1238,0.696,-713.4,-0.2702,31.6,1323,0.71,-697.7,-0.2552,32.3,-0.015,0.796,-0.1183,0.1211,0.635,0.778,-905.8,-502.6,,
s04_breaker_block,B3,q,0.45,TRAIN,2561,1364,1197,0,0,0.533,2561,0.703,-1411.1,-0.2624,31.9,1364,0.725,-680.8,-0.2437,32.6,1197,0.679,-730.3,-0.2838,31.2,0.0401,0.504,-0.1092,0.1151,0.637,0.776,-900.7,-507.6,,
s04_breaker_block,B4,q,0.45,TRAIN,2561,1161,1182,218,0,0.453,2561,0.703,-1411.1,-0.2624,31.9,1161,0.738,-556.0,-0.2153,33.5,1182,0.695,-682.6,-0.283,31.2,0.0676,0.273,-0.1227,0.1214,0.64,0.789,-807.6,-432.1,,
s04_breaker_block,B5,q,0.45,TRAIN,2561,1215,1346,0,0,0.474,2561,0.703,-1411.1,-0.2624,31.9,1215,0.676,-741.1,-0.2741,31.5,1346,0.729,-670.0,-0.2519,32.3,-0.0222,0.7125,-0.1189,0.113,0.633,0.773,-905.2,-507.8,,
s04_breaker_block,B6,q,0.45,TRAIN,2561,607,1787,167,0,0.237,2561,0.703,-1411.1,-0.2624,31.9,607,0.773,-240.1,-0.2221,33.4,1787,0.679,-1088.7,-0.2808,31.3,0.0586,0.328,-0.1233,0.1131,0.628,0.773,-858.8,-474.6,,
s04_breaker_block,C2,q,0.45,TRAIN,2561,1167,1378,0,16,0.456,2561,0.703,-1411.1,-0.2624,31.9,1167,0.683,-689.7,-0.278,31.4,1378,0.721,-710.8,-0.247,32.4,-0.031,0.6325,-0.1208,0.1197,0.634,0.78,-893.3,-498.3,,
s04_breaker_block,B1_utc,q,0.45,TRAIN,2561,961,1130,470,0,0.375,2561,0.703,-1411.1,-0.2624,31.9,961,0.71,-507.9,-0.2593,32.2,1130,0.7,-645.9,-0.2716,31.5,0.0123,0.865,-0.1315,0.1378,0.628,0.789,-767.4,-389.5,,
s04_breaker_block,B2_lb2,q,0.45,TRAIN,2561,1247,1313,1,0,0.487,2561,0.703,-1411.1,-0.2624,31.9,1247,0.686,-749.7,-0.2838,31.1,1313,0.722,-659.4,-0.2414,32.7,-0.0424,0.4835,-0.1196,0.1219,0.635,0.778,-907.3,-499.0,,
s04_breaker_block,B2_lb5,q,0.45,TRAIN,2561,1286,1275,0,0,0.502,2561,0.703,-1411.1,-0.2624,31.9,1286,0.683,-774.0,-0.2836,31.2,1275,0.724,-637.1,-0.2411,32.7,-0.0425,0.497,-0.1216,0.1197,0.635,0.781,-902.2,-496.0,,
s04_breaker_block,B3_db0.05,q,0.45,TRAIN,2561,1237,1087,207,30,0.483,2561,0.703,-1411.1,-0.2624,31.9,1237,0.726,-615.0,-0.2431,32.7,1087,0.695,-623.8,-0.2753,31.5,0.0322,0.608,-0.1202,0.1177,0.639,0.791,-814.4,-425.5,,
s04_breaker_block,B3_db0.10,q,0.45,TRAIN,2561,1128,934,469,30,0.44,2561,0.703,-1411.1,-0.2624,31.9,1128,0.723,-569.2,-0.2539,32.3,934,0.673,-572.6,-0.2898,31.0,0.0359,0.579,-0.1259,0.1341,0.627,0.787,-750.6,-380.8,,
s04_breaker_block,B5_w2,q,0.45,TRAIN,2561,1228,1332,1,0,0.48,2561,0.703,-1411.1,-0.2624,31.9,1228,0.665,-771.1,-0.2854,31.2,1332,0.737,-644.8,-0.2428,32.6,-0.0425,0.486,-0.1127,0.12,0.635,0.778,-908.4,-507.1,,
s04_breaker_block,B1,q,0.45,TEST,4052,1810,1835,407,0,0.447,4052,0.819,-1672.4,-0.2035,32.8,1810,0.823,-718.6,-0.1943,33.2,1835,0.83,-715.7,-0.2126,32.5,0.0182,0.739,-0.0998,0.0968,0.753,0.9,-1060.8,-397.3,,
s04_breaker_block,B2,q,0.45,TEST,4052,2012,2039,1,0,0.497,4052,0.819,-1672.4,-0.2035,32.8,2012,0.82,-823.7,-0.2012,32.9,2039,0.82,-846.7,-0.2052,32.8,0.0039,0.9345,-0.1002,0.0997,0.752,0.891,-1181.8,-493.9,,
s04_breaker_block,B3,q,0.45,TEST,4052,2128,1924,0,0,0.525,4052,0.819,-1672.4,-0.2035,32.8,2128,0.851,-735.7,-0.1775,33.6,1924,0.784,-936.7,-0.2322,32.0,0.0547,0.2795,-0.0996,0.0971,0.752,0.892,-1176.0,-492.7,,
s04_breaker_block,B4,q,0.45,TEST,4052,1806,1860,386,0,0.446,4052,0.819,-1672.4,-0.2035,32.8,1806,0.771,-931.5,-0.2217,32.3,1860,0.87,-574.6,-0.1835,33.4,-0.0381,0.471,-0.0992,0.1087,0.75,0.899,-1090.8,-406.7,,
s04_breaker_block,B5,q,0.45,TEST,4052,2048,2004,0,0,0.505,4052,0.819,-1672.4,-0.2035,32.8,2048,0.797,-917.0,-0.2151,32.5,2004,0.841,-755.4,-0.1916,33.2,-0.0235,0.666,-0.1059,0.0986,0.754,0.891,-1190.1,-487.0,,
s04_breaker_block,B6,q,0.45,TEST,4052,908,2912,232,0,0.224,4052,0.819,-1672.4,-0.2035,32.8,908,0.898,-212.9,-0.1402,34.9,2912,0.796,-1344.8,-0.2271,32.1,0.0869,0.069,-0.0898,0.0956,0.747,0.904,-1148.9,-399.3,,
s04_breaker_block,C2,q,0.45,TEST,4052,2026,2026,0,0,0.5,4052,0.819,-1672.4,-0.2035,32.8,2026,0.796,-916.2,-0.2122,32.7,2026,0.842,-756.2,-0.1947,33.0,-0.0175,0.743,-0.1055,0.1005,0.747,0.892,-1209.3,-482.0,,
s04_breaker_block,B1_utc,q,0.45,TEST,4052,1646,1799,607,0,0.406,4052,0.819,-1672.4,-0.2035,32.8,1646,0.836,-607.3,-0.1887,33.4,1799,0.777,-969.5,-0.2197,32.2,0.031,0.545,-0.1057,0.1065,0.736,0.881,-1095.2,-459.0,,
s04_breaker_block,B2_lb2,q,0.45,TEST,4052,2003,2049,0,0,0.494,4052,0.819,-1672.4,-0.2035,32.8,2003,0.817,-821.7,-0.2158,32.5,2049,0.821,-850.7,-0.1914,33.2,-0.0244,0.6595,-0.1059,0.1068,0.751,0.893,-1170.5,-485.9,,
s04_breaker_block,B2_lb5,q,0.45,TEST,4052,1986,2066,0,0,0.49,4052,0.819,-1672.4,-0.2035,32.8,1986,0.822,-799.9,-0.1954,33.1,2066,0.817,-872.5,-0.2112,32.6,0.0158,0.76,-0.101,0.1065,0.75,0.895,-1198.3,-471.4,,
s04_breaker_block,B3_db0.05,q,0.45,TEST,4052,1947,1716,389,0,0.481,4052,0.819,-1672.4,-0.2035,32.8,1947,0.872,-576.8,-0.1667,34.0,1716,0.784,-842.1,-0.2324,31.9,0.0657,0.1955,-0.1004,0.0975,0.762,0.905,-1036.7,-401.2,,
s04_breaker_block,B3_db0.10,q,0.45,TEST,4052,1740,1532,780,0,0.429,4052,0.819,-1672.4,-0.2035,32.8,1740,0.889,-454.2,-0.1546,34.4,1532,0.786,-755.6,-0.2319,31.9,0.0773,0.155,-0.1107,0.1028,0.767,0.916,-894.5,-314.3,,
s04_breaker_block,B5_w2,q,0.45,TEST,4052,1982,2070,0,0,0.489,4052,0.819,-1672.4,-0.2035,32.8,1982,0.8,-872.3,-0.2014,33.0,2070,0.837,-800.1,-0.2055,32.7,0.004,0.934,-0.0961,0.1038,0.752,0.897,-1185.8,-457.3,,
s04_breaker_block,B1,q,0.7,ALL,6613,2937,3013,663,0,0.444,6613,0.687,-4736.7,-0.3381,32.5,2937,0.688,-2050.1,-0.3327,32.8,3013,0.698,-2104.6,-0.3418,32.2,0.0091,0.8215,-0.0838,0.0788,0.645,0.743,-2478.4,-1678.0,0.804,
s04_breaker_block,B2,q,0.7,ALL,6613,3250,3362,1,0,0.491,6613,0.687,-4736.7,-0.3381,32.5,3250,0.685,-2349.5,-0.3384,32.4,3362,0.689,-2385.0,-0.3375,32.6,-0.0009,0.979,-0.0797,0.0784,0.64,0.736,-2790.3,-1950.1,0.972,
s04_breaker_block,B3,q,0.7,ALL,6613,3492,3121,0,0,0.528,6613,0.687,-4736.7,-0.3381,32.5,3492,0.714,-2289.5,-0.3149,33.2,3121,0.657,-2447.2,-0.364,31.7,0.0491,0.182,-0.0705,0.0724,0.642,0.733,-2770.8,-1972.1,0.17,
s04_breaker_block,B4,q,0.7,ALL,6613,2967,3042,604,0,0.449,6613,0.687,-4736.7,-0.3381,32.5,2967,0.666,-2229.3,-0.332,32.8,3042,0.718,-2017.7,-0.3324,32.5,0.0005,0.9845,-0.0815,0.08,0.643,0.743,-2533.6,-1719.0,0.994,
s04_breaker_block,B5,q,0.7,ALL,6613,3263,3350,0,0,0.493,6613,0.687,-4736.7,-0.3381,32.5,3263,0.664,-2473.9,-0.349,32.1,3350,0.709,-2262.9,-0.3274,32.8,-0.0216,0.58,-0.0799,0.0767,0.642,0.734,-2791.9,-1960.4,0.568,
s04_breaker_block,B6,q,0.7,ALL,6613,1515,4699,399,0,0.229,6613,0.687,-4736.7,-0.3381,32.5,1515,0.755,-831.8,-0.2856,34.3,4699,0.665,-3608.2,-0.359,31.8,0.0733,0.05,-0.0706,0.0763,0.641,0.74,-2652.7,-1779.8,0.074,
s04_breaker_block,C2,q,0.7,ALL,6613,3193,3404,0,16,0.483,6613,0.687,-4736.7,-0.3381,32.5,3193,0.666,-2404.2,-0.3491,32.2,3404,0.707,-2318.1,-0.3267,32.8,-0.0224,0.5735,-0.0763,0.079,0.644,0.736,-2768.4,-1941.8,0.514,
s04_breaker_block,B1_utc,q,0.7,ALL,6613,2607,2929,1077,0,0.394,6613,0.687,-4736.7,-0.3381,32.5,2607,0.7,-1767.0,-0.327,32.9,2929,0.665,-2347.6,-0.3494,31.9,0.0224,0.5995,-0.0824,0.0785,0.632,0.728,-2462.4,-1691.9,,
s04_breaker_block,B2_lb2,q,0.7,ALL,6613,3250,3362,1,0,0.491,6613,0.687,-4736.7,-0.3381,32.5,3250,0.679,-2383.9,-0.353,31.9,3362,0.695,-2350.6,-0.3233,33.0,-0.0298,0.458,-0.0765,0.0801,0.638,0.736,-2777.2,-1949.0,,
s04_breaker_block,B2_lb5,q,0.7,ALL,6613,3272,3341,0,0,0.495,6613,0.687,-4736.7,-0.3381,32.5,3272,0.681,-2391.8,-0.3418,32.4,3341,0.693,-2344.9,-0.3345,32.6,-0.0073,0.8525,-0.0763,0.0796,0.639,0.735,-2791.8,-1946.8,,
s04_breaker_block,B3_db0.05,q,0.7,ALL,6613,3184,2803,596,30,0.481,6613,0.687,-4736.7,-0.3381,32.5,3184,0.727,-1987.9,-0.308,33.5,2803,0.663,-2166.7,-0.3611,31.8,0.0531,0.18,-0.0789,0.075,0.65,0.745,-2454.7,-1712.0,,
s04_breaker_block,B3_db0.10,q,0.7,ALL,6613,2868,2466,1249,30,0.434,6613,0.687,-4736.7,-0.3381,32.5,2868,0.737,-1740.4,-0.3047,33.5,2466,0.659,-1944.7,-0.3658,31.6,0.0611,0.1705,-0.087,0.0816,0.648,0.752,-2217.7,-1493.4,,
s04_breaker_block,B5_w2,q,0.7,ALL,6613,3210,3402,1,0,0.485,6613,0.687,-4736.7,-0.3381,32.5,3210,0.661,-2445.9,-0.3461,32.3,3402,0.71,-2295.5,-0.3311,32.7,-0.015,0.7,-0.0684,0.076,0.645,0.735,-2755.9,-1950.1,,
s04_breaker_block,B1,q,0.7,TRAIN,2561,1127,1178,256,0,0.44,2561,0.605,-2051.3,-0.385,31.9,1127,0.602,-879.0,-0.3851,32.2,1178,0.62,-930.1,-0.3813,31.8,-0.0038,0.9565,-0.1233,0.1288,0.55,0.681,-1102.2,-700.6,0.964,
s04_breaker_block,B2,q,0.7,TRAIN,2561,1238,1323,0,0,0.483,2561,0.605,-2051.3,-0.385,31.9,1238,0.601,-1022.9,-0.3911,31.6,1323,0.609,-1028.5,-0.3792,32.3,-0.0119,0.8415,-0.1265,0.1163,0.541,0.666,-1253.1,-818.6,0.816,
s04_breaker_block,B3,q,0.7,TRAIN,2561,1364,1197,0,0,0.533,2561,0.605,-2051.3,-0.385,31.9,1364,0.623,-1021.8,-0.3672,32.6,1197,0.585,-1029.5,-0.4052,31.2,0.038,0.5185,-0.1149,0.1118,0.547,0.663,-1229.5,-831.6,0.532,
s04_breaker_block,B4,q,0.7,TRAIN,2561,1161,1182,218,0,0.453,2561,0.605,-2051.3,-0.385,31.9,1161,0.634,-846.3,-0.3377,33.5,1182,0.599,-978.1,-0.4049,31.2,0.0671,0.2585,-0.1255,0.1182,0.553,0.681,-1116.0,-721.3,0.254,
s04_breaker_block,B5,q,0.7,TRAIN,2561,1215,1346,0,0,0.474,2561,0.605,-2051.3,-0.385,31.9,1215,0.581,-1044.8,-0.3962,31.5,1346,0.627,-1006.5,-0.3749,32.3,-0.0213,0.73,-0.1152,0.1162,0.545,0.667,-1246.1,-819.1,0.706,
s04_breaker_block,B6,q,0.7,TRAIN,2561,607,1787,167,0,0.237,2561,0.605,-2051.3,-0.385,31.9,607,0.661,-391.8,-0.3473,33.4,1787,0.585,-1535.4,-0.4025,31.3,0.0552,0.376,-0.1218,0.1217,0.541,0.67,-1186.1,-752.7,0.346,
s04_breaker_block,C2,q,0.7,TRAIN,2561,1167,1378,0,16,0.456,2561,0.605,-2051.3,-0.385,31.9,1167,0.587,-981.5,-0.401,31.4,1378,0.621,-1055.3,-0.3693,32.4,-0.0318,0.6075,-0.1206,0.1124,0.547,0.67,-1228.6,-806.0,0.552,
s04_breaker_block,B1_utc,q,0.7,TRAIN,2561,961,1130,470,0,0.375,2561,0.605,-2051.3,-0.385,31.9,961,0.609,-748.2,-0.3836,32.2,1130,0.605,-928.4,-0.3919,31.5,0.0083,0.902,-0.1357,0.134,0.536,0.681,-1035.6,-638.5,,
s04_breaker_block,B2_lb2,q,0.7,TRAIN,2561,1247,1313,1,0,0.487,2561,0.605,-2051.3,-0.385,31.9,1247,0.592,-1061.4,-0.4044,31.1,1313,0.619,-987.7,-0.3657,32.7,-0.0388,0.5305,-0.125,0.1191,0.545,0.674,-1247.5,-802.7,,
s04_breaker_block,B2_lb5,q,0.7,TRAIN,2561,1286,1275,0,0,0.502,2561,0.605,-2051.3,-0.385,31.9,1286,0.589,-1095.5,-0.4052,31.2,1275,0.621,-955.9,-0.3645,32.7,-0.0407,0.52,-0.1245,0.112,0.544,0.667,-1243.9,-818.1,,
s04_breaker_block,B3_db0.05,q,0.7,TRAIN,2561,1237,1087,207,30,0.483,2561,0.605,-2051.3,-0.385,31.9,1237,0.623,-924.3,-0.3669,32.7,1087,0.599,-895.6,-0.3971,31.5,0.0302,0.623,-0.1176,0.12,0.548,0.681,-1116.8,-700.3,,
s04_breaker_block,B3_db0.10,q,0.7,TRAIN,2561,1128,934,469,30,0.44,2561,0.605,-2051.3,-0.385,31.9,1128,0.621,-851.2,-0.3772,32.3,934,0.578,-806.1,-0.4127,31.0,0.0355,0.5935,-0.1369,0.1265,0.532,0.672,-1038.2,-639.0,,
s04_breaker_block,B5_w2,q,0.7,TRAIN,2561,1228,1332,1,0,0.48,2561,0.605,-2051.3,-0.385,31.9,1228,0.571,-1078.1,-0.4081,31.2,1332,0.635,-977.8,-0.3652,32.6,-0.0429,0.456,-0.1173,0.1137,0.547,0.67,-1224.4,-811.8,,
s04_breaker_block,B1,q,0.7,TEST,4052,1810,1835,407,0,0.447,4052,0.73,-2685.4,-0.3085,32.8,1810,0.732,-1171.1,-0.3001,33.2,1835,0.74,-1174.5,-0.3165,32.5,0.0164,0.747,-0.103,0.099,0.67,0.803,-1507.5,-840.0,0.736,
s04_breaker_block,B2,q,0.7,TEST,4052,2012,2039,1,0,0.497,4052,0.73,-2685.4,-0.3085,32.8,2012,0.729,-1326.7,-0.3059,32.9,2039,0.731,-1356.5,-0.3104,32.8,0.0045,0.941,-0.1051,0.1049,0.665,0.797,-1704.2,-978.5,0.898,
s04_breaker_block,B3,q,0.7,TEST,4052,2128,1924,0,0,0.525,4052,0.73,-2685.4,-0.3085,32.8,2128,0.76,-1267.7,-0.2814,33.6,1924,0.695,-1417.7,-0.3384,32.0,0.057,0.2525,-0.0981,0.1002,0.671,0.795,-1682.4,-996.2,0.216,
s04_breaker_block,B4,q,0.7,TEST,4052,1806,1860,386,0,0.446,4052,0.73,-2685.4,-0.3085,32.8,1806,0.684,-1383.0,-0.3283,32.3,1860,0.779,-1039.6,-0.2864,33.4,-0.0419,0.4295,-0.1054,0.0981,0.668,0.797,-1561.9,-885.3,0.378,
s04_breaker_block,B5,q,0.7,TEST,4052,2048,2004,0,0,0.505,4052,0.73,-2685.4,-0.3085,32.8,2048,0.706,-1429.0,-0.3211,32.5,2004,0.752,-1256.4,-0.2956,33.2,-0.0255,0.6085,-0.1005,0.1036,0.668,0.797,-1701.8,-962.0,0.55,
s04_breaker_block,B6,q,0.7,TEST,4052,908,2912,232,0,0.224,4052,0.73,-2685.4,-0.3085,32.8,908,0.803,-439.9,-0.2444,34.9,2912,0.707,-2072.8,-0.3322,32.1,0.0878,0.0735,-0.0979,0.0951,0.664,0.797,-1636.8,-870.9,0.116,
s04_breaker_block,C2,q,0.7,TEST,4052,2026,2026,0,0,0.5,4052,0.73,-2685.4,-0.3085,32.8,2026,0.705,-1422.7,-0.3192,32.7,2026,0.753,-1262.7,-0.2977,33.0,-0.0215,0.6845,-0.1032,0.103,0.665,0.796,-1713.6,-968.6,0.65,
s04_breaker_block,B1_utc,q,0.7,TEST,4052,1646,1799,607,0,0.406,4052,0.73,-2685.4,-0.3085,32.8,1646,0.744,-1018.8,-0.2939,33.4,1799,0.695,-1419.2,-0.3227,32.2,0.0287,0.5885,-0.1027,0.1042,0.656,0.782,-1552.8,-903.9,,
s04_breaker_block,B2_lb2,q,0.7,TEST,4052,2003,2049,0,0,0.494,4052,0.73,-2685.4,-0.3085,32.8,2003,0.727,-1322.5,-0.321,32.5,2049,0.733,-1362.9,-0.2961,33.2,-0.0249,0.631,-0.1046,0.1048,0.665,0.793,-1711.7,-1002.2,,
s04_breaker_block,B2_lb5,q,0.7,TEST,4052,1986,2066,0,0,0.49,4052,0.73,-2685.4,-0.3085,32.8,1986,0.731,-1296.4,-0.3006,33.1,2066,0.729,-1389.0,-0.316,32.6,0.0153,0.7655,-0.101,0.1008,0.668,0.793,-1693.5,-996.8,,
s04_breaker_block,B3_db0.05,q,0.7,TEST,4052,1947,1716,389,0,0.481,4052,0.73,-2685.4,-0.3085,32.8,1947,0.78,-1063.6,-0.2705,34.0,1716,0.697,-1271.1,-0.3383,31.9,0.0677,0.194,-0.1006,0.0989,0.678,0.807,-1483.9,-847.0,,
s04_breaker_block,B3_db0.10,q,0.7,TEST,4052,1740,1532,780,0,0.429,4052,0.73,-2685.4,-0.3085,32.8,1740,0.797,-889.2,-0.2577,34.4,1532,0.7,-1138.6,-0.3372,31.9,0.0795,0.1545,-0.1086,0.1089,0.683,0.822,-1329.8,-711.3,,
s04_breaker_block,B5_w2,q,0.7,TEST,4052,1982,2070,0,0,0.489,4052,0.73,-2685.4,-0.3085,32.8,1982,0.709,-1367.8,-0.3077,33.0,2070,0.749,-1317.6,-0.3091,32.7,0.0014,0.9785,-0.102,0.0989,0.665,0.796,-1716.5,-984.6,,
s94_sweep_reversal,B1,mid,0.75,ALL,1304,631,552,121,0,0.484,1304,0.789,-1158.2,-0.2153,23.5,631,0.862,-373.5,-0.1533,24.2,552,0.708,-681.1,-0.2777,23.2,0.1244,0.3015,-0.2448,0.2308,0.655,0.941,-921.2,-135.8,,
s94_sweep_reversal,B2,mid,0.75,ALL,1304,780,524,0,0,0.598,1304,0.789,-1158.2,-0.2153,23.5,780,0.735,-883.6,-0.2238,23.7,524,0.872,-274.6,-0.2027,23.3,-0.0212,0.846,-0.2218,0.2189,0.656,0.933,-1001.3,-173.2,,
s94_sweep_reversal,B3,mid,0.75,ALL,1304,271,1032,1,0,0.208,1304,0.789,-1158.2,-0.2153,23.5,271,1.145,150.6,-0.1186,27.7,1032,0.707,-1299.2,-0.2399,22.5,0.1213,0.273,-0.2213,0.2076,0.665,0.924,-972.1,-202.1,,
s94_sweep_reversal,B4,mid,0.75,ALL,1304,614,589,101,0,0.471,1304,0.789,-1158.2,-0.2153,23.5,614,0.756,-670.1,-0.2113,23.3,589,0.887,-261.6,-0.1612,25.0,-0.0501,0.6995,-0.257,0.2411,0.674,0.978,-885.1,-53.4,,
s94_sweep_reversal,B5,mid,0.75,ALL,1304,703,601,0,0,0.539,1304,0.789,-1158.2,-0.2153,23.5,703,0.802,-609.2,-0.1983,23.2,601,0.773,-549.0,-0.2353,24.0,0.0371,0.775,-0.2419,0.2322,0.652,0.929,-1022.0,-176.5,,
s94_sweep_reversal,B6,mid,0.75,ALL,1304,121,1156,27,0,0.093,1304,0.789,-1158.2,-0.2153,23.5,121,1.008,4.0,0.0048,27.3,1156,0.761,-1164.6,-0.2355,23.1,0.2403,0.023,-0.2123,0.2049,0.666,0.917,-940.6,-216.2,,
s94_sweep_reversal,C2,mid,0.75,ALL,1304,722,575,0,7,0.554,1304,0.789,-1158.2,-0.2153,23.5,722,0.768,-738.7,-0.1388,24.2,575,0.817,-418.4,-0.3082,22.6,0.1694,0.1615,-0.2386,0.2336,0.653,0.946,-1000.1,-137.6,,
s94_sweep_reversal,B1_utc,mid,0.75,ALL,1304,565,528,211,0,0.433,1304,0.789,-1158.2,-0.2153,23.5,565,0.756,-621.5,-0.2042,23.2,528,0.883,-248.8,-0.1349,25.6,-0.0693,0.6065,-0.2702,0.263,0.663,0.977,-827.2,-50.5,,
s94_sweep_reversal,B2_lb2,mid,0.75,ALL,1304,825,479,0,0,0.633,1304,0.789,-1158.2,-0.2153,23.5,825,0.727,-958.5,-0.1888,23.8,479,0.899,-199.7,-0.2611,23.2,0.0724,0.524,-0.2341,0.2206,0.656,0.938,-988.7,-158.4,,
s94_sweep_reversal,B2_lb5,mid,0.75,ALL,1304,727,577,0,0,0.558,1304,0.789,-1158.2,-0.2153,23.5,727,0.745,-788.8,-0.2102,23.5,577,0.846,-369.4,-0.2218,23.6,0.0116,0.9075,-0.2211,0.2256,0.65,0.934,-994.6,-173.1,,
s94_sweep_reversal,B3_db0.05,mid,0.75,ALL,1304,222,915,160,7,0.17,1304,0.789,-1158.2,-0.2153,23.5,222,1.035,32.0,-0.2111,24.8,915,0.71,-1167.4,-0.2007,23.1,-0.0104,0.932,-0.2351,0.2409,0.64,0.924,-926.7,-178.8,,
s94_sweep_reversal,B3_db0.10,mid,0.75,ALL,1304,185,802,310,7,0.142,1304,0.789,-1158.2,-0.2153,23.5,185,0.96,-28.8,-0.1934,24.9,802,0.706,-1069.2,-0.1875,22.7,-0.0058,0.966,-0.2434,0.2442,0.618,0.898,-880.2,-207.0,,
s94_sweep_reversal,B5_w2,mid,0.75,ALL,1304,709,594,1,0,0.544,1304,0.789,-1158.2,-0.2153,23.5,709,0.777,-722.6,-0.1742,23.8,594,0.802,-444.9,-0.2678,23.1,0.0936,0.4215,-0.2315,0.2392,0.652,0.934,-1007.3,-165.6,,
s94_sweep_reversal,B1,mid,0.75,TRAIN,607,295,251,61,0,0.486,607,0.746,-499.4,-0.2949,24.2,295,0.858,-134.4,-0.2168,25.8,251,0.605,-332.6,-0.394,22.7,0.1771,0.2725,-0.3085,0.3188,0.579,0.935,-401.6,-52.3,,
s94_sweep_reversal,B2,mid,0.75,TRAIN,607,367,240,0,0,0.605,607,0.746,-499.4,-0.2949,24.2,367,0.683,-383.7,-0.3564,23.2,240,0.847,-115.7,-0.2009,25.8,-0.1554,0.301,-0.2929,0.2952,0.584,0.934,-435.3,-59.8,,
s94_sweep_reversal,B3,mid,0.75,TRAIN,607,121,485,1,0,0.199,607,0.746,-499.4,-0.2949,24.2,121,0.699,-122.3,-0.3521,23.1,485,0.763,-367.4,-0.279,24.5,-0.0731,0.609,-0.3015,0.2957,0.578,0.927,-438.4,-69.5,,
s94_sweep_reversal,B4,mid,0.75,TRAIN,607,282,274,51,0,0.465,607,0.746,-499.4,-0.2949,24.2,282,0.721,-270.7,-0.2595,24.8,274,0.792,-174.0,-0.2909,24.5,0.0314,0.842,-0.3134,0.3115,0.598,0.934,-389.0,-54.7,,
s94_sweep_reversal,B5,mid,0.75,TRAIN,607,336,271,0,0,0.554,607,0.746,-499.4,-0.2949,24.2,336,0.777,-256.2,-0.2898,24.4,271,0.703,-243.2,-0.3013,24.0,0.0115,0.938,-0.3125,0.2797,0.579,0.924,-442.8,-66.0,,
s94_sweep_reversal,B6,mid,0.75,TRAIN,607,53,542,12,0,0.087,607,0.746,-499.4,-0.2949,24.2,53,0.555,-88.0,-0.2507,24.5,542,0.766,-405.7,-0.2981,24.2,0.0474,0.7525,-0.2892,0.2774,0.583,0.921,-423.6,-72.7,,
s94_sweep_reversal,C2,mid,0.75,TRAIN,607,342,258,0,7,0.563,607,0.746,-499.4,-0.2949,24.2,342,0.882,-130.5,-0.1296,27.5,258,0.565,-367.8,-0.509,19.8,0.3794,0.016,-0.3115,0.291,0.582,0.933,-439.7,-62.0,,
s94_sweep_reversal,B1_utc,mid,0.75,TRAIN,607,257,237,113,0,0.423,607,0.746,-499.4,-0.2949,24.2,257,0.817,-156.4,-0.2192,25.3,237,0.708,-229.1,-0.3094,24.5,0.0902,0.6035,-0.3423,0.3379,0.584,0.97,-364.9,-23.1,,
s94_sweep_reversal,B2_lb2,mid,0.75,TRAIN,607,388,219,0,0,0.639,607,0.746,-499.4,-0.2949,24.2,388,0.673,-417.6,-0.3481,23.2,219,0.882,-81.8,-0.2008,26.0,-0.1473,0.3765,-0.3117,0.3194,0.569,0.952,-454.2,-44.0,,
s94_sweep_reversal,B2_lb5,mid,0.75,TRAIN,607,326,281,0,0,0.537,607,0.746,-499.4,-0.2949,24.2,326,0.651,-373.4,-0.3563,22.7,281,0.86,-126.0,-0.2237,26.0,-0.1326,0.396,-0.3005,0.31,0.58,0.939,-437.7,-56.6,,
s94_sweep_reversal,B3_db0.05,mid,0.75,TRAIN,607,103,431,66,7,0.17,607,0.746,-499.4,-0.2949,24.2,103,0.591,-149.7,-0.4436,20.4,431,0.771,-317.6,-0.2464,25.1,-0.1973,0.21,-0.3054,0.3084,0.553,0.928,-411.2,-55.9,,
s94_sweep_reversal,B3_db0.10,mid,0.75,TRAIN,607,82,384,134,7,0.135,607,0.746,-499.4,-0.2949,24.2,82,0.559,-112.4,-0.4339,20.7,384,0.745,-325.8,-0.2495,24.2,-0.1844,0.2845,-0.3127,0.3355,0.552,0.9,-368.9,-71.3,,
s94_sweep_reversal,B5_w2,mid,0.75,TRAIN,607,331,275,1,0,0.545,607,0.746,-499.4,-0.2949,24.2,331,0.799,-221.9,-0.2127,26.0,275,0.668,-286.8,-0.4013,21.8,0.1886,0.2085,-0.2901,0.2953,0.578,0.915,-439.2,-76.1,,
s94_sweep_reversal,B1,mid,0.75,TEST,697,336,301,60,0,0.482,697,0.813,-658.8,-0.146,23.0,336,0.864,-239.1,-0.0975,22.9,301,0.766,-348.5,-0.1807,23.6,0.0833,0.6545,-0.3613,0.3568,0.636,1.05,-629.2,74.3,,
s94_sweep_reversal,B2,mid,0.75,TEST,697,413,284,0,0,0.593,697,0.813,-658.8,-0.146,23.0,413,0.765,-500.0,-0.1061,24.2,284,0.886,-158.8,-0.2042,21.1,0.0981,0.5475,-0.3277,0.3271,0.637,1.02,-683.4,32.8,,
s94_sweep_reversal,B3,mid,0.75,TEST,697,150,547,0,0,0.215,697,0.813,-658.8,-0.146,23.0,150,1.43,272.9,0.0697,31.3,547,0.677,-931.8,-0.2052,20.7,0.2749,0.0985,-0.3207,0.3326,0.656,1.007,-657.0,11.7,,
s94_sweep_reversal,B4,mid,0.75,TEST,697,332,315,50,0,0.476,697,0.813,-658.8,-0.146,23.0,332,0.776,-399.4,-0.1704,22.0,315,0.941,-87.7,-0.0484,25.4,-0.122,0.5215,-0.3457,0.3508,0.659,1.085,-609.0,125.2,,
s94_sweep_reversal,B5,mid,0.75,TEST,697,367,330,0,0,0.527,697,0.813,-658.8,-0.146,23.0,367,0.816,-353.0,-0.1145,22.1,330,0.809,-305.9,-0.1812,23.9,0.0667,0.6955,-0.3439,0.3462,0.63,1.026,-707.4,42.1,,
s94_sweep_reversal,B6,mid,0.75,TEST,697,68,614,15,0,0.098,697,0.813,-658.8,-0.146,23.0,68,1.289,92.0,0.204,29.4,614,0.759,-758.9,-0.1802,22.1,0.3842,0.018,-0.3157,0.3113,0.641,0.998,-658.7,-3.1,,
s94_sweep_reversal,C2,mid,0.75,TEST,697,380,317,0,0,0.545,697,0.813,-658.8,-0.146,23.0,380,0.707,-608.2,-0.1471,21.3,317,0.965,-50.6,-0.1448,24.9,-0.0023,0.9865,-0.338,0.376,0.624,1.048,-711.9,73.3,,
s94_sweep_reversal,B1_utc,mid,0.75,TEST,697,308,291,98,0,0.442,697,0.813,-658.8,-0.146,23.0,308,0.725,-465.1,-0.1918,21.4,291,0.985,-19.7,0.0072,26.5,-0.1989,0.306,-0.3729,0.3809,0.647,1.08,-597.6,108.2,,
s94_sweep_reversal,B2_lb2,mid,0.75,TEST,697,437,260,0,0,0.627,697,0.813,-658.8,-0.146,23.0,437,0.758,-540.9,-0.0473,24.3,260,0.908,-118.0,-0.312,20.8,0.2646,0.119,-0.3407,0.32,0.634,1.002,-679.2,2.9,,
s94_sweep_reversal,B2_lb5,mid,0.75,TEST,697,401,296,0,0,0.575,697,0.813,-658.8,-0.146,23.0,401,0.795,-415.4,-0.0914,24.2,296,0.837,-243.4,-0.22,21.3,0.1286,0.4255,-0.3259,0.3174,0.625,1.038,-707.0,57.3,,
s94_sweep_reversal,B3_db0.05,mid,0.75,TEST,697,119,484,94,0,0.171,697,0.813,-658.8,-0.146,23.0,119,1.334,181.7,-0.0098,28.6,484,0.678,-849.8,-0.1601,21.3,0.1502,0.3935,-0.3489,0.349,0.614,0.997,-671.9,-3.9,,
s94_sweep_reversal,B3_db0.10,mid,0.75,TEST,697,103,418,176,0,0.148,697,0.813,-658.8,-0.146,23.0,103,1.178,83.6,-0.0019,28.2,418,0.685,-743.4,-0.1306,21.3,0.1288,0.5165,-0.3771,0.3973,0.59,0.966,-634.8,-42.3,,
s94_sweep_reversal,B5_w2,mid,0.75,TEST,697,378,319,0,0,0.542,697,0.813,-658.8,-0.146,23.0,378,0.766,-500.7,-0.1405,22.0,319,0.886,-158.1,-0.1527,24.1,0.0122,0.953,-0.349,0.3619,0.635,1.033,-688.9,51.9,,
s94_sweep_reversal,B1,mid,1.0,ALL,1304,631,552,121,0,0.484,1304,0.741,-1484.2,-0.295,23.5,631,0.812,-531.3,-0.2319,24.1,552,0.664,-819.1,-0.3575,23.2,0.1256,0.3225,-0.229,0.245,0.616,0.896,-1067.6,-256.6,0.274,
s94_sweep_reversal,B2,mid,1.0,ALL,1304,780,524,0,0,0.598,1304,0.741,-1484.2,-0.295,23.5,780,0.69,-1078.6,-0.3038,23.7,524,0.82,-405.6,-0.2819,23.1,-0.0219,0.8515,-0.2293,0.2236,0.616,0.879,-1158.3,-324.2,0.834,
s94_sweep_reversal,B3,mid,1.0,ALL,1304,271,1032,1,0,0.208,1304,0.741,-1484.2,-0.295,23.5,271,1.076,82.9,-0.195,27.3,1032,0.664,-1557.2,-0.3204,22.5,0.1254,0.268,-0.2208,0.2146,0.632,0.869,-1097.7,-354.6,0.4,
s94_sweep_reversal,B4,mid,1.0,ALL,1304,614,589,101,0,0.471,1304,0.741,-1484.2,-0.295,23.5,614,0.713,-823.6,-0.2904,23.1,589,0.831,-408.9,-0.2408,25.0,-0.0497,0.6905,-0.274,0.2334,0.622,0.912,-1067.5,-217.6,0.694,
s94_sweep_reversal,B5,mid,1.0,ALL,1304,703,601,0,0,0.539,1304,0.741,-1484.2,-0.295,23.5,703,0.755,-784.9,-0.2764,23.0,601,0.724,-699.3,-0.3167,24.0,0.0403,0.733,-0.2345,0.2212,0.616,0.883,-1156.5,-309.3,0.73,
s94_sweep_reversal,B6,mid,1.0,ALL,1304,121,1156,27,0,0.093,1304,0.741,-1484.2,-0.295,23.5,121,0.951,-26.3,-0.0695,26.4,1156,0.715,-1453.6,-0.3158,23.1,0.2464,0.021,-0.2121,0.2166,0.62,0.867,-1107.1,-349.3,0.25,
s94_sweep_reversal,C2,mid,1.0,ALL,1304,722,575,0,7,0.554,1304,0.741,-1484.2,-0.295,23.5,722,0.723,-919.2,-0.2184,24.1,575,0.766,-562.2,-0.3878,22.6,0.1694,0.158,-0.2255,0.2309,0.612,0.882,-1172.2,-322.5,0.136,
s94_sweep_reversal,B1_utc,mid,1.0,ALL,1304,565,528,211,0,0.433,1304,0.741,-1484.2,-0.295,23.5,565,0.713,-762.7,-0.2813,23.0,528,0.828,-380.8,-0.215,25.6,-0.0663,0.6055,-0.2463,0.2491,0.631,0.922,-960.0,-176.2,,
s94_sweep_reversal,B2_lb2,mid,1.0,ALL,1304,825,479,0,0,0.633,1304,0.741,-1484.2,-0.295,23.5,825,0.683,-1164.7,-0.2694,23.8,479,0.845,-319.5,-0.3391,23.0,0.0698,0.539,-0.2265,0.2271,0.621,0.879,-1129.1,-329.9,,
s94_sweep_reversal,B2_lb5,mid,1.0,ALL,1304,727,577,0,0,0.558,1304,0.741,-1484.2,-0.295,23.5,727,0.7,-970.5,-0.2903,23.5,577,0.795,-513.7,-0.3008,23.4,0.0105,0.928,-0.2212,0.2262,0.621,0.883,-1143.8,-314.1,,
s94_sweep_reversal,B3_db0.05,mid,1.0,ALL,1304,222,915,160,7,0.17,1304,0.741,-1484.2,-0.295,23.5,222,0.975,-23.5,-0.2871,24.3,915,0.668,-1396.1,-0.2803,23.1,-0.0068,0.95,-0.2342,0.2329,0.601,0.862,-1072.6,-326.9,,
s94_sweep_reversal,B3_db0.10,mid,1.0,ALL,1304,185,802,310,7,0.142,1304,0.741,-1484.2,-0.295,23.5,185,0.901,-75.0,-0.2711,24.3,802,0.665,-1269.7,-0.2656,22.7,-0.0055,0.966,-0.2488,0.2511,0.58,0.842,-1018.3,-335.8,,
s94_sweep_reversal,B5_w2,mid,1.0,ALL,1304,709,594,1,0,0.544,1304,0.741,-1484.2,-0.295,23.5,709,0.733,-899.9,-0.2519,23.7,594,0.749,-593.4,-0.3497,23.1,0.0978,0.4075,-0.2345,0.2498,0.616,0.889,-1179.9,-301.1,,
s94_sweep_reversal,B1,mid,1.0,TRAIN,607,295,251,61,0,0.486,607,0.688,-651.1,-0.3879,24.1,295,0.793,-208.1,-0.3083,25.4,251,0.556,-395.4,-0.4879,22.7,0.1796,0.268,-0.317,0.3248,0.521,0.862,-480.8,-118.8,0.258,
s94_sweep_reversal,B2,mid,1.0,TRAIN,607,367,240,0,0,0.605,607,0.688,-651.1,-0.3879,24.1,367,0.629,-475.4,-0.4495,23.2,240,0.781,-175.7,-0.2937,25.4,-0.1558,0.3035,-0.298,0.3079,0.531,0.861,-523.8,-133.8,0.338,
s94_sweep_reversal,B3,mid,1.0,TRAIN,607,121,485,1,0,0.199,607,0.688,-651.1,-0.3879,24.1,121,0.645,-152.6,-0.4439,22.3,485,0.703,-488.7,-0.3724,24.5,-0.0714,0.65,-0.3022,0.2768,0.534,0.858,-520.4,-135.8,0.684,
s94_sweep_reversal,B4,mid,1.0,TRAIN,607,282,274,51,0,0.465,607,0.688,-651.1,-0.3879,24.1,282,0.666,-341.2,-0.351,24.5,274,0.727,-242.5,-0.3855,24.5,0.0345,0.818,-0.306,0.3326,0.543,0.886,-460.8,-103.5,0.842,
s94_sweep_reversal,B5,mid,1.0,TRAIN,607,336,271,0,0,0.554,607,0.688,-651.1,-0.3879,24.1,336,0.72,-340.2,-0.3783,24.1,271,0.643,-310.9,-0.3997,24.0,0.0214,0.8775,-0.2989,0.2902,0.543,0.848,-506.6,-147.2,0.886,
s94_sweep_reversal,B6,mid,1.0,TRAIN,607,53,542,12,0,0.087,607,0.688,-651.1,-0.3879,24.1,53,0.513,-101.3,-0.3389,22.6,542,0.705,-541.2,-0.3917,24.2,0.0528,0.714,-0.2762,0.2929,0.534,0.848,-504.5,-144.9,0.854,
s94_sweep_reversal,C2,mid,1.0,TRAIN,607,342,258,0,7,0.563,607,0.688,-651.1,-0.3879,24.1,342,0.815,-216.0,-0.2205,27.2,258,0.518,-432.3,-0.6048,19.8,0.3843,0.0115,-0.29,0.2968,0.535,0.854,-513.5,-141.3,0.022,
s94_sweep_reversal,B1_utc,mid,1.0,TRAIN,607,257,237,113,0,0.423,607,0.688,-651.1,-0.3879,24.1,257,0.755,-220.6,-0.3088,24.9,237,0.652,-288.3,-0.4022,24.5,0.0934,0.6065,-0.3486,0.3279,0.534,0.894,-430.4,-86.2,,
s94_sweep_reversal,B2_lb2,mid,1.0,TRAIN,607,388,219,0,0,0.639,607,0.688,-651.1,-0.3879,24.1,388,0.619,-514.6,-0.4414,23.2,219,0.814,-136.5,-0.2931,25.6,-0.1483,0.353,-0.313,0.3136,0.53,0.875,-522.8,-121.6,,
s94_sweep_reversal,B2_lb5,mid,1.0,TRAIN,607,326,281,0,0,0.537,607,0.688,-651.1,-0.3879,24.1,326,0.598,-454.9,-0.451,22.7,281,0.794,-196.3,-0.3147,25.6,-0.1363,0.4025,-0.3136,0.3175,0.533,0.859,-518.8,-142.0,,
s94_sweep_reversal,B3_db0.05,mid,1.0,TRAIN,607,103,431,66,7,0.17,607,0.688,-651.1,-0.3879,24.1,103,0.546,-175.5,-0.5356,19.4,431,0.711,-425.4,-0.3395,25.1,-0.1961,0.2125,-0.3034,0.3054,0.515,0.856,-469.3,-124.5,,
s94_sweep_reversal,B3_db0.10,mid,1.0,TRAIN,607,82,384,134,7,0.135,607,0.688,-651.1,-0.3879,24.1,82,0.511,-132.9,-0.5287,19.5,384,0.687,-421.8,-0.3407,24.2,-0.1879,0.271,-0.3259,0.3133,0.501,0.827,-427.7,-129.0,,
s94_sweep_reversal,B5_w2,mid,1.0,TRAIN,607,331,275,1,0,0.545,607,0.688,-651.1,-0.3879,24.1,331,0.739,-304.7,-0.3043,25.7,275,0.613,-355.5,-0.496,21.8,0.1917,0.215,-0.2959,0.2975,0.534,0.85,-514.6,-141.9,,
s94_sweep_reversal,B1,mid,1.0,TEST,697,336,301,60,0,0.482,697,0.772,-833.1,-0.2141,23.0,336,0.822,-323.1,-0.1649,22.9,301,0.727,-423.8,-0.2488,23.6,0.0839,0.661,-0.3707,0.357,0.602,0.997,-716.7,-4.2,0.634,
s94_sweep_reversal,B2,mid,1.0,TEST,697,413,284,0,0,0.593,697,0.772,-833.1,-0.2141,23.0,413,0.726,-603.2,-0.1743,24.2,284,0.842,-229.8,-0.2719,21.1,0.0976,0.5735,-0.3135,0.3418,0.604,0.97,-779.0,-52.7,0.54,
s94_sweep_reversal,B3,mid,1.0,TEST,697,150,547,0,0,0.215,697,0.772,-833.1,-0.2141,23.0,150,1.356,235.4,0.0057,31.3,547,0.643,-1068.5,-0.2743,20.7,0.2801,0.0715,-0.2896,0.3179,0.618,0.939,-754.8,-99.3,0.168,
s94_sweep_reversal,B4,mid,1.0,TEST,697,332,315,50,0,0.476,697,0.772,-833.1,-0.2141,23.0,332,0.738,-482.4,-0.239,22.0,315,0.892,-166.4,-0.1149,25.4,-0.1241,0.4955,-0.37,0.3535,0.619,1.04,-689.0,57.3,0.466,
s94_sweep_reversal,B5,mid,1.0,TEST,697,367,330,0,0,0.527,697,0.772,-833.1,-0.2141,23.0,367,0.777,-444.7,-0.183,22.1,330,0.766,-388.4,-0.2486,23.9,0.0655,0.719,-0.3444,0.3369,0.596,0.966,-814.3,-54.2,0.708,
s94_sweep_reversal,B6,mid,1.0,TEST,697,68,614,15,0,0.098,697,0.772,-833.1,-0.2141,23.0,68,1.227,75.0,0.1405,29.4,614,0.721,-912.4,-0.2489,22.1,0.3894,0.0215,-0.3338,0.3195,0.608,0.944,-751.4,-94.4,0.2,
s94_sweep_reversal,C2,mid,1.0,TEST,697,380,317,0,0,0.545,697,0.772,-833.1,-0.2141,23.0,380,0.673,-703.2,-0.2165,21.3,317,0.914,-129.9,-0.2112,24.9,-0.0053,0.971,-0.3623,0.346,0.586,0.983,-809.6,-29.4,0.97,
s94_sweep_reversal,B1_utc,mid,1.0,TEST,697,308,291,98,0,0.442,697,0.772,-833.1,-0.2141,23.0,308,0.691,-542.1,-0.2584,21.4,291,0.934,-92.5,-0.0625,26.5,-0.1959,0.3135,-0.3912,0.3695,0.601,1.026,-690.8,34.3,,
s94_sweep_reversal,B2_lb2,mid,1.0,TEST,697,437,260,0,0,0.627,697,0.772,-833.1,-0.2141,23.0,437,0.72,-650.1,-0.1166,24.3,260,0.863,-183.0,-0.3779,20.8,0.2613,0.1265,-0.33,0.3272,0.608,0.952,-765.5,-81.4,,
s94_sweep_reversal,B2_lb5,mid,1.0,TEST,697,401,296,0,0,0.575,697,0.772,-833.1,-0.2141,23.0,401,0.755,-515.6,-0.1597,24.2,296,0.796,-317.4,-0.2877,21.3,0.128,0.422,-0.3033,0.3131,0.603,0.97,-780.1,-54.8,,
s94_sweep_reversal,B3_db0.05,mid,1.0,TEST,697,119,484,94,0,0.171,697,0.772,-833.1,-0.2141,23.0,119,1.269,151.9,-0.072,28.6,484,0.644,-970.8,-0.2276,21.3,0.1557,0.38,-0.3449,0.3303,0.576,0.944,-738.4,-81.5,,
s94_sweep_reversal,B3_db0.10,mid,1.0,TEST,697,103,418,176,0,0.148,697,0.772,-833.1,-0.2141,23.0,103,1.119,57.8,-0.0661,28.2,418,0.653,-847.9,-0.1966,21.3,0.1305,0.5075,-0.4084,0.3528,0.551,0.936,-707.0,-87.8,,
s94_sweep_reversal,B5_w2,mid,1.0,TEST,697,378,319,0,0,0.542,697,0.772,-833.1,-0.2141,23.0,378,0.731,-595.2,-0.2061,22.0,319,0.835,-237.9,-0.2236,24.1,0.0175,0.9345,-0.3319,0.3518,0.592,0.989,-820.9,-17.9,,
s94_sweep_reversal,B1,q,0.45,ALL,1304,631,552,121,0,0.484,1304,0.831,-879.4,-0.1677,22.9,631,0.934,-168.3,-0.0741,23.9,552,0.741,-573.1,-0.2383,22.6,0.1642,0.175,-0.2443,0.2321,0.689,1.008,-779.8,18.0,,
s94_sweep_reversal,B2,q,0.45,ALL,1304,780,524,0,0,0.598,1304,0.831,-879.4,-0.1677,22.9,780,0.773,-718.0,-0.1719,23.2,524,0.921,-161.4,-0.1614,22.5,-0.0104,0.9375,-0.22,0.2231,0.686,0.995,-857.6,-13.2,,
s94_sweep_reversal,B3,q,0.45,ALL,1304,271,1032,1,0,0.208,1304,0.831,-879.4,-0.1677,22.9,271,1.241,235.0,-0.0535,26.9,1032,0.738,-1105.0,-0.1968,21.9,0.1433,0.1905,-0.2156,0.2064,0.699,0.979,-821.3,-48.6,,
s94_sweep_reversal,B4,q,0.45,ALL,1304,614,589,101,0,0.471,1304,0.831,-879.4,-0.1677,22.9,614,0.807,-499.5,-0.1769,22.8,589,0.94,-130.9,-0.0863,24.4,-0.0906,0.479,-0.237,0.2473,0.702,1.05,-747.2,111.6,,
s94_sweep_reversal,B5,q,0.45,ALL,1304,703,601,0,0,0.539,1304,0.831,-879.4,-0.1677,22.9,703,0.866,-388.3,-0.1503,22.9,601,0.787,-491.1,-0.188,23.0,0.0377,0.7705,-0.2386,0.2212,0.676,1.007,-892.1,17.4,,
s94_sweep_reversal,B6,q,0.45,ALL,1304,121,1156,27,0,0.093,1304,0.831,-879.4,-0.1677,22.9,121,1.158,76.7,0.0709,26.4,1156,0.795,-947.9,-0.187,22.6,0.258,0.014,-0.2114,0.2061,0.697,0.975,-803.9,-59.7,,
s94_sweep_reversal,C2,q,0.45,ALL,1304,722,575,0,7,0.554,1304,0.831,-879.4,-0.1677,22.9,722,0.812,-567.4,-0.1069,23.7,575,0.856,-313.0,-0.2415,21.9,0.1346,0.2485,-0.2317,0.2331,0.684,0.999,-866.3,-3.1,,
s94_sweep_reversal,B1_utc,q,0.45,ALL,1304,565,528,211,0,0.433,1304,0.831,-879.4,-0.1677,22.9,565,0.801,-481.0,-0.1753,22.5,528,0.921,-158.7,-0.0798,25.0,-0.0955,0.472,-0.2546,0.2444,0.692,1.039,-726.6,78.4,,
s94_sweep_reversal,B2_lb2,q,0.45,ALL,1304,825,479,0,0,0.633,1304,0.831,-879.4,-0.1677,22.9,825,0.765,-781.7,-0.1372,23.3,479,0.948,-97.7,-0.2202,22.3,0.083,0.4875,-0.2349,0.2227,0.684,0.988,-869.9,-28.9,,
s94_sweep_reversal,B2_lb5,q,0.45,ALL,1304,727,577,0,0,0.558,1304,0.831,-879.4,-0.1677,22.9,727,0.774,-667.5,-0.1673,22.7,577,0.906,-211.9,-0.1681,23.2,0.0008,0.993,-0.2272,0.2239,0.688,0.982,-866.6,-42.9,,
s94_sweep_reversal,B3_db0.05,q,0.45,ALL,1304,222,915,160,7,0.17,1304,0.831,-879.4,-0.1677,22.9,222,1.103,88.6,-0.1665,23.4,915,0.744,-979.4,-0.1538,22.6,-0.0127,0.901,-0.2322,0.2293,0.659,0.971,-845.0,-67.9,,
s94_sweep_reversal,B3_db0.10,q,0.45,ALL,1304,185,802,310,7,0.142,1304,0.831,-879.4,-0.1677,22.9,185,1.074,49.9,-0.1418,23.8,802,0.74,-900.2,-0.1329,22.3,-0.0089,0.9435,-0.258,0.2592,0.645,0.965,-776.9,-67.4,,
s94_sweep_reversal,B5_w2,q,0.45,ALL,1304,709,594,1,0,0.544,1304,0.831,-879.4,-0.1677,22.9,709,0.846,-472.0,-0.0961,24.0,594,0.805,-417.0,-0.2564,21.5,0.1603,0.183,-0.2285,0.2316,0.677,0.997,-883.7,-7.7,,
s94_sweep_reversal,B1,q,0.45,TRAIN,607,295,251,61,0,0.486,607,0.783,-400.2,-0.2386,23.4,295,0.922,-69.7,-0.1505,25.1,251,0.664,-264.3,-0.3055,22.3,0.155,0.333,-0.2909,0.32,0.628,1.008,-332.0,6.2,,
s94_sweep_reversal,B2,q,0.45,TRAIN,607,367,240,0,0,0.605,607,0.783,-400.2,-0.2386,23.4,367,0.716,-322.4,-0.2988,22.3,240,0.89,-77.7,-0.1465,25.0,-0.1523,0.3095,-0.2916,0.2985,0.603,0.989,-388.3,-9.8,,
s94_sweep_reversal,B3,q,0.45,TRAIN,607,121,485,1,0,0.199,607,0.783,-400.2,-0.2386,23.4,121,0.7,-114.8,-0.3216,21.5,485,0.81,-276.0,-0.2162,23.9,-0.1054,0.4675,-0.2835,0.285,0.611,0.988,-379.1,-10.6,,
s94_sweep_reversal,B4,q,0.45,TRAIN,607,282,274,51,0,0.465,607,0.783,-400.2,-0.2386,23.4,282,0.726,-250.1,-0.2424,23.8,274,0.858,-110.7,-0.2045,23.7,-0.0379,0.803,-0.3191,0.3011,0.605,0.981,-354.3,-14.8,,
s94_sweep_reversal,B5,q,0.45,TRAIN,607,336,271,0,0,0.554,607,0.783,-400.2,-0.2386,23.4,336,0.838,-173.9,-0.2288,23.8,271,0.704,-226.2,-0.2508,22.9,0.022,0.8815,-0.2894,0.2869,0.615,0.981,-377.9,-16.2,,
s94_sweep_reversal,B6,q,0.45,TRAIN,607,53,542,12,0,0.087,607,0.783,-400.2,-0.2386,23.4,53,0.568,-81.1,-0.2475,22.6,542,0.816,-298.3,-0.2299,23.6,-0.0176,0.911,-0.2888,0.2739,0.609,0.978,-362.0,-18.3,,
s94_sweep_reversal,C2,q,0.45,TRAIN,607,342,258,0,7,0.563,607,0.783,-400.2,-0.2386,23.4,342,0.923,-79.6,-0.0912,26.9,258,0.593,-321.6,-0.4305,18.6,0.3392,0.0185,-0.2973,0.2907,0.603,0.97,-385.6,-25.3,,
s94_sweep_reversal,B1_utc,q,0.45,TRAIN,607,257,237,113,0,0.423,607,0.783,-400.2,-0.2386,23.4,257,0.838,-129.8,-0.2033,24.1,237,0.76,-175.3,-0.2193,24.1,0.016,0.925,-0.3232,0.3142,0.597,1.019,-322.9,13.2,,
s94_sweep_reversal,B2_lb2,q,0.45,TRAIN,607,388,219,0,0,0.639,607,0.783,-400.2,-0.2386,23.4,388,0.707,-350.1,-0.2873,22.4,219,0.923,-50.1,-0.1522,25.1,-0.1351,0.372,-0.2981,0.2997,0.591,0.993,-403.0,-5.3,,
s94_sweep_reversal,B2_lb5,q,0.45,TRAIN,607,326,281,0,0,0.537,607,0.783,-400.2,-0.2386,23.4,326,0.676,-324.5,-0.3036,21.8,281,0.91,-75.7,-0.1631,25.3,-0.1405,0.355,-0.2997,0.2912,0.605,0.967,-380.4,-27.2,,
s94_sweep_reversal,B3_db0.05,q,0.45,TRAIN,607,103,431,66,7,0.17,607,0.783,-400.2,-0.2386,23.4,103,0.572,-147.6,-0.4268,18.4,431,0.814,-242.4,-0.19,24.4,-0.2368,0.1185,-0.2956,0.3107,0.568,0.973,-371.8,-20.3,,
s94_sweep_reversal,B3_db0.10,q,0.45,TRAIN,607,82,384,134,7,0.135,607,0.783,-400.2,-0.2386,23.4,82,0.517,-115.5,-0.4371,18.3,384,0.79,-251.4,-0.1803,23.7,-0.2568,0.1185,-0.3343,0.321,0.564,0.938,-324.6,-41.3,,
s94_sweep_reversal,B5_w2,q,0.45,TRAIN,607,331,275,1,0,0.545,607,0.783,-400.2,-0.2386,23.4,331,0.871,-132.6,-0.1386,25.7,275,0.658,-277.2,-0.3663,20.4,0.2277,0.1275,-0.2763,0.2866,0.614,0.976,-378.4,-20.5,,
s94_sweep_reversal,B1,q,0.45,TEST,697,336,301,60,0,0.482,697,0.857,-479.2,-0.1059,22.5,336,0.941,-98.6,-0.007,22.9,301,0.783,-308.8,-0.1822,22.9,0.1752,0.3325,-0.3597,0.3755,0.668,1.139,-552.8,189.0,,
s94_sweep_reversal,B2,q,0.45,TEST,697,413,284,0,0,0.593,697,0.857,-479.2,-0.1059,22.5,413,0.805,-395.6,-0.0591,24.0,284,0.937,-83.6,-0.174,20.4,0.1149,0.491,-0.318,0.3336,0.659,1.094,-621.8,147.4,,
s94_sweep_reversal,B3,q,0.45,TEST,697,150,547,0,0,0.215,697,0.857,-479.2,-0.1059,22.5,150,1.588,349.8,0.1628,31.3,547,0.7,-829.1,-0.1796,20.1,0.3424,0.027,-0.2942,0.2986,0.673,1.065,-580.4,96.7,,
s94_sweep_reversal,B4,q,0.45,TEST,697,332,315,50,0,0.476,697,0.857,-479.2,-0.1059,22.5,332,0.851,-249.5,-0.1214,22.0,315,0.986,-20.2,0.0164,25.1,-0.1378,0.4715,-0.3698,0.3794,0.681,1.182,-540.1,247.0,,
s94_sweep_reversal,B5,q,0.45,TEST,697,367,330,0,0,0.527,697,0.857,-479.2,-0.1059,22.5,367,0.882,-214.3,-0.0785,22.1,330,0.828,-264.9,-0.1364,23.0,0.058,0.7425,-0.3588,0.3533,0.647,1.093,-633.8,147.1,,
s94_sweep_reversal,B6,q,0.45,TEST,697,68,614,15,0,0.098,697,0.857,-479.2,-0.1059,22.5,68,1.531,157.9,0.3191,29.4,614,0.784,-649.6,-0.1492,21.7,0.4683,0.002,-0.302,0.3182,0.667,1.076,-573.0,108.5,,
s94_sweep_reversal,C2,q,0.45,TEST,697,380,317,0,0,0.545,697,0.857,-479.2,-0.1059,22.5,380,0.753,-487.8,-0.121,20.8,317,1.006,8.6,-0.0878,24.6,-0.0332,0.8775,-0.3518,0.3489,0.651,1.097,-630.6,151.2,,
s94_sweep_reversal,B1_utc,q,0.45,TEST,697,308,291,98,0,0.442,697,0.857,-479.2,-0.1059,22.5,308,0.782,-351.2,-0.152,21.1,291,1.013,16.5,0.0338,25.8,-0.1858,0.343,-0.3854,0.3814,0.661,1.167,-535.0,208.9,,
s94_sweep_reversal,B2_lb2,q,0.45,TEST,697,437,260,0,0,0.627,697,0.857,-479.2,-0.1059,22.5,437,0.798,-431.6,-0.0039,24.0,260,0.961,-47.6,-0.2774,20.0,0.2736,0.1035,-0.3197,0.3288,0.665,1.082,-595.3,123.6,,
s94_sweep_reversal,B2_lb5,q,0.45,TEST,697,401,296,0,0,0.575,697,0.857,-479.2,-0.1059,22.5,401,0.824,-343.0,-0.0565,23.4,296,0.904,-136.2,-0.1728,21.3,0.1164,0.487,-0.3133,0.3082,0.663,1.094,-619.9,141.6,,
s94_sweep_reversal,B3_db0.05,q,0.45,TEST,697,119,484,94,0,0.171,697,0.857,-479.2,-0.1059,22.5,119,1.46,236.2,0.0588,27.7,484,0.708,-737.0,-0.1215,21.1,0.1803,0.291,-0.3262,0.3398,0.649,1.06,-574.7,84.5,,
s94_sweep_reversal,B3_db0.10,q,0.45,TEST,697,103,418,176,0,0.148,697,0.857,-479.2,-0.1059,22.5,103,1.383,165.4,0.0932,28.2,418,0.714,-648.7,-0.0895,21.1,0.1827,0.357,-0.3746,0.4011,0.608,1.063,-561.0,77.9,,
s94_sweep_reversal,B5_w2,q,0.45,TEST,697,378,319,0,0,0.542,697,0.857,-479.2,-0.1059,22.5,378,0.833,-339.4,-0.0588,22.5,319,0.894,-139.8,-0.1617,22.6,0.1029,0.5615,-0.3393,0.3395,0.654,1.104,-636.4,152.2,,
s94_sweep_reversal,B1,q,0.7,ALL,1304,631,552,121,0,0.484,1304,0.779,-1205.4,-0.2473,22.9,631,0.878,-326.0,-0.1528,23.9,552,0.693,-711.1,-0.3181,22.6,0.1654,0.1835,-0.2259,0.2421,0.648,0.957,-933.4,-103.3,0.162,
s94_sweep_reversal,B2,q,0.7,ALL,1304,780,524,0,0,0.598,1304,0.779,-1205.4,-0.2473,22.9,780,0.725,-913.0,-0.2518,23.2,524,0.863,-292.4,-0.2406,22.5,-0.0112,0.9255,-0.2257,0.2234,0.642,0.931,-1015.0,-169.6,0.902,
s94_sweep_reversal,B3,q,0.7,ALL,1304,271,1032,1,0,0.208,1304,0.779,-1205.4,-0.2473,22.9,271,1.163,167.3,-0.1298,26.9,1032,0.691,-1363.0,-0.2773,21.9,0.1475,0.16,-0.2105,0.2058,0.656,0.912,-980.2,-225.4,0.294,
s94_sweep_reversal,B4,q,0.7,ALL,1304,614,589,101,0,0.471,1304,0.779,-1205.4,-0.2473,22.9,614,0.759,-653.0,-0.256,22.8,589,0.879,-278.1,-0.1659,24.4,-0.0901,0.475,-0.2371,0.2385,0.664,0.976,-902.3,-55.9,0.444,
s94_sweep_reversal,B5,q,0.7,ALL,1304,703,601,0,0,0.539,1304,0.779,-1205.4,-0.2473,22.9,703,0.814,-564.0,-0.2284,22.9,601,0.735,-641.4,-0.2694,23.0,0.041,0.7295,-0.2285,0.2425,0.639,0.935,-1039.9,-166.9,0.71,
s94_sweep_reversal,B6,q,0.7,ALL,1304,121,1156,27,0,0.093,1304,0.779,-1205.4,-0.2473,22.9,121,1.092,46.5,-0.0034,26.4,1156,0.745,-1236.9,-0.2674,22.6,0.264,0.013,-0.2092,0.209,0.652,0.918,-977.6,-211.5,0.168,
s94_sweep_reversal,C2,q,0.7,ALL,1304,722,575,0,7,0.554,1304,0.779,-1205.4,-0.2473,22.9,722,0.763,-747.9,-0.1864,23.7,575,0.8,-456.7,-0.3211,21.9,0.1347,0.258,-0.2404,0.224,0.632,0.933,-1066.2,-170.1,0.232,
s94_sweep_reversal,B1_utc,q,0.7,ALL,1304,565,528,211,0,0.433,1304,0.779,-1205.4,-0.2473,22.9,565,0.754,-622.2,-0.2524,22.5,528,0.862,-290.7,-0.1599,25.0,-0.0926,0.4815,-0.2479,0.2594,0.652,0.971,-857.1,-64.3,,
s94_sweep_reversal,B2_lb2,q,0.7,ALL,1304,825,479,0,0,0.633,1304,0.779,-1205.4,-0.2473,22.9,825,0.717,-987.9,-0.2177,23.3,479,0.889,-217.5,-0.2982,22.3,0.0804,0.4775,-0.2198,0.2132,0.646,0.929,-1004.9,-183.9,,
s94_sweep_reversal,B2_lb5,q,0.7,ALL,1304,727,577,0,0,0.558,1304,0.779,-1205.4,-0.2473,22.9,727,0.725,-849.2,-0.2474,22.7,577,0.849,-356.2,-0.2471,23.2,-0.0003,0.9985,-0.2251,0.2243,0.648,0.923,-1011.5,-196.3,,
s94_sweep_reversal,B3_db0.05,q,0.7,ALL,1304,222,915,160,7,0.17,1304,0.779,-1205.4,-0.2473,22.9,222,1.037,33.1,-0.2425,23.4,915,0.698,-1208.1,-0.2334,22.6,-0.0091,0.943,-0.2302,0.2257,0.613,0.907,-994.7,-214.7,,
s94_sweep_reversal,B3_db0.10,q,0.7,ALL,1304,185,802,310,7,0.142,1304,0.779,-1205.4,-0.2473,22.9,185,1.005,3.7,-0.2196,23.8,802,0.696,-1100.7,-0.211,22.3,-0.0086,0.9435,-0.2473,0.2497,0.602,0.9,-918.4,-200.0,,
s94_sweep_reversal,B5_w2,q,0.7,ALL,1304,709,594,1,0,0.544,1304,0.779,-1205.4,-0.2473,22.9,709,0.797,-649.3,-0.1738,24.0,594,0.749,-565.5,-0.3383,21.5,0.1645,0.175,-0.2312,0.232,0.629,0.932,-1059.9,-176.4,,
s94_sweep_reversal,B1,q,0.7,TRAIN,607,295,251,61,0,0.486,607,0.718,-551.9,-0.3315,23.4,295,0.848,-143.4,-0.242,25.1,251,0.608,-327.0,-0.3995,22.3,0.1575,0.3245,-0.301,0.3045,0.564,0.924,-414.9,-58.3,0.306,
s94_sweep_reversal,B2,q,0.7,TRAIN,607,367,240,0,0,0.605,607,0.718,-551.9,-0.3315,23.4,367,0.657,-414.2,-0.3919,22.3,240,0.817,-137.7,-0.2392,25.0,-0.1527,0.3075,-0.2825,0.2847,0.554,0.906,-461.1,-86.9,0.316,
s94_sweep_reversal,B3,q,0.7,TRAIN,607,121,485,1,0,0.199,607,0.718,-551.9,-0.3315,23.4,121,0.643,-145.1,-0.4134,21.5,485,0.742,-397.2,-0.3096,23.9,-0.1038,0.487,-0.2986,0.2759,0.554,0.902,-456.8,-88.7,0.54,
s94_sweep_reversal,B4,q,0.7,TRAIN,607,282,274,51,0,0.465,607,0.718,-551.9,-0.3315,23.4,282,0.669,-320.6,-0.3338,23.8,274,0.784,-179.2,-0.299,23.7,-0.0348,0.8225,-0.2891,0.3156,0.563,0.907,-416.8,-78.7,0.844,
s94_sweep_reversal,B5,q,0.7,TRAIN,607,336,271,0,0,0.554,607,0.718,-551.9,-0.3315,23.4,336,0.774,-257.9,-0.3173,23.8,271,0.64,-294.0,-0.3492,22.9,0.0319,0.8145,-0.2824,0.2862,0.564,0.887,-453.2,-101.1,0.81,
s94_sweep_reversal,B6,q,0.7,TRAIN,607,53,542,12,0,0.087,607,0.718,-551.9,-0.3315,23.4,53,0.524,-94.4,-0.3357,22.6,542,0.748,-433.8,-0.3235,23.6,-0.0122,0.9325,-0.3079,0.2946,0.554,0.906,-445.1,-86.2,0.984,
s94_sweep_reversal,C2,q,0.7,TRAIN,607,342,258,0,7,0.563,607,0.718,-551.9,-0.3315,23.4,342,0.85,-165.1,-0.1821,26.9,258,0.542,-386.1,-0.5262,18.6,0.3441,0.0225,-0.2959,0.2997,0.559,0.896,-454.5,-94.0,0.042,
s94_sweep_reversal,B1_utc,q,0.7,TRAIN,607,257,237,113,0,0.423,607,0.718,-551.9,-0.3315,23.4,257,0.772,-194.1,-0.293,24.1,237,0.698,-234.5,-0.3122,24.1,0.0192,0.9105,-0.3266,0.3156,0.553,0.938,-390.7,-46.2,,
s94_sweep_reversal,B2_lb2,q,0.7,TRAIN,607,388,219,0,0,0.639,607,0.718,-551.9,-0.3315,23.4,388,0.648,-447.1,-0.3806,22.4,219,0.848,-104.8,-0.2446,25.1,-0.1361,0.371,-0.2831,0.2998,0.551,0.913,-467.2,-78.0,,
s94_sweep_reversal,B2_lb5,q,0.7,TRAIN,607,326,281,0,0,0.537,607,0.718,-551.9,-0.3315,23.4,326,0.619,-406.0,-0.3983,21.8,281,0.836,-146.0,-0.2541,25.3,-0.1443,0.339,-0.2994,0.2848,0.556,0.889,-468.3,-99.8,,
s94_sweep_reversal,B3_db0.05,q,0.7,TRAIN,607,103,431,66,7,0.17,607,0.718,-551.9,-0.3315,23.4,103,0.526,-173.4,-0.5188,18.4,431,0.747,-350.1,-0.2831,24.4,-0.2356,0.136,-0.3027,0.3129,0.529,0.906,-428.0,-76.9,,
s94_sweep_reversal,B3_db0.10,q,0.7,TRAIN,607,82,384,134,7,0.135,607,0.718,-551.9,-0.3315,23.4,82,0.468,-136.0,-0.5319,18.3,384,0.726,-347.4,-0.2715,23.7,-0.2603,0.107,-0.3036,0.3136,0.53,0.85,-380.8,-110.5,,
s94_sweep_reversal,B5_w2,q,0.7,TRAIN,607,331,275,1,0,0.545,607,0.718,-551.9,-0.3315,23.4,331,0.803,-215.3,-0.2302,25.7,275,0.6,-345.9,-0.461,20.4,0.2308,0.1215,-0.2886,0.2998,0.552,0.888,-470.9,-103.4,,
s94_sweep_reversal,B1,q,0.7,TEST,697,336,301,60,0,0.482,697,0.813,-653.5,-0.1739,22.5,336,0.895,-182.6,-0.0745,22.9,301,0.741,-384.1,-0.2503,22.9,0.1759,0.336,-0.3649,0.3683,0.611,1.069,-690.4,103.0,0.29,
s94_sweep_reversal,B2,q,0.7,TEST,697,413,284,0,0,0.593,697,0.813,-653.5,-0.1739,22.5,413,0.764,-498.8,-0.1273,24.0,284,0.888,-154.6,-0.2418,20.4,0.1145,0.5195,-0.3237,0.331,0.631,1.024,-687.4,37.8,0.46,
s94_sweep_reversal,B3,q,0.7,TEST,697,150,547,0,0,0.215,697,0.813,-653.5,-0.1739,22.5,150,1.504,312.3,0.0988,31.3,547,0.664,-965.8,-0.2487,20.1,0.3476,0.0295,-0.3166,0.3119,0.634,1.016,-686.5,25.2,0.092,
s94_sweep_reversal,B4,q,0.7,TEST,697,332,315,50,0,0.476,697,0.813,-653.5,-0.1739,22.5,332,0.809,-332.5,-0.19,22.0,315,0.933,-98.9,-0.0501,25.1,-0.1399,0.4665,-0.3652,0.3565,0.655,1.111,-612.1,162.2,0.406,
s94_sweep_reversal,B5,q,0.7,TEST,697,367,330,0,0,0.527,697,0.813,-653.5,-0.1739,22.5,367,0.838,-306.1,-0.147,22.1,330,0.784,-347.4,-0.2038,23.0,0.0568,0.765,-0.3479,0.3367,0.62,1.041,-730.9,66.9,0.72,
s94_sweep_reversal,B6,q,0.7,TEST,697,68,614,15,0,0.098,697,0.813,-653.5,-0.1739,22.5,68,1.456,140.9,0.2556,29.4,614,0.743,-803.1,-0.2179,21.7,0.4735,0.0015,-0.3044,0.3046,0.629,1.004,-660.7,5.3,0.076,
s94_sweep_reversal,C2,q,0.7,TEST,697,380,317,0,0,0.545,697,0.813,-653.5,-0.1739,22.5,380,0.716,-582.8,-0.1904,20.8,317,0.951,-70.6,-0.1542,24.6,-0.0362,0.831,-0.3479,0.3563,0.614,1.04,-723.6,65.5,0.816,
s94_sweep_reversal,B1_utc,q,0.7,TEST,697,308,291,98,0,0.442,697,0.813,-653.5,-0.1739,22.5,308,0.744,-428.2,-0.2186,21.1,291,0.958,-56.2,-0.0358,25.8,-0.1828,0.3425,-0.3821,0.361,0.625,1.102,-616.4,134.5,,
s94_sweep_reversal,B2_lb2,q,0.7,TEST,697,437,260,0,0,0.627,697,0.813,-653.5,-0.1739,22.5,437,0.757,-540.8,-0.0731,24.0,260,0.911,-112.6,-0.3433,20.0,0.2702,0.119,-0.3347,0.3364,0.629,1.012,-695.7,20.4,,
s94_sweep_reversal,B2_lb5,q,0.7,TEST,697,401,296,0,0,0.575,697,0.813,-653.5,-0.1739,22.5,401,0.781,-443.3,-0.1248,23.4,296,0.857,-210.2,-0.2405,21.3,0.1158,0.4875,-0.3301,0.3234,0.621,1.025,-712.9,39.3,,
s94_sweep_reversal,B3_db0.05,q,0.7,TEST,697,119,484,94,0,0.171,697,0.813,-653.5,-0.1739,22.5,119,1.386,206.4,-0.0033,27.7,484,0.672,-858.0,-0.1891,21.1,0.1858,0.28,-0.3287,0.3383,0.606,1.011,-671.1,14.4,,
s94_sweep_reversal,B3_db0.10,q,0.7,TEST,697,103,418,176,0,0.148,697,0.813,-653.5,-0.1739,22.5,103,1.31,139.7,0.029,28.2,418,0.679,-753.2,-0.1555,21.1,0.1844,0.355,-0.4156,0.3851,0.587,1.024,-640.8,31.7,,
s94_sweep_reversal,B5_w2,q,0.7,TEST,697,378,319,0,0,0.542,697,0.813,-653.5,-0.1739,22.5,378,0.794,-433.9,-0.1244,22.5,319,0.842,-219.6,-0.2326,22.6,0.1081,0.5635,-0.3677,0.3655,0.603,1.06,-732.4,95.1,,
s11_m90_fade_ny,B1,mid,0.75,ALL,1810,896,732,182,0,0.495,1810,0.721,-916.1,-0.2048,40.0,896,0.718,-477.9,-0.1993,40.1,732,0.743,-317.8,-0.2149,40.7,0.0156,0.8205,-0.1281,0.1225,0.621,0.85,-602.2,-196.7,,
s11_m90_fade_ny,B2,mid,0.75,ALL,1810,846,964,0,0,0.467,1810,0.721,-916.1,-0.2048,40.0,846,0.815,-281.4,-0.1875,40.8,964,0.639,-634.7,-0.22,39.3,0.0325,0.5805,-0.1134,0.1179,0.614,0.844,-689.7,-229.8,,
s11_m90_fade_ny,B3,mid,0.75,ALL,1810,931,879,0,0,0.514,1810,0.721,-916.1,-0.2048,40.0,931,0.653,-503.5,-0.2334,39.6,879,0.774,-412.5,-0.1745,40.4,-0.0589,0.378,-0.1323,0.1338,0.61,0.848,-693.3,-224.5,,
s11_m90_fade_ny,B4,mid,0.75,ALL,1810,901,785,124,0,0.498,1810,0.721,-916.1,-0.2048,40.0,901,0.727,-474.6,-0.1932,41.3,785,0.74,-349.8,-0.2061,39.9,0.0129,0.842,-0.1244,0.1222,0.632,0.854,-622.8,-205.9,,
s11_m90_fade_ny,B5,mid,0.75,ALL,1810,1245,565,0,0,0.688,1810,0.721,-916.1,-0.2048,40.0,1245,0.706,-686.4,-0.2175,39.8,565,0.756,-229.7,-0.1767,40.5,-0.0408,0.5145,-0.1176,0.1225,0.623,0.841,-666.9,-231.5,,
s11_m90_fade_ny,B6,mid,0.75,ALL,1810,452,1276,82,0,0.25,1810,0.721,-916.1,-0.2048,40.0,452,0.571,-322.1,-0.2991,38.9,1276,0.772,-543.2,-0.1679,41.0,-0.1312,0.055,-0.1367,0.129,0.61,0.853,-664.5,-205.7,,
s11_m90_fade_ny,C2,mid,0.75,ALL,1810,1148,651,0,11,0.634,1810,0.721,-916.1,-0.2048,40.0,1148,0.726,-586.6,-0.2014,40.2,651,0.706,-331.8,-0.2157,39.3,0.0142,0.8025,-0.125,0.1155,0.621,0.836,-679.1,-242.4,,
s11_m90_fade_ny,B1_utc,mid,0.75,ALL,1810,842,629,339,0,0.465,1810,0.721,-916.1,-0.2048,40.0,842,0.67,-558.4,-0.2163,39.8,629,0.755,-257.7,-0.2157,40.7,-0.0006,0.994,-0.13,0.137,0.596,0.834,-606.4,-201.2,,
s11_m90_fade_ny,B2_lb2,mid,0.75,ALL,1810,875,935,0,0,0.483,1810,0.721,-916.1,-0.2048,40.0,875,0.738,-436.2,-0.2253,39.4,935,0.703,-479.9,-0.1857,40.5,-0.0396,0.526,-0.1274,0.1188,0.617,0.83,-677.6,-248.4,,
s11_m90_fade_ny,B2_lb5,mid,0.75,ALL,1810,777,1033,0,0,0.429,1810,0.721,-916.1,-0.2048,40.0,777,0.831,-239.0,-0.1551,42.9,1033,0.636,-677.0,-0.2422,37.9,0.0871,0.179,-0.1287,0.1274,0.616,0.837,-686.7,-241.6,,
s11_m90_fade_ny,B3_db0.05,mid,0.75,ALL,1810,870,818,108,14,0.481,1810,0.721,-916.1,-0.2048,40.0,870,0.642,-495.7,-0.2417,39.0,818,0.76,-422.9,-0.1928,39.5,-0.0489,0.4845,-0.138,0.1371,0.599,0.841,-691.9,-221.1,,
s11_m90_fade_ny,B3_db0.10,mid,0.75,ALL,1810,797,754,245,14,0.44,1810,0.721,-916.1,-0.2048,40.0,797,0.676,-393.8,-0.2247,39.5,754,0.786,-351.5,-0.163,39.9,-0.0617,0.3925,-0.1338,0.1413,0.622,0.88,-583.7,-150.7,,
s11_m90_fade_ny,B5_w2,mid,0.75,ALL,1810,1169,638,3,0,0.646,1810,0.721,-916.1,-0.2048,40.0,1169,0.755,-551.6,-0.1863,40.6,638,0.646,-362.4,-0.2381,38.7,0.0518,0.416,-0.1217,0.1224,0.624,0.837,-669.4,-238.2,,
s11_m90_fade_ny,B1,mid,0.75,TRAIN,900,470,343,87,0,0.522,900,0.694,-362.7,-0.1906,41.1,470,0.704,-191.0,-0.1801,41.3,343,0.703,-138.8,-0.2127,39.9,0.0327,0.7025,-0.1656,0.1652,0.577,0.847,-252.7,-78.4,,
s11_m90_fade_ny,B2,mid,0.75,TRAIN,900,402,498,0,0,0.447,900,0.694,-362.7,-0.1906,41.1,402,0.685,-174.5,-0.2204,41.0,498,0.701,-188.2,-0.1665,41.2,-0.0539,0.5125,-0.155,0.1473,0.573,0.828,-268.6,-93.5,,
s11_m90_fade_ny,B3,mid,0.75,TRAIN,900,471,429,0,0,0.523,900,0.694,-362.7,-0.1906,41.1,471,0.612,-227.4,-0.2266,40.8,429,0.774,-135.3,-0.1511,41.5,-0.0755,0.373,-0.167,0.1668,0.566,0.834,-283.0,-88.1,,
s11_m90_fade_ny,B4,mid,0.75,TRAIN,900,510,327,63,0,0.567,900,0.694,-362.7,-0.1906,41.1,510,0.667,-234.6,-0.2279,42.0,327,0.719,-117.8,-0.1586,41.0,-0.0693,0.3935,-0.1626,0.1559,0.564,0.819,-265.2,-92.5,,
s11_m90_fade_ny,B5,mid,0.75,TRAIN,900,670,230,0,0,0.744,900,0.694,-362.7,-0.1906,41.1,670,0.722,-243.1,-0.1815,41.8,230,0.614,-119.6,-0.2172,39.1,0.0357,0.648,-0.1484,0.1613,0.573,0.84,-269.5,-85.4,,
s11_m90_fade_ny,B6,mid,0.75,TRAIN,900,248,618,34,0,0.276,900,0.694,-362.7,-0.1906,41.1,248,0.63,-120.7,-0.2491,42.3,618,0.737,-216.6,-0.1591,40.9,-0.09,0.3005,-0.1662,0.1705,0.58,0.855,-261.0,-76.5,,
s11_m90_fade_ny,C2,mid,0.75,TRAIN,900,675,214,0,11,0.75,900,0.694,-362.7,-0.1906,41.1,675,0.71,-257.7,-0.1794,41.6,214,0.625,-107.4,-0.2402,38.3,0.0608,0.457,-0.1555,0.1592,0.572,0.824,-269.7,-93.5,,
s11_m90_fade_ny,B1_utc,mid,0.75,TRAIN,900,461,251,188,0,0.512,900,0.694,-362.7,-0.1906,41.1,461,0.653,-221.1,-0.2099,41.6,251,0.73,-81.4,-0.1761,41.4,-0.0338,0.681,-0.1677,0.1637,0.558,0.813,-226.6,-77.5,,
s11_m90_fade_ny,B2_lb2,mid,0.75,TRAIN,900,416,484,0,0,0.462,900,0.694,-362.7,-0.1906,41.1,416,0.613,-237.4,-0.2652,39.4,484,0.78,-125.3,-0.1265,42.6,-0.1388,0.069,-0.1447,0.1554,0.569,0.828,-271.7,-93.8,,
s11_m90_fade_ny,B2_lb5,mid,0.75,TRAIN,900,373,527,0,0,0.414,900,0.694,-362.7,-0.1906,41.1,373,0.758,-117.0,-0.175,44.5,527,0.65,-245.7,-0.2017,38.7,0.0267,0.757,-0.1563,0.1597,0.575,0.838,-269.3,-88.8,,
s11_m90_fade_ny,B3_db0.05,mid,0.75,TRAIN,900,432,386,68,14,0.48,900,0.694,-362.7,-0.1906,41.1,432,0.605,-214.1,-0.2341,39.6,386,0.697,-173.5,-0.1989,39.1,-0.0352,0.664,-0.1636,0.166,0.525,0.797,-281.8,-101.1,,
s11_m90_fade_ny,B3_db0.10,mid,0.75,TRAIN,900,391,360,135,14,0.434,900,0.694,-362.7,-0.1906,41.1,391,0.582,-197.5,-0.2329,39.6,360,0.735,-139.2,-0.1609,40.0,-0.072,0.4435,-0.1877,0.181,0.517,0.821,-265.4,-80.3,,
s11_m90_fade_ny,B5_w2,mid,0.75,TRAIN,900,601,296,3,0,0.668,900,0.694,-362.7,-0.1906,41.1,601,0.747,-205.7,-0.157,42.3,296,0.581,-155.0,-0.2575,38.5,0.1004,0.2005,-0.1492,0.1478,0.579,0.831,-269.6,-93.7,,
s11_m90_fade_ny,B1,mid,0.75,TEST,910,426,389,95,0,0.468,910,0.736,-553.4,-0.2188,38.9,426,0.727,-286.9,-0.2205,38.7,389,0.768,-179.0,-0.2168,41.4,-0.0037,0.9695,-0.2038,0.2057,0.589,0.944,-432.6,-41.5,,
s11_m90_fade_ny,B2,mid,0.75,TEST,910,444,466,0,0,0.488,910,0.736,-553.4,-0.2188,38.9,444,0.889,-106.8,-0.1576,40.5,466,0.605,-446.5,-0.2772,37.3,0.1196,0.196,-0.1814,0.181,0.59,0.919,-482.7,-75.4,,
s11_m90_fade_ny,B3,mid,0.75,TEST,910,460,450,0,0,0.505,910,0.736,-553.4,-0.2188,38.9,460,0.682,-276.2,-0.2404,38.5,450,0.774,-277.2,-0.1969,39.3,-0.0435,0.6745,-0.197,0.2035,0.589,0.921,-487.8,-73.3,,
s11_m90_fade_ny,B4,mid,0.75,TEST,910,391,458,61,0,0.43,910,0.736,-553.4,-0.2188,38.9,391,0.767,-240.0,-0.1481,40.4,458,0.75,-232.0,-0.24,39.1,0.092,0.3315,-0.1977,0.1909,0.614,0.944,-425.2,-46.1,,
s11_m90_fade_ny,B5,mid,0.75,TEST,910,575,335,0,0,0.632,910,0.736,-553.4,-0.2188,38.9,575,0.697,-443.3,-0.2596,37.4,335,0.826,-110.1,-0.149,41.5,-0.1106,0.2705,-0.1864,0.1881,0.592,0.902,-477.4,-86.7,,
s11_m90_fade_ny,B6,mid,0.75,TEST,910,204,658,48,0,0.224,910,0.736,-553.4,-0.2188,38.9,204,0.525,-201.3,-0.36,34.8,658,0.79,-326.6,-0.1762,41.0,-0.1838,0.0685,-0.2039,0.1987,0.574,0.926,-470.0,-62.0,,
s11_m90_fade_ny,C2,mid,0.75,TEST,910,473,437,0,0,0.52,910,0.736,-553.4,-0.2188,38.9,473,0.737,-328.9,-0.2329,38.1,437,0.733,-224.4,-0.2037,39.8,-0.0292,0.7605,-0.1829,0.1794,0.597,0.911,-470.9,-80.7,,
s11_m90_fade_ny,B1_utc,mid,0.75,TEST,910,381,378,151,0,0.419,910,0.736,-553.4,-0.2188,38.9,381,0.68,-337.3,-0.2241,37.5,378,0.765,-176.4,-0.2419,40.2,0.0179,0.8805,-0.2066,0.2157,0.568,0.91,-442.8,-67.7,,
s11_m90_fade_ny,B2_lb2,mid,0.75,TEST,910,459,451,0,0,0.504,910,0.736,-553.4,-0.2188,38.9,459,0.811,-198.8,-0.189,39.4,451,0.66,-354.6,-0.2492,38.4,0.0602,0.525,-0.1848,0.1846,0.593,0.903,-474.5,-85.5,,
s11_m90_fade_ny,B2_lb5,mid,0.75,TEST,910,404,506,0,0,0.444,910,0.736,-553.4,-0.2188,38.9,404,0.869,-122.0,-0.1367,41.3,506,0.628,-431.4,-0.2844,37.0,0.1477,0.133,-0.19,0.1918,0.602,0.909,-469.7,-77.2,,
s11_m90_fade_ny,B3_db0.05,mid,0.75,TEST,910,438,432,40,0,0.481,910,0.736,-553.4,-0.2188,38.9,438,0.666,-281.6,-0.2493,38.4,432,0.79,-249.4,-0.1874,39.8,-0.0618,0.549,-0.2021,0.2065,0.59,0.934,-471.5,-59.7,,
s11_m90_fade_ny,B3_db0.10,mid,0.75,TEST,910,406,394,110,0,0.446,910,0.736,-553.4,-0.2188,38.9,406,0.736,-196.4,-0.2168,39.4,394,0.809,-212.3,-0.165,39.8,-0.0518,0.6355,-0.2052,0.2178,0.619,0.989,-400.6,-7.8,,
s11_m90_fade_ny,B5_w2,mid,0.75,TEST,910,568,342,0,0,0.624,910,0.736,-553.4,-0.2188,38.9,568,0.76,-345.9,-0.2173,38.9,342,0.683,-207.4,-0.2214,38.9,0.0041,0.964,-0.2019,0.2017,0.592,0.912,-478.6,-79.4,,
s11_m90_fade_ny,B1,mid,1.0,ALL,1810,896,732,182,0,0.495,1810,0.616,-1368.6,-0.3023,33.9,896,0.618,-701.9,-0.2967,33.1,732,0.629,-500.8,-0.3114,36.1,0.0146,0.8385,-0.1365,0.1327,0.53,0.725,-824.0,-384.6,0.818,
s11_m90_fade_ny,B2,mid,1.0,ALL,1810,846,964,0,0,0.467,1810,0.616,-1368.6,-0.3023,33.9,846,0.701,-492.9,-0.2836,35.6,964,0.542,-875.7,-0.3187,32.5,0.0351,0.5755,-0.1166,0.1233,0.527,0.722,-919.7,-453.1,0.554,
s11_m90_fade_ny,B3,mid,1.0,ALL,1810,931,879,0,0,0.514,1810,0.616,-1368.6,-0.3023,33.9,931,0.541,-736.3,-0.3335,32.1,879,0.677,-632.3,-0.2691,35.8,-0.0644,0.3215,-0.1268,0.1272,0.522,0.721,-924.2,-445.2,0.386,
s11_m90_fade_ny,B4,mid,1.0,ALL,1810,901,785,124,0,0.498,1810,0.616,-1368.6,-0.3023,33.9,901,0.627,-699.8,-0.289,34.7,785,0.628,-546.0,-0.3037,34.8,0.0147,0.835,-0.124,0.1232,0.532,0.733,-849.2,-399.3,0.826,
s11_m90_fade_ny,B5,mid,1.0,ALL,1810,1245,565,0,0,0.688,1810,0.616,-1368.6,-0.3023,33.9,1245,0.606,-997.6,-0.3151,33.1,565,0.639,-370.9,-0.2739,35.8,-0.0412,0.5215,-0.1183,0.125,0.535,0.716,-909.2,-460.3,0.494,
s11_m90_fade_ny,B6,mid,1.0,ALL,1810,452,1276,82,0,0.25,1810,0.616,-1368.6,-0.3023,33.9,452,0.473,-435.1,-0.4003,29.2,1276,0.665,-862.2,-0.2636,36.1,-0.1367,0.0465,-0.1312,0.1374,0.522,0.724,-881.8,-425.0,0.102,
s11_m90_fade_ny,C2,mid,1.0,ALL,1810,1148,651,0,11,0.634,1810,0.616,-1368.6,-0.3023,33.9,1148,0.624,-873.6,-0.2997,33.4,651,0.598,-494.6,-0.3111,34.7,0.0114,0.856,-0.1241,0.1228,0.527,0.712,-905.6,-455.0,0.868,
s11_m90_fade_ny,B1_utc,mid,1.0,ALL,1810,842,629,339,0,0.465,1810,0.616,-1368.6,-0.3023,33.9,842,0.578,-768.9,-0.3135,33.3,629,0.639,-415.0,-0.3104,35.9,-0.003,0.9595,-0.1427,0.1335,0.508,0.714,-803.5,-375.8,,
s11_m90_fade_ny,B2_lb2,mid,1.0,ALL,1810,875,935,0,0,0.483,1810,0.616,-1368.6,-0.3023,33.9,875,0.636,-655.0,-0.3216,34.3,935,0.595,-713.6,-0.2842,33.6,-0.0375,0.5365,-0.1195,0.1198,0.531,0.716,-896.9,-454.8,,
s11_m90_fade_ny,B2_lb5,mid,1.0,ALL,1810,777,1033,0,0,0.429,1810,0.616,-1368.6,-0.3023,33.9,777,0.717,-433.3,-0.2492,37.6,1033,0.54,-935.3,-0.3422,31.2,0.093,0.136,-0.1236,0.1279,0.525,0.715,-912.9,-466.3,,
s11_m90_fade_ny,B3_db0.05,mid,1.0,ALL,1810,870,818,108,14,0.481,1810,0.616,-1368.6,-0.3023,33.9,870,0.533,-713.2,-0.3411,31.5,818,0.667,-627.4,-0.2867,35.0,-0.0544,0.434,-0.1327,0.1309,0.508,0.715,-901.9,-433.1,,
s11_m90_fade_ny,B3_db0.10,mid,1.0,ALL,1810,797,754,245,14,0.44,1810,0.616,-1368.6,-0.3023,33.9,797,0.559,-593.1,-0.3251,31.7,754,0.692,-540.0,-0.2566,35.7,-0.0685,0.384,-0.1406,0.1423,0.532,0.761,-790.5,-331.7,,
s11_m90_fade_ny,B5_w2,mid,1.0,ALL,1810,1169,638,3,0,0.646,1810,0.616,-1368.6,-0.3023,33.9,1169,0.653,-843.9,-0.2802,34.1,638,0.537,-521.9,-0.3419,33.5,0.0617,0.3405,-0.1232,0.1248,0.531,0.715,-911.3,-448.4,,
s11_m90_fade_ny,B1,mid,1.0,TRAIN,900,470,343,87,0,0.522,900,0.557,-587.7,-0.3014,33.2,470,0.573,-308.5,-0.2924,31.9,343,0.568,-224.5,-0.32,35.6,0.0276,0.7555,-0.1747,0.1715,0.465,0.695,-356.2,-168.4,0.78,
s11_m90_fade_ny,B2,mid,1.0,TRAIN,900,402,498,0,0,0.447,900,0.557,-587.7,-0.3014,33.2,402,0.554,-275.0,-0.3318,34.3,498,0.559,-312.7,-0.2768,32.3,-0.0549,0.5025,-0.1597,0.1597,0.454,0.671,-391.4,-199.3,0.56,
s11_m90_fade_ny,B3,mid,1.0,TRAIN,900,471,429,0,0,0.523,900,0.557,-587.7,-0.3014,33.2,471,0.479,-345.1,-0.338,30.8,429,0.635,-242.6,-0.2611,35.9,-0.077,0.3845,-0.1661,0.1687,0.451,0.68,-397.8,-189.3,0.402,
s11_m90_fade_ny,B4,mid,1.0,TRAIN,900,510,327,63,0,0.567,900,0.557,-587.7,-0.3014,33.2,510,0.539,-362.1,-0.3359,33.7,327,0.576,-199.5,-0.2707,33.9,-0.0652,0.425,-0.1636,0.1564,0.448,0.663,-375.1,-184.8,0.556,
s11_m90_fade_ny,B5,mid,1.0,TRAIN,900,670,230,0,0,0.744,900,0.557,-587.7,-0.3014,33.2,670,0.58,-410.6,-0.2914,33.3,230,0.49,-177.1,-0.3305,33.0,0.0391,0.6455,-0.1522,0.1543,0.458,0.667,-387.3,-197.1,0.724,
s11_m90_fade_ny,B6,mid,1.0,TRAIN,900,248,618,34,0,0.276,900,0.557,-587.7,-0.3014,33.2,248,0.502,-182.7,-0.362,28.6,618,0.595,-371.1,-0.2687,35.4,-0.0933,0.289,-0.1781,0.1698,0.455,0.691,-384.6,-177.0,0.334,
s11_m90_fade_ny,C2,mid,1.0,TRAIN,900,675,214,0,11,0.75,900,0.557,-587.7,-0.3014,33.2,675,0.572,-426.4,-0.2888,33.5,214,0.498,-160.9,-0.3536,32.2,0.0647,0.4145,-0.1613,0.1601,0.45,0.669,-386.2,-193.1,0.512,
s11_m90_fade_ny,B1_utc,mid,1.0,TRAIN,900,461,251,188,0,0.512,900,0.557,-587.7,-0.3014,33.2,461,0.527,-336.3,-0.3201,32.8,251,0.576,-144.1,-0.2856,36.3,-0.0346,0.6805,-0.171,0.1664,0.447,0.655,-318.1,-160.8,,
s11_m90_fade_ny,B2_lb2,mid,1.0,TRAIN,900,416,484,0,0,0.462,900,0.557,-587.7,-0.3014,33.2,416,0.498,-341.4,-0.3761,32.9,484,0.619,-246.3,-0.2371,33.5,-0.139,0.076,-0.1501,0.1556,0.458,0.671,-380.9,-195.5,,
s11_m90_fade_ny,B2_lb5,mid,1.0,TRAIN,900,373,527,0,0,0.414,900,0.557,-587.7,-0.3014,33.2,373,0.609,-210.3,-0.2834,37.5,527,0.521,-377.4,-0.3141,30.2,0.0307,0.7305,-0.1582,0.17,0.452,0.666,-389.7,-197.1,,
s11_m90_fade_ny,B3_db0.05,mid,1.0,TRAIN,900,432,386,68,14,0.48,900,0.557,-587.7,-0.3014,33.2,432,0.476,-322.1,-0.3454,29.6,386,0.574,-270.0,-0.3085,33.7,-0.0369,0.654,-0.1666,0.1644,0.415,0.644,-396.5,-201.8,,
s11_m90_fade_ny,B3_db0.10,mid,1.0,TRAIN,900,391,360,135,14,0.434,900,0.557,-587.7,-0.3014,33.2,391,0.451,-295.2,-0.3459,28.9,360,0.606,-229.2,-0.2705,34.4,-0.0754,0.4335,-0.1828,0.1914,0.415,0.663,-359.2,-168.2,,
s11_m90_fade_ny,B5_w2,mid,1.0,TRAIN,900,601,296,3,0,0.668,900,0.557,-587.7,-0.3014,33.2,601,0.607,-355.9,-0.2647,34.1,296,0.452,-229.0,-0.3742,31.4,0.1095,0.173,-0.1506,0.1555,0.461,0.673,-383.8,-195.5,,
s11_m90_fade_ny,B1,mid,1.0,TEST,910,426,389,95,0,0.468,910,0.651,-780.9,-0.3032,34.6,426,0.648,-393.4,-0.3016,34.5,389,0.667,-276.3,-0.3038,36.5,0.0022,0.9865,-0.2054,0.2021,0.52,0.821,-535.4,-143.6,0.976,
s11_m90_fade_ny,B2,mid,1.0,TEST,910,444,466,0,0,0.488,910,0.651,-780.9,-0.3032,34.6,444,0.789,-217.8,-0.2399,36.7,466,0.533,-563.0,-0.3634,32.6,0.1235,0.187,-0.1872,0.1895,0.518,0.805,-597.5,-186.4,0.202,
s11_m90_fade_ny,B3,mid,1.0,TEST,910,460,450,0,0,0.505,910,0.651,-780.9,-0.3032,34.6,460,0.584,-391.2,-0.3289,33.5,450,0.699,-389.7,-0.2768,35.8,-0.0521,0.6095,-0.1882,0.214,0.525,0.829,-592.1,-155.7,0.576,
s11_m90_fade_ny,B4,mid,1.0,TEST,910,391,458,61,0,0.43,910,0.651,-780.9,-0.3032,34.6,391,0.691,-337.8,-0.2279,36.1,458,0.653,-346.5,-0.3273,35.4,0.0994,0.331,-0.1862,0.1967,0.544,0.834,-543.3,-144.9,0.23,
s11_m90_fade_ny,B5,mid,1.0,TEST,910,575,335,0,0,0.632,910,0.651,-780.9,-0.3032,34.6,575,0.623,-587.1,-0.3428,32.9,335,0.716,-193.8,-0.2351,37.6,-0.1078,0.28,-0.1793,0.1998,0.532,0.81,-581.1,-179.8,0.08,
s11_m90_fade_ny,B6,mid,1.0,TEST,910,204,658,48,0,0.224,910,0.651,-780.9,-0.3032,34.6,204,0.449,-252.3,-0.447,29.9,658,0.704,-491.1,-0.2588,36.8,-0.1881,0.081,-0.2173,0.2031,0.508,0.812,-581.0,-170.0,0.092,
s11_m90_fade_ny,C2,mid,1.0,TEST,910,473,437,0,0,0.52,910,0.651,-780.9,-0.3032,34.6,473,0.663,-447.2,-0.3151,33.4,437,0.633,-333.7,-0.2902,35.9,-0.0249,0.788,-0.189,0.189,0.529,0.798,-593.1,-203.0,0.726,
s11_m90_fade_ny,B1_utc,mid,1.0,TEST,910,381,378,151,0,0.419,910,0.651,-780.9,-0.3032,34.6,381,0.612,-432.6,-0.3054,33.9,378,0.665,-270.9,-0.327,35.7,0.0216,0.8515,-0.2141,0.2116,0.494,0.803,-546.9,-156.2,,
s11_m90_fade_ny,B2_lb2,mid,1.0,TEST,910,459,451,0,0,0.504,910,0.651,-780.9,-0.3032,34.6,459,0.72,-313.6,-0.2722,35.5,451,0.581,-467.3,-0.3346,33.7,0.0624,0.531,-0.1885,0.1888,0.524,0.8,-583.8,-187.8,,
s11_m90_fade_ny,B2_lb5,mid,1.0,TEST,910,404,506,0,0,0.444,910,0.651,-780.9,-0.3032,34.6,404,0.775,-223.0,-0.2176,37.6,506,0.551,-557.9,-0.3714,32.2,0.1538,0.1105,-0.1968,0.1783,0.531,0.8,-583.0,-191.0,,
s11_m90_fade_ny,B3_db0.05,mid,1.0,TEST,910,438,432,40,0,0.481,910,0.651,-780.9,-0.3032,34.6,438,0.572,-391.1,-0.3369,33.3,432,0.715,-357.4,-0.2672,36.1,-0.0697,0.5125,-0.2051,0.201,0.516,0.827,-596.9,-153.8,,
s11_m90_fade_ny,B3_db0.10,mid,1.0,TEST,910,406,394,110,0,0.446,910,0.651,-780.9,-0.3032,34.6,406,0.631,-297.9,-0.3051,34.5,394,0.735,-310.8,-0.2439,36.8,-0.0613,0.597,-0.2146,0.2162,0.549,0.887,-504.7,-94.2,,
s11_m90_fade_ny,B5_w2,mid,1.0,TEST,910,568,342,0,0,0.624,910,0.651,-780.9,-0.3032,34.6,568,0.681,-487.9,-0.2966,34.2,342,0.586,-292.9,-0.314,35.4,0.0173,0.859,-0.1779,0.1829,0.531,0.795,-583.8,-196.8,,
s11_m90_fade_ny,B1,q,0.45,ALL,1810,896,732,182,0,0.495,1810,0.753,-820.8,-0.175,44.0,896,0.755,-417.3,-0.1758,43.8,732,0.785,-271.3,-0.1597,44.9,-0.0162,0.8095,-0.1358,0.1402,0.654,0.914,-559.0,-112.7,,
s11_m90_fade_ny,B2,q,0.45,ALL,1810,846,964,0,0,0.467,1810,0.753,-820.8,-0.175,44.0,846,0.897,-155.7,-0.1352,44.4,964,0.634,-665.2,-0.21,43.6,0.0747,0.2555,-0.1274,0.1287,0.639,0.894,-638.7,-158.4,,
s11_m90_fade_ny,B3,q,0.45,ALL,1810,931,879,0,0,0.514,1810,0.753,-820.8,-0.175,44.0,931,0.634,-560.7,-0.235,43.8,879,0.855,-260.2,-0.1115,44.1,-0.1235,0.08,-0.1306,0.1395,0.64,0.889,-644.8,-163.9,,
s11_m90_fade_ny,B4,q,0.45,ALL,1810,901,785,124,0,0.498,1810,0.753,-820.8,-0.175,44.0,901,0.774,-391.2,-0.1498,45.3,785,0.735,-370.3,-0.2006,43.2,0.0508,0.4345,-0.1285,0.1224,0.651,0.88,-602.1,-166.9,,
s11_m90_fade_ny,B5,q,0.45,ALL,1810,1245,565,0,0,0.688,1810,0.753,-820.8,-0.175,44.0,1245,0.748,-593.7,-0.1855,43.6,565,0.767,-227.1,-0.152,44.8,-0.0335,0.6155,-0.121,0.1289,0.645,0.883,-632.9,-174.5,,
s11_m90_fade_ny,B6,q,0.45,ALL,1810,452,1276,82,0,0.25,1810,0.753,-820.8,-0.175,44.0,452,0.573,-325.2,-0.299,42.3,1276,0.823,-426.2,-0.1202,45.4,-0.1789,0.015,-0.1315,0.1419,0.646,0.909,-610.8,-125.4,,
s11_m90_fade_ny,C2,q,0.45,ALL,1810,1148,651,0,11,0.634,1810,0.753,-820.8,-0.175,44.0,1148,0.758,-526.7,-0.1731,43.5,651,0.74,-297.3,-0.1835,44.5,0.0104,0.87,-0.1294,0.1277,0.637,0.873,-642.1,-188.3,,
s11_m90_fade_ny,B1_utc,q,0.45,ALL,1810,842,629,339,0,0.465,1810,0.753,-820.8,-0.175,44.0,842,0.676,-558.5,-0.2022,42.8,629,0.809,-200.6,-0.1762,45.2,-0.026,0.717,-0.1359,0.1434,0.61,0.866,-598.2,-162.3,,
s11_m90_fade_ny,B2_lb2,q,0.45,ALL,1810,875,935,0,0,0.483,1810,0.753,-820.8,-0.175,44.0,875,0.817,-300.3,-0.1688,43.0,935,0.692,-520.6,-0.1809,44.9,0.0121,0.8565,-0.1268,0.1307,0.643,0.884,-636.0,-173.2,,
s11_m90_fade_ny,B2_lb5,q,0.45,ALL,1810,777,1033,0,0,0.429,1810,0.753,-820.8,-0.175,44.0,777,0.866,-193.8,-0.1145,46.3,1033,0.668,-627.1,-0.2205,42.2,0.106,0.104,-0.1267,0.1304,0.642,0.876,-643.6,-184.3,,
s11_m90_fade_ny,B3_db0.05,q,0.45,ALL,1810,870,818,108,14,0.481,1810,0.753,-820.8,-0.175,44.0,870,0.628,-542.2,-0.2378,43.2,818,0.845,-266.6,-0.1221,43.4,-0.1157,0.104,-0.1387,0.1399,0.623,0.883,-642.8,-167.1,,
s11_m90_fade_ny,B3_db0.10,q,0.45,ALL,1810,797,754,245,14,0.44,1810,0.753,-820.8,-0.175,44.0,797,0.655,-443.5,-0.2246,44.0,754,0.872,-205.1,-0.0902,44.0,-0.1343,0.0685,-0.1483,0.1402,0.644,0.921,-561.4,-102.6,,
s11_m90_fade_ny,B5_w2,q,0.45,ALL,1810,1169,638,3,0,0.646,1810,0.753,-820.8,-0.175,44.0,1169,0.792,-471.3,-0.1554,44.1,638,0.67,-348.4,-0.2112,43.6,0.0557,0.3845,-0.1286,0.1249,0.652,0.879,-620.4,-182.8,,
s11_m90_fade_ny,B1,q,0.45,TRAIN,900,470,343,87,0,0.522,900,0.695,-382.1,-0.1885,44.8,470,0.713,-190.3,-0.1797,44.5,343,0.708,-145.6,-0.1813,44.3,0.0016,0.987,-0.1755,0.168,0.583,0.842,-260.9,-84.0,,
s11_m90_fade_ny,B2,q,0.45,TRAIN,900,402,498,0,0,0.447,900,0.695,-382.1,-0.1885,44.8,402,0.677,-190.3,-0.2195,42.8,498,0.71,-191.8,-0.1634,46.4,-0.056,0.493,-0.1704,0.1567,0.57,0.824,-287.8,-103.7,,
s11_m90_fade_ny,B3,q,0.45,TRAIN,900,471,429,0,0,0.523,900,0.695,-382.1,-0.1885,44.8,471,0.598,-251.2,-0.2377,45.0,429,0.791,-130.9,-0.1343,44.5,-0.1034,0.259,-0.1845,0.1709,0.561,0.837,-292.3,-93.8,,
s11_m90_fade_ny,B4,q,0.45,TRAIN,900,510,327,63,0,0.567,900,0.695,-382.1,-0.1885,44.8,510,0.685,-227.1,-0.2161,45.3,327,0.688,-145.2,-0.1772,43.7,-0.0389,0.6165,-0.1631,0.159,0.566,0.821,-273.8,-98.4,,
s11_m90_fade_ny,B5,q,0.45,TRAIN,900,670,230,0,0,0.744,900,0.695,-382.1,-0.1885,44.8,670,0.717,-261.7,-0.1821,45.2,230,0.632,-120.4,-0.2071,43.5,0.025,0.761,-0.1556,0.1536,0.578,0.824,-276.8,-102.9,,
s11_m90_fade_ny,B6,q,0.45,TRAIN,900,248,618,34,0,0.276,900,0.695,-382.1,-0.1885,44.8,248,0.607,-135.0,-0.2709,43.5,618,0.75,-215.9,-0.1408,45.6,-0.13,0.1625,-0.1771,0.172,0.58,0.86,-273.5,-77.5,,
s11_m90_fade_ny,C2,q,0.45,TRAIN,900,675,214,0,11,0.75,900,0.695,-382.1,-0.1885,44.8,675,0.694,-287.6,-0.1856,44.3,214,0.676,-97.7,-0.2137,45.3,0.0282,0.729,-0.1591,0.1719,0.57,0.824,-280.6,-97.4,,
s11_m90_fade_ny,B1_utc,q,0.45,TRAIN,900,461,251,188,0,0.512,900,0.695,-382.1,-0.1885,44.8,461,0.658,-223.4,-0.2165,44.5,251,0.742,-84.1,-0.1483,46.2,-0.0682,0.458,-0.1709,0.1762,0.559,0.829,-234.6,-76.0,,
s11_m90_fade_ny,B2_lb2,q,0.45,TRAIN,900,416,484,0,0,0.462,900,0.695,-382.1,-0.1885,44.8,416,0.619,-242.1,-0.2565,41.3,484,0.773,-140.0,-0.13,47.7,-0.1265,0.1295,-0.162,0.1572,0.574,0.825,-284.5,-102.1,,
s11_m90_fade_ny,B2_lb5,q,0.45,TRAIN,900,373,527,0,0,0.414,900,0.695,-382.1,-0.1885,44.8,373,0.728,-143.2,-0.184,45.6,527,0.67,-238.9,-0.1916,44.2,0.0075,0.927,-0.1672,0.1678,0.575,0.826,-280.2,-99.7,,
s11_m90_fade_ny,B3_db0.05,q,0.45,TRAIN,900,432,386,68,14,0.48,900,0.695,-382.1,-0.1885,44.8,432,0.603,-227.2,-0.2338,44.7,386,0.73,-159.7,-0.169,42.7,-0.0648,0.463,-0.1693,0.1733,0.548,0.808,-280.8,-103.0,,
s11_m90_fade_ny,B3_db0.10,q,0.45,TRAIN,900,391,360,135,14,0.434,900,0.695,-382.1,-0.1885,44.8,391,0.587,-204.1,-0.2334,45.5,360,0.768,-126.1,-0.1293,44.2,-0.1041,0.29,-0.1874,0.189,0.549,0.833,-254.2,-78.7,,
s11_m90_fade_ny,B5_w2,q,0.45,TRAIN,900,601,296,3,0,0.668,900,0.695,-382.1,-0.1885,44.8,601,0.728,-232.7,-0.1595,44.8,296,0.622,-148.3,-0.2477,44.6,0.0882,0.2715,-0.1556,0.1518,0.579,0.823,-274.4,-100.6,,
s11_m90_fade_ny,B1,q,0.45,TEST,910,426,389,95,0,0.468,910,0.789,-438.8,-0.1618,43.2,426,0.781,-227.0,-0.1715,43.0,389,0.836,-125.7,-0.1406,45.5,-0.0309,0.7755,-0.2006,0.223,0.636,1.032,-370.9,25.8,,
s11_m90_fade_ny,B2,q,0.45,TEST,910,444,466,0,0,0.488,910,0.789,-438.8,-0.1618,43.2,444,1.038,34.6,-0.059,45.9,466,0.591,-473.4,-0.2597,40.6,0.2007,0.039,-0.1918,0.1866,0.629,0.992,-430.1,-6.3,,
s11_m90_fade_ny,B3,q,0.45,TEST,910,460,450,0,0,0.505,910,0.789,-438.8,-0.1618,43.2,460,0.66,-309.4,-0.2322,42.6,450,0.889,-129.3,-0.0897,43.8,-0.1425,0.1805,-0.2093,0.2108,0.619,1.004,-439.2,3.8,,
s11_m90_fade_ny,B4,q,0.45,TEST,910,391,458,61,0,0.43,910,0.789,-438.8,-0.1618,43.2,391,0.838,-164.1,-0.0634,45.3,458,0.758,-225.1,-0.2174,42.8,0.154,0.144,-0.2009,0.2,0.649,1.006,-384.5,5.1,,
s11_m90_fade_ny,B5,q,0.45,TEST,910,575,335,0,0,0.632,910,0.789,-438.8,-0.1618,43.2,575,0.768,-332.0,-0.1895,41.7,335,0.835,-106.8,-0.1142,45.7,-0.0753,0.458,-0.1924,0.196,0.637,0.987,-423.8,-11.4,,
s11_m90_fade_ny,B6,q,0.45,TEST,910,204,658,48,0,0.224,910,0.789,-438.8,-0.1618,43.2,204,0.544,-190.2,-0.3333,40.7,658,0.863,-210.3,-0.1008,45.1,-0.2325,0.037,-0.215,0.2219,0.619,1.03,-425.2,22.2,,
s11_m90_fade_ny,C2,q,0.45,TEST,910,473,437,0,0,0.52,910,0.789,-438.8,-0.1618,43.2,473,0.807,-239.2,-0.1553,42.3,437,0.763,-199.6,-0.1687,44.2,0.0134,0.8975,-0.1935,0.2017,0.638,0.988,-425.8,-10.3,,
s11_m90_fade_ny,B1_utc,q,0.45,TEST,910,381,378,151,0,0.419,910,0.789,-438.8,-0.1618,43.2,381,0.686,-335.1,-0.185,40.7,378,0.839,-116.6,-0.1948,44.4,0.0098,0.936,-0.2243,0.2226,0.588,0.964,-418.7,-28.5,,
s11_m90_fade_ny,B2_lb2,q,0.45,TEST,910,459,451,0,0,0.504,910,0.789,-438.8,-0.1618,43.2,459,0.942,-58.2,-0.0893,44.4,451,0.645,-380.6,-0.2355,41.9,0.1462,0.142,-0.191,0.1957,0.635,0.985,-424.9,-13.6,,
s11_m90_fade_ny,B2_lb5,q,0.45,TEST,910,404,506,0,0,0.444,910,0.789,-438.8,-0.1618,43.2,404,0.945,-50.6,-0.0504,47.0,506,0.666,-388.2,-0.2507,40.1,0.2003,0.051,-0.2054,0.1951,0.632,0.982,-422.1,-17.1,,
s11_m90_fade_ny,B3_db0.05,q,0.45,TEST,910,438,432,40,0,0.481,910,0.789,-438.8,-0.1618,43.2,438,0.644,-315.0,-0.2417,41.8,432,0.906,-106.9,-0.0801,44.0,-0.1616,0.1495,-0.207,0.2296,0.619,1.029,-428.8,24.0,,
s11_m90_fade_ny,B3_db0.10,q,0.45,TEST,910,406,394,110,0,0.446,910,0.789,-438.8,-0.1618,43.2,406,0.698,-239.3,-0.216,42.6,394,0.926,-79.0,-0.0545,43.9,-0.1615,0.173,-0.2286,0.2347,0.64,1.07,-379.1,49.8,,
s11_m90_fade_ny,B5_w2,q,0.45,TEST,910,568,342,0,0,0.624,910,0.789,-438.8,-0.1618,43.2,568,0.831,-238.6,-0.1511,43.5,342,0.699,-200.1,-0.1795,42.7,0.0284,0.7985,-0.1989,0.1925,0.62,0.977,-431.5,-20.3,,
s11_m90_fade_ny,B1,q,0.7,ALL,1810,896,732,182,0,0.495,1810,0.646,-1273.3,-0.2725,37.4,896,0.651,-641.3,-0.2733,37.4,732,0.669,-454.3,-0.2561,38.5,-0.0171,0.7785,-0.1321,0.1314,0.555,0.771,-777.9,-329.4,0.762,
s11_m90_fade_ny,B2,q,0.7,ALL,1810,846,964,0,0,0.467,1810,0.646,-1273.3,-0.2725,37.4,846,0.775,-367.2,-0.2313,39.1,964,0.539,-906.2,-0.3086,35.9,0.0773,0.226,-0.126,0.1298,0.547,0.754,-875.5,-405.2,0.242,
s11_m90_fade_ny,B3,q,0.7,ALL,1810,931,879,0,0,0.514,1810,0.646,-1273.3,-0.2725,37.4,931,0.527,-793.4,-0.3352,35.6,879,0.75,-479.9,-0.2061,39.4,-0.1291,0.0635,-0.1352,0.1381,0.55,0.763,-872.9,-388.5,0.066,
s11_m90_fade_ny,B4,q,0.7,ALL,1810,901,785,124,0,0.498,1810,0.646,-1273.3,-0.2725,37.4,901,0.669,-616.4,-0.2456,39.6,785,0.626,-566.6,-0.2982,36.1,0.0526,0.4315,-0.1265,0.1256,0.556,0.762,-803.4,-361.5,0.474,
s11_m90_fade_ny,B5,q,0.7,ALL,1810,1245,565,0,0,0.688,1810,0.646,-1273.3,-0.2725,37.4,1245,0.644,-905.0,-0.2831,37.2,565,0.652,-368.4,-0.2492,37.9,-0.0339,0.5955,-0.1226,0.1305,0.55,0.755,-865.3,-398.1,0.6,
s11_m90_fade_ny,B6,q,0.7,ALL,1810,452,1276,82,0,0.25,1810,0.646,-1273.3,-0.2725,37.4,452,0.473,-438.2,-0.4003,35.4,1276,0.712,-745.2,-0.2159,39.1,-0.1844,0.009,-0.1378,0.1355,0.55,0.777,-830.2,-341.5,0.016,
s11_m90_fade_ny,C2,q,0.7,ALL,1810,1148,651,0,11,0.634,1810,0.646,-1273.3,-0.2725,37.4,1148,0.654,-813.7,-0.2713,37.5,651,0.629,-460.0,-0.2789,37.0,0.0076,0.915,-0.1251,0.1314,0.552,0.753,-869.7,-401.6,0.898,
s11_m90_fade_ny,B1_utc,q,0.7,ALL,1810,842,629,339,0,0.465,1810,0.646,-1273.3,-0.2725,37.4,842,0.584,-769.0,-0.2994,36.6,629,0.687,-357.9,-0.271,38.5,-0.0284,0.7005,-0.14,0.1388,0.521,0.743,-791.0,-347.0,,
s11_m90_fade_ny,B2_lb2,q,0.7,ALL,1810,875,935,0,0,0.483,1810,0.646,-1273.3,-0.2725,37.4,875,0.707,-519.0,-0.2651,37.8,935,0.587,-754.3,-0.2794,37.0,0.0142,0.818,-0.1311,0.1228,0.543,0.756,-870.4,-406.3,,
s11_m90_fade_ny,B2_lb5,q,0.7,ALL,1810,777,1033,0,0,0.429,1810,0.646,-1273.3,-0.2725,37.4,777,0.75,-388.0,-0.2086,40.7,1033,0.567,-885.3,-0.3205,34.9,0.1119,0.0935,-0.1257,0.1342,0.553,0.755,-864.2,-397.6,,
s11_m90_fade_ny,B3_db0.05,q,0.7,ALL,1810,870,818,108,14,0.481,1810,0.646,-1273.3,-0.2725,37.4,870,0.522,-759.7,-0.3372,35.2,818,0.744,-471.1,-0.2159,38.9,-0.1212,0.0805,-0.142,0.1315,0.54,0.752,-852.0,-384.2,,
s11_m90_fade_ny,B3_db0.10,q,0.7,ALL,1810,797,754,245,14,0.44,1810,0.646,-1273.3,-0.2725,37.4,797,0.544,-642.7,-0.325,35.6,754,0.771,-393.6,-0.1838,39.3,-0.1412,0.058,-0.1438,0.1498,0.557,0.801,-749.8,-277.2,,
s11_m90_fade_ny,B5_w2,q,0.7,ALL,1810,1169,638,3,0,0.646,1810,0.646,-1273.3,-0.2725,37.4,1169,0.687,-763.6,-0.2493,38.2,638,0.559,-507.9,-0.3149,35.7,0.0656,0.2985,-0.1305,0.1289,0.549,0.755,-876.3,-401.2,,
s11_m90_fade_ny,B1,q,0.7,TRAIN,900,470,343,87,0,0.522,900,0.562,-607.1,-0.2992,37.0,470,0.58,-307.8,-0.292,37.2,343,0.579,-231.4,-0.2886,36.4,-0.0034,0.962,-0.1677,0.1681,0.473,0.696,-361.4,-176.9,0.976,
s11_m90_fade_ny,B2,q,0.7,TRAIN,900,402,498,0,0,0.447,900,0.562,-607.1,-0.2992,37.0,402,0.552,-290.8,-0.3308,37.3,498,0.57,-316.3,-0.2737,36.7,-0.057,0.487,-0.164,0.1641,0.457,0.668,-399.4,-212.2,0.566,
s11_m90_fade_ny,B3,q,0.7,TRAIN,900,471,429,0,0,0.523,900,0.562,-607.1,-0.2992,37.0,471,0.47,-369.0,-0.3492,35.2,429,0.654,-238.1,-0.2443,38.9,-0.1049,0.2205,-0.1665,0.1714,0.46,0.676,-404.8,-205.5,0.266,
s11_m90_fade_ny,B4,q,0.7,TRAIN,900,510,327,63,0,0.567,900,0.562,-607.1,-0.2992,37.0,510,0.555,-354.6,-0.3241,38.6,327,0.56,-227.0,-0.2893,35.5,-0.0348,0.6905,-0.1607,0.165,0.458,0.665,-382.6,-197.6,0.756,
s11_m90_fade_ny,B5,q,0.7,TRAIN,900,670,230,0,0,0.744,900,0.562,-607.1,-0.2992,37.0,670,0.58,-429.2,-0.292,37.6,230,0.509,-177.9,-0.3204,35.2,0.0284,0.7125,-0.1526,0.159,0.46,0.672,-398.8,-205.9,0.818,
s11_m90_fade_ny,B6,q,0.7,TRAIN,900,248,618,34,0,0.276,900,0.562,-607.1,-0.2992,37.0,248,0.484,-197.0,-0.3838,36.7,618,0.612,-370.4,-0.2505,37.9,-0.1333,0.1385,-0.1726,0.1815,0.468,0.701,-381.3,-181.3,0.194,
s11_m90_fade_ny,C2,q,0.7,TRAIN,900,675,214,0,11,0.75,900,0.562,-607.1,-0.2992,37.0,675,0.562,-456.3,-0.295,37.3,214,0.546,-151.2,-0.3271,35.0,0.0321,0.6865,-0.1563,0.154,0.456,0.669,-398.5,-209.1,0.778,
s11_m90_fade_ny,B1_utc,q,0.7,TRAIN,900,461,251,188,0,0.512,900,0.562,-607.1,-0.2992,37.0,461,0.531,-338.6,-0.3267,37.3,251,0.595,-146.8,-0.2577,37.8,-0.069,0.429,-0.1663,0.1675,0.446,0.666,-326.1,-162.9,,
s11_m90_fade_ny,B2_lb2,q,0.7,TRAIN,900,416,484,0,0,0.462,900,0.562,-607.1,-0.2992,37.0,416,0.505,-346.1,-0.3674,35.8,484,0.619,-261.0,-0.2407,38.0,-0.1267,0.1285,-0.165,0.165,0.455,0.676,-401.5,-206.8,,
s11_m90_fade_ny,B2_lb5,q,0.7,TRAIN,900,373,527,0,0,0.414,900,0.562,-607.1,-0.2992,37.0,373,0.593,-236.4,-0.2925,40.2,527,0.539,-370.6,-0.304,34.7,0.0115,0.8875,-0.1623,0.1686,0.454,0.673,-401.4,-211.1,,
s11_m90_fade_ny,B3_db0.05,q,0.7,TRAIN,900,432,386,68,14,0.48,900,0.562,-607.1,-0.2992,37.0,432,0.475,-335.2,-0.3451,34.7,386,0.604,-256.2,-0.2786,37.3,-0.0665,0.4705,-0.1752,0.1777,0.431,0.659,-392.8,-198.0,,
s11_m90_fade_ny,B3_db0.10,q,0.7,TRAIN,900,391,360,135,14,0.434,900,0.562,-607.1,-0.2992,37.0,391,0.456,-301.9,-0.3464,34.8,360,0.638,-216.1,-0.2389,38.3,-0.1075,0.268,-0.1844,0.1972,0.432,0.677,-352.6,-165.0,,
s11_m90_fade_ny,B5_w2,q,0.7,TRAIN,900,601,296,3,0,0.668,900,0.562,-607.1,-0.2992,37.0,601,0.595,-382.9,-0.2672,38.3,296,0.491,-222.3,-0.3645,34.1,0.0973,0.235,-0.1599,0.1683,0.463,0.667,-395.8,-206.6,,
s11_m90_fade_ny,B1,q,0.7,TEST,910,426,389,95,0,0.468,910,0.699,-666.3,-0.2461,37.8,426,0.698,-333.5,-0.2526,37.6,389,0.729,-222.9,-0.2275,40.4,-0.025,0.8095,-0.1999,0.2169,0.563,0.91,-475.0,-71.8,0.8,
s11_m90_fade_ny,B2,q,0.7,TEST,910,444,466,0,0,0.488,910,0.699,-666.3,-0.2461,37.8,444,0.922,-76.4,-0.1413,40.8,466,0.521,-589.9,-0.3459,35.0,0.2046,0.031,-0.1748,0.1882,0.562,0.869,-550.7,-122.5,0.04,
s11_m90_fade_ny,B3,q,0.7,TEST,910,460,450,0,0,0.505,910,0.699,-666.3,-0.2461,37.8,460,0.567,-424.4,-0.3208,35.9,450,0.804,-241.8,-0.1697,39.8,-0.1511,0.1685,-0.213,0.2208,0.545,0.886,-558.2,-106.8,0.116,
s11_m90_fade_ny,B4,q,0.7,TEST,910,391,458,61,0,0.43,910,0.699,-666.3,-0.2461,37.8,391,0.754,-261.8,-0.1432,40.9,458,0.66,-339.6,-0.3046,36.5,0.1614,0.113,-0.2075,0.1898,0.565,0.881,-503.1,-104.3,0.054,
s11_m90_fade_ny,B5,q,0.7,TEST,910,575,335,0,0,0.632,910,0.699,-666.3,-0.2461,37.8,575,0.686,-475.7,-0.2727,36.7,335,0.727,-190.5,-0.2003,39.7,-0.0724,0.4715,-0.1988,0.2028,0.557,0.864,-549.8,-125.4,0.264,
s11_m90_fade_ny,B6,q,0.7,TEST,910,204,658,48,0,0.224,910,0.699,-666.3,-0.2461,37.8,204,0.464,-241.2,-0.4203,33.8,658,0.77,-374.8,-0.1834,40.3,-0.2369,0.0355,-0.2039,0.2299,0.55,0.904,-526.5,-85.0,0.06,
s11_m90_fade_ny,C2,q,0.7,TEST,910,473,437,0,0,0.52,910,0.699,-666.3,-0.2461,37.8,473,0.727,-357.4,-0.2375,37.6,437,0.659,-308.8,-0.2553,38.0,0.0177,0.845,-0.2,0.1925,0.556,0.868,-549.9,-122.7,0.83,
s11_m90_fade_ny,B1_utc,q,0.7,TEST,910,381,378,151,0,0.419,910,0.699,-666.3,-0.2461,37.8,381,0.618,-430.4,-0.2663,35.7,378,0.729,-211.1,-0.2798,38.9,0.0135,0.901,-0.2362,0.2185,0.511,0.853,-533.5,-115.1,,
s11_m90_fade_ny,B2_lb2,q,0.7,TEST,910,459,451,0,0,0.504,910,0.699,-666.3,-0.2461,37.8,459,0.839,-172.9,-0.1725,39.7,451,0.568,-493.3,-0.321,35.9,0.1485,0.1435,-0.199,0.2031,0.562,0.875,-540.2,-117.6,,
s11_m90_fade_ny,B2_lb5,q,0.7,TEST,910,404,506,0,0,0.444,910,0.699,-666.3,-0.2461,37.8,404,0.844,-151.6,-0.1312,41.1,506,0.585,-514.7,-0.3377,35.2,0.2065,0.034,-0.1945,0.1914,0.56,0.866,-541.1,-124.7,,
s11_m90_fade_ny,B3_db0.05,q,0.7,TEST,910,438,432,40,0,0.481,910,0.699,-666.3,-0.2461,37.8,438,0.555,-424.5,-0.3293,35.6,432,0.82,-214.9,-0.1599,40.3,-0.1694,0.1185,-0.2185,0.2067,0.546,0.895,-541.5,-95.1,,
s11_m90_fade_ny,B3_db0.10,q,0.7,TEST,910,406,394,110,0,0.446,910,0.699,-666.3,-0.2461,37.8,406,0.601,-340.8,-0.3044,36.5,394,0.842,-177.5,-0.1334,40.1,-0.1709,0.1645,-0.2472,0.2308,0.566,0.938,-480.6,-51.4,,
s11_m90_fade_ny,B5_w2,q,0.7,TEST,910,568,342,0,0,0.624,910,0.699,-666.3,-0.2461,37.8,568,0.746,-380.6,-0.2304,38.2,342,0.601,-285.6,-0.2721,37.1,0.0417,0.7005,-0.1982,0.2035,0.562,0.876,-537.6,-117.0,,
s10_90min_fade,B1,mid,0.75,ALL,9401,4144,4300,957,0,0.441,9401,0.607,-6689.8,-0.2928,36.7,4144,0.628,-2828.3,-0.2636,37.3,4300,0.592,-3140.8,-0.3151,36.3,0.0515,0.09,-0.0612,0.06,0.567,0.653,-3423.5,-2579.7,,
s10_90min_fade,B2,mid,0.75,ALL,9401,4975,4426,0,0,0.529,9401,0.607,-6689.8,-0.2928,36.7,4975,0.614,-3472.1,-0.2958,36.2,4426,0.599,-3217.7,-0.2895,37.3,-0.0063,0.8305,-0.0605,0.0571,0.565,0.649,-3783.3,-2919.6,,
s10_90min_fade,B3,mid,0.75,ALL,9401,4379,5022,0,0,0.466,9401,0.607,-6689.8,-0.2928,36.7,4379,0.567,-3264.4,-0.3234,37.0,5022,0.639,-3425.4,-0.2662,36.4,-0.0572,0.044,-0.0525,0.0586,0.567,0.648,-3785.4,-2902.2,,
s10_90min_fade,B4,mid,0.75,ALL,9401,4310,4327,764,0,0.458,9401,0.607,-6689.8,-0.2928,36.7,4310,0.609,-3125.1,-0.2757,37.8,4327,0.603,-3081.9,-0.3058,36.1,0.0301,0.3395,-0.0595,0.06,0.563,0.649,-3529.7,-2701.9,,
s10_90min_fade,B5,mid,0.75,ALL,9401,4848,4553,0,0,0.516,9401,0.607,-6689.8,-0.2928,36.7,4848,0.601,-3599.2,-0.296,36.7,4553,0.614,-3090.6,-0.2895,36.7,-0.0065,0.843,-0.0566,0.0583,0.568,0.649,-3760.1,-2897.3,,
s10_90min_fade,B6,mid,0.75,ALL,9401,1848,7087,466,0,0.197,9401,0.607,-6689.8,-0.2928,36.7,1848,0.634,-1159.0,-0.2755,39.0,7087,0.608,-5091.6,-0.2913,36.2,0.0158,0.597,-0.0549,0.0585,0.575,0.654,-3575.6,-2662.9,,
s10_90min_fade,C2,mid,0.75,ALL,9401,4755,4601,0,45,0.506,9401,0.607,-6689.8,-0.2928,36.7,4755,0.631,-3250.0,-0.266,37.6,4601,0.58,-3431.9,-0.3214,35.7,0.0553,0.0575,-0.0563,0.0573,0.566,0.648,-3773.7,-2902.2,,
s10_90min_fade,B1_utc,mid,0.75,ALL,9401,3952,3785,1664,0,0.42,9401,0.607,-6689.8,-0.2928,36.7,3952,0.633,-2739.4,-0.2684,37.4,3785,0.577,-2829.1,-0.3214,36.2,0.053,0.0845,-0.0604,0.0614,0.565,0.651,-3165.6,-2392.9,,
s10_90min_fade,B2_lb2,mid,0.75,ALL,9401,5042,4359,0,0,0.536,9401,0.607,-6689.8,-0.2928,36.7,5042,0.611,-3635.2,-0.3007,35.6,4359,0.602,-3054.6,-0.2838,38.0,-0.0168,0.547,-0.0542,0.054,0.568,0.647,-3787.1,-2914.0,,
s10_90min_fade,B2_lb5,mid,0.75,ALL,9401,4805,4596,0,0,0.511,9401,0.607,-6689.8,-0.2928,36.7,4805,0.618,-3328.6,-0.2909,36.5,4596,0.596,-3361.2,-0.2949,36.9,0.004,0.8985,-0.0561,0.0584,0.567,0.65,-3765.7,-2923.6,,
s10_90min_fade,B3_db0.05,mid,0.75,ALL,9401,3900,4588,835,78,0.415,9401,0.607,-6689.8,-0.2928,36.7,3900,0.566,-2978.1,-0.3281,36.8,4588,0.644,-3115.3,-0.2647,36.4,-0.0635,0.04,-0.0591,0.0617,0.568,0.652,-3446.8,-2636.0,,
s10_90min_fade,B3_db0.10,mid,0.75,ALL,9401,3486,4167,1670,78,0.371,9401,0.607,-6689.8,-0.2928,36.7,3486,0.569,-2649.8,-0.3214,37.0,4167,0.65,-2814.0,-0.2606,36.4,-0.0608,0.077,-0.0649,0.0689,0.568,0.663,-3147.4,-2306.5,,
s10_90min_fade,B5_w2,mid,0.75,ALL,9401,4817,4569,15,0,0.512,9401,0.607,-6689.8,-0.2928,36.7,4817,0.613,-3491.1,-0.2796,36.8,4569,0.6,-3189.6,-0.3062,36.7,0.0266,0.376,-0.0573,0.0567,0.568,0.646,-3772.0,-2912.6,,
s10_90min_fade,B1,mid,0.75,TRAIN,4687,2028,2149,510,0,0.433,4687,0.521,-3275.5,-0.3214,36.2,2028,0.569,-1279.7,-0.2746,37.5,2149,0.5,-1570.3,-0.3479,35.4,0.0733,0.06,-0.0755,0.0782,0.481,0.59,-1648.4,-1195.9,,
s10_90min_fade,B2,mid,0.75,TRAIN,4687,2443,2244,0,0,0.521,4687,0.521,-3275.5,-0.3214,36.2,2443,0.522,-1714.5,-0.3301,35.9,2244,0.52,-1561.0,-0.3119,36.5,-0.0182,0.622,-0.0763,0.072,0.469,0.575,-1877.2,-1408.0,,
s10_90min_fade,B3,mid,0.75,TRAIN,4687,2211,2476,0,0,0.472,4687,0.521,-3275.5,-0.3214,36.2,2211,0.493,-1584.7,-0.3422,36.6,2476,0.545,-1690.8,-0.3028,35.9,-0.0393,0.2725,-0.0705,0.0706,0.473,0.572,-1851.3,-1419.6,,
s10_90min_fade,B4,mid,0.75,TRAIN,4687,2166,2130,391,0,0.462,4687,0.521,-3275.5,-0.3214,36.2,2166,0.521,-1566.5,-0.3212,36.6,2130,0.526,-1461.1,-0.325,35.8,0.0038,0.918,-0.0754,0.0746,0.47,0.578,-1759.1,-1279.5,,
s10_90min_fade,B5,mid,0.75,TRAIN,4687,2471,2216,0,0,0.527,4687,0.521,-3275.5,-0.3214,36.2,2471,0.491,-1941.1,-0.3445,35.4,2216,0.559,-1334.4,-0.2956,37.2,-0.049,0.1655,-0.0707,0.0671,0.471,0.573,-1887.8,-1408.9,,
s10_90min_fade,B6,mid,0.75,TRAIN,4687,934,3501,252,0,0.199,4687,0.521,-3275.5,-0.3214,36.2,934,0.599,-511.1,-0.2646,40.1,3501,0.523,-2461.1,-0.3215,35.5,0.0569,0.159,-0.0756,0.0795,0.484,0.593,-1741.1,-1226.2,,
s10_90min_fade,C2,mid,0.75,TRAIN,4687,2391,2251,0,45,0.51,4687,0.521,-3275.5,-0.3214,36.2,2391,0.527,-1726.3,-0.3113,36.5,2251,0.512,-1541.4,-0.3343,35.9,0.023,0.5495,-0.0713,0.071,0.469,0.572,-1871.3,-1386.5,,
s10_90min_fade,B1_utc,mid,0.75,TRAIN,4687,1898,1860,929,0,0.405,4687,0.521,-3275.5,-0.3214,36.2,1898,0.541,-1291.0,-0.3011,37.4,1860,0.502,-1332.1,-0.3421,36.1,0.041,0.318,-0.0793,0.0802,0.465,0.58,-1527.6,-1102.9,,
s10_90min_fade,B2_lb2,mid,0.75,TRAIN,4687,2461,2226,0,0,0.525,4687,0.521,-3275.5,-0.3214,36.2,2461,0.52,-1747.7,-0.3339,35.5,2226,0.523,-1527.9,-0.3076,37.0,-0.0263,0.4825,-0.0706,0.0757,0.472,0.576,-1869.5,-1390.1,,
s10_90min_fade,B2_lb5,mid,0.75,TRAIN,4687,2357,2330,0,0,0.503,4687,0.521,-3275.5,-0.3214,36.2,2357,0.53,-1583.6,-0.3267,36.4,2330,0.512,-1691.9,-0.316,36.1,-0.0106,0.772,-0.0713,0.0695,0.47,0.572,-1867.2,-1412.8,,
s10_90min_fade,B3_db0.05,mid,0.75,TRAIN,4687,1935,2234,440,78,0.413,4687,0.521,-3275.5,-0.3214,36.2,1935,0.482,-1437.0,-0.3473,36.3,2234,0.541,-1551.4,-0.3047,35.9,-0.0425,0.272,-0.0773,0.0724,0.462,0.565,-1708.2,-1280.3,,
s10_90min_fade,B3_db0.10,mid,0.75,TRAIN,4687,1729,2044,836,78,0.369,4687,0.521,-3275.5,-0.3214,36.2,1729,0.492,-1245.2,-0.3334,36.5,2044,0.547,-1407.8,-0.2979,36.0,-0.0355,0.399,-0.0795,0.0819,0.47,0.58,-1528.9,-1123.7,,
s10_90min_fade,B5_w2,mid,0.75,TRAIN,4687,2444,2228,15,0,0.521,4687,0.521,-3275.5,-0.3214,36.2,2444,0.532,-1751.6,-0.3096,35.7,2228,0.51,-1514.8,-0.3333,36.9,0.0236,0.5235,-0.0703,0.0685,0.473,0.572,-1873.4,-1404.4,,
s10_90min_fade,B1,mid,0.75,TEST,4714,2116,2151,447,0,0.449,4714,0.665,-3414.3,-0.2645,37.2,2116,0.666,-1548.7,-0.2532,37.1,2151,0.655,-1570.5,-0.2823,37.1,0.0292,0.524,-0.096,0.0934,0.6,0.726,-1897.6,-1203.6,,
s10_90min_fade,B2,mid,0.75,TEST,4714,2532,2182,0,0,0.537,4714,0.665,-3414.3,-0.2645,37.2,2532,0.675,-1757.6,-0.2627,36.4,2182,0.652,-1656.7,-0.2665,38.1,0.0038,0.926,-0.0877,0.0886,0.608,0.723,-2064.0,-1357.2,,
s10_90min_fade,B3,mid,0.75,TEST,4714,2168,2546,0,0,0.46,4714,0.665,-3414.3,-0.2645,37.2,2168,0.62,-1679.7,-0.3043,37.5,2546,0.699,-1734.5,-0.2306,36.9,-0.0737,0.1005,-0.0897,0.0872,0.608,0.725,-2072.7,-1324.1,,
s10_90min_fade,B4,mid,0.75,TEST,4714,2144,2197,373,0,0.455,4714,0.665,-3414.3,-0.2645,37.2,2144,0.67,-1558.6,-0.2298,39.0,2197,0.654,-1620.8,-0.2872,36.5,0.0575,0.23,-0.0909,0.0912,0.601,0.725,-1946.5,-1249.4,,
s10_90min_fade,B5,mid,0.75,TEST,4714,2377,2337,0,0,0.504,4714,0.665,-3414.3,-0.2645,37.2,2377,0.681,-1658.1,-0.2455,38.1,2337,0.648,-1756.2,-0.2838,36.2,0.0383,0.412,-0.0918,0.0898,0.608,0.724,-2069.6,-1356.5,,
s10_90min_fade,B6,mid,0.75,TEST,4714,914,3586,214,0,0.194,4714,0.665,-3414.3,-0.2645,37.2,914,0.657,-648.0,-0.2865,37.9,3586,0.664,-2630.5,-0.2617,36.9,-0.0248,0.5525,-0.0809,0.078,0.605,0.724,-2025.3,-1248.6,,
s10_90min_fade,C2,mid,0.75,TEST,4714,2364,2350,0,0,0.501,4714,0.665,-3414.3,-0.2645,37.2,2364,0.705,-1523.7,-0.2202,38.7,2350,0.622,-1890.6,-0.309,35.6,0.0887,0.0535,-0.0873,0.0929,0.609,0.726,-2069.0,-1338.8,,
s10_90min_fade,B1_utc,mid,0.75,TEST,4714,2054,1925,735,0,0.436,4714,0.665,-3414.3,-0.2645,37.2,2054,0.688,-1448.5,-0.2383,37.4,1925,0.627,-1497.1,-0.3014,36.3,0.0632,0.193,-0.0951,0.0933,0.603,0.722,-1781.4,-1147.1,,
s10_90min_fade,B2_lb2,mid,0.75,TEST,4714,2581,2133,0,0,0.548,4714,0.665,-3414.3,-0.2645,37.2,2581,0.67,-1887.6,-0.269,35.6,2133,0.658,-1526.7,-0.259,39.0,-0.01,0.8345,-0.0876,0.0866,0.609,0.726,-2076.1,-1346.0,,
s10_90min_fade,B2_lb5,mid,0.75,TEST,4714,2448,2266,0,0,0.519,4714,0.665,-3414.3,-0.2645,37.2,2448,0.673,-1745.0,-0.2565,36.6,2266,0.656,-1669.3,-0.2731,37.8,0.0166,0.717,-0.0888,0.0862,0.606,0.723,-2071.1,-1349.6,,
s10_90min_fade,B3_db0.05,mid,0.75,TEST,4714,1965,2354,395,0,0.417,4714,0.665,-3414.3,-0.2645,37.2,1965,0.622,-1541.0,-0.3093,37.3,2354,0.708,-1563.9,-0.2266,36.8,-0.0827,0.0895,-0.0956,0.0936,0.609,0.736,-1910.1,-1209.7,,
s10_90min_fade,B3_db0.10,mid,0.75,TEST,4714,1757,2123,834,0,0.373,4714,0.665,-3414.3,-0.2645,37.2,1757,0.619,-1404.6,-0.3096,37.5,2123,0.715,-1406.2,-0.2247,36.7,-0.0849,0.1065,-0.103,0.1023,0.607,0.747,-1756.4,-1043.0,,
s10_90min_fade,B5_w2,mid,0.75,TEST,4714,2373,2341,0,0,0.503,4714,0.665,-3414.3,-0.2645,37.2,2373,0.671,-1739.5,-0.2487,37.9,2341,0.658,-1674.8,-0.2805,36.4,0.0318,0.486,-0.0889,0.0907,0.607,0.726,-2072.9,-1334.0,,
s10_90min_fade,B1,mid,1.0,ALL,9401,4144,4300,957,0,0.441,9401,0.513,-9040.0,-0.3974,31.4,4144,0.533,-3864.3,-0.3675,31.7,4300,0.498,-4215.8,-0.4198,31.3,0.0523,0.092,-0.0609,0.0615,0.477,0.554,-4492.8,-3612.8,0.09,
s10_90min_fade,B2,mid,1.0,ALL,9401,4975,4426,0,0,0.529,9401,0.513,-9040.0,-0.3974,31.4,4975,0.52,-4715.9,-0.4007,31.0,4426,0.505,-4324.2,-0.3936,31.8,-0.0071,0.8165,-0.057,0.0594,0.479,0.549,-4950.9,-4094.3,0.814,
s10_90min_fade,B3,mid,1.0,ALL,9401,4379,5022,0,0,0.466,9401,0.513,-9040.0,-0.3974,31.4,4379,0.473,-4359.2,-0.4281,30.6,5022,0.546,-4680.9,-0.3705,32.0,-0.0576,0.05,-0.0577,0.0573,0.477,0.549,-4982.8,-4074.2,0.034,
s10_90min_fade,B4,mid,1.0,ALL,9401,4310,4327,764,0,0.458,9401,0.513,-9040.0,-0.3974,31.4,4310,0.517,-4202.6,-0.379,32.1,4327,0.509,-4163.6,-0.4109,31.2,0.0319,0.2805,-0.0647,0.0585,0.476,0.551,-4616.7,-3745.4,0.294,
s10_90min_fade,B5,mid,1.0,ALL,9401,4848,4553,0,0,0.516,9401,0.513,-9040.0,-0.3974,31.4,4848,0.51,-4811.2,-0.3996,31.2,4553,0.517,-4228.8,-0.395,31.5,-0.0046,0.862,-0.0548,0.0579,0.48,0.548,-4970.9,-4072.3,0.88,
s10_90min_fade,B6,mid,1.0,ALL,9401,1848,7087,466,0,0.197,9401,0.513,-9040.0,-0.3974,31.4,1848,0.532,-1621.0,-0.379,31.8,7087,0.516,-6863.4,-0.3959,31.5,0.0169,0.5745,-0.0607,0.058,0.483,0.555,-4750.0,-3758.5,0.664,
s10_90min_fade,C2,mid,1.0,ALL,9401,4755,4601,0,45,0.506,9401,0.513,-9040.0,-0.3974,31.4,4755,0.537,-4438.7,-0.3692,32.0,4601,0.487,-4582.2,-0.4271,30.7,0.0579,0.0535,-0.0579,0.0598,0.478,0.549,-4961.1,-4060.6,0.04,
s10_90min_fade,B1_utc,mid,1.0,ALL,9401,3952,3785,1664,0,0.42,9401,0.513,-9040.0,-0.3974,31.4,3952,0.54,-3727.4,-0.3715,31.9,3785,0.484,-3775.4,-0.4259,31.1,0.0544,0.096,-0.0644,0.0628,0.477,0.551,-4167.1,-3367.1,,
s10_90min_fade,B2_lb2,mid,1.0,ALL,9401,5042,4359,0,0,0.536,9401,0.513,-9040.0,-0.3974,31.4,5042,0.52,-4895.7,-0.4055,30.7,4359,0.506,-4144.3,-0.388,32.2,-0.0176,0.5435,-0.0583,0.0562,0.48,0.549,-4978.5,-4068.7,,
s10_90min_fade,B2_lb5,mid,1.0,ALL,9401,4805,4596,0,0,0.511,9401,0.513,-9040.0,-0.3974,31.4,4805,0.523,-4529.8,-0.3962,31.3,4596,0.503,-4510.2,-0.3986,31.4,0.0024,0.9225,-0.0584,0.055,0.475,0.549,-4990.9,-4088.2,,
s10_90min_fade,B3_db0.05,mid,1.0,ALL,9401,3900,4588,835,78,0.415,9401,0.513,-9040.0,-0.3974,31.4,3900,0.473,-3953.1,-0.4321,30.5,4588,0.551,-4262.3,-0.3689,32.1,-0.0632,0.0405,-0.0595,0.0631,0.481,0.556,-4533.2,-3668.7,,
s10_90min_fade,B3_db0.10,mid,1.0,ALL,9401,3486,4167,1670,78,0.371,9401,0.513,-9040.0,-0.3974,31.4,3486,0.476,-3521.3,-0.4251,30.7,4167,0.558,-3855.8,-0.3645,32.1,-0.0606,0.0805,-0.0685,0.0667,0.482,0.562,-4104.1,-3283.8,,
s10_90min_fade,B5_w2,mid,1.0,ALL,9401,4817,4569,15,0,0.512,9401,0.513,-9040.0,-0.3974,31.4,4817,0.522,-4695.3,-0.3824,31.6,4569,0.504,-4331.9,-0.4125,31.1,0.03,0.2975,-0.0577,0.0591,0.479,0.547,-4957.1,-4081.9,,
s10_90min_fade,B1,mid,1.0,TRAIN,4687,2028,2149,510,0,0.433,4687,0.417,-4447.3,-0.4369,29.7,2028,0.459,-1786.7,-0.3897,30.4,2149,0.399,-2107.6,-0.4634,29.7,0.0736,0.05,-0.0748,0.0725,0.384,0.474,-2176.3,-1718.3,0.098,
s10_90min_fade,B2,mid,1.0,TRAIN,4687,2443,2244,0,0,0.521,4687,0.417,-4447.3,-0.4369,29.7,2443,0.418,-2325.2,-0.4463,29.6,2244,0.416,-2122.0,-0.4267,29.7,-0.0196,0.6005,-0.0696,0.0704,0.375,0.461,-2464.5,-1978.0,0.594,
s10_90min_fade,B3,mid,1.0,TRAIN,4687,2211,2476,0,0,0.472,4687,0.417,-4447.3,-0.4369,29.7,2211,0.389,-2137.4,-0.4576,28.5,2476,0.441,-2309.8,-0.4185,30.7,-0.0391,0.2845,-0.0734,0.0724,0.373,0.458,-2447.3,-2000.6,0.276,
s10_90min_fade,B4,mid,1.0,TRAIN,4687,2166,2130,391,0,0.462,4687,0.417,-4447.3,-0.4369,29.7,2166,0.42,-2108.0,-0.4358,29.7,2130,0.42,-1993.6,-0.4409,29.9,0.0052,0.896,-0.0735,0.0753,0.377,0.466,-2292.5,-1811.6,0.888,
s10_90min_fade,B5,mid,1.0,TRAIN,4687,2471,2216,0,0,0.527,4687,0.417,-4447.3,-0.4369,29.7,2471,0.396,-2558.9,-0.4594,28.7,2216,0.443,-1888.4,-0.4119,30.7,-0.0474,0.2045,-0.0716,0.0743,0.376,0.461,-2461.6,-1977.7,0.228,
s10_90min_fade,B6,mid,1.0,TRAIN,4687,934,3501,252,0,0.199,4687,0.417,-4447.3,-0.4369,29.7,934,0.479,-744.6,-0.3781,30.7,3501,0.42,-3336.4,-0.4375,29.9,0.0593,0.1505,-0.0785,0.0774,0.385,0.479,-2320.3,-1766.8,0.236,
s10_90min_fade,C2,mid,1.0,TRAIN,4687,2391,2251,0,45,0.51,4687,0.417,-4447.3,-0.4369,29.7,2391,0.426,-2324.0,-0.4258,29.6,2251,0.405,-2104.1,-0.4507,29.7,0.0249,0.49,-0.0709,0.0685,0.374,0.458,-2462.2,-1973.2,0.484,
s10_90min_fade,B1_utc,mid,1.0,TRAIN,4687,1898,1860,929,0,0.405,4687,0.417,-4447.3,-0.4369,29.7,1898,0.435,-1765.5,-0.416,30.5,1860,0.398,-1797.1,-0.457,30.2,0.041,0.318,-0.08,0.0805,0.37,0.468,-1992.3,-1557.4,,
s10_90min_fade,B2_lb2,mid,1.0,TRAIN,4687,2461,2226,0,0,0.525,4687,0.417,-4447.3,-0.4369,29.7,2461,0.417,-2362.9,-0.4503,29.6,2226,0.417,-2084.4,-0.4222,29.7,-0.0281,0.465,-0.074,0.0746,0.374,0.461,-2478.9,-1978.6,,
s10_90min_fade,B2_lb5,mid,1.0,TRAIN,4687,2357,2330,0,0,0.503,4687,0.417,-4447.3,-0.4369,29.7,2357,0.423,-2172.8,-0.4433,29.9,2330,0.411,-2274.4,-0.4304,29.4,-0.0129,0.7155,-0.069,0.0704,0.373,0.461,-2450.7,-1997.9,,
s10_90min_fade,B3_db0.05,mid,1.0,TRAIN,4687,1935,2234,440,78,0.413,4687,0.417,-4447.3,-0.4369,29.7,1935,0.381,-1920.8,-0.462,28.2,2234,0.438,-2109.9,-0.4206,30.9,-0.0414,0.3045,-0.0759,0.0761,0.37,0.458,-2240.8,-1792.6,,
s10_90min_fade,B3_db0.10,mid,1.0,TRAIN,4687,1729,2044,836,78,0.369,4687,0.417,-4447.3,-0.4369,29.7,1729,0.389,-1677.5,-0.448,28.2,2044,0.443,-1918.8,-0.4135,30.8,-0.0346,0.411,-0.0783,0.0806,0.373,0.467,-2008.2,-1590.9,,
s10_90min_fade,B5_w2,mid,1.0,TRAIN,4687,2444,2228,15,0,0.521,4687,0.417,-4447.3,-0.4369,29.7,2444,0.431,-2362.6,-0.4239,29.7,2228,0.401,-2071.8,-0.4501,29.8,0.0262,0.4915,-0.0719,0.0714,0.376,0.46,-2462.4,-1974.0,,
s10_90min_fade,B1,mid,1.0,TEST,4714,2116,2151,447,0,0.449,4714,0.58,-4592.8,-0.358,33.1,2116,0.583,-2077.7,-0.3463,33.0,2151,0.57,-2108.2,-0.3763,32.9,0.03,0.5325,-0.0952,0.0963,0.52,0.635,-2474.3,-1737.9,0.538,
s10_90min_fade,B2,mid,1.0,TEST,4714,2532,2182,0,0,0.537,4714,0.58,-4592.8,-0.358,33.1,2532,0.59,-2390.6,-0.3567,32.3,2182,0.569,-2202.1,-0.3595,33.9,0.0028,0.9655,-0.0905,0.0928,0.531,0.633,-2649.6,-1934.5,0.936,
s10_90min_fade,B3,mid,1.0,TEST,4714,2168,2546,0,0,0.46,4714,0.58,-4592.8,-0.358,33.1,2168,0.534,-2221.7,-0.3981,32.7,2546,0.616,-2371.0,-0.3239,33.3,-0.0742,0.11,-0.0935,0.095,0.527,0.638,-2669.5,-1894.2,0.116,
s10_90min_fade,B4,mid,1.0,TEST,4714,2144,2197,373,0,0.455,4714,0.58,-4592.8,-0.358,33.1,2144,0.587,-2094.6,-0.3217,34.5,2197,0.57,-2170.0,-0.3818,32.4,0.0602,0.2145,-0.0926,0.0956,0.526,0.637,-2472.9,-1773.2,0.21,
s10_90min_fade,B5,mid,1.0,TEST,4714,2377,2337,0,0,0.504,4714,0.58,-4592.8,-0.358,33.1,2377,0.596,-2252.3,-0.3375,33.8,2337,0.564,-2340.5,-0.3789,32.3,0.0414,0.3755,-0.092,0.0887,0.527,0.633,-2685.7,-1936.9,0.376,
s10_90min_fade,B6,mid,1.0,TEST,4714,914,3586,214,0,0.194,4714,0.58,-4592.8,-0.358,33.1,914,0.569,-876.5,-0.3799,32.8,3586,0.581,-3527.0,-0.3554,33.0,-0.0245,0.576,-0.0813,0.0851,0.528,0.631,-2597.1,-1793.9,0.68,
s10_90min_fade,C2,mid,1.0,TEST,4714,2364,2350,0,0,0.501,4714,0.58,-4592.8,-0.358,33.1,2364,0.619,-2114.7,-0.3119,34.4,2350,0.541,-2478.1,-0.4045,31.7,0.0926,0.0415,-0.0914,0.0869,0.528,0.634,-2654.0,-1935.3,0.034,
s10_90min_fade,B1_utc,mid,1.0,TEST,4714,2054,1925,735,0,0.436,4714,0.58,-4592.8,-0.358,33.1,2054,0.606,-1962.0,-0.3304,33.3,1925,0.544,-1978.3,-0.3959,32.1,0.0655,0.1785,-0.0958,0.0935,0.523,0.632,-2320.0,-1634.7,,
s10_90min_fade,B2_lb2,mid,1.0,TEST,4714,2581,2133,0,0,0.548,4714,0.58,-4592.8,-0.358,33.1,2581,0.587,-2532.8,-0.3628,31.7,2133,0.571,-2059.9,-0.3522,34.7,-0.0106,0.8095,-0.0836,0.0839,0.529,0.636,-2681.2,-1894.9,,
s10_90min_fade,B2_lb5,mid,1.0,TEST,4714,2448,2266,0,0,0.519,4714,0.58,-4592.8,-0.358,33.1,2448,0.589,-2357.0,-0.3508,32.7,2266,0.571,-2235.8,-0.3659,33.5,0.0151,0.7415,-0.0914,0.0897,0.528,0.635,-2661.1,-1914.3,,
s10_90min_fade,B3_db0.05,mid,1.0,TEST,4714,1965,2354,395,0,0.417,4714,0.58,-4592.8,-0.358,33.1,1965,0.538,-2032.3,-0.4027,32.7,2354,0.625,-2152.4,-0.3199,33.2,-0.0828,0.083,-0.0956,0.0918,0.53,0.641,-2469.6,-1743.5,,
s10_90min_fade,B3_db0.10,mid,1.0,TEST,4714,1757,2123,834,0,0.373,4714,0.58,-4592.8,-0.358,33.1,1757,0.536,-1843.8,-0.4026,33.1,2123,0.633,-1936.9,-0.3175,33.3,-0.0851,0.1095,-0.0998,0.1016,0.533,0.652,-2233.0,-1543.9,,
s10_90min_fade,B5_w2,mid,1.0,TEST,4714,2373,2341,0,0,0.503,4714,0.58,-4592.8,-0.358,33.1,2373,0.588,-2332.7,-0.3397,33.7,2341,0.572,-2260.1,-0.3766,32.5,0.0369,0.4295,-0.0852,0.0921,0.529,0.635,-2666.1,-1921.6,,
s10_90min_fade,B1,q,0.45,ALL,9339,4122,4260,957,0,0.441,9339,0.631,-6231.5,-0.2646,40.5,4122,0.639,-2734.1,-0.2426,40.9,4260,0.628,-2810.5,-0.2788,40.5,0.0362,0.239,-0.0599,0.0579,0.589,0.678,-3186.7,-2354.3,,
s10_90min_fade,B2,q,0.45,ALL,9339,4953,4386,0,0,0.53,9339,0.631,-6231.5,-0.2646,40.5,4953,0.655,-3045.7,-0.26,39.7,4386,0.605,-3185.8,-0.2697,41.4,0.0096,0.7255,-0.0549,0.054,0.59,0.674,-3543.5,-2684.4,,
s10_90min_fade,B3,q,0.45,ALL,9339,4339,5000,0,0,0.465,9339,0.631,-6231.5,-0.2646,40.5,4339,0.578,-3200.3,-0.301,41.0,5000,0.674,-3031.2,-0.2329,40.1,-0.0682,0.021,-0.0571,0.0578,0.585,0.677,-3591.5,-2647.8,,
s10_90min_fade,B4,q,0.45,ALL,9339,4277,4298,764,0,0.458,9339,0.631,-6231.5,-0.2646,40.5,4277,0.634,-2885.5,-0.2459,41.4,4298,0.615,-2999.0,-0.2855,39.5,0.0396,0.1985,-0.0617,0.0588,0.579,0.669,-3390.4,-2512.2,,
s10_90min_fade,B5,q,0.45,ALL,9339,4815,4524,0,0,0.516,9339,0.631,-6231.5,-0.2646,40.5,4815,0.639,-3187.8,-0.2626,40.7,4524,0.621,-3043.7,-0.2666,40.2,0.004,0.89,-0.0567,0.057,0.588,0.676,-3552.6,-2671.7,,
s10_90min_fade,B6,q,0.45,ALL,9339,1848,7025,466,0,0.198,9339,0.631,-6231.5,-0.2646,40.5,1848,0.632,-1184.1,-0.2576,42.9,7025,0.641,-4585.1,-0.2585,40.2,0.0009,0.9725,-0.0564,0.0574,0.596,0.685,-3335.1,-2405.7,,
s10_90min_fade,C2,q,0.45,ALL,9339,4722,4572,0,45,0.506,9339,0.631,-6231.5,-0.2646,40.5,4722,0.659,-2974.5,-0.2371,41.5,4572,0.6,-3254.0,-0.294,39.3,0.0569,0.051,-0.0571,0.0565,0.589,0.675,-3540.2,-2650.3,,
s10_90min_fade,B1_utc,q,0.45,ALL,9339,3937,3762,1640,0,0.422,9339,0.631,-6231.5,-0.2646,40.5,3937,0.634,-2740.2,-0.2542,40.5,3762,0.615,-2538.6,-0.283,40.5,0.0288,0.3525,-0.0594,0.0609,0.58,0.674,-3047.2,-2224.7,,
s10_90min_fade,B2_lb2,q,0.45,ALL,9339,5020,4319,0,0,0.538,9339,0.631,-6231.5,-0.2646,40.5,5020,0.646,-3242.8,-0.2679,39.0,4319,0.613,-2988.8,-0.2607,42.3,-0.0073,0.8095,-0.0516,0.0541,0.59,0.674,-3550.5,-2694.8,,
s10_90min_fade,B2_lb5,q,0.45,ALL,9339,4786,4553,0,0,0.512,9339,0.631,-6231.5,-0.2646,40.5,4786,0.644,-3058.4,-0.2628,40.1,4553,0.617,-3173.1,-0.2664,41.0,0.0035,0.8945,-0.0562,0.0561,0.589,0.673,-3534.3,-2681.6,,
s10_90min_fade,B3_db0.05,q,0.45,ALL,9339,3862,4566,833,78,0.414,9339,0.631,-6231.5,-0.2646,40.5,3862,0.573,-2951.7,-0.3062,40.5,4566,0.677,-2770.6,-0.2313,39.8,-0.075,0.016,-0.0591,0.0624,0.587,0.679,-3290.7,-2416.5,,
s10_90min_fade,B3_db0.10,q,0.45,ALL,9339,3451,4146,1664,78,0.37,9339,0.631,-6231.5,-0.2646,40.5,3451,0.581,-2594.1,-0.2961,41.0,4146,0.681,-2517.7,-0.2278,39.9,-0.0684,0.042,-0.0658,0.067,0.587,0.689,-2989.4,-2120.1,,
s10_90min_fade,B5_w2,q,0.45,ALL,9339,4788,4536,15,0,0.513,9339,0.631,-6231.5,-0.2646,40.5,4788,0.647,-3130.8,-0.2516,41.1,4536,0.613,-3094.1,-0.2778,39.9,0.0262,0.36,-0.0555,0.055,0.589,0.674,-3549.1,-2691.4,,
s10_90min_fade,B1,q,0.45,TRAIN,4687,2028,2149,510,0,0.433,4687,0.546,-3115.0,-0.301,41.2,2028,0.586,-1234.0,-0.2583,42.2,2149,0.534,-1463.2,-0.3213,40.7,0.063,0.0935,-0.0733,0.0764,0.51,0.613,-1550.2,-1129.5,,
s10_90min_fade,B2,q,0.45,TRAIN,4687,2443,2244,0,0,0.521,4687,0.546,-3115.0,-0.301,41.2,2443,0.551,-1610.5,-0.3056,40.2,2244,0.541,-1504.5,-0.2959,42.3,-0.0096,0.7935,-0.0706,0.0733,0.498,0.596,-1787.7,-1334.2,,
s10_90min_fade,B3,q,0.45,TRAIN,4687,2211,2476,0,0,0.472,4687,0.546,-3115.0,-0.301,41.2,2211,0.504,-1579.6,-0.3319,41.3,2476,0.583,-1535.4,-0.2733,41.2,-0.0587,0.1195,-0.0718,0.0735,0.5,0.595,-1781.0,-1337.2,,
s10_90min_fade,B4,q,0.45,TRAIN,4687,2166,2130,391,0,0.462,4687,0.546,-3115.0,-0.301,41.2,2166,0.564,-1395.9,-0.2856,42.1,2130,0.53,-1495.4,-0.3206,39.8,0.035,0.354,-0.075,0.0763,0.496,0.599,-1663.5,-1226.7,,
s10_90min_fade,B5,q,0.45,TRAIN,4687,2471,2216,0,0,0.527,4687,0.546,-3115.0,-0.301,41.2,2471,0.53,-1765.6,-0.3126,40.2,2216,0.565,-1349.5,-0.288,42.4,-0.0246,0.4915,-0.072,0.0698,0.499,0.597,-1777.0,-1324.0,,
s10_90min_fade,B6,q,0.45,TRAIN,4687,934,3501,252,0,0.199,4687,0.546,-3115.0,-0.301,41.2,934,0.621,-492.8,-0.2401,45.2,3501,0.55,-2320.1,-0.3013,40.7,0.0612,0.1295,-0.0793,0.0805,0.513,0.619,-1654.4,-1162.4,,
s10_90min_fade,C2,q,0.45,TRAIN,4687,2391,2251,0,45,0.51,4687,0.546,-3115.0,-0.301,41.2,2391,0.554,-1610.6,-0.2924,41.2,2251,0.533,-1501.4,-0.3129,41.0,0.0205,0.568,-0.0705,0.0712,0.498,0.593,-1772.0,-1329.4,,
s10_90min_fade,B1_utc,q,0.45,TRAIN,4687,1898,1860,929,0,0.405,4687,0.546,-3115.0,-0.301,41.2,1898,0.542,-1309.2,-0.2978,41.8,1860,0.54,-1237.6,-0.3133,41.0,0.0155,0.6985,-0.0768,0.0787,0.49,0.599,-1471.5,-1066.9,,
s10_90min_fade,B2_lb2,q,0.45,TRAIN,4687,2461,2226,0,0,0.525,4687,0.546,-3115.0,-0.301,41.2,2461,0.552,-1616.8,-0.3045,40.1,2226,0.54,-1498.3,-0.297,42.5,-0.0074,0.86,-0.0777,0.0753,0.495,0.6,-1787.1,-1326.1,,
s10_90min_fade,B2_lb5,q,0.45,TRAIN,4687,2357,2330,0,0,0.503,4687,0.546,-3115.0,-0.301,41.2,2357,0.557,-1501.6,-0.307,41.1,2330,0.535,-1613.5,-0.2948,41.4,-0.0123,0.7295,-0.0706,0.0712,0.497,0.597,-1773.6,-1341.2,,
s10_90min_fade,B3_db0.05,q,0.45,TRAIN,4687,1935,2234,440,78,0.413,4687,0.546,-3115.0,-0.301,41.2,1935,0.501,-1405.3,-0.3301,41.4,2234,0.578,-1412.7,-0.2743,41.1,-0.0558,0.158,-0.0789,0.0779,0.493,0.591,-1617.7,-1218.7,,
s10_90min_fade,B3_db0.10,q,0.45,TRAIN,4687,1729,2044,836,78,0.369,4687,0.546,-3115.0,-0.301,41.2,1729,0.513,-1218.2,-0.3148,42.0,2044,0.579,-1298.1,-0.2699,41.3,-0.0449,0.278,-0.0828,0.0795,0.497,0.601,-1458.3,-1063.5,,
s10_90min_fade,B5_w2,q,0.45,TRAIN,4687,2444,2228,15,0,0.521,4687,0.546,-3115.0,-0.301,41.2,2444,0.56,-1632.2,-0.2867,41.0,2228,0.53,-1476.3,-0.316,41.6,0.0293,0.4235,-0.0709,0.0706,0.499,0.594,-1769.4,-1334.1,,
s10_90min_fade,B1,q,0.45,TEST,4652,2094,2111,447,0,0.45,4652,0.689,-3116.5,-0.2279,39.7,2094,0.674,-1500.1,-0.2274,39.5,2111,0.695,-1347.4,-0.2356,40.2,0.0082,0.87,-0.0901,0.0888,0.616,0.754,-1797.3,-1061.4,,
s10_90min_fade,B2,q,0.45,TEST,4652,2510,2142,0,0,0.54,4652,0.689,-3116.5,-0.2279,39.7,2510,0.726,-1435.2,-0.2157,39.2,2142,0.648,-1681.3,-0.2421,40.4,0.0264,0.5515,-0.0906,0.0913,0.625,0.755,-1947.1,-1179.7,,
s10_90min_fade,B3,q,0.45,TEST,4652,2128,2524,0,0,0.457,4652,0.689,-3116.5,-0.2279,39.7,2128,0.631,-1620.7,-0.2689,40.6,2524,0.733,-1495.7,-0.1933,39.0,-0.0757,0.0965,-0.0895,0.0912,0.62,0.761,-1974.7,-1144.8,,
s10_90min_fade,B4,q,0.45,TEST,4652,2111,2168,373,0,0.454,4652,0.689,-3116.5,-0.2279,39.7,2111,0.682,-1489.6,-0.2051,40.8,2168,0.674,-1503.7,-0.251,39.1,0.0459,0.331,-0.089,0.0968,0.612,0.75,-1866.3,-1116.1,,
s10_90min_fade,B5,q,0.45,TEST,4652,2344,2308,0,0,0.504,4652,0.689,-3116.5,-0.2279,39.7,2344,0.72,-1422.3,-0.21,41.3,2308,0.656,-1694.2,-0.2461,38.1,0.0361,0.4215,-0.0902,0.0888,0.622,0.754,-1939.3,-1173.3,,
s10_90min_fade,B6,q,0.45,TEST,4652,914,3524,214,0,0.196,4652,0.689,-3116.5,-0.2279,39.7,914,0.639,-691.3,-0.2754,40.5,3524,0.703,-2265.1,-0.216,39.6,-0.0594,0.174,-0.0874,0.0837,0.625,0.758,-1895.1,-1057.2,,
s10_90min_fade,C2,q,0.45,TEST,4652,2331,2321,0,0,0.501,4652,0.689,-3116.5,-0.2279,39.7,2331,0.732,-1363.9,-0.1803,41.8,2321,0.643,-1752.6,-0.2756,37.7,0.0953,0.038,-0.0915,0.0901,0.626,0.756,-1955.5,-1184.1,,
s10_90min_fade,B1_utc,q,0.45,TEST,4652,2039,1902,711,0,0.438,4652,0.689,-3116.5,-0.2279,39.7,2039,0.692,-1430.9,-0.2136,39.3,1902,0.666,-1301.0,-0.2534,40.0,0.0398,0.4085,-0.0972,0.0918,0.613,0.751,-1729.6,-1019.2,,
s10_90min_fade,B2_lb2,q,0.45,TEST,4652,2559,2093,0,0,0.55,4652,0.689,-3116.5,-0.2279,39.7,2559,0.707,-1626.0,-0.2327,37.9,2093,0.666,-1490.5,-0.2219,42.0,-0.0108,0.807,-0.081,0.0835,0.625,0.755,-1955.7,-1161.9,,
s10_90min_fade,B2_lb5,q,0.45,TEST,4652,2429,2223,0,0,0.522,4652,0.689,-3116.5,-0.2279,39.7,2429,0.701,-1556.8,-0.2199,39.1,2223,0.676,-1559.6,-0.2366,40.5,0.0166,0.707,-0.0902,0.0864,0.627,0.752,-1920.1,-1186.2,,
s10_90min_fade,B3_db0.05,q,0.45,TEST,4652,1927,2332,393,0,0.414,4652,0.689,-3116.5,-0.2279,39.7,1927,0.623,-1546.3,-0.2822,39.6,2332,0.741,-1357.8,-0.19,38.6,-0.0922,0.0565,-0.0942,0.0967,0.619,0.764,-1853.5,-1065.8,,
s10_90min_fade,B3_db0.10,q,0.45,TEST,4652,1722,2102,828,0,0.37,4652,0.689,-3116.5,-0.2279,39.7,1722,0.627,-1375.9,-0.2774,40.0,2102,0.746,-1219.6,-0.1867,38.5,-0.0907,0.0835,-0.101,0.1033,0.621,0.774,-1669.1,-923.7,,
s10_90min_fade,B5_w2,q,0.45,TEST,4652,2344,2308,0,0,0.504,4652,0.689,-3116.5,-0.2279,39.7,2344,0.71,-1498.7,-0.2151,41.2,2308,0.666,-1617.8,-0.2409,38.3,0.0258,0.5685,-0.0849,0.0866,0.625,0.755,-1920.4,-1176.1,,
s10_90min_fade,B1,q,0.7,ALL,9339,4122,4260,957,0,0.441,9339,0.533,-8566.3,-0.3691,34.3,4122,0.542,-3764.6,-0.3465,34.7,4260,0.529,-3875.5,-0.3836,34.0,0.0371,0.2215,-0.0583,0.0582,0.498,0.577,-4239.9,-3395.5,0.25,
s10_90min_fade,B2,q,0.7,ALL,9339,4953,4386,0,0,0.53,9339,0.533,-8566.3,-0.3691,34.3,4953,0.554,-4284.0,-0.365,33.7,4386,0.51,-4282.3,-0.3737,34.9,0.0088,0.7585,-0.0602,0.0566,0.495,0.572,-4767.3,-3825.3,0.744,
s10_90min_fade,B3,q,0.7,ALL,9339,4339,5000,0,0,0.465,9339,0.533,-8566.3,-0.3691,34.3,4339,0.481,-4285.1,-0.4058,34.2,5000,0.575,-4281.2,-0.3372,34.3,-0.0686,0.013,-0.0544,0.0574,0.496,0.572,-4716.1,-3815.5,0.014,
s10_90min_fade,B4,q,0.7,ALL,9339,4277,4298,764,0,0.458,9339,0.533,-8566.3,-0.3691,34.3,4277,0.537,-3954.8,-0.3492,35.5,4298,0.519,-4073.5,-0.3906,33.2,0.0414,0.171,-0.0604,0.0583,0.487,0.569,-4465.8,-3585.6,0.194,
s10_90min_fade,B5,q,0.7,ALL,9339,4815,4524,0,0,0.516,9339,0.533,-8566.3,-0.3691,34.3,4815,0.542,-4391.6,-0.3663,34.4,4524,0.523,-4174.7,-0.3721,34.1,0.0058,0.843,-0.057,0.0567,0.495,0.57,-4740.1,-3833.8,0.852,
s10_90min_fade,B6,q,0.7,ALL,9339,1848,7025,466,0,0.198,9339,0.533,-8566.3,-0.3691,34.3,1848,0.529,-1646.1,-0.3611,36.3,7025,0.543,-6341.4,-0.3632,34.0,0.0021,0.947,-0.0562,0.0587,0.503,0.581,-4521.2,-3512.6,0.958,
s10_90min_fade,C2,q,0.7,ALL,9339,4722,4572,0,45,0.506,9339,0.533,-8566.3,-0.3691,34.3,4722,0.56,-4155.0,-0.3403,35.4,4572,0.503,-4397.0,-0.3997,33.0,0.0594,0.0415,-0.057,0.0575,0.495,0.571,-4740.1,-3813.4,0.038,
s10_90min_fade,B1_utc,q,0.7,ALL,9339,3937,3762,1640,0,0.422,9339,0.533,-8566.3,-0.3691,34.3,3937,0.541,-3724.4,-0.3573,34.4,3762,0.515,-3479.1,-0.3875,34.1,0.0302,0.342,-0.0597,0.0626,0.489,0.57,-4020.5,-3188.1,,
s10_90min_fade,B2_lb2,q,0.7,ALL,9339,5020,4319,0,0,0.538,9339,0.533,-8566.3,-0.3691,34.3,5020,0.548,-4497.8,-0.3728,33.1,4319,0.515,-4068.5,-0.3648,35.6,-0.008,0.7805,-0.0582,0.0587,0.496,0.57,-4736.5,-3830.9,,
s10_90min_fade,B2_lb5,q,0.7,ALL,9339,4786,4553,0,0,0.512,9339,0.533,-8566.3,-0.3691,34.3,4786,0.545,-4254.9,-0.3681,34.0,4553,0.52,-4311.4,-0.3701,34.5,0.002,0.9425,-0.0562,0.0539,0.497,0.569,-4703.9,-3864.3,,
s10_90min_fade,B3_db0.05,q,0.7,ALL,9339,3862,4566,833,78,0.414,9339,0.533,-8566.3,-0.3691,34.3,3862,0.48,-3917.2,-0.4102,34.0,4566,0.579,-3912.1,-0.3355,34.2,-0.0747,0.0165,-0.0606,0.0592,0.495,0.574,-4353.8,-3489.6,,
s10_90min_fade,B3_db0.10,q,0.7,ALL,9339,3451,4146,1664,78,0.37,9339,0.533,-8566.3,-0.3691,34.3,3451,0.486,-3456.8,-0.3999,34.4,4146,0.584,-3554.2,-0.3317,34.2,-0.0682,0.043,-0.0667,0.0662,0.496,0.584,-3944.2,-3070.6,,
s10_90min_fade,B5_w2,q,0.7,ALL,9339,4788,4536,15,0,0.513,9339,0.533,-8566.3,-0.3691,34.3,4788,0.55,-4327.8,-0.3544,34.6,4536,0.514,-4228.1,-0.3841,33.9,0.0297,0.3095,-0.0572,0.0584,0.496,0.572,-4740.8,-3822.8,,
s10_90min_fade,B1,q,0.7,TRAIN,4687,2028,2149,510,0,0.433,4687,0.436,-4286.8,-0.4165,33.6,2028,0.471,-1741.0,-0.3734,34.7,2149,0.426,-2000.4,-0.4367,32.9,0.0633,0.108,-0.075,0.0753,0.404,0.493,-2106.5,-1653.2,0.108,
s10_90min_fade,B2,q,0.7,TRAIN,4687,2443,2244,0,0,0.521,4687,0.436,-4286.8,-0.4165,33.6,2443,0.441,-2221.3,-0.4218,33.3,2244,0.431,-2065.5,-0.4108,34.0,-0.011,0.757,-0.0712,0.072,0.393,0.48,-2371.4,-1901.0,0.778,
s10_90min_fade,B3,q,0.7,TRAIN,4687,2211,2476,0,0,0.472,4687,0.436,-4286.8,-0.4165,33.6,2211,0.397,-2132.3,-0.4473,33.2,2476,0.47,-2154.4,-0.3889,34.0,-0.0584,0.1115,-0.0705,0.0767,0.397,0.475,-2373.2,-1931.4,0.122,
s10_90min_fade,B4,q,0.7,TRAIN,4687,2166,2130,391,0,0.462,4687,0.436,-4286.8,-0.4165,33.6,2166,0.452,-1937.4,-0.4002,34.8,2130,0.424,-2027.9,-0.4365,32.3,0.0363,0.3515,-0.0747,0.0738,0.397,0.48,-2223.1,-1765.9,0.352,
s10_90min_fade,B5,q,0.7,TRAIN,4687,2471,2216,0,0,0.527,4687,0.436,-4286.8,-0.4165,33.6,2471,0.426,-2383.3,-0.4274,32.9,2216,0.448,-1903.5,-0.4043,34.5,-0.0231,0.5355,-0.0726,0.0748,0.395,0.478,-2370.8,-1904.2,0.508,
s10_90min_fade,B6,q,0.7,TRAIN,4687,934,3501,252,0,0.199,4687,0.436,-4286.8,-0.4165,33.6,934,0.495,-726.3,-0.3536,37.0,3501,0.441,-3195.3,-0.4172,33.2,0.0636,0.0965,-0.0714,0.0777,0.411,0.496,-2214.8,-1697.1,0.212,
s10_90min_fade,C2,q,0.7,TRAIN,4687,2391,2251,0,45,0.51,4687,0.436,-4286.8,-0.4165,33.6,2391,0.446,-2208.3,-0.4069,34.0,2251,0.422,-2064.1,-0.4293,33.1,0.0224,0.534,-0.0693,0.071,0.394,0.477,-2358.8,-1903.7,0.556,
s10_90min_fade,B1_utc,q,0.7,TRAIN,4687,1898,1860,929,0,0.405,4687,0.436,-4286.8,-0.4165,33.6,1898,0.434,-1783.7,-0.4128,34.0,1860,0.429,-1702.6,-0.4282,33.5,0.0154,0.7125,-0.0787,0.0803,0.389,0.476,-1951.0,-1535.1,,
s10_90min_fade,B2_lb2,q,0.7,TRAIN,4687,2461,2226,0,0,0.525,4687,0.436,-4286.8,-0.4165,33.6,2461,0.442,-2232.0,-0.4209,33.0,2226,0.429,-2054.8,-0.4116,34.4,-0.0092,0.8025,-0.0738,0.0763,0.396,0.478,-2370.6,-1896.0,,
s10_90min_fade,B2_lb5,q,0.7,TRAIN,4687,2357,2330,0,0,0.503,4687,0.436,-4286.8,-0.4165,33.6,2357,0.444,-2090.8,-0.4237,33.9,2330,0.428,-2196.0,-0.4092,33.4,-0.0145,0.6905,-0.0682,0.0707,0.394,0.477,-2363.0,-1919.4,,
s10_90min_fade,B3_db0.05,q,0.7,TRAIN,4687,1935,2234,440,78,0.413,4687,0.436,-4286.8,-0.4165,33.6,1935,0.395,-1889.1,-0.4449,33.2,2234,0.466,-1971.2,-0.3902,34.0,-0.0547,0.16,-0.0792,0.0769,0.391,0.478,-2138.5,-1713.3,,
s10_90min_fade,B3_db0.10,q,0.7,TRAIN,4687,1729,2044,836,78,0.369,4687,0.436,-4286.8,-0.4165,33.6,1729,0.404,-1650.5,-0.4294,33.5,2044,0.468,-1809.1,-0.3855,34.1,-0.0439,0.2885,-0.0782,0.0841,0.396,0.487,-1928.2,-1511.2,,
s10_90min_fade,B5_w2,q,0.7,TRAIN,4687,2444,2228,15,0,0.521,4687,0.436,-4286.8,-0.4165,33.6,2444,0.452,-2243.2,-0.4009,33.3,2228,0.417,-2033.3,-0.4328,34.1,0.0319,0.3685,-0.0712,0.0669,0.398,0.475,-2372.9,-1913.8,,
s10_90min_fade,B1,q,0.7,TEST,4652,2094,2111,447,0,0.45,4652,0.601,-4279.5,-0.3213,34.9,2094,0.59,-2023.6,-0.3204,34.7,2111,0.605,-1875.1,-0.3294,35.2,0.009,0.8505,-0.0933,0.0969,0.537,0.661,-2316.2,-1571.1,0.852,
s10_90min_fade,B2,q,0.7,TEST,4652,2510,2142,0,0,0.54,4652,0.601,-4279.5,-0.3213,34.9,2510,0.634,-2062.7,-0.3097,34.1,2142,0.566,-2216.8,-0.335,35.9,0.0253,0.5745,-0.0864,0.0844,0.545,0.659,-2533.7,-1766.5,0.538,
s10_90min_fade,B3,q,0.7,TEST,4652,2128,2524,0,0,0.457,4652,0.601,-4279.5,-0.3213,34.9,2128,0.545,-2152.7,-0.3627,35.3,2524,0.646,-2126.7,-0.2865,34.5,-0.0762,0.0895,-0.0864,0.0941,0.545,0.664,-2509.9,-1734.1,0.08,
s10_90min_fade,B4,q,0.7,TEST,4652,2111,2168,373,0,0.454,4652,0.601,-4279.5,-0.3213,34.9,2111,0.597,-2017.3,-0.2969,36.2,2168,0.587,-2045.7,-0.3454,34.2,0.0485,0.2945,-0.0869,0.0929,0.533,0.656,-2395.6,-1650.0,0.312,
s10_90min_fade,B5,q,0.7,TEST,4652,2344,2308,0,0,0.504,4652,0.601,-4279.5,-0.3213,34.9,2344,0.631,-2008.3,-0.3019,36.0,2308,0.572,-2271.2,-0.3411,33.7,0.0392,0.382,-0.0877,0.0869,0.544,0.661,-2533.9,-1752.1,0.416,
s10_90min_fade,B6,q,0.7,TEST,4652,914,3524,214,0,0.196,4652,0.601,-4279.5,-0.3213,34.9,914,0.553,-919.8,-0.3688,35.6,3524,0.615,-3146.1,-0.3095,34.8,-0.0593,0.169,-0.0842,0.0817,0.542,0.662,-2486.6,-1614.8,0.312,
s10_90min_fade,C2,q,0.7,TEST,4652,2331,2321,0,0,0.501,4652,0.601,-4279.5,-0.3213,34.9,2331,0.643,-1946.6,-0.2719,36.8,2321,0.559,-2332.8,-0.371,33.0,0.0991,0.0255,-0.0863,0.0889,0.544,0.662,-2523.3,-1752.1,0.024,
s10_90min_fade,B1_utc,q,0.7,TEST,4652,2039,1902,711,0,0.438,4652,0.601,-4279.5,-0.3213,34.9,2039,0.609,-1940.7,-0.3058,34.7,1902,0.577,-1776.5,-0.3477,34.6,0.042,0.3905,-0.0936,0.093,0.535,0.657,-2220.5,-1501.9,,
s10_90min_fade,B2_lb2,q,0.7,TEST,4652,2559,2093,0,0,0.55,4652,0.601,-4279.5,-0.3213,34.9,2559,0.62,-2265.7,-0.3265,33.2,2093,0.579,-2013.7,-0.315,37.0,-0.0115,0.7775,-0.0818,0.0841,0.548,0.66,-2535.5,-1741.7,,
s10_90min_fade,B2_lb5,q,0.7,TEST,4652,2429,2223,0,0,0.522,4652,0.601,-4279.5,-0.3213,34.9,2429,0.613,-2164.1,-0.3141,34.2,2223,0.589,-2115.4,-0.3292,35.7,0.015,0.72,-0.0816,0.0872,0.546,0.662,-2509.4,-1766.0,,
s10_90min_fade,B3_db0.05,q,0.7,TEST,4652,1927,2332,393,0,0.414,4652,0.601,-4279.5,-0.3213,34.9,1927,0.539,-2028.1,-0.3754,34.8,2332,0.654,-1940.8,-0.2832,34.3,-0.0923,0.053,-0.0946,0.0936,0.544,0.67,-2376.8,-1582.8,,
s10_90min_fade,B3_db0.10,q,0.7,TEST,4652,1722,2102,828,0,0.37,4652,0.601,-4279.5,-0.3213,34.9,1722,0.543,-1806.4,-0.3702,35.2,2102,0.661,-1745.1,-0.2794,34.3,-0.0908,0.0655,-0.1036,0.0951,0.544,0.676,-2150.9,-1415.2,,
s10_90min_fade,B5_w2,q,0.7,TEST,4652,2344,2308,0,0,0.504,4652,0.601,-4279.5,-0.3213,34.9,2344,0.622,-2084.7,-0.3059,36.0,2308,0.579,-2194.8,-0.337,33.8,0.0311,0.5015,-0.0875,0.087,0.547,0.661,-2517.0,-1760.4,,
s98_zscore_mr_m15,B1,mid,0.75,ALL,39,13,24,2,0,0.333,39,0.323,-271.3,-0.3183,25.6,13,0.824,-11.9,-0.312,30.8,24,0.148,-277.6,-0.4122,20.8,0.1002,0.8095,-0.7842,0.8306,0.075,0.883,-276.2,-8.8,,
s98_zscore_mr_m15,B2,mid,0.75,ALL,39,28,11,0,0,0.718,39,0.323,-271.3,-0.3183,25.6,28,0.25,-266.7,-0.3758,21.4,11,0.898,-4.6,-0.1718,36.4,-0.204,0.6485,-0.8375,0.8217,0.088,0.992,-274.4,-0.6,,
s98_zscore_mr_m15,B3,mid,0.75,ALL,39,0,39,0,0,0.0,39,0.323,-271.3,-0.3183,25.6,0,,0.0,,,39,0.323,-271.3,-0.3183,25.6,,,,,,,,,,
s98_zscore_mr_m15,B4,mid,0.75,ALL,39,17,17,5,0,0.436,39,0.323,-271.3,-0.3183,25.6,17,0.541,-56.1,-0.2711,23.5,17,0.079,-252.0,-0.7611,11.8,0.49,0.3,-0.8728,0.8521,0.025,0.727,-289.9,-25.3,,
s98_zscore_mr_m15,B5,mid,0.75,ALL,39,19,20,0,0,0.487,39,0.323,-271.3,-0.3183,25.6,19,0.295,-189.1,-0.3897,26.3,20,0.379,-82.2,-0.2505,25.0,-0.1392,0.736,-0.811,0.8406,0.09,1.038,-267.7,3.1,,
s98_zscore_mr_m15,B6,mid,0.75,ALL,39,0,39,0,0,0.0,39,0.323,-271.3,-0.3183,25.6,0,,0.0,,,39,0.323,-271.3,-0.3183,25.6,,,,,,,,,,
s98_zscore_mr_m15,C2,mid,0.75,ALL,39,17,22,0,0,0.436,39,0.323,-271.3,-0.3183,25.6,17,0.43,-66.7,-0.5745,17.6,22,0.279,-204.6,-0.1203,31.8,-0.4543,0.2925,-0.803,0.8184,0.098,0.985,-268.6,-1.4,,
s98_zscore_mr_m15,B1_utc,mid,0.75,ALL,39,10,23,6,0,0.256,39,0.323,-271.3,-0.3183,25.6,10,0.757,-11.5,-0.3454,30.0,23,0.112,-300.2,-0.4715,17.4,0.1261,0.78,-0.8436,0.7888,0.04,0.643,-285.0,-25.9,,
s98_zscore_mr_m15,B2_lb2,mid,0.75,ALL,39,32,7,0,0,0.821,39,0.323,-271.3,-0.3183,25.6,32,0.264,-277.5,-0.3965,21.9,7,1.261,6.2,0.039,42.9,-0.4355,0.311,-0.8278,0.8693,0.094,1.021,-268.5,1.8,,
s98_zscore_mr_m15,B2_lb5,mid,0.75,ALL,39,29,10,0,0,0.744,39,0.323,-271.3,-0.3183,25.6,29,0.255,-264.9,-0.3151,24.1,10,0.858,-6.4,-0.3276,30.0,0.0124,0.975,-0.8125,0.841,0.1,1.033,-269.4,2.6,,
s98_zscore_mr_m15,B3_db0.05,mid,0.75,ALL,39,0,36,2,1,0.0,39,0.323,-271.3,-0.3183,25.6,0,,0.0,,,36,0.289,-276.4,-0.3988,22.2,,,,,,,,,,
s98_zscore_mr_m15,B3_db0.10,mid,0.75,ALL,39,0,35,3,1,0.0,39,0.323,-271.3,-0.3183,25.6,0,,0.0,,,35,0.293,-271.8,-0.3985,22.9,,,,,,,,,,
s98_zscore_mr_m15,B5_w2,mid,0.75,ALL,39,24,15,0,0,0.615,39,0.323,-271.3,-0.3183,25.6,24,0.335,-193.6,-0.303,29.2,15,0.292,-77.7,-0.3427,20.0,0.0397,0.9245,-0.7747,0.8415,0.101,1.004,-268.7,0.4,,
s98_zscore_mr_m15,B1,mid,0.75,TRAIN,23,6,15,2,0,0.261,23,0.692,-32.5,-0.3703,26.1,6,1.636,9.6,-0.416,33.3,15,0.275,-60.3,-0.5037,20.0,0.0877,0.8705,-1.0048,1.0403,0.0,1.379,-61.8,9.6,,
s98_zscore_mr_m15,B2,mid,0.75,TRAIN,23,17,6,0,0,0.739,23,0.692,-32.5,-0.3703,26.1,17,0.607,-35.2,-0.3774,23.5,6,1.169,2.7,-0.3504,33.3,-0.027,0.968,-1.0541,1.0789,0.098,1.9,-57.9,28.2,,
s98_zscore_mr_m15,B3,mid,0.75,TRAIN,23,0,23,0,0,0.0,23,0.692,-32.5,-0.3703,26.1,0,,0.0,,,23,0.692,-32.5,-0.3703,26.1,,,,,,,,,,
s98_zscore_mr_m15,B4,mid,0.75,TRAIN,23,9,10,4,0,0.391,23,0.692,-32.5,-0.3703,26.1,9,0.573,-23.6,-0.4003,22.2,10,0.0,-50.4,-1.0456,0.0,0.6453,0.2505,-0.8811,0.9437,0.0,1.055,-73.1,1.6,,
s98_zscore_mr_m15,B5,mid,0.75,TRAIN,23,11,12,0,0,0.478,23,0.692,-32.5,-0.3703,26.1,11,0.844,-8.9,-0.3774,27.3,12,0.513,-23.6,-0.3638,25.0,-0.0136,0.9865,-1.1103,1.0463,0.088,1.854,-61.8,26.4,,
s98_zscore_mr_m15,B6,mid,0.75,TRAIN,23,0,23,0,0,0.0,23,0.692,-32.5,-0.3703,26.1,0,,0.0,,,23,0.692,-32.5,-0.3703,26.1,,,,,,,,,,
s98_zscore_mr_m15,C2,mid,0.75,TRAIN,23,11,12,0,0,0.478,23,0.692,-32.5,-0.3703,26.1,11,0.896,-5.8,-0.3631,27.3,12,0.462,-26.7,-0.377,25.0,0.0139,0.9795,-1.0997,1.0397,0.097,1.836,-58.2,26.7,,
s98_zscore_mr_m15,B1_utc,mid,0.75,TRAIN,23,6,13,4,0,0.261,23,0.692,-32.5,-0.3703,26.1,6,1.338,6.2,-0.3961,33.3,13,0.318,-49.1,-0.3909,23.1,-0.0052,0.9945,-1.0937,1.0872,0.08,1.669,-55.9,14.2,,
s98_zscore_mr_m15,B2_lb2,mid,0.75,TRAIN,23,19,4,0,0,0.826,23,0.692,-32.5,-0.3703,26.1,19,0.545,-45.4,-0.4629,21.1,4,3.2,12.9,0.0695,50.0,-0.5324,0.33,-1.0429,1.0821,0.109,1.912,-59.9,28.2,,
s98_zscore_mr_m15,B2_lb5,mid,0.75,TRAIN,23,18,5,0,0,0.783,23,0.692,-32.5,-0.3703,26.1,18,0.73,-24.2,-0.2592,27.8,5,0.483,-8.3,-0.7706,20.0,0.5114,0.3705,-1.0703,1.115,0.1,1.9,-59.6,27.1,,
s98_zscore_mr_m15,B3_db0.05,mid,0.75,TRAIN,23,0,20,2,1,0.0,23,0.692,-32.5,-0.3703,26.1,0,,0.0,,,20,0.599,-37.7,-0.523,20.0,,,,,,,,,,
s98_zscore_mr_m15,B3_db0.10,mid,0.75,TRAIN,23,0,20,2,1,0.0,23,0.692,-32.5,-0.3703,26.1,0,,0.0,,,20,0.599,-37.7,-0.523,20.0,,,,,,,,,,
s98_zscore_mr_m15,B5_w2,mid,0.75,TRAIN,23,13,10,0,0,0.565,23,0.692,-32.5,-0.3703,26.1,13,0.882,-7.5,-0.2949,30.8,10,0.406,-25.0,-0.4684,20.0,0.1734,0.764,-1.066,1.0784,0.093,1.958,-59.6,26.9,,
s98_zscore_mr_m15,B1,mid,0.75,TEST,16,7,9,0,0,0.438,16,0.191,-238.8,-0.2435,25.0,7,0.589,-21.5,-0.2228,28.6,9,0.105,-217.3,-0.2596,22.2,0.0368,0.951,-1.2922,1.2918,0.0,1.04,-239.6,1.6,,
s98_zscore_mr_m15,B2,mid,0.75,TEST,16,11,5,0,0,0.688,16,0.191,-238.8,-0.2435,25.0,11,0.13,-231.5,-0.3735,18.2,5,0.748,-7.3,0.0425,40.0,-0.416,0.5885,-1.2921,1.3252,0.0,1.143,-238.5,5.3,,
s98_zscore_mr_m15,B3,mid,0.75,TEST,16,0,16,0,0,0.0,16,0.191,-238.8,-0.2435,25.0,0,,0.0,,,16,0.191,-238.8,-0.2435,25.0,,,,,,,,,,
s98_zscore_mr_m15,B4,mid,0.75,TEST,16,8,7,1,0,0.5,16,0.191,-238.8,-0.2435,25.0,8,0.515,-32.5,-0.1257,25.0,7,0.097,-201.6,-0.3547,28.6,0.229,0.7894,-1.3861,1.3827,0.0,1.141,-240.6,5.1,,
s98_zscore_mr_m15,B5,mid,0.75,TEST,16,8,8,0,0,0.5,16,0.191,-238.8,-0.2435,25.0,8,0.146,-180.2,-0.4066,25.0,8,0.302,-58.6,-0.0804,25.0,-0.3261,0.653,-1.3375,1.3102,0.0,1.104,-245.0,4.3,,
s98_zscore_mr_m15,B6,mid,0.75,TEST,16,0,16,0,0,0.0,16,0.191,-238.8,-0.2435,25.0,0,,0.0,,,16,0.191,-238.8,-0.2435,25.0,,,,,,,,,,
s98_zscore_mr_m15,C2,mid,0.75,TEST,16,6,10,0,0,0.375,16,0.191,-238.8,-0.2435,25.0,6,0.0,-60.8,-0.9622,0.0,10,0.24,-177.9,0.1877,40.0,-1.15,0.1055,-1.3161,1.3073,0.0,1.08,-243.4,3.2,,
s98_zscore_mr_m15,B1_utc,mid,0.75,TEST,16,4,10,2,0,0.25,16,0.191,-238.8,-0.2435,25.0,4,0.387,-17.7,-0.2694,25.0,10,0.056,-251.1,-0.5763,10.0,0.3069,0.724,-1.1732,1.3144,0.0,0.574,-252.6,-13.4,,
s98_zscore_mr_m15,B2_lb2,mid,0.75,TEST,16,13,3,0,0,0.812,16,0.191,-238.8,-0.2435,25.0,13,0.163,-232.1,-0.2993,23.1,3,0.625,-6.7,-0.0016,33.3,-0.2977,0.6967,-1.3002,1.2954,0.0,1.131,-242.2,4.9,,
s98_zscore_mr_m15,B2_lb5,mid,0.75,TEST,16,11,5,0,0,0.688,16,0.191,-238.8,-0.2435,25.0,11,0.095,-240.7,-0.4067,18.2,5,1.066,1.9,0.1155,40.0,-0.5221,0.469,-1.3037,1.3139,0.0,1.075,-244.6,3.1,,
s98_zscore_mr_m15,B3_db0.05,mid,0.75,TEST,16,0,16,0,0,0.0,16,0.191,-238.8,-0.2435,25.0,0,,0.0,,,16,0.191,-238.8,-0.2435,25.0,,,,,,,,,,
s98_zscore_mr_m15,B3_db0.10,mid,0.75,TEST,16,0,15,1,0,0.0,16,0.191,-238.8,-0.2435,25.0,0,,0.0,,,15,0.194,-234.1,-0.2325,26.7,,,,,,,,,,
s98_zscore_mr_m15,B5_w2,mid,0.75,TEST,16,11,5,0,0,0.688,16,0.191,-238.8,-0.2435,25.0,11,0.182,-186.1,-0.3126,27.3,5,0.221,-52.6,-0.0915,20.0,-0.2211,0.7715,-1.3215,1.3294,0.0,1.098,-242.6,4.3,,
s98_zscore_mr_m15,B1,mid,1.0,ALL,39,13,24,2,0,0.333,39,0.311,-281.0,-0.3598,25.6,13,0.783,-15.1,-0.3556,30.8,24,0.142,-283.6,-0.4533,20.8,0.0977,0.814,-0.7926,0.7666,0.069,0.781,-283.3,-19.5,0.922,
s98_zscore_mr_m15,B2,mid,1.0,ALL,39,28,11,0,0,0.718,39,0.311,-281.0,-0.3598,25.6,28,0.242,-273.7,-0.4134,21.4,11,0.843,-7.3,-0.2233,36.4,-0.1901,0.6715,-0.825,0.8517,0.09,0.992,-277.5,-0.7,0.706,
s98_zscore_mr_m15,B3,mid,1.0,ALL,39,0,39,0,0,0.0,39,0.311,-281.0,-0.3598,25.6,0,,0.0,,,39,0.311,-281.0,-0.3598,25.6,,,,,,,,,,
s98_zscore_mr_m15,B4,mid,1.0,ALL,39,17,17,5,0,0.436,39,0.311,-281.0,-0.3598,25.6,17,0.519,-60.3,-0.3123,23.5,17,0.076,-256.3,-0.8048,11.8,0.4925,0.2725,-0.8276,0.8423,0.024,0.734,-291.1,-20.9,0.478,
s98_zscore_mr_m15,B5,mid,1.0,ALL,39,19,20,0,0,0.487,39,0.311,-281.0,-0.3598,25.6,19,0.287,-193.8,-0.4283,26.3,20,0.36,-87.2,-0.2947,25.0,-0.1336,0.771,-0.8128,0.7744,0.087,0.982,-276.4,-1.9,0.666,
s98_zscore_mr_m15,B6,mid,1.0,ALL,39,0,39,0,0,0.0,39,0.311,-281.0,-0.3598,25.6,0,,0.0,,,39,0.311,-281.0,-0.3598,25.6,,,,,,,,,,
s98_zscore_mr_m15,C2,mid,1.0,ALL,39,17,22,0,0,0.436,39,0.311,-281.0,-0.3598,25.6,17,0.411,-70.9,-0.616,17.6,22,0.269,-210.1,-0.1618,31.8,-0.4541,0.2885,-0.8081,0.8532,0.085,0.98,-279.0,-2.1,0.2,
s98_zscore_mr_m15,B1_utc,mid,1.0,ALL,39,10,23,6,0,0.256,39,0.311,-281.0,-0.3598,25.6,10,0.715,-14.0,-0.3914,30.0,23,0.107,-306.0,-0.5082,17.4,0.1168,0.8095,-0.8122,0.8666,0.037,0.594,-291.0,-32.9,,
s98_zscore_mr_m15,B2_lb2,mid,1.0,ALL,39,32,7,0,0,0.821,39,0.311,-281.0,-0.3598,25.6,32,0.255,-285.5,-0.435,21.9,7,1.18,4.5,-0.0159,42.9,-0.4191,0.3465,-0.8019,0.7987,0.096,0.95,-278.0,-4.4,,
s98_zscore_mr_m15,B2_lb5,mid,1.0,ALL,39,29,10,0,0,0.744,39,0.311,-281.0,-0.3598,25.6,29,0.246,-272.1,-0.3531,24.1,10,0.81,-8.9,-0.3793,30.0,0.0262,0.948,-0.8212,0.7662,0.09,0.893,-278.6,-9.7,,
s98_zscore_mr_m15,B3_db0.05,mid,1.0,ALL,39,0,36,2,1,0.0,39,0.311,-281.0,-0.3598,25.6,0,,0.0,,,36,0.279,-285.4,-0.4405,22.2,,,,,,,,,,
s98_zscore_mr_m15,B3_db0.10,mid,1.0,ALL,39,0,35,3,1,0.0,39,0.311,-281.0,-0.3598,25.6,0,,0.0,,,35,0.283,-280.5,-0.4408,22.9,,,,,,,,,,
s98_zscore_mr_m15,B5_w2,mid,1.0,ALL,39,24,15,0,0,0.615,39,0.311,-281.0,-0.3598,25.6,24,0.324,-199.6,-0.3406,29.2,15,0.277,-81.4,-0.3906,20.0,0.05,0.9075,-0.8248,0.8274,0.089,0.924,-275.4,-6.5,,
s98_zscore_mr_m15,B1,mid,1.0,TRAIN,23,6,15,2,0,0.261,23,0.652,-38.3,-0.4235,26.1,6,1.503,8.1,-0.4828,33.3,15,0.257,-64.1,-0.5543,20.0,0.0715,0.8955,-1.0838,0.9732,0.0,1.228,-66.0,7.4,0.86,
s98_zscore_mr_m15,B2,mid,1.0,TRAIN,23,17,6,0,0,0.739,23,0.652,-38.3,-0.4235,26.1,17,0.575,-39.5,-0.4237,23.5,6,1.071,1.2,-0.4232,33.3,-0.0005,0.9995,-1.1109,1.0156,0.088,1.67,-63.0,23.5,1.0,
s98_zscore_mr_m15,B3,mid,1.0,TRAIN,23,0,23,0,0,0.0,23,0.652,-38.3,-0.4235,26.1,0,,0.0,,,23,0.652,-38.3,-0.4235,26.1,,,,,,,,,,
s98_zscore_mr_m15,B4,mid,1.0,TRAIN,23,9,10,4,0,0.391,23,0.652,-38.3,-0.4235,26.1,9,0.546,-25.8,-0.4525,22.2,10,0.0,-52.9,-1.1057,0.0,0.6532,0.2805,-0.9466,0.9398,0.0,0.986,-79.1,-0.3,0.51,
s98_zscore_mr_m15,B5,mid,1.0,TRAIN,23,11,12,0,0,0.478,23,0.652,-38.3,-0.4235,26.1,11,0.803,-11.7,-0.428,27.3,12,0.475,-26.6,-0.4195,25.0,-0.0085,0.988,-1.0786,1.0054,0.089,1.727,-62.8,22.7,0.974,
s98_zscore_mr_m15,B6,mid,1.0,TRAIN,23,0,23,0,0,0.0,23,0.652,-38.3,-0.4235,26.1,0,,0.0,,,23,0.652,-38.3,-0.4235,26.1,,,,,,,,,,
s98_zscore_mr_m15,C2,mid,1.0,TRAIN,23,11,12,0,0,0.478,23,0.652,-38.3,-0.4235,26.1,11,0.852,-8.6,-0.414,27.3,12,0.427,-29.7,-0.4323,25.0,0.0182,0.974,-1.0989,1.0727,0.09,1.761,-62.8,24.8,0.91,
s98_zscore_mr_m15,B1_utc,mid,1.0,TRAIN,23,6,13,4,0,0.261,23,0.652,-38.3,-0.4235,26.1,6,1.243,4.7,-0.4562,33.3,13,0.297,-52.4,-0.4371,23.1,-0.0191,0.9735,-1.1099,1.1,0.0,1.478,-59.3,10.9,,
s98_zscore_mr_m15,B2_lb2,mid,1.0,TRAIN,23,19,4,0,0,0.826,23,0.652,-38.3,-0.4235,26.1,19,0.515,-50.2,-0.511,21.1,4,2.87,11.9,-0.008,50.0,-0.503,0.3685,-1.0513,1.084,0.094,1.819,-62.2,24.4,,
s98_zscore_mr_m15,B2_lb5,mid,1.0,TRAIN,23,18,5,0,0,0.783,23,0.652,-38.3,-0.4235,26.1,18,0.691,-28.7,-0.3051,27.8,5,0.44,-9.5,-0.85,20.0,0.5449,0.339,-1.1027,1.0882,0.089,1.766,-61.8,25.2,,
s98_zscore_mr_m15,B3_db0.05,mid,1.0,TRAIN,23,0,20,2,1,0.0,23,0.652,-38.3,-0.4235,26.1,0,,0.0,,,20,0.565,-42.7,-0.5783,20.0,,,,,,,,,,
s98_zscore_mr_m15,B3_db0.10,mid,1.0,TRAIN,23,0,20,2,1,0.0,23,0.652,-38.3,-0.4235,26.1,0,,0.0,,,20,0.565,-42.7,-0.5783,20.0,,,,,,,,,,
s98_zscore_mr_m15,B5_w2,mid,1.0,TRAIN,23,13,10,0,0,0.565,23,0.652,-38.3,-0.4235,26.1,13,0.837,-10.7,-0.3448,30.8,10,0.376,-27.5,-0.5259,20.0,0.1811,0.74,-1.0923,1.0577,0.091,1.849,-63.1,25.9,,
s98_zscore_mr_m15,B1,mid,1.0,TEST,16,7,9,0,0,0.438,16,0.185,-242.8,-0.2682,25.0,7,0.566,-23.2,-0.2465,28.6,9,0.102,-219.5,-0.285,22.2,0.0385,0.9565,-1.3839,1.3178,0.0,1.118,-245.9,4.0,0.864,
s98_zscore_mr_m15,B2,mid,1.0,TEST,16,11,5,0,0,0.688,16,0.185,-242.8,-0.2682,25.0,11,0.127,-234.2,-0.3976,18.2,5,0.712,-8.5,0.0165,40.0,-0.4141,0.603,-1.2706,1.2884,0.0,0.998,-242.5,-0.1,0.632,
s98_zscore_mr_m15,B3,mid,1.0,TEST,16,0,16,0,0,0.0,16,0.185,-242.8,-0.2682,25.0,0,,0.0,,,16,0.185,-242.8,-0.2682,25.0,,,,,,,,,,
s98_zscore_mr_m15,B4,mid,1.0,TEST,16,8,7,1,0,0.5,16,0.185,-242.8,-0.2682,25.0,8,0.497,-34.5,-0.1545,25.0,7,0.094,-203.4,-0.375,28.6,0.2204,0.772,-1.4243,1.3838,0.0,0.993,-243.5,-0.0,0.31,
s98_zscore_mr_m15,B5,mid,1.0,TEST,16,8,8,0,0,0.5,16,0.185,-242.8,-0.2682,25.0,8,0.143,-182.2,-0.4287,25.0,8,0.291,-60.6,-0.1076,25.0,-0.3211,0.67,-1.3027,1.3061,0.0,1.022,-246.7,1.0,1.0,
s98_zscore_mr_m15,B6,mid,1.0,TEST,16,0,16,0,0,0.0,16,0.185,-242.8,-0.2682,25.0,0,,0.0,,,16,0.185,-242.8,-0.2682,25.0,,,,,,,,,,
s98_zscore_mr_m15,C2,mid,1.0,TEST,16,6,10,0,0,0.375,16,0.185,-242.8,-0.2682,25.0,6,0.0,-62.3,-0.9862,0.0,10,0.234,-180.4,0.1627,40.0,-1.1489,0.097,-1.2832,1.2879,0.0,0.992,-244.0,-0.3,0.344,
s98_zscore_mr_m15,B1_utc,mid,1.0,TEST,16,4,10,2,0,0.25,16,0.185,-242.8,-0.2682,25.0,4,0.368,-18.7,-0.2941,25.0,10,0.055,-253.6,-0.6007,10.0,0.3066,0.7354,-1.1519,1.1476,0.0,0.471,-257.7,-19.0,,
s98_zscore_mr_m15,B2_lb2,mid,1.0,TEST,16,13,3,0,0,0.812,16,0.185,-242.8,-0.2682,25.0,13,0.158,-235.3,-0.3239,23.1,3,0.595,-7.4,-0.0265,33.3,-0.2974,0.6773,-1.3072,1.3063,0.0,1.023,-242.1,0.9,,
s98_zscore_mr_m15,B2_lb5,mid,1.0,TEST,16,11,5,0,0,0.688,16,0.185,-242.8,-0.2682,25.0,11,0.093,-243.4,-0.4316,18.2,5,1.022,0.7,0.0915,40.0,-0.5231,0.4815,-1.2893,1.3072,0.0,1.066,-242.3,2.4,,
s98_zscore_mr_m15,B3_db0.05,mid,1.0,TEST,16,0,16,0,0,0.0,16,0.185,-242.8,-0.2682,25.0,0,,0.0,,,16,0.185,-242.8,-0.2682,25.0,,,,,,,,,,
s98_zscore_mr_m15,B3_db0.10,mid,1.0,TEST,16,0,15,1,0,0.0,16,0.185,-242.8,-0.2682,25.0,0,,0.0,,,15,0.188,-237.9,-0.2574,26.7,,,,,,,,,,
s98_zscore_mr_m15,B5_w2,mid,1.0,TEST,16,11,5,0,0,0.688,16,0.185,-242.8,-0.2682,25.0,11,0.177,-188.9,-0.3356,27.3,5,0.214,-53.9,-0.1199,20.0,-0.2157,0.7644,-1.3189,1.3055,0.0,1.003,-243.6,0.2,,
s98_zscore_mr_m15,B1,q,0.45,ALL,39,13,24,2,0,0.333,39,0.322,-265.9,-0.3384,25.6,13,0.92,-5.0,-0.2391,30.8,24,0.134,-279.8,-0.4875,20.8,0.2484,0.547,-0.7641,0.7612,0.063,0.868,-276.9,-11.5,,
s98_zscore_mr_m15,B2,q,0.45,ALL,39,28,11,0,0,0.718,39,0.322,-265.9,-0.3384,25.6,28,0.24,-267.7,-0.4377,21.4,11,1.044,1.7,-0.0857,36.4,-0.3519,0.3935,-0.7652,0.7825,0.091,0.996,-265.8,-0.4,,
s98_zscore_mr_m15,B3,q,0.45,ALL,39,0,39,0,0,0.0,39,0.322,-265.9,-0.3384,25.6,0,,0.0,,,39,0.322,-265.9,-0.3384,25.6,,,,,,,,,,
s98_zscore_mr_m15,B4,q,0.45,ALL,39,17,17,5,0,0.436,39,0.322,-265.9,-0.3384,25.6,17,0.5,-61.1,-0.4029,17.6,17,0.083,-246.2,-0.7035,17.6,0.3006,0.4875,-0.7959,0.7818,0.0,0.713,-284.0,-24.7,,
s98_zscore_mr_m15,B5,q,0.45,ALL,39,19,20,0,0,0.487,39,0.322,-265.9,-0.3384,25.6,19,0.305,-183.4,-0.3434,26.3,20,0.355,-82.5,-0.3337,25.0,-0.0097,0.982,-0.7852,0.7973,0.091,1.016,-267.4,1.4,,
s98_zscore_mr_m15,B6,q,0.45,ALL,39,0,39,0,0,0.0,39,0.322,-265.9,-0.3384,25.6,0,,0.0,,,39,0.322,-265.9,-0.3384,25.6,,,,,,,,,,
s98_zscore_mr_m15,C2,q,0.45,ALL,39,17,22,0,0,0.436,39,0.322,-265.9,-0.3384,25.6,17,0.469,-57.8,-0.5043,17.6,22,0.265,-208.1,-0.2102,31.8,-0.2941,0.4755,-0.7869,0.801,0.092,0.985,-267.5,-0.9,,
s98_zscore_mr_m15,B1_utc,q,0.45,ALL,39,10,23,6,0,0.256,39,0.322,-265.9,-0.3384,25.6,10,0.87,-5.5,-0.2635,30.0,23,0.098,-302.7,-0.5576,17.4,0.2941,0.4845,-0.7637,0.7825,0.031,0.649,-282.4,-26.1,,
s98_zscore_mr_m15,B2_lb2,q,0.45,ALL,39,32,7,0,0,0.821,39,0.322,-265.9,-0.3384,25.6,32,0.256,-277.3,-0.4437,21.9,7,1.581,11.3,0.1431,42.9,-0.5869,0.1625,-0.7909,0.8058,0.09,1.039,-270.3,3.5,,
s98_zscore_mr_m15,B2_lb5,q,0.45,ALL,39,29,10,0,0,0.744,39,0.322,-265.9,-0.3384,25.6,29,0.246,-265.6,-0.3728,24.1,10,0.991,-0.4,-0.2388,30.0,-0.134,0.7435,-0.7821,0.7811,0.088,1.032,-266.6,2.5,,
s98_zscore_mr_m15,B3_db0.05,q,0.45,ALL,39,0,36,2,1,0.0,39,0.322,-265.9,-0.3384,25.6,0,,0.0,,,36,0.285,-272.0,-0.4244,22.2,,,,,,,,,,
s98_zscore_mr_m15,B3_db0.10,q,0.45,ALL,39,0,35,3,1,0.0,39,0.322,-265.9,-0.3384,25.6,0,,0.0,,,35,0.286,-270.7,-0.4333,22.9,,,,,,,,,,
s98_zscore_mr_m15,B5_w2,q,0.45,ALL,39,24,15,0,0,0.615,39,0.322,-265.9,-0.3384,25.6,24,0.352,-182.7,-0.2434,29.2,15,0.242,-83.2,-0.4903,20.0,0.2469,0.5595,-0.8134,0.7924,0.084,1.089,-268.9,7.9,,
s98_zscore_mr_m15,B1,q,0.45,TRAIN,23,6,15,2,0,0.261,23,0.662,-35.0,-0.4366,26.1,6,1.821,11.4,-0.3358,33.3,15,0.211,-65.2,-0.6426,20.0,0.3068,0.524,-0.8519,0.8848,0.001,1.334,-62.1,8.5,,
s98_zscore_mr_m15,B2,q,0.45,TRAIN,23,17,6,0,0,0.739,23,0.662,-35.0,-0.4366,26.1,17,0.555,-39.5,-0.4979,23.5,6,1.304,4.5,-0.2631,33.3,-0.2348,0.648,-1.0147,0.9792,0.001,1.869,-62.0,26.0,,
s98_zscore_mr_m15,B3,q,0.45,TRAIN,23,0,23,0,0,0.0,23,0.662,-35.0,-0.4366,26.1,0,,0.0,,,23,0.662,-35.0,-0.4366,26.1,,,,,,,,,,
s98_zscore_mr_m15,B4,q,0.45,TRAIN,23,9,10,4,0,0.391,23,0.662,-35.0,-0.4366,26.1,9,0.455,-31.0,-0.68,11.1,10,0.001,-46.7,-0.9647,10.0,0.2847,0.741,-0.6366,0.6602,0.0,0.95,-74.5,-1.4,,
s98_zscore_mr_m15,B5,q,0.45,TRAIN,23,11,12,0,0,0.478,23,0.662,-35.0,-0.4366,26.1,11,0.898,-5.6,-0.3167,27.3,12,0.398,-29.4,-0.5466,25.0,0.2298,0.667,-0.9518,0.9914,0.001,1.889,-59.3,24.7,,
s98_zscore_mr_m15,B6,q,0.45,TRAIN,23,0,23,0,0,0.0,23,0.662,-35.0,-0.4366,26.1,0,,0.0,,,23,0.662,-35.0,-0.4366,26.1,,,,,,,,,,
s98_zscore_mr_m15,C2,q,0.45,TRAIN,23,11,12,0,0,0.478,23,0.662,-35.0,-0.4366,26.1,11,0.965,-1.9,-0.2945,27.3,12,0.345,-33.1,-0.5669,25.0,0.2724,0.6025,-0.9795,1.0268,0.001,1.938,-60.4,27.5,,
s98_zscore_mr_m15,B1_utc,q,0.45,TRAIN,23,6,13,4,0,0.261,23,0.662,-35.0,-0.4366,26.1,6,1.466,8.0,-0.3238,33.3,13,0.242,-54.6,-0.5657,23.1,0.2418,0.6435,-0.9451,0.944,0.0,1.394,-57.6,10.0,,
s98_zscore_mr_m15,B2_lb2,q,0.45,TRAIN,23,19,4,0,0,0.826,23,0.662,-35.0,-0.4366,26.1,19,0.501,-49.1,-0.5628,21.1,4,3.679,14.1,0.1624,50.0,-0.7252,0.1625,-0.9898,0.9812,0.001,1.868,-60.8,26.5,,
s98_zscore_mr_m15,B2_lb5,q,0.45,TRAIN,23,18,5,0,0,0.783,23,0.662,-35.0,-0.4366,26.1,18,0.682,-28.2,-0.3703,27.8,5,0.543,-6.8,-0.6753,20.0,0.305,0.551,-0.9756,0.9482,0.001,1.8,-58.4,24.3,,
s98_zscore_mr_m15,B3_db0.05,q,0.45,TRAIN,23,0,20,2,1,0.0,23,0.662,-35.0,-0.4366,26.1,0,,0.0,,,20,0.555,-41.0,-0.6063,20.0,,,,,,,,,,
s98_zscore_mr_m15,B3_db0.10,q,0.45,TRAIN,23,0,20,2,1,0.0,23,0.662,-35.0,-0.4366,26.1,0,,0.0,,,20,0.555,-41.0,-0.6063,20.0,,,,,,,,,,
s98_zscore_mr_m15,B5_w2,q,0.45,TRAIN,23,13,10,0,0,0.565,23,0.662,-35.0,-0.4366,26.1,13,0.952,-2.9,-0.2288,30.8,10,0.262,-32.1,-0.7068,20.0,0.478,0.384,-1.0016,0.9876,0.001,1.772,-61.0,24.4,,
s98_zscore_mr_m15,B1,q,0.45,TEST,16,7,9,0,0,0.438,16,0.199,-230.9,-0.1972,25.0,7,0.658,-16.4,-0.1562,28.6,9,0.108,-214.6,-0.229,22.2,0.0728,0.9035,-1.346,1.3542,0.0,1.23,-236.9,7.1,,
s98_zscore_mr_m15,B2,q,0.45,TEST,16,11,5,0,0,0.688,16,0.199,-230.9,-0.1972,25.0,11,0.134,-228.2,-0.3446,18.2,5,0.889,-2.8,0.1271,40.0,-0.4717,0.507,-1.2589,1.2696,0.0,1.132,-232.6,4.7,,
s98_zscore_mr_m15,B3,q,0.45,TEST,16,0,16,0,0,0.0,16,0.199,-230.9,-0.1972,25.0,0,,0.0,,,16,0.199,-230.9,-0.1972,25.0,,,,,,,,,,
s98_zscore_mr_m15,B4,q,0.45,TEST,16,8,7,1,0,0.5,16,0.199,-230.9,-0.1972,25.0,8,0.539,-30.1,-0.0911,25.0,7,0.1,-199.5,-0.3303,28.6,0.2392,0.7725,-1.4012,1.3938,0.0,1.214,-235.1,7.4,,
s98_zscore_mr_m15,B5,q,0.45,TEST,16,8,8,0,0,0.5,16,0.199,-230.9,-0.1972,25.0,8,0.15,-177.8,-0.38,25.0,8,0.329,-53.1,-0.0144,25.0,-0.3656,0.639,-1.3452,1.3586,0.0,1.244,-236.7,9.4,,
s98_zscore_mr_m15,B6,q,0.45,TEST,16,0,16,0,0,0.0,16,0.199,-230.9,-0.1972,25.0,0,,0.0,,,16,0.199,-230.9,-0.1972,25.0,,,,,,,,,,
s98_zscore_mr_m15,C2,q,0.45,TEST,16,6,10,0,0,0.375,16,0.199,-230.9,-0.1972,25.0,6,0.0,-56.0,-0.8889,0.0,10,0.247,-175.0,0.2179,40.0,-1.1068,0.1165,-1.3211,1.3367,0.0,1.21,-238.5,6.2,,
s98_zscore_mr_m15,B1_utc,q,0.45,TEST,16,4,10,2,0,0.25,16,0.199,-230.9,-0.1972,25.0,4,0.459,-13.5,-0.1729,25.0,10,0.058,-248.1,-0.5471,10.0,0.3742,0.6883,-1.1995,1.1954,0.0,0.573,-250.6,-13.5,,
s98_zscore_mr_m15,B2_lb2,q,0.45,TEST,16,13,3,0,0,0.812,16,0.199,-230.9,-0.1972,25.0,13,0.168,-228.2,-0.2698,23.1,3,0.806,-2.8,0.1174,33.3,-0.3872,0.6165,-1.3162,1.3452,0.0,1.16,-237.9,5.4,,
s98_zscore_mr_m15,B2_lb5,q,0.45,TEST,16,11,5,0,0,0.688,16,0.199,-230.9,-0.1972,25.0,11,0.099,-237.4,-0.3767,18.2,5,1.258,6.4,0.1977,40.0,-0.5744,0.463,-1.3322,1.3534,0.0,1.16,-237.3,5.2,,
s98_zscore_mr_m15,B3_db0.05,q,0.45,TEST,16,0,16,0,0,0.0,16,0.199,-230.9,-0.1972,25.0,0,,0.0,,,16,0.199,-230.9,-0.1972,25.0,,,,,,,,,,
s98_zscore_mr_m15,B3_db0.10,q,0.45,TEST,16,0,15,1,0,0.0,16,0.199,-230.9,-0.1972,25.0,0,,0.0,,,15,0.2,-229.6,-0.2027,26.7,,,,,,,,,,
s98_zscore_mr_m15,B5_w2,q,0.45,TEST,16,11,5,0,0,0.688,16,0.199,-230.9,-0.1972,25.0,11,0.19,-179.8,-0.2607,27.3,5,0.23,-51.1,-0.0574,20.0,-0.2033,0.825,-1.313,1.3308,0.0,1.09,-237.7,2.8,,
s98_zscore_mr_m15,B1,q,0.7,ALL,39,13,24,2,0,0.333,39,0.31,-275.7,-0.3799,23.1,13,0.872,-8.2,-0.2827,30.8,24,0.129,-285.8,-0.5286,16.7,0.2459,0.5125,-0.7666,0.7247,0.06,0.77,-281.5,-18.1,0.938,
s98_zscore_mr_m15,B2,q,0.7,ALL,39,28,11,0,0,0.718,39,0.31,-275.7,-0.3799,23.1,28,0.232,-274.7,-0.4752,17.9,11,0.976,-1.0,-0.1372,36.4,-0.338,0.4125,-0.8056,0.7865,0.071,0.975,-275.0,-2.3,0.684,
s98_zscore_mr_m15,B3,q,0.7,ALL,39,0,39,0,0,0.0,39,0.31,-275.7,-0.3799,23.1,0,,0.0,,,39,0.31,-275.7,-0.3799,23.1,,,,,,,,,,
s98_zscore_mr_m15,B4,q,0.7,ALL,39,17,17,5,0,0.436,39,0.31,-275.7,-0.3799,23.1,17,0.48,-65.3,-0.4441,17.6,17,0.08,-250.5,-0.7472,11.8,0.3031,0.498,-0.8068,0.8447,0.0,0.688,-291.1,-27.5,0.984,
s98_zscore_mr_m15,B5,q,0.7,ALL,39,19,20,0,0,0.487,39,0.31,-275.7,-0.3799,23.1,19,0.297,-188.2,-0.382,26.3,20,0.336,-87.5,-0.3779,20.0,-0.004,0.991,-0.7928,0.7935,0.081,0.972,-274.0,-2.3,0.99,
s98_zscore_mr_m15,B6,q,0.7,ALL,39,0,39,0,0,0.0,39,0.31,-275.7,-0.3799,23.1,0,,0.0,,,39,0.31,-275.7,-0.3799,23.1,,,,,,,,,,
s98_zscore_mr_m15,C2,q,0.7,ALL,39,17,22,0,0,0.436,39,0.31,-275.7,-0.3799,23.1,17,0.448,-62.1,-0.5457,17.6,22,0.256,-213.6,-0.2518,27.3,-0.294,0.474,-0.7907,0.782,0.078,0.98,-273.2,-1.8,0.43,
s98_zscore_mr_m15,B1_utc,q,0.7,ALL,39,10,23,6,0,0.256,39,0.31,-275.7,-0.3799,23.1,10,0.818,-8.0,-0.3095,30.0,23,0.094,-308.5,-0.5943,13.0,0.2848,0.496,-0.8167,0.8002,0.027,0.598,-284.7,-31.5,,
s98_zscore_mr_m15,B2_lb2,q,0.7,ALL,39,32,7,0,0,0.821,39,0.31,-275.7,-0.3799,23.1,32,0.247,-285.3,-0.4823,18.8,7,1.467,9.6,0.0882,42.9,-0.5705,0.172,-0.8527,0.7683,0.082,0.932,-275.6,-5.1,,
s98_zscore_mr_m15,B2_lb5,q,0.7,ALL,39,29,10,0,0,0.744,39,0.31,-275.7,-0.3799,23.1,29,0.238,-272.8,-0.4107,20.7,10,0.931,-2.9,-0.2905,30.0,-0.1202,0.7605,-0.8113,0.8071,0.087,0.981,-276.6,-1.6,,
s98_zscore_mr_m15,B3_db0.05,q,0.7,ALL,39,0,36,2,1,0.0,39,0.31,-275.7,-0.3799,23.1,0,,0.0,,,36,0.275,-281.0,-0.4662,19.4,,,,,,,,,,
s98_zscore_mr_m15,B3_db0.10,q,0.7,ALL,39,0,35,3,1,0.0,39,0.31,-275.7,-0.3799,23.1,0,,0.0,,,35,0.277,-279.4,-0.4756,20.0,,,,,,,,,,
s98_zscore_mr_m15,B5_w2,q,0.7,ALL,39,24,15,0,0,0.615,39,0.31,-275.7,-0.3799,23.1,24,0.341,-188.7,-0.281,29.2,15,0.231,-87.0,-0.5382,13.3,0.2572,0.5425,-0.7745,0.8074,0.086,1.031,-277.9,3.1,,
s98_zscore_mr_m15,B1,q,0.7,TRAIN,23,6,15,2,0,0.261,23,0.623,-40.7,-0.4898,21.7,6,1.665,9.9,-0.4026,33.3,15,0.197,-69.0,-0.6931,13.3,0.2905,0.541,-0.9218,0.911,0.0,1.231,-66.0,5.8,0.886,
s98_zscore_mr_m15,B2,q,0.7,TRAIN,23,17,6,0,0,0.739,23,0.623,-40.7,-0.4898,21.7,17,0.525,-43.8,-0.5442,17.6,6,1.19,3.0,-0.3359,33.3,-0.2083,0.6845,-0.9456,1.0183,0.0,1.791,-62.4,24.5,0.744,
s98_zscore_mr_m15,B3,q,0.7,TRAIN,23,0,23,0,0,0.0,23,0.623,-40.7,-0.4898,21.7,0,,0.0,,,23,0.623,-40.7,-0.4898,21.7,,,,,,,,,,
s98_zscore_mr_m15,B4,q,0.7,TRAIN,23,9,10,4,0,0.391,23,0.623,-40.7,-0.4898,21.7,9,0.435,-33.2,-0.7322,11.1,10,0.0,-49.2,-1.0248,0.0,0.2926,0.7055,-0.6715,0.6458,0.0,0.861,-78.9,-4.1,1.0,
s98_zscore_mr_m15,B5,q,0.7,TRAIN,23,11,12,0,0,0.478,23,0.623,-40.7,-0.4898,21.7,11,0.853,-8.4,-0.3673,27.3,12,0.368,-32.4,-0.6022,16.7,0.2349,0.6595,-0.9817,1.0121,0.0,1.734,-63.0,22.9,0.648,
s98_zscore_mr_m15,B6,q,0.7,TRAIN,23,0,23,0,0,0.0,23,0.623,-40.7,-0.4898,21.7,0,,0.0,,,23,0.623,-40.7,-0.4898,21.7,,,,,,,,,,
s98_zscore_mr_m15,C2,q,0.7,TRAIN,23,11,12,0,0,0.478,23,0.623,-40.7,-0.4898,21.7,11,0.916,-4.6,-0.3455,27.3,12,0.319,-36.1,-0.6222,16.7,0.2767,0.5955,-0.9751,0.9808,0.0,1.726,-64.2,22.6,0.892,
s98_zscore_mr_m15,B1_utc,q,0.7,TRAIN,23,6,13,4,0,0.261,23,0.623,-40.7,-0.4898,21.7,6,1.358,6.5,-0.384,33.3,13,0.226,-57.8,-0.6119,15.4,0.2279,0.661,-0.9663,0.9464,0.0,1.343,-60.5,8.1,,
s98_zscore_mr_m15,B2_lb2,q,0.7,TRAIN,23,19,4,0,0,0.826,23,0.623,-40.7,-0.4898,21.7,19,0.474,-53.8,-0.6109,15.8,4,3.273,13.1,0.085,50.0,-0.6958,0.173,-1.0123,0.9408,0.0,1.664,-63.5,21.5,,
s98_zscore_mr_m15,B2_lb5,q,0.7,TRAIN,23,18,5,0,0,0.783,23,0.623,-40.7,-0.4898,21.7,18,0.645,-32.7,-0.4163,22.2,5,0.493,-8.0,-0.7547,20.0,0.3384,0.532,-0.9882,1.0061,0.0,1.622,-65.3,21.6,,
s98_zscore_mr_m15,B3_db0.05,q,0.7,TRAIN,23,0,20,2,1,0.0,23,0.623,-40.7,-0.4898,21.7,0,,0.0,,,20,0.523,-46.0,-0.6616,15.0,,,,,,,,,,
s98_zscore_mr_m15,B3_db0.10,q,0.7,TRAIN,23,0,20,2,1,0.0,23,0.623,-40.7,-0.4898,21.7,0,,0.0,,,20,0.523,-46.0,-0.6616,15.0,,,,,,,,,,
s98_zscore_mr_m15,B5_w2,q,0.7,TRAIN,23,13,10,0,0,0.565,23,0.623,-40.7,-0.4898,21.7,13,0.901,-6.2,-0.2787,30.8,10,0.242,-34.6,-0.7644,10.0,0.4857,0.3745,-0.9928,1.0235,0.0,1.694,-65.3,23.5,,
s98_zscore_mr_m15,B1,q,0.7,TEST,16,7,9,0,0,0.438,16,0.194,-234.9,-0.2219,25.0,7,0.631,-18.1,-0.1799,28.6,9,0.105,-216.8,-0.2545,22.2,0.0746,0.906,-1.3018,1.3068,0.0,1.108,-241.6,3.6,0.882,
s98_zscore_mr_m15,B2,q,0.7,TEST,16,11,5,0,0,0.688,16,0.194,-234.9,-0.2219,25.0,11,0.131,-230.9,-0.3687,18.2,5,0.844,-4.0,0.1011,40.0,-0.4698,0.5075,-1.3012,1.3311,0.0,1.269,-238.7,6.9,0.644,
s98_zscore_mr_m15,B3,q,0.7,TEST,16,0,16,0,0,0.0,16,0.194,-234.9,-0.2219,25.0,0,,0.0,,,16,0.194,-234.9,-0.2219,25.0,,,,,,,,,,
s98_zscore_mr_m15,B4,q,0.7,TEST,16,8,7,1,0,0.5,16,0.194,-234.9,-0.2219,25.0,8,0.519,-32.1,-0.1199,25.0,7,0.097,-201.3,-0.3506,28.6,0.2307,0.7925,-1.3834,1.3868,0.0,1.104,-237.5,3.9,0.364,
s98_zscore_mr_m15,B5,q,0.7,TEST,16,8,8,0,0,0.5,16,0.194,-234.9,-0.2219,25.0,8,0.147,-179.8,-0.4021,25.0,8,0.316,-55.1,-0.0416,25.0,-0.3605,0.648,-1.3372,1.305,0.0,1.041,-242.5,1.4,1.0,
s98_zscore_mr_m15,B6,q,0.7,TEST,16,0,16,0,0,0.0,16,0.194,-234.9,-0.2219,25.0,0,,0.0,,,16,0.194,-234.9,-0.2219,25.0,,,,,,,,,,
s98_zscore_mr_m15,C2,q,0.7,TEST,16,6,10,0,0,0.375,16,0.194,-234.9,-0.2219,25.0,6,0.0,-57.5,-0.9129,0.0,10,0.241,-177.5,0.1928,40.0,-1.1057,0.106,-1.3435,1.3178,0.0,1.064,-241.4,2.7,0.36,
s98_zscore_mr_m15,B1_utc,q,0.7,TEST,16,4,10,2,0,0.25,16,0.194,-234.9,-0.2219,25.0,4,0.436,-14.5,-0.1976,25.0,10,0.056,-250.6,-0.5714,10.0,0.3738,0.7064,-1.2043,1.1922,0.0,0.544,-252.0,-14.6,,
s98_zscore_mr_m15,B2_lb2,q,0.7,TEST,16,13,3,0,0,0.812,16,0.194,-234.9,-0.2219,25.0,13,0.163,-231.4,-0.2944,23.1,3,0.761,-3.5,0.0925,33.3,-0.3869,0.6063,-1.3395,1.3335,0.0,1.225,-241.0,8.2,,
s98_zscore_mr_m15,B2_lb5,q,0.7,TEST,16,11,5,0,0,0.688,16,0.194,-234.9,-0.2219,25.0,11,0.096,-240.1,-0.4017,18.2,5,1.202,5.2,0.1737,40.0,-0.5754,0.4495,-1.3458,1.3268,0.0,1.163,-241.8,5.8,,
s98_zscore_mr_m15,B3_db0.05,q,0.7,TEST,16,0,16,0,0,0.0,16,0.194,-234.9,-0.2219,25.0,0,,0.0,,,16,0.194,-234.9,-0.2219,25.0,,,,,,,,,,
s98_zscore_mr_m15,B3_db0.10,q,0.7,TEST,16,0,15,1,0,0.0,16,0.194,-234.9,-0.2219,25.0,0,,0.0,,,15,0.195,-233.4,-0.2276,26.7,,,,,,,,,,
s98_zscore_mr_m15,B5_w2,q,0.7,TEST,16,11,5,0,0,0.688,16,0.194,-234.9,-0.2219,25.0,11,0.185,-182.5,-0.2837,27.3,5,0.223,-52.4,-0.0858,20.0,-0.1979,0.8088,-1.3044,1.356,0.0,1.258,-237.6,8.6,,
