module,gate,model,cost,split,c2_class,n,n_al,n_ag,in_n,in_pf,in_pts,in_meanR,in_wr,al_n,al_pf,al_pts,al_meanR,al_wr,ag_n,ag_pf,ag_pts,ag_meanR,ag_wr,dR,p_flip
c03_fvg_fill,B1,mid,1.0,ALL,aligned,1180,740,316,1180,1.318,1039.9,0.2294,50.6,740,1.258,541.6,0.2382,50.7,316,1.421,355.0,0.2254,50.3,0.0128,0.921
c03_fvg_fill,B1,mid,1.0,ALL,against,961,327,535,961,1.238,757.1,0.0547,45.1,327,1.164,169.3,-0.0287,43.4,535,1.283,494.1,0.0807,45.6,-0.1094,0.412
c03_fvg_fill,B2,mid,1.0,ALL,aligned,1180,133,1047,1180,1.318,1039.9,0.2294,50.6,133,1.444,159.6,0.1742,48.1,1047,1.303,880.3,0.2364,50.9,-0.0622,0.59
c03_fvg_fill,B2,mid,1.0,ALL,against,961,420,541,961,1.238,757.1,0.0547,45.1,420,1.116,155.7,0.0499,44.3,541,1.327,601.4,0.0585,45.7,-0.0086,0.945
c03_fvg_fill,B3,mid,1.0,ALL,aligned,1180,1025,155,1180,1.318,1039.9,0.2294,50.6,1025,1.312,884.1,0.2222,51.2,155,1.357,155.8,0.2772,46.5,-0.055,0.608
c03_fvg_fill,B3,mid,1.0,ALL,against,961,864,97,961,1.238,757.1,0.0547,45.1,864,1.276,779.1,0.0746,45.9,97,0.939,-22.0,-0.1217,37.1,0.1963,0.118
c03_fvg_fill,B4,mid,1.0,ALL,aligned,1180,817,277,1180,1.318,1039.9,0.2294,50.6,817,1.264,583.9,0.1896,50.4,277,1.345,285.4,0.2798,52.3,-0.0902,0.43
c03_fvg_fill,B4,mid,1.0,ALL,against,961,247,644,961,1.238,757.1,0.0547,45.1,247,1.059,48.5,-0.0016,43.3,644,1.303,662.4,0.0781,45.7,-0.0797,0.526
c03_fvg_fill,B5,mid,1.0,ALL,aligned,1180,962,218,1180,1.318,1039.9,0.2294,50.6,962,1.375,962.4,0.2382,51.4,218,1.111,77.5,0.1905,47.2,0.0477,0.645
c03_fvg_fill,B5,mid,1.0,ALL,against,961,160,801,961,1.238,757.1,0.0547,45.1,160,1.123,62.4,-0.0518,44.4,801,1.26,694.7,0.076,45.2,-0.1279,0.295
c03_fvg_fill,B6,mid,1.0,ALL,aligned,1180,627,455,1180,1.318,1039.9,0.2294,50.6,627,1.278,488.0,0.2443,52.0,455,1.413,507.7,0.2442,49.5,0.0001,0.999
c03_fvg_fill,B6,mid,1.0,ALL,against,961,285,601,961,1.238,757.1,0.0547,45.1,285,1.205,178.4,-0.0,44.2,601,1.238,468.6,0.0448,44.6,-0.0448,0.728
c03_fvg_fill,B1,mid,1.0,TRAIN,aligned,700,433,195,700,1.195,281.4,0.1046,51.1,433,1.258,220.2,0.1472,52.4,195,1.182,74.7,0.0817,49.7,0.0655,0.647
c03_fvg_fill,B1,mid,1.0,TRAIN,against,603,216,324,603,1.079,120.0,-0.0637,45.3,216,0.984,-9.8,-0.1663,41.7,324,1.1,78.3,-0.0389,46.3,-0.1275,0.384
c03_fvg_fill,B2,mid,1.0,TRAIN,aligned,700,85,615,700,1.195,281.4,0.1046,51.1,85,1.174,36.4,0.0591,47.1,615,1.199,245.0,0.1108,51.7,-0.0518,0.649
c03_fvg_fill,B2,mid,1.0,TRAIN,against,603,262,341,603,1.079,120.0,-0.0637,45.3,262,1.115,72.4,-0.076,45.8,341,1.053,47.6,-0.0543,44.9,-0.0217,0.877
c03_fvg_fill,B3,mid,1.0,TRAIN,aligned,700,603,97,700,1.195,281.4,0.1046,51.1,603,1.205,246.8,0.1097,52.1,97,1.146,34.6,0.0725,45.4,0.0372,0.77
c03_fvg_fill,B3,mid,1.0,TRAIN,against,603,540,63,603,1.079,120.0,-0.0637,45.3,540,1.097,129.4,-0.0349,46.5,63,0.95,-9.5,-0.3107,34.9,0.2758,0.038
c03_fvg_fill,B4,mid,1.0,TRAIN,aligned,700,511,138,700,1.195,281.4,0.1046,51.1,511,1.196,204.3,0.1123,51.9,138,1.33,93.7,0.1794,52.2,-0.0671,0.65
c03_fvg_fill,B4,mid,1.0,TRAIN,against,603,150,403,603,1.079,120.0,-0.0637,45.3,150,0.903,-38.3,-0.1219,43.3,403,1.163,163.2,-0.0521,45.9,-0.0697,0.638
c03_fvg_fill,B5,mid,1.0,TRAIN,aligned,700,573,127,700,1.195,281.4,0.1046,51.1,573,1.161,192.4,0.0923,51.0,127,1.357,88.9,0.1598,52.0,-0.0675,0.593
c03_fvg_fill,B5,mid,1.0,TRAIN,against,603,107,496,603,1.079,120.0,-0.0637,45.3,107,0.836,-39.2,-0.1719,43.9,496,1.124,159.2,-0.0404,45.6,-0.1315,0.321
c03_fvg_fill,B6,mid,1.0,TRAIN,aligned,700,358,281,700,1.195,281.4,0.1046,51.1,358,1.288,193.0,0.1669,54.2,281,1.189,115.3,0.083,48.8,0.0839,0.532
c03_fvg_fill,B6,mid,1.0,TRAIN,against,603,189,365,603,1.079,120.0,-0.0637,45.3,189,0.974,-13.5,-0.1558,42.3,365,1.062,56.5,-0.0831,44.9,-0.0727,0.601
c03_fvg_fill,B1,mid,1.0,TEST,aligned,480,307,121,480,1.415,758.5,0.4115,49.8,307,1.258,321.4,0.3665,48.2,121,1.65,280.3,0.4569,51.2,-0.0904,0.684
c03_fvg_fill,B1,mid,1.0,TEST,against,358,111,211,358,1.383,637.1,0.2543,44.7,111,1.415,179.1,0.2393,46.8,211,1.434,415.8,0.2644,44.5,-0.0251,0.918
c03_fvg_fill,B2,mid,1.0,TEST,aligned,480,48,432,480,1.415,758.5,0.4115,49.8,48,1.815,123.2,0.3782,50.0,432,1.379,635.3,0.4152,49.8,-0.037,0.869
c03_fvg_fill,B2,mid,1.0,TEST,against,358,158,200,358,1.383,637.1,0.2543,44.7,158,1.117,83.4,0.2586,41.8,200,1.583,553.8,0.2509,47.0,0.0077,0.981
c03_fvg_fill,B3,mid,1.0,TEST,aligned,480,422,58,480,1.415,758.5,0.4115,49.8,422,1.391,637.3,0.3829,50.0,58,1.607,121.2,0.6196,48.3,-0.2367,0.269
c03_fvg_fill,B3,mid,1.0,TEST,against,358,324,34,358,1.383,637.1,0.2543,44.7,324,1.435,649.7,0.257,45.1,34,0.927,-12.5,0.2285,41.2,0.0285,0.912
c03_fvg_fill,B4,mid,1.0,TEST,aligned,480,306,139,480,1.415,758.5,0.4115,49.8,306,1.326,379.6,0.3188,48.0,139,1.353,191.7,0.3796,52.5,-0.0608,0.78
c03_fvg_fill,B4,mid,1.0,TEST,against,358,97,241,358,1.383,637.1,0.2543,44.7,97,1.206,86.8,0.1843,43.3,241,1.421,499.1,0.2958,45.2,-0.1115,0.646
c03_fvg_fill,B5,mid,1.0,TEST,aligned,480,389,91,480,1.415,758.5,0.4115,49.8,389,1.559,770.0,0.4531,51.9,91,0.975,-11.5,0.2335,40.7,0.2197,0.284
c03_fvg_fill,B5,mid,1.0,TEST,against,358,53,305,358,1.383,637.1,0.2543,44.7,53,1.378,101.6,0.1905,45.3,305,1.384,535.6,0.2653,44.6,-0.0748,0.777
c03_fvg_fill,B6,mid,1.0,TEST,aligned,480,269,174,480,1.415,758.5,0.4115,49.8,269,1.271,295.0,0.3473,49.1,174,1.634,392.4,0.5044,50.6,-0.1571,0.491
c03_fvg_fill,B6,mid,1.0,TEST,against,358,96,236,358,1.383,637.1,0.2543,44.7,96,1.533,191.9,0.3067,47.9,236,1.388,412.1,0.2424,44.1,0.0642,0.821
c03_fvg_fill,B1,q,0.7,ALL,aligned,1172,740,308,1172,1.331,1060.9,0.2337,47.4,740,1.295,605.4,0.2714,48.5,308,1.365,302.6,0.1663,45.1,0.1051,0.414
c03_fvg_fill,B1,q,0.7,ALL,against,955,327,529,955,1.244,762.2,0.0637,42.3,327,1.198,199.8,0.0161,41.6,529,1.236,409.8,0.0647,42.3,-0.0485,0.718
c03_fvg_fill,B2,q,0.7,ALL,aligned,1172,133,1039,1172,1.331,1060.9,0.2337,47.4,133,1.46,161.0,0.1374,45.1,1039,1.315,900.0,0.246,47.7,-0.1086,0.364
c03_fvg_fill,B2,q,0.7,ALL,against,955,420,535,955,1.244,762.2,0.0637,42.3,420,1.061,82.4,0.0446,41.4,535,1.38,679.7,0.0786,43.0,-0.0339,0.797
c03_fvg_fill,B3,q,0.7,ALL,aligned,1172,1017,155,1172,1.331,1060.9,0.2337,47.4,1017,1.327,906.2,0.2256,48.1,155,1.359,154.7,0.2868,43.2,-0.0612,0.615
c03_fvg_fill,B3,q,0.7,ALL,against,955,858,97,955,1.244,762.2,0.0637,42.3,858,1.284,786.6,0.0794,43.1,97,0.932,-24.4,-0.0752,35.1,0.1545,0.231
c03_fvg_fill,B4,q,0.7,ALL,aligned,1172,809,277,1172,1.331,1060.9,0.2337,47.4,809,1.298,640.0,0.2369,48.1,277,1.307,254.4,0.1828,47.3,0.0541,0.644
c03_fvg_fill,B4,q,0.7,ALL,against,955,247,638,955,1.244,762.2,0.0637,42.3,247,1.013,10.8,-0.0177,39.7,638,1.326,696.8,0.0981,43.3,-0.1158,0.363
c03_fvg_fill,B5,q,0.7,ALL,aligned,1172,954,218,1172,1.331,1060.9,0.2337,47.4,954,1.37,934.7,0.2264,47.9,218,1.186,126.2,0.2656,45.4,-0.0392,0.748
c03_fvg_fill,B5,q,0.7,ALL,against,955,160,795,955,1.244,762.2,0.0637,42.3,160,1.182,89.6,-0.0001,42.5,795,1.255,672.5,0.0765,42.3,-0.0766,0.523
c03_fvg_fill,B6,q,0.7,ALL,aligned,1172,627,447,1172,1.331,1060.9,0.2337,47.4,627,1.318,546.8,0.2748,49.8,447,1.371,449.4,0.2038,44.7,0.071,0.549
c03_fvg_fill,B6,q,0.7,ALL,against,955,285,595,955,1.244,762.2,0.0637,42.3,285,1.255,215.7,0.0476,42.5,595,1.19,372.6,0.0328,41.3,0.0148,0.906
c03_fvg_fill,B1,q,0.7,TRAIN,aligned,700,433,195,700,1.222,313.2,0.0993,47.3,433,1.328,269.6,0.1786,49.9,195,1.13,53.9,0.0063,43.6,0.1723,0.211
c03_fvg_fill,B1,q,0.7,TRAIN,against,603,216,324,603,1.142,207.5,-0.0116,43.3,216,1.061,35.2,-0.0844,40.7,324,1.143,109.1,-0.0047,43.8,-0.0797,0.569
c03_fvg_fill,B2,q,0.7,TRAIN,aligned,700,85,615,700,1.222,313.2,0.0993,47.3,85,1.211,42.8,0.0474,43.5,615,1.223,270.4,0.1065,47.8,-0.059,0.616
c03_fvg_fill,B2,q,0.7,TRAIN,against,603,262,341,603,1.142,207.5,-0.0116,43.3,262,1.208,124.6,-0.0095,44.3,341,1.096,82.9,-0.0132,42.5,0.0036,0.978
c03_fvg_fill,B3,q,0.7,TRAIN,aligned,700,603,97,700,1.222,313.2,0.0993,47.3,603,1.229,270.8,0.1043,48.1,97,1.185,42.4,0.0682,42.3,0.0362,0.792
c03_fvg_fill,B3,q,0.7,TRAIN,against,603,540,63,603,1.142,207.5,-0.0116,43.3,540,1.154,198.1,0.0108,44.3,63,1.053,9.4,-0.2036,34.9,0.2145,0.115
c03_fvg_fill,B4,q,0.7,TRAIN,aligned,700,511,138,700,1.222,313.2,0.0993,47.3,511,1.273,275.2,0.1523,49.3,138,1.236,69.1,0.0692,44.9,0.0831,0.524
c03_fvg_fill,B4,q,0.7,TRAIN,against,603,150,403,603,1.142,207.5,-0.0116,43.3,150,0.936,-24.8,-0.0779,40.7,403,1.245,234.9,0.0133,44.4,-0.0912,0.523
c03_fvg_fill,B5,q,0.7,TRAIN,aligned,700,573,127,700,1.222,313.2,0.0993,47.3,573,1.189,220.4,0.0884,47.1,127,1.379,92.8,0.1486,48.0,-0.0603,0.623
c03_fvg_fill,B5,q,0.7,TRAIN,against,603,107,496,603,1.142,207.5,-0.0116,43.3,107,0.913,-19.8,-0.1043,42.1,496,1.184,227.3,0.0084,43.5,-0.1127,0.392
c03_fvg_fill,B6,q,0.7,TRAIN,aligned,700,358,281,700,1.222,313.2,0.0993,47.3,358,1.356,231.5,0.1968,51.4,281,1.163,99.0,0.0257,43.4,0.1711,0.224
c03_fvg_fill,B6,q,0.7,TRAIN,against,603,189,365,603,1.142,207.5,-0.0116,43.3,189,1.048,23.4,-0.0744,41.3,365,1.113,99.5,-0.0406,42.7,-0.0338,0.813
c03_fvg_fill,B1,q,0.7,TEST,aligned,472,307,113,472,1.418,747.8,0.433,47.7,307,1.273,335.8,0.4024,46.6,113,1.602,248.7,0.4425,47.8,-0.0401,0.863
c03_fvg_fill,B1,q,0.7,TEST,against,352,111,205,352,1.333,554.7,0.1926,40.6,111,1.379,164.6,0.2117,43.2,205,1.31,300.7,0.1742,40.0,0.0375,0.906
c03_fvg_fill,B2,q,0.7,TEST,aligned,472,48,424,472,1.418,747.8,0.433,47.7,48,1.802,118.2,0.2967,47.9,424,1.383,629.6,0.4484,47.6,-0.1517,0.48
c03_fvg_fill,B2,q,0.7,TEST,against,352,158,194,352,1.333,554.7,0.1926,40.6,158,0.943,-42.2,0.1345,36.7,194,1.645,596.9,0.2398,43.8,-0.1054,0.655
c03_fvg_fill,B3,q,0.7,TEST,aligned,472,414,58,472,1.418,747.8,0.433,47.7,414,1.4,635.5,0.4022,48.1,58,1.556,112.3,0.6525,44.8,-0.2503,0.263
c03_fvg_fill,B3,q,0.7,TEST,against,352,318,34,352,1.333,554.7,0.1926,40.6,318,1.396,588.5,0.1957,41.2,34,0.814,-33.8,0.1629,35.3,0.0329,0.904
c03_fvg_fill,B4,q,0.7,TEST,aligned,472,298,139,472,1.418,747.8,0.433,47.7,298,1.321,364.8,0.382,46.0,139,1.346,185.3,0.2956,49.6,0.0864,0.704
c03_fvg_fill,B4,q,0.7,TEST,against,352,97,235,352,1.333,554.7,0.1926,40.6,97,1.083,35.6,0.0753,38.1,235,1.391,461.8,0.2435,41.3,-0.1682,0.53
c03_fvg_fill,B5,q,0.7,TEST,aligned,472,381,91,472,1.418,747.8,0.433,47.7,381,1.526,714.3,0.434,49.1,91,1.077,33.5,0.4288,41.8,0.0052,0.978
c03_fvg_fill,B5,q,0.7,TEST,against,352,53,299,352,1.333,554.7,0.1926,40.6,53,1.414,109.4,0.2103,43.4,299,1.317,445.2,0.1894,40.1,0.0209,0.926
c03_fvg_fill,B6,q,0.7,TEST,aligned,472,269,166,472,1.418,747.8,0.433,47.7,269,1.294,315.2,0.3786,47.6,166,1.581,350.3,0.5052,47.0,-0.1266,0.614
c03_fvg_fill,B6,q,0.7,TEST,against,352,96,230,352,1.333,554.7,0.1926,40.6,96,1.54,192.2,0.288,44.8,230,1.252,273.0,0.1493,39.1,0.1387,0.608
s14_ob_mit_bias,B1,mid,1.0,ALL,aligned,1970,1146,603,1970,1.165,557.3,0.0767,50.8,1146,1.199,388.4,0.1027,51.6,603,1.153,159.4,0.0603,50.2,0.0424,0.576
s14_ob_mit_bias,B1,mid,1.0,ALL,against,1966,615,1141,1966,1.182,613.9,0.1004,51.4,615,1.194,202.0,0.0997,51.5,1141,1.166,327.2,0.0927,51.1,0.007,0.926
s14_ob_mit_bias,B2,mid,1.0,ALL,aligned,1970,433,1537,1970,1.165,557.3,0.0767,50.8,433,1.138,103.8,0.0713,50.6,1537,1.172,453.4,0.0782,50.8,-0.007,0.932
s14_ob_mit_bias,B2,mid,1.0,ALL,against,1966,1192,774,1966,1.182,613.9,0.1004,51.4,1192,1.347,662.7,0.1929,54.5,774,0.967,-48.9,-0.0421,46.6,0.2351,0.001
s14_ob_mit_bias,B3,mid,1.0,ALL,aligned,1970,1379,590,1970,1.165,557.3,0.0767,50.8,1379,1.122,290.5,0.0451,49.9,590,1.26,261.8,0.1479,52.7,-0.1028,0.148
s14_ob_mit_bias,B3,mid,1.0,ALL,against,1966,1306,660,1966,1.182,613.9,0.1004,51.4,1306,1.075,175.4,0.0199,48.9,660,1.424,438.5,0.2597,56.5,-0.2398,0.0
s14_ob_mit_bias,B4,mid,1.0,ALL,aligned,1970,1269,541,1970,1.165,557.3,0.0767,50.8,1269,1.353,713.2,0.1906,54.5,541,0.904,-99.4,-0.1122,44.5,0.3028,0.0
s14_ob_mit_bias,B4,mid,1.0,ALL,against,1966,478,1326,1966,1.182,613.9,0.1004,51.4,478,1.243,188.9,0.14,53.1,1326,1.193,438.8,0.0972,51.2,0.0428,0.565
s14_ob_mit_bias,B5,mid,1.0,ALL,aligned,1970,1626,344,1970,1.165,557.3,0.0767,50.8,1626,1.172,482.2,0.0875,51.0,344,1.129,75.0,0.0256,49.7,0.0619,0.374
s14_ob_mit_bias,B5,mid,1.0,ALL,against,1966,333,1633,1966,1.182,613.9,0.1004,51.4,333,1.081,47.2,0.0041,48.6,1633,1.203,566.7,0.12,52.0,-0.116,0.119
s14_ob_mit_bias,B6,mid,1.0,ALL,aligned,1970,815,1012,1970,1.165,557.3,0.0767,50.8,815,1.139,195.6,0.064,50.4,1012,1.21,362.0,0.1045,51.6,-0.0405,0.599
s14_ob_mit_bias,B6,mid,1.0,ALL,against,1966,407,1442,1966,1.182,613.9,0.1004,51.4,407,1.13,92.0,0.0461,49.9,1442,1.218,533.2,0.1297,52.3,-0.0836,0.253
s14_ob_mit_bias,B1,mid,1.0,TRAIN,aligned,1283,734,406,1283,1.13,278.7,0.0442,50.3,734,1.158,193.3,0.0596,50.7,406,1.138,93.0,0.0471,50.5,0.0125,0.878
s14_ob_mit_bias,B1,mid,1.0,TRAIN,against,1232,404,691,1232,1.103,211.8,0.0551,50.6,404,1.047,32.5,0.0027,49.0,691,1.127,145.4,0.0731,51.2,-0.0704,0.449
s14_ob_mit_bias,B2,mid,1.0,TRAIN,aligned,1283,278,1005,1283,1.13,278.7,0.0442,50.3,278,0.988,-5.8,0.0057,49.3,1005,1.171,284.5,0.0549,50.5,-0.0493,0.584
s14_ob_mit_bias,B2,mid,1.0,TRAIN,against,1232,733,499,1232,1.103,211.8,0.0551,50.6,733,1.235,271.6,0.1429,53.6,499,0.934,-59.8,-0.074,46.3,0.2169,0.019
s14_ob_mit_bias,B3,mid,1.0,TRAIN,aligned,1283,919,363,1283,1.13,278.7,0.0442,50.3,919,1.109,165.6,0.0181,49.6,363,1.174,108.0,0.1059,51.8,-0.0879,0.344
s14_ob_mit_bias,B3,mid,1.0,TRAIN,against,1232,808,424,1232,1.103,211.8,0.0551,50.6,808,1.0,0.2,-0.0293,48.0,424,1.322,211.5,0.2158,55.7,-0.245,0.007
s14_ob_mit_bias,B4,mid,1.0,TRAIN,aligned,1283,847,320,1283,1.13,278.7,0.0442,50.3,847,1.353,459.9,0.1745,54.5,320,0.832,-101.9,-0.1624,43.4,0.3369,0.0
s14_ob_mit_bias,B4,mid,1.0,TRAIN,against,1232,296,843,1232,1.103,211.8,0.0551,50.6,296,1.264,120.0,0.1385,53.7,843,1.063,90.5,0.0231,49.5,0.1154,0.224
s14_ob_mit_bias,B5,mid,1.0,TRAIN,aligned,1283,1031,252,1283,1.13,278.7,0.0442,50.3,1031,1.173,296.3,0.0807,51.3,252,0.96,-17.6,-0.1049,46.0,0.1855,0.031
s14_ob_mit_bias,B5,mid,1.0,TRAIN,against,1232,234,998,1232,1.103,211.8,0.0551,50.6,234,0.961,-15.5,-0.0525,47.9,998,1.137,227.3,0.0803,51.3,-0.1327,0.134
s14_ob_mit_bias,B6,mid,1.0,TRAIN,aligned,1283,514,664,1283,1.13,278.7,0.0442,50.3,514,1.13,110.0,0.0381,50.2,664,1.171,188.3,0.0707,51.1,-0.0326,0.728
s14_ob_mit_bias,B6,mid,1.0,TRAIN,against,1232,267,887,1232,1.103,211.8,0.0551,50.6,267,1.042,19.3,-0.0201,48.3,887,1.152,221.1,0.0936,51.9,-0.1137,0.211
s14_ob_mit_bias,B1,mid,1.0,TEST,aligned,687,412,197,687,1.225,278.6,0.1374,51.7,412,1.268,195.0,0.1795,53.2,197,1.181,66.4,0.0875,49.7,0.0921,0.501
s14_ob_mit_bias,B1,mid,1.0,TEST,against,734,211,450,734,1.307,402.1,0.1765,52.7,211,1.483,169.5,0.2854,56.4,450,1.218,181.8,0.1227,50.9,0.1627,0.21
s14_ob_mit_bias,B2,mid,1.0,TEST,aligned,687,155,532,687,1.225,278.6,0.1374,51.7,155,1.407,109.6,0.189,52.9,532,1.174,169.0,0.1223,51.3,0.0667,0.559
s14_ob_mit_bias,B2,mid,1.0,TEST,against,734,459,275,734,1.307,402.1,0.1765,52.7,459,1.518,391.1,0.2729,56.0,275,1.02,11.0,0.0157,47.3,0.2571,0.026
s14_ob_mit_bias,B3,mid,1.0,TEST,aligned,687,460,227,687,1.225,278.6,0.1374,51.7,460,1.146,124.9,0.099,50.4,227,1.399,153.7,0.215,54.2,-0.116,0.317
s14_ob_mit_bias,B3,mid,1.0,TEST,against,734,498,236,734,1.307,402.1,0.1765,52.7,498,1.188,175.2,0.0997,50.2,236,1.602,226.9,0.3386,58.1,-0.2389,0.059
s14_ob_mit_bias,B4,mid,1.0,TEST,aligned,687,422,221,687,1.225,278.6,0.1374,51.7,422,1.352,253.3,0.2229,54.5,221,1.006,2.5,-0.0394,46.2,0.2623,0.045
s14_ob_mit_bias,B4,mid,1.0,TEST,against,734,182,483,734,1.307,402.1,0.1765,52.7,182,1.213,68.9,0.1425,52.2,483,1.418,348.3,0.2267,54.2,-0.0842,0.502
s14_ob_mit_bias,B5,mid,1.0,TEST,aligned,687,595,92,687,1.225,278.6,0.1374,51.7,595,1.17,186.0,0.0994,50.4,92,1.637,92.7,0.383,59.8,-0.2836,0.014
s14_ob_mit_bias,B5,mid,1.0,TEST,against,734,99,635,734,1.307,402.1,0.1765,52.7,99,1.332,62.7,0.1378,50.5,635,1.303,339.4,0.1826,53.1,-0.0448,0.719
s14_ob_mit_bias,B6,mid,1.0,TEST,aligned,687,301,348,687,1.225,278.6,0.1374,51.7,301,1.154,85.7,0.1082,50.8,348,1.281,173.7,0.169,52.6,-0.0607,0.641
s14_ob_mit_bias,B6,mid,1.0,TEST,against,734,140,555,734,1.307,402.1,0.1765,52.7,140,1.292,72.6,0.1723,52.9,555,1.314,312.2,0.1873,53.0,-0.015,0.91
s14_ob_mit_bias,B1,q,0.7,ALL,aligned,1970,1146,603,1970,1.191,634.4,0.0994,47.1,1146,1.25,474.0,0.1392,48.3,603,1.135,139.9,0.0502,45.4,0.089,0.28
s14_ob_mit_bias,B1,q,0.7,ALL,against,1966,615,1141,1966,1.159,535.9,0.0994,46.9,615,1.161,168.7,0.0824,46.5,1141,1.143,282.5,0.097,46.8,-0.0146,0.832
s14_ob_mit_bias,B2,q,0.7,ALL,aligned,1970,433,1537,1970,1.191,634.4,0.0994,47.1,433,1.149,111.0,0.0873,46.7,1537,1.203,523.4,0.1028,47.2,-0.0155,0.825
s14_ob_mit_bias,B2,q,0.7,ALL,against,1966,1192,774,1966,1.159,535.9,0.0994,46.9,1192,1.299,578.1,0.1824,49.7,774,0.971,-42.2,-0.0283,42.6,0.2106,0.004
s14_ob_mit_bias,B3,q,0.7,ALL,aligned,1970,1379,590,1970,1.191,634.4,0.0994,47.1,1379,1.156,362.8,0.0762,46.4,590,1.267,266.3,0.1508,48.5,-0.0746,0.297
s14_ob_mit_bias,B3,q,0.7,ALL,against,1966,1306,660,1966,1.159,535.9,0.0994,46.9,1306,1.061,140.6,0.0213,44.4,660,1.377,395.3,0.2541,52.0,-0.2328,0.0
s14_ob_mit_bias,B4,q,0.7,ALL,aligned,1970,1269,541,1970,1.191,634.4,0.0994,47.1,1269,1.396,784.9,0.2226,51.1,541,0.915,-86.1,-0.1051,40.3,0.3277,0.0
s14_ob_mit_bias,B4,q,0.7,ALL,against,1966,478,1326,1966,1.159,535.9,0.0994,46.9,478,1.234,181.3,0.1632,49.4,1326,1.166,378.1,0.0873,46.5,0.0759,0.324
s14_ob_mit_bias,B5,q,0.7,ALL,aligned,1970,1626,344,1970,1.191,634.4,0.0994,47.1,1626,1.207,566.1,0.115,47.5,344,1.118,68.3,0.0258,45.1,0.0891,0.233
s14_ob_mit_bias,B5,q,0.7,ALL,against,1966,333,1633,1966,1.159,535.9,0.0994,46.9,333,0.995,-3.0,-0.0358,42.6,1633,1.194,538.9,0.127,47.8,-0.1628,0.022
s14_ob_mit_bias,B6,q,0.7,ALL,aligned,1970,815,1012,1970,1.191,634.4,0.0994,47.1,815,1.199,270.4,0.1067,47.4,1012,1.215,366.1,0.1099,47.3,-0.0032,0.97
s14_ob_mit_bias,B6,q,0.7,ALL,against,1966,407,1442,1966,1.159,535.9,0.0994,46.9,407,1.094,66.5,0.0263,44.7,1442,1.189,463.4,0.1291,47.9,-0.1028,0.159
s14_ob_mit_bias,B1,q,0.7,TRAIN,aligned,1283,734,406,1283,1.148,311.6,0.0665,46.4,734,1.205,243.2,0.0998,47.4,406,1.109,73.6,0.0322,45.3,0.0676,0.464
s14_ob_mit_bias,B1,q,0.7,TRAIN,against,1232,404,691,1232,1.084,172.7,0.0542,45.9,404,1.0,-0.1,-0.0205,43.6,691,1.125,141.0,0.0838,46.9,-0.1043,0.266
s14_ob_mit_bias,B2,q,0.7,TRAIN,aligned,1283,278,1005,1283,1.148,311.6,0.0665,46.4,278,1.024,11.3,0.0287,45.3,1005,1.184,300.4,0.0769,46.7,-0.0482,0.601
s14_ob_mit_bias,B2,q,0.7,TRAIN,against,1232,733,499,1232,1.084,172.7,0.0542,45.9,733,1.234,268.6,0.1475,49.1,499,0.894,-95.9,-0.0829,41.3,0.2304,0.013
s14_ob_mit_bias,B3,q,0.7,TRAIN,aligned,1283,919,363,1283,1.148,311.6,0.0665,46.4,919,1.142,211.2,0.0548,46.1,363,1.153,95.0,0.0915,46.8,-0.0367,0.672
s14_ob_mit_bias,B3,q,0.7,TRAIN,against,1232,808,424,1232,1.084,172.7,0.0542,45.9,808,0.974,-36.5,-0.0353,43.1,424,1.318,209.2,0.2246,51.4,-0.2599,0.007
s14_ob_mit_bias,B4,q,0.7,TRAIN,aligned,1283,847,320,1283,1.148,311.6,0.0665,46.4,847,1.366,471.4,0.1961,50.6,320,0.856,-84.3,-0.1352,39.7,0.3314,0.0
s14_ob_mit_bias,B4,q,0.7,TRAIN,against,1232,296,843,1232,1.084,172.7,0.0542,45.9,296,1.258,116.6,0.1587,49.7,843,1.041,58.7,0.0134,44.5,0.1454,0.128
s14_ob_mit_bias,B5,q,0.7,TRAIN,aligned,1283,1031,252,1283,1.148,311.6,0.0665,46.4,1031,1.195,326.7,0.1047,47.5,252,0.965,-15.1,-0.0901,41.7,0.1948,0.035
s14_ob_mit_bias,B5,q,0.7,TRAIN,against,1232,234,998,1232,1.084,172.7,0.0542,45.9,234,0.926,-28.9,-0.0801,41.9,998,1.122,201.6,0.0856,46.9,-0.1658,0.063
s14_ob_mit_bias,B6,q,0.7,TRAIN,aligned,1283,514,664,1283,1.148,311.6,0.0665,46.4,514,1.183,150.5,0.085,47.1,664,1.168,183.8,0.0733,46.5,0.0117,0.903
s14_ob_mit_bias,B6,q,0.7,TRAIN,against,1232,267,887,1232,1.084,172.7,0.0542,45.9,267,1.0,0.2,-0.0365,43.1,887,1.135,195.5,0.095,47.2,-0.1316,0.148
s14_ob_mit_bias,B1,q,0.7,TEST,aligned,687,412,197,687,1.267,322.8,0.1608,48.3,412,1.326,230.8,0.2095,50.0,197,1.183,66.3,0.0872,45.7,0.1223,0.358
s14_ob_mit_bias,B1,q,0.7,TEST,against,734,211,450,734,1.277,363.2,0.1754,48.6,211,1.481,168.8,0.2794,52.1,450,1.169,141.5,0.1172,46.7,0.1622,0.205
s14_ob_mit_bias,B2,q,0.7,TEST,aligned,687,155,532,687,1.267,322.8,0.1608,48.3,155,1.369,99.7,0.1924,49.0,532,1.238,223.1,0.1517,48.1,0.0407,0.731
s14_ob_mit_bias,B2,q,0.7,TEST,against,734,459,275,734,1.277,363.2,0.1754,48.6,459,1.395,309.5,0.2381,50.8,275,1.101,53.7,0.0709,45.1,0.1672,0.163
s14_ob_mit_bias,B3,q,0.7,TEST,aligned,687,460,227,687,1.267,322.8,0.1608,48.3,460,1.182,151.5,0.119,47.0,227,1.456,171.3,0.2456,51.1,-0.1266,0.332
s14_ob_mit_bias,B3,q,0.7,TEST,against,734,498,236,734,1.277,363.2,0.1754,48.6,498,1.192,177.1,0.1131,46.6,236,1.474,186.1,0.307,53.0,-0.1939,0.125
s14_ob_mit_bias,B4,q,0.7,TEST,aligned,687,422,221,687,1.267,322.8,0.1608,48.3,422,1.453,313.6,0.2756,52.1,221,0.996,-1.8,-0.0615,41.2,0.3371,0.013
s14_ob_mit_bias,B4,q,0.7,TEST,against,734,182,483,734,1.277,363.2,0.1754,48.6,182,1.202,64.7,0.1706,48.9,483,1.381,319.4,0.2164,49.9,-0.0458,0.718
s14_ob_mit_bias,B5,q,0.7,TEST,aligned,687,595,92,687,1.267,322.8,0.1608,48.3,595,1.226,239.5,0.1327,47.4,92,1.555,83.3,0.3432,54.3,-0.2105,0.122
s14_ob_mit_bias,B5,q,0.7,TEST,against,734,99,635,734,1.277,363.2,0.1754,48.6,99,1.129,25.9,0.0692,44.4,635,1.303,337.3,0.192,49.3,-0.1228,0.312
s14_ob_mit_bias,B6,q,0.7,TEST,aligned,687,301,348,687,1.267,322.8,0.1608,48.3,301,1.224,119.9,0.1436,47.8,348,1.299,182.3,0.1795,48.9,-0.0359,0.8
s14_ob_mit_bias,B6,q,0.7,TEST,against,734,140,555,734,1.277,363.2,0.1754,48.6,140,1.266,66.4,0.1462,47.9,555,1.268,267.8,0.1836,48.8,-0.0374,0.759
s95_session_breakout,B1,mid,1.0,ALL,aligned,576,366,151,576,1.164,421.3,0.0346,69.6,366,1.213,357.6,0.052,71.0,151,0.918,-57.4,0.0157,69.5,0.0364,0.377
s95_session_breakout,B1,mid,1.0,ALL,against,413,164,207,413,1.4,737.2,0.0372,68.8,164,1.093,74.0,0.0126,67.7,207,1.533,460.9,0.05,69.1,-0.0374,0.444
s95_session_breakout,B2,mid,1.0,ALL,aligned,576,56,520,576,1.164,421.3,0.0346,69.6,56,0.812,-48.9,-0.0087,66.1,520,1.204,470.2,0.0393,70.0,-0.048,0.222
s95_session_breakout,B2,mid,1.0,ALL,against,413,171,242,413,1.4,737.2,0.0372,68.8,171,1.043,38.8,-0.0128,66.7,242,1.741,698.4,0.0726,70.2,-0.0853,0.058
s95_session_breakout,B3,mid,1.0,ALL,aligned,576,518,58,576,1.164,421.3,0.0346,69.6,518,1.125,297.7,0.0255,69.1,58,1.683,123.6,0.1164,74.1,-0.0909,0.021
s95_session_breakout,B3,mid,1.0,ALL,against,413,365,48,413,1.4,737.2,0.0372,68.8,365,1.456,740.8,0.0421,68.8,48,0.983,-3.6,0.0005,68.8,0.0416,0.382
s95_session_breakout,B4,mid,1.0,ALL,aligned,576,398,138,576,1.164,421.3,0.0346,69.6,398,1.342,538.3,0.0609,72.6,138,0.74,-224.2,-0.058,59.4,0.1189,0.002
s95_session_breakout,B4,mid,1.0,ALL,against,413,113,274,413,1.4,737.2,0.0372,68.8,113,0.892,-69.8,0.0044,67.3,274,1.731,795.8,0.0505,69.0,-0.0461,0.352
s95_session_breakout,B5,mid,1.0,ALL,aligned,576,477,99,576,1.164,421.3,0.0346,69.6,477,1.103,227.0,0.0327,69.2,99,1.552,194.2,0.0439,71.7,-0.0112,0.785
s95_session_breakout,B5,mid,1.0,ALL,against,413,70,343,413,1.4,737.2,0.0372,68.8,70,1.297,98.2,-0.0245,61.4,343,1.423,639.0,0.0498,70.3,-0.0743,0.115
s95_session_breakout,B6,mid,1.0,ALL,aligned,576,329,200,576,1.164,421.3,0.0346,69.6,329,1.165,258.5,0.0388,69.9,200,1.1,82.5,0.0526,71.5,-0.0138,0.748
s95_session_breakout,B6,mid,1.0,ALL,against,413,135,242,413,1.4,737.2,0.0372,68.8,135,1.109,73.6,0.0208,68.1,242,1.494,488.6,0.0439,69.0,-0.0231,0.636
s95_session_breakout,B1,mid,1.0,TRAIN,aligned,357,223,96,357,1.228,238.5,0.0288,70.6,223,1.359,223.5,0.0566,73.1,96,1.068,20.1,0.0151,70.8,0.0416,0.392
s95_session_breakout,B1,mid,1.0,TRAIN,against,248,106,116,248,1.216,182.8,0.0194,67.7,106,1.071,31.6,-0.0144,67.0,116,1.211,74.5,0.0331,67.2,-0.0475,0.445
s95_session_breakout,B2,mid,1.0,TRAIN,aligned,357,39,318,357,1.228,238.5,0.0288,70.6,39,0.961,-5.7,-0.0049,69.2,318,1.272,244.2,0.0329,70.8,-0.0378,0.43
s95_session_breakout,B2,mid,1.0,TRAIN,against,248,102,146,248,1.216,182.8,0.0194,67.7,102,1.014,5.5,-0.0185,65.7,146,1.388,177.3,0.0459,69.2,-0.0644,0.254
s95_session_breakout,B3,mid,1.0,TRAIN,aligned,357,328,29,357,1.228,238.5,0.0288,70.6,328,1.242,231.0,0.0279,70.7,29,1.081,7.5,0.0386,69.0,-0.0107,0.822
s95_session_breakout,B3,mid,1.0,TRAIN,against,248,217,31,248,1.216,182.8,0.0194,67.7,217,1.196,152.2,0.022,67.7,31,1.456,30.6,0.0016,67.7,0.0203,0.728
s95_session_breakout,B4,mid,1.0,TRAIN,aligned,357,257,80,357,1.228,238.5,0.0288,70.6,257,1.544,353.4,0.0767,75.5,80,0.67,-115.1,-0.1168,53.8,0.1936,0.0
s95_session_breakout,B4,mid,1.0,TRAIN,against,248,63,165,248,1.216,182.8,0.0194,67.7,63,0.668,-100.2,-0.0485,61.9,165,1.509,251.0,0.0367,68.5,-0.0852,0.16
s95_session_breakout,B5,mid,1.0,TRAIN,aligned,357,290,67,357,1.228,238.5,0.0288,70.6,290,1.217,188.0,0.0343,70.7,67,1.28,50.5,0.005,70.1,0.0293,0.553
s95_session_breakout,B5,mid,1.0,TRAIN,against,248,43,205,248,1.216,182.8,0.0194,67.7,43,0.678,-62.0,-0.115,55.8,205,1.375,244.9,0.0476,70.2,-0.1626,0.006
s95_session_breakout,B6,mid,1.0,TRAIN,aligned,357,205,121,357,1.228,238.5,0.0288,70.6,205,1.387,219.1,0.0539,73.2,121,1.136,49.4,0.0344,71.1,0.0195,0.722
s95_session_breakout,B6,mid,1.0,TRAIN,against,248,87,139,248,1.216,182.8,0.0194,67.7,87,0.987,-5.6,-0.0148,67.8,139,1.308,119.4,0.0282,66.9,-0.043,0.497
s95_session_breakout,B1,mid,1.0,TEST,aligned,219,143,55,219,1.121,182.8,0.0441,68.0,143,1.127,134.1,0.0449,67.8,55,0.808,-77.6,0.0168,67.3,0.0281,0.698
s95_session_breakout,B1,mid,1.0,TEST,against,165,58,91,165,1.557,554.4,0.064,70.3,58,1.12,42.4,0.0618,69.0,91,1.755,386.4,0.0715,71.4,-0.0097,0.895
s95_session_breakout,B2,mid,1.0,TEST,aligned,219,17,202,219,1.121,182.8,0.0441,68.0,17,0.615,-43.2,-0.0175,58.8,202,1.161,226.0,0.0493,68.8,-0.0668,0.296
s95_session_breakout,B2,mid,1.0,TEST,against,165,69,96,165,1.557,554.4,0.064,70.3,69,1.065,33.3,-0.0043,68.1,96,2.074,521.0,0.113,71.9,-0.1173,0.144
s95_session_breakout,B3,mid,1.0,TEST,aligned,219,190,29,219,1.121,182.8,0.0441,68.0,190,1.047,66.7,0.0212,66.3,29,2.313,116.0,0.1942,79.3,-0.173,0.006
s95_session_breakout,B3,mid,1.0,TEST,against,165,148,17,165,1.557,554.4,0.064,70.3,148,1.694,588.6,0.0715,70.3,17,0.769,-34.2,-0.0016,70.6,0.0731,0.348
s95_session_breakout,B4,mid,1.0,TEST,aligned,219,141,58,219,1.121,182.8,0.0441,68.0,141,1.2,184.9,0.0321,67.4,58,0.787,-109.1,0.0232,67.2,0.009,0.887
s95_session_breakout,B4,mid,1.0,TEST,against,165,50,109,165,1.557,554.4,0.064,70.3,50,1.088,30.4,0.0712,74.0,109,1.914,544.8,0.0715,69.7,-0.0003,0.998
s95_session_breakout,B5,mid,1.0,TEST,aligned,219,187,32,219,1.121,182.8,0.0441,68.0,187,1.029,39.1,0.0302,66.8,32,1.838,143.7,0.1253,75.0,-0.0951,0.167
s95_session_breakout,B5,mid,1.0,TEST,against,165,27,138,165,1.557,554.4,0.064,70.3,27,2.158,160.3,0.1196,70.4,138,1.459,394.1,0.0531,70.3,0.0666,0.391
s95_session_breakout,B6,mid,1.0,TEST,aligned,219,124,79,219,1.121,182.8,0.0441,68.0,124,1.039,39.4,0.0139,64.5,79,1.072,33.1,0.0805,72.2,-0.0666,0.387
s95_session_breakout,B6,mid,1.0,TEST,against,165,48,103,165,1.557,554.4,0.064,70.3,48,1.303,79.2,0.0854,68.8,103,1.613,369.2,0.0651,71.8,0.0203,0.819
s95_session_breakout,B1,q,0.7,ALL,aligned,576,366,151,576,1.155,402.8,0.035,67.7,366,1.156,272.6,0.0406,68.0,151,0.985,-9.9,0.0361,69.5,0.0044,0.918
s95_session_breakout,B1,q,0.7,ALL,against,413,164,207,413,1.404,754.0,0.0396,67.8,164,1.101,80.8,0.015,67.7,207,1.558,484.0,0.0585,68.1,-0.0435,0.407
s95_session_breakout,B2,q,0.7,ALL,aligned,576,56,520,576,1.155,402.8,0.035,67.7,56,0.869,-33.1,0.0102,66.1,520,1.186,435.9,0.0377,67.9,-0.0275,0.476
s95_session_breakout,B2,q,0.7,ALL,against,413,171,242,413,1.404,754.0,0.0396,67.8,171,1.093,82.1,0.0045,67.8,242,1.682,671.9,0.0645,67.8,-0.06,0.202
s95_session_breakout,B3,q,0.7,ALL,aligned,576,518,58,576,1.155,402.8,0.035,67.7,518,1.128,306.4,0.0306,67.6,58,1.474,96.4,0.075,69.0,-0.0444,0.265
s95_session_breakout,B3,q,0.7,ALL,against,413,365,48,413,1.404,754.0,0.0396,67.8,365,1.475,775.3,0.0484,67.9,48,0.908,-21.3,-0.0272,66.7,0.0756,0.153
s95_session_breakout,B4,q,0.7,ALL,aligned,576,398,138,576,1.155,402.8,0.035,67.7,398,1.336,536.4,0.0646,71.1,138,0.764,-201.4,-0.0545,58.0,0.1191,0.005
s95_session_breakout,B4,q,0.7,ALL,against,413,113,274,413,1.404,754.0,0.0396,67.8,113,0.852,-99.7,-0.0087,65.5,274,1.77,835.6,0.0577,68.2,-0.0664,0.18
s95_session_breakout,B5,q,0.7,ALL,aligned,576,477,99,576,1.155,402.8,0.035,67.7,477,1.092,206.6,0.0309,67.1,99,1.554,196.3,0.0552,70.7,-0.0244,0.526
s95_session_breakout,B5,q,0.7,ALL,against,413,70,343,413,1.404,754.0,0.0396,67.8,70,1.341,111.0,-0.0138,62.9,343,1.418,643.0,0.0505,68.8,-0.0643,0.205
s95_session_breakout,B6,q,0.7,ALL,aligned,576,329,200,576,1.155,402.8,0.035,67.7,329,1.128,207.1,0.0351,67.5,200,1.121,100.2,0.0546,70.0,-0.0195,0.638
s95_session_breakout,B6,q,0.7,ALL,against,413,135,242,413,1.404,754.0,0.0396,67.8,135,1.12,81.4,0.0257,68.1,242,1.485,490.7,0.0453,67.8,-0.0196,0.712
s95_session_breakout,B1,q,0.7,TRAIN,aligned,357,223,96,357,1.228,244.3,0.0316,68.6,223,1.281,187.0,0.0453,70.0,96,1.17,49.0,0.04,70.8,0.0053,0.92
s95_session_breakout,B1,q,0.7,TRAIN,against,248,106,116,248,1.191,166.4,0.0199,66.1,106,1.069,30.6,-0.0106,66.0,116,1.219,79.2,0.042,66.4,-0.0526,0.434
s95_session_breakout,B2,q,0.7,TRAIN,aligned,357,39,318,357,1.228,244.3,0.0316,68.6,39,1.035,5.0,0.0168,69.2,318,1.258,239.3,0.0335,68.6,-0.0166,0.743
s95_session_breakout,B2,q,0.7,TRAIN,against,248,102,146,248,1.191,166.4,0.0199,66.1,102,1.029,11.1,-0.0101,65.7,146,1.322,155.3,0.0408,66.4,-0.0509,0.412
s95_session_breakout,B3,q,0.7,TRAIN,aligned,357,328,29,357,1.228,244.3,0.0316,68.6,328,1.242,236.5,0.0334,68.9,29,1.082,7.8,0.0117,65.5,0.0217,0.656
s95_session_breakout,B3,q,0.7,TRAIN,against,248,217,31,248,1.191,166.4,0.0199,66.1,217,1.206,161.3,0.0299,66.4,31,1.059,5.1,-0.0501,64.5,0.08,0.189
s95_session_breakout,B4,q,0.7,TRAIN,aligned,357,257,80,357,1.228,244.3,0.0316,68.6,257,1.497,339.4,0.0786,73.5,80,0.715,-97.8,-0.1125,52.5,0.1911,0.0
s95_session_breakout,B4,q,0.7,TRAIN,against,248,63,165,248,1.191,166.4,0.0199,66.1,63,0.626,-117.5,-0.0571,60.3,165,1.482,245.3,0.0377,66.7,-0.0949,0.135
s95_session_breakout,B5,q,0.7,TRAIN,aligned,357,290,67,357,1.228,244.3,0.0316,68.6,290,1.201,179.4,0.0331,68.3,67,1.367,64.9,0.0253,70.1,0.0078,0.875
s95_session_breakout,B5,q,0.7,TRAIN,against,248,43,205,248,1.191,166.4,0.0199,66.1,43,0.718,-52.8,-0.0996,58.1,205,1.32,219.2,0.045,67.8,-0.1445,0.019
s95_session_breakout,B6,q,0.7,TRAIN,aligned,357,205,121,357,1.228,244.3,0.0316,68.6,205,1.31,186.9,0.0478,70.2,121,1.214,76.2,0.0455,70.2,0.0023,0.963
s95_session_breakout,B6,q,0.7,TRAIN,against,248,87,139,248,1.191,166.4,0.0199,66.1,87,0.999,-0.4,-0.005,66.7,139,1.234,97.4,0.0237,65.5,-0.0287,0.632
s95_session_breakout,B1,q,0.7,TEST,aligned,219,143,55,219,1.104,158.6,0.0406,66.2,143,1.079,85.6,0.0332,65.0,55,0.851,-58.9,0.0294,67.3,0.0038,0.949
s95_session_breakout,B1,q,0.7,TEST,against,165,58,91,165,1.592,587.6,0.0693,70.3,58,1.141,50.2,0.0618,70.7,91,1.799,404.8,0.0795,70.3,-0.0177,0.847
s95_session_breakout,B2,q,0.7,TEST,aligned,219,17,202,219,1.104,158.6,0.0406,66.2,17,0.654,-38.1,-0.0049,58.8,202,1.138,196.6,0.0444,66.8,-0.0494,0.451
s95_session_breakout,B2,q,0.7,TEST,against,165,69,96,165,1.592,587.6,0.0693,70.3,69,1.145,71.0,0.0259,71.0,96,2.03,516.6,0.1004,69.8,-0.0745,0.347
s95_session_breakout,B3,q,0.7,TEST,aligned,219,190,29,219,1.104,158.6,0.0406,66.2,190,1.049,70.0,0.0257,65.3,29,1.822,88.6,0.1382,72.4,-0.1126,0.088
s95_session_breakout,B3,q,0.7,TEST,against,165,148,17,165,1.592,587.6,0.0693,70.3,148,1.723,614.1,0.0755,70.3,17,0.816,-26.4,0.0146,70.6,0.061,0.488
s95_session_breakout,B4,q,0.7,TEST,aligned,219,141,58,219,1.104,158.6,0.0406,66.2,141,1.215,197.1,0.039,66.7,58,0.798,-103.5,0.0254,65.5,0.0137,0.839
s95_session_breakout,B4,q,0.7,TEST,against,165,50,109,165,1.592,587.6,0.0693,70.3,50,1.05,17.8,0.0522,72.0,109,2.024,590.3,0.0879,70.6,-0.0357,0.658
s95_session_breakout,B5,q,0.7,TEST,aligned,219,187,32,219,1.104,158.6,0.0406,66.2,187,1.02,27.2,0.0274,65.2,32,1.74,131.4,0.1179,71.9,-0.0906,0.164
s95_session_breakout,B5,q,0.7,TEST,against,165,27,138,165,1.592,587.6,0.0693,70.3,27,2.185,163.8,0.1228,70.4,138,1.496,423.8,0.0588,70.3,0.0641,0.422
s95_session_breakout,B6,q,0.7,TEST,aligned,219,124,79,219,1.104,158.6,0.0406,66.2,124,1.02,20.3,0.0141,62.9,79,1.051,23.9,0.0685,69.6,-0.0544,0.444
s95_session_breakout,B6,q,0.7,TEST,against,165,48,103,165,1.592,587.6,0.0693,70.3,48,1.304,81.8,0.0813,70.8,103,1.662,393.3,0.0743,70.9,0.007,0.933
s93_fvg_scalp,B1,mid,1.0,ALL,aligned,226,127,77,226,0.973,-18.8,-0.0939,47.8,127,0.878,-49.1,-0.0901,48.0,77,0.982,-4.3,-0.0363,50.6,-0.0538,0.749
s93_fvg_scalp,B1,mid,1.0,ALL,against,260,73,156,260,1.13,107.7,-0.0705,47.7,73,1.245,49.5,-0.0444,49.3,156,1.082,43.7,-0.1105,46.2,0.0661,0.702
s93_fvg_scalp,B2,mid,1.0,ALL,aligned,226,58,168,226,0.973,-18.8,-0.0939,47.8,58,0.921,-13.4,-0.2489,43.1,168,0.99,-5.4,-0.0404,49.4,-0.2086,0.231
s93_fvg_scalp,B2,mid,1.0,ALL,against,260,153,107,260,1.13,107.7,-0.0705,47.7,153,0.962,-18.4,-0.05,49.0,107,1.367,126.1,-0.1,45.8,0.05,0.78
s93_fvg_scalp,B3,mid,1.0,ALL,aligned,226,154,72,226,0.973,-18.8,-0.0939,47.8,154,1.045,21.8,-0.0088,50.6,72,0.821,-40.6,-0.276,41.7,0.2672,0.107
s93_fvg_scalp,B3,mid,1.0,ALL,against,260,164,96,260,1.13,107.7,-0.0705,47.7,164,1.145,81.2,-0.1301,45.1,96,1.097,26.5,0.0312,52.1,-0.1613,0.309
s93_fvg_scalp,B4,mid,1.0,ALL,aligned,226,150,51,226,0.973,-18.8,-0.0939,47.8,150,0.998,-1.0,-0.1078,47.3,51,0.785,-38.7,-0.0089,51.0,-0.0989,0.583
s93_fvg_scalp,B4,mid,1.0,ALL,against,260,64,175,260,1.13,107.7,-0.0705,47.7,64,1.162,29.8,0.0348,51.6,175,1.177,102.1,-0.0789,47.4,0.1137,0.486
s93_fvg_scalp,B5,mid,1.0,ALL,aligned,226,179,47,226,0.973,-18.8,-0.0939,47.8,179,0.976,-13.2,-0.0979,47.5,47,0.963,-5.6,-0.0787,48.9,-0.0193,0.916
s93_fvg_scalp,B5,mid,1.0,ALL,against,260,49,211,260,1.13,107.7,-0.0705,47.7,49,1.082,12.7,-0.069,46.9,211,1.14,95.1,-0.0709,47.9,0.0018,0.992
s93_fvg_scalp,B6,mid,1.0,ALL,aligned,226,81,128,226,0.973,-18.8,-0.0939,47.8,81,1.09,21.7,0.0737,54.3,128,0.913,-35.2,-0.1468,46.1,0.2205,0.205
s93_fvg_scalp,B6,mid,1.0,ALL,against,260,45,193,260,1.13,107.7,-0.0705,47.7,45,1.134,18.9,-0.1652,44.4,193,1.18,107.5,-0.0247,49.7,-0.1404,0.434
s93_fvg_scalp,B1,mid,1.0,TRAIN,aligned,125,66,48,125,0.82,-54.3,-0.0978,50.4,66,0.748,-38.9,-0.0733,51.5,48,0.925,-8.7,-0.0672,52.1,-0.0061,0.976
s93_fvg_scalp,B1,mid,1.0,TRAIN,against,161,54,87,161,0.974,-10.7,-0.1777,45.3,54,1.205,26.1,-0.0986,48.1,87,0.741,-62.7,-0.3239,40.2,0.2253,0.312
s93_fvg_scalp,B2,mid,1.0,TRAIN,aligned,125,34,91,125,0.82,-54.3,-0.0978,50.4,34,0.655,-30.0,-0.3743,41.2,91,0.887,-24.4,0.0055,53.8,-0.3798,0.109
s93_fvg_scalp,B2,mid,1.0,TRAIN,against,161,96,65,161,0.974,-10.7,-0.1777,45.3,96,0.98,-4.6,-0.1237,47.9,65,0.965,-6.1,-0.2574,41.5,0.1337,0.542
s93_fvg_scalp,B3,mid,1.0,TRAIN,aligned,125,82,43,125,0.82,-54.3,-0.0978,50.4,82,0.959,-7.7,0.0273,54.9,43,0.595,-46.6,-0.3364,41.9,0.3637,0.107
s93_fvg_scalp,B3,mid,1.0,TRAIN,against,161,100,61,161,0.974,-10.7,-0.1777,45.3,100,0.889,-30.4,-0.2651,42.0,61,1.152,19.7,-0.0344,50.8,-0.2308,0.255
s93_fvg_scalp,B4,mid,1.0,TRAIN,aligned,125,87,25,125,0.82,-54.3,-0.0978,50.4,87,0.776,-50.2,-0.1157,49.4,25,1.049,2.4,0.1506,60.0,-0.2663,0.256
s93_fvg_scalp,B4,mid,1.0,TRAIN,against,161,39,107,161,0.974,-10.7,-0.1777,45.3,39,1.409,36.3,0.0593,53.8,107,0.947,-14.2,-0.2209,43.9,0.2802,0.229
s93_fvg_scalp,B5,mid,1.0,TRAIN,aligned,125,97,28,125,0.82,-54.3,-0.0978,50.4,97,0.86,-32.6,-0.0621,51.5,28,0.684,-21.7,-0.2216,46.4,0.1594,0.511
s93_fvg_scalp,B5,mid,1.0,TRAIN,against,161,32,129,161,0.974,-10.7,-0.1777,45.3,32,1.059,4.5,-0.1345,46.9,129,0.954,-15.2,-0.1884,45.0,0.0539,0.794
s93_fvg_scalp,B6,mid,1.0,TRAIN,aligned,125,41,77,125,0.82,-54.3,-0.0978,50.4,41,0.918,-7.4,0.1105,58.5,77,0.793,-39.3,-0.1642,48.1,0.2747,0.249
s93_fvg_scalp,B6,mid,1.0,TRAIN,against,161,35,113,161,0.974,-10.7,-0.1777,45.3,35,1.154,14.6,-0.2344,42.9,113,0.88,-33.5,-0.1743,46.0,-0.0601,0.782
s93_fvg_scalp,B1,mid,1.0,TEST,aligned,101,61,29,101,1.087,35.5,-0.0891,44.6,61,0.959,-10.1,-0.1083,44.3,29,1.038,4.4,0.0148,48.3,-0.1231,0.654
s93_fvg_scalp,B1,mid,1.0,TEST,against,99,19,69,99,1.278,118.4,0.1037,51.5,19,1.312,23.4,0.1097,52.6,69,1.37,106.4,0.1586,53.6,-0.0489,0.857
s93_fvg_scalp,B2,mid,1.0,TEST,aligned,101,24,77,101,1.087,35.5,-0.0891,44.6,24,1.2,16.5,-0.0713,45.8,77,1.058,19.0,-0.0946,44.2,0.0233,0.935
s93_fvg_scalp,B2,mid,1.0,TEST,against,99,57,42,99,1.278,118.4,0.1037,51.5,57,0.946,-13.8,0.0743,50.9,42,1.779,132.3,0.1436,52.4,-0.0693,0.791
s93_fvg_scalp,B3,mid,1.0,TEST,aligned,101,72,29,101,1.087,35.5,-0.0891,44.6,72,1.1,29.5,-0.0498,45.8,29,1.054,6.0,-0.1864,41.4,0.1366,0.585
s93_fvg_scalp,B3,mid,1.0,TEST,against,99,64,35,99,1.278,118.4,0.1037,51.5,64,1.394,111.6,0.0809,50.0,35,1.047,6.8,0.1454,54.3,-0.0645,0.828
s93_fvg_scalp,B4,mid,1.0,TEST,aligned,101,63,26,101,1.087,35.5,-0.0891,44.6,63,1.22,49.3,-0.0969,44.4,26,0.686,-41.1,-0.1623,42.3,0.0654,0.828
s93_fvg_scalp,B4,mid,1.0,TEST,against,99,25,68,99,1.278,118.4,0.1037,51.5,25,0.932,-6.5,-0.0034,48.0,68,1.373,116.2,0.1445,52.9,-0.1479,0.575
s93_fvg_scalp,B5,mid,1.0,TEST,aligned,101,82,19,101,1.087,35.5,-0.0891,44.6,82,1.059,19.4,-0.1403,42.7,19,1.197,16.1,0.1319,52.6,-0.2722,0.277
s93_fvg_scalp,B5,mid,1.0,TEST,against,99,17,82,99,1.278,118.4,0.1037,51.5,17,1.106,8.2,0.0542,47.1,82,1.315,110.3,0.114,52.4,-0.0597,0.804
s93_fvg_scalp,B6,mid,1.0,TEST,aligned,101,40,51,101,1.087,35.5,-0.0891,44.6,40,1.193,29.1,0.0359,50.0,51,1.019,4.0,-0.1206,43.1,0.1565,0.537
s93_fvg_scalp,B6,mid,1.0,TEST,against,99,10,80,99,1.278,118.4,0.1037,51.5,10,1.093,4.3,0.077,50.0,80,1.446,141.0,0.1865,55.0,-0.1095,0.691
s93_fvg_scalp,B1,q,0.7,ALL,aligned,226,127,77,226,1.012,8.4,-0.0669,45.6,127,0.904,-38.0,-0.065,45.7,77,1.023,5.2,-0.0179,48.1,-0.047,0.793
s93_fvg_scalp,B1,q,0.7,ALL,against,260,73,156,260,1.092,77.3,-0.0975,43.8,73,1.196,40.3,-0.0677,45.2,156,1.064,33.9,-0.1284,42.3,0.0608,0.697
s93_fvg_scalp,B2,q,0.7,ALL,aligned,226,58,168,226,1.012,8.4,-0.0669,45.6,58,0.991,-1.4,-0.204,41.4,168,1.018,9.8,-0.0196,47.0,-0.1844,0.244
s93_fvg_scalp,B2,q,0.7,ALL,against,260,153,107,260,1.092,77.3,-0.0975,43.8,153,0.916,-41.8,-0.0846,44.4,107,1.345,119.0,-0.1158,43.0,0.0312,0.849
s93_fvg_scalp,B3,q,0.7,ALL,aligned,226,154,72,226,1.012,8.4,-0.0669,45.6,154,1.084,39.8,0.0225,48.7,72,0.857,-31.4,-0.2582,38.9,0.2807,0.095
s93_fvg_scalp,B3,q,0.7,ALL,against,260,164,96,260,1.092,77.3,-0.0975,43.8,164,1.125,70.2,-0.1577,41.5,96,1.025,7.1,0.0055,47.9,-0.1631,0.283
s93_fvg_scalp,B4,q,0.7,ALL,aligned,226,150,51,226,1.012,8.4,-0.0669,45.6,150,1.122,51.3,-0.041,46.7,51,0.633,-71.3,-0.1275,43.1,0.0865,0.634
s93_fvg_scalp,B4,q,0.7,ALL,against,260,64,175,260,1.092,77.3,-0.0975,43.8,64,0.98,-4.0,-0.0452,45.3,175,1.211,120.1,-0.0709,45.1,0.0258,0.878
s93_fvg_scalp,B5,q,0.7,ALL,aligned,226,179,47,226,1.012,8.4,-0.0669,45.6,179,1.044,23.5,-0.0457,46.4,47,0.903,-15.1,-0.1476,42.6,0.1019,0.519
s93_fvg_scalp,B5,q,0.7,ALL,against,260,49,211,260,1.092,77.3,-0.0975,43.8,49,0.858,-23.8,-0.1928,38.8,211,1.15,101.1,-0.0753,45.0,-0.1175,0.493
s93_fvg_scalp,B6,q,0.7,ALL,aligned,226,81,128,226,1.012,8.4,-0.0669,45.6,81,1.109,26.0,0.0925,51.9,128,0.955,-17.5,-0.1202,43.8,0.2126,0.211
s93_fvg_scalp,B6,q,0.7,ALL,against,260,45,193,260,1.092,77.3,-0.0975,43.8,45,1.177,24.4,-0.1379,42.2,193,1.142,85.8,-0.0502,45.6,-0.0877,0.593
s93_fvg_scalp,B1,q,0.7,TRAIN,aligned,125,66,48,125,0.838,-48.3,-0.0751,47.2,66,0.759,-37.0,-0.0408,48.5,48,0.931,-7.9,-0.0725,47.9,0.0318,0.883
s93_fvg_scalp,B1,q,0.7,TRAIN,against,161,54,87,161,0.922,-32.5,-0.2069,41.0,54,1.09,12.0,-0.1463,42.6,87,0.702,-73.0,-0.3423,35.6,0.1961,0.363
s93_fvg_scalp,B2,q,0.7,TRAIN,aligned,125,34,91,125,0.838,-48.3,-0.0751,47.2,34,0.698,-25.2,-0.3437,38.2,91,0.892,-23.1,0.0252,50.5,-0.3689,0.091
s93_fvg_scalp,B2,q,0.7,TRAIN,against,161,96,65,161,0.922,-32.5,-0.2069,41.0,96,0.86,-34.4,-0.1854,41.7,65,1.012,2.0,-0.2387,40.0,0.0534,0.814
s93_fvg_scalp,B3,q,0.7,TRAIN,aligned,125,82,43,125,0.838,-48.3,-0.0751,47.2,82,0.988,-2.1,0.0697,52.4,43,0.593,-46.1,-0.3512,37.2,0.4209,0.082
s93_fvg_scalp,B3,q,0.7,TRAIN,against,161,100,61,161,0.922,-32.5,-0.2069,41.0,100,0.876,-34.2,-0.2932,38.0,61,1.013,1.8,-0.0654,45.9,-0.2279,0.28
s93_fvg_scalp,B4,q,0.7,TRAIN,aligned,125,87,25,125,0.838,-48.3,-0.0751,47.2,87,0.816,-40.3,-0.0744,47.1,25,0.899,-5.4,0.0553,52.0,-0.1297,0.575
s93_fvg_scalp,B4,q,0.7,TRAIN,against,161,39,107,161,0.922,-32.5,-0.2069,41.0,39,1.379,34.0,0.0812,51.3,107,0.936,-17.1,-0.2396,40.2,0.3208,0.145
s93_fvg_scalp,B5,q,0.7,TRAIN,aligned,125,97,28,125,0.838,-48.3,-0.0751,47.2,97,0.911,-20.2,-0.0144,49.5,28,0.607,-28.1,-0.2855,39.3,0.2711,0.231
s93_fvg_scalp,B5,q,0.7,TRAIN,against,161,32,129,161,0.922,-32.5,-0.2069,41.0,32,0.761,-20.9,-0.277,37.5,129,0.965,-11.6,-0.1895,41.9,-0.0874,0.672
s93_fvg_scalp,B6,q,0.7,TRAIN,aligned,125,41,77,125,0.838,-48.3,-0.0751,47.2,41,0.934,-5.9,0.1553,56.1,77,0.804,-36.8,-0.1594,44.2,0.3148,0.168
s93_fvg_scalp,B6,q,0.7,TRAIN,against,161,35,113,161,0.922,-32.5,-0.2069,41.0,35,1.184,17.0,-0.2141,40.0,113,0.8,-58.3,-0.2112,40.7,-0.0029,0.987
s93_fvg_scalp,B1,q,0.7,TEST,aligned,101,61,29,101,1.143,56.7,-0.0567,43.6,61,0.996,-1.0,-0.0912,42.6,29,1.117,13.1,0.0724,48.3,-0.1636,0.526
s93_fvg_scalp,B1,q,0.7,TEST,against,99,19,69,99,1.256,109.7,0.0806,48.5,19,1.392,28.3,0.1557,52.6,69,1.372,106.9,0.1413,50.7,0.0144,0.962
s93_fvg_scalp,B2,q,0.7,TEST,aligned,101,24,77,101,1.143,56.7,-0.0567,43.6,24,1.301,23.7,-0.0062,45.8,77,1.104,32.9,-0.0725,42.9,0.0663,0.792
s93_fvg_scalp,B2,q,0.7,TEST,against,99,57,42,99,1.256,109.7,0.0806,48.5,57,0.971,-7.3,0.0851,49.1,42,1.664,117.1,0.0744,47.6,0.0107,0.958
s93_fvg_scalp,B3,q,0.7,TEST,aligned,101,72,29,101,1.143,56.7,-0.0567,43.6,72,1.145,42.0,-0.0312,44.4,29,1.138,14.7,-0.1202,41.4,0.089,0.717
s93_fvg_scalp,B3,q,0.7,TEST,against,99,64,35,99,1.256,109.7,0.0806,48.5,64,1.367,104.5,0.0541,46.9,35,1.037,5.3,0.1289,51.4,-0.0748,0.818
s93_fvg_scalp,B4,q,0.7,TEST,aligned,101,63,26,101,1.143,56.7,-0.0567,43.6,63,1.452,91.6,0.0051,46.0,26,0.533,-65.9,-0.3034,34.6,0.3085,0.221
s93_fvg_scalp,B4,q,0.7,TEST,against,99,25,68,99,1.256,109.7,0.0806,48.5,25,0.651,-38.0,-0.2424,36.0,68,1.456,137.2,0.1944,52.9,-0.4367,0.093
s93_fvg_scalp,B5,q,0.7,TEST,aligned,101,82,19,101,1.143,56.7,-0.0567,43.6,82,1.14,43.7,-0.0828,42.7,19,1.155,13.0,0.0555,47.4,-0.1382,0.581
s93_fvg_scalp,B5,q,0.7,TEST,against,99,17,82,99,1.256,109.7,0.0806,48.5,17,0.964,-2.9,-0.0345,41.2,82,1.324,112.7,0.1044,50.0,-0.1389,0.588
s93_fvg_scalp,B6,q,0.7,TEST,aligned,101,40,51,101,1.143,56.7,-0.0567,43.6,40,1.214,31.9,0.028,47.5,51,1.094,19.3,-0.0609,43.1,0.0889,0.74
s93_fvg_scalp,B6,q,0.7,TEST,against,99,10,80,99,1.256,109.7,0.0806,48.5,10,1.163,7.3,0.1289,50.0,80,1.458,144.1,0.1773,52.5,-0.0484,0.866
s97_snap_scalper_m5,B1,mid,1.0,ALL,aligned,524,335,160,524,1.728,328.8,0.0439,78.6,335,1.691,225.2,0.0536,79.7,160,1.733,82.0,0.0172,77.5,0.0364,0.564
s97_snap_scalper_m5,B1,mid,1.0,ALL,against,192,78,90,192,1.627,89.1,-0.0198,71.9,78,1.959,42.7,0.0101,75.6,90,1.37,32.2,-0.0498,67.8,0.0599,0.615
s97_snap_scalper_m5,B2,mid,1.0,ALL,aligned,524,58,466,524,1.728,328.8,0.0439,78.6,58,1.356,22.9,0.1087,82.8,466,1.79,305.9,0.0358,78.1,0.0729,0.206
s97_snap_scalper_m5,B2,mid,1.0,ALL,against,192,65,127,192,1.627,89.1,-0.0198,71.9,65,1.469,21.4,0.0217,72.3,127,1.702,67.6,-0.0411,71.7,0.0628,0.549
s97_snap_scalper_m5,B3,mid,1.0,ALL,aligned,524,241,283,524,1.728,328.8,0.0439,78.6,241,2.438,242.8,0.0524,78.0,283,1.304,86.0,0.0366,79.2,0.0159,0.775
s97_snap_scalper_m5,B3,mid,1.0,ALL,against,192,85,107,192,1.627,89.1,-0.0198,71.9,85,2.4,75.7,0.0194,77.6,107,1.152,13.3,-0.051,67.3,0.0704,0.485
s97_snap_scalper_m5,B4,mid,1.0,ALL,aligned,524,378,114,524,1.728,328.8,0.0439,78.6,378,1.64,223.0,0.0516,79.6,114,2.61,117.4,0.0916,81.6,-0.04,0.509
s97_snap_scalper_m5,B4,mid,1.0,ALL,against,192,61,122,192,1.627,89.1,-0.0198,71.9,61,1.476,29.5,-0.094,67.2,122,1.693,53.3,0.0063,73.8,-0.1003,0.366
s97_snap_scalper_m5,B5,mid,1.0,ALL,aligned,524,398,126,524,1.728,328.8,0.0439,78.6,398,1.737,270.5,0.0625,80.7,126,1.691,58.4,-0.0149,72.2,0.0773,0.187
s97_snap_scalper_m5,B5,mid,1.0,ALL,against,192,37,155,192,1.627,89.1,-0.0198,71.9,37,6.67,71.9,0.1777,83.8,155,1.132,17.1,-0.0669,69.0,0.2446,0.023
s97_snap_scalper_m5,B6,mid,1.0,ALL,aligned,524,135,369,524,1.728,328.8,0.0439,78.6,135,2.807,177.1,0.0537,79.3,369,1.434,148.3,0.0388,78.6,0.0148,0.807
s97_snap_scalper_m5,B6,mid,1.0,ALL,against,192,32,151,192,1.627,89.1,-0.0198,71.9,32,2.301,28.2,0.0434,78.1,151,1.467,53.7,-0.0272,70.2,0.0706,0.517
s97_snap_scalper_m5,B1,mid,1.0,TRAIN,aligned,357,235,102,357,1.444,89.3,-0.0178,76.2,235,1.749,92.4,0.0062,78.3,102,0.866,-10.2,-0.0973,72.5,0.1034,0.148
s97_snap_scalper_m5,B1,mid,1.0,TRAIN,against,127,56,53,127,1.018,1.5,-0.1064,66.1,56,1.338,7.9,-0.0222,73.2,53,0.873,-6.5,-0.1991,56.6,0.1769,0.206
s97_snap_scalper_m5,B2,mid,1.0,TRAIN,aligned,357,29,328,357,1.444,89.3,-0.0178,76.2,29,1.644,8.7,0.0072,79.3,328,1.429,80.6,-0.02,75.9,0.0272,0.709
s97_snap_scalper_m5,B2,mid,1.0,TRAIN,against,127,37,90,127,1.018,1.5,-0.1064,66.1,37,1.168,1.9,-0.0156,67.6,90,0.995,-0.4,-0.1437,65.6,0.1282,0.313
s97_snap_scalper_m5,B3,mid,1.0,TRAIN,aligned,357,162,195,357,1.444,89.3,-0.0178,76.2,162,1.631,53.9,-0.0157,74.7,195,1.305,35.3,-0.0196,77.4,0.0039,0.943
s97_snap_scalper_m5,B3,mid,1.0,TRAIN,against,127,55,72,127,1.018,1.5,-0.1064,66.1,55,0.986,-0.6,-0.1224,69.1,72,1.053,2.1,-0.0942,63.9,-0.0283,0.853
s97_snap_scalper_m5,B4,mid,1.0,TRAIN,aligned,357,259,74,357,1.444,89.3,-0.0178,76.2,259,1.561,73.6,0.0055,78.8,74,1.561,29.0,-0.0149,75.7,0.0204,0.772
s97_snap_scalper_m5,B4,mid,1.0,TRAIN,against,127,36,86,127,1.018,1.5,-0.1064,66.1,36,0.392,-22.8,-0.2912,55.6,86,1.553,24.4,-0.0378,69.8,-0.2533,0.063
s97_snap_scalper_m5,B5,mid,1.0,TRAIN,aligned,357,266,91,357,1.444,89.3,-0.0178,76.2,266,1.773,102.7,0.0207,79.7,91,0.804,-13.4,-0.1304,65.9,0.1511,0.025
s97_snap_scalper_m5,B5,mid,1.0,TRAIN,against,127,23,104,127,1.018,1.5,-0.1064,66.1,23,2.596,18.0,0.0508,78.3,104,0.771,-16.5,-0.1412,63.5,0.1919,0.143
s97_snap_scalper_m5,B6,mid,1.0,TRAIN,aligned,357,95,249,357,1.444,89.3,-0.0178,76.2,95,1.807,39.9,-0.019,76.8,249,1.279,42.4,-0.027,75.9,0.008,0.901
s97_snap_scalper_m5,B6,mid,1.0,TRAIN,against,127,18,101,127,1.018,1.5,-0.1064,66.1,18,0.576,-4.9,-0.0529,72.2,101,1.079,5.2,-0.1089,64.4,0.056,0.711
s97_snap_scalper_m5,B1,mid,1.0,TEST,aligned,167,100,58,167,1.957,239.5,0.1757,83.8,100,1.655,132.8,0.1651,83.0,58,3.565,92.2,0.2186,86.2,-0.0535,0.628
s97_snap_scalper_m5,B1,mid,1.0,TEST,against,65,22,37,65,2.491,87.6,0.1494,83.1,22,2.651,34.7,0.0921,81.8,37,2.09,38.7,0.164,83.8,-0.0719,0.611
s97_snap_scalper_m5,B2,mid,1.0,TEST,aligned,167,29,138,167,1.957,239.5,0.1757,83.8,29,1.279,14.1,0.2103,86.2,138,2.129,225.4,0.1684,83.3,0.0419,0.694
s97_snap_scalper_m5,B2,mid,1.0,TEST,against,65,28,37,65,2.491,87.6,0.1494,83.1,28,1.568,19.6,0.071,78.6,37,3.803,68.0,0.2087,86.5,-0.1378,0.317
s97_snap_scalper_m5,B3,mid,1.0,TEST,aligned,167,79,88,167,1.957,239.5,0.1757,83.8,79,3.267,188.9,0.1921,84.8,88,1.303,50.6,0.1609,83.0,0.0312,0.74
s97_snap_scalper_m5,B3,mid,1.0,TEST,against,65,30,35,65,2.491,87.6,0.1494,83.1,30,8.55,76.3,0.2795,93.3,35,1.231,11.2,0.0379,74.3,0.2416,0.091
s97_snap_scalper_m5,B4,mid,1.0,TEST,aligned,167,119,40,167,1.957,239.5,0.1757,83.8,119,1.688,149.4,0.152,81.5,40,5.156,88.4,0.2887,92.5,-0.1368,0.202
s97_snap_scalper_m5,B4,mid,1.0,TEST,against,65,25,36,65,2.491,87.6,0.1494,83.1,25,3.132,52.3,0.19,84.0,36,1.88,28.9,0.1117,83.3,0.0783,0.591
s97_snap_scalper_m5,B5,mid,1.0,TEST,aligned,167,132,35,167,1.957,239.5,0.1757,83.8,132,1.716,167.8,0.1466,82.6,35,5.473,71.8,0.2855,88.6,-0.139,0.179
s97_snap_scalper_m5,B5,mid,1.0,TEST,against,65,14,51,65,2.491,87.6,0.1494,83.1,14,39.252,53.9,0.3862,92.9,51,1.587,33.6,0.0844,80.4,0.3018,0.018
s97_snap_scalper_m5,B6,mid,1.0,TEST,aligned,167,40,120,167,1.957,239.5,0.1757,83.8,40,3.824,137.2,0.2262,85.0,120,1.558,106.0,0.1754,84.2,0.0508,0.559
s97_snap_scalper_m5,B6,mid,1.0,TEST,against,65,14,50,65,2.491,87.6,0.1494,83.1,14,4.272,33.1,0.1673,85.7,50,1.997,48.5,0.1378,82.0,0.0295,0.832
s97_snap_scalper_m5,B1,q,0.7,ALL,aligned,524,335,160,524,1.295,185.7,-0.0088,73.3,335,1.275,123.3,-0.0029,72.8,160,1.393,61.1,-0.031,73.1,0.0282,0.689
s97_snap_scalper_m5,B1,q,0.7,ALL,against,192,78,90,192,1.433,77.9,-0.045,71.9,78,1.544,34.9,-0.0164,74.4,90,1.345,33.6,-0.052,72.2,0.0356,0.762
s97_snap_scalper_m5,B2,q,0.7,ALL,aligned,524,58,466,524,1.295,185.7,-0.0088,73.3,58,1.015,1.2,0.0887,79.3,466,1.336,184.5,-0.0209,72.5,0.1096,0.107
s97_snap_scalper_m5,B2,q,0.7,ALL,against,192,65,127,192,1.433,77.9,-0.045,71.9,65,1.417,23.3,0.0271,75.4,127,1.441,54.6,-0.0819,70.1,0.109,0.318
s97_snap_scalper_m5,B3,q,0.7,ALL,aligned,524,241,283,524,1.295,185.7,-0.0088,73.3,241,1.622,163.9,-0.0181,73.0,283,1.06,21.8,-0.0008,73.5,-0.0173,0.748
s97_snap_scalper_m5,B3,q,0.7,ALL,against,192,85,107,192,1.433,77.9,-0.045,71.9,85,1.779,61.2,-0.0359,72.9,107,1.165,16.7,-0.0523,71.0,0.0164,0.867
s97_snap_scalper_m5,B4,q,0.7,ALL,aligned,524,378,114,524,1.295,185.7,-0.0088,73.3,378,1.3,138.5,-0.0002,73.3,114,1.441,58.8,0.0194,76.3,-0.0196,0.773
s97_snap_scalper_m5,B4,q,0.7,ALL,against,192,61,122,192,1.433,77.9,-0.045,71.9,61,1.723,43.8,-0.0403,72.1,122,1.348,37.3,-0.0347,73.8,-0.0056,0.959
s97_snap_scalper_m5,B5,q,0.7,ALL,aligned,524,398,126,524,1.295,185.7,-0.0088,73.3,398,1.379,183.8,0.0148,74.9,126,1.013,1.9,-0.0833,68.3,0.0981,0.154
s97_snap_scalper_m5,B5,q,0.7,ALL,against,192,37,155,192,1.433,77.9,-0.045,71.9,37,5.951,78.1,0.2094,86.5,155,0.999,-0.1,-0.1057,68.4,0.3151,0.001
s97_snap_scalper_m5,B6,q,0.7,ALL,aligned,524,135,369,524,1.295,185.7,-0.0088,73.3,135,1.764,119.9,-0.0148,71.9,369,1.128,59.0,-0.012,73.2,-0.0028,0.952
s97_snap_scalper_m5,B6,q,0.7,ALL,against,192,32,151,192,1.433,77.9,-0.045,71.9,32,1.901,26.5,0.0246,75.0,151,1.364,50.5,-0.0405,72.2,0.0651,0.572
s97_snap_scalper_m5,B1,q,0.7,TRAIN,aligned,357,235,102,357,1.093,28.1,-0.0675,71.4,235,1.261,49.0,-0.0393,71.9,102,0.733,-28.7,-0.1602,67.6,0.121,0.138
s97_snap_scalper_m5,B1,q,0.7,TRAIN,against,127,56,53,127,0.814,-22.5,-0.1572,66.9,56,0.854,-6.5,-0.0803,71.4,53,0.858,-8.5,-0.2028,66.0,0.1225,0.414
s97_snap_scalper_m5,B2,q,0.7,TRAIN,aligned,357,29,328,357,1.093,28.1,-0.0675,71.4,29,1.312,6.3,-0.0125,75.9,328,1.078,21.9,-0.0724,71.0,0.0599,0.464
s97_snap_scalper_m5,B2,q,0.7,TRAIN,against,127,37,90,127,0.814,-22.5,-0.1572,66.9,37,0.845,-3.4,-0.0426,73.0,90,0.808,-19.1,-0.2043,64.4,0.1617,0.223
s97_snap_scalper_m5,B3,q,0.7,TRAIN,aligned,357,162,195,357,1.093,28.1,-0.0675,71.4,162,1.198,26.0,-0.0767,71.6,195,1.012,2.1,-0.0599,71.3,-0.0168,0.788
s97_snap_scalper_m5,B3,q,0.7,TRAIN,against,127,55,72,127,0.814,-22.5,-0.1572,66.9,55,0.743,-16.5,-0.2034,63.6,72,0.894,-6.1,-0.1219,69.4,-0.0816,0.526
s97_snap_scalper_m5,B4,q,0.7,TRAIN,aligned,357,259,74,357,1.093,28.1,-0.0675,71.4,259,1.053,11.6,-0.0586,71.4,74,1.525,32.2,-0.0271,75.7,-0.0315,0.708
s97_snap_scalper_m5,B4,q,0.7,TRAIN,against,127,36,86,127,0.814,-22.5,-0.1572,66.9,36,0.554,-17.1,-0.2348,63.9,86,0.968,-2.5,-0.1184,69.8,-0.1164,0.4
s97_snap_scalper_m5,B5,q,0.7,TRAIN,aligned,357,266,91,357,1.093,28.1,-0.0675,71.4,266,1.243,51.5,-0.0305,74.1,91,0.741,-23.3,-0.1759,63.7,0.1455,0.069
s97_snap_scalper_m5,B5,q,0.7,TRAIN,against,127,23,104,127,0.814,-22.5,-0.1572,66.9,23,2.579,21.2,0.0877,82.6,104,0.595,-43.7,-0.2113,63.5,0.299,0.018
s97_snap_scalper_m5,B6,q,0.7,TRAIN,aligned,357,95,249,357,1.093,28.1,-0.0675,71.4,95,1.345,25.0,-0.0665,70.5,249,0.977,-5.3,-0.08,70.7,0.0134,0.884
s97_snap_scalper_m5,B6,q,0.7,TRAIN,against,127,18,101,127,0.814,-22.5,-0.1572,66.9,18,0.457,-10.8,-0.1252,66.7,101,0.928,-6.4,-0.1376,68.3,0.0125,0.929
s97_snap_scalper_m5,B1,q,0.7,TEST,aligned,167,100,58,167,1.481,157.6,0.1169,77.2,100,1.285,74.3,0.0826,75.0,58,2.864,89.8,0.1961,82.8,-0.1135,0.346
s97_snap_scalper_m5,B1,q,0.7,TEST,against,65,22,37,65,2.718,100.5,0.1742,81.5,22,3.084,41.3,0.1463,81.8,37,2.114,42.1,0.164,81.1,-0.0177,0.9
s97_snap_scalper_m5,B2,q,0.7,TEST,aligned,167,29,138,167,1.481,157.6,0.1169,77.2,29,0.916,-5.1,0.1898,82.8,138,1.61,162.7,0.1016,76.1,0.0882,0.446
s97_snap_scalper_m5,B2,q,0.7,TEST,against,65,28,37,65,2.718,100.5,0.1742,81.5,28,1.788,26.7,0.1192,78.6,37,4.001,73.7,0.2158,83.8,-0.0966,0.502
s97_snap_scalper_m5,B3,q,0.7,TEST,aligned,167,79,88,167,1.481,157.6,0.1169,77.2,79,2.041,137.9,0.1021,75.9,88,1.101,19.7,0.1301,78.4,-0.028,0.795
s97_snap_scalper_m5,B3,q,0.7,TEST,against,65,30,35,65,2.718,100.5,0.1742,81.5,30,6.388,77.7,0.2713,90.0,35,1.517,22.8,0.0909,74.3,0.1803,0.222
s97_snap_scalper_m5,B4,q,0.7,TEST,aligned,167,119,40,167,1.481,157.6,0.1169,77.2,119,1.519,126.9,0.127,77.3,40,1.37,26.6,0.1055,77.5,0.0215,0.863
s97_snap_scalper_m5,B4,q,0.7,TEST,against,65,25,36,65,2.718,100.5,0.1742,81.5,25,3.736,60.9,0.2397,84.0,36,2.373,39.8,0.1652,83.3,0.0745,0.605
s97_snap_scalper_m5,B5,q,0.7,TEST,aligned,167,132,35,167,1.481,157.6,0.1169,77.2,132,1.484,132.4,0.1061,76.5,35,1.468,25.2,0.1577,80.0,-0.0516,0.671
s97_snap_scalper_m5,B5,q,0.7,TEST,against,65,14,51,65,2.718,100.5,0.1742,81.5,14,25.157,56.9,0.4093,92.9,51,1.776,43.6,0.1096,78.4,0.2997,0.023
s97_snap_scalper_m5,B6,q,0.7,TEST,aligned,167,40,120,167,1.481,157.6,0.1169,77.2,40,2.121,94.9,0.108,75.0,120,1.277,64.2,0.1292,78.3,-0.0211,0.849
s97_snap_scalper_m5,B6,q,0.7,TEST,against,65,14,50,65,2.718,100.5,0.1742,81.5,14,4.92,37.3,0.2171,85.7,50,2.162,56.9,0.1556,80.0,0.0614,0.613
s96_h1_momentum,B1,mid,1.0,ALL,aligned,567,421,106,567,1.329,1742.2,0.0607,78.1,421,1.255,1073.7,0.0451,77.0,106,1.662,467.6,0.1243,83.0,-0.0792,0.128
s96_h1_momentum,B1,mid,1.0,ALL,against,203,95,83,203,1.108,269.9,-0.0023,73.4,95,0.851,-181.2,-0.046,70.5,83,1.178,193.1,0.0206,74.7,-0.0666,0.498
s96_h1_momentum,B2,mid,1.0,ALL,aligned,567,1,566,567,1.329,1742.2,0.0607,78.1,1,0.0,-117.8,-1.0086,0.0,566,1.36,1860.0,0.0626,78.3,-1.0711,0.0
s96_h1_momentum,B2,mid,1.0,ALL,against,203,1,202,203,1.108,269.9,-0.0023,73.4,1,0.0,-61.9,-1.0164,0.0,202,1.136,331.8,0.0028,73.8,-1.0192,0.0
s96_h1_momentum,B3,mid,1.0,ALL,aligned,567,557,10,567,1.329,1742.2,0.0607,78.1,557,1.298,1565.1,0.0575,77.9,10,5.149,177.0,0.2404,90.0,-0.1829,0.0
s96_h1_momentum,B3,mid,1.0,ALL,against,203,201,2,203,1.108,269.9,-0.0023,73.4,201,1.07,174.8,-0.0062,73.1,2,inf,95.1,0.3908,100.0,-0.397,0.0
s96_h1_momentum,B4,mid,1.0,ALL,aligned,567,416,114,567,1.329,1742.2,0.0607,78.1,416,1.342,1297.7,0.0733,79.1,114,1.198,257.0,0.0166,74.6,0.0567,0.284
s96_h1_momentum,B4,mid,1.0,ALL,against,203,52,138,203,1.108,269.9,-0.0023,73.4,52,1.226,133.8,0.0482,76.9,138,1.163,273.2,0.0049,73.9,0.0433,0.645
s96_h1_momentum,B5,mid,1.0,ALL,aligned,567,471,96,567,1.329,1742.2,0.0607,78.1,471,1.587,2227.3,0.0846,79.8,96,0.676,-485.2,-0.0569,69.8,0.1415,0.008
s96_h1_momentum,B5,mid,1.0,ALL,against,203,30,173,203,1.108,269.9,-0.0023,73.4,30,0.614,-186.1,-0.0066,73.3,173,1.226,456.0,-0.0015,73.4,-0.005,0.954
s96_h1_momentum,B6,mid,1.0,ALL,aligned,567,411,116,567,1.329,1742.2,0.0607,78.1,411,1.215,896.7,0.0403,76.6,116,1.861,644.6,0.1343,83.6,-0.0939,0.055
s96_h1_momentum,B6,mid,1.0,ALL,against,203,94,84,203,1.108,269.9,-0.0023,73.4,94,0.799,-244.4,-0.0507,70.2,84,1.236,256.3,0.025,75.0,-0.0757,0.441
s96_h1_momentum,B1,mid,1.0,TRAIN,aligned,364,268,72,364,1.25,596.0,0.0353,76.9,268,1.183,337.9,0.0148,75.4,72,2.137,318.9,0.1389,84.7,-0.1241,0.048
s96_h1_momentum,B1,mid,1.0,TRAIN,against,131,69,41,131,1.035,40.8,-0.0005,74.0,69,0.941,-40.1,-0.0243,72.5,41,1.045,16.4,-0.0106,73.2,-0.0137,0.893
s96_h1_momentum,B2,mid,1.0,TRAIN,aligned,364,0,364,364,1.25,596.0,0.0353,76.9,0,,0.0,,,364,1.25,596.0,0.0353,76.9,,
s96_h1_momentum,B2,mid,1.0,TRAIN,against,131,0,131,131,1.035,40.8,-0.0005,74.0,0,,0.0,,,131,1.035,40.8,-0.0005,74.0,,
s96_h1_momentum,B3,mid,1.0,TRAIN,aligned,364,361,3,364,1.25,596.0,0.0353,76.9,361,1.258,606.2,0.0363,77.0,3,0.762,-10.1,-0.0918,66.7,0.1281,0.041
s96_h1_momentum,B3,mid,1.0,TRAIN,against,131,131,0,131,1.035,40.8,-0.0005,74.0,131,1.035,40.8,-0.0005,74.0,0,,0.0,,,,
s96_h1_momentum,B4,mid,1.0,TRAIN,aligned,364,280,58,364,1.25,596.0,0.0353,76.9,280,1.451,726.7,0.0681,79.3,58,0.75,-161.5,-0.0935,67.2,0.1616,0.008
s96_h1_momentum,B4,mid,1.0,TRAIN,against,131,35,88,131,1.035,40.8,-0.0005,74.0,35,1.4,96.5,0.0447,77.1,88,0.956,-37.8,-0.0033,73.9,0.048,0.653
s96_h1_momentum,B5,mid,1.0,TRAIN,aligned,364,303,61,364,1.25,596.0,0.0353,76.9,303,1.359,673.4,0.063,78.9,61,0.849,-77.4,-0.1023,67.2,0.1653,0.01
s96_h1_momentum,B5,mid,1.0,TRAIN,against,131,21,110,131,1.035,40.8,-0.0005,74.0,21,1.175,23.9,0.092,81.0,110,1.016,16.9,-0.0182,72.7,0.1102,0.31
s96_h1_momentum,B6,mid,1.0,TRAIN,aligned,364,265,75,364,1.25,596.0,0.0353,76.9,265,1.193,348.1,0.016,75.5,75,1.955,308.8,0.1296,84.0,-0.1136,0.081
s96_h1_momentum,B6,mid,1.0,TRAIN,against,131,69,41,131,1.035,40.8,-0.0005,74.0,69,0.941,-40.1,-0.0243,72.5,41,1.045,16.4,-0.0106,73.2,-0.0137,0.909
s96_h1_momentum,B1,mid,1.0,TEST,aligned,203,153,34,203,1.395,1146.1,0.1062,80.3,153,1.312,735.8,0.0982,79.7,34,1.349,148.7,0.0934,79.4,0.0048,0.948
s96_h1_momentum,B1,mid,1.0,TEST,against,72,26,42,72,1.174,229.1,-0.0054,72.2,26,0.735,-141.1,-0.1036,65.4,42,1.243,176.7,0.051,76.2,-0.1546,0.376
s96_h1_momentum,B2,mid,1.0,TEST,aligned,203,1,202,203,1.395,1146.1,0.1062,80.3,1,0.0,-117.8,-1.0086,0.0,202,1.454,1264.0,0.1117,80.7,-1.1203,0.0
s96_h1_momentum,B2,mid,1.0,TEST,against,72,1,71,72,1.174,229.1,-0.0054,72.2,1,0.0,-61.9,-1.0164,0.0,71,1.231,291.0,0.0088,73.2,-1.0252,0.0
s96_h1_momentum,B3,mid,1.0,TEST,aligned,203,196,7,203,1.395,1146.1,0.1062,80.3,196,1.331,959.0,0.0963,79.6,7,inf,187.2,0.3827,100.0,-0.2864,0.0
s96_h1_momentum,B3,mid,1.0,TEST,against,72,70,2,72,1.174,229.1,-0.0054,72.2,70,1.102,134.0,-0.0168,71.4,2,inf,95.1,0.3908,100.0,-0.4076,0.012
s96_h1_momentum,B4,mid,1.0,TEST,aligned,203,136,56,203,1.395,1146.1,0.1062,80.3,136,1.261,571.0,0.0841,78.7,56,1.639,418.5,0.1307,82.1,-0.0466,0.581
s96_h1_momentum,B4,mid,1.0,TEST,against,72,17,50,72,1.174,229.1,-0.0054,72.2,17,1.106,37.4,0.0554,76.5,50,1.386,311.0,0.0192,74.0,0.0362,0.807
s96_h1_momentum,B5,mid,1.0,TEST,aligned,203,168,35,203,1.395,1146.1,0.1062,80.3,168,1.811,1553.9,0.1237,81.5,35,0.585,-407.8,0.0224,74.3,0.1013,0.225
s96_h1_momentum,B5,mid,1.0,TEST,against,72,9,63,72,1.174,229.1,-0.0054,72.2,9,0.39,-210.0,-0.2365,55.6,63,1.45,439.1,0.0276,74.6,-0.2641,0.109
s96_h1_momentum,B6,mid,1.0,TEST,aligned,203,146,41,203,1.395,1146.1,0.1062,80.3,146,1.233,548.6,0.0846,78.8,41,1.789,335.8,0.1428,82.9,-0.0582,0.525
s96_h1_momentum,B6,mid,1.0,TEST,against,72,25,43,72,1.174,229.1,-0.0054,72.2,25,0.617,-204.3,-0.1235,64.0,43,1.33,239.9,0.059,76.7,-0.1825,0.255
s96_h1_momentum,B1,q,0.7,ALL,aligned,560,420,102,560,1.31,1651.9,0.0642,77.7,420,1.187,828.6,0.0407,76.0,102,1.768,494.9,0.1396,83.3,-0.0989,0.052
s96_h1_momentum,B1,q,0.7,ALL,against,199,92,82,199,1.149,358.9,0.0061,73.4,92,0.857,-167.7,-0.0498,69.6,82,1.252,261.2,0.0409,75.6,-0.0906,0.37
s96_h1_momentum,B2,q,0.7,ALL,aligned,560,1,559,560,1.31,1651.9,0.0642,77.7,1,0.0,-117.5,-1.006,0.0,559,1.339,1769.5,0.0661,77.8,-1.0721,0.0
s96_h1_momentum,B2,q,0.7,ALL,against,199,1,198,199,1.149,358.9,0.0061,73.4,1,0.0,-61.6,-1.0115,0.0,198,1.179,420.5,0.0112,73.7,-1.0227,0.0
s96_h1_momentum,B3,q,0.7,ALL,aligned,560,550,10,560,1.31,1651.9,0.0642,77.7,550,1.278,1471.9,0.0609,77.5,10,5.249,180.0,0.2463,90.0,-0.1854,0.001
s96_h1_momentum,B3,q,0.7,ALL,against,199,197,2,199,1.149,358.9,0.0061,73.4,197,1.109,263.3,0.0022,73.1,2,inf,95.7,0.3936,100.0,-0.3914,0.0
s96_h1_momentum,B4,q,0.7,ALL,aligned,560,409,114,560,1.31,1651.9,0.0642,77.7,409,1.361,1342.5,0.0783,78.7,114,1.078,110.8,0.0125,73.7,0.0658,0.202
s96_h1_momentum,B4,q,0.7,ALL,against,199,52,134,199,1.149,358.9,0.0061,73.4,52,1.253,149.4,0.0568,76.9,134,1.241,376.5,0.0236,74.6,0.0332,0.735
s96_h1_momentum,B5,q,0.7,ALL,aligned,560,465,95,560,1.31,1651.9,0.0642,77.7,465,1.57,2172.7,0.0908,79.6,95,0.657,-520.8,-0.066,68.4,0.1567,0.001
s96_h1_momentum,B5,q,0.7,ALL,against,199,27,172,199,1.149,358.9,0.0061,73.4,27,0.626,-158.3,0.0127,74.1,172,1.261,517.2,0.0051,73.3,0.0077,0.943
s96_h1_momentum,B6,q,0.7,ALL,aligned,560,410,112,560,1.31,1651.9,0.0642,77.7,410,1.148,648.6,0.0357,75.6,112,1.983,674.9,0.1491,83.9,-0.1134,0.03
s96_h1_momentum,B6,q,0.7,ALL,against,199,91,83,199,1.149,358.9,0.0061,73.4,91,0.803,-231.3,-0.0547,69.2,83,1.313,324.7,0.0451,75.9,-0.0998,0.282
s96_h1_momentum,B1,q,0.7,TRAIN,aligned,364,268,72,364,1.258,625.8,0.0401,76.4,268,1.18,338.9,0.0165,74.6,72,2.228,340.5,0.153,84.7,-0.1366,0.028
s96_h1_momentum,B1,q,0.7,TRAIN,against,131,69,41,131,1.039,46.3,-0.0001,73.3,69,0.924,-53.2,-0.033,71.0,41,1.08,28.7,-0.0001,73.2,-0.0328,0.798
s96_h1_momentum,B2,q,0.7,TRAIN,aligned,364,0,364,364,1.258,625.8,0.0401,76.4,0,,0.0,,,364,1.258,625.8,0.0401,76.4,,
s96_h1_momentum,B2,q,0.7,TRAIN,against,131,0,131,131,1.039,46.3,-0.0001,73.3,0,,0.0,,,131,1.039,46.3,-0.0001,73.3,,
s96_h1_momentum,B3,q,0.7,TRAIN,aligned,364,361,3,364,1.258,625.8,0.0401,76.4,361,1.267,635.0,0.0411,76.5,3,0.782,-9.2,-0.0843,66.7,0.1254,0.034
s96_h1_momentum,B3,q,0.7,TRAIN,against,131,131,0,131,1.039,46.3,-0.0001,73.3,131,1.039,46.3,-0.0001,73.3,0,,0.0,,,,
s96_h1_momentum,B4,q,0.7,TRAIN,aligned,364,280,58,364,1.258,625.8,0.0401,76.4,280,1.442,731.2,0.0707,78.6,58,0.775,-144.1,-0.083,67.2,0.1537,0.021
s96_h1_momentum,B4,q,0.7,TRAIN,against,131,35,88,131,1.039,46.3,-0.0001,73.3,35,1.448,107.0,0.0553,77.1,88,0.987,-11.4,0.0079,73.9,0.0473,0.673
s96_h1_momentum,B5,q,0.7,TRAIN,aligned,364,303,61,364,1.258,625.8,0.0401,76.4,303,1.386,727.4,0.0708,78.5,61,0.811,-101.6,-0.1123,65.6,0.1831,0.007
s96_h1_momentum,B5,q,0.7,TRAIN,against,131,21,110,131,1.039,46.3,-0.0001,73.3,21,1.222,30.2,0.1044,81.0,110,1.015,16.0,-0.02,71.8,0.1244,0.276
s96_h1_momentum,B6,q,0.7,TRAIN,aligned,364,265,75,364,1.258,625.8,0.0401,76.4,265,1.189,348.1,0.0176,74.7,75,2.036,331.3,0.1435,84.0,-0.1259,0.06
s96_h1_momentum,B6,q,0.7,TRAIN,against,131,69,41,131,1.039,46.3,-0.0001,73.3,69,0.924,-53.2,-0.033,71.0,41,1.08,28.7,-0.0001,73.2,-0.0328,0.781
s96_h1_momentum,B1,q,0.7,TEST,aligned,196,152,30,196,1.353,1026.1,0.1089,80.1,152,1.193,489.7,0.0834,78.3,30,1.421,154.3,0.1072,80.0,-0.0238,0.801
s96_h1_momentum,B1,q,0.7,TEST,against,68,23,41,68,1.257,312.7,0.018,73.5,23,0.758,-114.5,-0.1002,65.2,41,1.342,232.5,0.0819,78.0,-0.182,0.261
s96_h1_momentum,B2,q,0.7,TEST,aligned,196,1,195,196,1.353,1026.1,0.1089,80.1,1,0.0,-117.5,-1.006,0.0,195,1.41,1143.7,0.1146,80.5,-1.1206,0.0
s96_h1_momentum,B2,q,0.7,TEST,against,68,1,67,68,1.257,312.7,0.018,73.5,1,0.0,-61.6,-1.0115,0.0,67,1.325,374.2,0.0334,74.6,-1.0449,0.0
s96_h1_momentum,B3,q,0.7,TEST,aligned,196,189,7,196,1.353,1026.1,0.1089,80.1,189,1.288,836.8,0.0986,79.4,7,inf,189.3,0.3879,100.0,-0.2894,0.001
s96_h1_momentum,B3,q,0.7,TEST,against,68,66,2,68,1.257,312.7,0.018,73.5,66,1.179,217.0,0.0066,72.7,2,inf,95.7,0.3936,100.0,-0.387,0.025
s96_h1_momentum,B4,q,0.7,TEST,aligned,196,129,56,196,1.353,1026.1,0.1089,80.1,129,1.295,611.2,0.0949,79.1,56,1.326,254.9,0.1115,80.4,-0.0167,0.844
s96_h1_momentum,B4,q,0.7,TEST,against,68,17,46,68,1.257,312.7,0.018,73.5,17,1.121,42.5,0.0599,76.5,46,1.553,387.9,0.0537,76.1,0.0063,0.977
s96_h1_momentum,B5,q,0.7,TEST,aligned,196,162,34,196,1.353,1026.1,0.1089,80.1,162,1.749,1445.3,0.1282,81.5,34,0.573,-419.2,0.0171,73.5,0.1111,0.172
s96_h1_momentum,B5,q,0.7,TEST,against,68,6,62,68,1.257,312.7,0.018,73.5,6,0.343,-188.5,-0.3081,50.0,62,1.54,501.2,0.0495,75.8,-0.3576,0.032
s96_h1_momentum,B6,q,0.7,TEST,aligned,196,145,37,196,1.353,1026.1,0.1089,80.1,145,1.118,300.5,0.0687,77.2,37,1.936,343.6,0.1603,83.8,-0.0916,0.302
s96_h1_momentum,B6,q,0.7,TEST,against,68,22,42,68,1.257,312.7,0.018,73.5,22,0.624,-178.0,-0.1227,63.6,42,1.435,296.0,0.0893,78.6,-0.212,0.232
s100_m3_combo,B1,mid,1.0,ALL,aligned,2472,1483,738,2472,0.851,-1101.6,-0.219,33.7,1483,0.879,-552.9,-0.1857,34.4,738,0.779,-474.3,-0.2811,32.2,0.0954,0.145
s100_m3_combo,B1,mid,1.0,ALL,against,2091,621,1264,2091,0.792,-1379.1,-0.2602,32.3,621,0.736,-502.4,-0.262,32.7,1264,0.806,-775.1,-0.2414,32.5,-0.0205,0.778
s100_m3_combo,B2,mid,1.0,ALL,aligned,2472,376,2096,2472,0.851,-1101.6,-0.219,33.7,376,0.761,-259.6,-0.2837,31.9,2096,0.867,-842.0,-0.2074,34.0,-0.0763,0.249
s100_m3_combo,B2,mid,1.0,ALL,against,2091,1134,957,2091,0.792,-1379.1,-0.2602,32.3,1134,0.812,-661.7,-0.2506,32.8,957,0.769,-717.4,-0.2715,31.7,0.0209,0.767
s100_m3_combo,B3,mid,1.0,ALL,aligned,2472,2132,340,2472,0.851,-1101.6,-0.219,33.7,2132,0.86,-901.3,-0.2109,34.0,340,0.797,-200.3,-0.2705,31.5,0.0596,0.368
s100_m3_combo,B3,mid,1.0,ALL,against,2091,1781,310,2091,0.792,-1379.1,-0.2602,32.3,1781,0.781,-1238.4,-0.2717,31.9,310,0.855,-140.7,-0.1937,34.5,-0.0781,0.242
s100_m3_combo,B4,mid,1.0,ALL,aligned,2472,1713,569,2472,0.851,-1101.6,-0.219,33.7,1713,0.843,-804.6,-0.2124,34.0,569,0.785,-378.4,-0.2765,31.6,0.0641,0.373
s100_m3_combo,B4,mid,1.0,ALL,against,2091,570,1390,2091,0.792,-1379.1,-0.2602,32.3,570,0.721,-504.1,-0.3096,30.7,1390,0.83,-758.1,-0.2448,32.7,-0.0649,0.335
s100_m3_combo,B5,mid,1.0,ALL,aligned,2472,1993,479,2472,0.851,-1101.6,-0.219,33.7,1993,0.84,-938.1,-0.2383,33.1,479,0.894,-163.5,-0.139,35.9,-0.0993,0.126
s100_m3_combo,B5,mid,1.0,ALL,against,2091,320,1771,2091,0.792,-1379.1,-0.2602,32.3,320,0.709,-316.8,-0.2553,32.2,1771,0.808,-1062.3,-0.261,32.3,0.0057,0.939
s100_m3_combo,B6,mid,1.0,ALL,aligned,2472,1262,998,2472,0.851,-1101.6,-0.219,33.7,1262,0.88,-472.6,-0.1711,34.9,998,0.811,-543.7,-0.2619,32.5,0.0908,0.178
s100_m3_combo,B6,mid,1.0,ALL,against,2091,505,1413,2091,0.792,-1379.1,-0.2602,32.3,505,0.702,-472.2,-0.3154,31.1,1413,0.806,-853.7,-0.2329,32.9,-0.0825,0.253
s100_m3_combo,B1,mid,1.0,TRAIN,aligned,1148,669,351,1148,0.689,-883.2,-0.3292,32.2,669,0.734,-435.0,-0.2797,33.3,351,0.675,-287.1,-0.3437,32.5,0.064,0.56
s100_m3_combo,B1,mid,1.0,TRAIN,against,983,320,561,983,0.697,-766.0,-0.3015,32.9,320,0.771,-194.0,-0.2159,34.7,561,0.69,-437.0,-0.3183,32.6,0.1024,0.297
s100_m3_combo,B2,mid,1.0,TRAIN,aligned,1148,167,981,1148,0.689,-883.2,-0.3292,32.2,167,0.676,-138.6,-0.256,34.1,981,0.691,-744.7,-0.3417,31.9,0.0857,0.411
s100_m3_combo,B2,mid,1.0,TRAIN,against,983,508,475,983,0.697,-766.0,-0.3015,32.9,508,0.704,-367.7,-0.3004,33.5,475,0.691,-398.3,-0.3026,32.2,0.0022,0.982
s100_m3_combo,B3,mid,1.0,TRAIN,aligned,1148,985,163,1148,0.689,-883.2,-0.3292,32.2,985,0.706,-707.4,-0.3103,33.0,163,0.595,-175.8,-0.4436,27.6,0.1332,0.198
s100_m3_combo,B3,mid,1.0,TRAIN,against,983,835,148,983,0.697,-766.0,-0.3015,32.9,835,0.673,-711.2,-0.3292,32.1,148,0.845,-54.8,-0.145,37.2,-0.1843,0.058
s100_m3_combo,B4,mid,1.0,TRAIN,aligned,1148,827,248,1148,0.689,-883.2,-0.3292,32.2,827,0.749,-503.2,-0.2643,34.2,248,0.551,-296.0,-0.4933,27.0,0.229,0.038
s100_m3_combo,B4,mid,1.0,TRAIN,against,983,242,679,983,0.697,-766.0,-0.3015,32.9,242,0.657,-199.4,-0.3388,32.2,679,0.737,-469.1,-0.2781,33.3,-0.0607,0.523
s100_m3_combo,B5,mid,1.0,TRAIN,aligned,1148,911,237,1148,0.689,-883.2,-0.3292,32.2,911,0.682,-714.6,-0.3391,31.9,237,0.717,-168.6,-0.2915,33.3,-0.0476,0.64
s100_m3_combo,B5,mid,1.0,TRAIN,against,983,140,843,983,0.697,-766.0,-0.3015,32.9,140,0.718,-88.3,-0.2986,34.3,843,0.694,-677.7,-0.302,32.6,0.0034,0.968
s100_m3_combo,B6,mid,1.0,TRAIN,aligned,1148,565,475,1148,0.689,-883.2,-0.3292,32.2,565,0.758,-327.7,-0.2453,34.5,475,0.672,-396.0,-0.3567,31.6,0.1114,0.309
s100_m3_combo,B6,mid,1.0,TRAIN,against,983,260,639,983,0.697,-766.0,-0.3015,32.9,260,0.707,-207.3,-0.2997,32.3,639,0.714,-456.2,-0.2857,33.5,-0.014,0.898
s100_m3_combo,B1,mid,1.0,TEST,aligned,1324,814,387,1324,0.952,-218.3,-0.1235,34.9,814,0.96,-117.9,-0.1085,35.3,387,0.852,-187.2,-0.2244,32.0,0.1158,0.204
s100_m3_combo,B1,mid,1.0,TEST,against,1108,301,703,1108,0.85,-613.1,-0.2235,31.8,301,0.709,-308.3,-0.3109,30.6,703,0.869,-338.1,-0.18,32.4,-0.1309,0.199
s100_m3_combo,B2,mid,1.0,TEST,aligned,1324,209,1115,1324,0.952,-218.3,-0.1235,34.9,209,0.817,-121.0,-0.3059,30.1,1115,0.975,-97.4,-0.0893,35.8,-0.2166,0.016
s100_m3_combo,B2,mid,1.0,TEST,against,1108,626,482,1108,0.85,-613.1,-0.2235,31.8,626,0.871,-294.1,-0.2102,32.3,482,0.824,-319.0,-0.2408,31.1,0.0307,0.757
s100_m3_combo,B3,mid,1.0,TEST,aligned,1324,1147,177,1324,0.952,-218.3,-0.1235,34.9,1147,0.952,-193.9,-0.1254,34.9,177,0.956,-24.5,-0.1111,35.0,-0.0144,0.884
s100_m3_combo,B3,mid,1.0,TEST,against,1108,946,162,1108,0.85,-613.1,-0.2235,31.8,946,0.849,-527.2,-0.221,31.7,162,0.861,-85.9,-0.2381,32.1,0.0171,0.872
s100_m3_combo,B4,mid,1.0,TEST,aligned,1324,886,321,1324,0.952,-218.3,-0.1235,34.9,886,0.903,-301.5,-0.1639,33.9,321,0.925,-82.4,-0.109,35.2,-0.0549,0.528
s100_m3_combo,B4,mid,1.0,TEST,against,1108,328,711,1108,0.85,-613.1,-0.2235,31.8,328,0.751,-304.7,-0.2881,29.6,711,0.892,-289.0,-0.213,32.1,-0.0752,0.415
s100_m3_combo,B5,mid,1.0,TEST,aligned,1324,1082,242,1324,0.952,-218.3,-0.1235,34.9,1082,0.938,-223.5,-0.1534,34.1,242,1.005,5.1,0.0104,38.4,-0.1638,0.046
s100_m3_combo,B5,mid,1.0,TEST,against,1108,180,928,1108,0.85,-613.1,-0.2235,31.8,180,0.705,-228.5,-0.2217,30.6,928,0.884,-384.6,-0.2239,32.0,0.0022,0.985
s100_m3_combo,B6,mid,1.0,TEST,aligned,1324,697,523,1324,0.952,-218.3,-0.1235,34.9,697,0.944,-144.8,-0.111,35.3,523,0.912,-147.7,-0.1759,33.3,0.0649,0.456
s100_m3_combo,B6,mid,1.0,TEST,against,1108,245,774,1108,0.85,-613.1,-0.2235,31.8,245,0.698,-264.9,-0.3321,29.8,774,0.859,-397.4,-0.1894,32.4,-0.1428,0.166
s100_m3_combo,B1,q,0.7,ALL,aligned,2472,1483,738,2472,0.844,-1114.9,-0.2078,31.2,1483,0.864,-603.3,-0.1854,31.6,738,0.794,-421.7,-0.2404,30.8,0.055,0.403
s100_m3_combo,B1,q,0.7,ALL,against,2091,621,1264,2091,0.788,-1355.2,-0.2447,29.8,621,0.72,-518.3,-0.2558,29.6,1264,0.81,-729.2,-0.2169,30.5,-0.0389,0.587
s100_m3_combo,B2,q,0.7,ALL,aligned,2472,376,2096,2472,0.844,-1114.9,-0.2078,31.2,376,0.771,-236.2,-0.248,30.3,2096,0.856,-878.8,-0.2006,31.4,-0.0474,0.447
s100_m3_combo,B2,q,0.7,ALL,against,2091,1134,957,2091,0.788,-1355.2,-0.2447,29.8,1134,0.803,-670.5,-0.2431,30.0,957,0.771,-684.7,-0.2467,29.7,0.0036,0.961
s100_m3_combo,B3,q,0.7,ALL,aligned,2472,2132,340,2472,0.844,-1114.9,-0.2078,31.2,2132,0.847,-949.6,-0.2073,31.3,340,0.823,-165.4,-0.211,30.9,0.0037,0.966
s100_m3_combo,B3,q,0.7,ALL,against,2091,1781,310,2091,0.788,-1355.2,-0.2447,29.8,1781,0.776,-1222.1,-0.2568,29.5,310,0.858,-133.1,-0.1755,31.6,-0.0813,0.25
s100_m3_combo,B4,q,0.7,ALL,aligned,2472,1713,569,2472,0.844,-1114.9,-0.2078,31.2,1713,0.833,-823.8,-0.2008,31.7,569,0.778,-378.4,-0.2772,28.6,0.0764,0.221
s100_m3_combo,B4,q,0.7,ALL,against,2091,570,1390,2091,0.788,-1355.2,-0.2447,29.8,570,0.727,-474.7,-0.2994,27.7,1390,0.813,-807.4,-0.2352,30.3,-0.0642,0.355
s100_m3_combo,B5,q,0.7,ALL,aligned,2472,1993,479,2472,0.844,-1114.9,-0.2078,31.2,1993,0.825,-988.8,-0.228,30.7,479,0.916,-126.1,-0.1237,33.4,-0.1043,0.089
s100_m3_combo,B5,q,0.7,ALL,against,2091,320,1771,2091,0.788,-1355.2,-0.2447,29.8,320,0.74,-270.9,-0.2185,30.3,1771,0.797,-1084.3,-0.2495,29.8,0.0309,0.649
s100_m3_combo,B6,q,0.7,ALL,aligned,2472,1262,998,2472,0.844,-1114.9,-0.2078,31.2,1262,0.86,-536.5,-0.1793,31.9,998,0.83,-467.3,-0.2174,31.2,0.0381,0.542
s100_m3_combo,B6,q,0.7,ALL,against,2091,505,1413,2091,0.788,-1355.2,-0.2447,29.8,505,0.681,-493.9,-0.3156,27.9,1413,0.809,-807.3,-0.2107,30.8,-0.1049,0.155
s100_m3_combo,B1,q,0.7,TRAIN,aligned,1148,669,351,1148,0.692,-834.4,-0.3139,29.5,669,0.715,-448.9,-0.292,29.7,351,0.705,-246.4,-0.2965,31.1,0.0045,0.954
s100_m3_combo,B1,q,0.7,TRAIN,against,983,320,561,983,0.697,-732.8,-0.2763,30.3,320,0.767,-190.0,-0.1893,32.2,561,0.686,-420.0,-0.2955,30.1,0.1062,0.275
s100_m3_combo,B2,q,0.7,TRAIN,aligned,1148,167,981,1148,0.692,-834.4,-0.3139,29.5,167,0.72,-112.4,-0.2125,32.9,981,0.687,-722.0,-0.3312,29.0,0.1186,0.201
s100_m3_combo,B2,q,0.7,TRAIN,against,983,508,475,983,0.697,-732.8,-0.2763,30.3,508,0.721,-330.8,-0.2629,31.1,475,0.675,-402.0,-0.2906,29.5,0.0277,0.777
s100_m3_combo,B3,q,0.7,TRAIN,aligned,1148,985,163,1148,0.692,-834.4,-0.3139,29.5,985,0.702,-686.6,-0.306,29.7,163,0.635,-147.8,-0.3616,28.2,0.0555,0.549
s100_m3_combo,B3,q,0.7,TRAIN,against,983,835,148,983,0.697,-732.8,-0.2763,30.3,835,0.67,-687.9,-0.3027,29.6,148,0.866,-45.0,-0.1273,34.5,-0.1755,0.082
s100_m3_combo,B4,q,0.7,TRAIN,aligned,1148,827,248,1148,0.692,-834.4,-0.3139,29.5,827,0.751,-476.3,-0.2533,31.4,248,0.546,-285.7,-0.4818,24.2,0.2285,0.008
s100_m3_combo,B4,q,0.7,TRAIN,against,983,242,679,983,0.697,-732.8,-0.2763,30.3,242,0.712,-157.5,-0.2738,30.2,679,0.716,-486.8,-0.2679,30.6,-0.0059,0.96
s100_m3_combo,B5,q,0.7,TRAIN,aligned,1148,911,237,1148,0.692,-834.4,-0.3139,29.5,911,0.69,-660.5,-0.3156,29.5,237,0.699,-173.9,-0.3075,29.5,-0.0081,0.943
s100_m3_combo,B5,q,0.7,TRAIN,against,983,140,843,983,0.697,-732.8,-0.2763,30.3,140,0.717,-85.4,-0.2889,30.7,843,0.695,-647.4,-0.2742,30.2,-0.0147,0.876
s100_m3_combo,B6,q,0.7,TRAIN,aligned,1148,565,475,1148,0.692,-834.4,-0.3139,29.5,565,0.729,-354.2,-0.2718,30.3,475,0.702,-339.0,-0.3035,30.5,0.0317,0.737
s100_m3_combo,B6,q,0.7,TRAIN,against,983,260,639,983,0.697,-732.8,-0.2763,30.3,260,0.692,-211.1,-0.2768,29.6,639,0.715,-432.3,-0.2638,31.0,-0.013,0.873
s100_m3_combo,B1,q,0.7,TEST,aligned,1324,814,387,1324,0.937,-280.6,-0.1158,32.7,814,0.946,-154.4,-0.0978,33.2,387,0.856,-175.3,-0.1895,30.5,0.0917,0.303
s100_m3_combo,B1,q,0.7,TEST,against,1108,301,703,1108,0.843,-622.4,-0.2167,29.4,301,0.683,-328.3,-0.3264,26.9,703,0.876,-309.1,-0.1541,30.9,-0.1723,0.108
s100_m3_combo,B2,q,0.7,TEST,aligned,1324,209,1115,1324,0.937,-280.6,-0.1158,32.7,209,0.804,-123.8,-0.2764,28.2,1115,0.959,-156.8,-0.0857,33.5,-0.1907,0.028
s100_m3_combo,B2,q,0.7,TEST,against,1108,626,482,1108,0.843,-622.4,-0.2167,29.4,626,0.847,-339.6,-0.227,29.1,482,0.838,-282.7,-0.2034,29.9,-0.0235,0.819
s100_m3_combo,B3,q,0.7,TEST,aligned,1324,1147,177,1324,0.937,-280.6,-0.1158,32.7,1147,0.933,-263.0,-0.1225,32.6,177,0.967,-17.6,-0.0723,33.3,-0.0503,0.56
s100_m3_combo,B3,q,0.7,TEST,against,1108,946,162,1108,0.843,-622.4,-0.2167,29.4,946,0.842,-534.2,-0.2162,29.5,162,0.853,-88.2,-0.2195,29.0,0.0033,0.973
s100_m3_combo,B4,q,0.7,TEST,aligned,1324,886,321,1324,0.937,-280.6,-0.1158,32.7,886,0.885,-347.5,-0.1518,31.9,321,0.913,-92.8,-0.1192,32.1,-0.0326,0.687
s100_m3_combo,B4,q,0.7,TEST,against,1108,328,711,1108,0.843,-622.4,-0.2167,29.4,328,0.734,-317.3,-0.3182,25.9,711,0.877,-320.6,-0.2039,30.0,-0.1143,0.274
s100_m3_combo,B5,q,0.7,TEST,aligned,1324,1082,242,1324,0.937,-280.6,-0.1158,32.7,1082,0.907,-328.3,-0.1543,31.7,242,1.052,47.7,0.0562,37.2,-0.2105,0.013
s100_m3_combo,B5,q,0.7,TEST,against,1108,180,928,1108,0.843,-622.4,-0.2167,29.4,180,0.75,-185.5,-0.1638,30.0,928,0.865,-436.9,-0.227,29.3,0.0632,0.542
s100_m3_combo,B6,q,0.7,TEST,aligned,1324,697,523,1324,0.937,-280.6,-0.1158,32.7,697,0.927,-182.4,-0.1043,33.1,523,0.92,-128.3,-0.1392,31.7,0.0349,0.684
s100_m3_combo,B6,q,0.7,TEST,against,1108,245,774,1108,0.843,-622.4,-0.2167,29.4,245,0.672,-282.8,-0.3568,26.1,774,0.862,-375.0,-0.1669,30.6,-0.1899,0.076
s12_m90_fade_bias,B1,mid,1.0,ALL,aligned,2100,1226,660,2100,0.624,-1195.3,-0.2477,36.8,1226,0.657,-647.8,-0.2235,37.6,660,0.56,-425.4,-0.3048,36.2,0.0814,0.153
s12_m90_fade_bias,B1,mid,1.0,ALL,against,1966,567,1197,1966,0.65,-992.2,-0.258,36.0,567,0.663,-280.4,-0.2453,35.6,1197,0.663,-576.5,-0.2566,36.3,0.0112,0.845
s12_m90_fade_bias,B2,mid,1.0,ALL,aligned,2100,397,1703,2100,0.624,-1195.3,-0.2477,36.8,397,0.864,-63.0,-0.0876,41.6,1703,0.584,-1132.2,-0.285,35.7,0.1974,0.0
s12_m90_fade_bias,B2,mid,1.0,ALL,against,1966,1135,831,1966,0.65,-992.2,-0.258,36.0,1135,0.654,-548.8,-0.261,36.7,831,0.645,-443.3,-0.2539,35.1,-0.007,0.902
s12_m90_fade_bias,B3,mid,1.0,ALL,aligned,2100,1601,499,2100,0.624,-1195.3,-0.2477,36.8,1601,0.595,-1033.1,-0.2633,35.7,499,0.743,-162.2,-0.1973,40.5,-0.066,0.231
s12_m90_fade_bias,B3,mid,1.0,ALL,against,1966,1399,567,1966,0.65,-992.2,-0.258,36.0,1399,0.537,-978.6,-0.3285,33.5,567,0.981,-13.6,-0.0841,42.3,-0.2443,0.0
s12_m90_fade_bias,B4,mid,1.0,ALL,aligned,2100,1434,522,2100,0.624,-1195.3,-0.2477,36.8,1434,0.572,-965.9,-0.2736,36.0,522,0.7,-223.4,-0.2317,39.1,-0.0419,0.467
s12_m90_fade_bias,B4,mid,1.0,ALL,against,1966,476,1342,1966,0.65,-992.2,-0.258,36.0,476,0.63,-232.7,-0.2701,36.8,1342,0.663,-681.3,-0.2527,36.3,-0.0174,0.77
s12_m90_fade_bias,B5,mid,1.0,ALL,aligned,2100,1735,365,2100,0.624,-1195.3,-0.2477,36.8,1735,0.619,-1001.9,-0.2458,36.3,365,0.651,-193.4,-0.2564,39.2,0.0106,0.844
s12_m90_fade_bias,B5,mid,1.0,ALL,against,1966,337,1629,1966,0.65,-992.2,-0.258,36.0,337,0.767,-99.5,-0.2141,39.5,1629,0.629,-892.7,-0.2671,35.3,0.053,0.341
s12_m90_fade_bias,B6,mid,1.0,ALL,aligned,2100,940,997,2100,0.624,-1195.3,-0.2477,36.8,940,0.661,-515.6,-0.2239,36.6,997,0.609,-545.3,-0.2628,38.0,0.0389,0.471
s12_m90_fade_bias,B6,mid,1.0,ALL,against,1966,376,1455,1966,0.65,-992.2,-0.258,36.0,376,0.541,-266.6,-0.3054,32.4,1455,0.703,-600.4,-0.2307,37.2,-0.0747,0.186
s12_m90_fade_bias,B1,mid,1.0,TRAIN,aligned,1002,563,339,1002,0.486,-660.4,-0.3195,32.3,563,0.519,-328.3,-0.2775,32.5,339,0.507,-213.8,-0.3282,35.1,0.0507,0.493
s12_m90_fade_bias,B1,mid,1.0,TRAIN,against,973,300,551,973,0.537,-548.8,-0.2801,32.9,300,0.652,-132.7,-0.2059,36.0,551,0.513,-319.6,-0.2998,32.1,0.0939,0.246
s12_m90_fade_bias,B2,mid,1.0,TRAIN,aligned,1002,189,813,1002,0.486,-660.4,-0.3195,32.3,189,0.767,-48.9,-0.1701,39.2,813,0.431,-611.5,-0.3542,30.8,0.1841,0.015
s12_m90_fade_bias,B2,mid,1.0,TRAIN,against,973,526,447,973,0.537,-548.8,-0.2801,32.9,526,0.576,-245.4,-0.2536,34.6,447,0.499,-303.4,-0.3112,30.9,0.0575,0.435
s12_m90_fade_bias,B3,mid,1.0,TRAIN,aligned,1002,764,238,1002,0.486,-660.4,-0.3195,32.3,764,0.457,-554.5,-0.3325,30.9,238,0.596,-105.9,-0.2776,37.0,-0.0549,0.452
s12_m90_fade_bias,B3,mid,1.0,TRAIN,against,973,712,261,973,0.537,-548.8,-0.2801,32.9,712,0.447,-531.5,-0.349,30.2,261,0.923,-17.3,-0.092,40.2,-0.2569,0.0
s12_m90_fade_bias,B4,mid,1.0,TRAIN,aligned,1002,710,223,1002,0.486,-660.4,-0.3195,32.3,710,0.527,-440.5,-0.3091,33.5,223,0.31,-200.8,-0.4166,30.0,0.1075,0.162
s12_m90_fade_bias,B4,mid,1.0,TRAIN,against,973,243,644,973,0.537,-548.8,-0.2801,32.9,243,0.444,-157.9,-0.332,31.3,644,0.592,-326.1,-0.25,34.5,-0.082,0.297
s12_m90_fade_bias,B5,mid,1.0,TRAIN,aligned,1002,814,188,1002,0.486,-660.4,-0.3195,32.3,814,0.481,-544.7,-0.3122,32.1,188,0.506,-115.7,-0.351,33.5,0.0388,0.596
s12_m90_fade_bias,B5,mid,1.0,TRAIN,against,973,175,798,973,0.537,-548.8,-0.2801,32.9,175,0.469,-98.2,-0.3113,35.4,798,0.549,-450.6,-0.2732,32.3,-0.0381,0.6
s12_m90_fade_bias,B6,mid,1.0,TRAIN,aligned,1002,426,496,1002,0.486,-660.4,-0.3195,32.3,426,0.577,-223.4,-0.2362,32.9,496,0.494,-304.4,-0.3285,34.7,0.0923,0.252
s12_m90_fade_bias,B6,mid,1.0,TRAIN,against,973,223,663,973,0.537,-548.8,-0.2801,32.9,223,0.589,-130.0,-0.2443,33.2,663,0.569,-318.6,-0.2611,33.6,0.0168,0.831
s12_m90_fade_bias,B1,mid,1.0,TEST,aligned,1098,663,321,1098,0.718,-534.9,-0.1821,40.9,663,0.736,-319.5,-0.1776,41.9,321,0.603,-211.6,-0.2802,37.4,0.1026,0.209
s12_m90_fade_bias,B1,mid,1.0,TEST,against,993,267,646,993,0.731,-443.4,-0.2364,39.1,267,0.673,-147.7,-0.2896,35.2,646,0.756,-256.9,-0.2196,39.9,-0.07,0.447
s12_m90_fade_bias,B2,mid,1.0,TEST,aligned,1098,208,890,1098,0.718,-534.9,-0.1821,40.9,208,0.944,-14.1,-0.0126,43.8,890,0.683,-520.8,-0.2217,40.2,0.2092,0.005
s12_m90_fade_bias,B2,mid,1.0,TEST,against,993,609,384,993,0.731,-443.4,-0.2364,39.1,609,0.698,-303.5,-0.2673,38.4,384,0.782,-139.9,-0.1873,40.1,-0.08,0.312
s12_m90_fade_bias,B3,mid,1.0,TEST,aligned,1098,837,261,1098,0.718,-534.9,-0.1821,40.9,837,0.687,-478.6,-0.2002,40.0,261,0.848,-56.3,-0.1241,43.7,-0.076,0.34
s12_m90_fade_bias,B3,mid,1.0,TEST,against,993,687,306,993,0.731,-443.4,-0.2364,39.1,687,0.612,-447.1,-0.3072,36.8,306,1.008,3.8,-0.0774,44.1,-0.2298,0.007
s12_m90_fade_bias,B4,mid,1.0,TEST,aligned,1098,724,299,1098,0.718,-534.9,-0.1821,40.9,724,0.603,-525.4,-0.2388,38.4,299,0.95,-22.6,-0.0938,45.8,-0.145,0.08
s12_m90_fade_bias,B4,mid,1.0,TEST,against,993,233,698,993,0.731,-443.4,-0.2364,39.1,233,0.783,-74.8,-0.2055,42.5,698,0.709,-355.2,-0.2551,38.0,0.0497,0.574
s12_m90_fade_bias,B5,mid,1.0,TEST,aligned,1098,921,177,1098,0.718,-534.9,-0.1821,40.9,921,0.71,-457.1,-0.1871,40.1,177,0.758,-77.7,-0.1559,45.2,-0.0313,0.704
s12_m90_fade_bias,B5,mid,1.0,TEST,against,993,162,831,993,0.731,-443.4,-0.2364,39.1,162,0.995,-1.3,-0.1091,43.8,831,0.686,-442.1,-0.2612,38.1,0.1521,0.073
s12_m90_fade_bias,B6,mid,1.0,TEST,aligned,1098,514,501,1098,0.718,-534.9,-0.1821,40.9,514,0.705,-292.3,-0.2137,39.7,501,0.696,-240.9,-0.1978,41.3,-0.0159,0.847
s12_m90_fade_bias,B6,mid,1.0,TEST,against,993,153,792,993,0.731,-443.4,-0.2364,39.1,153,0.483,-136.6,-0.3944,31.4,792,0.781,-281.8,-0.2053,40.2,-0.1891,0.036
s12_m90_fade_bias,B1,q,0.7,ALL,aligned,2100,1226,660,2100,0.65,-1135.6,-0.2164,42.4,1226,0.65,-687.2,-0.2063,43.4,660,0.654,-323.8,-0.2379,41.4,0.0315,0.571
s12_m90_fade_bias,B1,q,0.7,ALL,against,1966,567,1197,1966,0.656,-1017.1,-0.2415,40.7,567,0.648,-307.2,-0.2357,38.6,1197,0.685,-559.0,-0.2369,41.4,0.0013,0.984
s12_m90_fade_bias,B2,q,0.7,ALL,aligned,2100,397,1703,2100,0.65,-1135.6,-0.2164,42.4,397,0.983,-7.7,-0.0305,49.4,1703,0.595,-1127.8,-0.2598,40.8,0.2293,0.0
s12_m90_fade_bias,B2,q,0.7,ALL,against,1966,1135,831,1966,0.656,-1017.1,-0.2415,40.7,1135,0.722,-436.4,-0.2309,42.0,831,0.581,-580.7,-0.2559,38.9,0.025,0.642
s12_m90_fade_bias,B3,q,0.7,ALL,aligned,2100,1601,499,2100,0.65,-1135.6,-0.2164,42.4,1601,0.618,-991.8,-0.2299,41.0,499,0.777,-143.8,-0.1731,46.7,-0.0568,0.321
s12_m90_fade_bias,B3,q,0.7,ALL,against,1966,1399,567,1966,0.656,-1017.1,-0.2415,40.7,1399,0.53,-1044.5,-0.3139,38.2,567,1.038,27.4,-0.0628,46.9,-0.2511,0.0
s12_m90_fade_bias,B4,q,0.7,ALL,aligned,2100,1434,522,2100,0.65,-1135.6,-0.2164,42.4,1434,0.596,-921.8,-0.2385,41.9,522,0.708,-229.4,-0.2218,43.1,-0.0167,0.766
s12_m90_fade_bias,B4,q,0.7,ALL,against,1966,476,1342,1966,0.656,-1017.1,-0.2415,40.7,476,0.648,-221.0,-0.2681,40.8,1342,0.664,-716.9,-0.2285,41.1,-0.0396,0.462
s12_m90_fade_bias,B5,q,0.7,ALL,aligned,2100,1735,365,2100,0.65,-1135.6,-0.2164,42.4,1735,0.658,-912.3,-0.2129,42.2,365,0.611,-223.3,-0.233,43.0,0.0201,0.724
s12_m90_fade_bias,B5,q,0.7,ALL,against,1966,337,1629,1966,0.656,-1017.1,-0.2415,40.7,337,0.769,-105.7,-0.203,43.6,1629,0.635,-911.4,-0.2494,40.1,0.0464,0.397
s12_m90_fade_bias,B6,q,0.7,ALL,aligned,2100,940,997,2100,0.65,-1135.6,-0.2164,42.4,940,0.654,-544.7,-0.2033,42.8,997,0.676,-446.8,-0.2151,43.0,0.0117,0.828
s12_m90_fade_bias,B6,q,0.7,ALL,against,1966,376,1455,1966,0.656,-1017.1,-0.2415,40.7,376,0.542,-269.7,-0.2756,37.2,1455,0.715,-606.4,-0.2179,41.9,-0.0577,0.256
s12_m90_fade_bias,B1,q,0.7,TRAIN,aligned,1002,563,339,1002,0.535,-594.5,-0.2866,39.6,563,0.548,-315.3,-0.2604,41.0,339,0.595,-167.8,-0.2677,40.1,0.0073,0.92
s12_m90_fade_bias,B1,q,0.7,TRAIN,against,973,300,551,973,0.548,-562.6,-0.2693,39.2,300,0.632,-149.1,-0.176,40.7,551,0.523,-333.2,-0.3099,37.4,0.134,0.058
s12_m90_fade_bias,B2,q,0.7,TRAIN,aligned,1002,189,813,1002,0.535,-594.5,-0.2866,39.6,189,0.734,-59.2,-0.1822,46.6,813,0.492,-535.3,-0.3109,38.0,0.1287,0.071
s12_m90_fade_bias,B2,q,0.7,TRAIN,against,973,526,447,973,0.548,-562.6,-0.2693,39.2,526,0.591,-249.6,-0.2551,41.3,447,0.507,-313.1,-0.2861,36.7,0.031,0.7
s12_m90_fade_bias,B3,q,0.7,TRAIN,aligned,1002,764,238,1002,0.535,-594.5,-0.2866,39.6,764,0.514,-485.1,-0.2918,38.2,238,0.609,-109.4,-0.27,44.1,-0.0218,0.756
s12_m90_fade_bias,B3,q,0.7,TRAIN,against,973,712,261,973,0.548,-562.6,-0.2693,39.2,712,0.44,-570.3,-0.3508,35.8,261,1.034,7.7,-0.0469,48.3,-0.3039,0.0
s12_m90_fade_bias,B4,q,0.7,TRAIN,aligned,1002,710,223,1002,0.535,-594.5,-0.2866,39.6,710,0.583,-381.0,-0.2698,41.0,223,0.337,-201.7,-0.4092,35.4,0.1393,0.056
s12_m90_fade_bias,B4,q,0.7,TRAIN,against,973,243,644,973,0.548,-562.6,-0.2693,39.2,243,0.546,-121.2,-0.2612,39.1,644,0.566,-376.8,-0.2597,39.4,-0.0015,0.984
s12_m90_fade_bias,B5,q,0.7,TRAIN,aligned,1002,814,188,1002,0.535,-594.5,-0.2866,39.6,814,0.546,-470.5,-0.2659,39.9,188,0.486,-124.0,-0.3764,38.3,0.1105,0.132
s12_m90_fade_bias,B5,q,0.7,TRAIN,against,973,175,798,973,0.548,-562.6,-0.2693,39.2,175,0.514,-96.4,-0.2935,42.3,798,0.554,-466.3,-0.264,38.5,-0.0294,0.675
s12_m90_fade_bias,B6,q,0.7,TRAIN,aligned,1002,426,496,1002,0.535,-594.5,-0.2866,39.6,426,0.621,-199.5,-0.2113,42.3,496,0.551,-268.4,-0.2896,40.1,0.0783,0.296
s12_m90_fade_bias,B6,q,0.7,TRAIN,against,973,223,663,973,0.548,-562.6,-0.2693,39.2,223,0.563,-145.1,-0.2091,39.5,663,0.58,-331.5,-0.2668,39.4,0.0577,0.477
s12_m90_fade_bias,B1,q,0.7,TEST,aligned,1098,663,321,1098,0.725,-541.1,-0.1523,44.9,663,0.707,-371.9,-0.1604,45.4,321,0.7,-156.0,-0.2064,42.7,0.0459,0.601
s12_m90_fade_bias,B1,q,0.7,TEST,against,993,267,646,993,0.734,-454.4,-0.2141,42.2,267,0.661,-158.1,-0.3028,36.3,646,0.791,-225.8,-0.1747,44.9,-0.1281,0.145
s12_m90_fade_bias,B2,q,0.7,TEST,aligned,1098,208,890,1098,0.725,-541.1,-0.1523,44.9,208,1.218,51.4,0.1074,51.9,890,0.657,-592.5,-0.2131,43.3,0.3205,0.0
s12_m90_fade_bias,B2,q,0.7,TEST,against,993,609,384,993,0.734,-454.4,-0.2141,42.2,609,0.805,-186.8,-0.21,42.7,384,0.644,-267.6,-0.2208,41.4,0.0108,0.896
s12_m90_fade_bias,B3,q,0.7,TEST,aligned,1098,837,261,1098,0.725,-541.1,-0.1523,44.9,837,0.683,-506.7,-0.1734,43.6,261,0.906,-34.3,-0.0847,49.0,-0.0888,0.307
s12_m90_fade_bias,B3,q,0.7,TEST,against,993,687,306,993,0.734,-454.4,-0.2141,42.2,687,0.607,-474.2,-0.2756,40.6,306,1.039,19.7,-0.0763,45.8,-0.1993,0.014
s12_m90_fade_bias,B4,q,0.7,TEST,aligned,1098,724,299,1098,0.725,-541.1,-0.1523,44.9,724,0.604,-540.8,-0.2078,42.8,299,0.943,-27.6,-0.0822,48.8,-0.1257,0.142
s12_m90_fade_bias,B4,q,0.7,TEST,against,993,233,698,993,0.734,-454.4,-0.2141,42.2,233,0.724,-99.8,-0.2752,42.5,698,0.731,-340.1,-0.1997,42.6,-0.0755,0.395
s12_m90_fade_bias,B5,q,0.7,TEST,aligned,1098,921,177,1098,0.725,-541.1,-0.1523,44.9,921,0.729,-441.8,-0.1661,44.3,177,0.702,-99.3,-0.0808,48.0,-0.0854,0.337
s12_m90_fade_bias,B5,q,0.7,TEST,against,993,162,831,993,0.734,-454.4,-0.2141,42.2,162,0.964,-9.3,-0.1053,45.1,831,0.693,-445.1,-0.2354,41.6,0.13,0.12
s12_m90_fade_bias,B6,q,0.7,TEST,aligned,1098,514,501,1098,0.725,-541.1,-0.1523,44.9,514,0.67,-345.1,-0.1967,43.2,501,0.772,-178.5,-0.1413,45.9,-0.0555,0.534
s12_m90_fade_bias,B6,q,0.7,TEST,against,993,153,792,993,0.734,-454.4,-0.2141,42.2,153,0.515,-124.6,-0.3725,34.0,792,0.794,-274.9,-0.177,43.9,-0.1955,0.022
s03_ob_mitigation,B1,mid,1.0,ALL,aligned,3213,1844,1046,3213,0.736,-1777.0,-0.2525,39.9,1844,0.758,-933.1,-0.2387,40.2,1046,0.693,-676.8,-0.2739,39.3,0.0351,0.49
s03_ob_mitigation,B1,mid,1.0,ALL,against,3442,1029,2037,3442,0.742,-1855.0,-0.2424,40.2,1029,0.708,-633.8,-0.2969,38.6,2037,0.754,-1045.1,-0.2229,40.7,-0.0741,0.166
s03_ob_mitigation,B2,mid,1.0,ALL,aligned,3213,1000,2213,3213,0.736,-1777.0,-0.2525,39.9,1000,0.674,-700.6,-0.3024,38.3,2213,0.765,-1076.5,-0.2299,40.6,-0.0725,0.139
s03_ob_mitigation,B2,mid,1.0,ALL,against,3442,2443,999,3442,0.742,-1855.0,-0.2424,40.2,2443,0.759,-1211.5,-0.2274,40.8,999,0.703,-643.6,-0.2792,38.7,0.0518,0.296
s03_ob_mitigation,B3,mid,1.0,ALL,aligned,3213,1617,1595,3213,0.736,-1777.0,-0.2525,39.9,1617,0.786,-711.1,-0.2082,41.2,1595,0.686,-1071.0,-0.2985,38.4,0.0903,0.072
s03_ob_mitigation,B3,mid,1.0,ALL,against,3442,1686,1756,3442,0.742,-1855.0,-0.2424,40.2,1686,0.755,-858.3,-0.2372,40.4,1756,0.729,-996.8,-0.2474,40.0,0.0101,0.814
s03_ob_mitigation,B4,mid,1.0,ALL,aligned,3213,2086,851,3213,0.736,-1777.0,-0.2525,39.9,2086,0.784,-913.5,-0.2112,41.3,851,0.691,-568.1,-0.2915,38.4,0.0803,0.137
s03_ob_mitigation,B4,mid,1.0,ALL,against,3442,789,2390,3442,0.742,-1855.0,-0.2424,40.2,789,0.805,-305.8,-0.1933,42.1,2390,0.725,-1384.2,-0.2601,39.6,0.0669,0.2
s03_ob_mitigation,B5,mid,1.0,ALL,aligned,3213,2695,518,3213,0.736,-1777.0,-0.2525,39.9,2695,0.733,-1515.4,-0.2541,39.7,518,0.749,-261.7,-0.2439,40.7,-0.0102,0.839
s03_ob_mitigation,B5,mid,1.0,ALL,against,3442,586,2856,3442,0.742,-1855.0,-0.2424,40.2,586,0.792,-242.5,-0.2141,41.5,2856,0.732,-1612.5,-0.2482,40.0,0.0341,0.482
s03_ob_mitigation,B6,mid,1.0,ALL,aligned,3213,923,2132,3213,0.736,-1777.0,-0.2525,39.9,923,0.804,-370.9,-0.1886,41.8,2132,0.708,-1316.7,-0.2787,39.1,0.0901,0.087
s03_ob_mitigation,B6,mid,1.0,ALL,against,3442,498,2801,3442,0.742,-1855.0,-0.2424,40.2,498,0.807,-191.9,-0.2102,41.6,2801,0.741,-1520.5,-0.2407,40.2,0.0305,0.513
s03_ob_mitigation,B1,mid,1.0,TRAIN,aligned,1960,1106,657,1960,0.742,-1009.2,-0.2628,40.2,1106,0.802,-427.7,-0.232,41.1,657,0.676,-438.0,-0.285,39.4,0.0531,0.492
s03_ob_mitigation,B1,mid,1.0,TRAIN,against,2075,620,1212,2075,0.729,-1123.0,-0.2505,40.6,620,0.663,-430.7,-0.3426,37.7,1212,0.768,-550.9,-0.204,42.1,-0.1385,0.049
s03_ob_mitigation,B2,mid,1.0,TRAIN,aligned,1960,611,1349,1960,0.742,-1009.2,-0.2628,40.2,611,0.632,-469.6,-0.3327,38.0,1349,0.796,-539.6,-0.2312,41.1,-0.1015,0.101
s03_ob_mitigation,B2,mid,1.0,TRAIN,against,2075,1462,613,2075,0.729,-1123.0,-0.2505,40.6,1462,0.741,-746.1,-0.2339,41.2,613,0.701,-376.9,-0.29,39.2,0.0561,0.365
s03_ob_mitigation,B3,mid,1.0,TRAIN,aligned,1960,1044,915,1960,0.742,-1009.2,-0.2628,40.2,1044,0.763,-493.1,-0.2388,40.8,915,0.716,-521.2,-0.2923,39.3,0.0534,0.419
s03_ob_mitigation,B3,mid,1.0,TRAIN,against,2075,984,1091,2075,0.729,-1123.0,-0.2505,40.6,984,0.736,-517.1,-0.2536,40.5,1091,0.723,-606.0,-0.2478,40.7,-0.0058,0.922
s03_ob_mitigation,B4,mid,1.0,TRAIN,aligned,1960,1281,506,1960,0.742,-1009.2,-0.2628,40.2,1281,0.839,-392.3,-0.1845,42.8,506,0.617,-416.4,-0.3667,36.6,0.1822,0.011
s03_ob_mitigation,B4,mid,1.0,TRAIN,against,2075,472,1464,2075,0.729,-1123.0,-0.2505,40.6,472,0.827,-153.2,-0.1648,43.6,1464,0.701,-887.4,-0.2806,39.6,0.1158,0.082
s03_ob_mitigation,B5,mid,1.0,TRAIN,aligned,1960,1603,357,1960,0.742,-1009.2,-0.2628,40.2,1603,0.748,-810.0,-0.2572,40.2,357,0.716,-199.2,-0.2881,39.8,0.031,0.66
s03_ob_mitigation,B5,mid,1.0,TRAIN,against,2075,389,1686,2075,0.729,-1123.0,-0.2505,40.6,389,0.764,-172.7,-0.2112,42.4,1686,0.721,-950.4,-0.2596,40.2,0.0484,0.458
s03_ob_mitigation,B6,mid,1.0,TRAIN,aligned,1960,571,1284,1960,0.742,-1009.2,-0.2628,40.2,571,0.798,-227.2,-0.2106,41.7,1284,0.727,-700.5,-0.2793,39.7,0.0687,0.341
s03_ob_mitigation,B6,mid,1.0,TRAIN,against,2075,292,1694,2075,0.729,-1123.0,-0.2505,40.6,292,0.793,-117.7,-0.2248,41.4,1694,0.73,-913.0,-0.2452,40.8,0.0203,0.77
s03_ob_mitigation,B1,mid,1.0,TEST,aligned,1253,738,389,1253,0.727,-767.9,-0.2363,39.4,738,0.701,-505.3,-0.2488,38.9,389,0.721,-238.8,-0.255,39.1,0.0061,0.931
s03_ob_mitigation,B1,mid,1.0,TEST,against,1367,409,825,1367,0.759,-732.0,-0.2301,39.6,409,0.774,-203.1,-0.2277,39.9,825,0.736,-494.2,-0.2505,38.8,0.0228,0.781
s03_ob_mitigation,B2,mid,1.0,TEST,aligned,1253,389,864,1253,0.727,-767.9,-0.2363,39.4,389,0.735,-231.0,-0.2548,38.8,864,0.723,-536.9,-0.228,39.7,-0.0268,0.694
s03_ob_mitigation,B2,mid,1.0,TEST,against,1367,981,386,1367,0.759,-732.0,-0.2301,39.6,981,0.782,-465.3,-0.2176,40.2,386,0.705,-266.7,-0.262,38.1,0.0444,0.546
s03_ob_mitigation,B3,mid,1.0,TEST,aligned,1253,573,680,1253,0.727,-767.9,-0.2363,39.4,573,0.824,-218.1,-0.1524,42.1,680,0.65,-549.8,-0.307,37.2,0.1546,0.037
s03_ob_mitigation,B3,mid,1.0,TEST,against,1367,702,665,1367,0.759,-732.0,-0.2301,39.6,702,0.779,-341.2,-0.2144,40.2,665,0.739,-390.8,-0.2468,38.9,0.0324,0.646
s03_ob_mitigation,B4,mid,1.0,TEST,aligned,1253,805,345,1253,0.727,-767.9,-0.2363,39.4,805,0.71,-521.2,-0.2536,39.0,345,0.799,-151.7,-0.1812,41.2,-0.0724,0.358
s03_ob_mitigation,B4,mid,1.0,TEST,against,1367,317,926,1367,0.759,-732.0,-0.2301,39.6,317,0.777,-152.6,-0.2357,39.7,926,0.759,-496.8,-0.2278,39.6,-0.0079,0.912
s03_ob_mitigation,B5,mid,1.0,TEST,aligned,1253,1092,161,1253,0.727,-767.9,-0.2363,39.4,1092,0.714,-705.4,-0.2496,38.9,161,0.817,-62.5,-0.1459,42.9,-0.1037,0.167
s03_ob_mitigation,B5,mid,1.0,TEST,against,1367,197,1170,1367,0.759,-732.0,-0.2301,39.6,197,0.84,-69.9,-0.22,39.6,1170,0.746,-662.1,-0.2318,39.6,0.0119,0.895
s03_ob_mitigation,B6,mid,1.0,TEST,aligned,1253,352,848,1253,0.727,-767.9,-0.2363,39.4,352,0.812,-143.7,-0.1529,42.0,848,0.682,-616.2,-0.2777,38.1,0.1248,0.097
s03_ob_mitigation,B6,mid,1.0,TEST,against,1367,206,1107,1367,0.759,-732.0,-0.2301,39.6,206,0.825,-74.2,-0.1894,41.7,1107,0.756,-607.5,-0.2338,39.3,0.0444,0.592
s03_ob_mitigation,B1,q,0.7,ALL,aligned,3201,1832,1046,3201,0.75,-1616.6,-0.2364,35.9,1832,0.785,-792.4,-0.212,36.7,1046,0.69,-667.8,-0.2757,34.7,0.0637,0.266
s03_ob_mitigation,B1,q,0.7,ALL,against,3429,1029,2024,3429,0.731,-1881.8,-0.2417,35.8,1029,0.712,-606.5,-0.2802,34.6,2024,0.741,-1069.7,-0.2256,36.2,-0.0546,0.324
s03_ob_mitigation,B2,q,0.7,ALL,aligned,3201,988,2213,3201,0.75,-1616.6,-0.2364,35.9,988,0.669,-682.1,-0.3054,33.7,2213,0.788,-934.4,-0.2055,36.9,-0.0999,0.048
s03_ob_mitigation,B2,q,0.7,ALL,against,3429,2442,987,3429,0.731,-1881.8,-0.2417,35.8,2442,0.737,-1298.6,-0.2314,36.2,987,0.717,-583.2,-0.267,34.8,0.0356,0.486
s03_ob_mitigation,B3,q,0.7,ALL,aligned,3201,1617,1583,3201,0.75,-1616.6,-0.2364,35.9,1617,0.821,-570.4,-0.1728,38.0,1583,0.68,-1051.6,-0.3025,33.8,0.1297,0.007
s03_ob_mitigation,B3,q,0.7,ALL,against,3429,1673,1756,3429,0.731,-1881.8,-0.2417,35.8,1673,0.737,-897.2,-0.2478,35.6,1756,0.726,-984.6,-0.2359,35.9,-0.012,0.837
s03_ob_mitigation,B4,q,0.7,ALL,aligned,3201,2074,851,3201,0.75,-1616.6,-0.2364,35.9,2074,0.815,-748.2,-0.1775,37.9,851,0.673,-591.6,-0.3203,33.0,0.1428,0.011
s03_ob_mitigation,B4,q,0.7,ALL,against,3429,789,2377,3429,0.731,-1881.8,-0.2417,35.8,789,0.784,-334.6,-0.1973,37.4,2377,0.721,-1357.7,-0.2556,35.3,0.0583,0.281
s03_ob_mitigation,B5,q,0.7,ALL,aligned,3201,2683,518,3201,0.75,-1616.6,-0.2364,35.9,2683,0.75,-1367.5,-0.2373,35.8,518,0.755,-249.0,-0.2315,36.5,-0.0058,0.925
s03_ob_mitigation,B5,q,0.7,ALL,against,3429,586,2843,3429,0.731,-1881.8,-0.2417,35.8,586,0.752,-287.5,-0.2353,36.2,2843,0.727,-1594.3,-0.243,35.7,0.0077,0.898
s03_ob_mitigation,B6,q,0.7,ALL,aligned,3201,923,2120,3201,0.75,-1616.6,-0.2364,35.9,923,0.863,-246.6,-0.1337,39.2,2120,0.706,-1282.6,-0.28,34.5,0.1464,0.013
s03_ob_mitigation,B6,q,0.7,ALL,against,3429,498,2788,3429,0.731,-1881.8,-0.2417,35.8,498,0.805,-189.2,-0.2055,37.1,2788,0.728,-1554.8,-0.2412,35.7,0.0357,0.497
s03_ob_mitigation,B1,q,0.7,TRAIN,aligned,1960,1106,657,1960,0.753,-937.6,-0.2405,36.2,1106,0.827,-360.1,-0.1952,37.7,657,0.666,-441.1,-0.2909,34.6,0.0957,0.194
s03_ob_mitigation,B1,q,0.7,TRAIN,against,2075,620,1212,2075,0.718,-1141.6,-0.2485,36.0,620,0.669,-407.9,-0.326,33.5,1212,0.764,-549.6,-0.1978,37.6,-0.1282,0.089
s03_ob_mitigation,B2,q,0.7,TRAIN,aligned,1960,611,1349,1960,0.753,-937.6,-0.2405,36.2,611,0.622,-470.5,-0.3384,33.1,1349,0.817,-467.1,-0.1961,37.7,-0.1424,0.036
s03_ob_mitigation,B2,q,0.7,TRAIN,against,2075,1462,613,2075,0.718,-1141.6,-0.2485,36.0,1462,0.723,-782.7,-0.2341,36.5,613,0.707,-359.0,-0.2828,34.7,0.0487,0.441
s03_ob_mitigation,B3,q,0.7,TRAIN,aligned,1960,1044,915,1960,0.753,-937.6,-0.2405,36.2,1044,0.802,-394.4,-0.189,37.8,915,0.696,-548.5,-0.3013,34.3,0.1123,0.101
s03_ob_mitigation,B3,q,0.7,TRAIN,against,2075,984,1091,2075,0.718,-1141.6,-0.2485,36.0,984,0.719,-540.6,-0.265,35.5,1091,0.718,-601.0,-0.2337,36.5,-0.0313,0.671
s03_ob_mitigation,B4,q,0.7,TRAIN,aligned,1960,1281,506,1960,0.753,-937.6,-0.2405,36.2,1281,0.861,-328.0,-0.1519,39.2,506,0.6,-424.1,-0.3758,31.6,0.2239,0.002
s03_ob_mitigation,B4,q,0.7,TRAIN,against,2075,472,1464,2075,0.718,-1141.6,-0.2485,36.0,472,0.821,-155.7,-0.156,39.2,1464,0.689,-902.3,-0.2813,34.9,0.1252,0.076
s03_ob_mitigation,B5,q,0.7,TRAIN,aligned,1960,1603,357,1960,0.753,-937.6,-0.2405,36.2,1603,0.756,-759.1,-0.2377,36.2,357,0.736,-178.5,-0.2529,36.1,0.0152,0.83
s03_ob_mitigation,B5,q,0.7,TRAIN,against,2075,389,1686,2075,0.718,-1141.6,-0.2485,36.0,389,0.754,-177.3,-0.2203,37.3,1686,0.711,-964.3,-0.255,35.7,0.0347,0.602
s03_ob_mitigation,B6,q,0.7,TRAIN,aligned,1960,571,1284,1960,0.753,-937.6,-0.2405,36.2,571,0.846,-164.6,-0.1511,39.1,1284,0.722,-697.7,-0.2759,35.1,0.1248,0.099
s03_ob_mitigation,B6,q,0.7,TRAIN,against,2075,292,1694,2075,0.718,-1141.6,-0.2485,36.0,292,0.803,-109.0,-0.2179,37.0,1694,0.719,-928.9,-0.2409,36.2,0.023,0.767
s03_ob_mitigation,B1,q,0.7,TEST,aligned,1241,726,389,1241,0.747,-679.0,-0.2299,35.5,726,0.73,-432.3,-0.2375,35.1,389,0.727,-226.7,-0.2501,35.0,0.0126,0.872
s03_ob_mitigation,B1,q,0.7,TEST,against,1354,409,812,1354,0.749,-740.1,-0.2312,35.4,409,0.773,-198.6,-0.2107,36.2,812,0.712,-520.1,-0.2671,34.1,0.0563,0.491
s03_ob_mitigation,B2,q,0.7,TEST,aligned,1241,377,864,1241,0.747,-679.0,-0.2299,35.5,377,0.741,-211.6,-0.2519,34.7,864,0.75,-467.4,-0.2203,35.8,-0.0316,0.651
s03_ob_mitigation,B2,q,0.7,TEST,against,1354,980,374,1354,0.749,-740.1,-0.2312,35.4,980,0.755,-515.9,-0.2274,35.6,374,0.733,-224.2,-0.2412,34.8,0.0138,0.863
s03_ob_mitigation,B3,q,0.7,TEST,aligned,1241,573,668,1241,0.747,-679.0,-0.2299,35.5,573,0.853,-175.9,-0.1432,38.2,668,0.662,-503.1,-0.3042,33.1,0.1609,0.053
s03_ob_mitigation,B3,q,0.7,TEST,against,1354,689,665,1354,0.749,-740.1,-0.2312,35.4,689,0.76,-356.5,-0.2233,35.7,665,0.737,-383.6,-0.2395,35.0,0.0162,0.839
s03_ob_mitigation,B4,q,0.7,TEST,aligned,1241,793,345,1241,0.747,-679.0,-0.2299,35.5,793,0.751,-420.1,-0.2189,35.9,345,0.776,-167.5,-0.2389,35.1,0.0201,0.829
s03_ob_mitigation,B4,q,0.7,TEST,against,1354,317,913,1354,0.749,-740.1,-0.2312,35.4,317,0.737,-178.9,-0.2587,34.7,913,0.769,-455.4,-0.2145,35.9,-0.0442,0.624
s03_ob_mitigation,B5,q,0.7,TEST,aligned,1241,1080,161,1241,0.747,-679.0,-0.2299,35.5,1080,0.741,-608.5,-0.2367,35.2,161,0.792,-70.5,-0.184,37.3,-0.0528,0.531
s03_ob_mitigation,B5,q,0.7,TEST,against,1354,197,1157,1354,0.749,-740.1,-0.2312,35.4,197,0.75,-110.2,-0.265,34.0,1157,0.748,-630.0,-0.2255,35.6,-0.0396,0.599
s03_ob_mitigation,B6,q,0.7,TEST,aligned,1241,352,836,1241,0.747,-679.0,-0.2299,35.5,352,0.887,-82.0,-0.1053,39.5,836,0.685,-584.9,-0.2862,33.6,0.1809,0.039
s03_ob_mitigation,B6,q,0.7,TEST,against,1354,206,1094,1354,0.749,-740.1,-0.2312,35.4,206,0.808,-80.1,-0.188,37.4,1094,0.74,-625.9,-0.2417,34.9,0.0537,0.531
s99_mss_fvg,B1,mid,1.0,ALL,aligned,950,561,298,950,0.736,-743.5,-0.2936,42.1,561,0.618,-665.6,-0.3402,40.3,298,0.835,-142.7,-0.2577,43.6,-0.0825,0.273
s99_mss_fvg,B1,mid,1.0,ALL,against,914,277,565,914,0.787,-660.1,-0.268,42.0,277,0.888,-90.3,-0.2142,44.4,565,0.72,-573.9,-0.3074,40.2,0.0932,0.301
s99_mss_fvg,B2,mid,1.0,ALL,aligned,950,204,746,950,0.736,-743.5,-0.2936,42.1,204,0.731,-142.0,-0.2327,45.6,746,0.737,-601.5,-0.3102,41.2,0.0775,0.309
s99_mss_fvg,B2,mid,1.0,ALL,against,914,553,361,914,0.787,-660.1,-0.268,42.0,553,0.718,-531.1,-0.3101,40.5,361,0.894,-129.0,-0.2036,44.3,-0.1065,0.192
s99_mss_fvg,B3,mid,1.0,ALL,aligned,950,634,316,950,0.736,-743.5,-0.2936,42.1,634,0.749,-495.9,-0.2832,42.1,316,0.706,-247.6,-0.3143,42.1,0.031,0.674
s99_mss_fvg,B3,mid,1.0,ALL,against,914,579,334,914,0.787,-660.1,-0.268,42.0,579,0.842,-312.5,-0.2428,42.8,334,0.696,-341.0,-0.3091,40.7,0.0663,0.352
s99_mss_fvg,B4,mid,1.0,ALL,aligned,950,665,223,950,0.736,-743.5,-0.2936,42.1,665,0.813,-348.9,-0.2538,43.9,223,0.599,-296.9,-0.3862,38.1,0.1323,0.11
s99_mss_fvg,B4,mid,1.0,ALL,against,914,209,643,914,0.787,-660.1,-0.268,42.0,209,0.839,-107.8,-0.2026,44.5,643,0.803,-441.6,-0.2684,42.0,0.0657,0.414
s99_mss_fvg,B5,mid,1.0,ALL,aligned,950,784,166,950,0.736,-743.5,-0.2936,42.1,784,0.707,-685.1,-0.2994,41.8,166,0.877,-58.4,-0.2661,43.4,-0.0333,0.671
s99_mss_fvg,B5,mid,1.0,ALL,against,914,158,756,914,0.787,-660.1,-0.268,42.0,158,0.891,-62.1,-0.281,40.5,756,0.764,-598.0,-0.2653,42.3,-0.0157,0.86
s99_mss_fvg,B6,mid,1.0,ALL,aligned,950,355,534,950,0.736,-743.5,-0.2936,42.1,355,0.611,-454.8,-0.3435,40.0,534,0.769,-344.8,-0.2792,42.9,-0.0643,0.385
s99_mss_fvg,B6,mid,1.0,ALL,against,914,178,689,914,0.787,-660.1,-0.268,42.0,178,0.863,-74.0,-0.249,43.3,689,0.756,-574.9,-0.2671,41.9,0.0181,0.832
s99_mss_fvg,B1,mid,1.0,TRAIN,aligned,470,261,162,470,0.662,-385.1,-0.368,41.3,261,0.65,-209.2,-0.348,42.1,162,0.691,-129.0,-0.3836,40.7,0.0357,0.756
s99_mss_fvg,B1,mid,1.0,TRAIN,against,433,148,245,433,0.784,-234.3,-0.3526,40.9,148,0.927,-25.9,-0.274,43.9,245,0.701,-191.6,-0.4131,38.4,0.1391,0.255
s99_mss_fvg,B2,mid,1.0,TRAIN,aligned,470,111,359,470,0.662,-385.1,-0.368,41.3,111,0.777,-59.7,-0.3389,42.3,359,0.627,-325.4,-0.3769,40.9,0.038,0.722
s99_mss_fvg,B2,mid,1.0,TRAIN,against,433,242,191,433,0.784,-234.3,-0.3526,40.9,242,0.823,-104.7,-0.3879,39.7,191,0.737,-129.6,-0.3079,42.4,-0.08,0.523
s99_mss_fvg,B3,mid,1.0,TRAIN,aligned,470,313,157,470,0.662,-385.1,-0.368,41.3,313,0.683,-235.1,-0.3523,42.2,157,0.624,-150.0,-0.3992,39.5,0.047,0.678
s99_mss_fvg,B3,mid,1.0,TRAIN,against,433,287,146,433,0.784,-234.3,-0.3526,40.9,287,0.821,-134.9,-0.3184,41.8,146,0.702,-99.4,-0.4199,39.0,0.1015,0.406
s99_mss_fvg,B4,mid,1.0,TRAIN,aligned,470,350,96,470,0.662,-385.1,-0.368,41.3,350,0.71,-250.0,-0.3257,42.9,96,0.544,-98.3,-0.4598,38.5,0.1341,0.25
s99_mss_fvg,B4,mid,1.0,TRAIN,against,433,102,302,433,0.784,-234.3,-0.3526,40.9,102,0.87,-31.5,-0.3473,41.2,302,0.785,-164.9,-0.3475,41.1,0.0001,0.999
s99_mss_fvg,B5,mid,1.0,TRAIN,aligned,470,387,83,470,0.662,-385.1,-0.368,41.3,387,0.636,-348.0,-0.3626,41.3,83,0.799,-37.1,-0.3927,41.0,0.0301,0.795
s99_mss_fvg,B5,mid,1.0,TRAIN,against,433,59,374,433,0.784,-234.3,-0.3526,40.9,59,0.636,-52.8,-0.5092,35.6,374,0.807,-181.5,-0.3279,41.7,-0.1813,0.127
s99_mss_fvg,B6,mid,1.0,TRAIN,aligned,470,169,268,470,0.662,-385.1,-0.368,41.3,169,0.747,-92.1,-0.3044,44.4,268,0.647,-238.1,-0.3862,40.3,0.0817,0.439
s99_mss_fvg,B6,mid,1.0,TRAIN,against,433,104,304,433,0.784,-234.3,-0.3526,40.9,104,0.951,-12.4,-0.2748,44.2,304,0.743,-194.7,-0.3698,40.1,0.095,0.42
s99_mss_fvg,B1,mid,1.0,TEST,aligned,480,300,136,480,0.786,-358.4,-0.2207,42.9,300,0.6,-456.5,-0.3335,38.7,136,0.969,-13.8,-0.1077,47.1,-0.2258,0.031
s99_mss_fvg,B1,mid,1.0,TEST,against,481,129,320,481,0.789,-425.8,-0.1919,43.0,129,0.858,-64.4,-0.1456,45.0,320,0.729,-382.3,-0.2265,41.6,0.0809,0.502
s99_mss_fvg,B2,mid,1.0,TEST,aligned,480,93,387,480,0.786,-358.4,-0.2207,42.9,93,0.684,-82.2,-0.106,49.5,387,0.805,-276.2,-0.2483,41.3,0.1423,0.174
s99_mss_fvg,B2,mid,1.0,TEST,against,481,311,170,481,0.789,-425.8,-0.1919,43.0,311,0.67,-426.3,-0.2496,41.2,170,1.001,0.5,-0.0864,46.5,-0.1632,0.137
s99_mss_fvg,B3,mid,1.0,TEST,aligned,480,321,159,480,0.786,-358.4,-0.2207,42.9,321,0.789,-260.8,-0.2159,42.1,159,0.779,-97.7,-0.2304,44.7,0.0145,0.898
s99_mss_fvg,B3,mid,1.0,TEST,against,481,292,188,481,0.789,-425.8,-0.1919,43.0,292,0.855,-177.6,-0.1685,43.8,188,0.694,-241.6,-0.223,42.0,0.0546,0.626
s99_mss_fvg,B4,mid,1.0,TEST,aligned,480,315,127,480,0.786,-358.4,-0.2207,42.9,315,0.902,-98.9,-0.174,45.1,127,0.621,-198.7,-0.3305,37.8,0.1565,0.16
s99_mss_fvg,B4,mid,1.0,TEST,against,481,107,341,481,0.789,-425.8,-0.1919,43.0,107,0.821,-76.3,-0.0647,47.7,341,0.812,-276.6,-0.1983,42.8,0.1336,0.22
s99_mss_fvg,B5,mid,1.0,TEST,aligned,480,397,83,480,0.786,-358.4,-0.2207,42.9,397,0.756,-337.1,-0.2377,42.3,83,0.927,-21.3,-0.1394,45.8,-0.0983,0.323
s99_mss_fvg,B5,mid,1.0,TEST,against,481,99,382,481,0.789,-425.8,-0.1919,43.0,99,0.978,-9.3,-0.145,43.4,382,0.738,-416.5,-0.204,42.9,0.059,0.589
s99_mss_fvg,B6,mid,1.0,TEST,aligned,480,186,266,480,0.786,-358.4,-0.2207,42.9,186,0.549,-362.7,-0.379,36.0,266,0.87,-106.7,-0.1715,45.5,-0.2075,0.049
s99_mss_fvg,B6,mid,1.0,TEST,against,481,74,385,481,0.789,-425.8,-0.1919,43.0,74,0.786,-61.6,-0.2128,41.9,385,0.761,-380.3,-0.1861,43.4,-0.0267,0.828
s99_mss_fvg,B1,q,0.7,ALL,aligned,950,561,298,950,0.717,-795.4,-0.2873,38.3,561,0.586,-723.0,-0.3327,36.5,298,0.834,-141.0,-0.2655,39.3,-0.0672,0.394
s99_mss_fvg,B1,q,0.7,ALL,against,914,277,565,914,0.786,-657.7,-0.2709,38.1,277,0.851,-121.3,-0.2513,39.0,565,0.742,-518.4,-0.2805,37.5,0.0292,0.732
s99_mss_fvg,B2,q,0.7,ALL,aligned,950,204,746,950,0.717,-795.4,-0.2873,38.3,204,0.695,-163.6,-0.2539,40.7,746,0.722,-631.8,-0.2964,37.7,0.0426,0.552
s99_mss_fvg,B2,q,0.7,ALL,against,914,553,361,914,0.786,-657.7,-0.2709,38.1,553,0.715,-532.5,-0.3046,36.9,361,0.897,-125.1,-0.2192,39.9,-0.0854,0.31
s99_mss_fvg,B3,q,0.7,ALL,aligned,950,634,316,950,0.717,-795.4,-0.2873,38.3,634,0.735,-519.2,-0.274,38.5,316,0.673,-276.2,-0.3138,38.0,0.0398,0.6
s99_mss_fvg,B3,q,0.7,ALL,against,914,579,334,914,0.786,-657.7,-0.2709,38.1,579,0.844,-305.8,-0.2476,38.9,334,0.69,-345.6,-0.3087,36.8,0.0611,0.452
s99_mss_fvg,B4,q,0.7,ALL,aligned,950,665,223,950,0.717,-795.4,-0.2873,38.3,665,0.787,-397.5,-0.2507,39.8,223,0.575,-313.8,-0.3854,34.1,0.1346,0.079
s99_mss_fvg,B4,q,0.7,ALL,against,914,209,643,914,0.786,-657.7,-0.2709,38.1,209,0.837,-108.3,-0.2158,40.2,643,0.806,-429.5,-0.2586,38.6,0.0429,0.612
s99_mss_fvg,B5,q,0.7,ALL,aligned,950,784,166,950,0.717,-795.4,-0.2873,38.3,784,0.695,-707.2,-0.2909,38.3,166,0.818,-88.2,-0.27,38.6,-0.0209,0.771
s99_mss_fvg,B5,q,0.7,ALL,against,914,158,756,914,0.786,-657.7,-0.2709,38.1,158,0.893,-60.2,-0.2562,38.0,756,0.762,-597.5,-0.274,38.1,0.0178,0.826
s99_mss_fvg,B6,q,0.7,ALL,aligned,950,355,534,950,0.717,-795.4,-0.2873,38.3,355,0.592,-474.8,-0.3309,36.3,534,0.743,-383.3,-0.2872,38.6,-0.0437,0.565
s99_mss_fvg,B6,q,0.7,ALL,against,914,178,689,914,0.786,-657.7,-0.2709,38.1,178,0.818,-99.7,-0.2903,37.6,689,0.767,-541.1,-0.2558,38.6,-0.0346,0.688
s99_mss_fvg,B1,q,0.7,TRAIN,aligned,470,261,162,470,0.674,-362.1,-0.3434,37.9,261,0.677,-186.8,-0.3083,39.5,162,0.681,-130.6,-0.3785,36.4,0.0702,0.53
s99_mss_fvg,B1,q,0.7,TRAIN,against,433,148,245,433,0.788,-226.7,-0.3542,36.3,148,0.871,-46.3,-0.3295,37.2,245,0.751,-152.9,-0.3712,35.5,0.0416,0.727
s99_mss_fvg,B2,q,0.7,TRAIN,aligned,470,111,359,470,0.674,-362.1,-0.3434,37.9,111,0.794,-54.3,-0.3287,38.7,359,0.637,-307.8,-0.3479,37.6,0.0192,0.876
s99_mss_fvg,B2,q,0.7,TRAIN,against,433,242,191,433,0.788,-226.7,-0.3542,36.3,242,0.818,-107.0,-0.3869,35.1,191,0.753,-119.7,-0.3129,37.7,-0.074,0.518
s99_mss_fvg,B3,q,0.7,TRAIN,aligned,470,313,157,470,0.674,-362.1,-0.3434,37.9,313,0.686,-226.5,-0.3189,39.0,157,0.651,-135.6,-0.3922,35.7,0.0733,0.471
s99_mss_fvg,B3,q,0.7,TRAIN,against,433,287,146,433,0.788,-226.7,-0.3542,36.3,287,0.838,-119.6,-0.3211,37.3,146,0.677,-107.0,-0.4193,34.2,0.0981,0.438
s99_mss_fvg,B4,q,0.7,TRAIN,aligned,470,350,96,470,0.674,-362.1,-0.3434,37.9,350,0.697,-257.7,-0.3214,38.6,96,0.626,-75.4,-0.3849,36.5,0.0635,0.562
s99_mss_fvg,B4,q,0.7,TRAIN,against,433,102,302,433,0.788,-226.7,-0.3542,36.3,102,0.893,-25.3,-0.3079,38.2,302,0.788,-160.4,-0.3496,36.4,0.0418,0.76
s99_mss_fvg,B5,q,0.7,TRAIN,aligned,470,387,83,470,0.674,-362.1,-0.3434,37.9,387,0.646,-329.5,-0.3402,38.0,83,0.819,-32.6,-0.3581,37.3,0.0179,0.88
s99_mss_fvg,B5,q,0.7,TRAIN,against,433,59,374,433,0.788,-226.7,-0.3542,36.3,59,0.628,-52.9,-0.4742,32.2,374,0.813,-173.8,-0.3353,36.9,-0.139,0.231
s99_mss_fvg,B6,q,0.7,TRAIN,aligned,470,169,268,470,0.674,-362.1,-0.3434,37.9,169,0.785,-75.2,-0.2484,42.0,268,0.637,-241.9,-0.3924,35.8,0.144,0.189
s99_mss_fvg,B6,q,0.7,TRAIN,against,433,104,304,433,0.788,-226.7,-0.3542,36.3,104,0.904,-24.7,-0.3289,37.5,304,0.761,-177.2,-0.3544,36.2,0.0255,0.837
s99_mss_fvg,B1,q,0.7,TEST,aligned,480,300,136,480,0.744,-433.3,-0.2324,38.8,300,0.54,-536.2,-0.3539,34.0,136,0.976,-10.5,-0.1309,42.6,-0.223,0.033
s99_mss_fvg,B1,q,0.7,TEST,against,481,129,320,481,0.785,-431.0,-0.1959,39.7,129,0.836,-74.9,-0.1616,41.1,320,0.737,-365.5,-0.2111,39.1,0.0495,0.66
s99_mss_fvg,B2,q,0.7,TEST,aligned,480,93,387,480,0.744,-433.3,-0.2324,38.8,93,0.598,-109.3,-0.1645,43.0,387,0.772,-324.0,-0.2487,37.7,0.0842,0.423
s99_mss_fvg,B2,q,0.7,TEST,against,481,311,170,481,0.785,-431.0,-0.1959,39.7,311,0.668,-425.6,-0.2406,38.3,170,0.993,-5.4,-0.1141,42.4,-0.1266,0.25
s99_mss_fvg,B3,q,0.7,TEST,aligned,480,321,159,480,0.744,-433.3,-0.2324,38.8,321,0.764,-292.7,-0.2303,38.0,159,0.692,-140.6,-0.2365,40.3,0.0062,0.966
s99_mss_fvg,B3,q,0.7,TEST,against,481,292,188,481,0.785,-431.0,-0.1959,39.7,292,0.847,-186.2,-0.1754,40.4,188,0.695,-238.6,-0.2228,38.8,0.0475,0.636
s99_mss_fvg,B4,q,0.7,TEST,aligned,480,315,127,480,0.744,-433.3,-0.2324,38.8,315,0.863,-139.8,-0.1722,41.3,127,0.556,-238.4,-0.3857,32.3,0.2135,0.059
s99_mss_fvg,B4,q,0.7,TEST,against,481,107,341,481,0.785,-431.0,-0.1959,39.7,107,0.806,-83.0,-0.128,42.1,341,0.815,-269.1,-0.1781,40.5,0.0501,0.68
s99_mss_fvg,B5,q,0.7,TEST,aligned,480,397,83,480,0.744,-433.3,-0.2324,38.8,397,0.728,-377.7,-0.2429,38.5,83,0.818,-55.6,-0.182,39.8,-0.0609,0.57
s99_mss_fvg,B5,q,0.7,TEST,against,481,99,382,481,0.785,-431.0,-0.1959,39.7,99,0.983,-7.4,-0.1263,41.4,382,0.733,-423.6,-0.214,39.3,0.0877,0.425
s99_mss_fvg,B6,q,0.7,TEST,aligned,480,186,266,480,0.744,-433.3,-0.2324,38.8,186,0.508,-399.6,-0.4059,31.2,266,0.829,-141.4,-0.1813,41.4,-0.2246,0.019
s99_mss_fvg,B6,q,0.7,TEST,against,481,74,385,481,0.785,-431.0,-0.1959,39.7,74,0.742,-75.1,-0.2361,37.8,385,0.769,-363.8,-0.1779,40.5,-0.0582,0.628
s04_breaker_block,B1,mid,1.0,ALL,aligned,3193,1962,953,3193,0.649,-2629.5,-0.3765,35.8,1962,0.657,-1594.4,-0.3655,36.2,953,0.64,-790.8,-0.3966,35.0,0.0311,0.585
s04_breaker_block,B1,mid,1.0,ALL,against,3404,968,2051,3404,0.68,-2633.1,-0.3609,36.1,968,0.668,-732.8,-0.3857,35.7,2051,0.693,-1545.7,-0.3568,36.0,-0.029,0.597
s04_breaker_block,B2,mid,1.0,ALL,aligned,3193,942,2250,3193,0.649,-2629.5,-0.3765,35.8,942,0.648,-776.6,-0.3531,36.4,2250,0.649,-1850.4,-0.3857,35.6,0.0326,0.59
s04_breaker_block,B2,mid,1.0,ALL,against,3404,2300,1104,3404,0.68,-2633.1,-0.3609,36.1,2300,0.681,-1761.0,-0.3626,36.0,1104,0.68,-872.1,-0.3573,36.2,-0.0053,0.897
s04_breaker_block,B3,mid,1.0,ALL,aligned,3193,1719,1474,3193,0.649,-2629.5,-0.3765,35.8,1719,0.697,-1204.1,-0.3467,36.8,1474,0.594,-1425.4,-0.4113,34.7,0.0646,0.239
s04_breaker_block,B3,mid,1.0,ALL,against,3404,1764,1640,3404,0.68,-2633.1,-0.3609,36.1,1764,0.685,-1360.9,-0.3478,36.5,1640,0.675,-1272.2,-0.375,35.6,0.0272,0.577
s04_breaker_block,B4,mid,1.0,ALL,aligned,3193,2091,816,3193,0.649,-2629.5,-0.3765,35.8,2091,0.642,-1753.3,-0.3694,36.2,816,0.699,-592.2,-0.3738,35.4,0.0043,0.96
s04_breaker_block,B4,mid,1.0,ALL,against,3404,876,2226,3404,0.68,-2633.1,-0.3609,36.1,876,0.687,-636.8,-0.3141,37.7,2226,0.682,-1752.1,-0.3728,35.7,0.0587,0.263
s04_breaker_block,B5,mid,1.0,ALL,aligned,3193,2703,490,3193,0.649,-2629.5,-0.3765,35.8,2703,0.623,-2381.7,-0.3875,35.5,490,0.788,-247.8,-0.3155,37.6,-0.0721,0.18
s04_breaker_block,B5,mid,1.0,ALL,against,3404,552,2852,3404,0.68,-2633.1,-0.3609,36.1,552,0.698,-412.8,-0.3847,34.6,2852,0.677,-2220.4,-0.3563,36.4,-0.0284,0.567
s04_breaker_block,B6,mid,1.0,ALL,aligned,3193,1027,2001,3193,0.649,-2629.5,-0.3765,35.8,1027,0.731,-653.5,-0.3186,37.6,2001,0.604,-1868.2,-0.4065,34.8,0.0879,0.104
s04_breaker_block,B6,mid,1.0,ALL,against,3404,486,2684,3404,0.68,-2633.1,-0.3609,36.1,486,0.697,-338.8,-0.3606,36.6,2684,0.676,-2094.5,-0.3721,35.7,0.0115,0.822
s04_breaker_block,B1,mid,1.0,TRAIN,aligned,1167,676,387,1167,0.6,-975.7,-0.4047,36.2,676,0.591,-559.5,-0.418,36.2,387,0.619,-326.2,-0.3889,35.9,-0.0291,0.753
s04_breaker_block,B1,mid,1.0,TRAIN,against,1378,444,782,1378,0.628,-1063.9,-0.3679,37.4,444,0.636,-326.5,-0.3759,37.4,782,0.639,-588.0,-0.3601,37.6,-0.0158,0.849
s04_breaker_block,B2,mid,1.0,TRAIN,aligned,1167,351,816,1167,0.6,-975.7,-0.4047,36.2,351,0.672,-244.5,-0.3127,38.5,816,0.568,-731.2,-0.4443,35.3,0.1316,0.148
s04_breaker_block,B2,mid,1.0,TRAIN,against,1378,879,499,1378,0.628,-1063.9,-0.3679,37.4,879,0.578,-791.4,-0.4228,35.6,499,0.723,-272.4,-0.2713,40.5,-0.1515,0.051
s04_breaker_block,B3,mid,1.0,TRAIN,aligned,1167,638,529,1167,0.6,-975.7,-0.4047,36.2,638,0.598,-522.3,-0.4181,36.1,529,0.602,-453.4,-0.3886,36.5,-0.0295,0.735
s04_breaker_block,B3,mid,1.0,TRAIN,against,1378,717,661,1378,0.628,-1063.9,-0.3679,37.4,717,0.661,-496.7,-0.3315,38.6,661,0.593,-567.2,-0.4074,36.0,0.0759,0.322
s04_breaker_block,B4,mid,1.0,TRAIN,aligned,1167,817,256,1167,0.6,-975.7,-0.4047,36.2,817,0.619,-654.2,-0.3757,37.1,256,0.586,-220.1,-0.4527,34.8,0.077,0.378
s04_breaker_block,B4,mid,1.0,TRAIN,against,1378,344,926,1378,0.628,-1063.9,-0.3679,37.4,344,0.794,-129.4,-0.1853,43.6,926,0.597,-803.0,-0.4067,36.0,0.2214,0.01
s04_breaker_block,B5,mid,1.0,TRAIN,aligned,1167,981,186,1167,0.6,-975.7,-0.4047,36.2,981,0.582,-870.3,-0.4098,36.0,186,0.705,-105.4,-0.3783,37.6,-0.0315,0.701
s04_breaker_block,B5,mid,1.0,TRAIN,against,1378,226,1152,1378,0.628,-1063.9,-0.3679,37.4,226,0.57,-207.9,-0.4643,34.1,1152,0.64,-856.0,-0.349,38.0,-0.1153,0.162
s04_breaker_block,B6,mid,1.0,TRAIN,aligned,1167,367,724,1167,0.6,-975.7,-0.4047,36.2,367,0.614,-280.8,-0.4107,36.5,724,0.588,-645.4,-0.4102,35.8,-0.0005,0.993
s04_breaker_block,B6,mid,1.0,TRAIN,against,1378,238,1049,1378,0.628,-1063.9,-0.3679,37.4,238,0.737,-122.5,-0.3204,39.1,1049,0.601,-880.9,-0.3891,36.7,0.0687,0.404
s04_breaker_block,B1,mid,1.0,TEST,aligned,2026,1286,566,2026,0.672,-1653.8,-0.3602,35.6,1286,0.685,-1034.9,-0.3379,36.2,566,0.653,-464.6,-0.4019,34.5,0.0639,0.368
s04_breaker_block,B1,mid,1.0,TEST,against,2026,524,1269,2026,0.708,-1569.3,-0.3561,35.2,524,0.689,-406.4,-0.3941,34.4,1269,0.719,-957.7,-0.3547,35.1,-0.0394,0.581
s04_breaker_block,B2,mid,1.0,TEST,aligned,2026,591,1434,2026,0.672,-1653.8,-0.3602,35.6,591,0.636,-532.1,-0.3771,35.2,1434,0.688,-1119.2,-0.3523,35.8,-0.0247,0.719
s04_breaker_block,B2,mid,1.0,TEST,against,2026,1421,605,2026,0.708,-1569.3,-0.3561,35.2,1421,0.734,-969.6,-0.3254,36.2,605,0.656,-599.7,-0.4283,32.7,0.1029,0.124
s04_breaker_block,B3,mid,1.0,TEST,aligned,2026,1081,945,2026,0.672,-1653.8,-0.3602,35.6,1081,0.745,-681.8,-0.3045,37.2,945,0.591,-972.0,-0.4239,33.8,0.1194,0.098
s04_breaker_block,B3,mid,1.0,TEST,against,2026,1047,979,2026,0.708,-1569.3,-0.3561,35.2,1047,0.698,-864.2,-0.359,35.1,979,0.72,-705.0,-0.3531,35.3,-0.0059,0.912
s04_breaker_block,B4,mid,1.0,TEST,aligned,2026,1274,560,2026,0.672,-1653.8,-0.3602,35.6,1274,0.654,-1099.1,-0.3654,35.6,560,0.74,-372.1,-0.3377,35.7,-0.0277,0.74
s04_breaker_block,B4,mid,1.0,TEST,against,2026,532,1300,2026,0.708,-1569.3,-0.3561,35.2,532,0.638,-507.4,-0.3974,33.8,1300,0.73,-949.2,-0.3486,35.5,-0.0488,0.474
s04_breaker_block,B5,mid,1.0,TEST,aligned,2026,1722,304,2026,0.672,-1653.8,-0.3602,35.6,1722,0.643,-1511.5,-0.3749,35.2,304,0.825,-142.3,-0.277,37.5,-0.0979,0.185
s04_breaker_block,B5,mid,1.0,TEST,against,2026,326,1700,2026,0.708,-1569.3,-0.3561,35.2,326,0.768,-204.9,-0.3295,35.0,1700,0.697,-1364.4,-0.3612,35.2,0.0317,0.619
s04_breaker_block,B6,mid,1.0,TEST,aligned,2026,660,1277,2026,0.672,-1653.8,-0.3602,35.6,660,0.781,-372.7,-0.2675,38.2,1277,0.613,-1222.8,-0.4044,34.3,0.1369,0.058
s04_breaker_block,B6,mid,1.0,TEST,against,2026,248,1635,2026,0.708,-1569.3,-0.3561,35.2,248,0.668,-216.3,-0.3991,34.3,1635,0.716,-1213.6,-0.3613,35.0,-0.0379,0.567
s04_breaker_block,B1,q,0.7,ALL,aligned,3193,1962,953,3193,0.666,-2404.2,-0.3491,32.2,1962,0.674,-1457.7,-0.3372,32.6,953,0.658,-719.5,-0.3692,31.5,0.032,0.575
s04_breaker_block,B1,q,0.7,ALL,against,3404,968,2051,3404,0.707,-2318.1,-0.3267,32.8,968,0.722,-578.6,-0.3196,33.4,2051,0.714,-1384.4,-0.3293,32.6,0.0098,0.858
s04_breaker_block,B2,q,0.7,ALL,aligned,3193,942,2250,3193,0.666,-2404.2,-0.3491,32.2,942,0.658,-728.8,-0.334,32.6,2250,0.67,-1673.2,-0.3549,32.1,0.0209,0.699
s04_breaker_block,B2,q,0.7,ALL,against,3404,2300,1104,3404,0.707,-2318.1,-0.3267,32.8,2300,0.696,-1615.4,-0.3394,32.3,1104,0.729,-702.6,-0.3002,33.7,-0.0392,0.434
s04_breaker_block,B3,q,0.7,ALL,aligned,3193,1719,1474,3193,0.666,-2404.2,-0.3491,32.2,1719,0.711,-1108.7,-0.3217,33.1,1474,0.615,-1295.5,-0.3811,31.2,0.0594,0.274
s04_breaker_block,B3,q,0.7,ALL,against,3404,1764,1640,3404,0.707,-2318.1,-0.3267,32.8,1764,0.714,-1185.2,-0.3102,33.3,1640,0.698,-1132.9,-0.3445,32.2,0.0343,0.482
s04_breaker_block,B4,q,0.7,ALL,aligned,3193,2091,816,3193,0.666,-2404.2,-0.3491,32.2,2091,0.644,-1685.8,-0.3551,32.1,816,0.744,-477.0,-0.3237,32.7,-0.0314,0.582
s04_breaker_block,B4,q,0.7,ALL,against,3404,876,2226,3404,0.707,-2318.1,-0.3267,32.8,876,0.72,-543.5,-0.2767,34.5,2226,0.709,-1540.7,-0.3356,32.5,0.0589,0.269
s04_breaker_block,B5,q,0.7,ALL,aligned,3193,2703,490,3193,0.666,-2404.2,-0.3491,32.2,2703,0.639,-2191.8,-0.3593,31.9,490,0.812,-212.4,-0.293,33.9,-0.0662,0.227
s04_breaker_block,B5,q,0.7,ALL,against,3404,552,2852,3404,0.707,-2318.1,-0.3267,32.8,552,0.782,-276.8,-0.296,33.3,2852,0.692,-2041.3,-0.3326,32.7,0.0367,0.499
s04_breaker_block,B6,q,0.7,ALL,aligned,3193,1027,2001,3193,0.666,-2404.2,-0.3491,32.2,1027,0.75,-585.3,-0.287,34.2,2001,0.62,-1724.1,-0.3805,31.2,0.0935,0.103
s04_breaker_block,B6,q,0.7,ALL,against,3404,486,2684,3404,0.707,-2318.1,-0.3267,32.8,486,0.765,-246.9,-0.2845,34.6,2684,0.699,-1869.2,-0.3413,32.3,0.0568,0.262
s04_breaker_block,B1,q,0.7,TRAIN,aligned,1167,676,387,1167,0.587,-981.5,-0.401,31.4,676,0.569,-575.3,-0.4128,31.4,387,0.613,-321.8,-0.3884,31.3,-0.0244,0.779
s04_breaker_block,B1,q,0.7,TRAIN,against,1378,444,782,1378,0.621,-1055.3,-0.3693,32.4,444,0.662,-289.9,-0.3347,33.8,782,0.62,-607.6,-0.3787,32.1,0.044,0.598
s04_breaker_block,B2,q,0.7,TRAIN,aligned,1167,351,816,1167,0.587,-981.5,-0.401,31.4,351,0.666,-243.4,-0.3265,33.3,816,0.552,-738.1,-0.4331,30.6,0.1066,0.217
s04_breaker_block,B2,q,0.7,TRAIN,against,1378,879,499,1378,0.621,-1055.3,-0.3693,32.4,879,0.573,-774.1,-0.4155,30.9,499,0.709,-281.2,-0.2879,35.1,-0.1276,0.108
s04_breaker_block,B3,q,0.7,TRAIN,aligned,1167,638,529,1167,0.587,-981.5,-0.401,31.4,638,0.585,-524.4,-0.4093,31.3,529,0.589,-457.1,-0.3911,31.6,-0.0182,0.81
s04_breaker_block,B3,q,0.7,TRAIN,against,1378,717,661,1378,0.621,-1055.3,-0.3693,32.4,717,0.649,-501.7,-0.335,33.6,661,0.591,-553.6,-0.4064,31.2,0.0714,0.374
s04_breaker_block,B4,q,0.7,TRAIN,aligned,1167,817,256,1167,0.587,-981.5,-0.401,31.4,817,0.586,-698.3,-0.3908,31.7,256,0.61,-197.4,-0.4212,30.9,0.0304,0.71
s04_breaker_block,B4,q,0.7,TRAIN,against,1378,344,926,1378,0.621,-1055.3,-0.3693,32.4,344,0.763,-148.0,-0.2118,37.8,926,0.596,-780.6,-0.4004,31.3,0.1886,0.026
s04_breaker_block,B5,q,0.7,TRAIN,aligned,1167,981,186,1167,0.587,-981.5,-0.401,31.4,981,0.575,-858.6,-0.3945,31.6,186,0.654,-122.9,-0.4358,30.6,0.0413,0.622
s04_breaker_block,B5,q,0.7,TRAIN,against,1378,226,1152,1378,0.621,-1055.3,-0.3693,32.4,226,0.604,-180.9,-0.3981,31.4,1152,0.624,-874.4,-0.3636,32.6,-0.0345,0.65
s04_breaker_block,B6,q,0.7,TRAIN,aligned,1167,367,724,1167,0.587,-981.5,-0.401,31.4,367,0.595,-286.8,-0.3978,31.9,724,0.575,-647.2,-0.4102,30.9,0.0124,0.892
s04_breaker_block,B6,q,0.7,TRAIN,against,1378,238,1049,1378,0.621,-1055.3,-0.3693,32.4,238,0.764,-105.4,-0.2735,35.7,1049,0.593,-873.4,-0.3937,31.6,0.1202,0.157
s04_breaker_block,B1,q,0.7,TEST,aligned,2026,1286,566,2026,0.705,-1422.7,-0.3192,32.7,1286,0.719,-882.3,-0.2974,33.3,566,0.688,-397.7,-0.356,31.6,0.0585,0.421
s04_breaker_block,B1,q,0.7,TEST,against,2026,524,1269,2026,0.753,-1262.7,-0.2977,33.0,524,0.764,-288.7,-0.3068,33.0,1269,0.761,-776.8,-0.2989,32.9,-0.0079,0.907
s04_breaker_block,B2,q,0.7,TEST,aligned,2026,591,1434,2026,0.705,-1422.7,-0.3192,32.7,591,0.655,-485.4,-0.3385,32.1,1434,0.726,-935.1,-0.3104,32.9,-0.0281,0.684
s04_breaker_block,B2,q,0.7,TEST,against,2026,1421,605,2026,0.753,-1262.7,-0.2977,33.0,1421,0.759,-841.3,-0.2924,33.2,605,0.74,-421.4,-0.3103,32.6,0.0179,0.794
s04_breaker_block,B3,q,0.7,TEST,aligned,2026,1081,945,2026,0.705,-1422.7,-0.3192,32.7,1081,0.773,-584.3,-0.27,34.1,945,0.628,-838.4,-0.3755,31.0,0.1055,0.124
s04_breaker_block,B3,q,0.7,TEST,against,2026,1047,979,2026,0.753,-1262.7,-0.2977,33.0,1047,0.748,-683.5,-0.2931,33.1,979,0.759,-579.3,-0.3026,32.9,0.0095,0.896
s04_breaker_block,B4,q,0.7,TEST,aligned,2026,1274,560,2026,0.705,-1422.7,-0.3192,32.7,1274,0.676,-987.5,-0.3323,32.3,560,0.794,-279.6,-0.2792,33.6,-0.0531,0.494
s04_breaker_block,B4,q,0.7,TEST,against,2026,532,1300,2026,0.753,-1262.7,-0.2977,33.0,532,0.7,-395.5,-0.3187,32.3,1300,0.773,-760.0,-0.2895,33.3,-0.0292,0.653
s04_breaker_block,B5,q,0.7,TEST,aligned,2026,1722,304,2026,0.705,-1422.7,-0.3192,32.7,1722,0.671,-1333.2,-0.3392,32.1,304,0.884,-89.5,-0.2057,35.9,-0.1335,0.053
s04_breaker_block,B5,q,0.7,TEST,against,2026,326,1700,2026,0.753,-1262.7,-0.2977,33.0,326,0.882,-95.9,-0.2251,34.7,1700,0.729,-1166.9,-0.3116,32.7,0.0865,0.202
s04_breaker_block,B6,q,0.7,TEST,aligned,2026,660,1277,2026,0.705,-1422.7,-0.3192,32.7,660,0.817,-298.5,-0.2254,35.5,1277,0.642,-1076.9,-0.3636,31.3,0.1383,0.062
s04_breaker_block,B6,q,0.7,TEST,against,2026,248,1635,2026,0.753,-1262.7,-0.2977,33.0,248,0.766,-141.5,-0.2951,33.5,1635,0.755,-995.8,-0.3077,32.7,0.0127,0.85
s94_sweep_reversal,B1,mid,1.0,ALL,aligned,722,438,224,722,0.723,-919.2,-0.2184,24.1,438,0.807,-397.5,-0.1932,24.7,224,0.522,-495.0,-0.2715,22.8,0.0783,0.609
s94_sweep_reversal,B1,mid,1.0,ALL,against,575,187,327,575,0.766,-562.2,-0.3878,22.6,187,0.821,-134.8,-0.3158,22.5,327,0.771,-320.3,-0.4134,23.5,0.0977,0.575
s94_sweep_reversal,B2,mid,1.0,ALL,aligned,722,324,398,722,0.723,-919.2,-0.2184,24.1,324,0.693,-468.1,-0.156,25.3,398,0.748,-451.0,-0.2692,23.1,0.1132,0.52
s94_sweep_reversal,B2,mid,1.0,ALL,against,575,453,122,575,0.766,-562.2,-0.3878,22.6,453,0.687,-611.0,-0.409,22.5,122,1.108,48.9,-0.309,23.0,-0.1,0.56
s94_sweep_reversal,B3,mid,1.0,ALL,aligned,722,148,573,722,0.723,-919.2,-0.2184,24.1,148,0.906,-62.1,-0.1408,25.7,573,0.68,-847.1,-0.2368,23.7,0.096,0.553
s94_sweep_reversal,B3,mid,1.0,ALL,against,575,122,453,575,0.766,-562.2,-0.3878,22.6,122,1.321,138.7,-0.2748,28.7,453,0.644,-700.9,-0.4182,21.0,0.1434,0.372
s94_sweep_reversal,B4,mid,1.0,ALL,aligned,722,480,189,722,0.723,-919.2,-0.2184,24.1,480,0.714,-657.1,-0.2883,22.5,189,0.814,-141.0,-0.0026,29.1,-0.2857,0.091
s94_sweep_reversal,B4,mid,1.0,ALL,against,575,134,400,575,0.766,-562.2,-0.3878,22.6,134,0.708,-166.5,-0.2979,25.4,400,0.839,-267.9,-0.3533,23.0,0.0554,0.746
s94_sweep_reversal,B5,mid,1.0,ALL,aligned,722,593,129,722,0.723,-919.2,-0.2184,24.1,593,0.762,-643.6,-0.2437,23.3,129,0.552,-275.6,-0.102,27.9,-0.1417,0.391
s94_sweep_reversal,B5,mid,1.0,ALL,against,575,108,467,575,0.766,-562.2,-0.3878,22.6,108,0.706,-146.5,-0.4641,21.3,467,0.782,-415.7,-0.3701,22.9,-0.094,0.6
s94_sweep_reversal,B6,mid,1.0,ALL,aligned,722,90,618,722,0.723,-919.2,-0.2184,24.1,90,1.028,12.4,0.0434,27.8,618,0.676,-918.1,-0.246,23.6,0.2895,0.079
s94_sweep_reversal,B6,mid,1.0,ALL,against,575,30,532,575,0.766,-562.2,-0.3878,22.6,30,0.56,-44.9,-0.4612,20.0,532,0.766,-526.4,-0.3901,22.6,-0.0711,0.67
s94_sweep_reversal,B1,mid,1.0,TRAIN,aligned,342,199,110,342,0.815,-216.0,-0.2205,27.2,199,0.873,-88.4,-0.1555,27.6,110,0.616,-148.6,-0.3932,25.5,0.2378,0.283
s94_sweep_reversal,B1,mid,1.0,TRAIN,against,258,90,140,258,0.518,-432.3,-0.6048,19.8,90,0.586,-120.8,-0.6373,20.0,140,0.514,-242.9,-0.5562,20.7,-0.0811,0.74
s94_sweep_reversal,B2,mid,1.0,TRAIN,aligned,342,159,183,342,0.815,-216.0,-0.2205,27.2,159,0.835,-89.1,-0.1872,28.3,183,0.798,-126.9,-0.2494,26.2,0.0622,0.782
s94_sweep_reversal,B2,mid,1.0,TRAIN,against,258,205,53,258,0.518,-432.3,-0.6048,19.8,205,0.472,-386.8,-0.654,19.0,53,0.723,-45.5,-0.4145,22.6,-0.2395,0.251
s94_sweep_reversal,B3,mid,1.0,TRAIN,aligned,342,65,276,342,0.815,-216.0,-0.2205,27.2,65,0.513,-123.6,-0.3451,23.1,276,0.909,-82.5,-0.1879,28.3,-0.1572,0.458
s94_sweep_reversal,B3,mid,1.0,TRAIN,against,258,55,203,258,0.518,-432.3,-0.6048,19.8,55,0.801,-35.2,-0.5963,20.0,203,0.449,-397.1,-0.607,19.7,0.0107,0.965
s94_sweep_reversal,B4,mid,1.0,TRAIN,aligned,342,232,88,342,0.815,-216.0,-0.2205,27.2,232,0.674,-285.4,-0.3764,23.7,88,1.238,53.8,0.1594,36.4,-0.5358,0.013
s94_sweep_reversal,B4,mid,1.0,TRAIN,against,258,50,186,258,0.518,-432.3,-0.6048,19.8,50,0.622,-55.8,-0.2331,28.0,186,0.553,-296.3,-0.6433,18.8,0.4102,0.085
s94_sweep_reversal,B5,mid,1.0,TRAIN,aligned,342,282,60,342,0.815,-216.0,-0.2205,27.2,282,0.765,-241.5,-0.3098,25.2,60,1.181,25.5,0.1992,36.7,-0.509,0.011
s94_sweep_reversal,B5,mid,1.0,TRAIN,against,258,52,206,258,0.518,-432.3,-0.6048,19.8,52,0.427,-103.9,-0.7711,17.3,206,0.541,-328.5,-0.5628,20.4,-0.2083,0.364
s94_sweep_reversal,B6,mid,1.0,TRAIN,aligned,342,39,296,342,0.815,-216.0,-0.2205,27.2,39,0.51,-81.9,-0.2223,23.1,296,0.867,-131.3,-0.2122,27.7,-0.0101,0.956
s94_sweep_reversal,B6,mid,1.0,TRAIN,against,258,13,240,258,0.518,-432.3,-0.6048,19.8,13,0.37,-25.6,-0.8317,15.4,240,0.519,-400.8,-0.5997,20.0,-0.232,0.288
s94_sweep_reversal,B1,mid,1.0,TEST,aligned,380,239,114,380,0.673,-703.2,-0.2165,21.3,239,0.772,-309.1,-0.2247,22.2,114,0.466,-346.4,-0.1541,20.2,-0.0706,0.775
s94_sweep_reversal,B1,mid,1.0,TEST,against,317,97,187,317,0.914,-129.9,-0.2112,24.9,97,0.97,-14.0,-0.0175,24.7,187,0.914,-77.4,-0.3066,25.7,0.2891,0.264
s94_sweep_reversal,B2,mid,1.0,TEST,aligned,380,165,215,380,0.673,-703.2,-0.2165,21.3,165,0.616,-379.0,-0.1258,22.4,215,0.721,-324.2,-0.286,20.5,0.1602,0.516
s94_sweep_reversal,B2,mid,1.0,TEST,against,317,248,69,317,0.914,-129.9,-0.2112,24.9,248,0.816,-224.2,-0.2065,25.4,69,1.327,94.3,-0.228,23.2,0.0215,0.92
s94_sweep_reversal,B3,mid,1.0,TEST,aligned,380,83,297,380,0.673,-703.2,-0.2165,21.3,83,1.152,61.5,0.0191,27.7,297,0.562,-764.7,-0.2823,19.5,0.3014,0.194
s94_sweep_reversal,B3,mid,1.0,TEST,against,317,67,250,317,0.914,-129.9,-0.2112,24.9,67,1.681,173.9,-0.0108,35.8,250,0.757,-303.8,-0.2649,22.0,0.2541,0.283
s94_sweep_reversal,B4,mid,1.0,TEST,aligned,380,248,101,380,0.673,-703.2,-0.2165,21.3,248,0.739,-371.7,-0.206,21.4,101,0.634,-194.7,-0.1437,22.8,-0.0623,0.809
s94_sweep_reversal,B4,mid,1.0,TEST,against,317,84,214,317,0.914,-129.9,-0.2112,24.9,84,0.738,-110.7,-0.3365,23.8,214,1.028,28.3,-0.1013,26.6,-0.2352,0.37
s94_sweep_reversal,B5,mid,1.0,TEST,aligned,380,311,69,380,0.673,-703.2,-0.2165,21.3,311,0.76,-402.1,-0.1838,21.5,69,0.365,-301.1,-0.3639,20.3,0.1801,0.446
s94_sweep_reversal,B5,mid,1.0,TEST,against,317,56,261,317,0.914,-129.9,-0.2112,24.9,56,0.865,-42.6,-0.1791,25.0,261,0.927,-87.2,-0.2181,24.9,0.039,0.881
s94_sweep_reversal,B6,mid,1.0,TEST,aligned,380,51,322,380,0.673,-703.2,-0.2165,21.3,51,1.351,94.3,0.2467,31.4,322,0.575,-786.8,-0.2771,19.9,0.5238,0.017
s94_sweep_reversal,B6,mid,1.0,TEST,against,317,17,292,317,0.914,-129.9,-0.2112,24.9,17,0.685,-19.3,-0.1778,23.5,292,0.911,-125.6,-0.2177,24.7,0.0399,0.864
s94_sweep_reversal,B1,q,0.7,ALL,aligned,722,438,224,722,0.763,-747.9,-0.1864,23.7,438,0.871,-251.8,-0.1281,24.4,224,0.554,-435.4,-0.2467,22.8,0.1186,0.457
s94_sweep_reversal,B1,q,0.7,ALL,against,575,187,327,575,0.8,-456.7,-0.3211,21.9,187,0.892,-77.1,-0.2049,22.5,327,0.796,-272.1,-0.3643,22.6,0.1594,0.361
s94_sweep_reversal,B2,q,0.7,ALL,aligned,722,324,398,722,0.763,-747.9,-0.1864,23.7,324,0.725,-397.7,-0.1122,25.3,398,0.795,-350.2,-0.2469,22.4,0.1346,0.405
s94_sweep_reversal,B2,q,0.7,ALL,against,575,453,122,575,0.8,-456.7,-0.3211,21.9,453,0.722,-516.8,-0.3514,21.6,122,1.143,60.0,-0.2086,23.0,-0.1429,0.37
s94_sweep_reversal,B3,q,0.7,ALL,aligned,722,148,573,722,0.763,-747.9,-0.1864,23.7,148,1.052,31.9,-0.0479,26.4,573,0.695,-770.1,-0.2207,23.0,0.1728,0.262
s94_sweep_reversal,B3,q,0.7,ALL,against,575,122,453,575,0.8,-456.7,-0.3211,21.9,122,1.315,128.8,-0.2434,27.0,453,0.687,-585.6,-0.342,20.5,0.0986,0.533
s94_sweep_reversal,B4,q,0.7,ALL,aligned,722,480,189,722,0.763,-747.9,-0.1864,23.7,480,0.756,-529.3,-0.2727,22.1,189,0.921,-55.7,0.1257,30.2,-0.3984,0.01
s94_sweep_reversal,B4,q,0.7,ALL,against,575,134,400,575,0.8,-456.7,-0.3211,21.9,134,0.77,-123.7,-0.1964,25.4,400,0.86,-222.4,-0.3037,21.8,0.1073,0.564
s94_sweep_reversal,B5,q,0.7,ALL,aligned,722,593,129,722,0.763,-747.9,-0.1864,23.7,593,0.828,-438.0,-0.1967,23.3,129,0.487,-309.9,-0.1392,25.6,-0.0575,0.71
s94_sweep_reversal,B5,q,0.7,ALL,against,575,108,467,575,0.8,-456.7,-0.3211,21.9,108,0.723,-131.8,-0.4113,20.4,467,0.82,-325.0,-0.3003,22.3,-0.111,0.518
s94_sweep_reversal,B6,q,0.7,ALL,aligned,722,90,618,722,0.763,-747.9,-0.1864,23.7,90,1.184,75.8,0.0944,27.8,618,0.698,-814.4,-0.2186,23.1,0.313,0.03
s94_sweep_reversal,B6,q,0.7,ALL,against,575,30,532,575,0.8,-456.7,-0.3211,21.9,30,0.621,-35.9,-0.3501,20.0,532,0.806,-415.1,-0.3181,22.0,-0.032,0.844
s94_sweep_reversal,B1,q,0.7,TRAIN,aligned,342,199,110,342,0.85,-165.1,-0.1821,26.9,199,0.918,-54.1,-0.1239,27.1,110,0.698,-108.4,-0.2733,26.4,0.1495,0.478
s94_sweep_reversal,B1,q,0.7,TRAIN,against,258,90,140,258,0.542,-386.1,-0.5262,18.6,90,0.66,-92.2,-0.4974,20.0,140,0.544,-215.0,-0.4925,19.3,-0.0048,0.985
s94_sweep_reversal,B2,q,0.7,TRAIN,aligned,342,159,183,342,0.85,-165.1,-0.1821,26.9,159,0.866,-67.7,-0.1383,28.3,183,0.835,-97.4,-0.22,25.7,0.0817,0.706
s94_sweep_reversal,B2,q,0.7,TRAIN,against,258,205,53,258,0.542,-386.1,-0.5262,18.6,205,0.497,-348.0,-0.5902,17.6,53,0.747,-38.1,-0.2786,22.6,-0.3117,0.141
s94_sweep_reversal,B3,q,0.7,TRAIN,aligned,342,65,276,342,0.85,-165.1,-0.1821,26.9,65,0.531,-113.1,-0.321,23.1,276,0.95,-42.3,-0.1461,27.9,-0.1749,0.394
s94_sweep_reversal,B3,q,0.7,TRAIN,against,258,55,203,258,0.542,-386.1,-0.5262,18.6,55,0.767,-38.6,-0.5591,18.2,203,0.487,-347.5,-0.5173,18.7,-0.0418,0.853
s94_sweep_reversal,B4,q,0.7,TRAIN,aligned,342,232,88,342,0.85,-165.1,-0.1821,26.9,232,0.663,-279.8,-0.3817,22.8,88,1.451,92.5,0.2944,37.5,-0.6761,0.001
s94_sweep_reversal,B4,q,0.7,TRAIN,against,258,50,186,258,0.542,-386.1,-0.5262,18.6,50,0.702,-40.8,-0.1116,28.0,186,0.565,-271.6,-0.5798,17.2,0.4682,0.031
s94_sweep_reversal,B5,q,0.7,TRAIN,aligned,342,282,60,342,0.85,-165.1,-0.1821,26.9,282,0.827,-166.9,-0.2481,25.2,60,1.013,1.8,0.1282,35.0,-0.3762,0.068
s94_sweep_reversal,B5,q,0.7,TRAIN,against,258,52,206,258,0.542,-386.1,-0.5262,18.6,52,0.436,-96.8,-0.7145,15.4,206,0.569,-289.3,-0.4787,19.4,-0.2358,0.245
s94_sweep_reversal,B6,q,0.7,TRAIN,aligned,342,39,296,342,0.85,-165.1,-0.1821,26.9,39,0.507,-79.2,-0.2603,23.1,296,0.908,-85.2,-0.1658,27.4,-0.0945,0.652
s94_sweep_reversal,B6,q,0.7,TRAIN,against,258,13,240,258,0.542,-386.1,-0.5262,18.6,13,0.419,-21.7,-0.7105,15.4,240,0.564,-341.2,-0.5061,19.2,-0.2044,0.355
s94_sweep_reversal,B1,q,0.7,TEST,aligned,380,239,114,380,0.716,-582.8,-0.1904,20.8,239,0.848,-197.7,-0.1317,22.2,114,0.469,-327.0,-0.221,19.3,0.0893,0.718
s94_sweep_reversal,B1,q,0.7,TEST,against,317,97,187,317,0.951,-70.6,-0.1542,24.6,97,1.034,15.1,0.0665,24.7,187,0.934,-57.1,-0.2682,25.1,0.3347,0.173
s94_sweep_reversal,B2,q,0.7,TEST,aligned,380,165,215,380,0.716,-582.8,-0.1904,20.8,165,0.649,-330.0,-0.0871,22.4,215,0.773,-252.8,-0.2697,19.5,0.1826,0.461
s94_sweep_reversal,B2,q,0.7,TEST,against,317,248,69,317,0.951,-70.6,-0.1542,24.6,248,0.856,-168.8,-0.154,25.0,69,1.363,98.2,-0.1548,23.2,0.0008,0.997
s94_sweep_reversal,B3,q,0.7,TEST,aligned,380,83,297,380,0.716,-582.8,-0.1904,20.8,83,1.385,145.0,0.1659,28.9,297,0.566,-727.8,-0.29,18.5,0.4559,0.056
s94_sweep_reversal,B3,q,0.7,TEST,against,317,67,250,317,0.951,-70.6,-0.1542,24.6,67,1.685,167.4,0.0157,34.3,250,0.801,-238.0,-0.1997,22.0,0.2155,0.365
s94_sweep_reversal,B4,q,0.7,TEST,aligned,380,248,101,380,0.716,-582.8,-0.1904,20.8,248,0.814,-249.5,-0.1707,21.4,101,0.706,-148.2,-0.0213,23.8,-0.1495,0.553
s94_sweep_reversal,B4,q,0.7,TEST,against,317,84,214,317,0.951,-70.6,-0.1542,24.6,84,0.793,-83.0,-0.2468,23.8,214,1.051,49.2,-0.0637,25.7,-0.1831,0.481
s94_sweep_reversal,B5,q,0.7,TEST,aligned,380,311,69,380,0.716,-582.8,-0.1904,20.8,311,0.829,-271.1,-0.1502,21.5,69,0.339,-311.7,-0.3717,17.4,0.2216,0.359
s94_sweep_reversal,B5,q,0.7,TEST,against,317,56,261,317,0.951,-70.6,-0.1542,24.6,56,0.885,-34.9,-0.1297,25.0,261,0.969,-35.7,-0.1594,24.5,0.0297,0.885
s94_sweep_reversal,B6,q,0.7,TEST,aligned,380,51,322,380,0.716,-582.8,-0.1904,20.8,51,1.616,155.1,0.3657,31.4,322,0.589,-729.2,-0.2671,19.3,0.6328,0.005
s94_sweep_reversal,B6,q,0.7,TEST,against,317,17,292,317,0.951,-70.6,-0.1542,24.6,17,0.753,-14.2,-0.0745,23.5,292,0.945,-73.9,-0.1635,24.3,0.0891,0.731
s11_m90_fade_ny,B1,mid,1.0,ALL,aligned,1148,687,350,1148,0.624,-873.6,-0.2997,33.4,687,0.612,-574.7,-0.3063,33.2,350,0.7,-182.9,-0.2858,35.7,-0.0205,0.804
s11_m90_fade_ny,B1,mid,1.0,ALL,against,651,200,380,651,0.598,-494.6,-0.3111,34.7,200,0.631,-130.0,-0.2824,32.5,380,0.572,-314.8,-0.3323,36.6,0.0499,0.641
s11_m90_fade_ny,B2,mid,1.0,ALL,aligned,1148,385,763,1148,0.624,-873.6,-0.2997,33.4,385,0.786,-165.1,-0.2805,35.6,763,0.543,-708.5,-0.3093,32.4,0.0289,0.72
s11_m90_fade_ny,B2,mid,1.0,ALL,against,651,452,199,651,0.598,-494.6,-0.3111,34.7,452,0.624,-326.0,-0.2895,35.6,199,0.534,-168.5,-0.3601,32.7,0.0706,0.483
s11_m90_fade_ny,B3,mid,1.0,ALL,aligned,1148,601,547,1148,0.624,-873.6,-0.2997,33.4,601,0.542,-475.5,-0.3136,31.1,547,0.691,-398.1,-0.2844,36.0,-0.0292,0.725
s11_m90_fade_ny,B3,mid,1.0,ALL,against,651,325,326,651,0.598,-494.6,-0.3111,34.7,325,0.539,-259.2,-0.3712,34.2,326,0.647,-235.4,-0.2511,35.3,-0.1201,0.252
s11_m90_fade_ny,B4,mid,1.0,ALL,aligned,1148,765,316,1148,0.624,-873.6,-0.2997,33.4,765,0.642,-570.6,-0.287,34.4,316,0.566,-274.5,-0.3479,33.5,0.0609,0.459
s11_m90_fade_ny,B4,mid,1.0,ALL,against,651,136,469,651,0.598,-494.6,-0.3111,34.7,136,0.543,-129.3,-0.3,36.8,469,0.675,-271.5,-0.2739,35.6,-0.0261,0.808
s11_m90_fade_ny,B5,mid,1.0,ALL,aligned,1148,1047,101,1148,0.624,-873.6,-0.2997,33.4,1047,0.629,-798.6,-0.291,33.8,101,0.567,-75.0,-0.3894,29.7,0.0984,0.204
s11_m90_fade_ny,B5,mid,1.0,ALL,against,651,195,456,651,0.598,-494.6,-0.3111,34.7,195,0.484,-196.3,-0.4424,29.2,456,0.649,-298.3,-0.2549,37.1,-0.1876,0.072
s11_m90_fade_ny,B6,mid,1.0,ALL,aligned,1148,373,716,1148,0.624,-873.6,-0.2997,33.4,373,0.511,-333.2,-0.3566,30.8,716,0.688,-480.1,-0.2666,35.5,-0.09,0.33
s11_m90_fade_ny,B6,mid,1.0,ALL,against,651,74,554,651,0.598,-494.6,-0.3111,34.7,74,0.286,-100.3,-0.6286,21.6,554,0.628,-383.2,-0.2641,36.8,-0.3646,0.0
s11_m90_fade_ny,B1,mid,1.0,TRAIN,aligned,675,372,235,675,0.572,-426.4,-0.2888,33.5,372,0.564,-247.1,-0.3011,32.5,235,0.643,-126.9,-0.2596,37.0,-0.0415,0.69
s11_m90_fade_ny,B1,mid,1.0,TRAIN,against,214,89,106,214,0.498,-160.9,-0.3536,32.2,89,0.57,-64.2,-0.2972,28.1,106,0.413,-94.5,-0.4443,33.0,0.1472,0.356
s11_m90_fade_ny,B2,mid,1.0,TRAIN,aligned,675,240,435,675,0.572,-426.4,-0.2888,33.5,240,0.574,-157.6,-0.3087,35.8,435,0.57,-268.8,-0.2779,32.2,-0.0308,0.752
s11_m90_fade_ny,B2,mid,1.0,TRAIN,against,214,153,61,214,0.498,-160.9,-0.3536,32.2,153,0.514,-115.7,-0.3806,32.0,61,0.454,-45.2,-0.2859,32.8,-0.0946,0.526
s11_m90_fade_ny,B3,mid,1.0,TRAIN,aligned,675,350,325,675,0.572,-426.4,-0.2888,33.5,350,0.525,-230.2,-0.3012,30.6,325,0.616,-196.2,-0.2755,36.6,-0.0257,0.785
s11_m90_fade_ny,B3,mid,1.0,TRAIN,against,214,116,98,214,0.498,-160.9,-0.3536,32.2,116,0.349,-113.3,-0.4515,31.9,98,0.676,-47.5,-0.2377,32.7,-0.2138,0.145
s11_m90_fade_ny,B4,mid,1.0,TRAIN,aligned,675,474,159,675,0.572,-426.4,-0.2888,33.5,474,0.549,-329.0,-0.3228,34.0,159,0.601,-89.8,-0.2386,34.6,-0.0841,0.4
s11_m90_fade_ny,B4,mid,1.0,TRAIN,against,214,36,168,214,0.498,-160.9,-0.3536,32.2,36,0.404,-33.1,-0.5082,30.6,168,0.552,-109.7,-0.3011,33.3,-0.2071,0.188
s11_m90_fade_ny,B5,mid,1.0,TRAIN,aligned,675,596,79,675,0.572,-426.4,-0.2888,33.5,596,0.61,-339.6,-0.261,34.6,79,0.301,-86.8,-0.499,25.3,0.238,0.011
s11_m90_fade_ny,B5,mid,1.0,TRAIN,against,214,71,143,214,0.498,-160.9,-0.3536,32.2,71,0.346,-68.2,-0.5391,22.5,143,0.572,-92.7,-0.2614,37.1,-0.2777,0.044
s11_m90_fade_ny,B6,mid,1.0,TRAIN,aligned,675,203,441,675,0.572,-426.4,-0.2888,33.5,203,0.541,-133.6,-0.3283,30.0,441,0.608,-260.8,-0.2588,35.8,-0.0695,0.568
s11_m90_fade_ny,B6,mid,1.0,TRAIN,against,214,40,171,214,0.498,-160.9,-0.3536,32.2,40,0.342,-47.5,-0.5428,22.5,171,0.547,-111.5,-0.3086,33.9,-0.2342,0.105
s11_m90_fade_ny,B1,mid,1.0,TEST,aligned,473,315,115,473,0.663,-447.2,-0.3151,33.4,315,0.642,-327.6,-0.3125,34.0,115,0.78,-56.0,-0.3392,33.0,0.0267,0.85
s11_m90_fade_ny,B1,mid,1.0,TEST,against,437,111,274,437,0.633,-333.7,-0.2902,35.9,111,0.675,-65.8,-0.2705,36.0,274,0.617,-220.2,-0.2889,38.0,0.0184,0.907
s11_m90_fade_ny,B2,mid,1.0,TEST,aligned,473,145,328,473,0.663,-447.2,-0.3151,33.4,145,0.981,-7.5,-0.2338,35.2,328,0.525,-439.7,-0.351,32.6,0.1172,0.362
s11_m90_fade_ny,B2,mid,1.0,TEST,against,437,299,138,437,0.633,-333.7,-0.2902,35.9,299,0.666,-210.3,-0.2429,37.5,138,0.558,-123.3,-0.3928,32.6,0.15,0.286
s11_m90_fade_ny,B3,mid,1.0,TEST,aligned,473,251,222,473,0.663,-447.2,-0.3151,33.4,251,0.556,-245.3,-0.3308,31.9,222,0.74,-201.9,-0.2974,35.1,-0.0334,0.806
s11_m90_fade_ny,B3,mid,1.0,TEST,against,437,209,228,437,0.633,-333.7,-0.2902,35.9,209,0.624,-145.8,-0.3267,35.4,228,0.639,-187.8,-0.2568,36.4,-0.0698,0.663
s11_m90_fade_ny,B4,mid,1.0,TEST,aligned,473,291,157,473,0.663,-447.2,-0.3151,33.4,291,0.721,-241.6,-0.2288,35.1,157,0.547,-184.7,-0.4586,32.5,0.2298,0.107
s11_m90_fade_ny,B4,mid,1.0,TEST,against,437,100,301,437,0.633,-333.7,-0.2902,35.9,100,0.576,-96.2,-0.2251,39.0,301,0.726,-161.8,-0.2588,36.9,0.0337,0.82
s11_m90_fade_ny,B5,mid,1.0,TEST,aligned,473,451,22,473,0.663,-447.2,-0.3151,33.4,451,0.641,-459.0,-0.3307,32.8,22,1.24,11.8,0.0041,45.5,-0.3348,0.011
s11_m90_fade_ny,B5,mid,1.0,TEST,against,437,124,313,437,0.633,-333.7,-0.2902,35.9,124,0.536,-128.1,-0.3871,33.1,313,0.675,-205.6,-0.2519,37.1,-0.1352,0.317
s11_m90_fade_ny,B6,mid,1.0,TEST,aligned,473,170,275,473,0.663,-447.2,-0.3151,33.4,170,0.488,-199.6,-0.3904,31.8,275,0.749,-219.3,-0.2792,34.9,-0.1112,0.455
s11_m90_fade_ny,B6,mid,1.0,TEST,against,437,34,383,437,0.633,-333.7,-0.2902,35.9,34,0.227,-52.8,-0.7296,20.6,383,0.654,-271.8,-0.2442,38.1,-0.4854,0.0
s11_m90_fade_ny,B1,q,0.7,ALL,aligned,1148,687,350,1148,0.654,-813.7,-0.2713,37.5,687,0.64,-534.5,-0.2823,37.7,350,0.765,-143.5,-0.2133,38.0,-0.069,0.43
s11_m90_fade_ny,B1,q,0.7,ALL,against,651,200,380,651,0.629,-460.0,-0.2789,37.0,200,0.682,-109.7,-0.2602,35.5,380,0.593,-308.2,-0.2935,38.9,0.0334,0.767
s11_m90_fade_ny,B2,q,0.7,ALL,aligned,1148,385,763,1148,0.654,-813.7,-0.2713,37.5,385,0.84,-127.3,-0.2389,39.5,763,0.559,-686.4,-0.2877,36.4,0.0488,0.562
s11_m90_fade_ny,B2,q,0.7,ALL,against,651,452,199,651,0.629,-460.0,-0.2789,37.0,452,0.713,-238.3,-0.2274,38.5,199,0.459,-221.7,-0.3959,33.7,0.1686,0.127
s11_m90_fade_ny,B3,q,0.7,ALL,aligned,1148,601,547,1148,0.654,-813.7,-0.2713,37.5,601,0.543,-481.2,-0.3068,35.6,547,0.744,-332.6,-0.2323,39.5,-0.0745,0.377
s11_m90_fade_ny,B3,q,0.7,ALL,against,651,325,326,651,0.629,-460.0,-0.2789,37.0,325,0.5,-309.7,-0.3865,35.4,326,0.757,-150.3,-0.1716,38.7,-0.2149,0.049
s11_m90_fade_ny,B4,q,0.7,ALL,aligned,1148,765,316,1148,0.654,-813.7,-0.2713,37.5,765,0.676,-517.5,-0.2468,39.9,316,0.541,-301.9,-0.373,32.6,0.1261,0.131
s11_m90_fade_ny,B4,q,0.7,ALL,against,651,136,469,651,0.629,-460.0,-0.2789,37.0,136,0.629,-98.9,-0.2386,38.2,469,0.691,-264.7,-0.2478,38.4,0.0093,0.937
s11_m90_fade_ny,B5,q,0.7,ALL,aligned,1148,1047,101,1148,0.654,-813.7,-0.2713,37.5,1047,0.659,-742.7,-0.2628,37.9,101,0.585,-71.0,-0.3593,32.7,0.0965,0.252
s11_m90_fade_ny,B5,q,0.7,ALL,against,651,195,456,651,0.629,-460.0,-0.2789,37.0,195,0.554,-160.3,-0.3917,32.8,456,0.659,-299.7,-0.2306,38.8,-0.1611,0.142
s11_m90_fade_ny,B6,q,0.7,ALL,aligned,1148,373,716,1148,0.654,-813.7,-0.2713,37.5,373,0.513,-331.9,-0.3501,37.5,716,0.739,-403.4,-0.2161,38.5,-0.1339,0.166
s11_m90_fade_ny,B6,q,0.7,ALL,against,651,74,554,651,0.629,-460.0,-0.2789,37.0,74,0.288,-103.8,-0.6527,24.3,554,0.667,-344.8,-0.2212,39.5,-0.4315,0.0
s11_m90_fade_ny,B1,q,0.7,TRAIN,aligned,675,372,235,675,0.562,-456.3,-0.295,37.3,372,0.563,-250.6,-0.3029,37.6,235,0.624,-143.5,-0.245,37.0,-0.0579,0.555
s11_m90_fade_ny,B1,q,0.7,TRAIN,against,214,89,106,214,0.546,-151.2,-0.3271,35.0,89,0.605,-60.2,-0.2888,33.7,106,0.485,-85.3,-0.3784,34.9,0.0897,0.604
s11_m90_fade_ny,B2,q,0.7,TRAIN,aligned,675,240,435,675,0.562,-456.3,-0.295,37.3,240,0.528,-188.8,-0.3426,38.3,435,0.583,-267.5,-0.2687,36.8,-0.0738,0.441
s11_m90_fade_ny,B2,q,0.7,TRAIN,against,214,153,61,214,0.546,-151.2,-0.3271,35.0,153,0.581,-100.5,-0.3254,34.6,61,0.458,-50.7,-0.3313,36.1,0.0059,0.981
s11_m90_fade_ny,B3,q,0.7,TRAIN,aligned,675,350,325,675,0.562,-456.3,-0.295,37.3,350,0.51,-246.5,-0.3099,35.4,325,0.61,-209.8,-0.2789,39.4,-0.031,0.782
s11_m90_fade_ny,B3,q,0.7,TRAIN,against,214,116,98,214,0.546,-151.2,-0.3271,35.0,116,0.364,-119.9,-0.4653,34.5,98,0.784,-31.2,-0.1634,35.7,-0.3019,0.074
s11_m90_fade_ny,B4,q,0.7,TRAIN,aligned,675,474,159,675,0.562,-456.3,-0.295,37.3,474,0.563,-323.5,-0.3099,39.2,159,0.514,-126.2,-0.3126,34.0,0.0027,0.977
s11_m90_fade_ny,B4,q,0.7,TRAIN,against,214,36,168,214,0.546,-151.2,-0.3271,35.0,36,0.441,-31.0,-0.5113,30.6,168,0.606,-100.8,-0.2672,36.9,-0.2441,0.149
s11_m90_fade_ny,B5,q,0.7,TRAIN,aligned,675,596,79,675,0.562,-456.3,-0.295,37.3,596,0.604,-363.0,-0.2647,38.8,79,0.254,-93.3,-0.5233,26.6,0.2586,0.007
s11_m90_fade_ny,B5,q,0.7,TRAIN,against,214,71,143,214,0.546,-151.2,-0.3271,35.0,71,0.381,-64.3,-0.5209,26.8,143,0.621,-86.9,-0.2309,39.2,-0.29,0.079
s11_m90_fade_ny,B6,q,0.7,TRAIN,aligned,675,203,441,675,0.562,-456.3,-0.295,37.3,203,0.524,-141.4,-0.3389,38.4,441,0.601,-279.1,-0.2576,37.9,-0.0813,0.471
s11_m90_fade_ny,B6,q,0.7,TRAIN,against,214,40,171,214,0.546,-151.2,-0.3271,35.0,40,0.337,-53.0,-0.6086,27.5,171,0.621,-94.2,-0.2516,36.8,-0.357,0.03
s11_m90_fade_ny,B1,q,0.7,TEST,aligned,473,315,115,473,0.727,-357.4,-0.2375,37.6,315,0.688,-283.9,-0.258,37.8,115,1.0,0.0,-0.1485,40.0,-0.1095,0.469
s11_m90_fade_ny,B1,q,0.7,TEST,against,437,111,274,437,0.659,-308.8,-0.2553,38.0,111,0.742,-49.6,-0.2372,36.9,274,0.623,-222.9,-0.2607,40.5,0.0235,0.879
s11_m90_fade_ny,B2,q,0.7,TEST,aligned,473,145,328,473,0.727,-357.4,-0.2375,37.6,145,1.156,61.5,-0.0672,41.4,328,0.542,-418.9,-0.3128,36.0,0.2456,0.08
s11_m90_fade_ny,B2,q,0.7,TEST,against,437,299,138,437,0.659,-308.8,-0.2553,38.0,299,0.766,-137.9,-0.1772,40.5,138,0.46,-171.0,-0.4245,32.6,0.2473,0.101
s11_m90_fade_ny,B3,q,0.7,TEST,aligned,473,251,222,473,0.727,-357.4,-0.2375,37.6,251,0.572,-234.7,-0.3025,35.9,222,0.838,-122.7,-0.1642,39.6,-0.1383,0.366
s11_m90_fade_ny,B3,q,0.7,TEST,against,437,209,228,437,0.659,-308.8,-0.2553,38.0,209,0.56,-189.7,-0.3428,35.9,228,0.749,-119.1,-0.1751,39.9,-0.1677,0.248
s11_m90_fade_ny,B4,q,0.7,TEST,aligned,473,291,157,473,0.727,-357.4,-0.2375,37.6,291,0.773,-194.0,-0.1441,40.9,157,0.559,-175.7,-0.4341,31.2,0.29,0.043
s11_m90_fade_ny,B4,q,0.7,TEST,against,437,100,301,437,0.659,-308.8,-0.2553,38.0,100,0.678,-67.8,-0.1404,41.0,301,0.728,-163.9,-0.237,39.2,0.0966,0.527
s11_m90_fade_ny,B5,q,0.7,TEST,aligned,473,451,22,473,0.727,-357.4,-0.2375,37.6,451,0.699,-379.7,-0.2603,36.8,22,1.483,22.2,0.2296,54.5,-0.4899,0.0
s11_m90_fade_ny,B5,q,0.7,TEST,against,437,124,313,437,0.659,-308.8,-0.2553,38.0,124,0.624,-96.1,-0.3178,36.3,313,0.673,-212.8,-0.2305,38.7,-0.0873,0.542
s11_m90_fade_ny,B6,q,0.7,TEST,aligned,473,170,275,473,0.727,-357.4,-0.2375,37.6,170,0.504,-190.4,-0.3634,36.5,275,0.853,-124.3,-0.1497,39.6,-0.2138,0.205
s11_m90_fade_ny,B6,q,0.7,TEST,against,437,34,383,437,0.659,-308.8,-0.2553,38.0,34,0.229,-50.8,-0.7046,20.6,383,0.681,-250.5,-0.2077,40.7,-0.4969,0.0
s10_90min_fade,B1,mid,1.0,ALL,aligned,4755,2789,1494,4755,0.537,-4438.7,-0.3692,32.0,2789,0.551,-2562.6,-0.3461,32.4,1494,0.499,-1476.7,-0.4097,31.4,0.0636,0.161
s10_90min_fade,B1,mid,1.0,ALL,against,4601,1335,2781,4601,0.487,-4582.2,-0.4271,30.7,1335,0.493,-1292.6,-0.4137,30.3,2781,0.497,-2729.1,-0.4255,31.3,0.0117,0.776
s10_90min_fade,B2,mid,1.0,ALL,aligned,4755,1604,3151,4755,0.537,-4438.7,-0.3692,32.0,1604,0.61,-1241.4,-0.3281,32.0,3151,0.501,-3197.3,-0.39,32.0,0.0619,0.152
s10_90min_fade,B2,mid,1.0,ALL,against,4601,3352,1249,4601,0.487,-4582.2,-0.4271,30.7,3352,0.477,-3462.9,-0.4353,30.5,1249,0.515,-1119.3,-0.405,31.1,-0.0303,0.459
s10_90min_fade,B3,mid,1.0,ALL,aligned,4755,2315,2440,4755,0.537,-4438.7,-0.3692,32.0,2315,0.521,-2074.4,-0.3797,32.0,2440,0.551,-2364.3,-0.3592,32.0,-0.0205,0.606
s10_90min_fade,B3,mid,1.0,ALL,against,4601,2037,2564,4601,0.487,-4582.2,-0.4271,30.7,2037,0.417,-2278.6,-0.4851,29.0,2564,0.541,-2303.6,-0.381,32.1,-0.104,0.01
s10_90min_fade,B4,mid,1.0,ALL,aligned,4755,3202,1177,4755,0.537,-4438.7,-0.3692,32.0,3202,0.539,-3022.7,-0.3614,32.1,1177,0.509,-1171.6,-0.4041,32.5,0.0427,0.365
s10_90min_fade,B4,mid,1.0,ALL,against,4601,1108,3150,4601,0.487,-4582.2,-0.4271,30.7,1108,0.451,-1179.9,-0.4299,31.9,3150,0.509,-2992.0,-0.4135,30.7,-0.0165,0.712
s10_90min_fade,B5,mid,1.0,ALL,aligned,4755,3966,789,4755,0.537,-4438.7,-0.3692,32.0,3966,0.513,-3954.3,-0.3844,31.5,789,0.67,-484.4,-0.2926,34.6,-0.0918,0.039
s10_90min_fade,B5,mid,1.0,ALL,against,4601,857,3744,4601,0.487,-4582.2,-0.4271,30.7,857,0.494,-840.3,-0.4691,30.1,3744,0.485,-3741.9,-0.4175,30.8,-0.0516,0.208
s10_90min_fade,B6,mid,1.0,ALL,aligned,4755,1333,3177,4755,0.537,-4438.7,-0.3692,32.0,1333,0.571,-1086.8,-0.353,32.8,3177,0.529,-3115.9,-0.3746,31.8,0.0216,0.63
s10_90min_fade,B6,mid,1.0,ALL,against,4601,504,3876,4601,0.487,-4582.2,-0.4271,30.7,504,0.426,-529.5,-0.4505,29.0,3876,0.503,-3733.1,-0.4137,31.2,-0.0368,0.38
s10_90min_fade,B1,mid,1.0,TRAIN,aligned,2391,1333,809,2391,0.426,-2324.0,-0.4258,29.6,1333,0.444,-1217.9,-0.4002,29.7,809,0.427,-816.2,-0.4303,30.5,0.0301,0.594
s10_90min_fade,B1,mid,1.0,TRAIN,against,2251,675,1315,2251,0.405,-2104.1,-0.4507,29.7,675,0.489,-559.6,-0.3725,31.6,1315,0.377,-1281.4,-0.485,29.2,0.1125,0.03
s10_90min_fade,B2,mid,1.0,TRAIN,aligned,2391,846,1545,2391,0.426,-2324.0,-0.4258,29.6,846,0.451,-834.8,-0.4349,28.7,1545,0.411,-1489.2,-0.4208,30.1,-0.014,0.812
s10_90min_fade,B2,mid,1.0,TRAIN,against,2251,1578,673,2251,0.405,-2104.1,-0.4507,29.7,1578,0.398,-1479.0,-0.4527,30.2,673,0.421,-625.2,-0.4461,28.5,-0.0065,0.907
s10_90min_fade,B3,mid,1.0,TRAIN,aligned,2391,1165,1226,2391,0.426,-2324.0,-0.4258,29.6,1165,0.397,-1110.8,-0.4438,28.8,1226,0.45,-1213.2,-0.4087,30.4,-0.0351,0.522
s10_90min_fade,B3,mid,1.0,TRAIN,against,2251,1019,1232,2251,0.405,-2104.1,-0.4507,29.7,1019,0.375,-1020.5,-0.4778,28.0,1232,0.431,-1083.6,-0.4283,31.1,-0.0495,0.325
s10_90min_fade,B4,mid,1.0,TRAIN,aligned,2391,1667,547,2391,0.426,-2324.0,-0.4258,29.6,1667,0.421,-1690.5,-0.4363,29.4,547,0.429,-498.9,-0.4274,30.9,-0.0089,0.872
s10_90min_fade,B4,mid,1.0,TRAIN,against,2251,499,1583,2251,0.405,-2104.1,-0.4507,29.7,499,0.412,-417.5,-0.434,30.7,1583,0.417,-1494.6,-0.4456,29.6,0.0116,0.835
s10_90min_fade,B5,mid,1.0,TRAIN,aligned,2391,2000,391,2391,0.426,-2324.0,-0.4258,29.6,2000,0.415,-2051.7,-0.4398,28.9,391,0.499,-272.3,-0.3542,33.2,-0.0856,0.097
s10_90min_fade,B5,mid,1.0,TRAIN,against,2251,446,1805,2251,0.405,-2104.1,-0.4507,29.7,446,0.305,-490.5,-0.5486,28.0,1805,0.43,-1613.6,-0.4265,30.1,-0.1221,0.011
s10_90min_fade,B6,mid,1.0,TRAIN,aligned,2391,646,1612,2391,0.426,-2324.0,-0.4258,29.6,646,0.455,-536.2,-0.3887,30.3,1612,0.438,-1582.1,-0.4186,30.1,0.0299,0.584
s10_90min_fade,B6,mid,1.0,TRAIN,against,2251,277,1855,2251,0.405,-2104.1,-0.4507,29.7,277,0.533,-203.6,-0.3584,31.4,1855,0.399,-1739.9,-0.4552,29.7,0.0968,0.077
s10_90min_fade,B1,mid,1.0,TEST,aligned,2364,1456,685,2364,0.619,-2114.7,-0.3119,34.4,1456,0.618,-1344.7,-0.2966,34.8,685,0.567,-660.5,-0.3854,32.4,0.0888,0.22
s10_90min_fade,B1,mid,1.0,TEST,against,2350,660,1466,2350,0.541,-2478.1,-0.4045,31.7,660,0.497,-733.0,-0.4559,29.1,1466,0.571,-1447.7,-0.3721,33.2,-0.0839,0.175
s10_90min_fade,B2,mid,1.0,TEST,aligned,2364,758,1606,2364,0.619,-2114.7,-0.3119,34.4,758,0.755,-406.7,-0.209,35.8,1606,0.56,-1708.0,-0.3604,33.8,0.1514,0.031
s10_90min_fade,B2,mid,1.0,TEST,against,2350,1774,576,2350,0.541,-2478.1,-0.4045,31.7,1774,0.524,-1984.0,-0.4199,30.9,576,0.598,-494.1,-0.357,34.2,-0.0629,0.294
s10_90min_fade,B3,mid,1.0,TEST,aligned,2364,1150,1214,2364,0.619,-2114.7,-0.3119,34.4,1150,0.613,-963.7,-0.3147,35.2,1214,0.623,-1151.0,-0.3091,33.7,-0.0056,0.933
s10_90min_fade,B3,mid,1.0,TEST,against,2350,1018,1332,2350,0.541,-2478.1,-0.4045,31.7,1018,0.448,-1258.1,-0.4923,30.0,1332,0.609,-1220.0,-0.3373,33.0,-0.155,0.013
s10_90min_fade,B4,mid,1.0,TEST,aligned,2364,1535,630,2364,0.619,-2114.7,-0.3119,34.4,1535,0.633,-1332.2,-0.28,35.0,630,0.555,-672.6,-0.3839,33.8,0.1039,0.164
s10_90min_fade,B4,mid,1.0,TEST,against,2350,609,1567,2350,0.541,-2478.1,-0.4045,31.7,609,0.469,-762.5,-0.4266,33.0,1567,0.576,-1497.4,-0.381,31.8,-0.0456,0.465
s10_90min_fade,B5,mid,1.0,TEST,aligned,2364,1966,398,2364,0.619,-2114.7,-0.3119,34.4,1966,0.588,-1902.5,-0.328,34.1,398,0.771,-212.2,-0.2321,35.9,-0.0959,0.178
s10_90min_fade,B5,mid,1.0,TEST,against,2350,411,1939,2350,0.541,-2478.1,-0.4045,31.7,411,0.634,-349.8,-0.3828,32.4,1939,0.521,-2128.3,-0.4091,31.6,0.0262,0.692
s10_90min_fade,B6,mid,1.0,TEST,aligned,2364,687,1565,2364,0.619,-2114.7,-0.3119,34.4,687,0.644,-550.5,-0.3194,35.1,1565,0.597,-1533.8,-0.3293,33.5,0.0098,0.871
s10_90min_fade,B6,mid,1.0,TEST,against,2350,227,2021,2350,0.541,-2478.1,-0.4045,31.7,227,0.33,-325.9,-0.5628,26.0,2021,0.568,-1993.2,-0.3756,32.6,-0.1872,0.0
s10_90min_fade,B1,q,0.7,ALL,aligned,4722,2781,1469,4722,0.56,-4155.0,-0.3403,35.4,2781,0.558,-2519.7,-0.3288,35.6,1469,0.551,-1259.3,-0.3553,35.1,0.0265,0.574
s10_90min_fade,B1,q,0.7,ALL,against,4572,1321,2766,4572,0.503,-4397.0,-0.3997,33.0,1321,0.505,-1238.9,-0.3859,32.8,2766,0.518,-2607.9,-0.3988,33.4,0.013,0.761
s10_90min_fade,B2,q,0.7,ALL,aligned,4722,1596,3126,4722,0.56,-4155.0,-0.3403,35.4,1596,0.661,-1051.5,-0.2764,36.2,3126,0.51,-3103.5,-0.3729,35.0,0.0965,0.024
s10_90min_fade,B2,q,0.7,ALL,against,4572,3338,1234,4572,0.503,-4397.0,-0.3997,33.0,3338,0.503,-3222.9,-0.4073,32.5,1234,0.506,-1174.1,-0.379,34.5,-0.0284,0.524
s10_90min_fade,B3,q,0.7,ALL,aligned,4722,2290,2432,4722,0.56,-4155.0,-0.3403,35.4,2290,0.536,-1990.5,-0.3579,36.1,2432,0.58,-2164.4,-0.3236,34.7,-0.0343,0.434
s10_90min_fade,B3,q,0.7,ALL,against,4572,2022,2550,4572,0.503,-4397.0,-0.3997,33.0,2022,0.42,-2293.7,-0.4628,32.0,2550,0.571,-2103.3,-0.3497,33.8,-0.1131,0.004
s10_90min_fade,B4,q,0.7,ALL,aligned,4722,3169,1177,4722,0.56,-4155.0,-0.3403,35.4,3169,0.56,-2824.8,-0.3296,36.1,1177,0.517,-1156.3,-0.3921,33.9,0.0625,0.167
s10_90min_fade,B4,q,0.7,ALL,against,4572,1108,3121,4572,0.503,-4397.0,-0.3997,33.0,1108,0.466,-1130.0,-0.4053,33.8,3121,0.52,-2917.3,-0.39,33.0,-0.0153,0.7
s10_90min_fade,B5,q,0.7,ALL,aligned,4722,3933,789,4722,0.56,-4155.0,-0.3403,35.4,3933,0.547,-3597.4,-0.3512,34.9,789,0.628,-557.6,-0.2856,37.6,-0.0657,0.132
s10_90min_fade,B5,q,0.7,ALL,against,4572,857,3715,4572,0.503,-4397.0,-0.3997,33.0,857,0.519,-781.2,-0.4362,32.1,3715,0.5,-3615.8,-0.3913,33.3,-0.045,0.268
s10_90min_fade,B6,q,0.7,ALL,aligned,4722,1333,3144,4722,0.56,-4155.0,-0.3403,35.4,1333,0.564,-1119.9,-0.3433,37.3,3144,0.565,-2792.9,-0.3346,34.8,-0.0087,0.848
s10_90min_fade,B6,q,0.7,ALL,against,4572,504,3847,4572,0.503,-4397.0,-0.3997,33.0,504,0.431,-521.9,-0.4106,33.5,3847,0.524,-3538.4,-0.3871,33.3,-0.0235,0.552
s10_90min_fade,B1,q,0.7,TRAIN,aligned,2391,1333,809,2391,0.446,-2208.3,-0.4069,34.0,1333,0.451,-1204.0,-0.3983,34.1,809,0.467,-729.5,-0.3839,34.7,-0.0144,0.79
s10_90min_fade,B1,q,0.7,TRAIN,against,2251,675,1315,2251,0.422,-2064.1,-0.4293,33.1,675,0.51,-531.1,-0.3293,35.7,1315,0.396,-1262.5,-0.4708,31.7,0.1415,0.014
s10_90min_fade,B2,q,0.7,TRAIN,aligned,2391,846,1545,2391,0.446,-2208.3,-0.4069,34.0,846,0.488,-750.8,-0.3899,34.2,1545,0.422,-1457.5,-0.4162,34.0,0.0263,0.603
s10_90min_fade,B2,q,0.7,TRAIN,against,2251,1578,673,2251,0.422,-2064.1,-0.4293,33.1,1578,0.412,-1460.7,-0.4396,32.8,673,0.444,-603.4,-0.4052,33.7,-0.0344,0.512
s10_90min_fade,B3,q,0.7,TRAIN,aligned,2391,1165,1226,2391,0.446,-2208.3,-0.4069,34.0,1165,0.413,-1074.3,-0.43,33.9,1226,0.474,-1134.0,-0.385,34.2,-0.045,0.376
s10_90min_fade,B3,q,0.7,TRAIN,against,2251,1019,1232,2251,0.422,-2064.1,-0.4293,33.1,1019,0.372,-1057.1,-0.4737,32.1,1232,0.467,-1007.0,-0.3925,33.9,-0.0812,0.104
s10_90min_fade,B4,q,0.7,TRAIN,aligned,2391,1667,547,2391,0.446,-2208.3,-0.4069,34.0,1667,0.448,-1573.3,-0.4069,34.6,547,0.435,-503.8,-0.4338,32.7,0.0269,0.594
s10_90min_fade,B4,q,0.7,TRAIN,against,2251,499,1583,2251,0.422,-2064.1,-0.4293,33.1,499,0.467,-364.1,-0.3778,35.7,1583,0.421,-1524.0,-0.4374,32.1,0.0596,0.269
s10_90min_fade,B5,q,0.7,TRAIN,aligned,2391,2000,391,2391,0.446,-2208.3,-0.4069,34.0,2000,0.443,-1913.8,-0.4109,33.2,391,0.465,-294.5,-0.3864,38.1,-0.0246,0.636
s10_90min_fade,B5,q,0.7,TRAIN,against,2251,446,1805,2251,0.422,-2064.1,-0.4293,33.1,446,0.34,-456.5,-0.5062,31.2,1805,0.442,-1607.7,-0.4103,33.6,-0.096,0.062
s10_90min_fade,B6,q,0.7,TRAIN,aligned,2391,646,1612,2391,0.446,-2208.3,-0.4069,34.0,646,0.473,-522.1,-0.3799,36.5,1612,0.46,-1484.9,-0.3947,33.8,0.0148,0.79
s10_90min_fade,B6,q,0.7,TRAIN,against,2251,277,1855,2251,0.422,-2064.1,-0.4293,33.1,277,0.544,-199.8,-0.2964,37.9,1855,0.419,-1700.4,-0.4389,32.6,0.1425,0.006
s10_90min_fade,B1,q,0.7,TEST,aligned,2331,1448,660,2331,0.643,-1946.6,-0.2719,36.8,1448,0.625,-1315.7,-0.2648,36.9,660,0.631,-529.7,-0.3202,35.6,0.0554,0.46
s10_90min_fade,B1,q,0.7,TEST,against,2321,646,1451,2321,0.559,-2332.8,-0.371,33.0,646,0.501,-707.8,-0.445,29.7,1451,0.594,-1345.4,-0.3336,35.0,-0.1114,0.1
s10_90min_fade,B2,q,0.7,TEST,aligned,2331,750,1581,2331,0.643,-1946.6,-0.2719,36.8,750,0.816,-300.6,-0.1483,38.4,1581,0.569,-1646.0,-0.3305,36.0,0.1822,0.008
s10_90min_fade,B2,q,0.7,TEST,against,2321,1760,561,2321,0.559,-2332.8,-0.371,33.0,1760,0.559,-1762.1,-0.3784,32.2,561,0.558,-570.7,-0.3476,35.5,-0.0309,0.648
s10_90min_fade,B3,q,0.7,TEST,aligned,2331,1125,1206,2331,0.643,-1946.6,-0.2719,36.8,1125,0.627,-916.2,-0.2833,38.3,1206,0.656,-1030.4,-0.2612,35.3,-0.0221,0.751
s10_90min_fade,B3,q,0.7,TEST,against,2321,1003,1318,2321,0.559,-2332.8,-0.371,33.0,1003,0.455,-1236.5,-0.4516,32.0,1318,0.636,-1096.3,-0.3096,33.8,-0.1421,0.021
s10_90min_fade,B4,q,0.7,TEST,aligned,2331,1502,630,2331,0.643,-1946.6,-0.2719,36.8,1502,0.649,-1251.5,-0.2438,37.9,630,0.565,-652.4,-0.3558,34.9,0.112,0.134
s10_90min_fade,B4,q,0.7,TEST,against,2321,609,1538,2321,0.559,-2332.8,-0.371,33.0,609,0.466,-765.8,-0.4279,32.2,1538,0.596,-1393.2,-0.3412,33.9,-0.0867,0.177
s10_90min_fade,B5,q,0.7,TEST,aligned,2331,1933,398,2331,0.643,-1946.6,-0.2719,36.8,1933,0.626,-1683.5,-0.2895,36.7,398,0.723,-263.1,-0.1866,37.2,-0.1029,0.145
s10_90min_fade,B5,q,0.7,TEST,against,2321,411,1910,2321,0.559,-2332.8,-0.371,33.0,411,0.651,-324.8,-0.3603,33.1,1910,0.539,-2008.1,-0.3733,33.0,0.013,0.838
s10_90min_fade,B6,q,0.7,TEST,aligned,2331,687,1532,2331,0.643,-1946.6,-0.2719,36.8,687,0.621,-597.7,-0.3089,38.0,1532,0.643,-1308.0,-0.2713,35.8,-0.0376,0.59
s10_90min_fade,B6,q,0.7,TEST,against,2321,227,1992,2321,0.559,-2332.8,-0.371,33.0,227,0.328,-322.1,-0.5499,28.2,1992,0.592,-1838.0,-0.3389,34.0,-0.2111,0.0
s98_zscore_mr_m15,B1,mid,1.0,ALL,aligned,17,6,10,17,0.411,-70.9,-0.616,17.6,6,0.717,-9.5,-0.2442,33.3,10,0.0,-86.7,-1.1628,0.0,0.9186,0.02
s98_zscore_mr_m15,B1,mid,1.0,ALL,against,22,7,14,22,0.269,-210.1,-0.1618,31.8,7,0.844,-5.6,-0.451,28.6,14,0.193,-196.9,0.0535,35.7,-0.5045,0.407
s98_zscore_mr_m15,B2,mid,1.0,ALL,aligned,17,9,8,17,0.411,-70.9,-0.616,17.6,9,0.57,-31.7,-0.4016,22.2,8,0.161,-39.2,-0.8571,12.5,0.4554,0.513
s98_zscore_mr_m15,B2,mid,1.0,ALL,against,22,19,3,22,0.269,-210.1,-0.1618,31.8,19,0.158,-242.0,-0.419,21.1,3,inf,31.9,1.4667,100.0,-1.8857,0.001
s98_zscore_mr_m15,B3,mid,1.0,ALL,aligned,17,0,17,17,0.411,-70.9,-0.616,17.6,0,,0.0,,,17,0.411,-70.9,-0.616,17.6,,
s98_zscore_mr_m15,B3,mid,1.0,ALL,against,22,0,22,22,0.269,-210.1,-0.1618,31.8,0,,0.0,,,22,0.269,-210.1,-0.1618,31.8,,
s98_zscore_mr_m15,B4,mid,1.0,ALL,aligned,17,11,3,17,0.411,-70.9,-0.616,17.6,11,0.258,-72.9,-0.823,9.1,3,0.0,-17.3,-1.1537,0.0,0.3308,0.905
s98_zscore_mr_m15,B4,mid,1.0,ALL,against,22,6,14,22,0.269,-210.1,-0.1618,31.8,6,1.457,12.5,0.6239,50.0,14,0.081,-239.0,-0.7301,14.3,1.354,0.015
s98_zscore_mr_m15,B5,mid,1.0,ALL,aligned,17,13,4,17,0.411,-70.9,-0.616,17.6,13,0.4,-62.9,-0.6875,15.4,4,0.483,-8.0,-0.3834,25.0,-0.3041,0.62
s98_zscore_mr_m15,B5,mid,1.0,ALL,against,22,6,16,22,0.269,-210.1,-0.1618,31.8,6,0.215,-131.0,0.1334,50.0,16,0.344,-79.1,-0.2725,25.0,0.4059,0.497
s98_zscore_mr_m15,B6,mid,1.0,ALL,aligned,17,0,17,17,0.411,-70.9,-0.616,17.6,0,,0.0,,,17,0.411,-70.9,-0.616,17.6,,
s98_zscore_mr_m15,B6,mid,1.0,ALL,against,22,0,22,22,0.269,-210.1,-0.1618,31.8,0,,0.0,,,22,0.269,-210.1,-0.1618,31.8,,
s98_zscore_mr_m15,B1,mid,1.0,TRAIN,aligned,11,3,7,11,0.852,-8.6,-0.414,27.3,3,6.006,20.1,0.3805,66.7,7,0.0,-54.0,-1.1882,0.0,1.5688,0.015
s98_zscore_mr_m15,B1,mid,1.0,TRAIN,against,12,3,8,12,0.427,-29.7,-0.4323,25.0,3,0.0,-12.1,-1.3462,0.0,8,0.688,-10.0,0.0004,37.5,-1.3466,0.0803
s98_zscore_mr_m15,B2,mid,1.0,TRAIN,aligned,11,6,5,11,0.852,-8.6,-0.414,27.3,6,1.023,1.0,-0.0507,33.3,5,0.44,-9.5,-0.85,20.0,0.7992,0.4234
s98_zscore_mr_m15,B2,mid,1.0,TRAIN,against,12,11,1,12,0.427,-29.7,-0.4323,25.0,11,0.22,-40.4,-0.6271,18.2,1,inf,10.8,1.7107,100.0,-2.3377,0.001
s98_zscore_mr_m15,B3,mid,1.0,TRAIN,aligned,11,0,11,11,0.852,-8.6,-0.414,27.3,0,,0.0,,,11,0.852,-8.6,-0.414,27.3,,
s98_zscore_mr_m15,B3,mid,1.0,TRAIN,against,12,0,12,12,0.427,-29.7,-0.4323,25.0,0,,0.0,,,12,0.427,-29.7,-0.4323,25.0,,
s98_zscore_mr_m15,B4,mid,1.0,TRAIN,aligned,11,6,3,11,0.852,-8.6,-0.414,27.3,6,0.621,-15.4,-0.5942,16.7,3,0.0,-17.3,-1.1537,0.0,0.5595,0.8407
s98_zscore_mr_m15,B4,mid,1.0,TRAIN,against,12,3,7,12,0.427,-29.7,-0.4323,25.0,3,0.359,-10.4,-0.1692,33.3,7,0.0,-35.6,-1.0852,0.0,0.9159,0.1081
s98_zscore_mr_m15,B5,mid,1.0,TRAIN,aligned,11,8,3,11,0.852,-8.6,-0.414,27.3,8,0.885,-5.4,-0.4313,25.0,3,0.705,-3.2,-0.368,33.3,-0.0633,0.958
s98_zscore_mr_m15,B5,mid,1.0,TRAIN,against,12,3,9,12,0.427,-29.7,-0.4323,25.0,3,0.472,-6.2,-0.4192,33.3,9,0.414,-23.4,-0.4366,22.2,0.0174,0.977
s98_zscore_mr_m15,B6,mid,1.0,TRAIN,aligned,11,0,11,11,0.852,-8.6,-0.414,27.3,0,,0.0,,,11,0.852,-8.6,-0.414,27.3,,
s98_zscore_mr_m15,B6,mid,1.0,TRAIN,against,12,0,12,12,0.427,-29.7,-0.4323,25.0,0,,0.0,,,12,0.427,-29.7,-0.4323,25.0,,
s98_zscore_mr_m15,B1,mid,1.0,TEST,aligned,6,3,3,6,0.0,-62.3,-0.9862,0.0,3,0.0,-29.7,-0.869,0.0,3,0.0,-32.6,-1.1034,0.0,0.2345,0.3869
s98_zscore_mr_m15,B1,mid,1.0,TEST,against,10,4,6,10,0.234,-180.4,0.1627,40.0,4,1.27,6.5,0.2204,50.0,6,0.118,-186.9,0.1242,33.3,0.0962,0.8454
s98_zscore_mr_m15,B2,mid,1.0,TEST,aligned,6,3,3,6,0.0,-62.3,-0.9862,0.0,3,0.0,-32.6,-1.1034,0.0,3,0.0,-29.7,-0.869,0.0,-0.2345,0.4069
s98_zscore_mr_m15,B2,mid,1.0,TEST,against,10,8,2,10,0.234,-180.4,0.1627,40.0,8,0.145,-201.6,-0.1329,25.0,2,inf,21.1,1.3447,100.0,-1.4776,0.1727
s98_zscore_mr_m15,B3,mid,1.0,TEST,aligned,6,0,6,6,0.0,-62.3,-0.9862,0.0,0,,0.0,,,6,0.0,-62.3,-0.9862,0.0,,
s98_zscore_mr_m15,B3,mid,1.0,TEST,against,10,0,10,10,0.234,-180.4,0.1627,40.0,0,,0.0,,,10,0.234,-180.4,0.1627,40.0,,
s98_zscore_mr_m15,B4,mid,1.0,TEST,aligned,6,5,0,6,0.0,-62.3,-0.9862,0.0,5,0.0,-57.4,-1.0975,0.0,0,,0.0,,,,
s98_zscore_mr_m15,B4,mid,1.0,TEST,against,10,3,7,10,0.234,-180.4,0.1627,40.0,3,3.046,22.9,1.4171,66.7,7,0.094,-203.4,-0.375,28.6,1.7921,0.0461
s98_zscore_mr_m15,B5,mid,1.0,TEST,aligned,6,5,1,6,0.0,-62.3,-0.9862,0.0,5,0.0,-57.4,-1.0975,0.0,1,0.0,-4.9,-0.4299,0.0,-0.6676,0.0
s98_zscore_mr_m15,B5,mid,1.0,TEST,against,10,3,7,10,0.234,-180.4,0.1627,40.0,3,0.196,-124.8,0.6859,66.7,7,0.309,-55.7,-0.0616,28.6,0.7475,0.4514
s98_zscore_mr_m15,B6,mid,1.0,TEST,aligned,6,0,6,6,0.0,-62.3,-0.9862,0.0,0,,0.0,,,6,0.0,-62.3,-0.9862,0.0,,
s98_zscore_mr_m15,B6,mid,1.0,TEST,against,10,0,10,10,0.234,-180.4,0.1627,40.0,0,,0.0,,,10,0.234,-180.4,0.1627,40.0,,
s98_zscore_mr_m15,B1,q,0.7,ALL,aligned,17,6,10,17,0.448,-62.1,-0.5457,17.6,6,0.84,-4.7,-0.1582,33.3,10,0.0,-83.0,-1.0981,0.0,0.94,0.014
s98_zscore_mr_m15,B1,q,0.7,ALL,against,22,7,14,22,0.256,-213.6,-0.2518,27.3,7,0.898,-3.5,-0.3894,28.6,14,0.173,-202.8,-0.1219,28.6,-0.2676,0.684
s98_zscore_mr_m15,B2,q,0.7,ALL,aligned,17,9,8,17,0.448,-62.1,-0.5457,17.6,9,0.601,-28.3,-0.3604,22.2,8,0.188,-33.8,-0.7542,12.5,0.3938,0.524
s98_zscore_mr_m15,B2,q,0.7,ALL,against,22,19,3,22,0.256,-213.6,-0.2518,27.3,19,0.141,-246.4,-0.5296,15.8,3,inf,32.8,1.508,100.0,-2.0376,0.0
s98_zscore_mr_m15,B3,q,0.7,ALL,aligned,17,0,17,17,0.448,-62.1,-0.5457,17.6,0,,0.0,,,17,0.448,-62.1,-0.5457,17.6,,
s98_zscore_mr_m15,B3,q,0.7,ALL,against,22,0,22,22,0.256,-213.6,-0.2518,27.3,0,,0.0,,,22,0.256,-213.6,-0.2518,27.3,,
s98_zscore_mr_m15,B4,q,0.7,ALL,aligned,17,11,3,17,0.448,-62.1,-0.5457,17.6,11,0.269,-69.6,-0.7745,9.1,3,0.0,-15.7,-1.0549,0.0,0.2804,0.962
s98_zscore_mr_m15,B4,q,0.7,ALL,against,22,6,14,22,0.256,-213.6,-0.2518,27.3,6,1.139,4.2,0.1616,33.3,14,0.085,-234.7,-0.6813,14.3,0.8429,0.154
s98_zscore_mr_m15,B5,q,0.7,ALL,aligned,17,13,4,17,0.448,-62.1,-0.5457,17.6,13,0.419,-59.0,-0.6406,15.4,4,0.716,-3.1,-0.2373,25.0,-0.4033,0.542
s98_zscore_mr_m15,B5,q,0.7,ALL,against,22,6,16,22,0.256,-213.6,-0.2518,27.3,6,0.222,-129.2,0.1785,50.0,16,0.302,-84.4,-0.4131,18.8,0.5915,0.312
s98_zscore_mr_m15,B6,q,0.7,ALL,aligned,17,0,17,17,0.448,-62.1,-0.5457,17.6,0,,0.0,,,17,0.448,-62.1,-0.5457,17.6,,
s98_zscore_mr_m15,B6,q,0.7,ALL,against,22,0,22,22,0.256,-213.6,-0.2518,27.3,0,,0.0,,,22,0.256,-213.6,-0.2518,27.3,,
s98_zscore_mr_m15,B1,q,0.7,TRAIN,aligned,11,3,7,11,0.916,-4.6,-0.3455,27.3,3,6.651,21.0,0.4371,66.7,7,0.0,-51.3,-1.1092,0.0,1.5462,0.011
s98_zscore_mr_m15,B1,q,0.7,TRAIN,against,12,3,8,12,0.319,-36.1,-0.6222,16.7,3,0.0,-11.2,-1.2423,0.0,8,0.489,-17.7,-0.3291,25.0,-0.9132,0.2224
s98_zscore_mr_m15,B2,q,0.7,TRAIN,aligned,11,6,5,11,0.916,-4.6,-0.3455,27.3,6,1.088,3.4,-0.0044,33.3,5,0.493,-8.0,-0.7547,20.0,0.7503,0.4384
s98_zscore_mr_m15,B2,q,0.7,TRAIN,against,12,11,1,12,0.319,-36.1,-0.6222,16.7,11,0.11,-47.2,-0.8386,9.1,1,inf,11.1,1.7583,100.0,-2.597,0.001
s98_zscore_mr_m15,B3,q,0.7,TRAIN,aligned,11,0,11,11,0.916,-4.6,-0.3455,27.3,0,,0.0,,,11,0.916,-4.6,-0.3455,27.3,,
s98_zscore_mr_m15,B3,q,0.7,TRAIN,against,12,0,12,12,0.319,-36.1,-0.6222,16.7,0,,0.0,,,12,0.319,-36.1,-0.6222,16.7,,
s98_zscore_mr_m15,B4,q,0.7,TRAIN,aligned,11,6,3,11,0.916,-4.6,-0.3455,27.3,6,0.652,-13.6,-0.5297,16.7,3,0.0,-15.7,-1.0549,0.0,0.5252,0.8593
s98_zscore_mr_m15,B4,q,0.7,TRAIN,against,12,3,7,12,0.319,-36.1,-0.6222,16.7,3,0.0,-19.6,-1.1373,0.0,7,0.0,-33.5,-1.012,0.0,-0.1254,0.9018
s98_zscore_mr_m15,B5,q,0.7,TRAIN,aligned,11,8,3,11,0.916,-4.6,-0.3455,27.3,8,0.933,-3.0,-0.3734,25.0,3,0.834,-1.6,-0.271,33.3,-0.1024,0.9219
s98_zscore_mr_m15,B5,q,0.7,TRAIN,against,12,3,9,12,0.319,-36.1,-0.6222,16.7,3,0.524,-5.3,-0.3511,33.3,9,0.264,-30.8,-0.7125,11.1,0.3614,0.56
s98_zscore_mr_m15,B6,q,0.7,TRAIN,aligned,11,0,11,11,0.916,-4.6,-0.3455,27.3,0,,0.0,,,11,0.916,-4.6,-0.3455,27.3,,
s98_zscore_mr_m15,B6,q,0.7,TRAIN,against,12,0,12,12,0.319,-36.1,-0.6222,16.7,0,,0.0,,,12,0.319,-36.1,-0.6222,16.7,,
s98_zscore_mr_m15,B1,q,0.7,TEST,aligned,6,3,3,6,0.0,-57.5,-0.9129,0.0,3,0.0,-25.8,-0.7534,0.0,3,0.0,-31.7,-1.0724,0.0,0.319,0.4194
s98_zscore_mr_m15,B1,q,0.7,TEST,against,10,4,6,10,0.241,-177.5,0.1928,40.0,4,1.328,7.6,0.2502,50.0,6,0.121,-185.1,0.1545,33.3,0.0957,0.8343
s98_zscore_mr_m15,B2,q,0.7,TEST,aligned,6,3,3,6,0.0,-57.5,-0.9129,0.0,3,0.0,-31.7,-1.0724,0.0,3,0.0,-25.8,-0.7534,0.0,-0.319,0.4233
s98_zscore_mr_m15,B2,q,0.7,TEST,against,10,8,2,10,0.241,-177.5,0.1928,40.0,8,0.148,-199.2,-0.1048,25.0,2,inf,21.7,1.3829,100.0,-1.4876,0.1427
s98_zscore_mr_m15,B3,q,0.7,TEST,aligned,6,0,6,6,0.0,-57.5,-0.9129,0.0,0,,0.0,,,6,0.0,-57.5,-0.9129,0.0,,
s98_zscore_mr_m15,B3,q,0.7,TEST,against,10,0,10,10,0.241,-177.5,0.1928,40.0,0,,0.0,,,10,0.241,-177.5,0.1928,40.0,,
s98_zscore_mr_m15,B4,q,0.7,TEST,aligned,6,5,0,6,0.0,-57.5,-0.9129,0.0,5,0.0,-55.9,-1.0682,0.0,0,,0.0,,,,
s98_zscore_mr_m15,B4,q,0.7,TEST,against,10,3,7,10,0.241,-177.5,0.1928,40.0,3,3.185,23.8,1.4606,66.7,7,0.097,-201.3,-0.3506,28.6,1.8112,0.0432
s98_zscore_mr_m15,B5,q,0.7,TEST,aligned,6,5,1,6,0.0,-57.5,-0.9129,0.0,5,0.0,-55.9,-1.0682,0.0,1,0.0,-1.5,-0.1362,0.0,-0.932,0.0629
s98_zscore_mr_m15,B5,q,0.7,TEST,against,10,3,7,10,0.241,-177.5,0.1928,40.0,3,0.2,-123.9,0.708,66.7,7,0.322,-53.6,-0.0281,28.6,0.7361,0.4287
s98_zscore_mr_m15,B6,q,0.7,TEST,aligned,6,0,6,6,0.0,-57.5,-0.9129,0.0,0,,0.0,,,6,0.0,-57.5,-0.9129,0.0,,
s98_zscore_mr_m15,B6,q,0.7,TEST,against,10,0,10,10,0.241,-177.5,0.1928,40.0,0,,0.0,,,10,0.241,-177.5,0.1928,40.0,,
